date,value
1986-01-02,2.340000
1986-01-03,2.300000
1986-01-06,2.290000
1986-01-07,2.350000
1986-01-08,2.210000
1986-01-09,2.160000
1986-01-10,2.060000
1986-01-13,2.030000
1986-01-14,2.030000
1986-01-15,2.200000
1986-01-16,2.170000
1986-01-17,2.200000
1986-01-21,2.240000
1986-01-22,2.230000
1986-01-23,2.290000
1986-01-24,2.260000
1986-01-27,2.350000
1986-01-28,2.410000
1986-01-29,2.340000
1986-01-30,2.320000
1986-01-31,2.290000
1986-02-03,2.300000
1986-02-04,2.290000
1986-02-05,2.280000
1986-02-06,2.250000
1986-02-07,2.220000
1986-02-10,2.300000
1986-02-11,2.350000
1986-02-12,2.360000
1986-02-13,2.380000
1986-02-14,2.470000
1986-02-18,2.490000
1986-02-19,2.430000
1986-02-20,2.440000
1986-02-21,2.540000
1986-02-24,2.560000
1986-02-25,2.540000
1986-02-26,2.510000
1986-02-27,2.560000
1986-02-28,2.490000
1986-03-03,2.570000
1986-03-04,2.600000
1986-03-05,2.480000
1986-03-06,2.580000
1986-03-07,2.680000
1986-03-10,2.790000
1986-03-11,2.820000
1986-03-12,2.790000
1986-03-13,2.750000
1986-03-14,2.720000
1986-03-17,2.680000
1986-03-18,2.680000
1986-03-19,2.710000
1986-03-20,2.730000
1986-03-21,2.690000
1986-03-24,2.730000
1986-03-25,2.740000
1986-03-26,2.790000
1986-03-27,2.880000
1986-03-31,2.920000
1986-04-01,2.910000
1986-04-02,2.920000
1986-04-03,2.850000
1986-04-04,2.840000
1986-04-07,2.870000
1986-04-08,2.930000
1986-04-09,2.940000
1986-04-10,2.970000
1986-04-11,2.960000
1986-04-14,2.980000
1986-04-15,2.980000
1986-04-16,3.160000
1986-04-17,3.150000
1986-04-18,2.880000
1986-04-21,2.970000
1986-04-22,2.810000
1986-04-23,2.760000
1986-04-24,2.700000
1986-04-25,2.680000
1986-04-28,2.750000
1986-04-29,2.820000
1986-04-30,2.780000
1986-05-01,2.730000
1986-05-02,2.730000
1986-05-05,2.710000
1986-05-06,2.700000
1986-05-07,2.730000
1986-05-08,2.750000
1986-05-09,2.710000
1986-05-12,2.580000
1986-05-13,2.600000
1986-05-14,2.600000
1986-05-15,2.560000
1986-05-16,2.390000
1986-05-19,2.410000
1986-05-20,2.460000
1986-05-21,2.470000
1986-05-22,2.480000
1986-05-23,2.530000
1986-05-27,2.590000
1986-05-28,2.610000
1986-05-29,2.400000
1986-05-30,2.360000
1986-06-02,2.190000
1986-06-03,2.310000
1986-06-04,2.060000
1986-06-05,2.150000
1986-06-06,2.460000
1986-06-09,2.350000
1986-06-10,2.400000
1986-06-11,2.430000
1986-06-12,2.450000
1986-06-13,2.620000
1986-06-16,2.660000
1986-06-17,2.660000
1986-06-18,2.710000
1986-06-19,2.640000
1986-06-20,2.680000
1986-06-23,2.680000
1986-06-24,2.730000
1986-06-25,2.790000
1986-06-26,2.760000
1986-06-27,2.800000
1986-06-30,2.810000
1986-07-01,2.780000
1986-07-02,2.790000
1986-07-03,2.820000
1986-07-07,2.840000
1986-07-08,2.720000
1986-07-09,2.830000
1986-07-10,2.800000
1986-07-11,2.840000
1986-07-14,2.840000
1986-07-15,2.900000
1986-07-16,2.880000
1986-07-17,2.940000
1986-07-18,2.970000
1986-07-21,2.970000
1986-07-22,2.940000
1986-07-23,2.830000
1986-07-24,2.880000
1986-07-25,2.930000
1986-07-28,2.790000
1986-07-29,2.880000
1986-07-30,2.870000
1986-07-31,2.910000
1986-08-01,2.910000
1986-08-04,2.910000
1986-08-05,2.880000
1986-08-06,2.870000
1986-08-07,2.880000
1986-08-08,2.990000
1986-08-11,3.050000
1986-08-12,3.060000
1986-08-13,3.090000
1986-08-14,3.060000
1986-08-15,3.120000
1986-08-18,3.000000
1986-08-19,3.110000
1986-08-20,3.110000
1986-08-21,3.130000
1986-08-22,3.040000
1986-08-25,3.000000
1986-08-26,3.060000
1986-08-27,3.010000
1986-08-28,2.990000
1986-08-29,3.070000
1986-09-02,3.030000
1986-09-03,2.880000
1986-09-04,2.920000
1986-09-05,2.800000
1986-09-08,2.830000
1986-09-09,2.830000
1986-09-10,2.810000
1986-09-11,2.680000
1986-09-12,2.640000
1986-09-15,2.710000
1986-09-16,2.700000
1986-09-17,2.740000
1986-09-18,2.630000
1986-09-19,2.610000
1986-09-22,2.670000
1986-09-23,2.680000
1986-09-24,2.740000
1986-09-25,2.740000
1986-09-26,2.740000
1986-09-29,2.710000
1986-09-30,2.750000
1986-10-01,2.810000
1986-10-02,2.810000
1986-10-03,2.920000
1986-10-06,2.950000
1986-10-07,2.950000
1986-10-08,2.940000
1986-10-09,2.920000
1986-10-10,2.870000
1986-10-14,2.740000
1986-10-15,2.730000
1986-10-16,2.740000
1986-10-17,2.710000
1986-10-20,2.640000
1986-10-21,2.720000
1986-10-22,2.760000
1986-10-23,2.800000
1986-10-24,2.770000
1986-10-27,2.780000
1986-10-28,2.770000
1986-10-29,2.800000
1986-10-30,2.860000
1986-10-31,2.820000
1986-11-03,2.810000
1986-11-04,2.780000
1986-11-05,2.820000
1986-11-06,2.770000
1986-11-07,2.730000
1986-11-10,2.760000
1986-11-12,2.760000
1986-11-13,2.780000
1986-11-14,2.820000
1986-11-17,2.850000
1986-11-18,2.800000
1986-11-19,2.860000
1986-11-20,2.830000
1986-11-21,2.840000
1986-11-24,2.880000
1986-11-25,2.840000
1986-11-26,2.840000
1986-11-28,2.850000
1986-12-01,2.820000
1986-12-02,2.920000
1986-12-03,2.920000
1986-12-04,2.960000
1986-12-05,2.820000
1986-12-08,2.880000
1986-12-09,2.900000
1986-12-10,2.900000
1986-12-11,2.830000
1986-12-12,2.850000
1986-12-15,2.830000
1986-12-16,2.850000
1986-12-17,2.860000
1986-12-18,2.870000
1986-12-19,2.850000
1986-12-22,2.890000
1986-12-23,2.910000
1986-12-24,2.910000
1986-12-26,2.880000
1986-12-29,2.750000
1986-12-30,2.750000
1986-12-31,2.760000
1987-01-02,2.790000
1987-01-05,2.820000
1987-01-06,2.780000
1987-01-07,2.770000
1987-01-08,2.720000
1987-01-09,2.730000
1987-01-12,2.670000
1987-01-13,2.620000
1987-01-14,2.610000
1987-01-15,2.610000
1987-01-16,2.640000
1987-01-20,2.630000
1987-01-21,2.630000
1987-01-22,2.610000
1987-01-23,2.580000
1987-01-26,2.500000
1987-01-27,2.520000
1987-01-28,2.570000
1987-01-29,2.550000
1987-01-30,2.500000
1987-02-02,2.450000
1987-02-03,2.400000
1987-02-04,2.440000
1987-02-05,2.430000
1987-02-06,2.420000
1987-02-09,2.360000
1987-02-10,2.320000
1987-02-11,2.320000
1987-02-12,2.370000
1987-02-13,2.390000
1987-02-17,2.350000
1987-02-18,2.380000
1987-02-19,2.430000
1987-02-20,2.430000
1987-02-23,2.430000
1987-02-24,2.460000
1987-02-25,2.410000
1987-02-26,2.430000
1987-02-27,2.430000
1987-03-02,2.460000
1987-03-03,2.410000
1987-03-04,2.460000
1987-03-05,2.430000
1987-03-06,2.350000
1987-03-09,2.380000
1987-03-10,2.390000
1987-03-11,2.390000
1987-03-12,2.400000
1987-03-13,2.400000
1987-03-16,2.360000
1987-03-17,2.380000
1987-03-18,2.360000
1987-03-19,2.360000
1987-03-20,2.360000
1987-03-23,2.340000
1987-03-24,2.340000
1987-03-25,2.360000
1987-03-26,2.380000
1987-03-27,2.310000
1987-03-30,2.140000
1987-03-31,2.190000
1987-04-01,2.160000
1987-04-02,2.150000
1987-04-03,2.160000
1987-04-06,2.180000
1987-04-07,2.120000
1987-04-08,2.130000
1987-04-09,2.010000
1987-04-10,1.870000
1987-04-13,1.850000
1987-04-14,1.760000
1987-04-15,2.020000
1987-04-16,2.090000
1987-04-20,1.910000
1987-04-21,2.000000
1987-04-22,1.980000
1987-04-23,1.900000
1987-04-24,1.860000
1987-04-27,2.010000
1987-04-28,2.090000
1987-04-29,2.020000
1987-04-30,2.160000
1987-05-01,1.960000
1987-05-04,1.900000
1987-05-05,1.960000
1987-05-06,1.900000
1987-05-07,1.980000
1987-05-08,2.050000
1987-05-11,1.840000
1987-05-12,1.910000
1987-05-13,1.900000
1987-05-14,1.890000
1987-05-15,1.660000
1987-05-18,1.790000
1987-05-19,1.660000
1987-05-20,1.720000
1987-05-21,1.840000
1987-05-22,1.910000
1987-05-26,2.060000
1987-05-27,1.960000
1987-05-28,2.030000
1987-05-29,2.080000
1987-06-01,2.090000
1987-06-02,1.890000
1987-06-03,1.990000
1987-06-04,2.040000
1987-06-05,2.130000
1987-06-08,2.080000
1987-06-09,2.050000
1987-06-10,2.020000
1987-06-11,2.060000
1987-06-12,2.200000
1987-06-15,2.240000
1987-06-16,2.210000
1987-06-17,2.240000
1987-06-18,2.210000
1987-06-19,2.150000
1987-06-22,2.200000
1987-06-23,2.190000
1987-06-24,2.130000
1987-06-25,2.180000
1987-06-26,2.080000
1987-06-29,2.140000
1987-06-30,2.120000
1987-07-01,2.180000
1987-07-02,2.250000
1987-07-06,2.240000
1987-07-07,2.240000
1987-07-08,2.200000
1987-07-09,2.140000
1987-07-10,2.200000
1987-07-13,2.150000
1987-07-14,2.240000
1987-07-15,2.170000
1987-07-16,2.150000
1987-07-17,2.210000
1987-07-20,2.160000
1987-07-21,2.110000
1987-07-22,2.100000
1987-07-23,2.100000
1987-07-24,2.060000
1987-07-27,2.110000
1987-07-28,2.110000
1987-07-29,2.130000
1987-07-30,2.150000
1987-07-31,2.110000
1987-08-03,2.030000
1987-08-04,2.050000
1987-08-05,2.140000
1987-08-06,2.120000
1987-08-07,2.090000
1987-08-10,2.030000
1987-08-11,2.040000
1987-08-12,2.040000
1987-08-13,2.130000
1987-08-14,2.170000
1987-08-17,2.150000
1987-08-18,2.040000
1987-08-19,2.020000
1987-08-20,2.030000
1987-08-21,2.020000
1987-08-24,2.010000
1987-08-25,2.060000
1987-08-26,2.010000
1987-08-27,1.930000
1987-08-28,1.860000
1987-08-31,1.920000
1987-09-01,1.860000
1987-09-02,1.720000
1987-09-03,1.810000
1987-09-04,1.780000
1987-09-08,1.680000
1987-09-09,1.780000
1987-09-10,1.730000
1987-09-11,1.910000
1987-09-14,1.920000
1987-09-15,1.940000
1987-09-16,1.920000
1987-09-17,1.970000
1987-09-18,2.070000
1987-09-21,1.960000
1987-09-22,2.060000
1987-09-23,2.020000
1987-09-24,1.900000
1987-09-25,1.910000
1987-09-28,1.870000
1987-09-29,1.860000
1987-09-30,1.910000
1987-10-01,1.820000
1987-10-02,1.960000
1987-10-05,1.880000
1987-10-06,1.870000
1987-10-07,1.840000
1987-10-08,1.800000
1987-10-09,1.740000
1987-10-13,1.820000
1987-10-14,1.650000
1987-10-15,1.640000
1987-10-16,1.590000
1987-10-19,1.890000
1987-10-20,2.470000
1987-10-21,2.500000
1987-10-22,2.680000
1987-10-23,2.530000
1987-10-26,2.580000
1987-10-27,2.420000
1987-10-28,2.360000
1987-10-29,2.460000
1987-10-30,2.450000
1987-11-02,2.370000
1987-11-03,2.470000
1987-11-04,2.450000
1987-11-05,2.490000
1987-11-06,2.410000
1987-11-09,2.390000
1987-11-10,2.390000
1987-11-12,2.390000
1987-11-13,2.350000
1987-11-16,2.390000
1987-11-17,2.360000
1987-11-18,2.370000
1987-11-19,2.400000
1987-11-20,2.430000
1987-11-23,2.420000
1987-11-24,2.320000
1987-11-25,2.240000
1987-11-27,2.110000
1987-11-30,2.240000
1987-12-01,2.220000
1987-12-02,2.220000
1987-12-03,2.310000
1987-12-04,2.270000
1987-12-07,2.180000
1987-12-08,2.160000
1987-12-09,2.190000
1987-12-10,2.110000
1987-12-11,2.150000
1987-12-14,2.190000
1987-12-15,2.310000
1987-12-16,2.370000
1987-12-17,2.310000
1987-12-18,2.400000
1987-12-21,2.420000
1987-12-22,2.360000
1987-12-23,2.440000
1987-12-24,2.410000
1987-12-28,2.340000
1987-12-29,2.380000
1987-12-30,2.450000
1987-12-31,2.390000
1988-01-04,2.380000
1988-01-05,2.450000
1988-01-06,2.380000
1988-01-07,2.380000
1988-01-08,2.300000
1988-01-11,2.290000
1988-01-12,2.290000
1988-01-13,2.340000
1988-01-14,2.320000
1988-01-15,2.510000
1988-01-19,2.390000
1988-01-20,2.390000
1988-01-21,2.470000
1988-01-22,2.480000
1988-01-25,2.440000
1988-01-26,2.370000
1988-01-27,2.490000
1988-01-28,2.490000
1988-01-29,2.510000
1988-02-01,2.520000
1988-02-02,2.550000
1988-02-03,2.480000
1988-02-04,2.450000
1988-02-05,2.540000
1988-02-08,2.460000
1988-02-09,2.470000
1988-02-10,2.490000
1988-02-11,2.440000
1988-02-12,2.350000
1988-02-16,2.320000
1988-02-17,2.280000
1988-02-18,2.310000
1988-02-19,2.320000
1988-02-22,2.350000
1988-02-23,2.390000
1988-02-24,2.360000
1988-02-25,2.310000
1988-02-26,2.380000
1988-02-29,2.370000
1988-03-01,2.350000
1988-03-02,2.350000
1988-03-03,2.300000
1988-03-04,2.170000
1988-03-07,2.160000
1988-03-08,2.150000
1988-03-09,2.180000
1988-03-10,2.180000
1988-03-11,2.240000
1988-03-14,2.260000
1988-03-15,2.240000
1988-03-16,2.200000
1988-03-17,2.240000
1988-03-18,2.130000
1988-03-21,2.150000
1988-03-22,2.170000
1988-03-23,2.160000
1988-03-24,2.140000
1988-03-25,2.200000
1988-03-28,2.100000
1988-03-29,2.130000
1988-03-30,2.200000
1988-03-31,2.190000
1988-04-04,2.150000
1988-04-05,2.170000
1988-04-06,2.230000
1988-04-07,2.230000
1988-04-08,2.270000
1988-04-11,2.250000
1988-04-12,2.260000
1988-04-13,2.250000
1988-04-14,2.220000
1988-04-15,2.180000
1988-04-18,2.150000
1988-04-19,2.170000
1988-04-20,2.160000
1988-04-21,2.150000
1988-04-22,2.200000
1988-04-25,2.170000
1988-04-26,2.140000
1988-04-27,2.050000
1988-04-28,2.080000
1988-04-29,2.070000
1988-05-02,2.010000
1988-05-03,2.070000
1988-05-04,2.060000
1988-05-05,2.030000
1988-05-06,1.970000
1988-05-09,1.960000
1988-05-10,1.900000
1988-05-11,1.970000
1988-05-12,2.000000
1988-05-13,2.030000
1988-05-16,2.020000
1988-05-17,1.940000
1988-05-18,1.900000
1988-05-19,1.920000
1988-05-20,1.870000
1988-05-23,1.890000
1988-05-24,1.900000
1988-05-25,1.890000
1988-05-26,1.890000
1988-05-27,1.900000
1988-05-31,1.930000
1988-06-01,2.030000
1988-06-02,1.980000
1988-06-03,2.140000
1988-06-06,2.130000
1988-06-07,2.080000
1988-06-08,2.160000
1988-06-09,2.110000
1988-06-10,2.150000
1988-06-13,2.160000
1988-06-14,2.270000
1988-06-15,2.230000
1988-06-16,2.050000
1988-06-17,1.910000
1988-06-20,1.940000
1988-06-21,1.910000
1988-06-22,2.030000
1988-06-23,2.030000
1988-06-24,2.120000
1988-06-27,2.030000
1988-06-28,2.120000
1988-06-29,2.070000
1988-06-30,2.160000
1988-07-01,2.200000
1988-07-05,2.150000
1988-07-06,2.090000
1988-07-07,2.080000
1988-07-08,2.020000
1988-07-11,2.050000
1988-07-12,2.010000
1988-07-13,1.980000
1988-07-14,2.020000
1988-07-15,2.070000
1988-07-18,2.020000
1988-07-19,2.040000
1988-07-20,2.000000
1988-07-21,1.980000
1988-07-22,2.050000
1988-07-25,2.120000
1988-07-26,2.110000
1988-07-27,2.060000
1988-07-28,2.040000
1988-07-29,2.070000
1988-08-01,2.110000
1988-08-02,2.170000
1988-08-03,2.130000
1988-08-04,2.160000
1988-08-05,2.030000
1988-08-08,2.040000
1988-08-09,1.980000
1988-08-10,1.910000
1988-08-11,1.880000
1988-08-12,1.860000
1988-08-15,1.870000
1988-08-16,1.880000
1988-08-17,1.870000
1988-08-18,1.880000
1988-08-19,1.870000
1988-08-22,1.860000
1988-08-23,1.930000
1988-08-24,1.900000
1988-08-25,1.860000
1988-08-26,1.890000
1988-08-29,1.940000
1988-08-30,1.950000
1988-08-31,1.970000
1988-09-01,1.940000
1988-09-02,2.170000
1988-09-06,2.150000
1988-09-07,2.160000
1988-09-08,2.130000
1988-09-09,2.170000
1988-09-12,2.130000
1988-09-13,2.110000
1988-09-14,2.120000
1988-09-15,2.060000
1988-09-16,2.050000
1988-09-19,1.960000
1988-09-20,1.880000
1988-09-21,1.810000
1988-09-22,1.740000
1988-09-23,1.710000
1988-09-26,1.670000
1988-09-27,1.600000
1988-09-28,1.550000
1988-09-29,1.580000
1988-09-30,1.620000
1988-10-03,1.620000
1988-10-04,1.570000
1988-10-05,1.580000
1988-10-06,1.610000
1988-10-07,1.730000
1988-10-11,1.670000
1988-10-12,1.580000
1988-10-13,1.600000
1988-10-14,1.610000
1988-10-17,1.620000
1988-10-18,1.610000
1988-10-19,1.590000
1988-10-20,1.610000
1988-10-21,1.590000
1988-10-24,1.580000
1988-10-25,1.570000
1988-10-26,1.590000
1988-10-27,1.680000
1988-10-28,1.690000
1988-10-31,1.580000
1988-11-01,1.650000
1988-11-02,1.610000
1988-11-03,1.630000
1988-11-04,1.550000
1988-11-07,1.470000
1988-11-08,1.490000
1988-11-09,1.480000
1988-11-10,1.530000
1988-11-14,1.540000
1988-11-15,1.540000
1988-11-16,1.490000
1988-11-17,1.460000
1988-11-18,1.500000
1988-11-21,1.500000
1988-11-22,1.480000
1988-11-23,1.500000
1988-11-25,1.450000
1988-11-28,1.460000
1988-11-29,1.490000
1988-11-30,1.550000
1988-12-01,1.580000
1988-12-02,1.430000
1988-12-05,1.480000
1988-12-06,1.630000
1988-12-07,1.590000
1988-12-08,1.610000
1988-12-09,1.560000
1988-12-12,1.520000
1988-12-13,1.490000
1988-12-14,1.460000
1988-12-15,1.470000
1988-12-16,1.520000
1988-12-19,1.550000
1988-12-20,1.600000
1988-12-21,1.610000
1988-12-22,1.610000
1988-12-23,1.610000
1988-12-27,1.520000
1988-12-28,1.460000
1988-12-29,1.480000
1988-12-30,1.550000
1989-01-03,1.480000
1989-01-04,1.490000
1989-01-05,1.480000
1989-01-06,1.480000
1989-01-09,1.470000
1989-01-10,1.480000
1989-01-11,1.490000
1989-01-12,1.570000
1989-01-13,1.600000
1989-01-17,1.580000
1989-01-18,1.620000
1989-01-19,1.620000
1989-01-20,1.590000
1989-01-23,1.630000
1989-01-24,1.670000
1989-01-25,1.620000
1989-01-26,1.620000
1989-01-27,1.650000
1989-01-30,1.580000
1989-01-31,1.560000
1989-02-01,1.570000
1989-02-02,1.560000
1989-02-03,1.520000
1989-02-06,1.540000
1989-02-07,1.570000
1989-02-08,1.570000
1989-02-09,1.390000
1989-02-10,1.360000
1989-02-13,1.400000
1989-02-14,1.410000
1989-02-15,1.420000
1989-02-16,1.440000
1989-02-17,1.460000
1989-02-21,1.430000
1989-02-22,1.370000
1989-02-23,1.330000
1989-02-24,1.320000
1989-02-27,1.350000
1989-02-28,1.350000
1989-03-01,1.320000
1989-03-02,1.380000
1989-03-03,1.380000
1989-03-06,1.410000
1989-03-07,1.380000
1989-03-08,1.410000
1989-03-09,1.390000
1989-03-10,1.300000
1989-03-13,1.300000
1989-03-14,1.310000
1989-03-15,1.310000
1989-03-16,1.310000
1989-03-17,1.180000
1989-03-20,1.160000
1989-03-21,1.180000
1989-03-22,1.260000
1989-03-23,1.260000
1989-03-27,1.280000
1989-03-28,1.310000
1989-03-29,1.330000
1989-03-30,1.350000
1989-03-31,1.310000
1989-04-03,1.360000
1989-04-04,1.400000
1989-04-05,1.390000
1989-04-06,1.430000
1989-04-07,1.390000
1989-04-10,1.390000
1989-04-11,1.400000
1989-04-12,1.360000
1989-04-13,1.330000
1989-04-14,1.450000
1989-04-17,1.420000
1989-04-18,1.550000
1989-04-19,1.530000
1989-04-20,1.410000
1989-04-21,1.460000
1989-04-24,1.470000
1989-04-25,1.470000
1989-04-26,1.490000
1989-04-27,1.520000
1989-04-28,1.550000
1989-05-01,1.450000
1989-05-02,1.500000
1989-05-03,1.520000
1989-05-04,1.510000
1989-05-05,1.550000
1989-05-08,1.520000
1989-05-09,1.430000
1989-05-10,1.450000
1989-05-11,1.500000
1989-05-12,1.680000
1989-05-15,1.650000
1989-05-16,1.670000
1989-05-17,1.660000
1989-05-18,1.680000
1989-05-19,1.690000
1989-05-22,1.780000
1989-05-23,1.710000
1989-05-24,1.680000
1989-05-25,1.650000
1989-05-26,1.640000
1989-05-30,1.660000
1989-05-31,1.700000
1989-06-01,1.660000
1989-06-02,1.770000
1989-06-05,1.770000
1989-06-06,1.730000
1989-06-07,1.780000
1989-06-08,1.770000
1989-06-09,1.820000
1989-06-12,1.810000
1989-06-13,1.720000
1989-06-14,1.770000
1989-06-15,1.650000
1989-06-16,1.670000
1989-06-19,1.660000
1989-06-20,1.740000
1989-06-21,1.680000
1989-06-22,1.690000
1989-06-23,1.790000
1989-06-26,1.830000
1989-06-27,1.850000
1989-06-28,1.820000
1989-06-29,1.820000
1989-06-30,1.830000
1989-07-03,1.820000
1989-07-05,1.810000
1989-07-06,1.820000
1989-07-07,1.870000
1989-07-10,1.870000
1989-07-11,1.840000
1989-07-12,1.830000
1989-07-13,1.810000
1989-07-14,1.850000
1989-07-17,1.850000
1989-07-18,1.800000
1989-07-19,1.810000
1989-07-20,1.890000
1989-07-21,1.830000
1989-07-24,1.850000
1989-07-25,1.860000
1989-07-26,1.840000
1989-07-27,1.910000
1989-07-28,1.960000
1989-07-31,1.990000
1989-08-01,1.990000
1989-08-02,1.990000
1989-08-03,1.960000
1989-08-04,1.820000
1989-08-07,1.790000
1989-08-08,1.810000
1989-08-09,1.770000
1989-08-10,1.820000
1989-08-11,1.740000
1989-08-14,1.650000
1989-08-15,1.690000
1989-08-16,1.760000
1989-08-17,1.740000
1989-08-18,1.770000
1989-08-21,1.710000
1989-08-22,1.630000
1989-08-23,1.690000
1989-08-24,1.720000
1989-08-25,1.710000
1989-08-28,1.680000
1989-08-29,1.700000
1989-08-30,1.720000
1989-08-31,1.700000
1989-09-01,1.780000
1989-09-05,1.760000
1989-09-06,1.770000
1989-09-07,1.770000
1989-09-08,1.800000
1989-09-11,1.760000
1989-09-12,1.750000
1989-09-13,1.710000
1989-09-14,1.750000
1989-09-15,1.790000
1989-09-18,1.780000
1989-09-19,1.770000
1989-09-20,1.720000
1989-09-21,1.690000
1989-09-22,1.670000
1989-09-25,1.620000
1989-09-26,1.640000
1989-09-27,1.640000
1989-09-28,1.630000
1989-09-29,1.620000
1989-10-02,1.650000
1989-10-03,1.700000
1989-10-04,1.700000
1989-10-05,1.760000
1989-10-06,1.860000
1989-10-10,1.800000
1989-10-11,1.740000
1989-10-12,1.780000
1989-10-13,1.900000
1989-10-16,1.780000
1989-10-17,1.770000
1989-10-18,1.760000
1989-10-19,1.800000
1989-10-20,1.790000
1989-10-23,1.850000
1989-10-24,1.870000
1989-10-25,1.890000
1989-10-26,1.860000
1989-10-27,1.830000
1989-10-30,1.860000
1989-10-31,1.840000
1989-11-01,1.840000
1989-11-02,1.890000
1989-11-03,1.820000
1989-11-06,1.810000
1989-11-07,1.900000
1989-11-08,1.900000
1989-11-09,1.910000
1989-11-10,1.910000
1989-11-13,1.930000
1989-11-14,1.950000
1989-11-15,2.000000
1989-11-16,2.000000
1989-11-17,1.950000
1989-11-20,1.980000
1989-11-21,1.960000
1989-11-22,2.020000
1989-11-24,2.040000
1989-11-27,1.980000
1989-11-28,1.970000
1989-11-29,1.950000
1989-11-30,1.990000
1989-12-01,2.010000
1989-12-04,1.980000
1989-12-05,1.990000
1989-12-06,1.970000
1989-12-07,1.940000
1989-12-08,1.990000
1989-12-11,1.970000
1989-12-12,1.960000
1989-12-13,1.980000
1989-12-14,2.030000
1989-12-15,2.010000
1989-12-18,2.040000
1989-12-19,2.040000
1989-12-20,2.050000
1989-12-21,2.040000
1989-12-22,2.000000
1989-12-26,1.890000
1989-12-27,1.910000
1989-12-28,1.940000
1989-12-29,1.910000
1990-01-02,1.910000
1990-01-03,1.870000
1990-01-04,1.860000
1990-01-05,1.890000
1990-01-08,1.860000
1990-01-09,1.840000
1990-01-10,1.850000
1990-01-11,1.820000
1990-01-12,1.770000
1990-01-16,1.720000
1990-01-17,1.730000
1990-01-18,1.650000
1990-01-19,1.690000
1990-01-22,1.690000
1990-01-23,1.710000
1990-01-24,1.620000
1990-01-25,1.580000
1990-01-26,1.570000
1990-01-29,1.590000
1990-01-30,1.610000
1990-01-31,1.680000
1990-02-01,1.680000
1990-02-02,1.590000
1990-02-05,1.590000
1990-02-06,1.560000
1990-02-07,1.620000
1990-02-08,1.650000
1990-02-09,1.800000
1990-02-12,1.710000
1990-02-13,1.750000
1990-02-14,1.760000
1990-02-15,1.700000
1990-02-16,1.680000
1990-02-20,1.520000
1990-02-21,1.580000
1990-02-22,1.660000
1990-02-23,1.680000
1990-02-26,1.760000
1990-02-27,1.780000
1990-02-28,1.680000
1990-03-01,1.610000
1990-03-02,1.660000
1990-03-05,1.630000
1990-03-06,1.650000
1990-03-07,1.610000
1990-03-08,1.660000
1990-03-09,1.590000
1990-03-12,1.610000
1990-03-13,1.500000
1990-03-14,1.580000
1990-03-15,1.570000
1990-03-16,1.600000
1990-03-19,1.610000
1990-03-20,1.620000
1990-03-21,1.610000
1990-03-22,1.640000
1990-03-23,1.650000
1990-03-26,1.670000
1990-03-27,1.650000
1990-03-28,1.690000
1990-03-29,1.610000
1990-03-30,1.580000
1990-04-02,1.590000
1990-04-03,1.590000
1990-04-04,1.660000
1990-04-05,1.640000
1990-04-06,1.640000
1990-04-09,1.600000
1990-04-10,1.580000
1990-04-11,1.550000
1990-04-12,1.530000
1990-04-16,1.510000
1990-04-17,1.470000
1990-04-18,1.450000
1990-04-19,1.450000
1990-04-20,1.420000
1990-04-23,1.440000
1990-04-24,1.420000
1990-04-25,1.410000
1990-04-26,1.420000
1990-04-27,1.450000
1990-04-30,1.500000
1990-05-01,1.470000
1990-05-02,1.470000
1990-05-03,1.510000
1990-05-04,1.670000
1990-05-07,1.650000
1990-05-08,1.670000
1990-05-09,1.610000
1990-05-10,1.680000
1990-05-11,1.770000
1990-05-14,1.760000
1990-05-15,1.720000
1990-05-16,1.690000
1990-05-17,1.650000
1990-05-18,1.620000
1990-05-21,1.640000
1990-05-22,1.700000
1990-05-23,1.730000
1990-05-24,1.690000
1990-05-25,1.620000
1990-05-29,1.660000
1990-05-30,1.680000
1990-05-31,1.710000
1990-06-01,1.790000
1990-06-04,1.770000
1990-06-05,1.740000
1990-06-06,1.760000
1990-06-07,1.750000
1990-06-08,1.750000
1990-06-11,1.740000
1990-06-12,1.710000
1990-06-13,1.760000
1990-06-14,1.790000
1990-06-15,1.730000
1990-06-18,1.700000
1990-06-19,1.710000
1990-06-20,1.720000
1990-06-21,1.730000
1990-06-22,1.730000
1990-06-25,1.680000
1990-06-26,1.700000
1990-06-27,1.730000
1990-06-28,1.770000
1990-06-29,1.790000
1990-07-02,1.780000
1990-07-03,1.800000
1990-07-05,1.760000
1990-07-06,1.700000
1990-07-09,1.670000
1990-07-10,1.670000
1990-07-11,1.670000
1990-07-12,1.720000
1990-07-13,1.750000
1990-07-16,1.740000
1990-07-17,1.730000
1990-07-18,1.710000
1990-07-19,1.680000
1990-07-20,1.710000
1990-07-23,1.720000
1990-07-24,1.680000
1990-07-25,1.720000
1990-07-26,1.690000
1990-07-27,1.750000
1990-07-30,1.790000
1990-07-31,1.770000
1990-08-01,1.820000
1990-08-02,1.740000
1990-08-03,1.760000
1990-08-06,1.610000
1990-08-07,1.550000
1990-08-08,1.600000
1990-08-09,1.680000
1990-08-10,1.660000
1990-08-13,1.620000
1990-08-14,1.670000
1990-08-15,1.700000
1990-08-16,1.630000
1990-08-17,1.610000
1990-08-20,1.670000
1990-08-21,1.680000
1990-08-22,1.630000
1990-08-23,1.530000
1990-08-24,1.590000
1990-08-27,1.680000
1990-08-28,1.610000
1990-08-29,1.720000
1990-08-30,1.720000
1990-08-31,1.690000
1990-09-04,1.670000
1990-09-05,1.680000
1990-09-06,1.690000
1990-09-07,1.710000
1990-09-10,1.650000
1990-09-11,1.780000
1990-09-12,1.770000
1990-09-13,1.740000
1990-09-14,1.720000
1990-09-17,1.740000
1990-09-18,1.750000
1990-09-19,1.780000
1990-09-20,1.730000
1990-09-21,1.700000
1990-09-24,1.690000
1990-09-25,1.750000
1990-09-26,1.770000
1990-09-27,1.850000
1990-09-28,1.940000
1990-10-01,1.960000
1990-10-02,1.960000
1990-10-03,1.940000
1990-10-04,1.970000
1990-10-05,2.000000
1990-10-09,1.860000
1990-10-10,1.870000
1990-10-11,1.880000
1990-10-12,1.970000
1990-10-15,2.000000
1990-10-16,2.020000
1990-10-17,2.050000
1990-10-18,2.070000
1990-10-19,2.120000
1990-10-22,2.120000
1990-10-23,2.100000
1990-10-24,2.110000
1990-10-25,2.130000
1990-10-26,2.110000
1990-10-29,2.040000
1990-10-30,2.100000
1990-10-31,2.130000
1990-11-01,2.160000
1990-11-02,2.160000
1990-11-05,2.270000
1990-11-06,2.250000
1990-11-07,2.150000
1990-11-08,2.170000
1990-11-09,2.240000
1990-11-13,2.280000
1990-11-14,2.300000
1990-11-15,2.260000
1990-11-16,2.230000
1990-11-19,2.180000
1990-11-20,2.230000
1990-11-21,2.240000
1990-11-23,2.220000
1990-11-26,2.250000
1990-11-27,2.230000
1990-11-28,2.220000
1990-11-29,2.230000
1990-11-30,2.270000
1990-12-03,2.250000
1990-12-04,2.280000
1990-12-05,2.310000
1990-12-06,2.290000
1990-12-07,2.400000
1990-12-10,2.380000
1990-12-11,2.420000
1990-12-12,2.450000
1990-12-13,2.380000
1990-12-14,2.370000
1990-12-17,2.420000
1990-12-18,2.400000
1990-12-19,2.410000
1990-12-20,2.410000
1990-12-21,2.390000
1990-12-24,2.290000
1990-12-26,2.330000
1990-12-27,2.340000
1990-12-28,2.320000
1990-12-31,2.350000
1991-01-02,2.420000
1991-01-03,2.430000
1991-01-04,2.380000
1991-01-07,2.340000
1991-01-08,2.340000
1991-01-09,2.290000
1991-01-10,2.370000
1991-01-11,2.290000
1991-01-14,2.290000
1991-01-15,2.330000
1991-01-16,2.360000
1991-01-17,2.400000
1991-01-18,2.400000
1991-01-22,2.380000
1991-01-23,2.410000
1991-01-24,2.410000
1991-01-25,2.400000
1991-01-28,2.370000
1991-01-29,2.320000
1991-01-30,2.300000
1991-01-31,2.300000
1991-02-01,2.330000
1991-02-04,2.310000
1991-02-05,2.300000
1991-02-06,2.340000
1991-02-07,2.280000
1991-02-08,2.290000
1991-02-11,2.240000
1991-02-12,2.220000
1991-02-13,2.200000
1991-02-14,2.200000
1991-02-15,2.230000
1991-02-19,2.220000
1991-02-20,2.200000
1991-02-21,2.150000
1991-02-22,2.140000
1991-02-25,2.120000
1991-02-26,2.100000
1991-02-27,2.100000
1991-02-28,2.090000
1991-03-01,2.040000
1991-03-04,2.050000
1991-03-05,2.020000
1991-03-06,1.990000
1991-03-07,1.990000
1991-03-08,1.970000
1991-03-11,1.980000
1991-03-12,1.970000
1991-03-13,2.010000
1991-03-14,2.000000
1991-03-15,1.980000
1991-03-18,1.970000
1991-03-19,1.930000
1991-03-20,1.930000
1991-03-21,1.940000
1991-03-22,1.990000
1991-03-25,1.960000
1991-03-26,1.960000
1991-03-27,1.960000
1991-03-28,1.960000
1991-04-01,1.950000
1991-04-02,1.970000
1991-04-03,1.940000
1991-04-04,1.950000
1991-04-05,1.970000
1991-04-08,1.950000
1991-04-09,1.910000
1991-04-10,1.860000
1991-04-11,1.900000
1991-04-12,1.990000
1991-04-15,1.980000
1991-04-16,1.970000
1991-04-17,1.960000
1991-04-18,1.910000
1991-04-19,1.860000
1991-04-22,1.830000
1991-04-23,1.850000
1991-04-24,1.830000
1991-04-25,1.820000
1991-04-26,1.840000
1991-04-29,1.800000
1991-04-30,1.830000
1991-05-01,1.800000
1991-05-02,1.800000
1991-05-03,1.790000
1991-05-06,1.770000
1991-05-07,1.770000
1991-05-08,1.780000
1991-05-09,1.800000
1991-05-10,1.760000
1991-05-13,1.810000
1991-05-14,1.790000
1991-05-15,1.790000
1991-05-16,1.800000
1991-05-17,1.830000
1991-05-20,1.800000
1991-05-21,1.830000
1991-05-22,1.810000
1991-05-23,1.790000
1991-05-24,1.800000
1991-05-28,1.830000
1991-05-29,1.790000
1991-05-30,1.800000
1991-05-31,1.770000
1991-06-03,1.730000
1991-06-04,1.740000
1991-06-05,1.720000
1991-06-06,1.700000
1991-06-07,1.710000
1991-06-10,1.710000
1991-06-11,1.700000
1991-06-12,1.670000
1991-06-13,1.670000
1991-06-14,1.690000
1991-06-17,1.680000
1991-06-18,1.660000
1991-06-19,1.660000
1991-06-20,1.670000
1991-06-21,1.660000
1991-06-24,1.650000
1991-06-25,1.640000
1991-06-26,1.620000
1991-06-27,1.620000
1991-06-28,1.660000
1991-07-01,1.660000
1991-07-02,1.620000
1991-07-03,1.640000
1991-07-05,1.590000
1991-07-08,1.630000
1991-07-09,1.620000
1991-07-10,1.650000
1991-07-11,1.640000
1991-07-12,1.640000
1991-07-15,1.660000
1991-07-16,1.660000
1991-07-17,1.620000
1991-07-18,1.620000
1991-07-19,1.620000
1991-07-22,1.610000
1991-07-23,1.570000
1991-07-24,1.590000
1991-07-25,1.600000
1991-07-26,1.610000
1991-07-29,1.620000
1991-07-30,1.610000
1991-07-31,1.600000
1991-08-01,1.610000
1991-08-02,1.670000
1991-08-05,1.680000
1991-08-06,1.700000
1991-08-07,1.730000
1991-08-08,1.700000
1991-08-09,1.720000
1991-08-12,1.740000
1991-08-13,1.750000
1991-08-14,1.760000
1991-08-15,1.760000
1991-08-16,1.750000
1991-08-19,1.790000
1991-08-20,1.820000
1991-08-21,1.810000
1991-08-22,1.800000
1991-08-23,1.790000
1991-08-26,1.760000
1991-08-27,1.750000
1991-08-28,1.760000
1991-08-29,1.800000
1991-08-30,1.750000
1991-09-03,1.760000
1991-09-04,1.790000
1991-09-05,1.780000
1991-09-06,1.790000
1991-09-09,1.810000
1991-09-10,1.820000
1991-09-11,1.840000
1991-09-12,1.840000
1991-09-13,1.850000
1991-09-16,1.870000
1991-09-17,1.880000
1991-09-18,1.880000
1991-09-19,1.900000
1991-09-20,1.940000
1991-09-23,1.920000
1991-09-24,1.910000
1991-09-25,1.900000
1991-09-26,1.910000
1991-09-27,1.960000
1991-09-30,1.940000
1991-10-01,1.970000
1991-10-02,1.960000
1991-10-03,1.960000
1991-10-04,2.010000
1991-10-07,1.990000
1991-10-08,1.960000
1991-10-09,1.960000
1991-10-10,1.900000
1991-10-11,1.940000
1991-10-15,1.950000
1991-10-16,1.970000
1991-10-17,1.960000
1991-10-18,1.960000
1991-10-21,1.960000
1991-10-22,1.930000
1991-10-23,1.950000
1991-10-24,1.960000
1991-10-25,1.930000
1991-10-28,1.950000
1991-10-29,1.990000
1991-10-30,2.030000
1991-10-31,2.020000
1991-11-01,2.010000
1991-11-04,2.000000
1991-11-05,1.980000
1991-11-06,2.000000
1991-11-07,2.060000
1991-11-08,2.040000
1991-11-12,2.030000
1991-11-13,2.030000
1991-11-14,2.050000
1991-11-15,2.080000
1991-11-18,2.070000
1991-11-19,2.080000
1991-11-20,2.050000
1991-11-21,2.060000
1991-11-22,2.010000
1991-11-25,2.020000
1991-11-26,2.040000
1991-11-27,2.030000
1991-11-29,2.060000
1991-12-02,2.100000
1991-12-03,2.120000
1991-12-04,2.190000
1991-12-05,2.140000
1991-12-06,2.060000
1991-12-09,2.100000
1991-12-10,2.090000
1991-12-11,2.100000
1991-12-12,2.100000
1991-12-13,2.070000
1991-12-16,2.090000
1991-12-17,2.110000
1991-12-18,2.090000
1991-12-19,2.130000
1991-12-20,2.210000
1991-12-23,2.270000
1991-12-24,2.260000
1991-12-26,2.270000
1991-12-27,2.340000
1991-12-30,2.350000
1991-12-31,2.390000
1992-01-02,2.330000
1992-01-03,2.260000
1992-01-06,2.270000
1992-01-07,2.310000
1992-01-08,2.280000
1992-01-09,2.220000
1992-01-10,2.190000
1992-01-13,2.140000
1992-01-14,2.050000
1992-01-15,2.060000
1992-01-16,2.030000
1992-01-17,2.040000
1992-01-21,2.100000
1992-01-22,2.060000
1992-01-23,2.010000
1992-01-24,1.970000
1992-01-27,1.950000
1992-01-28,2.010000
1992-01-29,1.950000
1992-01-30,1.920000
1992-01-31,1.900000
1992-02-03,1.880000
1992-02-04,1.890000
1992-02-05,1.950000
1992-02-06,1.960000
1992-02-07,1.960000
1992-02-10,1.980000
1992-02-11,1.960000
1992-02-12,1.880000
1992-02-13,1.830000
1992-02-14,1.860000
1992-02-18,1.840000
1992-02-19,1.870000
1992-02-20,1.870000
1992-02-21,1.840000
1992-02-24,1.830000
1992-02-25,1.830000
1992-02-26,1.900000
1992-02-27,1.850000
1992-02-28,1.900000
1992-03-02,1.830000
1992-03-03,1.780000
1992-03-04,1.770000
1992-03-05,1.710000
1992-03-06,1.720000
1992-03-09,1.760000
1992-03-10,1.730000
1992-03-11,1.710000
1992-03-12,1.660000
1992-03-13,1.610000
1992-03-16,1.650000
1992-03-17,1.690000
1992-03-18,1.690000
1992-03-19,1.710000
1992-03-20,1.670000
1992-03-23,1.680000
1992-03-24,1.710000
1992-03-25,1.710000
1992-03-26,1.700000
1992-03-27,1.670000
1992-03-30,1.680000
1992-03-31,1.700000
1992-04-01,1.750000
1992-04-02,1.740000
1992-04-03,1.770000
1992-04-06,1.790000
1992-04-07,1.780000
1992-04-08,1.770000
1992-04-09,1.830000
1992-04-10,1.800000
1992-04-13,1.820000
1992-04-14,1.810000
1992-04-15,1.780000
1992-04-16,1.730000
1992-04-20,1.640000
1992-04-21,1.670000
1992-04-22,1.670000
1992-04-23,1.670000
1992-04-24,1.690000
1992-04-27,1.640000
1992-04-28,1.670000
1992-04-29,1.650000
1992-04-30,1.630000
1992-05-01,1.640000
1992-05-04,1.640000
1992-05-05,1.660000
1992-05-06,1.740000
1992-05-07,1.710000
1992-05-08,1.740000
1992-05-11,1.740000
1992-05-12,1.770000
1992-05-13,1.780000
1992-05-14,1.780000
1992-05-15,1.800000
1992-05-18,1.800000
1992-05-19,1.850000
1992-05-20,1.820000
1992-05-21,1.710000
1992-05-22,1.720000
1992-05-26,1.660000
1992-05-27,1.680000
1992-05-28,1.740000
1992-05-29,1.770000
1992-06-01,1.710000
1992-06-02,1.740000
1992-06-03,1.760000
1992-06-04,1.750000
1992-06-05,1.770000
1992-06-08,1.770000
1992-06-09,1.760000
1992-06-10,1.750000
1992-06-11,1.730000
1992-06-12,1.760000
1992-06-15,1.770000
1992-06-16,1.780000
1992-06-17,1.780000
1992-06-18,1.810000
1992-06-19,1.800000
1992-06-22,1.800000
1992-06-23,1.790000
1992-06-24,1.820000
1992-06-25,1.860000
1992-06-26,1.850000
1992-06-29,1.880000
1992-06-30,1.860000
1992-07-01,1.900000
1992-07-02,1.990000
1992-07-06,2.000000
1992-07-07,2.020000
1992-07-08,1.980000
1992-07-09,1.980000
1992-07-10,1.950000
1992-07-13,1.920000
1992-07-14,1.930000
1992-07-15,1.960000
1992-07-16,1.980000
1992-07-17,1.970000
1992-07-20,1.960000
1992-07-21,1.960000
1992-07-22,1.990000
1992-07-23,2.060000
1992-07-24,2.060000
1992-07-27,2.070000
1992-07-28,2.070000
1992-07-29,2.090000
1992-07-30,2.020000
1992-07-31,1.970000
1992-08-03,1.980000
1992-08-04,2.020000
1992-08-05,2.030000
1992-08-06,2.050000
1992-08-07,2.070000
1992-08-10,2.110000
1992-08-11,2.110000
1992-08-12,2.130000
1992-08-13,2.100000
1992-08-14,2.070000
1992-08-17,2.060000
1992-08-18,2.130000
1992-08-19,2.140000
1992-08-20,2.140000
1992-08-21,2.110000
1992-08-24,2.010000
1992-08-25,1.990000
1992-08-26,2.010000
1992-08-27,2.030000
1992-08-28,2.060000
1992-08-31,2.060000
1992-09-01,2.110000
1992-09-02,2.120000
1992-09-03,2.090000
1992-09-04,2.160000
1992-09-08,2.250000
1992-09-09,2.220000
1992-09-10,2.230000
1992-09-11,2.170000
1992-09-14,2.210000
1992-09-15,2.170000
1992-09-16,2.170000
1992-09-17,2.190000
1992-09-18,2.200000
1992-09-21,2.210000
1992-09-22,2.200000
1992-09-23,2.180000
1992-09-24,2.230000
1992-09-25,2.270000
1992-09-28,2.280000
1992-09-29,2.280000
1992-09-30,2.290000
1992-10-01,2.390000
1992-10-02,2.380000
1992-10-05,2.400000
1992-10-06,2.380000
1992-10-07,2.280000
1992-10-08,2.320000
1992-10-09,2.270000
1992-10-13,2.330000
1992-10-14,2.310000
1992-10-15,2.300000
1992-10-16,2.260000
1992-10-19,2.210000
1992-10-20,2.120000
1992-10-21,2.140000
1992-10-22,2.190000
1992-10-23,2.090000
1992-10-26,2.140000
1992-10-27,2.160000
1992-10-28,2.190000
1992-10-29,2.220000
1992-10-30,2.190000
1992-11-02,2.140000
1992-11-03,2.140000
1992-11-04,2.110000
1992-11-05,2.150000
1992-11-06,2.100000
1992-11-09,2.060000
1992-11-10,2.110000
1992-11-12,2.160000
1992-11-13,2.120000
1992-11-16,2.040000
1992-11-17,2.040000
1992-11-18,2.110000
1992-11-19,2.100000
1992-11-20,2.050000
1992-11-23,2.040000
1992-11-24,2.070000
1992-11-25,2.070000
1992-11-27,2.000000
1992-11-30,2.000000
1992-12-01,1.990000
1992-12-02,2.000000
1992-12-03,2.010000
1992-12-04,2.030000
1992-12-07,2.050000
1992-12-08,2.090000
1992-12-09,2.060000
1992-12-10,2.040000
1992-12-11,2.010000
1992-12-14,2.000000
1992-12-15,2.000000
1992-12-16,2.040000
1992-12-17,2.030000
1992-12-18,2.050000
1992-12-21,2.060000
1992-12-22,2.100000
1992-12-23,2.070000
1992-12-24,2.050000
1992-12-28,2.040000
1992-12-29,2.050000
1992-12-30,2.060000
1992-12-31,2.060000
1993-01-04,2.090000
1993-01-05,2.100000
1993-01-06,2.090000
1993-01-07,2.020000
1993-01-08,2.040000
1993-01-11,2.050000
1993-01-12,2.060000
1993-01-13,2.040000
1993-01-14,2.060000
1993-01-15,2.060000
1993-01-19,2.040000
1993-01-20,2.050000
1993-01-21,2.040000
1993-01-22,2.060000
1993-01-25,2.080000
1993-01-26,2.080000
1993-01-27,2.090000
1993-01-28,2.100000
1993-01-29,2.110000
1993-02-01,2.130000
1993-02-02,2.070000
1993-02-03,2.050000
1993-02-04,2.090000
1993-02-05,2.140000
1993-02-08,2.120000
1993-02-09,2.080000
1993-02-10,2.120000
1993-02-11,2.130000
1993-02-12,2.090000
1993-02-16,2.100000
1993-02-17,2.130000
1993-02-18,2.150000
1993-02-19,2.160000
1993-02-22,2.170000
1993-02-23,2.250000
1993-02-24,2.190000
1993-02-25,2.190000
1993-02-26,2.200000
1993-03-01,2.230000
1993-03-02,2.210000
1993-03-03,2.230000
1993-03-04,2.240000
1993-03-05,2.200000
1993-03-08,2.210000
1993-03-09,2.190000
1993-03-10,2.120000
1993-03-11,2.160000
1993-03-12,2.090000
1993-03-15,2.060000
1993-03-16,2.150000
1993-03-17,2.130000
1993-03-18,2.170000
1993-03-19,2.180000
1993-03-22,2.150000
1993-03-23,2.190000
1993-03-24,2.180000
1993-03-25,2.180000
1993-03-26,2.140000
1993-03-29,2.150000
1993-03-30,2.180000
1993-03-31,2.180000
1993-04-01,2.180000
1993-04-02,2.150000
1993-04-05,2.170000
1993-04-06,2.190000
1993-04-07,2.170000
1993-04-08,2.210000
1993-04-12,2.200000
1993-04-13,2.160000
1993-04-14,2.160000
1993-04-15,2.170000
1993-04-16,2.160000
1993-04-19,2.170000
1993-04-20,2.180000
1993-04-21,2.190000
1993-04-22,2.200000
1993-04-23,2.190000
1993-04-26,2.170000
1993-04-27,2.140000
1993-04-28,2.150000
1993-04-29,2.160000
1993-04-30,2.120000
1993-05-03,2.200000
1993-05-04,2.200000
1993-05-05,2.180000
1993-05-06,2.220000
1993-05-07,2.220000
1993-05-10,2.240000
1993-05-11,2.240000
1993-05-12,2.210000
1993-05-13,2.220000
1993-05-14,2.200000
1993-05-17,2.180000
1993-05-18,2.150000
1993-05-19,2.170000
1993-05-20,2.180000
1993-05-21,2.150000
1993-05-24,2.140000
1993-05-25,2.130000
1993-05-26,2.120000
1993-05-27,2.120000
1993-05-28,2.100000
1993-06-01,2.100000
1993-06-02,2.100000
1993-06-03,2.120000
1993-06-04,2.070000
1993-06-07,2.060000
1993-06-08,2.070000
1993-06-09,2.070000
1993-06-10,2.060000
1993-06-11,2.100000
1993-06-14,2.100000
1993-06-15,2.100000
1993-06-16,2.100000
1993-06-17,2.130000
1993-06-18,2.080000
1993-06-21,2.110000
1993-06-22,2.120000
1993-06-23,2.110000
1993-06-24,2.130000
1993-06-25,2.140000
1993-06-28,2.160000
1993-06-29,2.160000
1993-06-30,2.160000
1993-07-01,2.160000
1993-07-02,2.190000
1993-07-06,2.170000
1993-07-07,2.170000
1993-07-08,2.170000
1993-07-09,2.170000
1993-07-12,2.170000
1993-07-13,2.140000
1993-07-14,2.170000
1993-07-15,2.160000
1993-07-16,2.160000
1993-07-19,2.170000
1993-07-20,2.140000
1993-07-21,2.110000
1993-07-22,2.060000
1993-07-23,2.050000
1993-07-26,2.060000
1993-07-27,2.060000
1993-07-28,2.060000
1993-07-29,2.100000
1993-07-30,2.050000
1993-08-02,2.030000
1993-08-03,2.000000
1993-08-04,1.960000
1993-08-05,1.930000
1993-08-06,1.930000
1993-08-09,1.920000
1993-08-10,1.900000
1993-08-11,1.940000
1993-08-12,1.890000
1993-08-13,1.900000
1993-08-16,1.900000
1993-08-17,1.880000
1993-08-18,1.840000
1993-08-19,1.850000
1993-08-20,1.870000
1993-08-23,1.890000
1993-08-24,1.920000
1993-08-25,1.910000
1993-08-26,1.950000
1993-08-27,1.920000
1993-08-30,1.940000
1993-08-31,1.910000
1993-09-01,1.890000
1993-09-02,1.920000
1993-09-03,1.950000
1993-09-07,2.000000
1993-09-08,1.970000
1993-09-09,1.970000
1993-09-10,1.990000
1993-09-13,2.010000
1993-09-14,1.940000
1993-09-15,1.920000
1993-09-16,2.000000
1993-09-17,2.000000
1993-09-20,2.010000
1993-09-21,1.980000
1993-09-22,1.990000
1993-09-23,2.000000
1993-09-24,2.000000
1993-09-27,2.030000
1993-09-28,2.040000
1993-09-29,2.010000
1993-09-30,2.000000
1993-10-01,2.020000
1993-10-04,2.030000
1993-10-05,2.010000
1993-10-06,2.020000
1993-10-07,2.040000
1993-10-08,2.030000
1993-10-12,2.000000
1993-10-13,2.020000
1993-10-14,2.010000
1993-10-15,1.990000
1993-10-18,1.960000
1993-10-19,1.960000
1993-10-20,1.950000
1993-10-21,1.930000
1993-10-22,1.910000
1993-10-25,1.900000
1993-10-26,1.930000
1993-10-27,1.950000
1993-10-28,1.980000
1993-10-29,1.960000
1993-11-01,1.880000
1993-11-02,1.880000
1993-11-03,1.900000
1993-11-04,1.970000
1993-11-05,1.930000
1993-11-08,1.960000
1993-11-09,1.970000
1993-11-10,1.940000
1993-11-12,1.980000
1993-11-15,1.970000
1993-11-16,2.020000
1993-11-17,2.000000
1993-11-18,1.990000
1993-11-19,1.920000
1993-11-22,1.890000
1993-11-23,1.900000
1993-11-24,1.900000
1993-11-26,1.930000
1993-11-29,1.890000
1993-11-30,1.910000
1993-12-01,1.890000
1993-12-02,1.880000
1993-12-03,1.890000
1993-12-06,1.900000
1993-12-07,1.900000
1993-12-08,1.900000
1993-12-09,1.920000
1993-12-10,1.890000
1993-12-13,1.890000
1993-12-14,1.890000
1993-12-15,1.900000
1993-12-16,1.900000
1993-12-17,1.920000
1993-12-20,1.900000
1993-12-21,1.890000
1993-12-22,1.940000
1993-12-23,1.930000
1993-12-27,1.940000
1993-12-28,1.960000
1993-12-29,1.940000
1993-12-30,1.930000
1993-12-31,1.940000
1994-01-03,1.900000
1994-01-04,1.890000
1994-01-05,1.880000
1994-01-06,1.890000
1994-01-07,1.930000
1994-01-10,1.940000
1994-01-11,1.940000
1994-01-12,1.950000
1994-01-13,1.900000
1994-01-14,1.890000
1994-01-18,1.900000
1994-01-19,1.890000
1994-01-20,1.910000
1994-01-21,1.900000
1994-01-24,1.890000
1994-01-25,1.880000
1994-01-26,1.890000
1994-01-27,1.880000
1994-01-28,1.860000
1994-01-31,1.850000
1994-02-01,1.840000
1994-02-02,1.830000
1994-02-03,1.820000
1994-02-04,1.740000
1994-02-07,1.740000
1994-02-08,1.730000
1994-02-09,1.810000
1994-02-10,1.820000
1994-02-11,1.820000
1994-02-14,1.810000
1994-02-15,1.840000
1994-02-16,1.830000
1994-02-17,1.790000
1994-02-18,1.780000
1994-02-22,1.800000
1994-02-23,1.770000
1994-02-24,1.740000
1994-02-25,1.740000
1994-02-28,1.770000
1994-03-01,1.720000
1994-03-02,1.710000
1994-03-03,1.710000
1994-03-04,1.700000
1994-03-07,1.700000
1994-03-08,1.670000
1994-03-09,1.680000
1994-03-10,1.670000
1994-03-11,1.680000
1994-03-14,1.650000
1994-03-15,1.640000
1994-03-16,1.660000
1994-03-17,1.650000
1994-03-18,1.630000
1994-03-21,1.640000
1994-03-22,1.640000
1994-03-23,1.640000
1994-03-24,1.600000
1994-03-25,1.590000
1994-03-28,1.590000
1994-03-29,1.570000
1994-03-30,1.540000
1994-03-31,1.590000
1994-04-04,1.520000
1994-04-05,1.580000
1994-04-06,1.600000
1994-04-07,1.630000
1994-04-08,1.590000
1994-04-11,1.590000
1994-04-12,1.590000
1994-04-13,1.580000
1994-04-14,1.560000
1994-04-15,1.570000
1994-04-18,1.510000
1994-04-19,1.510000
1994-04-20,1.530000
1994-04-21,1.550000
1994-04-22,1.530000
1994-04-25,1.530000
1994-04-26,1.510000
1994-04-28,1.500000
1994-04-29,1.480000
1994-05-02,1.460000
1994-05-03,1.440000
1994-05-04,1.440000
1994-05-05,1.440000
1994-05-06,1.360000
1994-05-09,1.300000
1994-05-10,1.350000
1994-05-11,1.410000
1994-05-12,1.380000
1994-05-13,1.410000
1994-05-16,1.430000
1994-05-17,1.440000
1994-05-18,1.460000
1994-05-19,1.500000
1994-05-20,1.520000
1994-05-23,1.460000
1994-05-24,1.440000
1994-05-25,1.470000
1994-05-26,1.520000
1994-05-27,1.510000
1994-05-31,1.510000
1994-06-01,1.530000
1994-06-02,1.540000
1994-06-03,1.520000
1994-06-06,1.550000
1994-06-07,1.540000
1994-06-08,1.560000
1994-06-09,1.530000
1994-06-10,1.530000
1994-06-13,1.560000
1994-06-14,1.560000
1994-06-15,1.520000
1994-06-16,1.560000
1994-06-17,1.580000
1994-06-20,1.580000
1994-06-21,1.550000
1994-06-22,1.550000
1994-06-23,1.570000
1994-06-24,1.550000
1994-06-27,1.550000
1994-06-28,1.530000
1994-06-29,1.540000
1994-06-30,1.520000
1994-07-01,1.510000
1994-07-05,1.530000
1994-07-06,1.540000
1994-07-07,1.530000
1994-07-08,1.510000
1994-07-11,1.490000
1994-07-12,1.500000
1994-07-13,1.500000
1994-07-14,1.510000
1994-07-15,1.510000
1994-07-18,1.520000
1994-07-19,1.550000
1994-07-20,1.520000
1994-07-21,1.500000
1994-07-22,1.490000
1994-07-25,1.490000
1994-07-26,1.490000
1994-07-27,1.470000
1994-07-28,1.460000
1994-07-29,1.490000
1994-08-01,1.500000
1994-08-02,1.490000
1994-08-03,1.510000
1994-08-04,1.490000
1994-08-05,1.470000
1994-08-08,1.450000
1994-08-09,1.460000
1994-08-10,1.490000
1994-08-11,1.490000
1994-08-12,1.510000
1994-08-15,1.480000
1994-08-16,1.500000
1994-08-17,1.510000
1994-08-18,1.470000
1994-08-19,1.510000
1994-08-22,1.510000
1994-08-23,1.520000
1994-08-24,1.530000
1994-08-25,1.520000
1994-08-26,1.530000
1994-08-29,1.540000
1994-08-30,1.550000
1994-08-31,1.550000
1994-09-01,1.550000
1994-09-02,1.560000
1994-09-06,1.560000
1994-09-07,1.560000
1994-09-08,1.550000
1994-09-09,1.540000
1994-09-12,1.510000
1994-09-13,1.540000
1994-09-14,1.520000
1994-09-15,1.560000
1994-09-16,1.520000
1994-09-19,1.520000
1994-09-20,1.510000
1994-09-21,1.490000
1994-09-22,1.470000
1994-09-23,1.480000
1994-09-26,1.480000
1994-09-27,1.490000
1994-09-28,1.510000
1994-09-29,1.520000
1994-09-30,1.500000
1994-10-03,1.500000
1994-10-04,1.470000
1994-10-05,1.470000
1994-10-06,1.460000
1994-10-07,1.510000
1994-10-11,1.480000
1994-10-12,1.470000
1994-10-13,1.460000
1994-10-14,1.490000
1994-10-17,1.510000
1994-10-18,1.480000
1994-10-19,1.480000
1994-10-20,1.450000
1994-10-21,1.440000
1994-10-24,1.440000
1994-10-25,1.440000
1994-10-26,1.440000
1994-10-27,1.420000
1994-10-28,1.400000
1994-10-31,1.400000
1994-11-01,1.400000
1994-11-02,1.360000
1994-11-03,1.400000
1994-11-04,1.350000
1994-11-07,1.370000
1994-11-08,1.360000
1994-11-09,1.380000
1994-11-10,1.390000
1994-11-14,1.390000
1994-11-15,1.340000
1994-11-16,1.350000
1994-11-17,1.370000
1994-11-18,1.350000
1994-11-21,1.340000
1994-11-22,1.320000
1994-11-23,1.360000
1994-11-25,1.380000
1994-11-28,1.330000
1994-11-29,1.310000
1994-11-30,1.300000
1994-12-01,1.310000
1994-12-02,1.330000
1994-12-05,1.330000
1994-12-06,1.350000
1994-12-07,1.320000
1994-12-08,1.320000
1994-12-09,1.290000
1994-12-12,1.290000
1994-12-13,1.280000
1994-12-14,1.270000
1994-12-15,1.310000
1994-12-16,1.280000
1994-12-19,1.270000
1994-12-20,1.270000
1994-12-21,1.270000
1994-12-22,1.270000
1994-12-23,1.230000
1994-12-27,1.250000
1994-12-28,1.260000
1994-12-29,1.280000
1994-12-30,1.300000
1995-01-03,1.290000
1995-01-04,1.280000
1995-01-05,1.270000
1995-01-06,1.220000
1995-01-09,1.250000
1995-01-10,1.260000
1995-01-11,1.310000
1995-01-12,1.320000
1995-01-13,1.350000
1995-01-17,1.340000
1995-01-18,1.320000
1995-01-19,1.320000
1995-01-20,1.310000
1995-01-23,1.330000
1995-01-24,1.300000
1995-01-25,1.320000
1995-01-26,1.310000
1995-01-27,1.310000
1995-01-30,1.310000
1995-01-31,1.330000
1995-02-01,1.280000
1995-02-02,1.290000
1995-02-03,1.320000
1995-02-06,1.320000
1995-02-07,1.320000
1995-02-08,1.330000
1995-02-09,1.300000
1995-02-10,1.320000
1995-02-13,1.320000
1995-02-14,1.360000
1995-02-15,1.370000
1995-02-16,1.420000
1995-02-17,1.400000
1995-02-21,1.410000
1995-02-22,1.460000
1995-02-23,1.470000
1995-02-24,1.490000
1995-02-27,1.520000
1995-02-28,1.530000
1995-03-01,1.490000
1995-03-02,1.470000
1995-03-03,1.460000
1995-03-06,1.460000
1995-03-07,1.460000
1995-03-08,1.440000
1995-03-09,1.480000
1995-03-10,1.470000
1995-03-13,1.490000
1995-03-14,1.500000
1995-03-15,1.530000
1995-03-16,1.530000
1995-03-17,1.520000
1995-03-20,1.530000
1995-03-21,1.520000
1995-03-22,1.530000
1995-03-23,1.510000
1995-03-24,1.550000
1995-03-27,1.540000
1995-03-28,1.490000
1995-03-29,1.480000
1995-03-30,1.480000
1995-03-31,1.490000
1995-04-03,1.500000
1995-04-04,1.490000
1995-04-05,1.500000
1995-04-06,1.520000
1995-04-07,1.520000
1995-04-10,1.520000
1995-04-11,1.540000
1995-04-12,1.550000
1995-04-13,1.550000
1995-04-17,1.560000
1995-04-18,1.580000
1995-04-19,1.540000
1995-04-20,1.550000
1995-04-21,1.580000
1995-04-24,1.550000
1995-04-25,1.550000
1995-04-26,1.550000
1995-04-27,1.530000
1995-04-28,1.510000
1995-05-01,1.480000
1995-05-02,1.490000
1995-05-03,1.520000
1995-05-04,1.530000
1995-05-05,1.580000
1995-05-08,1.570000
1995-05-09,1.610000
1995-05-10,1.580000
1995-05-11,1.580000
1995-05-12,1.580000
1995-05-15,1.580000
1995-05-16,1.560000
1995-05-17,1.570000
1995-05-18,1.550000
1995-05-19,1.540000
1995-05-22,1.530000
1995-05-23,1.560000
1995-05-24,1.590000
1995-05-25,1.610000
1995-05-26,1.630000
1995-05-30,1.650000
1995-05-31,1.660000
1995-06-01,1.710000
1995-06-02,1.710000
1995-06-05,1.730000
1995-06-06,1.720000
1995-06-07,1.650000
1995-06-08,1.650000
1995-06-09,1.620000
1995-06-12,1.660000
1995-06-13,1.800000
1995-06-14,1.780000
1995-06-15,1.780000
1995-06-16,1.760000
1995-06-19,1.770000
1995-06-20,1.750000
1995-06-21,1.770000
1995-06-22,1.760000
1995-06-23,1.780000
1995-06-26,1.760000
1995-06-27,1.740000
1995-06-28,1.760000
1995-06-29,1.710000
1995-06-30,1.740000
1995-07-03,1.740000
1995-07-05,1.760000
1995-07-06,1.820000
1995-07-07,1.800000
1995-07-10,1.800000
1995-07-11,1.790000
1995-07-12,1.790000
1995-07-13,1.780000
1995-07-14,1.770000
1995-07-17,1.760000
1995-07-18,1.770000
1995-07-19,1.750000
1995-07-20,1.760000
1995-07-21,1.740000
1995-07-24,1.780000
1995-07-25,1.740000
1995-07-26,1.710000
1995-07-27,1.720000
1995-07-28,1.710000
1995-07-31,1.720000
1995-08-01,1.730000
1995-08-02,1.720000
1995-08-03,1.680000
1995-08-04,1.700000
1995-08-07,1.700000
1995-08-08,1.700000
1995-08-09,1.740000
1995-08-10,1.730000
1995-08-11,1.710000
1995-08-14,1.710000
1995-08-15,1.700000
1995-08-16,1.690000
1995-08-17,1.680000
1995-08-18,1.680000
1995-08-21,1.670000
1995-08-22,1.660000
1995-08-23,1.660000
1995-08-24,1.690000
1995-08-25,1.750000
1995-08-28,1.730000
1995-08-29,1.720000
1995-08-30,1.730000
1995-08-31,1.730000
1995-09-01,1.760000
1995-09-05,1.750000
1995-09-06,1.770000
1995-09-07,1.740000
1995-09-08,1.740000
1995-09-11,1.720000
1995-09-12,1.760000
1995-09-13,1.740000
1995-09-14,1.790000
1995-09-15,1.770000
1995-09-18,1.760000
1995-09-19,1.760000
1995-09-20,1.770000
1995-09-21,1.750000
1995-09-22,1.720000
1995-09-25,1.690000
1995-09-26,1.690000
1995-09-27,1.680000
1995-09-28,1.670000
1995-09-29,1.710000
1995-10-02,1.700000
1995-10-03,1.710000
1995-10-04,1.700000
1995-10-05,1.730000
1995-10-06,1.720000
1995-10-10,1.700000
1995-10-11,1.710000
1995-10-12,1.700000
1995-10-13,1.700000
1995-10-16,1.720000
1995-10-17,1.730000
1995-10-18,1.720000
1995-10-19,1.710000
1995-10-20,1.690000
1995-10-23,1.690000
1995-10-24,1.700000
1995-10-25,1.680000
1995-10-26,1.690000
1995-10-27,1.700000
1995-10-30,1.710000
1995-10-31,1.700000
1995-11-01,1.730000
1995-11-02,1.740000
1995-11-03,1.730000
1995-11-06,1.730000
1995-11-07,1.740000
1995-11-08,1.750000
1995-11-09,1.740000
1995-11-10,1.740000
1995-11-13,1.710000
1995-11-14,1.720000
1995-11-15,1.730000
1995-11-16,1.740000
1995-11-17,1.750000
1995-11-20,1.760000
1995-11-21,1.800000
1995-11-22,1.790000
1995-11-24,1.780000
1995-11-27,1.770000
1995-11-28,1.780000
1995-11-29,1.800000
1995-11-30,1.810000
1995-12-01,1.830000
1995-12-04,1.830000
1995-12-05,1.820000
1995-12-06,1.810000
1995-12-07,1.790000
1995-12-08,1.760000
1995-12-11,1.750000
1995-12-12,1.770000
1995-12-13,1.770000
1995-12-14,1.760000
1995-12-15,1.770000
1995-12-18,1.740000
1995-12-19,1.720000
1995-12-20,1.770000
1995-12-21,1.770000
1995-12-22,1.780000
1995-12-26,1.780000
1995-12-27,1.780000
1995-12-28,1.780000
1995-12-29,1.800000
1996-01-02,1.780000
1996-01-03,1.790000
1996-01-04,1.790000
1996-01-05,1.810000
1996-01-08,1.810000
1996-01-09,1.760000
1996-01-10,1.770000
1996-01-11,1.780000
1996-01-12,1.790000
1996-01-16,1.840000
1996-01-17,1.850000
1996-01-18,1.860000
1996-01-19,1.840000
1996-01-22,1.840000
1996-01-23,1.820000
1996-01-24,1.830000
1996-01-25,1.790000
1996-01-26,1.820000
1996-01-29,1.800000
1996-01-30,1.810000
1996-01-31,1.820000
1996-02-01,1.830000
1996-02-02,1.840000
1996-02-05,1.820000
1996-02-06,1.810000
1996-02-07,1.830000
1996-02-08,1.850000
1996-02-09,1.840000
1996-02-12,1.830000
1996-02-13,1.840000
1996-02-14,1.840000
1996-02-15,1.850000
1996-02-16,1.870000
1996-02-20,1.750000
1996-02-21,1.780000
1996-02-22,1.830000
1996-02-23,1.840000
1996-02-26,1.810000
1996-02-27,1.810000
1996-02-28,1.770000
1996-02-29,1.780000
1996-03-01,1.820000
1996-03-04,1.860000
1996-03-05,1.850000
1996-03-06,1.830000
1996-03-07,1.830000
1996-03-08,1.710000
1996-03-11,1.730000
1996-03-12,1.740000
1996-03-13,1.730000
1996-03-14,1.720000
1996-03-15,1.700000
1996-03-18,1.720000
1996-03-19,1.710000
1996-03-20,1.760000
1996-03-21,1.780000
1996-03-22,1.770000
1996-03-25,1.760000
1996-03-26,1.780000
1996-03-27,1.780000
1996-03-28,1.760000
1996-03-29,1.780000
1996-04-01,1.790000
1996-04-02,1.810000
1996-04-03,1.810000
1996-04-04,1.770000
1996-04-05,1.680000
1996-04-08,1.710000
1996-04-09,1.700000
1996-04-10,1.700000
1996-04-11,1.660000
1996-04-12,1.700000
1996-04-15,1.720000
1996-04-16,1.680000
1996-04-17,1.670000
1996-04-18,1.640000
1996-04-19,1.650000
1996-04-22,1.650000
1996-04-23,1.640000
1996-04-24,1.610000
1996-04-25,1.620000
1996-04-26,1.630000
1996-04-29,1.610000
1996-04-30,1.610000
1996-05-01,1.610000
1996-05-02,1.580000
1996-05-03,1.580000
1996-05-06,1.600000
1996-05-07,1.580000
1996-05-08,1.600000
1996-05-09,1.550000
1996-05-10,1.570000
1996-05-13,1.570000
1996-05-14,1.580000
1996-05-15,1.580000
1996-05-16,1.570000
1996-05-17,1.570000
1996-05-20,1.570000
1996-05-21,1.560000
1996-05-22,1.550000
1996-05-23,1.550000
1996-05-24,1.560000
1996-05-28,1.540000
1996-05-29,1.500000
1996-05-30,1.490000
1996-05-31,1.480000
1996-06-03,1.480000
1996-06-04,1.490000
1996-06-05,1.510000
1996-06-06,1.490000
1996-06-07,1.480000
1996-06-10,1.460000
1996-06-11,1.460000
1996-06-12,1.480000
1996-06-13,1.500000
1996-06-14,1.490000
1996-06-17,1.500000
1996-06-18,1.500000
1996-06-19,1.480000
1996-06-20,1.480000
1996-06-21,1.500000
1996-06-24,1.480000
1996-06-25,1.490000
1996-06-26,1.470000
1996-06-27,1.510000
1996-06-28,1.510000
1996-07-01,1.500000
1996-07-02,1.460000
1996-07-03,1.490000
1996-07-05,1.430000
1996-07-08,1.440000
1996-07-09,1.460000
1996-07-10,1.490000
1996-07-11,1.480000
1996-07-12,1.490000
1996-07-15,1.490000
1996-07-16,1.500000
1996-07-17,1.510000
1996-07-18,1.540000
1996-07-19,1.510000
1996-07-22,1.500000
1996-07-23,1.500000
1996-07-24,1.500000
1996-07-25,1.490000
1996-07-26,1.490000
1996-07-29,1.470000
1996-07-30,1.490000
1996-07-31,1.500000
1996-08-01,1.540000
1996-08-02,1.570000
1996-08-05,1.550000
1996-08-06,1.540000
1996-08-07,1.540000
1996-08-08,1.550000
1996-08-09,1.540000
1996-08-12,1.560000
1996-08-13,1.520000
1996-08-14,1.560000
1996-08-15,1.530000
1996-08-16,1.550000
1996-08-19,1.540000
1996-08-20,1.550000
1996-08-21,1.570000
1996-08-22,1.570000
1996-08-23,1.540000
1996-08-26,1.520000
1996-08-27,1.530000
1996-08-28,1.530000
1996-08-29,1.500000
1996-08-30,1.480000
1996-09-03,1.480000
1996-09-04,1.500000
1996-09-05,1.480000
1996-09-06,1.480000
1996-09-09,1.510000
1996-09-10,1.510000
1996-09-11,1.510000
1996-09-12,1.520000
1996-09-13,1.540000
1996-09-16,1.540000
1996-09-17,1.510000
1996-09-18,1.510000
1996-09-19,1.490000
1996-09-20,1.490000
1996-09-23,1.510000
1996-09-24,1.550000
1996-09-25,1.560000
1996-09-26,1.540000
1996-09-27,1.530000
1996-09-30,1.500000
1996-10-01,1.520000
1996-10-02,1.530000
1996-10-03,1.530000
1996-10-04,1.550000
1996-10-07,1.540000
1996-10-08,1.540000
1996-10-09,1.570000
1996-10-10,1.550000
1996-10-11,1.550000
1996-10-15,1.550000
1996-10-16,1.550000
1996-10-17,1.560000
1996-10-18,1.520000
1996-10-21,1.520000
1996-10-22,1.500000
1996-10-23,1.520000
1996-10-24,1.530000
1996-10-25,1.520000
1996-10-28,1.510000
1996-10-29,1.550000
1996-10-30,1.530000
1996-10-31,1.540000
1996-11-01,1.560000
1996-11-04,1.560000
1996-11-05,1.590000
1996-11-06,1.560000
1996-11-07,1.550000
1996-11-08,1.530000
1996-11-12,1.560000
1996-11-13,1.570000
1996-11-14,1.580000
1996-11-15,1.570000
1996-11-18,1.580000
1996-11-19,1.580000
1996-11-20,1.580000
1996-11-21,1.560000
1996-11-22,1.620000
1996-11-25,1.620000
1996-11-26,1.640000
1996-11-27,1.630000
1996-11-29,1.650000
1996-12-02,1.650000
1996-12-03,1.670000
1996-12-04,1.660000
1996-12-05,1.630000
1996-12-06,1.620000
1996-12-09,1.620000
1996-12-10,1.610000
1996-12-11,1.560000
1996-12-12,1.560000
1996-12-13,1.580000
1996-12-16,1.580000
1996-12-17,1.580000
1996-12-18,1.560000
1996-12-19,1.590000
1996-12-20,1.570000
1996-12-23,1.580000
1996-12-24,1.550000
1996-12-26,1.570000
1996-12-27,1.570000
1996-12-30,1.550000
1996-12-31,1.540000
1997-01-02,1.520000
1997-01-03,1.530000
1997-01-06,1.530000
1997-01-07,1.550000
1997-01-08,1.530000
1997-01-09,1.540000
1997-01-10,1.520000
1997-01-13,1.480000
1997-01-14,1.510000
1997-01-15,1.510000
1997-01-16,1.520000
1997-01-17,1.520000
1997-01-21,1.560000
1997-01-22,1.520000
1997-01-23,1.490000
1997-01-24,1.510000
1997-01-27,1.490000
1997-01-28,1.510000
1997-01-29,1.510000
1997-01-30,1.510000
1997-01-31,1.500000
1997-02-03,1.510000
1997-02-04,1.510000
1997-02-05,1.510000
1997-02-06,1.510000
1997-02-07,1.540000
1997-02-10,1.540000
1997-02-11,1.480000
1997-02-12,1.530000
1997-02-13,1.540000
1997-02-14,1.530000
1997-02-18,1.540000
1997-02-19,1.550000
1997-02-20,1.510000
1997-02-21,1.550000
1997-02-24,1.540000
1997-02-25,1.540000
1997-02-26,1.500000
1997-02-27,1.500000
1997-02-28,1.490000
1997-03-03,1.510000
1997-03-04,1.500000
1997-03-05,1.490000
1997-03-06,1.510000
1997-03-07,1.530000
1997-03-10,1.530000
1997-03-11,1.540000
1997-03-12,1.520000
1997-03-13,1.500000
1997-03-14,1.480000
1997-03-17,1.480000
1997-03-18,1.480000
1997-03-19,1.510000
1997-03-20,1.490000
1997-03-21,1.490000
1997-03-24,1.480000
1997-03-25,1.470000
1997-03-26,1.430000
1997-03-27,1.420000
1997-03-31,1.400000
1997-04-01,1.410000
1997-04-02,1.430000
1997-04-03,1.450000
1997-04-04,1.460000
1997-04-07,1.470000
1997-04-08,1.440000
1997-04-09,1.440000
1997-04-10,1.440000
1997-04-11,1.420000
1997-04-14,1.420000
1997-04-15,1.450000
1997-04-16,1.440000
1997-04-17,1.450000
1997-04-18,1.480000
1997-04-21,1.480000
1997-04-22,1.470000
1997-04-23,1.450000
1997-04-24,1.430000
1997-04-25,1.450000
1997-04-28,1.460000
1997-04-29,1.490000
1997-04-30,1.500000
1997-05-01,1.520000
1997-05-02,1.530000
1997-05-05,1.510000
1997-05-06,1.490000
1997-05-07,1.460000
1997-05-08,1.460000
1997-05-09,1.500000
1997-05-12,1.510000
1997-05-13,1.480000
1997-05-14,1.490000
1997-05-15,1.480000
1997-05-16,1.470000
1997-05-19,1.470000
1997-05-20,1.480000
1997-05-21,1.490000
1997-05-22,1.490000
1997-05-23,1.510000
1997-05-27,1.500000
1997-05-28,1.480000
1997-05-29,1.500000
1997-05-30,1.510000
1997-06-02,1.500000
1997-06-03,1.510000
1997-06-04,1.510000
1997-06-05,1.520000
1997-06-06,1.550000
1997-06-09,1.550000
1997-06-10,1.550000
1997-06-11,1.540000
1997-06-12,1.530000
1997-06-13,1.540000
1997-06-16,1.550000
1997-06-17,1.540000
1997-06-18,1.540000
1997-06-19,1.540000
1997-06-20,1.520000
1997-06-23,1.540000
1997-06-24,1.510000
1997-06-25,1.510000
1997-06-26,1.500000
1997-06-27,1.510000
1997-06-30,1.500000
1997-07-01,1.510000
1997-07-02,1.520000
1997-07-03,1.550000
1997-07-07,1.550000
1997-07-08,1.540000
1997-07-09,1.530000
1997-07-10,1.530000
1997-07-11,1.540000
1997-07-14,1.520000
1997-07-15,1.520000
1997-07-16,1.530000
1997-07-17,1.540000
1997-07-18,1.520000
1997-07-21,1.520000
1997-07-22,1.540000
1997-07-23,1.520000
1997-07-24,1.510000
1997-07-25,1.510000
1997-07-28,1.500000
1997-07-29,1.520000
1997-07-30,1.530000
1997-07-31,1.540000
1997-08-01,1.490000
1997-08-04,1.500000
1997-08-05,1.500000
1997-08-06,1.500000
1997-08-07,1.500000
1997-08-08,1.510000
1997-08-11,1.500000
1997-08-12,1.480000
1997-08-13,1.520000
1997-08-14,1.580000
1997-08-15,1.580000
1997-08-18,1.630000
1997-08-19,1.620000
1997-08-20,1.590000
1997-08-21,1.550000
1997-08-22,1.500000
1997-08-25,1.520000
1997-08-26,1.450000
1997-08-27,1.440000
1997-08-28,1.480000
1997-08-29,1.440000
1997-09-02,1.460000
1997-09-03,1.450000
1997-09-04,1.450000
1997-09-05,1.440000
1997-09-08,1.470000
1997-09-09,1.460000
1997-09-10,1.450000
1997-09-11,1.460000
1997-09-12,1.480000
1997-09-15,1.490000
1997-09-16,1.560000
1997-09-17,1.540000
1997-09-18,1.530000
1997-09-19,1.550000
1997-09-22,1.560000
1997-09-23,1.540000
1997-09-24,1.550000
1997-09-25,1.520000
1997-09-26,1.550000
1997-09-29,1.540000
1997-09-30,1.540000
1997-10-01,1.550000
1997-10-02,1.570000
1997-10-03,1.570000
1997-10-06,1.600000
1997-10-07,1.590000
1997-10-08,1.550000
1997-10-09,1.540000
1997-10-10,1.510000
1997-10-14,1.550000
1997-10-15,1.540000
1997-10-16,1.550000
1997-10-17,1.470000
1997-10-20,1.520000
1997-10-21,1.450000
1997-10-22,1.470000
1997-10-23,1.450000
1997-10-24,1.480000
1997-10-27,1.610000
1997-10-28,1.560000
1997-10-29,1.590000
1997-10-30,1.610000
1997-10-31,1.600000
1997-11-03,1.560000
1997-11-04,1.510000
1997-11-05,1.550000
1997-11-06,1.560000
1997-11-07,1.560000
1997-11-10,1.550000
1997-11-12,1.560000
1997-11-13,1.550000
1997-11-14,1.560000
1997-11-17,1.560000
1997-11-18,1.540000
1997-11-19,1.540000
1997-11-20,1.540000
1997-11-21,1.550000
1997-11-24,1.540000
1997-11-25,1.530000
1997-11-26,1.510000
1997-11-28,1.520000
1997-12-01,1.490000
1997-12-02,1.490000
1997-12-03,1.520000
1997-12-04,1.520000
1997-12-05,1.480000
1997-12-08,1.470000
1997-12-09,1.500000
1997-12-10,1.520000
1997-12-11,1.530000
1997-12-12,1.560000
1997-12-15,1.540000
1997-12-16,1.530000
1997-12-17,1.520000
1997-12-18,1.530000
1997-12-19,1.540000
1997-12-22,1.530000
1997-12-23,1.530000
1997-12-24,1.500000
1997-12-26,1.510000
1997-12-29,1.520000
1997-12-30,1.520000
1997-12-31,1.530000
1998-01-02,1.540000
1998-01-05,1.600000
1998-01-06,1.630000
1998-01-07,1.620000
1998-01-08,1.640000
1998-01-09,1.710000
1998-01-12,1.710000
1998-01-13,1.710000
1998-01-14,1.680000
1998-01-15,1.660000
1998-01-16,1.670000
1998-01-20,1.640000
1998-01-21,1.660000
1998-01-22,1.670000
1998-01-23,1.630000
1998-01-26,1.650000
1998-01-27,1.620000
1998-01-28,1.650000
1998-01-29,1.670000
1998-01-30,1.680000
1998-02-02,1.680000
1998-02-03,1.690000
1998-02-04,1.680000
1998-02-05,1.680000
1998-02-06,1.680000
1998-02-09,1.690000
1998-02-10,1.670000
1998-02-11,1.720000
1998-02-12,1.730000
1998-02-13,1.720000
1998-02-17,1.730000
1998-02-18,1.700000
1998-02-19,1.690000
1998-02-20,1.680000
1998-02-23,1.660000
1998-02-24,1.610000
1998-02-25,1.640000
1998-02-26,1.630000
1998-02-27,1.670000
1998-03-02,1.650000
1998-03-03,1.640000
1998-03-04,1.640000
1998-03-05,1.650000
1998-03-06,1.640000
1998-03-09,1.660000
1998-03-10,1.650000
1998-03-11,1.690000
1998-03-12,1.690000
1998-03-13,1.690000
1998-03-16,1.700000
1998-03-17,1.710000
1998-03-18,1.690000
1998-03-19,1.710000
1998-03-20,1.700000
1998-03-23,1.700000
1998-03-24,1.690000
1998-03-25,1.670000
1998-03-26,1.640000
1998-03-27,1.660000
1998-03-30,1.640000
1998-03-31,1.670000
1998-04-01,1.700000
1998-04-02,1.710000
1998-04-03,1.740000
1998-04-06,1.730000
1998-04-07,1.730000
1998-04-08,1.740000
1998-04-09,1.710000
1998-04-13,1.690000
1998-04-14,1.700000
1998-04-15,1.710000
1998-04-16,1.700000
1998-04-17,1.700000
1998-04-20,1.680000
1998-04-21,1.670000
1998-04-22,1.690000
1998-04-23,1.680000
1998-04-24,1.680000
1998-04-27,1.650000
1998-04-28,1.640000
1998-04-29,1.640000
1998-04-30,1.660000
1998-05-01,1.660000
1998-05-04,1.660000
1998-05-05,1.660000
1998-05-06,1.660000
1998-05-07,1.670000
1998-05-08,1.630000
1998-05-11,1.620000
1998-05-12,1.640000
1998-05-13,1.690000
1998-05-14,1.680000
1998-05-15,1.630000
1998-05-18,1.630000
1998-05-19,1.640000
1998-05-20,1.640000
1998-05-21,1.630000
1998-05-22,1.620000
1998-05-26,1.630000
1998-05-27,1.650000
1998-05-28,1.630000
1998-05-29,1.630000
1998-06-01,1.640000
1998-06-02,1.630000
1998-06-03,1.620000
1998-06-04,1.610000
1998-06-05,1.600000
1998-06-08,1.600000
1998-06-09,1.590000
1998-06-10,1.610000
1998-06-11,1.640000
1998-06-12,1.650000
1998-06-15,1.660000
1998-06-16,1.630000
1998-06-17,1.610000
1998-06-18,1.620000
1998-06-19,1.650000
1998-06-22,1.640000
1998-06-23,1.670000
1998-06-24,1.680000
1998-06-25,1.680000
1998-06-26,1.670000
1998-06-29,1.660000
1998-06-30,1.670000
1998-07-01,1.670000
1998-07-02,1.670000
1998-07-06,1.680000
1998-07-07,1.670000
1998-07-08,1.680000
1998-07-09,1.680000
1998-07-10,1.680000
1998-07-13,1.690000
1998-07-14,1.690000
1998-07-15,1.690000
1998-07-16,1.680000
1998-07-17,1.680000
1998-07-20,1.700000
1998-07-21,1.690000
1998-07-22,1.690000
1998-07-23,1.690000
1998-07-24,1.700000
1998-07-27,1.700000
1998-07-28,1.670000
1998-07-29,1.710000
1998-07-30,1.710000
1998-07-31,1.710000
1998-08-03,1.700000
1998-08-04,1.720000
1998-08-05,1.720000
1998-08-06,1.720000
1998-08-07,1.730000
1998-08-10,1.720000
1998-08-11,1.740000
1998-08-12,1.750000
1998-08-13,1.730000
1998-08-14,1.740000
1998-08-17,1.740000
1998-08-18,1.730000
1998-08-19,1.740000
1998-08-20,1.740000
1998-08-21,1.800000
1998-08-24,1.820000
1998-08-25,1.900000
1998-08-26,1.910000
1998-08-27,2.050000
1998-08-28,2.070000
1998-08-31,2.060000
1998-09-01,2.090000
1998-09-02,2.040000
1998-09-03,2.080000
1998-09-04,2.070000
1998-09-08,2.090000
1998-09-09,2.130000
1998-09-10,2.250000
1998-09-11,2.230000
1998-09-14,2.240000
1998-09-15,2.220000
1998-09-16,2.240000
1998-09-17,2.290000
1998-09-18,2.370000
1998-09-21,2.380000
1998-09-22,2.350000
1998-09-23,2.380000
1998-09-24,2.420000
1998-09-25,2.480000
1998-09-28,2.490000
1998-09-29,2.500000
1998-09-30,2.570000
1998-10-01,2.620000
1998-10-02,2.600000
1998-10-05,2.690000
1998-10-06,2.660000
1998-10-07,2.620000
1998-10-08,2.650000
1998-10-09,2.560000
1998-10-13,2.580000
1998-10-14,2.650000
1998-10-15,2.680000
1998-10-16,2.770000
1998-10-19,2.740000
1998-10-20,2.700000
1998-10-21,2.670000
1998-10-22,2.690000
1998-10-23,2.640000
1998-10-26,2.570000
1998-10-27,2.610000
1998-10-28,2.660000
1998-10-29,2.690000
1998-10-30,2.650000
1998-11-02,2.610000
1998-11-03,2.600000
1998-11-04,2.600000
1998-11-05,2.610000
1998-11-06,2.540000
1998-11-09,2.460000
1998-11-10,2.540000
1998-11-12,2.560000
1998-11-13,2.520000
1998-11-16,2.520000
1998-11-17,2.490000
1998-11-18,2.500000
1998-11-19,2.460000
1998-11-20,2.460000
1998-11-23,2.460000
1998-11-24,2.440000
1998-11-25,2.440000
1998-11-27,2.440000
1998-11-30,2.450000
1998-12-01,2.510000
1998-12-02,2.570000
1998-12-03,2.600000
1998-12-04,2.600000
1998-12-07,2.530000
1998-12-08,2.590000
1998-12-09,2.600000
1998-12-10,2.630000
1998-12-11,2.600000
1998-12-14,2.610000
1998-12-15,2.600000
1998-12-16,2.620000
1998-12-17,2.620000
1998-12-18,2.650000
1998-12-21,2.590000
1998-12-22,2.570000
1998-12-23,2.510000
1998-12-24,2.500000
1998-12-28,2.530000
1998-12-29,2.570000
1998-12-30,2.610000
1998-12-31,2.580000
1999-01-04,2.610000
1999-01-05,2.610000
1999-01-06,2.590000
1999-01-07,2.570000
1999-01-08,2.510000
1999-01-11,2.480000
1999-01-12,2.530000
1999-01-13,2.550000
1999-01-14,2.600000
1999-01-15,2.610000
1999-01-19,2.560000
1999-01-20,2.530000
1999-01-21,2.570000
1999-01-22,2.590000
1999-01-25,2.580000
1999-01-26,2.570000
1999-01-27,2.580000
1999-01-28,2.560000
1999-01-29,2.550000
1999-02-01,2.530000
1999-02-02,2.530000
1999-02-03,2.490000
1999-02-04,2.480000
1999-02-05,2.450000
1999-02-08,2.450000
1999-02-09,2.450000
1999-02-10,2.460000
1999-02-11,2.440000
1999-02-12,2.310000
1999-02-16,2.340000
1999-02-17,2.370000
1999-02-18,2.350000
1999-02-19,2.340000
1999-02-22,2.340000
1999-02-23,2.310000
1999-02-24,2.290000
1999-02-25,2.240000
1999-02-26,2.240000
1999-03-01,2.210000
1999-03-02,2.230000
1999-03-03,2.240000
1999-03-04,2.230000
1999-03-05,2.240000
1999-03-08,2.270000
1999-03-09,2.320000
1999-03-10,2.310000
1999-03-11,2.310000
1999-03-12,2.330000
1999-03-15,2.320000
1999-03-16,2.340000
1999-03-17,2.340000
1999-03-18,2.360000
1999-03-19,2.330000
1999-03-22,2.320000
1999-03-23,2.330000
1999-03-24,2.330000
1999-03-25,2.320000
1999-03-26,2.330000
1999-03-29,2.290000
1999-03-30,2.320000
1999-03-31,2.310000
1999-04-01,2.320000
1999-04-02,2.330000
1999-04-05,2.320000
1999-04-06,2.340000
1999-04-07,2.330000
1999-04-08,2.370000
1999-04-09,2.350000
1999-04-12,2.340000
1999-04-13,2.310000
1999-04-14,2.310000
1999-04-15,2.270000
1999-04-16,2.270000
1999-04-19,2.290000
1999-04-20,2.290000
1999-04-21,2.290000
1999-04-22,2.270000
1999-04-23,2.260000
1999-04-26,2.270000
1999-04-27,2.260000
1999-04-28,2.230000
1999-04-29,2.240000
1999-04-30,2.220000
1999-05-03,2.200000
1999-05-04,2.210000
1999-05-05,2.210000
1999-05-06,2.170000
1999-05-07,2.170000
1999-05-10,2.130000
1999-05-11,2.120000
1999-05-12,2.190000
1999-05-13,2.200000
1999-05-14,2.120000
1999-05-17,2.090000
1999-05-18,2.110000
1999-05-19,2.140000
1999-05-20,2.210000
1999-05-21,2.230000
1999-05-24,2.270000
1999-05-25,2.270000
1999-05-26,2.240000
1999-05-27,2.190000
1999-05-28,2.180000
1999-06-01,2.120000
1999-06-02,2.100000
1999-06-03,2.120000
1999-06-04,2.120000
1999-06-07,2.130000
1999-06-08,2.130000
1999-06-09,2.100000
1999-06-10,2.090000
1999-06-11,2.070000
1999-06-14,2.080000
1999-06-15,2.090000
1999-06-16,2.110000
1999-06-17,2.150000
1999-06-18,2.130000
1999-06-21,2.120000
1999-06-22,2.120000
1999-06-23,2.100000
1999-06-24,2.100000
1999-06-25,2.130000
1999-06-28,2.130000
1999-06-29,2.120000
1999-06-30,2.180000
1999-07-01,2.130000
1999-07-02,2.140000
1999-07-06,2.120000
1999-07-07,2.080000
1999-07-08,2.110000
1999-07-09,2.110000
1999-07-12,2.120000
1999-07-13,2.140000
1999-07-14,2.130000
1999-07-15,2.150000
1999-07-16,2.170000
1999-07-19,2.190000
1999-07-20,2.190000
1999-07-21,2.240000
1999-07-22,2.180000
1999-07-23,2.180000
1999-07-26,2.160000
1999-07-27,2.170000
1999-07-28,2.180000
1999-07-29,2.200000
1999-07-30,2.190000
1999-08-02,2.190000
1999-08-03,2.190000
1999-08-04,2.160000
1999-08-05,2.190000
1999-08-06,2.190000
1999-08-09,2.140000
1999-08-10,2.130000
1999-08-11,2.210000
1999-08-12,2.220000
1999-08-13,2.260000
1999-08-16,2.210000
1999-08-17,2.240000
1999-08-18,2.240000
1999-08-19,2.230000
1999-08-20,2.230000
1999-08-23,2.210000
1999-08-24,2.250000
1999-08-25,2.270000
1999-08-26,2.270000
1999-08-27,2.240000
1999-08-30,2.230000
1999-08-31,2.230000
1999-09-01,2.230000
1999-09-02,2.240000
1999-09-03,2.280000
1999-09-07,2.260000
1999-09-08,2.270000
1999-09-09,2.260000
1999-09-10,2.270000
1999-09-13,2.270000
1999-09-14,2.250000
1999-09-15,2.250000
1999-09-16,2.260000
1999-09-17,2.280000
1999-09-20,2.280000
1999-09-21,2.270000
1999-09-22,2.280000
1999-09-23,2.330000
1999-09-24,2.410000
1999-09-27,2.380000
1999-09-28,2.350000
1999-09-29,2.310000
1999-09-30,2.300000
1999-10-01,2.260000
1999-10-04,2.280000
1999-10-05,2.270000
1999-10-06,2.240000
1999-10-07,2.240000
1999-10-08,2.260000
1999-10-12,2.280000
1999-10-13,2.290000
1999-10-14,2.280000
1999-10-15,2.310000
1999-10-18,2.310000
1999-10-19,2.250000
1999-10-20,2.240000
1999-10-21,2.270000
1999-10-22,2.250000
1999-10-25,2.250000
1999-10-26,2.240000
1999-10-27,2.260000
1999-10-28,2.260000
1999-10-29,2.280000
1999-11-01,2.270000
1999-11-02,2.260000
1999-11-03,2.270000
1999-11-04,2.280000
1999-11-05,2.270000
1999-11-08,2.250000
1999-11-09,2.160000
1999-11-10,2.130000
1999-11-12,2.130000
1999-11-15,2.090000
1999-11-16,2.040000
1999-11-17,2.040000
1999-11-18,2.040000
1999-11-19,2.020000
1999-11-22,2.030000
1999-11-23,2.040000
1999-11-24,2.020000
1999-11-26,2.010000
1999-11-29,1.990000
1999-11-30,1.990000
1999-12-01,1.970000
1999-12-02,1.950000
1999-12-03,1.960000
1999-12-06,1.960000
1999-12-07,1.970000
1999-12-08,1.950000
1999-12-09,1.950000
1999-12-10,1.950000
1999-12-13,1.950000
1999-12-14,1.940000
1999-12-15,1.930000
1999-12-16,1.930000
1999-12-17,1.930000
1999-12-20,1.910000
1999-12-21,1.920000
1999-12-22,1.890000
1999-12-23,1.880000
1999-12-27,1.860000
1999-12-28,1.850000
1999-12-29,1.840000
1999-12-30,1.840000
1999-12-31,1.730000
2000-01-03,1.690000
2000-01-04,1.720000
2000-01-05,1.670000
2000-01-06,1.670000
2000-01-07,1.700000
2000-01-10,1.700000
2000-01-11,1.690000
2000-01-12,1.680000
2000-01-13,1.750000
2000-01-14,1.730000
2000-01-18,1.720000
2000-01-19,1.700000
2000-01-20,1.660000
2000-01-21,1.630000
2000-01-24,1.670000
2000-01-25,1.630000
2000-01-26,1.590000
2000-01-27,1.550000
2000-01-28,1.600000
2000-01-31,1.680000
2000-02-01,1.650000
2000-02-02,1.620000
2000-02-03,1.640000
2000-02-04,1.600000
2000-02-07,1.660000
2000-02-08,1.590000
2000-02-09,1.700000
2000-02-10,1.720000
2000-02-11,1.730000
2000-02-14,1.740000
2000-02-15,1.770000
2000-02-16,1.790000
2000-02-17,1.750000
2000-02-18,1.820000
2000-02-22,1.880000
2000-02-23,1.840000
2000-02-24,1.940000
2000-02-25,1.990000
2000-02-28,2.010000
2000-02-29,1.910000
2000-03-01,1.960000
2000-03-02,1.950000
2000-03-03,1.930000
2000-03-06,1.910000
2000-03-07,1.950000
2000-03-08,1.980000
2000-03-09,2.050000
2000-03-10,2.090000
2000-03-13,2.170000
2000-03-14,2.150000
2000-03-15,2.170000
2000-03-16,2.160000
2000-03-17,2.160000
2000-03-20,2.140000
2000-03-21,2.180000
2000-03-22,2.200000
2000-03-23,2.200000
2000-03-24,2.130000
2000-03-27,2.110000
2000-03-28,2.160000
2000-03-29,2.200000
2000-03-30,2.300000
2000-03-31,2.300000
2000-04-03,2.300000
2000-04-04,2.380000
2000-04-05,2.450000
2000-04-06,2.390000
2000-04-07,2.400000
2000-04-10,2.440000
2000-04-11,2.450000
2000-04-12,2.440000
2000-04-13,2.450000
2000-04-14,2.530000
2000-04-17,2.500000
2000-04-18,2.430000
2000-04-19,2.420000
2000-04-20,2.410000
2000-04-24,2.420000
2000-04-25,2.360000
2000-04-26,2.370000
2000-04-27,2.340000
2000-04-28,2.340000
2000-05-01,2.300000
2000-05-02,2.320000
2000-05-03,2.340000
2000-05-04,2.380000
2000-05-05,2.360000
2000-05-08,2.350000
2000-05-09,2.360000
2000-05-10,2.410000
2000-05-11,2.490000
2000-05-12,2.520000
2000-05-15,2.520000
2000-05-16,2.510000
2000-05-17,2.530000
2000-05-18,2.520000
2000-05-19,2.550000
2000-05-22,2.570000
2000-05-23,2.550000
2000-05-24,2.520000
2000-05-25,2.500000
2000-05-26,2.510000
2000-05-30,2.490000
2000-05-31,2.520000
2000-06-01,2.510000
2000-06-02,2.500000
2000-06-05,2.440000
2000-06-06,2.390000
2000-06-07,2.360000
2000-06-08,2.350000
2000-06-09,2.340000
2000-06-12,2.350000
2000-06-13,2.360000
2000-06-14,2.350000
2000-06-15,2.360000
2000-06-16,2.370000
2000-06-19,2.380000
2000-06-20,2.360000
2000-06-21,2.350000
2000-06-22,2.370000
2000-06-23,2.340000
2000-06-26,2.410000
2000-06-27,2.380000
2000-06-28,2.400000
2000-06-29,2.400000
2000-06-30,2.400000
2000-07-03,2.410000
2000-07-05,2.400000
2000-07-06,2.380000
2000-07-07,2.370000
2000-07-10,2.340000
2000-07-11,2.330000
2000-07-12,2.290000
2000-07-13,2.300000
2000-07-14,2.240000
2000-07-17,2.220000
2000-07-18,2.220000
2000-07-19,2.240000
2000-07-20,2.290000
2000-07-21,2.270000
2000-07-24,2.260000
2000-07-25,2.260000
2000-07-26,2.270000
2000-07-27,2.240000
2000-07-28,2.250000
2000-07-31,2.270000
2000-08-01,2.270000
2000-08-02,2.300000
2000-08-03,2.310000
2000-08-04,2.330000
2000-08-07,2.290000
2000-08-08,2.310000
2000-08-09,2.440000
2000-08-10,2.470000
2000-08-11,2.450000
2000-08-14,2.450000
2000-08-15,2.430000
2000-08-16,2.420000
2000-08-17,2.460000
2000-08-18,2.460000
2000-08-21,2.470000
2000-08-22,2.510000
2000-08-23,2.530000
2000-08-24,2.490000
2000-08-25,2.500000
2000-08-28,2.490000
2000-08-29,2.490000
2000-08-30,2.490000
2000-08-31,2.510000
2000-09-01,2.540000
2000-09-05,2.530000
2000-09-06,2.540000
2000-09-07,2.510000
2000-09-08,2.520000
2000-09-11,2.520000
2000-09-12,2.560000
2000-09-13,2.580000
2000-09-14,2.580000
2000-09-15,2.600000
2000-09-18,2.610000
2000-09-19,2.570000
2000-09-20,2.550000
2000-09-21,2.550000
2000-09-22,2.550000
2000-09-25,2.530000
2000-09-26,2.520000
2000-09-27,2.540000
2000-09-28,2.500000
2000-09-29,2.540000
2000-10-02,2.580000
2000-10-03,2.540000
2000-10-04,2.510000
2000-10-05,2.520000
2000-10-06,2.530000
2000-10-10,2.540000
2000-10-11,2.610000
2000-10-12,2.640000
2000-10-13,2.640000
2000-10-16,2.630000
2000-10-17,2.640000
2000-10-18,2.680000
2000-10-19,2.660000
2000-10-20,2.650000
2000-10-23,2.680000
2000-10-24,2.660000
2000-10-25,2.650000
2000-10-26,2.600000
2000-10-27,2.580000
2000-10-30,2.560000
2000-10-31,2.560000
2000-11-01,2.570000
2000-11-02,2.540000
2000-11-03,2.520000
2000-11-06,2.500000
2000-11-07,2.500000
2000-11-08,2.480000
2000-11-09,2.500000
2000-11-10,2.500000
2000-11-13,2.520000
2000-11-14,2.520000
2000-11-15,2.520000
2000-11-16,2.540000
2000-11-17,2.580000
2000-11-20,2.610000
2000-11-21,2.640000
2000-11-22,2.610000
2000-11-24,2.630000
2000-11-27,2.650000
2000-11-28,2.600000
2000-11-29,2.630000
2000-11-30,2.640000
2000-12-01,2.660000
2000-12-04,2.660000
2000-12-05,2.690000
2000-12-06,2.730000
2000-12-07,2.720000
2000-12-08,2.740000
2000-12-11,2.710000
2000-12-12,2.720000
2000-12-13,2.740000
2000-12-14,2.770000
2000-12-15,2.770000
2000-12-18,2.810000
2000-12-19,2.810000
2000-12-20,2.870000
2000-12-21,2.890000
2000-12-22,2.900000
2000-12-26,2.890000
2000-12-27,2.860000
2000-12-28,2.830000
2000-12-29,2.880000
2001-01-02,2.990000
2001-01-03,2.830000
2001-01-04,2.910000
2001-01-05,2.990000
2001-01-08,2.940000
2001-01-09,2.920000
2001-01-10,2.830000
2001-01-11,2.850000
2001-01-12,2.800000
2001-01-16,2.730000
2001-01-17,2.720000
2001-01-18,2.720000
2001-01-19,2.700000
2001-01-22,2.710000
2001-01-23,2.670000
2001-01-24,2.610000
2001-01-25,2.630000
2001-01-26,2.650000
2001-01-29,2.650000
2001-01-30,2.650000
2001-01-31,2.620000
2001-02-01,2.630000
2001-02-02,2.630000
2001-02-05,2.590000
2001-02-06,2.580000
2001-02-07,2.770000
2001-02-08,2.780000
2001-02-09,2.790000
2001-02-12,2.820000
2001-02-13,2.820000
2001-02-14,2.770000
2001-02-15,2.770000
2001-02-16,2.810000
2001-02-20,2.810000
2001-02-21,2.820000
2001-02-22,2.840000
2001-02-23,2.860000
2001-02-26,2.890000
2001-02-27,2.860000
2001-02-28,2.880000
2001-03-01,2.880000
2001-03-02,2.870000
2001-03-05,2.830000
2001-03-06,2.850000
2001-03-07,2.850000
2001-03-08,2.870000
2001-03-09,2.820000
2001-03-12,2.860000
2001-03-13,2.850000
2001-03-14,2.980000
2001-03-15,3.030000
2001-03-16,3.030000
2001-03-19,3.020000
2001-03-20,3.060000
2001-03-21,3.060000
2001-03-22,3.070000
2001-03-23,3.040000
2001-03-26,3.050000
2001-03-27,2.980000
2001-03-28,3.030000
2001-03-29,3.020000
2001-03-30,3.040000
2001-04-02,3.000000
2001-04-03,3.030000
2001-04-04,3.040000
2001-04-05,3.030000
2001-04-06,3.060000
2001-04-09,3.040000
2001-04-10,2.990000
2001-04-11,2.960000
2001-04-12,2.920000
2001-04-16,2.900000
2001-04-17,2.930000
2001-04-18,2.950000
2001-04-19,2.910000
2001-04-20,2.870000
2001-04-23,2.900000
2001-04-24,2.850000
2001-04-25,2.850000
2001-04-26,2.830000
2001-04-27,2.760000
2001-04-30,2.730000
2001-05-01,2.750000
2001-05-02,2.700000
2001-05-03,2.700000
2001-05-04,2.730000
2001-05-07,2.750000
2001-05-08,2.760000
2001-05-09,2.760000
2001-05-10,2.740000
2001-05-11,2.670000
2001-05-14,2.680000
2001-05-15,2.690000
2001-05-16,2.660000
2001-05-17,2.610000
2001-05-18,2.620000
2001-05-21,2.610000
2001-05-22,2.630000
2001-05-23,2.690000
2001-05-24,2.650000
2001-05-25,2.650000
2001-05-29,2.640000
2001-05-30,2.630000
2001-05-31,2.650000
2001-06-01,2.630000
2001-06-04,2.650000
2001-06-05,2.660000
2001-06-06,2.690000
2001-06-07,2.680000
2001-06-08,2.650000
2001-06-11,2.660000
2001-06-12,2.680000
2001-06-13,2.670000
2001-06-14,2.670000
2001-06-15,2.710000
2001-06-18,2.730000
2001-06-19,2.730000
2001-06-20,2.740000
2001-06-21,2.740000
2001-06-22,2.750000
2001-06-25,2.750000
2001-06-26,2.720000
2001-06-27,2.680000
2001-06-28,2.660000
2001-06-29,2.650000
2001-07-02,2.670000
2001-07-03,2.670000
2001-07-05,2.670000
2001-07-06,2.690000
2001-07-09,2.690000
2001-07-10,2.710000
2001-07-11,2.740000
2001-07-12,2.740000
2001-07-13,2.710000
2001-07-16,2.740000
2001-07-17,2.730000
2001-07-18,2.780000
2001-07-19,2.780000
2001-07-20,2.770000
2001-07-23,2.770000
2001-07-24,2.740000
2001-07-25,2.740000
2001-07-26,2.760000
2001-07-27,2.770000
2001-07-30,2.760000
2001-07-31,2.780000
2001-08-01,2.760000
2001-08-02,2.740000
2001-08-03,2.720000
2001-08-06,2.750000
2001-08-07,2.740000
2001-08-08,2.880000
2001-08-09,2.840000
2001-08-10,2.870000
2001-08-13,2.890000
2001-08-14,2.890000
2001-08-15,2.860000
2001-08-16,2.890000
2001-08-17,2.970000
2001-08-20,2.930000
2001-08-21,2.980000
2001-08-22,2.940000
2001-08-23,2.920000
2001-08-24,2.910000
2001-08-27,2.910000
2001-08-28,2.950000
2001-08-29,2.970000
2001-08-30,2.970000
2001-08-31,2.900000
2001-09-04,2.880000
2001-09-05,2.900000
2001-09-06,2.940000
2001-09-07,2.990000
2001-09-10,2.990000
2001-09-13,3.160000
2001-09-14,3.360000
2001-09-17,3.450000
2001-09-18,3.480000
2001-09-19,3.520000
2001-09-20,3.520000
2001-09-21,3.530000
2001-09-24,3.480000
2001-09-25,3.480000
2001-09-26,3.460000
2001-09-27,3.470000
2001-09-28,3.420000
2001-10-01,3.440000
2001-10-02,3.420000
2001-10-03,3.430000
2001-10-04,3.380000
2001-10-05,3.400000
2001-10-09,3.360000
2001-10-10,3.340000
2001-10-11,3.300000
2001-10-12,3.330000
2001-10-15,3.340000
2001-10-16,3.330000
2001-10-17,3.310000
2001-10-18,3.310000
2001-10-19,3.290000
2001-10-22,3.280000
2001-10-23,3.280000
2001-10-24,3.280000
2001-10-25,3.300000
2001-10-26,3.310000
2001-10-29,3.320000
2001-10-30,3.350000
2001-10-31,3.380000
2001-11-01,3.370000
2001-11-02,3.370000
2001-11-05,3.340000
2001-11-06,3.360000
2001-11-07,3.350000
2001-11-08,3.280000
2001-11-09,3.270000
2001-11-13,3.240000
2001-11-14,3.190000
2001-11-15,3.100000
2001-11-16,3.070000
2001-11-19,3.080000
2001-11-20,3.080000
2001-11-21,3.010000
2001-11-23,2.970000
2001-11-26,2.960000
2001-11-27,3.010000
2001-11-28,3.010000
2001-11-29,3.070000
2001-11-30,3.100000
2001-12-03,3.140000
2001-12-04,3.150000
2001-12-05,3.070000
2001-12-06,3.030000
2001-12-07,2.960000
2001-12-10,3.000000
2001-12-11,3.010000
2001-12-12,3.040000
2001-12-13,2.980000
2001-12-14,2.910000
2001-12-17,2.970000
2001-12-18,2.940000
2001-12-19,2.940000
2001-12-20,2.920000
2001-12-21,2.870000
2001-12-26,2.820000
2001-12-27,2.880000
2001-12-28,2.870000
2001-12-31,2.850000
2002-01-02,2.820000
2002-01-03,2.820000
2002-01-04,2.780000
2002-01-07,2.800000
2002-01-08,2.800000
2002-01-09,2.780000
2002-01-10,2.820000
2002-01-11,2.860000
2002-01-14,2.880000
2002-01-15,2.860000
2002-01-16,2.870000
2002-01-17,2.820000
2002-01-18,2.860000
2002-01-22,2.850000
2002-01-23,2.870000
2002-01-24,2.850000
2002-01-25,2.810000
2002-01-28,2.780000
2002-01-29,2.840000
2002-01-30,2.890000
2002-01-31,2.850000
2002-02-01,2.860000
2002-02-04,2.930000
2002-02-05,2.980000
2002-02-06,3.010000
2002-02-07,3.050000
2002-02-08,3.030000
2002-02-11,3.020000
2002-02-12,2.990000
2002-02-13,2.930000
2002-02-14,2.950000
2002-02-15,2.980000
2002-02-19,2.990000
2002-02-20,3.010000
2002-02-21,2.970000
2002-02-22,2.980000
2002-02-25,2.980000
2002-02-26,2.960000
2002-02-27,3.000000
2002-02-28,2.980000
2002-03-01,2.970000
2002-03-04,2.940000
2002-03-05,2.900000
2002-03-06,2.910000
2002-03-07,2.830000
2002-03-08,2.790000
2002-03-11,2.780000
2002-03-12,2.780000
2002-03-13,2.820000
2002-03-14,2.790000
2002-03-15,2.810000
2002-03-18,2.800000
2002-03-19,2.830000
2002-03-20,2.810000
2002-03-21,2.780000
2002-03-22,2.780000
2002-03-25,2.740000
2002-03-26,2.760000
2002-03-27,2.810000
2002-03-28,2.810000
2002-04-01,2.780000
2002-04-02,2.810000
2002-04-03,2.830000
2002-04-04,2.840000
2002-04-05,2.850000
2002-04-08,2.850000
2002-04-09,2.850000
2002-04-10,2.840000
2002-04-11,2.830000
2002-04-12,2.860000
2002-04-15,2.840000
2002-04-16,2.810000
2002-04-17,2.790000
2002-04-18,2.820000
2002-04-19,2.800000
2002-04-22,2.770000
2002-04-23,2.780000
2002-04-24,2.810000
2002-04-25,2.830000
2002-04-26,2.830000
2002-04-29,2.820000
2002-04-30,2.840000
2002-05-01,2.860000
2002-05-02,2.840000
2002-05-03,2.890000
2002-05-06,2.860000
2002-05-07,2.860000
2002-05-08,2.860000
2002-05-09,2.890000
2002-05-10,2.930000
2002-05-13,2.900000
2002-05-14,2.890000
2002-05-15,2.910000
2002-05-16,2.960000
2002-05-17,2.940000
2002-05-20,2.960000
2002-05-21,2.950000
2002-05-22,2.980000
2002-05-23,2.970000
2002-05-24,2.960000
2002-05-28,2.950000
2002-05-29,2.970000
2002-05-30,3.000000
2002-05-31,2.980000
2002-06-03,3.000000
2002-06-04,3.010000
2002-06-05,2.990000
2002-06-06,2.990000
2002-06-07,2.960000
2002-06-10,2.950000
2002-06-11,2.950000
2002-06-12,3.000000
2002-06-13,3.000000
2002-06-14,3.020000
2002-06-17,2.970000
2002-06-18,3.020000
2002-06-19,3.060000
2002-06-20,3.050000
2002-06-21,3.050000
2002-06-24,3.030000
2002-06-25,3.030000
2002-06-26,3.120000
2002-06-27,3.140000
2002-06-28,3.130000
2002-07-01,3.140000
2002-07-02,3.180000
2002-07-03,3.170000
2002-07-05,3.150000
2002-07-08,3.190000
2002-07-09,3.190000
2002-07-10,3.210000
2002-07-11,3.210000
2002-07-12,3.240000
2002-07-15,3.260000
2002-07-16,3.240000
2002-07-17,3.270000
2002-07-18,3.300000
2002-07-19,3.250000
2002-07-22,3.300000
2002-07-23,3.330000
2002-07-24,3.350000
2002-07-25,3.350000
2002-07-26,3.340000
2002-07-29,3.250000
2002-07-30,3.210000
2002-07-31,3.250000
2002-08-01,3.270000
2002-08-02,3.340000
2002-08-05,3.360000
2002-08-06,3.300000
2002-08-07,3.350000
2002-08-08,3.330000
2002-08-09,3.360000
2002-08-12,3.330000
2002-08-13,3.390000
2002-08-14,3.370000
2002-08-15,3.350000
2002-08-16,3.320000
2002-08-19,3.320000
2002-08-20,3.360000
2002-08-21,3.320000
2002-08-22,3.280000
2002-08-23,3.270000
2002-08-26,3.290000
2002-08-27,3.280000
2002-08-28,3.300000
2002-08-29,3.330000
2002-08-30,3.320000
2002-09-03,3.390000
2002-09-04,3.400000
2002-09-05,3.470000
2002-09-06,3.420000
2002-09-09,3.410000
2002-09-10,3.430000
2002-09-11,3.420000
2002-09-12,3.450000
2002-09-13,3.440000
2002-09-16,3.470000
2002-09-17,3.510000
2002-09-18,3.510000
2002-09-19,3.550000
2002-09-20,3.590000
2002-09-23,3.630000
2002-09-24,3.650000
2002-09-25,3.670000
2002-09-26,3.640000
2002-09-27,3.710000
2002-09-30,3.760000
2002-10-01,3.740000
2002-10-02,3.730000
2002-10-03,3.760000
2002-10-04,3.780000
2002-10-07,3.860000
2002-10-08,3.890000
2002-10-09,3.900000
2002-10-10,3.900000
2002-10-11,3.880000
2002-10-15,3.740000
2002-10-16,3.770000
2002-10-17,3.730000
2002-10-18,3.760000
2002-10-21,3.700000
2002-10-22,3.710000
2002-10-23,3.730000
2002-10-24,3.770000
2002-10-25,3.780000
2002-10-28,3.810000
2002-10-29,3.850000
2002-10-30,3.830000
2002-10-31,3.820000
2002-11-01,3.760000
2002-11-04,3.720000
2002-11-05,3.720000
2002-11-06,3.720000
2002-11-07,3.730000
2002-11-08,3.660000
2002-11-12,3.680000
2002-11-13,3.670000
2002-11-14,3.580000
2002-11-15,3.540000
2002-11-18,3.520000
2002-11-19,3.500000
2002-11-20,3.480000
2002-11-21,3.460000
2002-11-22,3.430000
2002-11-25,3.420000
2002-11-26,3.450000
2002-11-27,3.390000
2002-11-29,3.380000
2002-12-02,3.370000
2002-12-03,3.350000
2002-12-04,3.380000
2002-12-05,3.380000
2002-12-06,3.420000
2002-12-09,3.420000
2002-12-10,3.400000
2002-12-11,3.400000
2002-12-12,3.420000
2002-12-13,3.420000
2002-12-16,3.370000
2002-12-17,3.370000
2002-12-18,3.400000
2002-12-19,3.440000
2002-12-20,3.420000
2002-12-23,3.440000
2002-12-24,3.440000
2002-12-26,3.450000
2002-12-27,3.490000
2002-12-30,3.480000
2002-12-31,3.480000
2003-01-02,3.370000
2003-01-03,3.390000
2003-01-06,3.380000
2003-01-07,3.390000
2003-01-08,3.350000
2003-01-09,3.290000
2003-01-10,3.310000
2003-01-13,3.290000
2003-01-14,3.310000
2003-01-15,3.290000
2003-01-16,3.290000
2003-01-17,3.290000
2003-01-21,3.310000
2003-01-22,3.330000
2003-01-23,3.330000
2003-01-24,3.330000
2003-01-27,3.270000
2003-01-28,3.230000
2003-01-29,3.180000
2003-01-30,3.190000
2003-01-31,3.160000
2003-02-03,3.140000
2003-02-04,3.120000
2003-02-05,3.110000
2003-02-06,3.120000
2003-02-07,3.110000
2003-02-10,3.110000
2003-02-11,3.130000
2003-02-12,3.160000
2003-02-13,3.170000
2003-02-14,3.160000
2003-02-18,3.160000
2003-02-19,3.160000
2003-02-20,3.180000
2003-02-21,3.160000
2003-02-24,3.170000
2003-02-25,3.180000
2003-02-26,3.180000
2003-02-27,3.200000
2003-02-28,3.210000
2003-03-03,3.230000
2003-03-04,3.250000
2003-03-05,3.250000
2003-03-06,3.240000
2003-03-07,3.260000
2003-03-10,3.290000
2003-03-11,3.280000
2003-03-12,3.260000
2003-03-13,3.210000
2003-03-14,3.220000
2003-03-17,3.170000
2003-03-18,3.110000
2003-03-19,3.040000
2003-03-20,3.050000
2003-03-21,2.990000
2003-03-24,3.030000
2003-03-25,3.040000
2003-03-26,3.010000
2003-03-27,3.000000
2003-03-28,3.010000
2003-03-31,3.040000
2003-04-01,3.020000
2003-04-02,2.980000
2003-04-03,3.010000
2003-04-04,2.990000
2003-04-07,2.950000
2003-04-08,2.970000
2003-04-09,2.970000
2003-04-10,2.960000
2003-04-11,2.930000
2003-04-14,2.920000
2003-04-15,2.920000
2003-04-16,2.900000
2003-04-17,2.860000
2003-04-21,2.840000
2003-04-22,2.830000
2003-04-23,2.790000
2003-04-24,2.800000
2003-04-25,2.820000
2003-04-28,2.790000
2003-04-29,2.770000
2003-04-30,2.760000
2003-05-01,2.770000
2003-05-02,2.730000
2003-05-05,2.710000
2003-05-06,2.740000
2003-05-07,2.780000
2003-05-08,2.670000
2003-05-09,2.810000
2003-05-12,2.830000
2003-05-13,2.830000
2003-05-14,2.830000
2003-05-15,2.830000
2003-05-16,2.840000
2003-05-19,2.860000
2003-05-20,2.860000
2003-05-21,2.860000
2003-05-22,2.850000
2003-05-23,2.810000
2003-05-27,2.830000
2003-05-28,2.830000
2003-05-29,2.870000
2003-05-30,2.850000
2003-06-02,2.850000
2003-06-03,2.880000
2003-06-04,2.870000
2003-06-05,2.870000
2003-06-06,2.830000
2003-06-09,2.870000
2003-06-10,2.890000
2003-06-11,2.870000
2003-06-12,2.880000
2003-06-13,2.880000
2003-06-16,2.870000
2003-06-17,2.850000
2003-06-18,2.830000
2003-06-19,2.870000
2003-06-20,2.860000
2003-06-23,2.880000
2003-06-24,2.870000
2003-06-25,2.850000
2003-06-26,2.800000
2003-06-27,2.800000
2003-06-30,2.810000
2003-07-01,2.810000
2003-07-02,2.750000
2003-07-03,2.720000
2003-07-07,2.700000
2003-07-08,2.680000
2003-07-09,2.680000
2003-07-10,2.710000
2003-07-11,2.730000
2003-07-14,2.720000
2003-07-15,2.660000
2003-07-16,2.620000
2003-07-17,2.610000
2003-07-18,2.610000
2003-07-21,2.570000
2003-07-22,2.560000
2003-07-23,2.590000
2003-07-24,2.550000
2003-07-25,2.570000
2003-07-28,2.580000
2003-07-29,2.550000
2003-07-30,2.550000
2003-07-31,2.580000
2003-08-01,2.570000
2003-08-04,2.620000
2003-08-05,2.620000
2003-08-06,2.640000
2003-08-07,2.640000
2003-08-08,2.690000
2003-08-11,2.610000
2003-08-12,2.630000
2003-08-13,2.560000
2003-08-14,2.590000
2003-08-15,2.550000
2003-08-18,2.600000
2003-08-19,2.610000
2003-08-20,2.560000
2003-08-21,2.510000
2003-08-22,2.490000
2003-08-25,2.500000
2003-08-26,2.490000
2003-08-27,2.470000
2003-08-28,2.490000
2003-08-29,2.460000
2003-09-02,2.390000
2003-09-03,2.400000
2003-09-04,2.460000
2003-09-05,2.520000
2003-09-08,2.480000
2003-09-09,2.530000
2003-09-10,2.550000
2003-09-11,2.480000
2003-09-12,2.560000
2003-09-15,2.550000
2003-09-16,2.570000
2003-09-17,2.560000
2003-09-18,2.540000
2003-09-19,2.520000
2003-09-22,2.520000
2003-09-23,2.500000
2003-09-24,2.500000
2003-09-25,2.520000
2003-09-26,2.550000
2003-09-29,2.560000
2003-09-30,2.570000
2003-10-01,2.560000
2003-10-02,2.540000
2003-10-03,2.520000
2003-10-06,2.510000
2003-10-07,2.490000
2003-10-08,2.510000
2003-10-09,2.500000
2003-10-10,2.480000
2003-10-14,2.480000
2003-10-15,2.440000
2003-10-16,2.400000
2003-10-17,2.380000
2003-10-20,2.360000
2003-10-21,2.390000
2003-10-22,2.430000
2003-10-23,2.410000
2003-10-24,2.420000
2003-10-27,2.390000
2003-10-28,2.410000
2003-10-29,2.390000
2003-10-30,2.360000
2003-10-31,2.360000
2003-11-03,2.320000
2003-11-04,2.360000
2003-11-05,2.350000
2003-11-06,2.340000
2003-11-07,2.320000
2003-11-10,2.330000
2003-11-12,2.330000
2003-11-13,2.350000
2003-11-14,2.370000
2003-11-17,2.390000
2003-11-18,2.380000
2003-11-19,2.370000
2003-11-20,2.400000
2003-11-21,2.390000
2003-11-24,2.380000
2003-11-25,2.380000
2003-11-26,2.350000
2003-11-28,2.330000
2003-12-01,2.300000
2003-12-02,2.300000
2003-12-03,2.290000
2003-12-04,2.290000
2003-12-05,2.330000
2003-12-08,2.330000
2003-12-09,2.340000
2003-12-10,2.350000
2003-12-11,2.350000
2003-12-12,2.340000
2003-12-15,2.340000
2003-12-16,2.350000
2003-12-17,2.350000
2003-12-18,2.320000
2003-12-19,2.330000
2003-12-22,2.340000
2003-12-23,2.310000
2003-12-24,2.340000
2003-12-26,2.330000
2003-12-29,2.330000
2003-12-30,2.330000
2003-12-31,2.340000
2004-01-02,2.320000
2004-01-05,2.270000
2004-01-06,2.320000
2004-01-07,2.300000
2004-01-08,2.260000
2004-01-09,2.310000
2004-01-12,2.320000
2004-01-13,2.350000
2004-01-14,2.330000
2004-01-15,2.330000
2004-01-16,2.300000
2004-01-20,2.310000
2004-01-21,2.330000
2004-01-22,2.330000
2004-01-23,2.300000
2004-01-26,2.280000
2004-01-27,2.260000
2004-01-28,2.230000
2004-01-29,2.190000
2004-01-30,2.190000
2004-02-02,2.170000
2004-02-03,2.180000
2004-02-04,2.160000
2004-02-05,2.130000
2004-02-06,2.160000
2004-02-09,2.160000
2004-02-10,2.150000
2004-02-11,2.190000
2004-02-12,2.180000
2004-02-13,2.200000
2004-02-17,2.190000
2004-02-18,2.190000
2004-02-19,2.190000
2004-02-20,2.180000
2004-02-23,2.200000
2004-02-24,2.190000
2004-02-25,2.210000
2004-02-26,2.200000
2004-02-27,2.210000
2004-03-01,2.200000
2004-03-02,2.190000
2004-03-03,2.180000
2004-03-04,2.180000
2004-03-05,2.250000
2004-03-08,2.300000
2004-03-09,2.300000
2004-03-10,2.310000
2004-03-11,2.320000
2004-03-12,2.310000
2004-03-15,2.310000
2004-03-16,2.340000
2004-03-17,2.330000
2004-03-18,2.320000
2004-03-19,2.300000
2004-03-22,2.320000
2004-03-23,2.330000
2004-03-24,2.330000
2004-03-25,2.340000
2004-03-26,2.310000
2004-03-29,2.280000
2004-03-30,2.280000
2004-03-31,2.290000
2004-04-01,2.270000
2004-04-02,2.170000
2004-04-05,2.130000
2004-04-06,2.160000
2004-04-07,2.150000
2004-04-08,2.150000
2004-04-12,2.130000
2004-04-13,2.110000
2004-04-14,2.080000
2004-04-15,2.090000
2004-04-16,2.110000
2004-04-19,2.120000
2004-04-20,2.100000
2004-04-21,2.090000
2004-04-22,2.100000
2004-04-23,2.070000
2004-04-26,2.060000
2004-04-27,2.080000
2004-04-28,2.060000
2004-04-29,2.060000
2004-04-30,2.050000
2004-05-03,2.050000
2004-05-04,2.070000
2004-05-05,2.050000
2004-05-06,2.060000
2004-05-07,1.970000
2004-05-10,1.980000
2004-05-11,1.990000
2004-05-12,2.000000
2004-05-13,2.020000
2004-05-14,2.030000
2004-05-17,2.080000
2004-05-18,2.050000
2004-05-19,2.030000
2004-05-20,2.050000
2004-05-21,2.030000
2004-05-24,2.020000
2004-05-25,2.020000
2004-05-26,2.050000
2004-05-27,2.050000
2004-05-28,2.030000
2004-06-01,2.050000
2004-06-02,2.060000
2004-06-03,2.080000
2004-06-04,2.060000
2004-06-07,2.050000
2004-06-08,2.040000
2004-06-09,2.030000
2004-06-10,2.030000
2004-06-14,2.010000
2004-06-15,2.060000
2004-06-16,2.040000
2004-06-17,2.030000
2004-06-18,2.030000
2004-06-21,2.050000
2004-06-22,2.050000
2004-06-23,2.060000
2004-06-24,2.060000
2004-06-25,2.070000
2004-06-28,2.040000
2004-06-29,2.060000
2004-06-30,2.090000
2004-07-01,2.120000
2004-07-02,2.130000
2004-07-06,2.140000
2004-07-07,2.130000
2004-07-08,2.140000
2004-07-09,2.140000
2004-07-12,2.150000
2004-07-13,2.140000
2004-07-14,2.120000
2004-07-15,2.120000
2004-07-16,2.150000
2004-07-19,2.140000
2004-07-20,2.120000
2004-07-21,2.120000
2004-07-22,2.130000
2004-07-23,2.130000
2004-07-26,2.110000
2004-07-27,2.090000
2004-07-28,2.100000
2004-07-29,2.090000
2004-07-30,2.100000
2004-08-02,2.130000
2004-08-03,2.140000
2004-08-04,2.140000
2004-08-05,2.140000
2004-08-06,2.220000
2004-08-09,2.190000
2004-08-10,2.180000
2004-08-11,2.170000
2004-08-12,2.190000
2004-08-13,2.200000
2004-08-16,2.200000
2004-08-17,2.210000
2004-08-18,2.200000
2004-08-19,2.200000
2004-08-20,2.190000
2004-08-23,2.190000
2004-08-24,2.180000
2004-08-25,2.180000
2004-08-26,2.190000
2004-08-27,2.180000
2004-08-30,2.190000
2004-08-31,2.190000
2004-09-01,2.200000
2004-09-02,2.170000
2004-09-03,2.150000
2004-09-07,2.130000
2004-09-08,2.150000
2004-09-09,2.150000
2004-09-10,2.160000
2004-09-13,2.150000
2004-09-14,2.150000
2004-09-15,2.140000
2004-09-16,2.160000
2004-09-17,2.130000
2004-09-20,2.140000
2004-09-21,2.140000
2004-09-22,2.130000
2004-09-23,2.130000
2004-09-24,2.120000
2004-09-27,2.130000
2004-09-28,2.140000
2004-09-29,2.120000
2004-09-30,2.110000
2004-10-01,2.090000
2004-10-04,2.100000
2004-10-05,2.100000
2004-10-06,2.090000
2004-10-07,2.090000
2004-10-08,2.100000
2004-10-12,2.110000
2004-10-13,2.120000
2004-10-14,2.130000
2004-10-15,2.120000
2004-10-18,2.130000
2004-10-19,2.100000
2004-10-20,2.130000
2004-10-21,2.120000
2004-10-22,2.120000
2004-10-25,2.130000
2004-10-26,2.110000
2004-10-27,2.080000
2004-10-28,2.100000
2004-10-29,2.090000
2004-11-01,2.090000
2004-11-02,2.090000
2004-11-03,2.080000
2004-11-04,2.050000
2004-11-05,2.020000
2004-11-08,2.030000
2004-11-09,2.030000
2004-11-10,2.040000
2004-11-12,2.020000
2004-11-15,2.010000
2004-11-16,2.000000
2004-11-17,2.010000
2004-11-18,2.010000
2004-11-19,1.990000
2004-11-22,1.960000
2004-11-23,1.960000
2004-11-24,1.950000
2004-11-26,1.960000
2004-11-29,1.930000
2004-11-30,1.950000
2004-12-01,1.950000
2004-12-02,1.940000
2004-12-03,1.960000
2004-12-06,1.960000
2004-12-07,1.960000
2004-12-08,1.940000
2004-12-09,1.940000
2004-12-10,1.950000
2004-12-13,1.940000
2004-12-14,1.940000
2004-12-15,1.910000
2004-12-16,1.920000
2004-12-17,1.920000
2004-12-20,1.900000
2004-12-21,1.910000
2004-12-22,1.910000
2004-12-23,1.910000
2004-12-27,1.900000
2004-12-28,1.900000
2004-12-29,1.890000
2004-12-30,1.890000
2004-12-31,1.860000
2005-01-03,1.860000
2005-01-04,1.850000
2005-01-05,1.830000
2005-01-06,1.840000
2005-01-07,1.830000
2005-01-10,1.820000
2005-01-11,1.810000
2005-01-12,1.810000
2005-01-13,1.800000
2005-01-14,1.790000
2005-01-18,1.770000
2005-01-19,1.760000
2005-01-20,1.800000
2005-01-21,1.790000
2005-01-24,1.770000
2005-01-25,1.780000
2005-01-26,1.760000
2005-01-27,1.750000
2005-01-28,1.750000
2005-01-31,1.750000
2005-02-01,1.740000
2005-02-02,1.730000
2005-02-03,1.700000
2005-02-04,1.690000
2005-02-07,1.650000
2005-02-08,1.630000
2005-02-09,1.640000
2005-02-10,1.670000
2005-02-11,1.650000
2005-02-14,1.630000
2005-02-15,1.640000
2005-02-16,1.620000
2005-02-17,1.640000
2005-02-18,1.620000
2005-02-22,1.640000
2005-02-23,1.640000
2005-02-24,1.620000
2005-02-25,1.620000
2005-02-28,1.590000
2005-03-01,1.580000
2005-03-02,1.600000
2005-03-03,1.590000
2005-03-04,1.570000
2005-03-07,1.550000
2005-03-08,1.540000
2005-03-09,1.530000
2005-03-10,1.510000
2005-03-11,1.480000
2005-03-14,1.500000
2005-03-15,1.510000
2005-03-16,1.530000
2005-03-17,1.570000
2005-03-18,1.590000
2005-03-21,1.600000
2005-03-22,1.560000
2005-03-23,1.570000
2005-03-24,1.580000
2005-03-28,1.580000
2005-03-29,1.600000
2005-03-30,1.610000
2005-03-31,1.640000
2005-04-01,1.650000
2005-04-04,1.650000
2005-04-05,1.660000
2005-04-06,1.670000
2005-04-07,1.650000
2005-04-08,1.640000
2005-04-11,1.670000
2005-04-12,1.660000
2005-04-13,1.690000
2005-04-14,1.750000
2005-04-15,1.780000
2005-04-18,1.750000
2005-04-19,1.760000
2005-04-20,1.780000
2005-04-21,1.730000
2005-04-22,1.740000
2005-04-25,1.710000
2005-04-26,1.700000
2005-04-27,1.720000
2005-04-28,1.750000
2005-04-29,1.760000
2005-05-02,1.770000
2005-05-03,1.770000
2005-05-04,1.830000
2005-05-05,1.840000
2005-05-06,1.820000
2005-05-09,1.780000
2005-05-10,1.820000
2005-05-11,1.810000
2005-05-12,1.830000
2005-05-13,1.880000
2005-05-16,1.890000
2005-05-17,1.910000
2005-05-18,1.920000
2005-05-19,1.910000
2005-05-20,1.890000
2005-05-23,1.890000
2005-05-24,1.910000
2005-05-25,1.910000
2005-05-26,1.910000
2005-05-27,1.910000
2005-05-31,1.900000
2005-06-01,1.910000
2005-06-02,1.890000
2005-06-03,1.840000
2005-06-06,1.820000
2005-06-07,1.820000
2005-06-08,1.820000
2005-06-09,1.830000
2005-06-10,1.840000
2005-06-13,1.840000
2005-06-14,1.870000
2005-06-15,1.870000
2005-06-16,1.860000
2005-06-17,1.850000
2005-06-20,1.850000
2005-06-21,1.850000
2005-06-22,1.890000
2005-06-23,1.880000
2005-06-24,1.890000
2005-06-27,1.890000
2005-06-28,1.870000
2005-06-29,1.870000
2005-06-30,1.870000
2005-07-01,1.830000
2005-07-05,1.840000
2005-07-06,1.850000
2005-07-07,1.840000
2005-07-08,1.830000
2005-07-11,1.810000
2005-07-12,1.800000
2005-07-13,1.790000
2005-07-14,1.780000
2005-07-15,1.770000
2005-07-18,1.800000
2005-07-19,1.780000
2005-07-20,1.770000
2005-07-21,1.760000
2005-07-22,1.750000
2005-07-25,1.720000
2005-07-26,1.720000
2005-07-27,1.710000
2005-07-28,1.680000
2005-07-29,1.670000
2005-08-01,1.670000
2005-08-02,1.680000
2005-08-03,1.700000
2005-08-04,1.690000
2005-08-05,1.670000
2005-08-08,1.670000
2005-08-09,1.660000
2005-08-10,1.680000
2005-08-11,1.710000
2005-08-12,1.710000
2005-08-15,1.710000
2005-08-16,1.710000
2005-08-17,1.710000
2005-08-18,1.730000
2005-08-19,1.720000
2005-08-22,1.720000
2005-08-23,1.720000
2005-08-24,1.720000
2005-08-25,1.700000
2005-08-26,1.690000
2005-08-29,1.680000
2005-08-30,1.670000
2005-08-31,1.770000
2005-09-01,1.810000
2005-09-02,1.840000
2005-09-06,1.830000
2005-09-07,1.830000
2005-09-08,1.830000
2005-09-09,1.820000
2005-09-12,1.820000
2005-09-13,1.830000
2005-09-14,1.830000
2005-09-15,1.840000
2005-09-16,1.850000
2005-09-19,1.850000
2005-09-20,1.810000
2005-09-21,1.840000
2005-09-22,1.840000
2005-09-23,1.830000
2005-09-26,1.830000
2005-09-27,1.840000
2005-09-28,1.820000
2005-09-29,1.830000
2005-09-30,1.810000
2005-10-03,1.820000
2005-10-04,1.810000
2005-10-05,1.810000
2005-10-06,1.820000
2005-10-07,1.820000
2005-10-11,1.800000
2005-10-12,1.830000
2005-10-13,1.860000
2005-10-14,1.870000
2005-10-17,1.840000
2005-10-18,1.840000
2005-10-19,1.860000
2005-10-20,1.860000
2005-10-21,1.850000
2005-10-24,1.850000
2005-10-25,1.810000
2005-10-26,1.840000
2005-10-27,1.840000
2005-10-28,1.830000
2005-10-31,1.830000
2005-11-01,1.840000
2005-11-02,1.840000
2005-11-03,1.820000
2005-11-04,1.820000
2005-11-07,1.820000
2005-11-08,1.830000
2005-11-09,1.820000
2005-11-10,1.840000
2005-11-14,1.830000
2005-11-15,1.830000
2005-11-16,1.840000
2005-11-17,1.850000
2005-11-18,1.860000
2005-11-21,1.870000
2005-11-22,1.910000
2005-11-23,1.910000
2005-11-25,1.910000
2005-11-28,1.890000
2005-11-29,1.880000
2005-11-30,1.890000
2005-12-01,1.870000
2005-12-02,1.870000
2005-12-05,1.860000
2005-12-06,1.880000
2005-12-07,1.880000
2005-12-08,1.880000
2005-12-09,1.880000
2005-12-12,1.860000
2005-12-13,1.880000
2005-12-14,1.880000
2005-12-15,1.870000
2005-12-16,1.850000
2005-12-19,1.840000
2005-12-20,1.840000
2005-12-21,1.840000
2005-12-22,1.830000
2005-12-23,1.830000
2005-12-27,1.830000
2005-12-28,1.820000
2005-12-29,1.820000
2005-12-30,1.820000
2006-01-03,1.840000
2006-01-04,1.840000
2006-01-05,1.840000
2006-01-06,1.840000
2006-01-09,1.840000
2006-01-10,1.840000
2006-01-11,1.840000
2006-01-12,1.830000
2006-01-13,1.820000
2006-01-17,1.830000
2006-01-18,1.840000
2006-01-19,1.830000
2006-01-20,1.810000
2006-01-23,1.820000
2006-01-24,1.810000
2006-01-25,1.800000
2006-01-26,1.800000
2006-01-27,1.780000
2006-01-30,1.790000
2006-01-31,1.780000
2006-02-01,1.760000
2006-02-02,1.740000
2006-02-03,1.720000
2006-02-06,1.690000
2006-02-07,1.710000
2006-02-08,1.750000
2006-02-09,1.730000
2006-02-10,1.710000
2006-02-13,1.720000
2006-02-14,1.710000
2006-02-15,1.700000
2006-02-16,1.710000
2006-02-17,1.700000
2006-02-21,1.680000
2006-02-22,1.680000
2006-02-23,1.670000
2006-02-24,1.640000
2006-02-27,1.650000
2006-02-28,1.650000
2006-03-01,1.660000
2006-03-02,1.660000
2006-03-03,1.670000
2006-03-06,1.670000
2006-03-07,1.670000
2006-03-08,1.680000
2006-03-09,1.670000
2006-03-10,1.670000
2006-03-13,1.690000
2006-03-14,1.680000
2006-03-15,1.700000
2006-03-16,1.720000
2006-03-17,1.700000
2006-03-20,1.700000
2006-03-21,1.700000
2006-03-22,1.690000
2006-03-23,1.700000
2006-03-24,1.700000
2006-03-27,1.700000
2006-03-28,1.680000
2006-03-29,1.710000
2006-03-30,1.700000
2006-03-31,1.690000
2006-04-03,1.680000
2006-04-04,1.690000
2006-04-05,1.700000
2006-04-06,1.700000
2006-04-07,1.700000
2006-04-10,1.700000
2006-04-11,1.710000
2006-04-12,1.710000
2006-04-13,1.690000
2006-04-17,1.700000
2006-04-18,1.700000
2006-04-19,1.700000
2006-04-20,1.700000
2006-04-21,1.700000
2006-04-24,1.670000
2006-04-25,1.680000
2006-04-26,1.640000
2006-04-27,1.670000
2006-04-28,1.670000
2006-05-01,1.630000
2006-05-02,1.610000
2006-05-03,1.610000
2006-05-04,1.600000
2006-05-05,1.600000
2006-05-08,1.590000
2006-05-09,1.590000
2006-05-10,1.580000
2006-05-11,1.610000
2006-05-12,1.630000
2006-05-15,1.640000
2006-05-16,1.660000
2006-05-17,1.660000
2006-05-18,1.660000
2006-05-19,1.650000
2006-05-22,1.660000
2006-05-23,1.650000
2006-05-24,1.680000
2006-05-25,1.670000
2006-05-26,1.670000
2006-05-30,1.670000
2006-05-31,1.660000
2006-06-01,1.660000
2006-06-02,1.670000
2006-06-05,1.670000
2006-06-06,1.650000
2006-06-07,1.670000
2006-06-08,1.660000
2006-06-09,1.660000
2006-06-12,1.650000
2006-06-13,1.670000
2006-06-14,1.670000
2006-06-15,1.670000
2006-06-16,1.670000
2006-06-19,1.670000
2006-06-20,1.670000
2006-06-21,1.680000
2006-06-22,1.690000
2006-06-23,1.690000
2006-06-26,1.690000
2006-06-27,1.700000
2006-06-28,1.690000
2006-06-29,1.690000
2006-06-30,1.670000
2006-07-03,1.680000
2006-07-05,1.670000
2006-07-06,1.660000
2006-07-07,1.660000
2006-07-10,1.660000
2006-07-11,1.670000
2006-07-12,1.660000
2006-07-13,1.660000
2006-07-14,1.690000
2006-07-17,1.680000
2006-07-18,1.680000
2006-07-19,1.690000
2006-07-20,1.690000
2006-07-21,1.690000
2006-07-24,1.690000
2006-07-25,1.680000
2006-07-26,1.680000
2006-07-27,1.650000
2006-07-28,1.670000
2006-07-31,1.680000
2006-08-01,1.690000
2006-08-02,1.690000
2006-08-03,1.680000
2006-08-04,1.690000
2006-08-07,1.670000
2006-08-08,1.700000
2006-08-09,1.730000
2006-08-10,1.730000
2006-08-11,1.720000
2006-08-14,1.690000
2006-08-15,1.700000
2006-08-16,1.710000
2006-08-17,1.710000
2006-08-18,1.710000
2006-08-21,1.720000
2006-08-22,1.710000
2006-08-23,1.720000
2006-08-24,1.720000
2006-08-25,1.740000
2006-08-28,1.730000
2006-08-29,1.740000
2006-08-30,1.740000
2006-08-31,1.730000
2006-09-01,1.730000
2006-09-05,1.730000
2006-09-06,1.730000
2006-09-07,1.720000
2006-09-08,1.720000
2006-09-11,1.720000
2006-09-12,1.700000
2006-09-13,1.700000
2006-09-14,1.700000
2006-09-15,1.690000
2006-09-18,1.680000
2006-09-19,1.690000
2006-09-20,1.690000
2006-09-21,1.710000
2006-09-22,1.720000
2006-09-25,1.720000
2006-09-26,1.710000
2006-09-27,1.710000
2006-09-28,1.730000
2006-09-29,1.720000
2006-10-02,1.730000
2006-10-03,1.720000
2006-10-04,1.740000
2006-10-05,1.740000
2006-10-06,1.730000
2006-10-10,1.720000
2006-10-11,1.730000
2006-10-12,1.710000
2006-10-13,1.720000
2006-10-16,1.710000
2006-10-17,1.710000
2006-10-18,1.700000
2006-10-19,1.700000
2006-10-20,1.690000
2006-10-23,1.660000
2006-10-24,1.650000
2006-10-25,1.660000
2006-10-26,1.650000
2006-10-27,1.650000
2006-10-30,1.640000
2006-10-31,1.640000
2006-11-01,1.640000
2006-11-02,1.640000
2006-11-03,1.590000
2006-11-06,1.590000
2006-11-07,1.600000
2006-11-08,1.590000
2006-11-09,1.620000
2006-11-10,1.610000
2006-11-13,1.600000
2006-11-14,1.610000
2006-11-15,1.610000
2006-11-16,1.590000
2006-11-17,1.600000
2006-11-20,1.600000
2006-11-21,1.600000
2006-11-22,1.600000
2006-11-24,1.600000
2006-11-27,1.610000
2006-11-28,1.620000
2006-11-29,1.620000
2006-11-30,1.640000
2006-12-01,1.650000
2006-12-04,1.660000
2006-12-05,1.650000
2006-12-06,1.650000
2006-12-07,1.640000
2006-12-08,1.630000
2006-12-11,1.640000
2006-12-12,1.650000
2006-12-13,1.640000
2006-12-14,1.660000
2006-12-15,1.660000
2006-12-18,1.650000
2006-12-19,1.670000
2006-12-20,1.670000
2006-12-21,1.680000
2006-12-22,1.670000
2006-12-26,1.660000
2006-12-27,1.660000
2006-12-28,1.650000
2006-12-29,1.640000
2007-01-02,1.640000
2007-01-03,1.610000
2007-01-04,1.620000
2007-01-05,1.600000
2007-01-08,1.590000
2007-01-09,1.590000
2007-01-10,1.590000
2007-01-11,1.590000
2007-01-12,1.590000
2007-01-16,1.590000
2007-01-17,1.580000
2007-01-18,1.580000
2007-01-19,1.570000
2007-01-22,1.570000
2007-01-23,1.570000
2007-01-24,1.570000
2007-01-25,1.560000
2007-01-26,1.560000
2007-01-29,1.550000
2007-01-30,1.560000
2007-01-31,1.570000
2007-02-01,1.560000
2007-02-02,1.560000
2007-02-05,1.560000
2007-02-06,1.550000
2007-02-07,1.560000
2007-02-08,1.550000
2007-02-09,1.540000
2007-02-12,1.540000
2007-02-13,1.540000
2007-02-14,1.550000
2007-02-15,1.560000
2007-02-16,1.550000
2007-02-20,1.550000
2007-02-21,1.540000
2007-02-22,1.540000
2007-02-23,1.530000
2007-02-26,1.540000
2007-02-27,1.590000
2007-02-28,1.600000
2007-03-01,1.620000
2007-03-02,1.640000
2007-03-05,1.680000
2007-03-06,1.660000
2007-03-07,1.660000
2007-03-08,1.670000
2007-03-09,1.650000
2007-03-12,1.650000
2007-03-13,1.700000
2007-03-14,1.720000
2007-03-15,1.700000
2007-03-16,1.700000
2007-03-19,1.700000
2007-03-20,1.710000
2007-03-21,1.730000
2007-03-22,1.750000
2007-03-23,1.750000
2007-03-26,1.750000
2007-03-27,1.760000
2007-03-28,1.780000
2007-03-29,1.740000
2007-03-30,1.750000
2007-04-02,1.740000
2007-04-03,1.730000
2007-04-04,1.740000
2007-04-05,1.740000
2007-04-06,1.710000
2007-04-09,1.720000
2007-04-10,1.720000
2007-04-11,1.710000
2007-04-12,1.710000
2007-04-13,1.700000
2007-04-16,1.680000
2007-04-17,1.680000
2007-04-18,1.670000
2007-04-19,1.670000
2007-04-20,1.680000
2007-04-23,1.680000
2007-04-24,1.680000
2007-04-25,1.680000
2007-04-26,1.690000
2007-04-27,1.680000
2007-04-30,1.680000
2007-05-01,1.670000
2007-05-02,1.660000
2007-05-03,1.640000
2007-05-04,1.640000
2007-05-07,1.640000
2007-05-08,1.660000
2007-05-09,1.650000
2007-05-10,1.660000
2007-05-11,1.660000
2007-05-14,1.650000
2007-05-15,1.650000
2007-05-16,1.640000
2007-05-17,1.640000
2007-05-18,1.630000
2007-05-21,1.630000
2007-05-22,1.630000
2007-05-23,1.630000
2007-05-24,1.630000
2007-05-25,1.620000
2007-05-29,1.620000
2007-05-30,1.610000
2007-05-31,1.600000
2007-06-01,1.600000
2007-06-04,1.580000
2007-06-05,1.570000
2007-06-06,1.600000
2007-06-07,1.600000
2007-06-08,1.620000
2007-06-11,1.610000
2007-06-12,1.600000
2007-06-13,1.580000
2007-06-14,1.570000
2007-06-15,1.600000
2007-06-18,1.600000
2007-06-19,1.600000
2007-06-20,1.570000
2007-06-21,1.600000
2007-06-22,1.600000
2007-06-25,1.590000
2007-06-26,1.610000
2007-06-27,1.590000
2007-06-28,1.600000
2007-06-29,1.590000
2007-07-02,1.600000
2007-07-03,1.600000
2007-07-05,1.580000
2007-07-06,1.590000
2007-07-09,1.580000
2007-07-10,1.600000
2007-07-11,1.590000
2007-07-12,1.590000
2007-07-13,1.590000
2007-07-16,1.580000
2007-07-17,1.590000
2007-07-18,1.580000
2007-07-19,1.590000
2007-07-20,1.610000
2007-07-23,1.610000
2007-07-24,1.650000
2007-07-25,1.650000
2007-07-26,1.830000
2007-07-27,1.870000
2007-07-30,1.880000
2007-07-31,1.850000
2007-08-01,1.860000
2007-08-02,1.830000
2007-08-03,1.860000
2007-08-06,1.890000
2007-08-07,1.830000
2007-08-08,1.870000
2007-08-09,1.910000
2007-08-10,1.880000
2007-08-13,1.910000
2007-08-14,1.950000
2007-08-15,2.030000
2007-08-16,2.060000
2007-08-17,2.070000
2007-08-20,2.080000
2007-08-21,2.090000
2007-08-22,2.070000
2007-08-23,2.040000
2007-08-24,2.010000
2007-08-27,2.000000
2007-08-28,2.070000
2007-08-29,2.050000
2007-08-30,2.070000
2007-08-31,2.050000
2007-09-04,2.040000
2007-09-05,2.060000
2007-09-06,2.060000
2007-09-07,2.100000
2007-09-10,2.130000
2007-09-11,2.110000
2007-09-12,2.130000
2007-09-13,2.120000
2007-09-14,2.120000
2007-09-17,2.100000
2007-09-18,2.110000
2007-09-19,2.110000
2007-09-20,2.040000
2007-09-21,2.030000
2007-09-24,2.020000
2007-09-25,2.020000
2007-09-26,2.030000
2007-09-27,2.010000
2007-09-28,2.000000
2007-10-01,1.990000
2007-10-02,2.000000
2007-10-03,1.990000
2007-10-04,1.970000
2007-10-05,1.940000
2007-10-09,1.900000
2007-10-10,1.910000
2007-10-11,1.900000
2007-10-12,1.870000
2007-10-15,1.880000
2007-10-16,1.920000
2007-10-17,1.910000
2007-10-18,1.940000
2007-10-19,1.970000
2007-10-22,1.960000
2007-10-23,1.980000
2007-10-24,1.980000
2007-10-25,1.990000
2007-10-26,1.980000
2007-10-29,1.980000
2007-10-30,1.990000
2007-10-31,1.990000
2007-11-01,2.010000
2007-11-02,2.040000
2007-11-05,2.020000
2007-11-06,2.030000
2007-11-07,2.100000
2007-11-08,2.160000
2007-11-09,2.180000
2007-11-13,2.180000
2007-11-14,2.160000
2007-11-15,2.220000
2007-11-16,2.260000
2007-11-19,2.300000
2007-11-20,2.350000
2007-11-21,2.410000
2007-11-23,2.370000
2007-11-26,2.400000
2007-11-27,2.410000
2007-11-28,2.400000
2007-11-29,2.460000
2007-11-30,2.470000
2007-12-03,2.520000
2007-12-04,2.530000
2007-12-05,2.580000
2007-12-06,2.590000
2007-12-07,2.610000
2007-12-10,2.590000
2007-12-11,2.630000
2007-12-12,2.630000
2007-12-13,2.580000
2007-12-14,2.550000
2007-12-17,2.550000
2007-12-18,2.520000
2007-12-19,2.540000
2007-12-20,2.510000
2007-12-21,2.500000
2007-12-24,2.490000
2007-12-26,2.490000
2007-12-27,2.520000
2007-12-28,2.510000
2007-12-31,2.520000
2008-01-02,2.540000
2008-01-03,2.570000
2008-01-04,2.590000
2008-01-07,2.600000
2008-01-08,2.630000
2008-01-09,2.670000
2008-01-10,2.730000
2008-01-11,2.770000
2008-01-14,2.760000
2008-01-15,2.780000
2008-01-16,2.770000
2008-01-17,2.810000
2008-01-18,2.870000
2008-01-22,2.980000
2008-01-23,2.950000
2008-01-24,2.950000
2008-01-25,2.950000
2008-01-28,2.970000
2008-01-29,2.940000
2008-01-30,2.940000
2008-01-31,2.960000
2008-02-01,2.980000
2008-02-04,2.980000
2008-02-05,3.010000
2008-02-06,3.050000
2008-02-07,3.060000
2008-02-08,3.090000
2008-02-11,3.090000
2008-02-12,3.110000
2008-02-13,3.110000
2008-02-14,3.100000
2008-02-15,3.140000
2008-02-19,3.070000
2008-02-20,3.030000
2008-02-21,3.100000
2008-02-22,3.120000
2008-02-25,3.080000
2008-02-26,3.100000
2008-02-27,3.110000
2008-02-28,3.170000
2008-02-29,3.220000
2008-03-03,3.220000
2008-03-04,3.190000
2008-03-05,3.260000
2008-03-06,3.350000
2008-03-07,3.390000
2008-03-10,3.430000
2008-03-11,3.390000
2008-03-12,3.390000
2008-03-13,3.390000
2008-03-14,3.420000
2008-03-17,3.500000
2008-03-18,3.390000
2008-03-19,3.440000
2008-03-20,3.420000
2008-03-24,3.340000
2008-03-25,3.390000
2008-03-26,3.410000
2008-03-27,3.410000
2008-03-28,3.470000
2008-03-31,3.450000
2008-04-01,3.430000
2008-04-02,3.400000
2008-04-03,3.380000
2008-04-04,3.400000
2008-04-07,3.370000
2008-04-08,3.370000
2008-04-09,3.380000
2008-04-10,3.350000
2008-04-11,3.380000
2008-04-14,3.390000
2008-04-15,3.390000
2008-04-16,3.390000
2008-04-17,3.340000
2008-04-18,3.260000
2008-04-21,3.220000
2008-04-22,3.210000
2008-04-23,3.180000
2008-04-24,3.130000
2008-04-25,3.140000
2008-04-28,3.110000
2008-04-29,3.110000
2008-04-30,3.100000
2008-05-01,3.040000
2008-05-02,2.970000
2008-05-05,3.010000
2008-05-06,3.010000
2008-05-07,3.050000
2008-05-08,3.080000
2008-05-09,3.070000
2008-05-12,3.060000
2008-05-13,3.040000
2008-05-14,3.060000
2008-05-15,3.080000
2008-05-16,3.060000
2008-05-19,3.070000
2008-05-20,3.080000
2008-05-21,3.080000
2008-05-22,3.060000
2008-05-23,3.060000
2008-05-27,3.080000
2008-05-28,3.030000
2008-05-29,3.040000
2008-05-30,3.000000
2008-06-02,3.050000
2008-06-03,3.030000
2008-06-04,3.040000
2008-06-05,3.010000
2008-06-06,3.040000
2008-06-09,2.940000
2008-06-10,2.940000
2008-06-11,2.970000
2008-06-12,2.900000
2008-06-13,2.900000
2008-06-16,2.920000
2008-06-17,2.940000
2008-06-18,2.950000
2008-06-19,2.920000
2008-06-20,2.950000
2008-06-23,2.930000
2008-06-24,2.980000
2008-06-25,2.960000
2008-06-26,3.000000
2008-06-27,3.040000
2008-06-30,3.050000
2008-07-01,3.060000
2008-07-02,3.050000
2008-07-03,3.080000
2008-07-07,3.100000
2008-07-08,3.110000
2008-07-09,3.140000
2008-07-10,3.170000
2008-07-11,3.150000
2008-07-14,3.160000
2008-07-15,3.220000
2008-07-16,3.240000
2008-07-17,3.200000
2008-07-18,3.170000
2008-07-21,3.180000
2008-07-22,3.130000
2008-07-23,3.140000
2008-07-24,3.190000
2008-07-25,3.170000
2008-07-28,3.160000
2008-07-29,3.130000
2008-07-30,3.170000
2008-07-31,3.220000
2008-08-01,3.210000
2008-08-04,3.220000
2008-08-05,3.200000
2008-08-06,3.240000
2008-08-07,3.250000
2008-08-08,3.230000
2008-08-11,3.240000
2008-08-12,3.260000
2008-08-13,3.250000
2008-08-14,3.260000
2008-08-15,3.270000
2008-08-18,3.260000
2008-08-19,3.280000
2008-08-20,3.310000
2008-08-21,3.280000
2008-08-22,3.270000
2008-08-25,3.300000
2008-08-26,3.310000
2008-08-27,3.300000
2008-08-28,3.290000
2008-08-29,3.290000
2008-09-02,3.330000
2008-09-03,3.320000
2008-09-04,3.370000
2008-09-05,3.370000
2008-09-08,3.370000
2008-09-09,3.350000
2008-09-10,3.370000
2008-09-11,3.410000
2008-09-12,3.430000
2008-09-15,3.660000
2008-09-16,3.680000
2008-09-17,3.840000
2008-09-18,3.790000
2008-09-19,3.770000
2008-09-22,3.780000
2008-09-23,3.770000
2008-09-24,3.780000
2008-09-25,3.860000
2008-09-26,3.880000
2008-09-29,4.010000
2008-09-30,4.000000
2008-10-01,4.100000
2008-10-02,4.310000
2008-10-03,4.350000
2008-10-06,4.430000
2008-10-07,4.550000
2008-10-08,4.490000
2008-10-09,4.480000
2008-10-10,4.860000
2008-10-14,4.780000
2008-10-15,4.940000
2008-10-16,5.090000
2008-10-17,5.450000
2008-10-20,5.520000
2008-10-21,5.600000
2008-10-22,5.600000
2008-10-23,5.480000
2008-10-24,5.540000
2008-10-27,5.600000
2008-10-28,5.590000
2008-10-29,5.580000
2008-10-30,5.520000
2008-10-31,5.530000
2008-11-03,5.530000
2008-11-04,5.560000
2008-11-05,5.530000
2008-11-06,5.500000
2008-11-07,5.450000
2008-11-10,5.400000
2008-11-12,5.410000
2008-11-13,5.540000
2008-11-14,5.560000
2008-11-17,5.580000
2008-11-18,5.710000
2008-11-19,5.730000
2008-11-20,5.920000
2008-11-21,5.880000
2008-11-24,5.860000
2008-11-25,6.010000
2008-11-26,6.060000
2008-11-28,6.100000
2008-12-01,6.120000
2008-12-02,6.110000
2008-12-03,6.130000
2008-12-04,6.160000
2008-12-05,6.070000
2008-12-08,6.020000
2008-12-09,6.060000
2008-12-10,6.010000
2008-12-11,6.070000
2008-12-12,6.080000
2008-12-15,6.100000
2008-12-16,6.110000
2008-12-17,6.020000
2008-12-18,6.030000
2008-12-19,5.940000
2008-12-22,5.930000
2008-12-23,5.940000
2008-12-24,5.900000
2008-12-26,5.900000
2008-12-29,5.920000
2008-12-30,5.860000
2008-12-31,5.820000
2009-01-02,5.720000
2009-01-05,5.820000
2009-01-06,5.770000
2009-01-07,5.710000
2009-01-08,5.710000
2009-01-09,5.720000
2009-01-12,5.710000
2009-01-13,5.720000
2009-01-14,5.680000
2009-01-15,5.680000
2009-01-16,5.550000
2009-01-20,5.550000
2009-01-21,5.580000
2009-01-22,5.620000
2009-01-23,5.630000
2009-01-26,5.600000
2009-01-27,5.470000
2009-01-28,5.490000
2009-01-29,5.410000
2009-01-30,5.380000
2009-02-02,5.330000
2009-02-03,5.320000
2009-02-04,5.290000
2009-02-05,5.230000
2009-02-06,5.130000
2009-02-09,5.090000
2009-02-10,5.080000
2009-02-11,5.100000
2009-02-12,5.160000
2009-02-13,5.240000
2009-02-17,5.280000
2009-02-18,5.210000
2009-02-19,5.270000
2009-02-20,5.250000
2009-02-23,5.240000
2009-02-24,5.230000
2009-02-25,5.180000
2009-02-26,5.230000
2009-02-27,5.220000
2009-03-02,5.290000
2009-03-03,5.340000
2009-03-04,5.310000
2009-03-05,5.340000
2009-03-06,5.350000
2009-03-09,5.400000
2009-03-10,5.450000
2009-03-11,5.450000
2009-03-12,5.520000
2009-03-13,5.560000
2009-03-16,5.570000
2009-03-17,5.600000
2009-03-18,5.880000
2009-03-19,5.840000
2009-03-20,5.860000
2009-03-23,5.880000
2009-03-24,5.800000
2009-03-25,5.790000
2009-03-26,5.760000
2009-03-27,5.720000
2009-03-30,5.750000
2009-03-31,5.740000
2009-04-01,5.700000
2009-04-02,5.690000
2009-04-03,5.680000
2009-04-06,5.680000
2009-04-07,5.670000
2009-04-08,5.640000
2009-04-09,5.610000
2009-04-13,5.600000
2009-04-14,5.600000
2009-04-15,5.530000
2009-04-16,5.520000
2009-04-17,5.430000
2009-04-20,5.350000
2009-04-21,5.300000
2009-04-22,5.330000
2009-04-23,5.300000
2009-04-24,5.250000
2009-04-27,5.300000
2009-04-28,5.240000
2009-04-29,5.170000
2009-04-30,5.080000
2009-05-01,5.010000
2009-05-04,4.980000
2009-05-05,4.930000
2009-05-06,4.910000
2009-05-07,4.900000
2009-05-08,4.850000
2009-05-11,4.880000
2009-05-12,4.860000
2009-05-13,4.860000
2009-05-14,4.870000
2009-05-15,4.850000
2009-05-18,4.850000
2009-05-19,4.790000
2009-05-20,4.740000
2009-05-21,4.700000
2009-05-22,4.660000
2009-05-26,4.620000
2009-05-27,4.480000
2009-05-28,4.380000
2009-05-29,4.290000
2009-06-01,4.260000
2009-06-02,4.140000
2009-06-03,4.100000
2009-06-04,4.050000
2009-06-05,3.950000
2009-06-08,3.810000
2009-06-09,3.850000
2009-06-10,3.770000
2009-06-11,3.790000
2009-06-12,3.790000
2009-06-15,3.760000
2009-06-16,3.740000
2009-06-17,3.670000
2009-06-18,3.610000
2009-06-19,3.540000
2009-06-22,3.510000
2009-06-23,3.530000
2009-06-24,3.520000
2009-06-25,3.640000
2009-06-26,3.650000
2009-06-29,3.690000
2009-06-30,3.640000
2009-07-01,3.650000
2009-07-02,3.630000
2009-07-06,3.660000
2009-07-07,3.660000
2009-07-08,3.660000
2009-07-09,3.710000
2009-07-10,3.710000
2009-07-13,3.700000
2009-07-14,3.680000
2009-07-15,3.630000
2009-07-16,3.600000
2009-07-17,3.560000
2009-07-20,3.550000
2009-07-21,3.550000
2009-07-22,3.530000
2009-07-23,3.480000
2009-07-24,3.410000
2009-07-27,3.400000
2009-07-28,3.320000
2009-07-29,3.230000
2009-07-30,3.130000
2009-07-31,3.110000
2009-08-03,3.040000
2009-08-04,2.990000
2009-08-05,2.950000
2009-08-06,2.900000
2009-08-07,2.850000
2009-08-10,2.850000
2009-08-11,2.880000
2009-08-12,2.970000
2009-08-13,2.990000
2009-08-14,3.020000
2009-08-17,3.080000
2009-08-18,3.070000
2009-08-19,3.100000
2009-08-20,3.090000
2009-08-21,3.060000
2009-08-24,3.050000
2009-08-25,3.010000
2009-08-26,2.980000
2009-08-27,2.960000
2009-08-28,2.950000
2009-08-31,2.980000
2009-09-01,3.010000
2009-09-02,2.990000
2009-09-03,3.000000
2009-09-04,3.000000
2009-09-08,2.980000
2009-09-09,3.010000
2009-09-10,2.960000
2009-09-11,2.970000
2009-09-14,2.940000
2009-09-15,2.930000
2009-09-16,2.910000
2009-09-17,2.870000
2009-09-18,2.850000
2009-09-21,2.860000
2009-09-22,2.840000
2009-09-23,2.840000
2009-09-24,2.860000
2009-09-25,2.830000
2009-09-28,2.810000
2009-09-29,2.810000
2009-09-30,2.860000
2009-10-01,2.900000
2009-10-02,2.930000
2009-10-05,2.950000
2009-10-06,2.940000
2009-10-07,2.920000
2009-10-08,2.960000
2009-10-09,2.960000
2009-10-13,2.950000
2009-10-14,2.960000
2009-10-15,2.960000
2009-10-16,2.930000
2009-10-19,2.910000
2009-10-20,2.910000
2009-10-21,2.890000
2009-10-22,2.880000
2009-10-23,2.800000
2009-10-26,2.830000
2009-10-27,2.840000
2009-10-28,2.850000
2009-10-29,2.860000
2009-10-30,2.860000
2009-11-02,2.850000
2009-11-03,2.870000
2009-11-04,2.890000
2009-11-05,2.860000
2009-11-06,2.860000
2009-11-09,2.890000
2009-11-10,2.920000
2009-11-12,2.940000
2009-11-13,2.930000
2009-11-16,2.920000
2009-11-17,2.920000
2009-11-18,2.940000
2009-11-19,2.920000
2009-11-20,2.930000
2009-11-23,2.920000
2009-11-24,2.930000
2009-11-25,2.950000
2009-11-27,2.990000
2009-11-30,2.990000
2009-12-01,3.000000
2009-12-02,2.950000
2009-12-03,2.930000
2009-12-04,2.910000
2009-12-07,2.930000
2009-12-08,2.920000
2009-12-09,2.890000
2009-12-10,2.930000
2009-12-11,2.860000
2009-12-14,2.790000
2009-12-15,2.800000
2009-12-16,2.770000
2009-12-17,2.750000
2009-12-18,2.730000
2009-12-21,2.690000
2009-12-22,2.650000
2009-12-23,2.630000
2009-12-24,2.650000
2009-12-28,2.640000
2009-12-29,2.590000
2009-12-30,2.560000
2009-12-31,2.540000
2010-01-04,2.540000
2010-01-05,2.530000
2010-01-06,2.490000
2010-01-07,2.480000
2010-01-08,2.490000
2010-01-11,2.470000
2010-01-12,2.480000
2010-01-13,2.500000
2010-01-14,2.460000
2010-01-15,2.480000
2010-01-19,2.480000
2010-01-20,2.480000
2010-01-21,2.510000
2010-01-22,2.530000
2010-01-25,2.560000
2010-01-26,2.590000
2010-01-27,2.570000
2010-01-28,2.570000
2010-01-29,2.570000
2010-02-01,2.570000
2010-02-02,2.560000
2010-02-03,2.580000
2010-02-04,2.620000
2010-02-05,2.620000
2010-02-08,2.640000
2010-02-09,2.650000
2010-02-10,2.660000
2010-02-11,2.700000
2010-02-12,2.720000
2010-02-16,2.730000
2010-02-17,2.730000
2010-02-18,2.720000
2010-02-19,2.650000
2010-02-22,2.650000
2010-02-23,2.650000
2010-02-24,2.650000
2010-02-25,2.640000
2010-02-26,2.620000
2010-03-01,2.650000
2010-03-02,2.640000
2010-03-03,2.630000
2010-03-04,2.620000
2010-03-05,2.610000
2010-03-08,2.590000
2010-03-09,2.610000
2010-03-10,2.590000
2010-03-11,2.560000
2010-03-12,2.550000
2010-03-15,2.560000
2010-03-16,2.550000
2010-03-17,2.530000
2010-03-18,2.520000
2010-03-19,2.490000
2010-03-22,2.500000
2010-03-23,2.510000
2010-03-24,2.480000
2010-03-25,2.470000
2010-03-26,2.490000
2010-03-29,2.490000
2010-03-30,2.480000
2010-03-31,2.470000
2010-04-01,2.440000
2010-04-02,2.440000
2010-04-05,2.430000
2010-04-06,2.460000
2010-04-07,2.440000
2010-04-08,2.430000
2010-04-09,2.430000
2010-04-12,2.400000
2010-04-13,2.400000
2010-04-14,2.400000
2010-04-15,2.420000
2010-04-16,2.430000
2010-04-19,2.420000
2010-04-20,2.400000
2010-04-21,2.380000
2010-04-22,2.380000
2010-04-23,2.370000
2010-04-26,2.380000
2010-04-27,2.390000
2010-04-28,2.380000
2010-04-29,2.370000
2010-04-30,2.380000
2010-05-03,2.370000
2010-05-04,2.380000
2010-05-05,2.400000
2010-05-06,2.410000
2010-05-07,2.550000
2010-05-10,2.530000
2010-05-11,2.580000
2010-05-12,2.610000
2010-05-13,2.600000
2010-05-14,2.590000
2010-05-17,2.590000
2010-05-18,2.610000
2010-05-19,2.650000
2010-05-20,2.740000
2010-05-21,2.760000
2010-05-24,2.790000
2010-05-25,2.810000
2010-05-26,2.870000
2010-05-27,2.890000
2010-05-28,2.890000
2010-06-01,2.920000
2010-06-02,2.910000
2010-06-03,2.920000
2010-06-04,2.950000
2010-06-07,3.000000
2010-06-08,2.990000
2010-06-09,3.000000
2010-06-10,3.010000
2010-06-11,3.040000
2010-06-14,3.060000
2010-06-15,3.050000
2010-06-16,3.070000
2010-06-17,3.040000
2010-06-18,3.040000
2010-06-21,3.020000
2010-06-22,3.040000
2010-06-23,3.050000
2010-06-24,3.080000
2010-06-25,3.090000
2010-06-28,3.100000
2010-06-29,3.120000
2010-06-30,3.080000
2010-07-01,3.020000
2010-07-02,3.040000
2010-07-06,3.050000
2010-07-07,3.080000
2010-07-08,3.070000
2010-07-09,3.070000
2010-07-12,3.050000
2010-07-13,3.030000
2010-07-14,3.020000
2010-07-15,3.020000
2010-07-16,3.040000
2010-07-19,3.040000
2010-07-20,2.990000
2010-07-21,2.980000
2010-07-22,2.970000
2010-07-23,2.950000
2010-07-26,2.920000
2010-07-27,2.900000
2010-07-28,2.920000
2010-07-29,2.920000
2010-07-30,2.910000
2010-08-02,2.900000
2010-08-03,2.920000
2010-08-04,2.900000
2010-08-05,2.930000
2010-08-06,2.940000
2010-08-09,2.950000
2010-08-10,3.050000
2010-08-11,3.030000
2010-08-12,3.040000
2010-08-13,3.050000
2010-08-16,3.000000
2010-08-17,2.990000
2010-08-18,2.940000
2010-08-19,2.930000
2010-08-20,2.900000
2010-08-23,2.940000
2010-08-24,2.950000
2010-08-25,2.940000
2010-08-26,2.950000
2010-08-27,2.960000
2010-08-30,2.990000
2010-08-31,3.010000
2010-09-01,3.010000
2010-09-02,3.020000
2010-09-03,2.970000
2010-09-07,2.960000
2010-09-08,2.950000
2010-09-09,2.960000
2010-09-10,2.940000
2010-09-13,2.970000
2010-09-14,2.970000
2010-09-15,3.000000
2010-09-16,3.020000
2010-09-17,3.030000
2010-09-20,3.020000
2010-09-21,3.050000
2010-09-22,3.050000
2010-09-23,3.040000
2010-09-24,3.050000
2010-09-27,3.040000
2010-09-28,3.060000
2010-09-29,3.060000
2010-09-30,3.050000
2010-10-01,3.070000
2010-10-04,3.100000
2010-10-05,3.110000
2010-10-06,3.130000
2010-10-07,3.180000
2010-10-08,3.210000
2010-10-12,3.220000
2010-10-13,3.220000
2010-10-14,3.230000
2010-10-15,3.260000
2010-10-18,3.260000
2010-10-19,3.250000
2010-10-20,3.230000
2010-10-21,3.200000
2010-10-22,3.180000
2010-10-25,3.130000
2010-10-26,3.130000
2010-10-27,3.090000
2010-10-28,3.160000
2010-10-29,3.150000
2010-11-01,3.130000
2010-11-02,3.080000
2010-11-03,3.160000
2010-11-04,3.240000
2010-11-05,3.270000
2010-11-08,3.250000
2010-11-09,3.250000
2010-11-10,3.310000
2010-11-12,3.240000
2010-11-15,3.200000
2010-11-16,3.150000
2010-11-17,3.130000
2010-11-18,3.120000
2010-11-19,3.110000
2010-11-22,3.140000
2010-11-23,3.130000
2010-11-24,3.100000
2010-11-26,3.070000
2010-11-29,3.040000
2010-11-30,3.030000
2010-12-01,3.010000
2010-12-02,2.990000
2010-12-03,3.020000
2010-12-06,3.020000
2010-12-07,2.990000
2010-12-08,2.900000
2010-12-09,2.860000
2010-12-10,2.790000
2010-12-13,2.800000
2010-12-14,2.750000
2010-12-15,2.740000
2010-12-16,2.770000
2010-12-17,2.730000
2010-12-20,2.750000
2010-12-21,2.720000
2010-12-22,2.730000
2010-12-23,2.700000
2010-12-27,2.700000
2010-12-28,2.680000
2010-12-29,2.700000
2010-12-30,2.690000
2010-12-31,2.680000
2011-01-03,2.680000
2011-01-04,2.710000
2011-01-05,2.670000
2011-01-06,2.670000
2011-01-07,2.730000
2011-01-10,2.750000
2011-01-11,2.680000
2011-01-12,2.680000
2011-01-13,2.710000
2011-01-14,2.740000
2011-01-18,2.720000
2011-01-19,2.700000
2011-01-20,2.700000
2011-01-21,2.680000
2011-01-24,2.670000
2011-01-25,2.660000
2011-01-26,2.680000
2011-01-27,2.670000
2011-01-28,2.700000
2011-01-31,2.680000
2011-02-01,2.660000
2011-02-02,2.640000
2011-02-03,2.610000
2011-02-04,2.570000
2011-02-07,2.530000
2011-02-08,2.500000
2011-02-09,2.530000
2011-02-10,2.550000
2011-02-11,2.560000
2011-02-14,2.530000
2011-02-15,2.530000
2011-02-16,2.530000
2011-02-17,2.560000
2011-02-18,2.580000
2011-02-22,2.620000
2011-02-23,2.600000
2011-02-24,2.590000
2011-02-25,2.600000
2011-02-28,2.570000
2011-03-01,2.590000
2011-03-02,2.600000
2011-03-03,2.550000
2011-03-04,2.600000
2011-03-07,2.590000
2011-03-08,2.590000
2011-03-09,2.610000
2011-03-10,2.660000
2011-03-11,2.630000
2011-03-14,2.650000
2011-03-15,2.680000
2011-03-16,2.710000
2011-03-17,2.720000
2011-03-18,2.690000
2011-03-21,2.640000
2011-03-22,2.640000
2011-03-23,2.630000
2011-03-24,2.590000
2011-03-25,2.580000
2011-03-28,2.560000
2011-03-29,2.590000
2011-03-30,2.590000
2011-03-31,2.580000
2011-04-01,2.580000
2011-04-04,2.580000
2011-04-05,2.550000
2011-04-06,2.550000
2011-04-07,2.570000
2011-04-08,2.560000
2011-04-11,2.550000
2011-04-12,2.580000
2011-04-13,2.580000
2011-04-14,2.550000
2011-04-15,2.560000
2011-04-18,2.580000
2011-04-19,2.560000
2011-04-20,2.550000
2011-04-21,2.570000
2011-04-25,2.580000
2011-04-26,2.570000
2011-04-27,2.570000
2011-04-28,2.590000
2011-04-29,2.580000
2011-05-02,2.570000
2011-05-03,2.570000
2011-05-04,2.560000
2011-05-05,2.590000
2011-05-06,2.600000
2011-05-09,2.640000
2011-05-10,2.610000
2011-05-11,2.610000
2011-05-12,2.640000
2011-05-13,2.640000
2011-05-16,2.600000
2011-05-17,2.590000
2011-05-18,2.590000
2011-05-19,2.610000
2011-05-20,2.630000
2011-05-23,2.620000
2011-05-24,2.620000
2011-05-25,2.640000
2011-05-26,2.640000
2011-05-27,2.650000
2011-05-31,2.650000
2011-06-01,2.680000
2011-06-02,2.700000
2011-06-03,2.730000
2011-06-06,2.750000
2011-06-07,2.750000
2011-06-08,2.730000
2011-06-09,2.730000
2011-06-10,2.710000
2011-06-13,2.720000
2011-06-14,2.710000
2011-06-15,2.740000
2011-06-16,2.750000
2011-06-17,2.790000
2011-06-20,2.760000
2011-06-21,2.750000
2011-06-22,2.740000
2011-06-23,2.760000
2011-06-24,2.830000
2011-06-27,2.870000
2011-06-28,2.810000
2011-06-29,2.750000
2011-06-30,2.720000
2011-07-01,2.690000
2011-07-05,2.740000
2011-07-06,2.730000
2011-07-07,2.690000
2011-07-08,2.730000
2011-07-11,2.760000
2011-07-12,2.770000
2011-07-13,2.760000
2011-07-14,2.760000
2011-07-15,2.800000
2011-07-18,2.840000
2011-07-19,2.780000
2011-07-20,2.800000
2011-07-21,2.770000
2011-07-22,2.750000
2011-07-25,2.770000
2011-07-26,2.760000
2011-07-27,2.730000
2011-07-28,2.730000
2011-07-29,2.770000
2011-08-01,2.770000
2011-08-02,2.740000
2011-08-03,2.720000
2011-08-04,2.770000
2011-08-05,2.770000
2011-08-08,2.880000
2011-08-09,3.010000
2011-08-10,3.030000
2011-08-11,3.150000
2011-08-12,3.140000
2011-08-15,3.150000
2011-08-16,3.120000
2011-08-17,3.110000
2011-08-18,3.120000
2011-08-19,3.120000
2011-08-22,3.130000
2011-08-23,3.190000
2011-08-24,3.210000
2011-08-25,3.250000
2011-08-26,3.250000
2011-08-29,3.250000
2011-08-30,3.220000
2011-08-31,3.250000
2011-09-01,3.230000
2011-09-02,3.180000
2011-09-06,3.210000
2011-09-07,3.250000
2011-09-08,3.260000
2011-09-09,3.280000
2011-09-12,3.290000
2011-09-13,3.320000
2011-09-14,3.300000
2011-09-15,3.310000
2011-09-16,3.310000
2011-09-19,3.310000
2011-09-20,3.350000
2011-09-21,3.260000
2011-09-22,3.320000
2011-09-23,3.310000
2011-09-26,3.370000
2011-09-27,3.390000
2011-09-28,3.350000
2011-09-29,3.300000
2011-09-30,3.300000
2011-10-03,3.310000
2011-10-04,3.330000
2011-10-05,3.360000
2011-10-06,3.340000
2011-10-07,3.320000
2011-10-11,3.320000
2011-10-12,3.330000
2011-10-13,3.290000
2011-10-14,3.260000
2011-10-17,3.260000
2011-10-18,3.230000
2011-10-19,3.210000
2011-10-20,3.200000
2011-10-21,3.180000
2011-10-24,3.160000
2011-10-25,3.140000
2011-10-26,3.100000
2011-10-27,3.040000
2011-10-28,2.990000
2011-10-31,3.020000
2011-11-01,3.030000
2011-11-02,3.030000
2011-11-03,3.040000
2011-11-04,3.060000
2011-11-07,3.020000
2011-11-08,3.050000
2011-11-09,3.080000
2011-11-10,3.140000
2011-11-14,3.130000
2011-11-15,3.140000
2011-11-16,3.170000
2011-11-17,3.160000
2011-11-18,3.140000
2011-11-21,3.150000
2011-11-22,3.170000
2011-11-23,3.150000
2011-11-25,3.180000
2011-11-28,3.190000
2011-11-29,3.220000
2011-11-30,3.240000
2011-12-01,3.300000
2011-12-02,3.240000
2011-12-05,3.250000
2011-12-06,3.260000
2011-12-07,3.260000
2011-12-08,3.260000
2011-12-09,3.280000
2011-12-12,3.270000
2011-12-13,3.290000
2011-12-14,3.240000
2011-12-15,3.270000
2011-12-16,3.260000
2011-12-19,3.260000
2011-12-20,3.270000
2011-12-21,3.300000
2011-12-22,3.290000
2011-12-23,3.320000
2011-12-27,3.300000
2011-12-28,3.250000
2011-12-29,3.280000
2011-12-30,3.270000
2012-01-03,3.290000
2012-01-04,3.300000
2012-01-05,3.270000
2012-01-06,3.270000
2012-01-09,3.280000
2012-01-10,3.250000
2012-01-11,3.270000
2012-01-12,3.270000
2012-01-13,3.240000
2012-01-17,3.240000
2012-01-18,3.250000
2012-01-19,3.220000
2012-01-20,3.240000
2012-01-23,3.240000
2012-01-24,3.250000
2012-01-25,3.310000
2012-01-26,3.280000
2012-01-27,3.280000
2012-01-30,3.250000
2012-01-31,3.240000
2012-02-01,3.250000
2012-02-02,3.250000
2012-02-03,3.260000
2012-02-06,3.220000
2012-02-07,3.190000
2012-02-08,3.170000
2012-02-09,3.180000
2012-02-10,3.170000
2012-02-13,3.190000
2012-02-14,3.180000
2012-02-15,3.190000
2012-02-16,3.170000
2012-02-17,3.170000
2012-02-21,3.150000
2012-02-22,3.150000
2012-02-23,3.140000
2012-02-24,3.120000
2012-02-27,3.120000
2012-02-28,3.120000
2012-02-29,3.100000
2012-03-01,3.100000
2012-03-02,3.090000
2012-03-05,3.110000
2012-03-06,3.100000
2012-03-07,3.110000
2012-03-08,3.110000
2012-03-09,3.110000
2012-03-12,3.090000
2012-03-13,3.080000
2012-03-14,3.070000
2012-03-15,3.070000
2012-03-16,3.040000
2012-03-19,3.030000
2012-03-20,3.020000
2012-03-21,3.000000
2012-03-22,3.010000
2012-03-23,3.010000
2012-03-26,3.010000
2012-03-27,3.040000
2012-03-28,3.030000
2012-03-29,3.030000
2012-03-30,3.070000
2012-04-02,3.080000
2012-04-03,3.060000
2012-04-04,3.080000
2012-04-05,3.090000
2012-04-06,3.130000
2012-04-09,3.110000
2012-04-10,3.140000
2012-04-11,3.160000
2012-04-12,3.150000
2012-04-13,3.150000
2012-04-16,3.140000
2012-04-17,3.140000
2012-04-18,3.150000
2012-04-19,3.150000
2012-04-20,3.170000
2012-04-23,3.160000
2012-04-24,3.150000
2012-04-25,3.170000
2012-04-26,3.190000
2012-04-27,3.190000
2012-04-30,3.200000
2012-05-01,3.220000
2012-05-02,3.190000
2012-05-03,3.180000
2012-05-04,3.190000
2012-05-07,3.180000
2012-05-08,3.190000
2012-05-09,3.220000
2012-05-10,3.210000
2012-05-11,3.220000
2012-05-14,3.220000
2012-05-15,3.240000
2012-05-16,3.250000
2012-05-17,3.230000
2012-05-18,3.270000
2012-05-21,3.250000
2012-05-22,3.340000
2012-05-23,3.330000
2012-05-24,3.360000
2012-05-25,3.370000
2012-05-29,3.380000
2012-05-30,3.400000
2012-05-31,3.400000
2012-06-01,3.410000
2012-06-04,3.400000
2012-06-05,3.400000
2012-06-06,3.410000
2012-06-07,3.430000
2012-06-08,3.440000
2012-06-11,3.460000
2012-06-12,3.430000
2012-06-13,3.430000
2012-06-14,3.400000
2012-06-15,3.420000
2012-06-18,3.420000
2012-06-19,3.410000
2012-06-20,3.380000
2012-06-21,3.350000
2012-06-22,3.360000
2012-06-25,3.360000
2012-06-26,3.340000
2012-06-27,3.350000
2012-06-28,3.370000
2012-06-29,3.390000
2012-07-02,3.400000
2012-07-03,3.410000
2012-07-05,3.430000
2012-07-06,3.410000
2012-07-09,3.410000
2012-07-10,3.390000
2012-07-11,3.360000
2012-07-12,3.370000
2012-07-13,3.370000
2012-07-16,3.350000
2012-07-17,3.350000
2012-07-18,3.330000
2012-07-19,3.340000
2012-07-20,3.310000
2012-07-23,3.310000
2012-07-24,3.290000
2012-07-25,3.300000
2012-07-26,3.300000
2012-07-27,3.290000
2012-07-30,3.260000
2012-07-31,3.270000
2012-08-01,3.260000
2012-08-02,3.240000
2012-08-03,3.260000
2012-08-06,3.240000
2012-08-07,3.240000
2012-08-08,3.230000
2012-08-09,3.230000
2012-08-10,3.230000
2012-08-13,3.240000
2012-08-14,3.250000
2012-08-15,3.270000
2012-08-16,3.260000
2012-08-17,3.250000
2012-08-20,3.230000
2012-08-21,3.230000
2012-08-22,3.220000
2012-08-23,3.200000
2012-08-24,3.210000
2012-08-27,3.190000
2012-08-28,3.190000
2012-08-29,3.190000
2012-08-30,3.200000
2012-08-31,3.210000
2012-09-04,3.180000
2012-09-05,3.180000
2012-09-06,3.190000
2012-09-07,3.200000
2012-09-10,3.200000
2012-09-11,3.180000
2012-09-12,3.180000
2012-09-13,3.210000
2012-09-14,3.150000
2012-09-17,3.120000
2012-09-18,3.090000
2012-09-19,3.070000
2012-09-20,3.040000
2012-09-21,3.060000
2012-09-24,3.020000
2012-09-25,3.030000
2012-09-26,3.030000
2012-09-27,3.050000
2012-09-28,3.070000
2012-10-01,3.060000
2012-10-02,3.040000
2012-10-03,3.030000
2012-10-04,2.990000
2012-10-05,2.980000
2012-10-09,2.930000
2012-10-10,2.900000
2012-10-11,2.870000
2012-10-12,2.850000
2012-10-15,2.830000
2012-10-16,2.800000
2012-10-17,2.770000
2012-10-18,2.720000
2012-10-19,2.710000
2012-10-22,2.680000
2012-10-23,2.730000
2012-10-24,2.740000
2012-10-25,2.730000
2012-10-26,2.760000
2012-10-29,2.750000
2012-10-31,2.730000
2012-11-01,2.750000
2012-11-02,2.770000
2012-11-05,2.740000
2012-11-06,2.740000
2012-11-07,2.780000
2012-11-08,2.800000
2012-11-09,2.820000
2012-11-13,2.850000
2012-11-14,2.870000
2012-11-15,2.900000
2012-11-16,2.900000
2012-11-19,2.910000
2012-11-20,2.900000
2012-11-21,2.890000
2012-11-23,2.890000
2012-11-26,2.900000
2012-11-27,2.910000
2012-11-28,2.910000
2012-11-29,2.950000
2012-11-30,2.950000
2012-12-03,2.950000
2012-12-04,2.940000
2012-12-05,2.970000
2012-12-06,2.960000
2012-12-07,2.960000
2012-12-10,2.950000
2012-12-11,2.950000
2012-12-12,2.940000
2012-12-13,2.920000
2012-12-14,2.900000
2012-12-17,2.900000
2012-12-18,2.920000
2012-12-19,2.890000
2012-12-20,2.890000
2012-12-21,2.860000
2012-12-24,2.860000
2012-12-26,2.870000
2012-12-27,2.840000
2012-12-28,2.850000
2012-12-31,2.850000
2013-01-02,2.850000
2013-01-03,2.840000
2013-01-04,2.810000
2013-01-07,2.800000
2013-01-08,2.810000
2013-01-09,2.810000
2013-01-10,2.800000
2013-01-11,2.800000
2013-01-14,2.800000
2013-01-15,2.810000
2013-01-16,2.840000
2013-01-17,2.840000
2013-01-18,2.820000
2013-01-22,2.820000
2013-01-23,2.830000
2013-01-24,2.820000
2013-01-25,2.820000
2013-01-28,2.820000
2013-01-29,2.810000
2013-01-30,2.840000
2013-01-31,2.820000
2013-02-01,2.840000
2013-02-04,2.850000
2013-02-05,2.850000
2013-02-06,2.860000
2013-02-07,2.850000
2013-02-08,2.860000
2013-02-11,2.840000
2013-02-12,2.850000
2013-02-13,2.840000
2013-02-14,2.850000
2013-02-15,2.850000
2013-02-19,2.860000
2013-02-20,2.870000
2013-02-21,2.870000
2013-02-22,2.870000
2013-02-25,2.890000
2013-02-26,2.900000
2013-02-27,2.900000
2013-02-28,2.890000
2013-03-01,2.900000
2013-03-04,2.900000
2013-03-05,2.900000
2013-03-06,2.890000
2013-03-07,2.890000
2013-03-08,2.880000
2013-03-11,2.870000
2013-03-12,2.870000
2013-03-13,2.850000
2013-03-14,2.880000
2013-03-15,2.890000
2013-03-18,2.910000
2013-03-19,2.900000
2013-03-20,2.900000
2013-03-21,2.900000
2013-03-22,2.900000
2013-03-25,2.910000
2013-03-26,2.910000
2013-03-27,2.930000
2013-03-28,2.960000
2013-04-01,2.910000
2013-04-02,2.910000
2013-04-03,2.910000
2013-04-04,2.880000
2013-04-05,2.820000
2013-04-08,2.820000
2013-04-09,2.820000
2013-04-10,2.830000
2013-04-11,2.840000
2013-04-12,2.820000
2013-04-15,2.820000
2013-04-16,2.810000
2013-04-17,2.810000
2013-04-18,2.800000
2013-04-19,2.810000
2013-04-22,2.820000
2013-04-23,2.800000
2013-04-24,2.800000
2013-04-25,2.810000
2013-04-26,2.810000
2013-04-29,2.820000
2013-04-30,2.830000
2013-05-01,2.820000
2013-05-02,2.810000
2013-05-03,2.820000
2013-05-06,2.830000
2013-05-07,2.820000
2013-05-08,2.800000
2013-05-09,2.820000
2013-05-10,2.820000
2013-05-13,2.810000
2013-05-14,2.810000
2013-05-15,2.820000
2013-05-16,2.810000
2013-05-17,2.810000
2013-05-20,2.800000
2013-05-21,2.810000
2013-05-22,2.780000
2013-05-23,2.770000
2013-05-24,2.750000
2013-05-28,2.730000
2013-05-29,2.750000
2013-05-30,2.770000
2013-05-31,2.790000
2013-06-03,2.820000
2013-06-04,2.860000
2013-06-05,2.890000
2013-06-06,2.880000
2013-06-07,2.890000
2013-06-10,2.890000
2013-06-11,2.910000
2013-06-12,2.910000
2013-06-13,2.920000
2013-06-14,2.930000
2013-06-17,2.930000
2013-06-18,2.920000
2013-06-19,2.870000
2013-06-20,2.930000
2013-06-21,2.870000
2013-06-24,2.860000
2013-06-25,2.880000
2013-06-26,2.890000
2013-06-27,2.920000
2013-06-28,2.830000
2013-07-01,2.830000
2013-07-02,2.810000
2013-07-03,2.800000
2013-07-05,2.770000
2013-07-08,2.790000
2013-07-09,2.780000
2013-07-10,2.750000
2013-07-11,2.770000
2013-07-12,2.770000
2013-07-15,2.760000
2013-07-16,2.740000
2013-07-17,2.740000
2013-07-18,2.750000
2013-07-19,2.740000
2013-07-22,2.710000
2013-07-23,2.700000
2013-07-24,2.670000
2013-07-25,2.690000
2013-07-26,2.670000
2013-07-29,2.690000
2013-07-30,2.680000
2013-07-31,2.680000
2013-08-01,2.660000
2013-08-02,2.680000
2013-08-05,2.700000
2013-08-06,2.690000
2013-08-07,2.720000
2013-08-08,2.730000
2013-08-09,2.740000
2013-08-12,2.720000
2013-08-13,2.720000
2013-08-14,2.720000
2013-08-15,2.700000
2013-08-16,2.700000
2013-08-19,2.700000
2013-08-20,2.720000
2013-08-21,2.710000
2013-08-22,2.680000
2013-08-23,2.670000
2013-08-26,2.670000
2013-08-27,2.660000
2013-08-28,2.650000
2013-08-29,2.620000
2013-08-30,2.560000
2013-09-03,2.580000
2013-09-04,2.550000
2013-09-05,2.550000
2013-09-06,2.590000
2013-09-09,2.600000
2013-09-10,2.610000
2013-09-11,2.610000
2013-09-12,2.610000
2013-09-13,2.640000
2013-09-16,2.680000
2013-09-17,2.670000
2013-09-18,2.750000
2013-09-19,2.720000
2013-09-20,2.680000
2013-09-23,2.700000
2013-09-24,2.680000
2013-09-25,2.700000
2013-09-26,2.720000
2013-09-27,2.730000
2013-09-30,2.750000
2013-10-01,2.760000
2013-10-02,2.770000
2013-10-03,2.780000
2013-10-04,2.760000
2013-10-07,2.740000
2013-10-08,2.710000
2013-10-09,2.710000
2013-10-10,2.680000
2013-10-11,2.680000
2013-10-15,2.660000
2013-10-16,2.660000
2013-10-17,2.660000
2013-10-18,2.660000
2013-10-21,2.650000
2013-10-22,2.660000
2013-10-23,2.670000
2013-10-24,2.680000
2013-10-25,2.660000
2013-10-28,2.660000
2013-10-29,2.690000
2013-10-30,2.680000
2013-10-31,2.650000
2013-11-01,2.640000
2013-11-04,2.660000
2013-11-05,2.660000
2013-11-06,2.700000
2013-11-07,2.700000
2013-11-08,2.690000
2013-11-12,2.670000
2013-11-13,2.690000
2013-11-14,2.720000
2013-11-15,2.700000
2013-11-18,2.660000
2013-11-19,2.660000
2013-11-20,2.670000
2013-11-21,2.650000
2013-11-22,2.650000
2013-11-25,2.650000
2013-11-26,2.630000
2013-11-27,2.630000
2013-11-29,2.610000
2013-12-02,2.600000
2013-12-03,2.600000
2013-12-04,2.620000
2013-12-05,2.590000
2013-12-06,2.580000
2013-12-09,2.570000
2013-12-10,2.560000
2013-12-11,2.550000
2013-12-12,2.530000
2013-12-13,2.500000
2013-12-16,2.500000
2013-12-17,2.500000
2013-12-18,2.500000
2013-12-19,2.420000
2013-12-20,2.380000
2013-12-23,2.350000
2013-12-24,2.360000
2013-12-26,2.370000
2013-12-27,2.370000
2013-12-30,2.350000
2013-12-31,2.330000
2014-01-02,2.340000
2014-01-03,2.340000
2014-01-06,2.320000
2014-01-07,2.320000
2014-01-08,2.310000
2014-01-09,2.310000
2014-01-10,2.320000
2014-01-13,2.340000
2014-01-14,2.340000
2014-01-15,2.320000
2014-01-16,2.320000
2014-01-17,2.330000
2014-01-21,2.300000
2014-01-22,2.300000
2014-01-23,2.320000
2014-01-24,2.350000
2014-01-27,2.360000
2014-01-28,2.350000
2014-01-29,2.380000
2014-01-30,2.360000
2014-01-31,2.400000
2014-02-03,2.390000
2014-02-04,2.410000
2014-02-05,2.420000
2014-02-06,2.400000
2014-02-07,2.420000
2014-02-10,2.420000
2014-02-11,2.390000
2014-02-12,2.360000
2014-02-13,2.390000
2014-02-14,2.380000
2014-02-18,2.400000
2014-02-19,2.410000
2014-02-20,2.390000
2014-02-21,2.380000
2014-02-24,2.380000
2014-02-25,2.380000
2014-02-26,2.380000
2014-02-27,2.360000
2014-02-28,2.350000
2014-03-03,2.370000
2014-03-04,2.350000
2014-03-05,2.360000
2014-03-06,2.370000
2014-03-07,2.340000
2014-03-10,2.360000
2014-03-11,2.370000
2014-03-12,2.380000
2014-03-13,2.390000
2014-03-14,2.400000
2014-03-17,2.400000
2014-03-18,2.420000
2014-03-19,2.370000
2014-03-20,2.340000
2014-03-21,2.320000
2014-03-24,2.290000
2014-03-25,2.280000
2014-03-26,2.280000
2014-03-27,2.260000
2014-03-28,2.250000
2014-03-31,2.260000
2014-04-01,2.260000
2014-04-02,2.250000
2014-04-03,2.240000
2014-04-04,2.250000
2014-04-07,2.240000
2014-04-08,2.260000
2014-04-09,2.250000
2014-04-10,2.240000
2014-04-11,2.230000
2014-04-14,2.220000
2014-04-15,2.200000
2014-04-16,2.190000
2014-04-17,2.160000
2014-04-21,2.180000
2014-04-22,2.150000
2014-04-23,2.150000
2014-04-24,2.140000
2014-04-25,2.130000
2014-04-28,2.130000
2014-04-29,2.150000
2014-04-30,2.160000
2014-05-01,2.140000
2014-05-02,2.140000
2014-05-05,2.150000
2014-05-06,2.150000
2014-05-07,2.160000
2014-05-08,2.180000
2014-05-09,2.210000
2014-05-12,2.200000
2014-05-13,2.210000
2014-05-14,2.200000
2014-05-15,2.220000
2014-05-16,2.200000
2014-05-19,2.220000
2014-05-20,2.230000
2014-05-21,2.260000
2014-05-22,2.250000
2014-05-23,2.240000
2014-05-27,2.230000
2014-05-28,2.230000
2014-05-29,2.240000
2014-05-30,2.220000
2014-06-02,2.220000
2014-06-03,2.220000
2014-06-04,2.230000
2014-06-05,2.240000
2014-06-06,2.230000
2014-06-09,2.220000
2014-06-10,2.210000
2014-06-11,2.200000
2014-06-12,2.210000
2014-06-13,2.190000
2014-06-16,2.170000
2014-06-17,2.170000
2014-06-18,2.190000
2014-06-19,2.190000
2014-06-20,2.200000
2014-06-23,2.190000
2014-06-24,2.180000
2014-06-25,2.180000
2014-06-26,2.180000
2014-06-27,2.200000
2014-06-30,2.180000
2014-07-01,2.190000
2014-07-02,2.200000
2014-07-03,2.210000
2014-07-07,2.180000
2014-07-08,2.180000
2014-07-09,2.170000
2014-07-10,2.200000
2014-07-11,2.200000
2014-07-14,2.210000
2014-07-15,2.200000
2014-07-16,2.190000
2014-07-17,2.220000
2014-07-18,2.200000
2014-07-21,2.190000
2014-07-22,2.190000
2014-07-23,2.200000
2014-07-24,2.200000
2014-07-25,2.190000
2014-07-28,2.190000
2014-07-29,2.180000
2014-07-30,2.170000
2014-07-31,2.170000
2014-08-01,2.230000
2014-08-04,2.240000
2014-08-05,2.250000
2014-08-06,2.260000
2014-08-07,2.280000
2014-08-08,2.270000
2014-08-11,2.280000
2014-08-12,2.290000
2014-08-13,2.310000
2014-08-14,2.290000
2014-08-15,2.290000
2014-08-18,2.310000
2014-08-19,2.330000
2014-08-20,2.300000
2014-08-21,2.280000
2014-08-22,2.260000
2014-08-25,2.250000
2014-08-26,2.260000
2014-08-27,2.240000
2014-08-28,2.230000
2014-08-29,2.230000
2014-09-02,2.250000
2014-09-03,2.240000
2014-09-04,2.250000
2014-09-05,2.290000
2014-09-08,2.260000
2014-09-09,2.250000
2014-09-10,2.260000
2014-09-11,2.250000
2014-09-12,2.270000
2014-09-15,2.280000
2014-09-16,2.300000
2014-09-17,2.290000
2014-09-18,2.280000
2014-09-19,2.260000
2014-09-22,2.270000
2014-09-23,2.260000
2014-09-24,2.270000
2014-09-25,2.270000
2014-09-26,2.270000
2014-09-29,2.270000
2014-09-30,2.290000
2014-10-01,2.310000
2014-10-02,2.320000
2014-10-03,2.290000
2014-10-06,2.300000
2014-10-07,2.300000
2014-10-08,2.320000
2014-10-09,2.340000
2014-10-10,2.360000
2014-10-14,2.390000
2014-10-15,2.440000
2014-10-16,2.470000
2014-10-17,2.440000
2014-10-20,2.450000
2014-10-21,2.430000
2014-10-22,2.420000
2014-10-23,2.420000
2014-10-24,2.430000
2014-10-27,2.440000
2014-10-28,2.430000
2014-10-29,2.360000
2014-10-30,2.390000
2014-10-31,2.390000
2014-11-03,2.390000
2014-11-04,2.390000
2014-11-05,2.390000
2014-11-06,2.400000
2014-11-07,2.430000
2014-11-10,2.410000
2014-11-12,2.430000
2014-11-13,2.470000
2014-11-14,2.480000
2014-11-17,2.490000
2014-11-18,2.520000
2014-11-19,2.510000
2014-11-20,2.520000
2014-11-21,2.490000
2014-11-24,2.500000
2014-11-25,2.460000
2014-11-26,2.470000
2014-11-28,2.520000
2014-12-01,2.540000
2014-12-02,2.540000
2014-12-03,2.520000
2014-12-04,2.530000
2014-12-05,2.480000
2014-12-08,2.480000
2014-12-09,2.510000
2014-12-10,2.530000
2014-12-11,2.530000
2014-12-12,2.580000
2014-12-15,2.560000
2014-12-16,2.600000
2014-12-17,2.600000
2014-12-18,2.560000
2014-12-19,2.560000
2014-12-22,2.530000
2014-12-23,2.530000
2014-12-24,2.500000
2014-12-26,2.500000
2014-12-29,2.490000
2014-12-30,2.490000
2014-12-31,2.510000
2015-01-02,2.510000
2015-01-05,2.520000
2015-01-06,2.520000
2015-01-07,2.530000
2015-01-08,2.540000
2015-01-09,2.550000
2015-01-12,2.550000
2015-01-13,2.550000
2015-01-14,2.580000
2015-01-15,2.650000
2015-01-16,2.620000
2015-01-20,2.610000
2015-01-21,2.590000
2015-01-22,2.590000
2015-01-23,2.600000
2015-01-26,2.580000
2015-01-27,2.590000
2015-01-28,2.590000
2015-01-29,2.580000
2015-01-30,2.610000
2015-02-02,2.610000
2015-02-03,2.610000
2015-02-04,2.600000
2015-02-05,2.600000
2015-02-06,2.550000
2015-02-09,2.530000
2015-02-10,2.530000
2015-02-11,2.530000
2015-02-12,2.540000
2015-02-13,2.550000
2015-02-17,2.530000
2015-02-18,2.530000
2015-02-19,2.530000
2015-02-20,2.500000
2015-02-23,2.480000
2015-02-24,2.490000
2015-02-25,2.490000
2015-02-26,2.440000
2015-02-27,2.460000
2015-03-02,2.480000
2015-03-03,2.460000
2015-03-04,2.460000
2015-03-05,2.470000
2015-03-06,2.450000
2015-03-09,2.460000
2015-03-10,2.450000
2015-03-11,2.450000
2015-03-12,2.460000
2015-03-13,2.470000
2015-03-16,2.480000
2015-03-17,2.490000
2015-03-18,2.550000
2015-03-19,2.500000
2015-03-20,2.510000
2015-03-23,2.540000
2015-03-24,2.530000
2015-03-25,2.530000
2015-03-26,2.550000
2015-03-27,2.530000
2015-03-30,2.550000
2015-03-31,2.550000
2015-04-01,2.550000
2015-04-02,2.550000
2015-04-03,2.580000
2015-04-06,2.580000
2015-04-07,2.560000
2015-04-08,2.510000
2015-04-09,2.530000
2015-04-10,2.530000
2015-04-13,2.540000
2015-04-14,2.540000
2015-04-15,2.540000
2015-04-16,2.550000
2015-04-17,2.530000
2015-04-20,2.550000
2015-04-21,2.540000
2015-04-22,2.530000
2015-04-23,2.540000
2015-04-24,2.560000
2015-04-27,2.540000
2015-04-28,2.550000
2015-04-29,2.580000
2015-04-30,2.600000
2015-05-01,2.610000
2015-05-04,2.610000
2015-05-05,2.620000
2015-05-06,2.640000
2015-05-07,2.640000
2015-05-08,2.650000
2015-05-11,2.660000
2015-05-12,2.650000
2015-05-13,2.710000
2015-05-14,2.740000
2015-05-15,2.720000
2015-05-18,2.730000
2015-05-19,2.710000
2015-05-20,2.730000
2015-05-21,2.750000
2015-05-22,2.740000
2015-05-26,2.730000
2015-05-27,2.710000
2015-05-28,2.750000
2015-05-29,2.720000
2015-06-01,2.750000
2015-06-02,2.750000
2015-06-03,2.720000
2015-06-04,2.720000
2015-06-05,2.690000
2015-06-08,2.700000
2015-06-09,2.730000
2015-06-10,2.700000
2015-06-11,2.710000
2015-06-12,2.700000
2015-06-15,2.730000
2015-06-16,2.740000
2015-06-17,2.760000
2015-06-18,2.820000
2015-06-19,2.820000
2015-06-22,2.810000
2015-06-23,2.820000
2015-06-24,2.810000
2015-06-25,2.800000
2015-06-26,2.810000
2015-06-29,2.840000
2015-06-30,2.830000
2015-07-01,2.830000
2015-07-02,2.860000
2015-07-06,2.840000
2015-07-07,2.840000
2015-07-08,2.870000
2015-07-09,2.880000
2015-07-10,2.900000
2015-07-13,2.880000
2015-07-14,2.910000
2015-07-15,2.910000
2015-07-16,2.880000
2015-07-17,2.870000
2015-07-20,2.860000
2015-07-21,2.870000
2015-07-22,2.850000
2015-07-23,2.850000
2015-07-24,2.870000
2015-07-27,2.900000
2015-07-28,2.910000
2015-07-29,2.900000
2015-07-30,2.880000
2015-07-31,2.940000
2015-08-03,2.920000
2015-08-04,2.880000
2015-08-05,2.900000
2015-08-06,2.920000
2015-08-07,2.910000
2015-08-10,2.930000
2015-08-11,2.940000
2015-08-12,2.970000
2015-08-13,2.980000
2015-08-14,2.970000
2015-08-17,2.970000
2015-08-18,3.010000
2015-08-19,3.060000
2015-08-20,3.040000
2015-08-21,3.100000
2015-08-24,3.140000
2015-08-25,3.170000
2015-08-26,3.200000
2015-08-27,3.150000
2015-08-28,3.130000
2015-08-31,3.150000
2015-09-01,3.180000
2015-09-02,3.170000
2015-09-03,3.170000
2015-09-04,3.150000
2015-09-08,3.160000
2015-09-09,3.100000
2015-09-10,3.120000
2015-09-11,3.110000
2015-09-14,3.130000
2015-09-15,3.160000
2015-09-16,3.150000
2015-09-17,3.180000
2015-09-18,3.150000
2015-09-21,3.190000
2015-09-22,3.150000
2015-09-23,3.150000
2015-09-24,3.160000
2015-09-25,3.190000
2015-09-28,3.210000
2015-09-29,3.260000
2015-09-30,3.290000
2015-10-01,3.310000
2015-10-02,3.340000
2015-10-05,3.330000
2015-10-06,3.320000
2015-10-07,3.270000
2015-10-08,3.280000
2015-10-09,3.260000
2015-10-13,3.280000
2015-10-14,3.310000
2015-10-15,3.290000
2015-10-16,3.280000
2015-10-19,3.300000
2015-10-20,3.290000
2015-10-21,3.280000
2015-10-22,3.260000
2015-10-23,3.230000
2015-10-26,3.220000
2015-10-27,3.250000
2015-10-28,3.200000
2015-10-29,3.210000
2015-10-30,3.190000
2015-11-02,3.180000
2015-11-03,3.190000
2015-11-04,3.160000
2015-11-05,3.180000
2015-11-06,3.170000
2015-11-09,3.150000
2015-11-10,3.180000
2015-11-12,3.190000
2015-11-13,3.200000
2015-11-16,3.240000
2015-11-17,3.230000
2015-11-18,3.210000
2015-11-19,3.200000
2015-11-20,3.200000
2015-11-23,3.190000
2015-11-24,3.200000
2015-11-25,3.210000
2015-11-27,3.220000
2015-11-30,3.200000
2015-12-01,3.210000
2015-12-02,3.170000
2015-12-03,3.180000
2015-12-04,3.150000
2015-12-07,3.150000
2015-12-08,3.190000
2015-12-09,3.180000
2015-12-10,3.190000
2015-12-11,3.240000
2015-12-14,3.230000
2015-12-15,3.210000
2015-12-16,3.210000
2015-12-17,3.210000
2015-12-18,3.250000
2015-12-21,3.270000
2015-12-22,3.260000
2015-12-23,3.260000
2015-12-24,3.220000
2015-12-28,3.210000
2015-12-29,3.220000
2015-12-30,3.230000
2015-12-31,3.230000
2016-01-04,3.240000
2016-01-05,3.250000
2016-01-06,3.260000
2016-01-07,3.280000
2016-01-08,3.310000
2016-01-11,3.300000
2016-01-12,3.290000
2016-01-13,3.280000
2016-01-14,3.360000
2016-01-15,3.380000
2016-01-19,3.350000
2016-01-20,3.400000
2016-01-21,3.450000
2016-01-22,3.420000
2016-01-25,3.440000
2016-01-26,3.460000
2016-01-27,3.460000
2016-01-28,3.480000
2016-01-29,3.480000
2016-02-01,3.490000
2016-02-02,3.490000
2016-02-03,3.520000
2016-02-04,3.530000
2016-02-05,3.520000
2016-02-08,3.530000
2016-02-09,3.540000
2016-02-10,3.560000
2016-02-11,3.630000
2016-02-12,3.600000
2016-02-16,3.590000
2016-02-17,3.620000
2016-02-18,3.620000
2016-02-19,3.560000
2016-02-22,3.570000
2016-02-23,3.580000
2016-02-24,3.560000
2016-02-25,3.560000
2016-02-26,3.560000
2016-02-29,3.550000
2016-03-01,3.540000
2016-03-02,3.500000
2016-03-03,3.470000
2016-03-04,3.430000
2016-03-07,3.390000
2016-03-08,3.380000
2016-03-09,3.360000
2016-03-10,3.300000
2016-03-11,3.260000
2016-03-14,3.220000
2016-03-15,3.190000
2016-03-16,3.220000
2016-03-17,3.200000
2016-03-18,3.170000
2016-03-21,3.150000
2016-03-22,3.100000
2016-03-23,3.070000
2016-03-24,3.060000
2016-03-28,3.050000
2016-03-29,3.090000
2016-03-30,3.110000
2016-03-31,3.120000
2016-04-01,3.100000
2016-04-04,3.100000
2016-04-05,3.080000
2016-04-06,3.080000
2016-04-07,3.060000
2016-04-08,3.070000
2016-04-11,3.050000
2016-04-12,3.030000
2016-04-13,3.010000
2016-04-14,2.990000
2016-04-15,2.990000
2016-04-18,2.990000
2016-04-19,2.960000
2016-04-20,2.930000
2016-04-21,2.910000
2016-04-22,2.890000
2016-04-25,2.880000
2016-04-26,2.850000
2016-04-27,2.860000
2016-04-28,2.890000
2016-04-29,2.860000
2016-05-02,2.860000
2016-05-03,2.850000
2016-05-04,2.850000
2016-05-05,2.860000
2016-05-06,2.870000
2016-05-09,2.890000
2016-05-10,2.890000
2016-05-11,2.900000
2016-05-12,2.910000
2016-05-13,2.900000
2016-05-16,2.900000
2016-05-17,2.890000
2016-05-18,2.870000
2016-05-19,2.850000
2016-05-20,2.860000
2016-05-23,2.860000
2016-05-24,2.850000
2016-05-25,2.870000
2016-05-26,2.860000
2016-05-27,2.850000
2016-05-31,2.840000
2016-06-01,2.820000
2016-06-02,2.830000
2016-06-03,2.860000
2016-06-06,2.860000
2016-06-07,2.860000
2016-06-08,2.850000
2016-06-09,2.850000
2016-06-10,2.860000
2016-06-13,2.860000
2016-06-14,2.880000
2016-06-15,2.900000
2016-06-16,2.900000
2016-06-17,2.890000
2016-06-20,2.870000
2016-06-21,2.860000
2016-06-22,2.860000
2016-06-23,2.860000
2016-06-24,2.980000
2016-06-27,2.960000
2016-06-28,2.950000
2016-06-29,2.900000
2016-06-30,2.920000
2016-07-01,2.860000
2016-07-05,2.830000
2016-07-06,2.830000
2016-07-07,2.790000
2016-07-08,2.780000
2016-07-11,2.750000
2016-07-12,2.700000
2016-07-13,2.690000
2016-07-14,2.700000
2016-07-15,2.660000
2016-07-18,2.670000
2016-07-19,2.670000
2016-07-20,2.660000
2016-07-21,2.680000
2016-07-22,2.660000
2016-07-25,2.650000
2016-07-26,2.650000
2016-07-27,2.670000
2016-07-28,2.680000
2016-07-29,2.710000
2016-08-01,2.730000
2016-08-02,2.750000
2016-08-03,2.760000
2016-08-04,2.760000
2016-08-05,2.730000
2016-08-08,2.710000
2016-08-09,2.700000
2016-08-10,2.710000
2016-08-11,2.700000
2016-08-12,2.710000
2016-08-15,2.700000
2016-08-16,2.700000
2016-08-17,2.690000
2016-08-18,2.700000
2016-08-19,2.670000
2016-08-22,2.650000
2016-08-23,2.640000
2016-08-24,2.640000
2016-08-25,2.630000
2016-08-26,2.630000
2016-08-29,2.590000
2016-08-30,2.620000
2016-08-31,2.610000
2016-09-01,2.620000
2016-09-02,2.630000
2016-09-06,2.640000
2016-09-07,2.650000
2016-09-08,2.670000
2016-09-09,2.670000
2016-09-12,2.680000
2016-09-13,2.700000
2016-09-14,2.700000
2016-09-15,2.720000
2016-09-16,2.710000
2016-09-19,2.700000
2016-09-20,2.700000
2016-09-21,2.700000
2016-09-22,2.690000
2016-09-23,2.680000
2016-09-26,2.700000
2016-09-27,2.690000
2016-09-28,2.690000
2016-09-29,2.670000
2016-09-30,2.690000
2016-10-03,2.660000
2016-10-04,2.660000
2016-10-05,2.640000
2016-10-06,2.610000
2016-10-07,2.630000
2016-10-11,2.600000
2016-10-12,2.600000
2016-10-13,2.590000
2016-10-14,2.630000
2016-10-17,2.620000
2016-10-18,2.620000
2016-10-19,2.620000
2016-10-20,2.590000
2016-10-21,2.600000
2016-10-24,2.590000
2016-10-25,2.580000
2016-10-26,2.600000
2016-10-27,2.590000
2016-10-28,2.600000
2016-10-31,2.610000
2016-11-01,2.610000
2016-11-02,2.630000
2016-11-03,2.670000
2016-11-04,2.670000
2016-11-07,2.660000
2016-11-08,2.620000
2016-11-09,2.660000
2016-11-10,2.600000
2016-11-14,2.600000
2016-11-15,2.590000
2016-11-16,2.550000
2016-11-17,2.540000
2016-11-18,2.520000
2016-11-21,2.520000
2016-11-22,2.530000
2016-11-23,2.490000
2016-11-25,2.480000
2016-11-28,2.470000
2016-11-29,2.460000
2016-11-30,2.450000
2016-12-01,2.420000
2016-12-02,2.420000
2016-12-05,2.420000
2016-12-06,2.440000
2016-12-07,2.440000
2016-12-08,2.430000
2016-12-09,2.430000
2016-12-12,2.410000
2016-12-13,2.390000
2016-12-14,2.320000
2016-12-15,2.240000
2016-12-16,2.280000
2016-12-19,2.280000
2016-12-20,2.280000
2016-12-21,2.260000
2016-12-22,2.270000
2016-12-23,2.250000
2016-12-27,2.250000
2016-12-28,2.260000
2016-12-29,2.270000
2016-12-30,2.280000
2017-01-03,2.270000
2017-01-04,2.250000
2017-01-05,2.250000
2017-01-06,2.240000
2017-01-09,2.240000
2017-01-10,2.240000
2017-01-11,2.220000
2017-01-12,2.250000
2017-01-13,2.230000
2017-01-17,2.260000
2017-01-18,2.220000
2017-01-19,2.210000
2017-01-20,2.210000
2017-01-23,2.210000
2017-01-24,2.220000
2017-01-25,2.210000
2017-01-26,2.200000
2017-01-27,2.190000
2017-01-30,2.210000
2017-01-31,2.230000
2017-02-01,2.230000
2017-02-02,2.230000
2017-02-03,2.240000
2017-02-06,2.250000
2017-02-07,2.240000
2017-02-08,2.250000
2017-02-09,2.240000
2017-02-10,2.230000
2017-02-13,2.230000
2017-02-14,2.210000
2017-02-15,2.190000
2017-02-16,2.200000
2017-02-17,2.210000
2017-02-21,2.200000
2017-02-22,2.210000
2017-02-23,2.230000
2017-02-24,2.230000
2017-02-27,2.210000
2017-02-28,2.190000
2017-03-01,2.180000
2017-03-02,2.160000
2017-03-03,2.160000
2017-03-06,2.170000
2017-03-07,2.150000
2017-03-08,2.150000
2017-03-09,2.170000
2017-03-10,2.180000
2017-03-13,2.170000
2017-03-14,2.180000
2017-03-15,2.200000
2017-03-16,2.210000
2017-03-17,2.220000
2017-03-20,2.230000
2017-03-21,2.230000
2017-03-22,2.230000
2017-03-23,2.240000
2017-03-24,2.220000
2017-03-27,2.230000
2017-03-28,2.220000
2017-03-29,2.230000
2017-03-30,2.230000
2017-03-31,2.240000
2017-04-03,2.260000
2017-04-04,2.260000
2017-04-05,2.290000
2017-04-06,2.270000
2017-04-07,2.240000
2017-04-10,2.240000
2017-04-11,2.240000
2017-04-12,2.280000
2017-04-13,2.280000
2017-04-17,2.290000
2017-04-18,2.290000
2017-04-19,2.290000
2017-04-20,2.280000
2017-04-21,2.290000
2017-04-24,2.280000
2017-04-25,2.260000
2017-04-26,2.270000
2017-04-27,2.280000
2017-04-28,2.280000
2017-05-01,2.290000
2017-05-02,2.300000
2017-05-03,2.230000
2017-05-04,2.250000
2017-05-05,2.240000
2017-05-08,2.230000
2017-05-09,2.220000
2017-05-10,2.220000
2017-05-11,2.240000
2017-05-12,2.250000
2017-05-15,2.250000
2017-05-16,2.240000
2017-05-17,2.260000
2017-05-18,2.260000
2017-05-19,2.260000
2017-05-22,2.240000
2017-05-23,2.220000
2017-05-24,2.250000
2017-05-25,2.240000
2017-05-26,2.240000
2017-05-30,2.250000
2017-05-31,2.230000
2017-06-01,2.240000
2017-06-02,2.240000
2017-06-05,2.240000
2017-06-06,2.250000
2017-06-07,2.230000
2017-06-08,2.230000
2017-06-09,2.210000
2017-06-12,2.220000
2017-06-13,2.210000
2017-06-14,2.190000
2017-06-15,2.180000
2017-06-16,2.190000
2017-06-19,2.170000
2017-06-20,2.160000
2017-06-21,2.150000
2017-06-22,2.160000
2017-06-23,2.150000
2017-06-26,2.150000
2017-06-27,2.120000
2017-06-28,2.140000
2017-06-29,2.110000
2017-06-30,2.090000
2017-07-03,2.070000
2017-07-05,2.080000
2017-07-06,2.070000
2017-07-07,2.080000
2017-07-10,2.080000
2017-07-11,2.080000
2017-07-12,2.090000
2017-07-13,2.090000
2017-07-14,2.090000
2017-07-17,2.090000
2017-07-18,2.080000
2017-07-19,2.070000
2017-07-20,2.050000
2017-07-21,2.050000
2017-07-24,2.060000
2017-07-25,2.050000
2017-07-26,2.070000
2017-07-27,2.070000
2017-07-28,2.050000
2017-07-31,2.060000
2017-08-01,2.060000
2017-08-02,2.050000
2017-08-03,2.050000
2017-08-04,2.050000
2017-08-07,2.060000
2017-08-08,2.070000
2017-08-09,2.090000
2017-08-10,2.110000
2017-08-11,2.120000
2017-08-14,2.110000
2017-08-15,2.090000
2017-08-16,2.090000
2017-08-17,2.110000
2017-08-18,2.120000
2017-08-21,2.120000
2017-08-22,2.100000
2017-08-23,2.120000
2017-08-24,2.120000
2017-08-25,2.120000
2017-08-28,2.130000
2017-08-29,2.150000
2017-08-30,2.140000
2017-08-31,2.140000
2017-09-01,2.150000
2017-09-05,2.160000
2017-09-06,2.170000
2017-09-07,2.170000
2017-09-08,2.170000
2017-09-11,2.150000
2017-09-12,2.160000
2017-09-13,2.130000
2017-09-14,2.110000
2017-09-15,2.100000
2017-09-18,2.100000
2017-09-19,2.090000
2017-09-20,2.060000
2017-09-21,2.050000
2017-09-22,2.050000
2017-09-25,2.060000
2017-09-26,2.040000
2017-09-27,2.060000
2017-09-28,2.050000
2017-09-29,2.000000
2017-10-02,1.990000
2017-10-03,2.000000
2017-10-04,2.010000
2017-10-05,2.000000
2017-10-06,1.980000
2017-10-10,1.970000
2017-10-11,1.970000
2017-10-12,1.970000
2017-10-13,1.970000
2017-10-16,1.970000
2017-10-17,1.950000
2017-10-18,1.950000
2017-10-19,1.940000
2017-10-20,1.940000
2017-10-23,1.940000
2017-10-24,1.920000
2017-10-25,1.930000
2017-10-26,1.910000
2017-10-27,1.930000
2017-10-30,1.920000
2017-10-31,1.910000
2017-11-01,1.920000
2017-11-02,1.910000
2017-11-03,1.910000
2017-11-06,1.920000
2017-11-07,1.900000
2017-11-08,1.920000
2017-11-09,1.930000
2017-11-13,1.930000
2017-11-14,1.930000
2017-11-15,1.950000
2017-11-16,1.920000
2017-11-17,1.930000
2017-11-20,1.910000
2017-11-21,1.880000
2017-11-22,1.910000
2017-11-24,1.900000
2017-11-27,1.930000
2017-11-28,1.910000
2017-11-29,1.920000
2017-11-30,1.880000
2017-12-01,1.870000
2017-12-04,1.870000
2017-12-05,1.840000
2017-12-06,1.860000
2017-12-07,1.880000
2017-12-08,1.870000
2017-12-11,1.850000
2017-12-12,1.840000
2017-12-13,1.830000
2017-12-14,1.820000
2017-12-15,1.800000
2017-12-18,1.810000
2017-12-19,1.810000
2017-12-20,1.820000
2017-12-21,1.790000
2017-12-22,1.790000
2017-12-26,1.780000
2017-12-27,1.760000
2017-12-28,1.760000
2017-12-29,1.770000
2018-01-02,1.780000
2018-01-03,1.770000
2018-01-04,1.750000
2018-01-05,1.760000
2018-01-08,1.740000
2018-01-09,1.740000
2018-01-10,1.730000
2018-01-11,1.690000
2018-01-12,1.680000
2018-01-16,1.660000
2018-01-17,1.660000
2018-01-18,1.640000
2018-01-19,1.640000
2018-01-22,1.640000
2018-01-23,1.640000
2018-01-24,1.650000
2018-01-25,1.610000
2018-01-26,1.600000
2018-01-29,1.590000
2018-01-30,1.590000
2018-01-31,1.560000
2018-02-01,1.560000
2018-02-02,1.580000
2018-02-05,1.630000
2018-02-06,1.610000
2018-02-07,1.620000
2018-02-08,1.630000
2018-02-09,1.670000
2018-02-12,1.640000
2018-02-13,1.690000
2018-02-14,1.660000
2018-02-15,1.630000
2018-02-16,1.660000
2018-02-20,1.670000
2018-02-21,1.670000
2018-02-22,1.680000
2018-02-23,1.680000
2018-02-26,1.700000
2018-02-27,1.690000
2018-02-28,1.680000
2018-03-01,1.720000
2018-03-02,1.720000
2018-03-05,1.720000
2018-03-06,1.750000
2018-03-07,1.770000
2018-03-08,1.780000
2018-03-09,1.770000
2018-03-12,1.790000
2018-03-13,1.800000
2018-03-14,1.800000
2018-03-15,1.810000
2018-03-16,1.790000
2018-03-19,1.800000
2018-03-20,1.790000
2018-03-21,1.820000
2018-03-22,1.840000
2018-03-23,1.870000
2018-03-26,1.840000
2018-03-27,1.860000
2018-03-28,1.860000
2018-03-29,1.850000
2018-04-02,1.860000
2018-04-03,1.840000
2018-04-04,1.850000
2018-04-05,1.840000
2018-04-06,1.840000
2018-04-09,1.830000
2018-04-10,1.800000
2018-04-11,1.800000
2018-04-12,1.790000
2018-04-13,1.790000
2018-04-16,1.770000
2018-04-17,1.760000
2018-04-18,1.760000
2018-04-19,1.770000
2018-04-20,1.780000
2018-04-23,1.760000
2018-04-24,1.770000
2018-04-25,1.800000
2018-04-26,1.800000
2018-04-27,1.800000
2018-04-30,1.790000
2018-05-01,1.820000
2018-05-02,1.830000
2018-05-03,1.860000
2018-05-04,1.860000
2018-05-07,1.870000
2018-05-08,1.870000
2018-05-09,1.860000
2018-05-10,1.840000
2018-05-11,1.820000
2018-05-14,1.810000
2018-05-15,1.810000
2018-05-16,1.800000
2018-05-17,1.820000
2018-05-18,1.830000
2018-05-21,1.830000
2018-05-22,1.830000
2018-05-23,1.840000
2018-05-24,1.840000
2018-05-25,1.850000
2018-05-29,1.960000
2018-05-30,1.910000
2018-05-31,1.890000
2018-06-01,1.900000
2018-06-04,1.880000
2018-06-05,1.900000
2018-06-06,1.910000
2018-06-07,1.890000
2018-06-08,1.900000
2018-06-11,1.890000
2018-06-12,1.880000
2018-06-13,1.870000
2018-06-14,1.880000
2018-06-15,1.870000
2018-06-18,1.900000
2018-06-19,1.910000
2018-06-20,1.920000
2018-06-21,1.950000
2018-06-22,1.970000
2018-06-25,1.990000
2018-06-26,1.990000
2018-06-27,1.980000
2018-06-28,2.000000
2018-06-29,1.990000
2018-07-02,1.970000
2018-07-03,1.990000
2018-07-05,1.950000
2018-07-06,1.960000
2018-07-09,1.930000
2018-07-10,1.910000
2018-07-11,1.910000
2018-07-12,1.900000
2018-07-13,1.900000
2018-07-16,1.910000
2018-07-17,1.900000
2018-07-18,1.890000
2018-07-19,1.900000
2018-07-20,1.910000
2018-07-23,1.910000
2018-07-24,1.880000
2018-07-25,1.870000
2018-07-26,1.850000
2018-07-27,1.840000
2018-07-30,1.840000
2018-07-31,1.830000
2018-08-01,1.830000
2018-08-02,1.840000
2018-08-03,1.840000
2018-08-06,1.820000
2018-08-07,1.820000
2018-08-08,1.840000
2018-08-09,1.850000
2018-08-10,1.870000
2018-08-13,1.910000
2018-08-14,1.900000
2018-08-15,1.900000
2018-08-16,1.890000
2018-08-17,1.890000
2018-08-20,1.890000
2018-08-21,1.880000
2018-08-22,1.910000
2018-08-23,1.900000
2018-08-24,1.900000
2018-08-27,1.890000
2018-08-28,1.900000
2018-08-29,1.880000
2018-08-30,1.900000
2018-08-31,1.920000
2018-09-04,1.940000
2018-09-05,1.950000
2018-09-06,1.930000
2018-09-07,1.930000
2018-09-10,1.920000
2018-09-11,1.900000
2018-09-12,1.890000
2018-09-13,1.870000
2018-09-14,1.880000
2018-09-17,1.880000
2018-09-18,1.880000
2018-09-19,1.880000
2018-09-20,1.850000
2018-09-21,1.830000
2018-09-24,1.840000
2018-09-25,1.830000
2018-09-26,1.840000
2018-09-27,1.830000
2018-09-28,1.840000
2018-10-01,1.830000
2018-10-02,1.840000
2018-10-03,1.830000
2018-10-04,1.840000
2018-10-05,1.850000
2018-10-09,1.840000
2018-10-10,1.860000
2018-10-11,1.880000
2018-10-12,1.880000
2018-10-15,1.890000
2018-10-16,1.880000
2018-10-17,1.880000
2018-10-18,1.920000
2018-10-19,1.920000
2018-10-22,1.920000
2018-10-23,1.960000
2018-10-24,1.990000
2018-10-25,1.980000
2018-10-26,2.020000
2018-10-29,2.020000
2018-10-30,2.030000
2018-10-31,2.030000
2018-11-01,2.040000
2018-11-02,2.020000
2018-11-05,2.020000
2018-11-06,1.980000
2018-11-07,1.960000
2018-11-08,1.960000
2018-11-09,1.980000
2018-11-13,2.040000
2018-11-14,2.090000
2018-11-15,2.130000
2018-11-16,2.130000
2018-11-19,2.160000
2018-11-20,2.170000
2018-11-21,2.170000
2018-11-23,2.180000
2018-11-26,2.160000
2018-11-27,2.200000
2018-11-28,2.220000
2018-11-29,2.260000
2018-11-30,2.270000
2018-12-03,2.260000
2018-12-04,2.250000
2018-12-06,2.290000
2018-12-07,2.310000
2018-12-10,2.310000
2018-12-11,2.260000
2018-12-12,2.240000
2018-12-13,2.250000
2018-12-14,2.250000
2018-12-17,2.250000
2018-12-18,2.260000
2018-12-19,2.270000
2018-12-20,2.280000
2018-12-21,2.310000
2018-12-24,2.350000
2018-12-26,2.330000
2018-12-27,2.360000
2018-12-28,2.440000
2018-12-31,2.450000
2019-01-02,2.450000
2019-01-03,2.480000
2019-01-04,2.450000
2019-01-07,2.420000
2019-01-08,2.390000
2019-01-09,2.390000
2019-01-10,2.420000
2019-01-11,2.420000
2019-01-14,2.460000
2019-01-15,2.460000
2019-01-16,2.450000
2019-01-17,2.430000
2019-01-18,2.380000
2019-01-22,2.380000
2019-01-23,2.370000
2019-01-24,2.370000
2019-01-25,2.340000
2019-01-28,2.360000
2019-01-29,2.360000
2019-01-30,2.370000
2019-01-31,2.380000
2019-02-01,2.310000
2019-02-04,2.300000
2019-02-05,2.270000
2019-02-06,2.280000
2019-02-07,2.310000
2019-02-08,2.300000
2019-02-11,2.300000
2019-02-12,2.300000
2019-02-13,2.270000
2019-02-14,2.300000
2019-02-15,2.280000
2019-02-19,2.280000
2019-02-20,2.230000
2019-02-21,2.230000
2019-02-22,2.250000
2019-02-25,2.230000
2019-02-26,2.240000
2019-02-27,2.250000
2019-02-28,2.220000
2019-03-01,2.220000
2019-03-04,2.220000
2019-03-05,2.220000
2019-03-06,2.250000
2019-03-07,2.250000
2019-03-08,2.270000
2019-03-11,2.270000
2019-03-12,2.250000
2019-03-13,2.260000
2019-03-14,2.270000
2019-03-15,2.280000
2019-03-18,2.270000
2019-03-19,2.270000
2019-03-20,2.290000
2019-03-21,2.280000
2019-03-22,2.300000
2019-03-25,2.280000
2019-03-26,2.300000
2019-03-27,2.280000
2019-03-28,2.270000
2019-03-29,2.260000
2019-04-01,2.240000
2019-04-02,2.240000
2019-04-03,2.230000
2019-04-04,2.220000
2019-04-05,2.220000
2019-04-08,2.210000
2019-04-09,2.190000
2019-04-10,2.210000
2019-04-11,2.200000
2019-04-12,2.150000
2019-04-15,2.150000
2019-04-16,2.120000
2019-04-17,2.130000
2019-04-18,2.120000
2019-04-22,2.140000
2019-04-23,2.140000
2019-04-24,2.140000
2019-04-25,2.140000
2019-04-26,2.130000
2019-04-29,2.130000
2019-04-30,2.140000
2019-05-01,2.110000
2019-05-02,2.120000
2019-05-03,2.110000
2019-05-06,2.140000
2019-05-07,2.170000
2019-05-08,2.170000
2019-05-09,2.210000
2019-05-10,2.200000
2019-05-13,2.250000
2019-05-14,2.240000
2019-05-15,2.260000
2019-05-16,2.240000
2019-05-17,2.240000
2019-05-20,2.240000
2019-05-21,2.230000
2019-05-22,2.260000
2019-05-23,2.280000
2019-05-24,2.310000
2019-05-28,2.320000
2019-05-29,2.330000
2019-05-30,2.330000
2019-05-31,2.370000
2019-06-03,2.420000
2019-06-04,2.420000
2019-06-05,2.450000
2019-06-06,2.440000
2019-06-07,2.420000
2019-06-10,2.390000
2019-06-11,2.380000
2019-06-12,2.410000
2019-06-13,2.420000
2019-06-14,2.420000
2019-06-17,2.410000
2019-06-18,2.400000
2019-06-19,2.410000
2019-06-20,2.380000
2019-06-21,2.350000
2019-06-24,2.330000
2019-06-25,2.340000
2019-06-26,2.320000
2019-06-27,2.310000
2019-06-28,2.310000
2019-07-01,2.290000
2019-07-02,2.290000
2019-07-03,2.260000
2019-07-05,2.260000
2019-07-08,2.230000
2019-07-09,2.220000
2019-07-10,2.250000
2019-07-11,2.250000
2019-07-12,2.250000
2019-07-15,2.250000
2019-07-16,2.230000
2019-07-17,2.240000
2019-07-18,2.270000
2019-07-19,2.260000
2019-07-22,2.240000
2019-07-23,2.230000
2019-07-24,2.150000
2019-07-25,2.140000
2019-07-26,2.130000
2019-07-29,2.130000
2019-07-30,2.140000
2019-07-31,2.130000
2019-08-01,2.170000
2019-08-02,2.180000
2019-08-05,2.240000
2019-08-06,2.250000
2019-08-07,2.230000
2019-08-08,2.250000
2019-08-09,2.230000
2019-08-12,2.230000
2019-08-13,2.220000
2019-08-14,2.230000
2019-08-15,2.270000
2019-08-16,2.260000
2019-08-19,2.290000
2019-08-20,2.300000
2019-08-21,2.250000
2019-08-22,2.250000
2019-08-23,2.270000
2019-08-26,2.270000
2019-08-27,2.260000
2019-08-28,2.260000
2019-08-29,2.270000
2019-08-30,2.260000
2019-09-03,2.280000
2019-09-04,2.290000
2019-09-05,2.280000
2019-09-06,2.260000
2019-09-09,2.230000
2019-09-10,2.220000
2019-09-11,2.220000
2019-09-12,2.220000
2019-09-13,2.210000
2019-09-16,2.200000
2019-09-17,2.210000
2019-09-18,2.180000
2019-09-19,2.170000
2019-09-20,2.190000
2019-09-23,2.170000
2019-09-24,2.200000
2019-09-25,2.200000
2019-09-26,2.180000
2019-09-27,2.190000
2019-09-30,2.200000
2019-10-01,2.220000
2019-10-02,2.260000
2019-10-03,2.290000
2019-10-04,2.290000
2019-10-07,2.280000
2019-10-08,2.300000
2019-10-09,2.290000
2019-10-10,2.270000
2019-10-11,2.220000
2019-10-15,2.210000
2019-10-16,2.220000
2019-10-17,2.210000
2019-10-18,2.210000
2019-10-21,2.190000
2019-10-22,2.170000
2019-10-23,2.180000
2019-10-24,2.170000
2019-10-25,2.160000
2019-10-28,2.160000
2019-10-29,2.150000
2019-10-30,2.170000
2019-10-31,2.180000
2019-11-01,2.160000
2019-11-04,2.160000
2019-11-05,2.150000
2019-11-06,2.140000
2019-11-07,2.130000
2019-11-08,2.110000
2019-11-12,2.100000
2019-11-13,2.110000
2019-11-14,2.130000
2019-11-15,2.130000
2019-11-18,2.140000
2019-11-19,2.130000
2019-11-20,2.160000
2019-11-21,2.150000
2019-11-22,2.140000
2019-11-25,2.130000
2019-11-26,2.110000
2019-11-27,2.090000
2019-11-29,2.080000
2019-12-02,2.110000
2019-12-03,2.110000
2019-12-04,2.110000
2019-12-05,2.090000
2019-12-06,2.070000
2019-12-09,2.050000
2019-12-10,2.010000
2019-12-11,2.040000
2019-12-12,2.020000
2019-12-13,2.020000
2019-12-16,2.000000
2019-12-17,1.990000
2019-12-18,1.980000
2019-12-19,1.960000
2019-12-20,1.960000
2019-12-23,1.960000
2019-12-24,1.970000
2019-12-26,1.970000
2019-12-27,1.960000
2019-12-30,1.970000
2019-12-31,1.980000
2020-01-02,1.980000
2020-01-03,1.990000
2020-01-06,2.020000
2020-01-07,2.030000
2020-01-08,2.050000
2020-01-09,2.030000
2020-01-10,1.990000
2020-01-13,1.990000
2020-01-14,1.990000
2020-01-15,2.010000
2020-01-16,2.000000
2020-01-17,1.980000
2020-01-21,1.970000
2020-01-22,1.970000
2020-01-23,1.980000
2020-01-24,1.980000
2020-01-27,2.040000
2020-01-28,2.040000
2020-01-29,2.050000
2020-01-30,2.080000
2020-01-31,2.130000
2020-02-03,2.100000
2020-02-04,2.090000
2020-02-05,2.070000
2020-02-06,2.050000
2020-02-07,2.050000
2020-02-10,2.060000
2020-02-11,2.050000
2020-02-12,2.060000
2020-02-13,2.050000
2020-02-14,2.040000
2020-02-18,2.050000
2020-02-19,2.050000
2020-02-20,2.050000
2020-02-21,2.090000
2020-02-24,2.130000
2020-02-25,2.190000
2020-02-26,2.200000
2020-02-27,2.270000
2020-02-28,2.380000
2020-03-02,2.440000
2020-03-03,2.480000
2020-03-04,2.470000
2020-03-05,2.520000
2020-03-06,2.550000
2020-03-09,2.930000
2020-03-10,2.930000
2020-03-11,2.990000
2020-03-12,3.200000
2020-03-13,3.300000
2020-03-16,3.380000
2020-03-17,3.490000
2020-03-18,3.810000
2020-03-19,4.010000
2020-03-20,4.230000
2020-03-23,4.310000
2020-03-24,4.190000
2020-03-25,4.130000
2020-03-26,4.040000
2020-03-27,3.980000
2020-03-30,3.890000
2020-03-31,3.930000
2020-04-01,3.970000
2020-04-02,3.920000
2020-04-03,3.920000
2020-04-06,3.910000
2020-04-07,3.790000
2020-04-08,3.750000
2020-04-09,3.610000
2020-04-13,3.410000
2020-04-14,3.360000
2020-04-15,3.330000
2020-04-16,3.280000
2020-04-17,3.270000
2020-04-20,3.280000
2020-04-21,3.290000
2020-04-22,3.300000
2020-04-23,3.260000
2020-04-24,3.250000
2020-04-27,3.240000
2020-04-28,3.250000
2020-04-29,3.240000
2020-04-30,3.230000
2020-05-01,3.250000
2020-05-04,3.280000
2020-05-05,3.280000
2020-05-06,3.310000
2020-05-07,3.340000
2020-05-08,3.370000
2020-05-11,3.410000
2020-05-12,3.400000
2020-05-13,3.430000
2020-05-14,3.410000
2020-05-15,3.410000
2020-05-18,3.380000
2020-05-19,3.300000
2020-05-20,3.240000
2020-05-21,3.180000
2020-05-22,3.180000
2020-05-26,3.140000
2020-05-27,3.110000
2020-05-28,3.100000
2020-05-29,3.080000
2020-06-01,3.100000
2020-06-02,3.080000
2020-06-03,3.020000
2020-06-04,2.990000
2020-06-05,2.860000
2020-06-08,2.810000
2020-06-09,2.800000
2020-06-10,2.860000
2020-06-11,2.910000
2020-06-12,2.910000
2020-06-15,2.930000
2020-06-16,2.890000
2020-06-17,2.870000
2020-06-18,2.860000
2020-06-19,2.870000
2020-06-22,2.860000
2020-06-23,2.870000
2020-06-24,2.890000
2020-06-25,2.920000
2020-06-26,2.920000
2020-06-29,2.940000
2020-06-30,2.930000
2020-07-01,2.890000
2020-07-02,2.870000
2020-07-06,2.830000
2020-07-07,2.810000
2020-07-08,2.770000
2020-07-09,2.730000
2020-07-10,2.740000
2020-07-13,2.740000
2020-07-14,2.710000
2020-07-15,2.710000
2020-07-16,2.690000
2020-07-17,2.680000
2020-07-20,2.660000
2020-07-21,2.630000
2020-07-22,2.610000
2020-07-23,2.580000
2020-07-24,2.580000
2020-07-27,2.560000
2020-07-28,2.570000
2020-07-29,2.610000
2020-07-30,2.600000
2020-07-31,2.600000
2020-08-03,2.630000
2020-08-04,2.620000
2020-08-05,2.590000
2020-08-06,2.570000
2020-08-07,2.570000
2020-08-10,2.560000
2020-08-11,2.590000
2020-08-12,2.550000
2020-08-13,2.590000
2020-08-14,2.610000
2020-08-17,2.640000
2020-08-18,2.640000
2020-08-19,2.650000
2020-08-20,2.650000
2020-08-21,2.640000
2020-08-24,2.630000
2020-08-25,2.630000
2020-08-26,2.660000
2020-08-27,2.710000
2020-08-28,2.710000
2020-08-31,2.670000
2020-09-01,2.670000
2020-09-02,2.640000
2020-09-03,2.640000
2020-09-04,2.680000
2020-09-08,2.670000
2020-09-09,2.690000
2020-09-10,2.690000
2020-09-11,2.690000
2020-09-14,2.660000
2020-09-15,2.680000
2020-09-16,2.670000
2020-09-17,2.650000
2020-09-18,2.660000
2020-09-21,2.660000
2020-09-22,2.660000
2020-09-23,2.680000
2020-09-24,2.700000
2020-09-25,2.740000
2020-09-28,2.760000
2020-09-29,2.740000
2020-09-30,2.750000
2020-10-01,2.750000
2020-10-02,2.760000
2020-10-05,2.740000
2020-10-06,2.700000
2020-10-07,2.690000
2020-10-08,2.680000
2020-10-09,2.670000
2020-10-13,2.650000
2020-10-14,2.640000
2020-10-15,2.650000
2020-10-16,2.640000
2020-10-19,2.610000
2020-10-20,2.640000
2020-10-21,2.630000
2020-10-22,2.610000
2020-10-23,2.600000
2020-10-26,2.600000
2020-10-27,2.600000
2020-10-28,2.620000
2020-10-29,2.610000
2020-10-30,2.610000
2020-11-02,2.600000
2020-11-03,2.580000
2020-11-04,2.580000
2020-11-05,2.520000
2020-11-06,2.510000
2020-11-09,2.470000
2020-11-10,2.440000
2020-11-12,2.450000
2020-11-13,2.440000
2020-11-16,2.420000
2020-11-17,2.420000
2020-11-18,2.390000
2020-11-19,2.350000
2020-11-20,2.350000
2020-11-23,2.330000
2020-11-24,2.310000
2020-11-25,2.320000
2020-11-27,2.320000
2020-11-30,2.290000
2020-12-01,2.280000
2020-12-02,2.240000
2020-12-03,2.230000
2020-12-04,2.230000
2020-12-07,2.220000
2020-12-08,2.220000
2020-12-09,2.240000
2020-12-10,2.220000
2020-12-11,2.230000
2020-12-14,2.240000
2020-12-15,2.260000
2020-12-16,2.250000
2020-12-17,2.230000
2020-12-18,2.240000
2020-12-21,2.230000
2020-12-22,2.220000
2020-12-23,2.240000
2020-12-24,2.230000
2020-12-28,2.220000
2020-12-29,2.220000
2020-12-30,2.200000
2020-12-31,2.180000
2021-01-04,2.190000
2021-01-05,2.230000
2021-01-06,2.270000
2021-01-07,2.230000
2021-01-08,2.190000
2021-01-11,2.150000
2021-01-12,2.160000
2021-01-13,2.130000
2021-01-14,2.120000
2021-01-15,2.130000
2021-01-19,2.110000
2021-01-20,2.110000
2021-01-21,2.120000
2021-01-22,2.140000
2021-01-25,2.150000
2021-01-26,2.160000
2021-01-27,2.160000
2021-01-28,2.170000
2021-01-29,2.170000
2021-02-01,2.190000
2021-02-02,2.180000
2021-02-03,2.170000
2021-02-04,2.190000
2021-02-05,2.180000
2021-02-08,2.140000
2021-02-09,2.150000
2021-02-10,2.160000
2021-02-11,2.180000
2021-02-12,2.190000
2021-02-16,2.150000
2021-02-17,2.130000
2021-02-18,2.130000
2021-02-19,2.140000
2021-02-22,2.160000
2021-02-23,2.200000
2021-02-24,2.220000
2021-02-25,2.120000
2021-02-26,2.120000
2021-03-01,2.130000
2021-03-02,2.150000
2021-03-03,2.140000
2021-03-04,2.130000
2021-03-05,2.130000
2021-03-08,2.140000
2021-03-09,2.160000
2021-03-10,2.170000
2021-03-11,2.180000
2021-03-12,2.190000
2021-03-15,2.180000
2021-03-16,2.190000
2021-03-17,2.230000
2021-03-18,2.170000
2021-03-19,2.100000
2021-03-22,2.080000
2021-03-23,2.110000
2021-03-24,2.100000
2021-03-25,2.110000
2021-03-26,2.090000
2021-03-29,2.080000
2021-03-30,2.040000
2021-03-31,2.030000
2021-04-01,1.980000
2021-04-05,1.930000
2021-04-06,1.950000
2021-04-07,1.960000
2021-04-08,1.980000
2021-04-09,1.960000
2021-04-12,1.950000
2021-04-13,1.970000
2021-04-14,1.980000
2021-04-15,1.950000
2021-04-16,1.970000
2021-04-19,1.990000
2021-04-20,2.000000
2021-04-21,2.010000
2021-04-22,1.990000
2021-04-23,1.990000
2021-04-26,1.980000
2021-04-27,1.970000
2021-04-28,1.980000
2021-04-29,1.970000
2021-04-30,1.960000
2021-05-03,1.960000
2021-05-04,1.970000
2021-05-05,1.980000
2021-05-06,1.960000
2021-05-07,1.970000
2021-05-10,1.980000
2021-05-11,2.010000
2021-05-12,2.020000
2021-05-13,2.040000
2021-05-14,2.030000
2021-05-17,2.020000
2021-05-18,2.030000
2021-05-19,2.020000
2021-05-20,2.020000
2021-05-21,2.010000
2021-05-24,2.000000
2021-05-25,2.010000
2021-05-26,1.980000
2021-05-27,1.980000
2021-05-28,1.990000
2021-06-01,1.970000
2021-06-02,1.980000
2021-06-03,1.960000
2021-06-04,1.980000
2021-06-07,1.980000
2021-06-08,1.980000
2021-06-09,1.960000
2021-06-10,2.000000
2021-06-11,1.970000
2021-06-14,1.960000
2021-06-15,1.960000
2021-06-16,1.910000
2021-06-17,1.840000
2021-06-18,1.850000
2021-06-21,1.880000
2021-06-22,1.900000
2021-06-23,1.890000
2021-06-24,1.880000
2021-06-25,1.900000
2021-06-28,1.880000
2021-06-29,1.870000
2021-06-30,1.870000
2021-07-01,1.860000
2021-07-02,1.870000
2021-07-06,1.900000
2021-07-07,1.890000
2021-07-08,1.910000
2021-07-09,1.910000
2021-07-12,1.910000
2021-07-13,1.910000
2021-07-14,1.910000
2021-07-15,1.920000
2021-07-16,1.930000
2021-07-19,1.970000
2021-07-20,1.980000
2021-07-21,1.960000
2021-07-22,1.950000
2021-07-23,1.930000
2021-07-26,1.940000
2021-07-27,1.950000
2021-07-28,1.960000
2021-07-29,1.940000
2021-07-30,1.950000
2021-08-02,1.950000
2021-08-03,1.970000
2021-08-04,1.960000
2021-08-05,1.950000
2021-08-06,1.940000
2021-08-09,1.950000
2021-08-10,1.950000
2021-08-11,1.990000
2021-08-12,1.990000
2021-08-13,1.980000
2021-08-16,1.970000
2021-08-17,1.980000
2021-08-18,1.970000
2021-08-19,1.980000
2021-08-20,1.960000
2021-08-23,1.970000
2021-08-24,1.950000
2021-08-25,1.930000
2021-08-26,1.920000
2021-08-27,1.920000
2021-08-30,1.920000
2021-08-31,1.940000
2021-09-01,1.920000
2021-09-02,1.920000
2021-09-03,1.910000
2021-09-07,1.910000
2021-09-08,1.910000
2021-09-09,1.900000
2021-09-10,1.880000
2021-09-13,1.870000
2021-09-14,1.870000
2021-09-15,1.850000
2021-09-16,1.840000
2021-09-17,1.830000
2021-09-20,1.840000
2021-09-21,1.830000
2021-09-22,1.830000
2021-09-23,1.810000
2021-09-24,1.800000
2021-09-27,1.780000
2021-09-28,1.800000
2021-09-29,1.810000
2021-09-30,1.850000
2021-10-01,1.850000
2021-10-04,1.850000
2021-10-05,1.840000
2021-10-06,1.840000
2021-10-07,1.850000
2021-10-08,1.840000
2021-10-12,1.820000
2021-10-13,1.790000
2021-10-14,1.810000
2021-10-15,1.760000
2021-10-18,1.720000
2021-10-19,1.720000
2021-10-20,1.750000
2021-10-21,1.740000
2021-10-22,1.720000
2021-10-25,1.730000
2021-10-26,1.710000
2021-10-27,1.690000
2021-10-28,1.690000
2021-10-29,1.690000
2021-11-01,1.690000
2021-11-02,1.710000
2021-11-03,1.700000
2021-11-04,1.730000
2021-11-05,1.730000
2021-11-08,1.670000
2021-11-09,1.670000
2021-11-10,1.660000
2021-11-12,1.690000
2021-11-15,1.700000
2021-11-16,1.720000
2021-11-17,1.740000
2021-11-18,1.730000
2021-11-19,1.730000
2021-11-22,1.710000
2021-11-23,1.730000
2021-11-24,1.720000
2021-11-26,1.820000
2021-11-29,1.810000
2021-11-30,1.810000
2021-12-01,1.810000
2021-12-02,1.800000
2021-12-03,1.810000
2021-12-06,1.790000
2021-12-07,1.750000
2021-12-08,1.790000
2021-12-09,1.810000
2021-12-10,1.830000
2021-12-13,1.820000
2021-12-14,1.820000
2021-12-15,1.830000
2021-12-16,1.870000
2021-12-17,1.870000
2021-12-20,1.890000
2021-12-21,1.880000
2021-12-22,1.860000
2021-12-23,1.860000
2021-12-27,1.860000
2021-12-28,1.860000
2021-12-29,1.850000
2021-12-30,1.850000
2022-01-03,1.820000
2022-01-04,1.840000
2022-01-05,1.800000
2022-01-06,1.780000
2022-01-07,1.780000
2022-01-10,1.760000
2022-01-11,1.760000
2022-01-12,1.770000
2022-01-13,1.800000
2022-01-14,1.790000
2022-01-18,1.780000
2022-01-19,1.770000
2022-01-20,1.790000
2022-01-21,1.840000
2022-01-24,1.890000
2022-01-25,1.910000
2022-01-26,1.840000
2022-01-27,1.860000
2022-01-28,1.910000
2022-01-31,1.930000
2022-02-01,1.920000
2022-02-02,1.910000
2022-02-03,1.920000
2022-02-04,1.920000
2022-02-07,1.930000
2022-02-08,1.910000
2022-02-09,1.920000
2022-02-10,1.910000
2022-02-11,2.000000
2022-02-14,2.000000
2022-02-15,1.990000
2022-02-16,2.050000
2022-02-17,2.120000
2022-02-18,2.130000
2022-02-22,2.130000
2022-02-23,2.100000
2022-02-24,2.240000
2022-02-25,2.200000
2022-02-28,2.340000
2022-03-01,2.250000
2022-03-02,2.240000
2022-03-03,2.240000
2022-03-04,2.310000
2022-03-07,2.320000
2022-03-08,2.350000
2022-03-09,2.320000
2022-03-10,2.380000
2022-03-11,2.350000
2022-03-14,2.330000
2022-03-15,2.360000
2022-03-16,2.230000
2022-03-17,2.170000
2022-03-18,2.140000
2022-03-21,2.070000
2022-03-22,2.050000
2022-03-23,2.030000
2022-03-24,2.010000
2022-03-25,1.960000
2022-03-28,1.940000
2022-03-29,1.910000
2022-03-30,1.930000
2022-03-31,1.930000
2022-04-01,1.810000
2022-04-04,1.810000
2022-04-05,1.770000
2022-04-06,1.770000
2022-04-07,1.780000
2022-04-08,1.780000
2022-04-11,1.820000
2022-04-12,1.920000
2022-04-13,1.940000
2022-04-14,1.930000
2022-04-18,1.940000
2022-04-19,1.910000
2022-04-20,1.910000
2022-04-21,1.930000
2022-04-22,1.960000
2022-04-25,2.030000
2022-04-26,2.060000
2022-04-27,2.050000
2022-04-28,2.060000
2022-04-29,2.050000
2022-05-02,2.080000
2022-05-03,2.050000
2022-05-04,2.080000
2022-05-05,2.100000
2022-05-06,2.090000
2022-05-09,2.170000
2022-05-10,2.160000
2022-05-11,2.170000
2022-05-12,2.200000
2022-05-13,2.240000
2022-05-16,2.290000
2022-05-17,2.270000
2022-05-18,2.310000
2022-05-19,2.370000
2022-05-20,2.360000
2022-05-23,2.330000
2022-05-24,2.340000
2022-05-25,2.290000
2022-05-26,2.250000
2022-05-27,2.260000
2022-05-31,2.180000
2022-06-01,2.080000
2022-06-02,2.100000
2022-06-03,2.090000
2022-06-06,2.080000
2022-06-07,2.070000
2022-06-08,2.070000
2022-06-09,2.070000
2022-06-10,2.040000
2022-06-13,1.980000
2022-06-14,1.990000
2022-06-15,2.100000
2022-06-16,2.130000
2022-06-17,2.130000
2022-06-21,2.130000
2022-06-22,2.170000
2022-06-23,2.200000
2022-06-24,2.220000
2022-06-27,2.190000
2022-06-28,2.220000
2022-06-29,2.240000
2022-06-30,2.310000
2022-07-01,2.420000
2022-07-05,2.410000
2022-07-06,2.390000
2022-07-07,2.330000
2022-07-08,2.310000
2022-07-11,2.320000
2022-07-12,2.310000
2022-07-13,2.320000
2022-07-14,2.310000
2022-07-15,2.300000
2022-07-18,2.280000
2022-07-19,2.260000
2022-07-20,2.200000
2022-07-21,2.230000
2022-07-22,2.280000
2022-07-25,2.310000
2022-07-26,2.290000
2022-07-27,2.300000
2022-07-28,2.420000
2022-07-29,2.360000
2022-08-01,2.380000
2022-08-02,2.290000
2022-08-03,2.290000
2022-08-04,2.320000
2022-08-05,2.290000
2022-08-08,2.260000
2022-08-09,2.260000
2022-08-10,2.290000
2022-08-11,2.290000
2022-08-12,2.270000
2022-08-15,2.270000
2022-08-16,2.270000
2022-08-17,2.240000
2022-08-18,2.240000
2022-08-19,2.250000
2022-08-22,2.240000
2022-08-23,2.240000
2022-08-24,2.230000
2022-08-25,2.210000
2022-08-26,2.190000
2022-08-29,2.190000
2022-08-30,2.170000
2022-08-31,2.180000
2022-09-01,2.220000
2022-09-02,2.240000
2022-09-06,2.270000
2022-09-07,2.240000
2022-09-08,2.250000
2022-09-09,2.200000
2022-09-12,2.200000
2022-09-13,2.180000
2022-09-14,2.150000
2022-09-15,2.120000
2022-09-16,2.180000
2022-09-19,2.150000
2022-09-20,2.130000
2022-09-21,2.120000
2022-09-22,2.080000
2022-09-23,2.090000
2022-09-26,2.010000
2022-09-27,2.080000
2022-09-28,2.250000
2022-09-29,2.270000
2022-09-30,2.240000
2022-10-03,2.290000
2022-10-04,2.270000
2022-10-05,2.220000
2022-10-06,2.160000
2022-10-07,2.170000
2022-10-11,2.230000
2022-10-12,2.270000
2022-10-13,2.280000
2022-10-14,2.280000
2022-10-17,2.280000
2022-10-18,2.280000
2022-10-19,2.250000
2022-10-20,2.240000
2022-10-21,2.360000
2022-10-24,2.340000
2022-10-25,2.370000
2022-10-26,2.330000
2022-10-27,2.340000
2022-10-28,2.300000
2022-10-31,2.280000
2022-11-01,2.220000
2022-11-02,2.180000
2022-11-03,2.190000
2022-11-04,2.220000
2022-11-07,2.220000
2022-11-08,2.230000
2022-11-09,2.330000
2022-11-10,2.360000
2022-11-14,2.270000
2022-11-15,2.230000
2022-11-16,2.240000
2022-11-17,2.180000
2022-11-18,2.130000
2022-11-21,2.080000
2022-11-22,2.070000
2022-11-23,2.020000
2022-11-25,2.060000
2022-11-28,2.050000
2022-11-29,2.060000
2022-11-30,2.150000
2022-12-01,2.090000
2022-12-02,2.030000
2022-12-05,1.990000
2022-12-06,1.970000
2022-12-07,1.950000
2022-12-08,1.910000
2022-12-09,1.900000
2022-12-12,1.880000
2022-12-13,1.910000
2022-12-14,1.950000
2022-12-15,1.970000
2022-12-16,1.980000
2022-12-19,1.980000
2022-12-20,1.990000
2022-12-21,2.010000
2022-12-22,1.990000
2022-12-23,2.000000
2022-12-27,2.020000
2022-12-28,2.010000
2022-12-29,2.010000
2022-12-30,1.990000
2023-01-03,2.030000
2023-01-04,2.070000
2023-01-05,2.030000
2023-01-06,2.070000
2023-01-09,2.020000
2023-01-10,2.020000
2023-01-11,1.990000
2023-01-12,1.970000
2023-01-13,1.950000
2023-01-17,1.910000
2023-01-18,1.960000
2023-01-19,1.990000
2023-01-20,1.980000
2023-01-23,1.960000
2023-01-24,1.940000
2023-01-25,1.960000
2023-01-26,1.910000
2023-01-27,1.880000
2023-01-30,1.870000
2023-01-31,1.900000
2023-02-01,1.910000
2023-02-02,1.880000
2023-02-03,1.830000
2023-02-06,1.770000
2023-02-07,1.780000
2023-02-08,1.830000
2023-02-09,1.840000
2023-02-10,1.850000
2023-02-13,1.840000
2023-02-14,1.810000
2023-02-15,1.820000
2023-02-16,1.840000
2023-02-17,1.890000
2023-02-21,1.870000
2023-02-22,1.850000
2023-02-23,1.860000
2023-02-24,1.860000
2023-02-27,1.870000
2023-02-28,1.900000
2023-03-01,1.840000
2023-03-02,1.820000
2023-03-03,1.790000
2023-03-06,1.790000
2023-03-07,1.790000
2023-03-08,1.790000
2023-03-09,1.850000
2023-03-10,1.960000
2023-03-13,2.140000
2023-03-14,2.110000
2023-03-15,2.220000
2023-03-16,2.160000
2023-03-17,2.210000
2023-03-20,2.190000
2023-03-21,2.110000
2023-03-22,2.160000
2023-03-23,2.260000
2023-03-24,2.240000
2023-03-27,2.190000
2023-03-28,2.190000
2023-03-29,2.150000
2023-03-30,2.110000
2023-03-31,2.110000
2023-04-03,2.110000
2023-04-04,2.100000
2023-04-05,2.140000
2023-04-06,2.110000
2023-04-10,2.090000
2023-04-11,2.050000
2023-04-12,2.080000
2023-04-13,2.070000
2023-04-14,2.050000
2023-04-17,2.020000
2023-04-18,2.010000
2023-04-19,2.010000
2023-04-20,2.050000
2023-04-21,2.040000
2023-04-24,2.040000
2023-04-25,2.090000
2023-04-26,2.110000
2023-04-27,2.070000
2023-04-28,2.080000
2023-05-01,2.060000
2023-05-02,2.160000
2023-05-03,2.200000
2023-05-04,2.240000
2023-05-05,2.200000
2023-05-08,2.200000
2023-05-09,2.210000
2023-05-10,2.260000
2023-05-11,2.250000
2023-05-12,2.210000
2023-05-15,2.270000
2023-05-16,2.280000
2023-05-17,2.260000
2023-05-18,2.200000
2023-05-19,2.180000
2023-05-22,2.190000
2023-05-23,2.190000
2023-05-24,2.180000
2023-05-25,2.100000
2023-05-26,2.100000
2023-05-30,2.140000
2023-05-31,2.160000
2023-06-01,2.150000
2023-06-02,2.110000
2023-06-05,2.100000
2023-06-06,2.080000
2023-06-07,2.060000
2023-06-08,2.070000
2023-06-09,2.050000
2023-06-12,2.100000
2023-06-13,2.000000
2023-06-14,1.940000
2023-06-15,2.020000
2023-06-16,1.960000
2023-06-20,1.950000
2023-06-21,1.960000
2023-06-22,1.940000
2023-06-23,1.960000
2023-06-26,1.980000
2023-06-27,1.940000
2023-06-28,1.960000
2023-06-29,1.920000
2023-06-30,1.880000
2023-07-03,1.850000
2023-07-05,1.830000
2023-07-06,1.800000
2023-07-07,1.810000
2023-07-10,1.860000
2023-07-11,1.840000
2023-07-12,1.880000
2023-07-13,1.910000
2023-07-14,1.870000
2023-07-17,1.900000
2023-07-18,1.890000
2023-07-19,1.870000
2023-07-20,1.850000
2023-07-21,1.850000
2023-07-24,1.840000
2023-07-25,1.810000
2023-07-26,1.830000
2023-07-27,1.780000
2023-07-28,1.800000
2023-07-31,1.770000
2023-08-01,1.770000
2023-08-02,1.820000
2023-08-03,1.840000
2023-08-04,1.900000
2023-08-07,1.900000
2023-08-08,1.930000
2023-08-09,1.920000
2023-08-10,1.890000
2023-08-11,1.870000
2023-08-14,1.840000
2023-08-15,1.860000
2023-08-16,1.840000
2023-08-17,1.870000
2023-08-18,1.890000
2023-08-21,1.880000
2023-08-22,1.820000
2023-08-23,1.830000
2023-08-24,1.800000
2023-08-25,1.760000
2023-08-28,1.820000
2023-08-29,1.840000
2023-08-30,1.820000
2023-08-31,1.830000
2023-09-01,1.820000
2023-09-05,1.840000
2023-09-06,1.790000
2023-09-07,1.810000
2023-09-08,1.790000
2023-09-11,1.800000
2023-09-12,1.790000
2023-09-13,1.810000
2023-09-14,1.800000
2023-09-15,1.780000
2023-09-18,1.770000
2023-09-19,1.750000
2023-09-20,1.730000
2023-09-21,1.660000
2023-09-22,1.730000
2023-09-25,1.750000
2023-09-26,1.770000
2023-09-27,1.770000
2023-09-28,1.800000
2023-09-29,1.780000
2023-10-02,1.780000
2023-10-03,1.820000
2023-10-04,1.830000
2023-10-05,1.850000
2023-10-06,1.840000
2023-10-10,1.830000
2023-10-11,1.820000
2023-10-12,1.830000
2023-10-13,1.820000
2023-10-16,1.830000
2023-10-17,1.800000
2023-10-18,1.780000
2023-10-19,1.820000
2023-10-20,1.880000
2023-10-23,1.850000
2023-10-24,1.840000
2023-10-25,1.830000
2023-10-26,1.820000
2023-10-27,1.880000
2023-10-30,1.860000
2023-10-31,1.850000
2023-11-01,1.910000
2023-11-02,1.840000
2023-11-03,1.860000
2023-11-06,1.840000
2023-11-07,1.830000
2023-11-08,1.840000
2023-11-09,1.830000
2023-11-10,1.800000
2023-11-13,1.790000
2023-11-14,1.830000
2023-11-15,1.800000
2023-11-16,1.810000
2023-11-17,1.780000
2023-11-20,1.760000
2023-11-21,1.770000
2023-11-22,1.710000
2023-11-24,1.720000
2023-11-27,1.710000
2023-11-28,1.750000
2023-11-29,1.720000
2023-11-30,1.670000
2023-12-01,1.710000
2023-12-04,1.670000
2023-12-05,1.650000
2023-12-06,1.630000
2023-12-07,1.630000
2023-12-08,1.610000
2023-12-11,1.610000
2023-12-12,1.600000
2023-12-13,1.610000
2023-12-14,1.570000
2023-12-15,1.570000
2023-12-18,1.580000
2023-12-19,1.570000
2023-12-20,1.630000
2023-12-21,1.640000
2023-12-22,1.650000
2023-12-26,1.640000
2023-12-27,1.640000
2023-12-28,1.620000
2023-12-29,1.610000
2024-01-02,1.620000
2024-01-03,1.660000
2024-01-04,1.650000
2024-01-05,1.650000
2024-01-08,1.650000
2024-01-09,1.630000
2024-01-10,1.590000
2024-01-11,1.630000
2024-01-12,1.640000
2024-01-16,1.650000
2024-01-17,1.630000
2024-01-18,1.620000
2024-01-19,1.590000
2024-01-22,1.590000
2024-01-23,1.620000
2024-01-24,1.610000
2024-01-25,1.600000
2024-01-26,1.580000
2024-01-29,1.600000
2024-01-30,1.580000
2024-01-31,1.610000
2024-02-01,1.630000
2024-02-02,1.590000
2024-02-05,1.560000
2024-02-06,1.580000
2024-02-07,1.600000
2024-02-08,1.600000
2024-02-09,1.590000
2024-02-12,1.580000
2024-02-13,1.540000
2024-02-14,1.560000
2024-02-15,1.570000
2024-02-16,1.530000
2024-02-20,1.560000
2024-02-21,1.540000
2024-02-22,1.490000
2024-02-23,1.490000
2024-02-26,1.530000
2024-02-27,1.530000
2024-02-28,1.550000
2024-02-29,1.550000
2024-03-01,1.570000
2024-03-04,1.570000
2024-03-05,1.590000
2024-03-06,1.570000
2024-03-07,1.590000
2024-03-08,1.590000
2024-03-11,1.590000
2024-03-12,1.550000
2024-03-13,1.550000
2024-03-14,1.530000
2024-03-15,1.490000
2024-03-18,1.490000
2024-03-19,1.500000
2024-03-20,1.560000
2024-03-21,1.530000
2024-03-22,1.530000
2024-03-25,1.530000
2024-03-26,1.530000
2024-03-27,1.540000
2024-03-28,1.500000
2024-04-01,1.490000
2024-04-02,1.510000
2024-04-03,1.490000
2024-04-04,1.510000
2024-04-05,1.490000
2024-04-08,1.460000
2024-04-09,1.440000
2024-04-10,1.400000
2024-04-11,1.410000
2024-04-12,1.450000
2024-04-15,1.460000
2024-04-16,1.460000
2024-04-17,1.480000
2024-04-18,1.470000
2024-04-19,1.460000
2024-04-22,1.460000
2024-04-23,1.460000
2024-04-24,1.480000
2024-04-25,1.470000
2024-04-26,1.450000
2024-04-29,1.450000
2024-04-30,1.440000
2024-05-01,1.430000
2024-05-02,1.470000
2024-05-03,1.490000
2024-05-06,1.470000
2024-05-07,1.450000
2024-05-08,1.470000
2024-05-09,1.480000
2024-05-10,1.480000
2024-05-13,1.480000
2024-05-14,1.480000
2024-05-15,1.490000
2024-05-16,1.470000
2024-05-17,1.480000
2024-05-20,1.470000
2024-05-21,1.480000
2024-05-22,1.460000
2024-05-23,1.450000
2024-05-24,1.460000
2024-05-28,1.450000
2024-05-29,1.470000
2024-05-30,1.460000
2024-05-31,1.460000
2024-06-03,1.470000
2024-06-04,1.490000
2024-06-05,1.530000
2024-06-06,1.500000
2024-06-07,1.460000
2024-06-10,1.460000
2024-06-11,1.480000
2024-06-12,1.480000
2024-06-13,1.510000
2024-06-14,1.530000
2024-06-17,1.520000
2024-06-18,1.520000
2024-06-20,1.540000
2024-06-21,1.550000
2024-06-24,1.530000
2024-06-25,1.550000
2024-06-26,1.550000
2024-06-27,1.550000
2024-06-28,1.550000
2024-07-01,1.550000
2024-07-02,1.560000
2024-07-03,1.530000
2024-07-05,1.560000
2024-07-08,1.540000
2024-07-09,1.560000
2024-07-10,1.560000
2024-07-11,1.580000
2024-07-12,1.580000
2024-07-15,1.580000
2024-07-16,1.560000
2024-07-17,1.560000
2024-07-18,1.570000
2024-07-19,1.570000
2024-07-22,1.580000
2024-07-23,1.590000
2024-07-24,1.650000
2024-07-25,1.620000
2024-07-26,1.650000
2024-07-29,1.660000
2024-07-30,1.650000
2024-07-31,1.680000
2024-08-01,1.710000
2024-08-02,1.800000
2024-08-05,1.850000
2024-08-06,1.780000
2024-08-07,1.800000
2024-08-08,1.780000
2024-08-09,1.770000
2024-08-12,1.780000
2024-08-13,1.800000
2024-08-14,1.740000
2024-08-15,1.680000
2024-08-16,1.690000
2024-08-19,1.680000
2024-08-20,1.690000
2024-08-21,1.690000
2024-08-22,1.700000
2024-08-23,1.700000
2024-08-26,1.700000
2024-08-27,1.710000
2024-08-28,1.710000
2024-08-29,1.690000
2024-08-30,1.690000
2024-09-03,1.730000
2024-09-04,1.730000
2024-09-05,1.730000
2024-09-06,1.730000
2024-09-09,1.730000
2024-09-10,1.740000
2024-09-11,1.750000
2024-09-12,1.740000
2024-09-13,1.720000
2024-09-16,1.700000
2024-09-17,1.680000
2024-09-18,1.670000
2024-09-19,1.670000
2024-09-20,1.670000
2024-09-23,1.650000
2024-09-24,1.660000
2024-09-25,1.650000
2024-09-26,1.650000
2024-09-27,1.660000
2024-09-30,1.630000
2024-10-01,1.650000
2024-10-02,1.640000
2024-10-03,1.620000
2024-10-04,1.570000
2024-10-07,1.540000
2024-10-08,1.550000
2024-10-09,1.540000
2024-10-10,1.540000
2024-10-11,1.540000
2024-10-15,1.530000
2024-10-16,1.510000
2024-10-17,1.530000
2024-10-18,1.530000
2024-10-21,1.540000
2024-10-22,1.550000
2024-10-23,1.540000
2024-10-24,1.520000
2024-10-25,1.510000
2024-10-28,1.510000
2024-10-29,1.490000
2024-10-30,1.440000
2024-10-31,1.460000
2024-11-01,1.460000
2024-11-04,1.460000
2024-11-05,1.450000
2024-11-06,1.400000
2024-11-07,1.440000
2024-11-08,1.380000
2024-11-12,1.360000
2024-11-13,1.410000
2024-11-14,1.390000
2024-11-15,1.410000
2024-11-18,1.420000
2024-11-19,1.420000
2024-11-20,1.430000
2024-11-21,1.430000
2024-11-22,1.430000
2024-11-25,1.420000
2024-11-26,1.430000
2024-11-27,1.430000
2024-11-29,1.440000
2024-12-02,1.410000
2024-12-03,1.400000
2024-12-04,1.390000
2024-12-05,1.400000
2024-12-06,1.420000
2024-12-09,1.420000
2024-12-10,1.410000
2024-12-11,1.420000
2024-12-12,1.440000
2024-12-13,1.420000
2024-12-16,1.420000
2024-12-17,1.390000
2024-12-18,1.370000
2024-12-19,1.400000
2024-12-20,1.430000
2024-12-23,1.420000
2024-12-24,1.390000
2024-12-26,1.400000
2024-12-27,1.400000
2024-12-30,1.430000
2024-12-31,1.420000
2025-01-02,1.450000
2025-01-03,1.440000
2025-01-06,1.440000
2025-01-07,1.470000
2025-01-08,1.480000
2025-01-09,1.460000
2025-01-10,1.420000
2025-01-13,1.440000
2025-01-14,1.440000
2025-01-15,1.440000
2025-01-16,1.460000
2025-01-17,1.460000
2025-01-21,1.460000
2025-01-22,1.430000
2025-01-23,1.430000
2025-01-24,1.430000
2025-01-27,1.450000
2025-01-28,1.450000
2025-01-29,1.450000
2025-01-30,1.450000
2025-01-31,1.450000
2025-02-03,1.460000
2025-02-04,1.460000
2025-02-05,1.450000
2025-02-06,1.440000
2025-02-07,1.450000
2025-02-10,1.450000
2025-02-11,1.460000
2025-02-12,1.450000
2025-02-13,1.440000
2025-02-14,1.460000
2025-02-18,1.440000
2025-02-19,1.460000
2025-02-20,1.470000
2025-02-21,1.490000
2025-02-24,1.480000
2025-02-25,1.500000
2025-02-26,1.510000
2025-02-27,1.520000
2025-02-28,1.570000
2025-03-03,1.610000
2025-03-04,1.610000
2025-03-05,1.570000
2025-03-06,1.590000
2025-03-07,1.610000
2025-03-10,1.640000
2025-03-11,1.680000
2025-03-12,1.650000
2025-03-13,1.700000
2025-03-14,1.650000
2025-03-17,1.630000
2025-03-18,1.630000
2025-03-19,1.640000
2025-03-20,1.640000
2025-03-21,1.680000
2025-03-24,1.640000
2025-03-25,1.660000
2025-03-26,1.660000
2025-03-27,1.680000
2025-03-28,1.730000
2025-03-31,1.760000
2025-04-01,1.730000
2025-04-02,1.730000
2025-04-03,1.890000
2025-04-04,1.940000
2025-04-07,2.020000
2025-04-08,2.000000
2025-04-09,2.020000
2025-04-10,1.970000
2025-04-11,1.900000
2025-04-14,1.900000
2025-04-15,1.900000
2025-04-16,1.920000
2025-04-17,1.920000
2025-04-21,1.960000
2025-04-22,1.930000
2025-04-23,1.860000
2025-04-24,1.860000
2025-04-25,1.840000
2025-04-28,1.870000
2025-04-29,1.880000
2025-04-30,1.960000
2025-05-01,1.950000
2025-05-02,1.900000
2025-05-05,1.910000
2025-05-06,1.950000
2025-05-07,1.950000
2025-05-08,1.890000
2025-05-09,1.890000
2025-05-12,1.820000
2025-05-13,1.820000
2025-05-14,1.800000
2025-05-15,1.830000
2025-05-16,1.820000
2025-05-19,1.840000
2025-05-20,1.820000
2025-05-21,1.850000
2025-05-22,1.870000
2025-05-23,1.880000
2025-05-27,1.840000
2025-05-28,1.830000
2025-05-29,1.810000
2025-05-30,1.840000
2025-06-02,1.840000
2025-06-03,1.810000
2025-06-04,1.800000
2025-06-05,1.770000
2025-06-06,1.730000
2025-06-09,1.720000
2025-06-10,1.710000
2025-06-11,1.740000
2025-06-12,1.730000
2025-06-13,1.750000
2025-06-16,1.740000
2025-06-17,1.740000
2025-06-18,1.770000
2025-06-20,1.760000
2025-06-23,1.770000
2025-06-24,1.780000
2025-06-25,1.790000
2025-06-26,1.800000
2025-06-27,1.790000
2025-06-30,1.750000
2025-07-01,1.720000
2025-07-02,1.700000
2025-07-03,1.670000
2025-07-07,1.710000
2025-07-08,1.710000
2025-07-09,1.730000
2025-07-10,1.700000
2025-07-11,1.720000
2025-07-14,1.730000
2025-07-15,1.700000
2025-07-16,1.730000
2025-07-17,1.710000
2025-07-18,1.730000
2025-07-21,1.730000
2025-07-22,1.730000
2025-07-23,1.710000
2025-07-24,1.680000
2025-07-25,1.690000
2025-07-28,1.690000
2025-07-29,1.700000
2025-07-30,1.690000
2025-07-31,1.670000
2025-08-01,1.750000
2025-08-04,1.740000
2025-08-05,1.720000
2025-08-06,1.750000
2025-08-07,1.740000
2025-08-08,1.740000
2025-08-11,1.720000
2025-08-12,1.730000
2025-08-13,1.710000
2025-08-14,1.710000
2025-08-15,1.690000
2025-08-18,1.700000
2025-08-19,1.710000
2025-08-20,1.730000
2025-08-21,1.720000
2025-08-22,1.730000
2025-08-25,1.700000
2025-08-26,1.750000
2025-08-27,1.770000
2025-08-28,1.750000
2025-08-29,1.800000
2025-09-02,1.810000
2025-09-03,1.780000
2025-09-04,1.800000
2025-09-05,1.780000
2025-09-08,1.760000
2025-09-09,1.750000
2025-09-10,1.750000
2025-09-11,1.740000
2025-09-12,1.700000
2025-09-15,1.680000
2025-09-16,1.690000
2025-09-17,1.700000
2025-09-18,1.680000
2025-09-19,1.680000
2025-09-22,1.670000
2025-09-23,1.690000
2025-09-24,1.680000
2025-09-25,1.670000
2025-09-26,1.650000
2025-09-29,1.640000
2025-09-30,1.670000
2025-10-01,1.690000
2025-10-02,1.680000
2025-10-03,1.660000
2025-10-06,1.650000
2025-10-07,1.670000
2025-10-08,1.680000
2025-10-09,1.690000
2025-10-10,1.720000
2025-10-14,1.710000
2025-10-15,1.680000
2025-10-16,1.710000
2025-10-17,1.700000
2025-10-20,1.680000
2025-10-21,1.670000
2025-10-22,1.690000
2025-10-23,1.660000
2025-10-24,1.650000
2025-10-27,1.630000
2025-10-28,1.650000
2025-10-29,1.610000
2025-10-30,1.640000
2025-10-31,1.690000
2025-11-03,1.710000
2025-11-04,1.720000
2025-11-05,1.700000
2025-11-06,1.720000
2025-11-07,1.750000
2025-11-10,1.730000
2025-11-12,1.750000
2025-11-13,1.770000
2025-11-14,1.770000
2025-11-17,1.770000
2025-11-18,1.790000
2025-11-19,1.790000
2025-11-20,1.800000
2025-11-21,1.820000
2025-11-24,1.800000
2025-11-25,1.790000
2025-11-26,1.780000
2025-11-28,1.780000
2025-12-01,1.780000
2025-12-02,1.760000
2025-12-03,1.770000
2025-12-04,1.760000
2025-12-05,1.740000
2025-12-08,1.730000
2025-12-09,1.730000
2025-12-10,1.760000
2025-12-11,1.730000
2025-12-12,1.760000
2025-12-15,1.770000
2025-12-16,1.780000
2025-12-17,1.780000
2025-12-18,1.780000
2025-12-19,1.760000
2025-12-22,1.760000
2025-12-23,1.740000
2025-12-24,1.730000
2025-12-26,1.750000
2025-12-29,1.760000
2025-12-30,1.750000
2025-12-31,1.720000
2026-01-02,1.740000
2026-01-05,1.750000
2026-01-06,1.740000
2026-01-07,1.730000
2026-01-08,1.730000
2026-01-09,1.700000
2026-01-12,1.700000
2026-01-13,1.690000
2026-01-14,1.680000
2026-01-15,1.650000
2026-01-16,1.630000
2026-01-20,1.650000
2026-01-21,1.620000
2026-01-22,1.590000
2026-01-23,1.610000
2026-01-26,1.610000
2026-01-27,1.610000
2026-01-28,1.620000
2026-01-29,1.630000
2026-01-30,1.620000
2026-02-02,1.610000
2026-02-03,1.630000
2026-02-04,1.640000
2026-02-05,1.670000
2026-02-06,1.650000
2026-02-09,1.640000
2026-02-10,1.660000
2026-02-11,1.670000
2026-02-12,1.680000
2026-02-13,1.720000
2026-02-17,1.700000
2026-02-18,1.670000
2026-02-19,1.680000
2026-02-20,1.690000
2026-02-23,1.730000
2026-02-24,1.730000
2026-02-25,1.730000
2026-02-26,1.750000
2026-02-27,1.800000
2026-03-02,1.780000
2026-03-03,1.780000
2026-03-04,1.740000
2026-03-05,1.760000
2026-03-06,1.750000
2026-03-09,1.780000
2026-03-10,1.770000
2026-03-11,1.840000
2026-03-12,1.840000
2026-03-13,1.830000
2026-03-16,1.850000
2026-03-17,1.850000
2026-03-18,1.810000
2026-03-19,1.810000
2026-03-20,1.790000
2026-03-23,1.790000
2026-03-24,1.750000
2026-03-25,1.760000
2026-03-26,1.730000
2026-03-27,1.780000
2026-03-30,1.790000
2026-03-31,1.790000
2026-04-01,1.750000
2026-04-02,1.740000
2026-04-06,1.700000
2026-04-07,1.750000
2026-04-08,1.730000
2026-04-09,1.730000
2026-04-10,1.720000
2026-04-13,1.720000
2026-04-14,1.700000
2026-04-15,1.690000
2026-04-16,1.710000
2026-04-17,1.720000
2026-04-20,1.720000
2026-04-21,1.700000
2026-04-22,1.690000
2026-04-23,1.680000
2026-04-24,1.700000
2026-04-27,1.700000
2026-04-28,1.700000
2026-04-29,1.690000
2026-04-30,1.700000
2026-05-01,1.690000
2026-05-04,1.690000
2026-05-05,1.650000
2026-05-06,1.660000
2026-05-07,1.650000
2026-05-08,1.650000
2026-05-11,1.650000
2026-05-12,1.660000
2026-05-13,1.660000
2026-05-14,1.620000
2026-05-15,1.620000
2026-05-18,1.590000
2026-05-19,1.570000
2026-05-20,1.590000
2026-05-21,1.590000
2026-05-22,1.570000
2026-05-26,1.560000
2026-05-27,1.570000
2026-05-28,1.570000
2026-05-29,1.570000
2026-06-01,1.540000
2026-06-02,1.540000
2026-06-03,1.540000
2026-06-04,1.540000
2026-06-05,1.510000
2026-06-08,1.520000
2026-06-09,1.530000
2026-06-10,1.530000
2026-06-11,1.550000
2026-06-12,1.530000
2026-06-15,1.530000
2026-06-16,1.550000
2026-06-17,1.500000
2026-06-18,1.510000
2026-06-22,1.510000
2026-06-23,1.510000
2026-06-24,1.520000
2026-06-25,1.540000
2026-06-26,1.560000
2026-06-29,1.550000
2026-06-30,1.530000
2026-07-01,1.540000
2026-07-02,1.540000
2026-07-06,1.560000
2026-07-07,1.550000
2026-07-08,1.560000
2026-07-09,1.560000
2026-07-10,1.580000
2026-07-13,1.560000
2026-07-14,1.600000
2026-07-15,1.600000
2026-07-16,1.590000
