date,value
1980-10-14,14.977669
1980-10-15,16.299297
1980-10-16,14.877018
1980-10-17,14.144872
1980-10-20,14.962160
1980-10-21,14.181338
1980-10-22,14.137590
1980-10-23,11.974619
1980-10-24,12.154640
1980-10-27,10.369682
1980-10-28,10.435821
1980-10-29,10.234935
1980-10-30,8.765722
1980-10-31,9.704508
1980-11-03,10.974795
1980-11-05,12.848033
1980-11-06,10.695027
1980-11-07,10.853190
1980-11-10,11.035024
1980-11-11,12.482311
1980-11-12,15.234614
1980-11-13,16.754971
1980-11-14,17.204286
1980-11-17,17.603317
1980-11-18,19.139295
1980-11-19,18.470228
1980-11-20,19.486205
1980-11-21,18.273469
1980-11-24,17.491603
1980-11-25,18.246528
1980-11-26,18.847105
1980-11-28,19.032446
1980-12-01,16.127815
1980-12-02,15.819017
1980-12-03,15.491211
1980-12-04,15.199532
1980-12-05,13.042095
1980-12-08,10.085357
1980-12-09,9.896354
1980-12-10,7.961641
1980-12-11,7.136534
1980-12-12,8.632466
1980-12-15,8.745232
1980-12-16,9.627959
1980-12-17,11.456147
1980-12-18,11.446195
1980-12-19,11.915294
1980-12-22,13.519173
1980-12-23,12.981898
1980-12-24,13.333260
1980-12-26,13.767857
1980-12-29,12.347350
1980-12-30,12.457076
1980-12-31,12.657586
1981-01-02,12.987746
1981-01-05,14.179314
1981-01-06,14.138145
1981-01-07,11.475049
1981-01-08,9.655194
1981-01-09,9.846111
1981-01-12,9.721743
1981-01-13,9.375123
1981-01-14,9.375686
1981-01-15,9.845684
1981-01-16,10.148913
1981-01-19,9.679943
1981-01-20,7.330511
1981-01-21,6.958186
1981-01-22,5.937188
1981-01-23,5.796118
1981-01-26,5.369038
1981-01-27,6.289925
1981-01-28,5.539997
1981-01-29,5.341278
1981-01-30,4.664628
1981-02-02,2.424753
1981-02-03,3.559073
1981-02-04,3.543706
1981-02-05,4.271156
1981-02-06,4.937997
1981-02-09,3.765652
1981-02-10,3.641407
1981-02-11,2.746371
1981-02-12,2.049069
1981-02-13,1.564705
1981-02-17,2.137282
1981-02-18,2.578839
1981-02-19,1.004260
1981-02-20,0.898507
1981-02-23,1.430742
1981-02-24,1.376771
1981-02-25,2.179263
1981-02-26,3.331431
1981-02-27,4.157413
1981-03-02,4.640117
1981-03-03,3.394164
1981-03-04,3.535363
1981-03-05,2.709103
1981-03-06,2.555764
1981-03-09,3.463197
1981-03-10,2.855374
1981-03-11,2.375270
1981-03-12,4.837778
1981-03-13,4.688078
1981-03-16,5.821265
1981-03-17,5.130446
1981-03-18,5.269021
1981-03-19,4.578836
1981-03-20,4.976357
1981-03-23,6.141694
1981-03-24,5.255423
1981-03-25,7.064576
1981-03-26,6.318947
1981-03-27,4.978708
1981-03-30,4.613740
1981-03-31,5.870479
1981-04-01,6.229527
1981-04-02,5.951459
1981-04-03,5.227722
1981-04-06,3.938369
1981-04-07,3.842872
1981-04-08,4.073156
1981-04-09,4.273210
1981-04-10,4.077641
1981-04-13,2.957780
1981-04-14,2.528234
1981-04-15,3.599856
1981-04-16,3.929770
1981-04-20,4.428797
1981-04-21,3.421346
1981-04-22,3.288937
1981-04-23,3.071048
1981-04-24,3.925866
1981-04-27,4.113151
1981-04-28,3.164042
1981-04-29,2.129877
1981-04-30,1.892815
1981-05-01,1.772664
1981-05-04,0.165229
1981-05-05,-0.134750
1981-05-06,0.186000
1981-05-07,0.831184
1981-05-08,0.785982
1981-05-11,-0.736834
1981-05-12,-0.001950
1981-05-13,-0.166819
1981-05-14,0.357343
1981-05-15,0.999332
1981-05-18,1.240021
1981-05-19,0.854385
1981-05-20,0.743287
1981-05-21,0.510257
1981-05-22,0.152484
1981-05-26,1.214084
1981-05-27,1.936935
1981-05-28,1.659497
1981-05-29,0.970522
1981-06-01,0.798413
1981-06-02,-0.584570
1981-06-03,-0.534949
1981-06-04,-0.373404
1981-06-05,0.548332
1981-06-08,0.531168
1981-06-09,0.301087
1981-06-10,0.543031
1981-06-11,1.596451
1981-06-12,1.365657
1981-06-15,1.417924
1981-06-16,0.271370
1981-06-17,1.117171
1981-06-18,-0.186942
1981-06-19,0.267368
1981-06-22,0.000036
1981-06-23,1.028625
1981-06-24,0.470281
1981-06-25,0.550600
1981-06-26,0.331890
1981-06-29,-0.198748
1981-06-30,-0.734593
1981-07-01,-1.839235
1981-07-02,-2.700986
1981-07-06,-3.656104
1981-07-07,-2.997439
1981-07-08,-2.933510
1981-07-09,-2.188132
1981-07-10,-2.134963
1981-07-13,-1.928004
1981-07-14,-1.923893
1981-07-15,-1.499595
1981-07-16,-1.441741
1981-07-17,-1.143962
1981-07-20,-2.692069
1981-07-21,-2.980257
1981-07-22,-3.886974
1981-07-23,-3.667077
1981-07-24,-2.856230
1981-07-27,-1.760786
1981-07-28,-2.328528
1981-07-29,-2.309224
1981-07-30,-1.658816
1981-07-31,-0.966359
1981-08-03,-1.287174
1981-08-04,-0.753696
1981-08-05,0.369224
1981-08-06,0.346415
1981-08-07,-0.326558
1981-08-10,0.268747
1981-08-11,1.243250
1981-08-12,0.889319
1981-08-13,0.951020
1981-08-14,0.162960
1981-08-17,-0.809578
1981-08-18,-1.662835
1981-08-19,-1.386882
1981-08-20,-1.241899
1981-08-21,-2.337428
1981-08-24,-5.144064
1981-08-25,-5.409244
1981-08-26,-5.521611
1981-08-27,-6.590542
1981-08-28,-6.122146
1981-08-31,-7.049977
1981-09-01,-6.826044
1981-09-02,-6.419535
1981-09-03,-8.060273
1981-09-04,-8.881908
1981-09-08,-10.391724
1981-09-09,-10.001944
1981-09-10,-8.616234
1981-09-11,-7.435703
1981-09-14,-8.090557
1981-09-15,-8.696339
1981-09-16,-9.319036
1981-09-17,-10.563540
1981-09-18,-11.173658
1981-09-21,-10.359024
1981-09-22,-10.727982
1981-09-23,-11.465367
1981-09-24,-11.903146
1981-09-25,-13.567698
1981-09-28,-11.412139
1981-09-29,-11.052428
1981-09-30,-10.822912
1981-10-01,-10.085436
1981-10-02,-8.286804
1981-10-05,-8.123931
1981-10-06,-8.165672
1981-10-07,-6.636858
1981-10-08,-5.820156
1981-10-09,-6.430381
1981-10-12,-6.559996
1981-10-13,-6.840312
1981-10-14,-8.309064
1981-10-15,-7.549459
1981-10-16,-7.890048
1981-10-19,-7.984817
1981-10-20,-6.915229
1981-10-21,-7.000625
1981-10-22,-7.308663
1981-10-23,-8.061411
1981-10-26,-8.347929
1981-10-27,-7.421168
1981-10-28,-7.246537
1981-10-29,-7.494925
1981-10-30,-5.248712
1981-11-02,-3.414855
1981-11-03,-2.922399
1981-11-04,-2.944086
1981-11-05,-3.852626
1981-11-06,-4.501629
1981-11-09,-3.994480
1981-11-10,-4.422581
1981-11-11,-4.223532
1981-11-12,-3.986780
1981-11-13,-5.142329
1981-11-16,-6.232821
1981-11-17,-5.496233
1981-11-18,-6.159995
1981-11-19,-5.776066
1981-11-20,-4.962510
1981-11-23,-5.019962
1981-11-24,-3.506492
1981-11-25,-3.068745
1981-11-27,-2.246979
1981-11-30,-1.259905
1981-12-01,-1.448690
1981-12-02,-2.536214
1981-12-03,-2.194409
1981-12-04,-1.302044
1981-12-07,-2.130205
1981-12-08,-2.409657
1981-12-09,-1.881975
1981-12-10,-1.685257
1981-12-11,-2.271046
1981-12-14,-3.918240
1981-12-15,-3.725388
1981-12-16,-4.139909
1981-12-17,-3.566064
1981-12-18,-2.854549
1981-12-21,-3.342159
1981-12-22,-3.674037
1981-12-23,-4.092141
1981-12-24,-3.871648
1981-12-28,-4.042658
1981-12-29,-4.464764
1981-12-30,-3.926256
1981-12-31,-3.685718
1982-01-04,-3.495745
1982-01-05,-5.558663
1982-01-06,-6.182154
1982-01-07,-6.320916
1982-01-08,-5.767381
1982-01-11,-7.880014
1982-01-12,-8.192205
1982-01-13,-9.243671
1982-01-14,-8.648432
1982-01-15,-7.950167
1982-01-18,-7.175782
1982-01-19,-8.094601
1982-01-20,-8.581755
1982-01-21,-8.134921
1982-01-22,-8.359734
1982-01-25,-8.265738
1982-01-26,-8.370251
1982-01-27,-7.868952
1982-01-28,-5.285745
1982-01-29,-4.054378
1982-02-01,-6.078915
1982-02-02,-5.830023
1982-02-03,-6.985062
1982-02-04,-6.967157
1982-02-05,-6.233406
1982-02-08,-8.261252
1982-02-09,-8.942105
1982-02-10,-8.084710
1982-02-11,-8.200577
1982-02-12,-8.172808
1982-02-16,-8.361070
1982-02-17,-8.595987
1982-02-18,-8.430736
1982-02-19,-8.849056
1982-02-22,-10.088662
1982-02-23,-10.080121
1982-02-24,-8.439657
1982-02-25,-8.584875
1982-02-26,-8.601266
1982-03-01,-8.373133
1982-03-02,-8.810716
1982-03-03,-10.156446
1982-03-04,-10.918704
1982-03-05,-11.274993
1982-03-08,-12.811562
1982-03-09,-11.520432
1982-03-10,-10.964338
1982-03-11,-10.916550
1982-03-12,-11.437892
1982-03-15,-10.668669
1982-03-16,-10.723149
1982-03-17,-10.808061
1982-03-18,-9.735177
1982-03-19,-9.406052
1982-03-22,-7.563303
1982-03-23,-6.852587
1982-03-24,-7.256099
1982-03-25,-6.986107
1982-03-26,-7.947067
1982-03-29,-7.570492
1982-03-30,-7.513968
1982-03-31,-7.692575
1982-04-01,-6.108205
1982-04-02,-4.945993
1982-04-05,-5.199366
1982-04-06,-4.613423
1982-04-07,-4.460075
1982-04-08,-3.765738
1982-04-12,-3.881011
1982-04-13,-3.823273
1982-04-14,-3.891947
1982-04-15,-3.400936
1982-04-16,-2.966820
1982-04-19,-3.010097
1982-04-20,-4.009697
1982-04-21,-3.726760
1982-04-22,-2.458633
1982-04-23,-1.207922
1982-04-26,-0.649823
1982-04-27,-1.651791
1982-04-28,-2.218062
1982-04-29,-3.095092
1982-04-30,-2.788403
1982-05-03,-2.414371
1982-05-04,-1.833580
1982-05-05,-1.614208
1982-05-06,-0.734662
1982-05-07,-0.040746
1982-05-10,-0.910955
1982-05-11,0.003432
1982-05-12,-0.164244
1982-05-13,-0.914707
1982-05-14,-1.040951
1982-05-17,-2.072743
1982-05-18,-2.742997
1982-05-19,-3.474588
1982-05-20,-3.653462
1982-05-21,-3.329085
1982-05-24,-3.344259
1982-05-25,-3.599024
1982-05-26,-4.602702
1982-05-27,-4.899054
1982-05-28,-5.471191
1982-06-01,-5.557144
1982-06-02,-5.175806
1982-06-03,-5.254977
1982-06-04,-6.673537
1982-06-07,-6.566635
1982-06-08,-6.904982
1982-06-09,-7.383529
1982-06-10,-6.795208
1982-06-11,-5.353961
1982-06-14,-6.389058
1982-06-15,-6.561678
1982-06-16,-7.205170
1982-06-17,-8.227344
1982-06-18,-8.436977
1982-06-21,-8.450406
1982-06-22,-7.464486
1982-06-23,-5.860795
1982-06-24,-6.091362
1982-06-25,-6.637434
1982-06-28,-5.633529
1982-06-29,-5.634126
1982-06-30,-6.107026
1982-07-01,-6.837436
1982-07-02,-7.708265
1982-07-06,-7.981523
1982-07-07,-8.002029
1982-07-08,-7.699809
1982-07-09,-6.556579
1982-07-12,-5.899226
1982-07-13,-5.988884
1982-07-14,-5.117787
1982-07-15,-5.069708
1982-07-16,-4.533150
1982-07-19,-4.799404
1982-07-20,-4.070757
1982-07-21,-4.140616
1982-07-22,-4.056345
1982-07-23,-4.281380
1982-07-26,-4.929887
1982-07-27,-5.682209
1982-07-28,-7.084887
1982-07-29,-7.049788
1982-07-30,-7.546702
1982-08-02,-5.871417
1982-08-03,-6.818985
1982-08-04,-8.228484
1982-08-05,-9.016342
1982-08-06,-10.207210
1982-08-09,-10.688639
1982-08-10,-10.835711
1982-08-11,-10.983748
1982-08-12,-11.074840
1982-08-13,-9.772151
1982-08-16,-9.504784
1982-08-17,-5.148296
1982-08-18,-5.518884
1982-08-19,-4.914462
1982-08-20,-1.501877
1982-08-23,1.223867
1982-08-24,0.593399
1982-08-25,2.563657
1982-08-26,3.428498
1982-08-27,2.198075
1982-08-30,2.702826
1982-08-31,4.327484
1982-09-01,3.236519
1982-09-02,5.021456
1982-09-03,7.096776
1982-09-07,5.950127
1982-09-08,6.672390
1982-09-09,6.469900
1982-09-10,5.608689
1982-09-13,6.725848
1982-09-14,7.486039
1982-09-15,8.534863
1982-09-16,8.091772
1982-09-17,7.036319
1982-09-20,7.013580
1982-09-21,9.090366
1982-09-22,8.318575
1982-09-23,8.166098
1982-09-24,7.748179
1982-09-27,8.020163
1982-09-28,7.696064
1982-09-29,6.294469
1982-09-30,5.248850
1982-10-01,6.605672
1982-10-04,6.211091
1982-10-05,6.631329
1982-10-06,10.106611
1982-10-07,12.551112
1982-10-08,14.473547
1982-10-11,17.399779
1982-10-12,17.311267
1982-10-13,19.213828
1982-10-14,17.284960
1982-10-15,16.357528
1982-10-18,19.037769
1982-10-19,18.821685
1982-10-20,21.021574
1982-10-21,20.768152
1982-10-22,20.467554
1982-10-25,15.603384
1982-10-26,16.517385
1982-10-27,17.115637
1982-10-28,15.553734
1982-10-29,15.579258
1982-11-01,16.999571
1982-11-02,18.633915
1982-11-03,23.129450
1982-11-04,22.113056
1982-11-05,22.239017
1982-11-08,20.630227
1982-11-09,22.699653
1982-11-10,20.972013
1982-11-11,21.358911
1982-11-12,19.360518
1982-11-15,17.125463
1982-11-16,15.663266
1982-11-17,17.699256
1982-11-18,17.938821
1982-11-19,16.715181
1982-11-22,14.234795
1982-11-23,13.044263
1982-11-24,13.759189
1982-11-26,14.509411
1982-11-29,13.836328
1982-11-30,17.387461
1982-12-01,17.423937
1982-12-02,17.384385
1982-12-03,17.148303
1982-12-06,19.597470
1982-12-07,20.240600
1982-12-08,19.339841
1982-12-09,17.675686
1982-12-10,17.183947
1982-12-13,17.371726
1982-12-14,15.113791
1982-12-15,13.188838
1982-12-16,13.118722
1982-12-17,14.814584
1982-12-20,13.641908
1982-12-21,15.466910
1982-12-22,15.508635
1982-12-23,16.102490
1982-12-27,17.973855
1982-12-28,16.660530
1982-12-29,16.895229
1982-12-30,15.992079
1982-12-31,16.102731
1983-01-03,14.073438
1983-01-04,16.426459
1983-01-05,16.784003
1983-01-06,19.348421
1983-01-07,19.118038
1983-01-10,20.258935
1983-01-11,19.276030
1983-01-12,19.851823
1983-01-13,18.903422
1983-01-14,19.493875
1983-01-17,19.397204
1983-01-18,18.983466
1983-01-19,17.921765
1983-01-20,18.601327
1983-01-21,16.492688
1983-01-24,13.240672
1983-01-25,14.561377
1983-01-26,14.272929
1983-01-27,16.345886
1983-01-28,16.409405
1983-01-31,16.911119
1983-02-01,14.901100
1983-02-02,14.990973
1983-02-03,15.692182
1983-02-04,17.070794
1983-02-07,17.573340
1983-02-08,16.460028
1983-02-09,15.772160
1983-02-10,17.620978
1983-02-11,17.594255
1983-02-14,18.462221
1983-02-15,17.816606
1983-02-16,16.987133
1983-02-17,16.861728
1983-02-18,17.173104
1983-02-22,15.054564
1983-02-23,15.965082
1983-02-24,18.043124
1983-02-25,18.006844
1983-02-28,16.544867
1983-03-01,18.605120
1983-03-02,19.550045
1983-03-03,20.294101
1983-03-04,20.258844
1983-03-07,20.076637
1983-03-08,18.025307
1983-03-09,19.102802
1983-03-10,18.091173
1983-03-11,17.479234
1983-03-14,16.983785
1983-03-15,17.222178
1983-03-16,15.844684
1983-03-17,15.506063
1983-03-18,15.567804
1983-03-21,16.378109
1983-03-22,15.787300
1983-03-23,17.242224
1983-03-24,17.474670
1983-03-25,16.753253
1983-03-28,15.940462
1983-03-29,15.557097
1983-03-30,16.731161
1983-03-31,16.203370
1983-04-04,16.047326
1983-04-05,15.003005
1983-04-06,14.167188
1983-04-07,14.531264
1983-04-08,15.166927
1983-04-11,16.690133
1983-04-12,17.001136
1983-04-13,17.509054
1983-04-14,18.305870
1983-04-15,18.555305
1983-04-18,19.063062
1983-04-19,18.069091
1983-04-20,19.319547
1983-04-21,18.598297
1983-04-22,18.645683
1983-04-25,17.241454
1983-04-26,19.225771
1983-04-27,18.730066
1983-04-28,19.609759
1983-04-29,20.460209
1983-05-02,18.537509
1983-05-03,18.485623
1983-05-04,18.968308
1983-05-05,19.445220
1983-05-06,20.527831
1983-05-09,20.075820
1983-05-10,19.931761
1983-05-11,18.970309
1983-05-12,18.217262
1983-05-13,18.445835
1983-05-16,17.132360
1983-05-17,17.120016
1983-05-18,16.567019
1983-05-19,15.419011
1983-05-20,15.285905
1983-05-23,15.954343
1983-05-24,17.190730
1983-05-25,17.400717
1983-05-26,16.625347
1983-05-27,15.659463
1983-05-31,13.970051
1983-06-01,13.868530
1983-06-02,14.647635
1983-06-03,14.733626
1983-06-06,14.812187
1983-06-07,13.193353
1983-06-08,12.033577
1983-06-09,12.187565
1983-06-10,12.604571
1983-06-13,13.911522
1983-06-14,14.199456
1983-06-15,15.107355
1983-06-16,16.294859
1983-06-17,16.093063
1983-06-20,15.833333
1983-06-21,16.671632
1983-06-22,16.791426
1983-06-23,16.311504
1983-06-24,16.006851
1983-06-27,14.499256
1983-06-28,12.447014
1983-06-29,12.936264
1983-06-30,13.445343
1983-07-01,13.944367
1983-07-05,12.398594
1983-07-06,13.500019
1983-07-07,12.714824
1983-07-08,12.228607
1983-07-11,12.750854
1983-07-12,10.864640
1983-07-13,10.661304
1983-07-14,10.864608
1983-07-15,9.555475
1983-07-18,9.175938
1983-07-19,9.597244
1983-07-20,12.392778
1983-07-21,12.079766
1983-07-22,11.818468
1983-07-25,12.099402
1983-07-26,12.626364
1983-07-27,10.563608
1983-07-28,8.779648
1983-07-29,7.046315
1983-08-01,6.603961
1983-08-02,6.495667
1983-08-03,7.340907
1983-08-04,5.878305
1983-08-05,6.068444
1983-08-08,4.319989
1983-08-09,4.850475
1983-08-10,5.680088
1983-08-11,5.589424
1983-08-12,5.895812
1983-08-15,6.796935
1983-08-16,6.510672
1983-08-17,7.638528
1983-08-18,6.433762
1983-08-19,6.636802
1983-08-22,6.793893
1983-08-23,5.696970
1983-08-24,4.647993
1983-08-25,4.315294
1983-08-26,5.088945
1983-08-29,5.082870
1983-08-30,5.209550
1983-08-31,6.287648
1983-09-01,6.087548
1983-09-02,6.493248
1983-09-06,8.250654
1983-09-07,8.178125
1983-09-08,7.934650
1983-09-09,7.273788
1983-09-12,6.243880
1983-09-13,5.703467
1983-09-14,5.965099
1983-09-15,5.256926
1983-09-16,6.360927
1983-09-19,7.138254
1983-09-20,8.078839
1983-09-21,7.460640
1983-09-22,8.225581
1983-09-23,7.964643
1983-09-26,8.216216
1983-09-27,7.075647
1983-09-28,6.698507
1983-09-29,6.101685
1983-09-30,5.262962
1983-10-03,5.003913
1983-10-04,5.195231
1983-10-05,6.027563
1983-10-06,7.526202
1983-10-07,7.748834
1983-10-10,8.811284
1983-10-11,7.255484
1983-10-12,6.706792
1983-10-13,6.764862
1983-10-14,6.660639
1983-10-17,6.910841
1983-10-18,5.180059
1983-10-19,4.422075
1983-10-20,4.507600
1983-10-21,3.795492
1983-10-24,3.758182
1983-10-25,3.990976
1983-10-26,3.249800
1983-10-27,2.851308
1983-10-28,1.880963
1983-10-31,1.939724
1983-11-01,1.953446
1983-11-02,2.625975
1983-11-03,1.706262
1983-11-04,1.019368
1983-11-07,0.621124
1983-11-08,0.465432
1983-11-09,1.767132
1983-11-10,1.976483
1983-11-11,3.072938
1983-11-14,3.184646
1983-11-15,2.357929
1983-11-16,2.730958
1983-11-17,2.692426
1983-11-18,1.989815
1983-11-21,2.522342
1983-11-22,2.942916
1983-11-23,2.947220
1983-11-25,3.020357
1983-11-28,2.566278
1983-11-29,3.349617
1983-11-30,2.363177
1983-12-01,2.358541
1983-12-02,1.656747
1983-12-05,1.797826
1983-12-06,1.557394
1983-12-07,1.767735
1983-12-08,1.283764
1983-12-09,1.162624
1983-12-12,1.438958
1983-12-13,0.972900
1983-12-14,-0.040391
1983-12-15,-1.087206
1983-12-16,-0.667052
1983-12-19,-0.736127
1983-12-20,-0.964344
1983-12-21,-0.043330
1983-12-22,-0.097472
1983-12-23,-0.323329
1983-12-27,0.574350
1983-12-28,0.885384
1983-12-29,0.546340
1983-12-30,0.541995
1984-01-03,-0.043633
1984-01-04,1.577719
1984-01-05,2.757299
1984-01-06,2.991768
1984-01-09,2.712045
1984-01-10,2.086899
1984-01-11,1.946308
1984-01-12,1.865923
1984-01-13,1.380679
1984-01-16,1.434015
1984-01-17,1.782669
1984-01-18,1.564662
1984-01-19,1.206427
1984-01-20,0.659490
1984-01-23,-0.188372
1984-01-24,0.426575
1984-01-25,-0.266368
1984-01-26,-0.651833
1984-01-27,-0.850756
1984-01-30,-1.510156
1984-01-31,-1.194569
1984-02-01,-1.611669
1984-02-02,-1.244747
1984-02-03,-2.728361
1984-02-06,-4.432365
1984-02-07,-4.033155
1984-02-08,-5.763337
1984-02-09,-6.006240
1984-02-10,-5.455025
1984-02-13,-6.244755
1984-02-14,-5.224570
1984-02-15,-5.425003
1984-02-16,-5.477094
1984-02-17,-5.688824
1984-02-21,-6.322448
1984-02-22,-6.489783
1984-02-23,-6.468862
1984-02-24,-4.495320
1984-02-27,-3.395468
1984-02-28,-4.876082
1984-02-29,-4.712186
1984-03-01,-4.010542
1984-03-02,-3.361586
1984-03-05,-4.168946
1984-03-06,-5.147386
1984-03-07,-6.141996
1984-03-08,-5.735901
1984-03-09,-6.212342
1984-03-12,-4.976778
1984-03-13,-4.687100
1984-03-14,-4.676892
1984-03-15,-4.272784
1984-03-16,-3.127772
1984-03-19,-4.014650
1984-03-20,-3.340078
1984-03-21,-3.449696
1984-03-22,-4.634962
1984-03-23,-4.517056
1984-03-26,-4.615266
1984-03-27,-4.209716
1984-03-28,-2.621832
1984-03-29,-2.818605
1984-03-30,-2.996314
1984-04-02,-3.694869
1984-04-03,-3.856647
1984-04-04,-3.891766
1984-04-05,-5.370867
1984-04-06,-5.058588
1984-04-09,-5.033530
1984-04-10,-4.740314
1984-04-11,-5.241085
1984-04-12,-3.545838
1984-04-13,-3.772279
1984-04-16,-3.123871
1984-04-17,-2.703426
1984-04-18,-3.327017
1984-04-19,-3.225280
1984-04-23,-3.942197
1984-04-24,-3.134386
1984-04-25,-2.758470
1984-04-26,-1.731588
1984-04-27,-1.964542
1984-04-30,-1.853679
1984-05-01,-0.847230
1984-05-02,-0.703421
1984-05-03,-1.108209
1984-05-04,-2.360565
1984-05-07,-2.111354
1984-05-08,-1.439568
1984-05-09,-1.659854
1984-05-10,-1.704505
1984-05-11,-2.612572
1984-05-14,-3.205853
1984-05-15,-2.886514
1984-05-16,-2.880659
1984-05-17,-3.733230
1984-05-18,-4.202620
1984-05-21,-4.827809
1984-05-22,-5.335196
1984-05-23,-5.764056
1984-05-24,-6.915940
1984-05-25,-6.647390
1984-05-29,-7.432448
1984-05-30,-7.357396
1984-05-31,-7.197393
1984-06-01,-5.504117
1984-06-04,-4.798770
1984-06-05,-5.194178
1984-06-06,-4.327486
1984-06-07,-4.359863
1984-06-08,-4.187543
1984-06-11,-5.467694
1984-06-12,-5.976127
1984-06-13,-5.983803
1984-06-14,-7.024104
1984-06-15,-7.821104
1984-06-18,-6.114793
1984-06-19,-5.534065
1984-06-20,-4.114965
1984-06-21,-4.279457
1984-06-22,-4.270957
1984-06-25,-4.536337
1984-06-26,-5.280054
1984-06-27,-5.905334
1984-06-28,-5.123896
1984-06-29,-4.879775
1984-07-02,-4.828791
1984-07-03,-4.476879
1984-07-05,-5.012438
1984-07-06,-5.288157
1984-07-09,-4.542687
1984-07-10,-4.785985
1984-07-11,-6.180024
1984-07-12,-6.456661
1984-07-13,-5.876449
1984-07-16,-5.381162
1984-07-17,-4.853689
1984-07-18,-5.423061
1984-07-19,-6.019810
1984-07-20,-6.479139
1984-07-23,-6.792189
1984-07-24,-7.432741
1984-07-25,-6.730704
1984-07-26,-5.887604
1984-07-27,-5.136727
1984-07-30,-5.705953
1984-07-31,-5.353826
1984-08-01,-3.155612
1984-08-02,-0.667391
1984-08-03,2.087917
1984-08-06,2.259202
1984-08-07,2.345062
1984-08-08,1.748534
1984-08-09,4.135668
1984-08-10,4.060052
1984-08-13,4.064408
1984-08-14,3.425651
1984-08-15,2.409036
1984-08-16,3.018857
1984-08-17,3.253874
1984-08-20,3.752261
1984-08-21,5.552265
1984-08-22,5.050979
1984-08-23,5.070999
1984-08-24,5.304480
1984-08-27,4.625157
1984-08-28,5.224943
1984-08-29,5.028400
1984-08-30,4.716324
1984-08-31,4.764624
1984-09-04,3.637335
1984-09-05,3.269073
1984-09-06,4.125248
1984-09-07,3.328680
1984-09-10,3.268295
1984-09-11,3.396620
1984-09-12,3.547283
1984-09-13,5.597007
1984-09-14,6.117239
1984-09-17,6.165879
1984-09-18,5.391562
1984-09-19,4.941340
1984-09-20,5.267890
1984-09-21,4.137233
1984-09-24,3.891826
1984-09-25,4.103774
1984-09-26,4.516465
1984-09-27,4.937194
1984-09-28,4.387582
1984-10-01,3.447829
1984-10-02,2.796697
1984-10-03,2.073679
1984-10-04,2.372339
1984-10-05,2.224356
1984-10-08,1.883238
1984-10-09,1.599115
1984-10-10,1.884112
1984-10-11,2.313428
1984-10-12,3.195583
1984-10-15,4.192236
1984-10-16,3.567575
1984-10-17,3.173882
1984-10-18,5.665391
1984-10-19,5.581770
1984-10-22,5.209691
1984-10-23,5.042794
1984-10-24,5.113929
1984-10-25,4.559145
1984-10-26,3.923519
1984-10-29,3.610685
1984-10-30,4.909240
1984-10-31,4.442433
1984-11-01,5.321311
1984-11-02,5.273284
1984-11-05,5.990328
1984-11-06,7.125842
1984-11-07,6.331858
1984-11-08,6.009073
1984-11-09,5.318229
1984-11-12,5.152577
1984-11-13,4.270852
1984-11-14,4.272775
1984-11-15,4.201672
1984-11-16,3.066985
1984-11-19,2.416510
1984-11-20,3.083394
1984-11-21,3.262518
1984-11-23,4.737468
1984-11-26,3.847699
1984-11-27,4.274799
1984-11-28,3.451154
1984-11-29,2.730628
1984-11-30,2.499869
1984-12-03,2.001028
1984-12-04,2.323834
1984-12-05,1.497419
1984-12-06,1.883649
1984-12-07,1.555563
1984-12-10,1.901064
1984-12-11,2.031308
1984-12-12,1.738274
1984-12-13,1.213833
1984-12-14,1.753305
1984-12-17,2.310411
1984-12-18,5.085433
1984-12-19,4.450489
1984-12-20,3.926771
1984-12-21,3.347311
1984-12-24,4.093969
1984-12-26,3.881533
1984-12-27,3.403262
1984-12-28,3.692798
1984-12-31,4.278092
1985-01-02,3.087704
1985-01-03,2.570755
1985-01-04,2.000084
1985-01-07,2.324994
1985-01-08,2.146551
1985-01-09,2.860512
1985-01-10,4.773705
1985-01-11,4.498589
1985-01-14,6.080413
1985-01-15,6.228625
1985-01-16,6.421238
1985-01-17,6.092173
1985-01-18,6.413247
1985-01-21,8.773682
1985-01-22,8.861294
1985-01-23,9.915863
1985-01-24,9.479378
1985-01-25,9.799866
1985-01-28,9.763979
1985-01-29,10.790371
1985-01-30,10.848016
1985-01-31,10.925515
1985-02-01,10.237434
1985-02-04,11.222258
1985-02-05,11.300883
1985-02-06,11.113399
1985-02-07,11.889579
1985-02-08,12.041805
1985-02-11,10.938308
1985-02-12,10.899144
1985-02-13,12.537863
1985-02-14,11.890474
1985-02-15,11.323968
1985-02-19,11.082797
1985-02-20,10.917144
1985-02-21,10.244701
1985-02-22,9.672301
1985-02-25,9.528414
1985-02-26,10.637288
1985-02-27,10.278226
1985-02-28,10.486890
1985-03-01,11.651094
1985-03-04,10.852067
1985-03-05,10.866301
1985-03-06,9.818460
1985-03-07,9.040500
1985-03-08,8.705783
1985-03-11,8.426932
1985-03-12,8.861990
1985-03-13,7.880078
1985-03-14,7.578655
1985-03-15,6.702369
1985-03-18,6.837597
1985-03-19,8.361792
1985-03-20,8.001281
1985-03-21,8.084788
1985-03-22,7.819597
1985-03-25,7.101710
1985-03-26,7.296624
1985-03-27,7.875399
1985-03-28,7.786642
1985-03-29,8.360580
1985-04-01,8.621436
1985-04-02,8.084742
1985-04-03,7.149577
1985-04-04,7.024279
1985-04-08,6.351711
1985-04-09,6.383777
1985-04-10,7.024791
1985-04-11,7.396080
1985-04-12,7.512086
1985-04-15,7.648377
1985-04-16,7.725178
1985-04-17,7.919178
1985-04-18,7.333696
1985-04-19,7.403590
1985-04-22,7.070091
1985-04-23,7.678298
1985-04-24,7.809534
1985-04-25,8.396228
1985-04-26,7.555381
1985-04-29,6.546731
1985-04-30,5.986597
1985-05-01,5.045658
1985-05-02,5.336927
1985-05-03,5.874016
1985-05-06,5.726498
1985-05-07,6.079685
1985-05-08,5.895607
1985-05-09,6.554426
1985-05-10,7.828729
1985-05-13,7.916309
1985-05-14,7.378025
1985-05-15,7.662788
1985-05-16,8.216525
1985-05-17,9.148765
1985-05-20,10.400243
1985-05-21,10.266937
1985-05-22,9.556663
1985-05-23,8.917097
1985-05-24,9.245544
1985-05-28,8.925155
1985-05-29,8.750633
1985-05-30,8.717713
1985-05-31,9.675073
1985-06-03,9.461086
1985-06-04,9.795159
1985-06-05,9.784513
1985-06-06,10.230187
1985-06-07,9.362645
1985-06-10,9.194150
1985-06-11,8.855818
1985-06-12,7.966571
1985-06-13,6.599471
1985-06-14,7.555659
1985-06-17,7.166597
1985-06-18,7.568122
1985-06-19,7.093583
1985-06-20,7.082017
1985-06-21,8.658933
1985-06-24,8.318410
1985-06-25,8.577071
1985-06-26,8.680548
1985-06-27,9.266635
1985-06-28,9.546071
1985-07-01,9.803103
1985-07-02,9.491161
1985-07-03,9.097798
1985-07-05,9.627640
1985-07-08,9.215608
1985-07-09,8.636412
1985-07-10,9.302811
1985-07-11,9.541663
1985-07-12,9.656291
1985-07-15,9.253095
1985-07-16,10.297419
1985-07-17,10.726895
1985-07-18,9.912389
1985-07-19,10.234596
1985-07-22,9.696564
1985-07-23,8.589055
1985-07-24,7.952375
1985-07-25,8.130262
1985-07-26,8.229397
1985-07-29,6.573946
1985-07-30,6.682226
1985-07-31,7.162612
1985-08-01,7.747912
1985-08-02,7.312287
1985-08-05,6.762939
1985-08-06,5.197485
1985-08-07,4.997827
1985-08-08,5.643734
1985-08-09,5.229371
1985-08-12,4.781398
1985-08-13,4.532866
1985-08-14,4.528249
1985-08-15,4.385138
1985-08-16,3.680696
1985-08-19,3.782080
1985-08-20,4.668484
1985-08-21,5.209268
1985-08-22,4.159023
1985-08-23,4.001359
1985-08-26,4.025308
1985-08-27,4.404618
1985-08-28,4.747388
1985-08-29,4.736157
1985-08-30,4.504274
1985-09-03,4.041918
1985-09-04,3.676138
1985-09-05,3.551538
1985-09-06,4.018709
1985-09-09,3.956045
1985-09-10,3.153634
1985-09-11,2.066680
1985-09-12,1.278903
1985-09-13,0.799132
1985-09-16,0.729948
1985-09-17,-0.156157
1985-09-18,-0.015458
1985-09-19,0.853423
1985-09-20,0.061616
1985-09-23,1.238373
1985-09-24,0.259458
1985-09-25,-0.865109
1985-09-26,-0.569116
1985-09-30,-0.189063
1985-10-01,1.385335
1985-10-02,0.773043
1985-10-03,0.879992
1985-10-04,0.214766
1985-10-07,-0.563641
1985-10-08,-0.605730
1985-10-09,-0.296835
1985-10-10,-0.198479
1985-10-11,0.571650
1985-10-14,1.655077
1985-10-15,1.442067
1985-10-16,2.419954
1985-10-17,2.183559
1985-10-18,1.783687
1985-10-21,1.675756
1985-10-22,2.196954
1985-10-23,2.697568
1985-10-24,2.312341
1985-10-25,1.727393
1985-10-28,1.802773
1985-10-29,2.547760
1985-10-30,2.949253
1985-10-31,2.761996
1985-11-01,3.629382
1985-11-04,3.422123
1985-11-05,3.979594
1985-11-06,4.141761
1985-11-07,4.023075
1985-11-08,4.569096
1985-11-11,6.433514
1985-11-12,6.805538
1985-11-13,6.225800
1985-11-14,7.225290
1985-11-15,6.660480
1985-11-18,6.925719
1985-11-19,6.851523
1985-11-20,6.970761
1985-11-21,8.210656
1985-11-22,8.212488
1985-11-25,7.531791
1985-11-26,7.645299
1985-11-27,8.584405
1985-11-29,8.331395
1985-12-02,7.363187
1985-12-03,7.521961
1985-12-04,9.258979
1985-12-05,9.005552
1985-12-06,8.463599
1985-12-09,9.064327
1985-12-10,9.065819
1985-12-11,10.016568
1985-12-12,10.164107
1985-12-13,11.789020
1985-12-16,12.810111
1985-12-17,11.995982
1985-12-18,11.467658
1985-12-19,11.492245
1985-12-20,11.887297
1985-12-23,10.543800
1985-12-24,9.703466
1985-12-26,9.892113
1985-12-27,10.837234
1985-12-30,11.306380
1985-12-31,11.521004
1986-01-02,10.533540
1986-01-03,11.122033
1986-01-06,10.908579
1986-01-07,12.465083
1986-01-08,9.315153
1986-01-09,8.257419
1986-01-10,8.100480
1986-01-13,8.422036
1986-01-14,8.303107
1986-01-15,9.073281
1986-01-16,9.469902
1986-01-17,9.003037
1986-01-20,8.451770
1986-01-21,7.467329
1986-01-22,6.195635
1986-01-23,6.519877
1986-01-24,7.581011
1986-01-27,8.004768
1986-01-28,9.181843
1986-01-29,9.348063
1986-01-30,8.769330
1986-01-31,9.956379
1986-02-03,10.992810
1986-02-04,10.295229
1986-02-05,10.291142
1986-02-06,10.464903
1986-02-07,10.936236
1986-02-10,11.710114
1986-02-11,11.447670
1986-02-12,11.371904
1986-02-13,12.000830
1986-02-14,13.096083
1986-02-18,14.352629
1986-02-19,12.854707
1986-02-20,13.994401
1986-02-21,15.096071
1986-02-24,14.823982
1986-02-25,14.419871
1986-02-26,14.431381
1986-02-27,15.701196
1986-02-28,15.650713
1986-03-03,14.766675
1986-03-04,14.124702
1986-03-05,13.997318
1986-03-06,14.295929
1986-03-07,14.414959
1986-03-10,14.816545
1986-03-11,17.274964
1986-03-12,17.573534
1986-03-13,17.767227
1986-03-14,19.316877
1986-03-17,18.228690
1986-03-18,18.649744
1986-03-19,18.421271
1986-03-20,18.754962
1986-03-21,17.021560
1986-03-24,17.888695
1986-03-25,17.450614
1986-03-26,18.599804
1986-03-27,19.285615
1986-03-31,19.098211
1986-04-01,17.078387
1986-04-02,17.220343
1986-04-03,15.477153
1986-04-04,13.482928
1986-04-07,13.335051
1986-04-08,15.624998
1986-04-09,15.612540
1986-04-10,16.806410
1986-04-11,16.441252
1986-04-14,16.951426
1986-04-15,17.039100
1986-04-16,19.101942
1986-04-17,19.351749
1986-04-18,18.885496
1986-04-21,19.886376
1986-04-22,18.604960
1986-04-23,18.133188
1986-04-24,18.118030
1986-04-25,18.105924
1986-04-28,18.346394
1986-04-29,16.960711
1986-04-30,14.414994
1986-05-01,14.128001
1986-05-02,13.840305
1986-05-05,15.144785
1986-05-06,14.790394
1986-05-07,14.113912
1986-05-08,14.498088
1986-05-09,14.717592
1986-05-12,14.461717
1986-05-13,13.777411
1986-05-14,14.189513
1986-05-15,12.574074
1986-05-16,11.659963
1986-05-19,11.760892
1986-05-20,13.034624
1986-05-21,12.597828
1986-05-22,14.688011
1986-05-23,15.127937
1986-05-27,16.594618
1986-05-28,17.327264
1986-05-29,17.800383
1986-05-30,17.333759
1986-06-02,16.079307
1986-06-03,16.141714
1986-06-04,15.241347
1986-06-05,15.886933
1986-06-06,15.739148
1986-06-09,12.913961
1986-06-10,12.596810
1986-06-11,13.181760
1986-06-12,13.206789
1986-06-13,15.039036
1986-06-16,15.071960
1986-06-17,14.091959
1986-06-18,14.240472
1986-06-19,13.658007
1986-06-20,15.135844
1986-06-23,13.903349
1986-06-24,14.568968
1986-06-25,15.287933
1986-06-26,15.035211
1986-06-27,15.260843
1986-06-30,15.654134
1986-07-01,16.022511
1986-07-02,16.139694
1986-07-03,15.534472
1986-07-07,11.823024
1986-07-08,10.548455
1986-07-09,10.957020
1986-07-10,10.895083
1986-07-11,10.384466
1986-07-14,8.369596
1986-07-15,6.217711
1986-07-16,6.703024
1986-07-17,7.060354
1986-07-18,7.064898
1986-07-21,6.884951
1986-07-22,7.628868
1986-07-23,7.712060
1986-07-24,7.251402
1986-07-25,8.133949
1986-07-28,6.111706
1986-07-29,5.336244
1986-07-30,6.132719
1986-07-31,5.803128
1986-08-01,5.150383
1986-08-04,5.519675
1986-08-05,5.866376
1986-08-06,5.663813
1986-08-07,5.637574
1986-08-08,5.453978
1986-08-11,7.021350
1986-08-12,8.070033
1986-08-13,8.964693
1986-08-14,9.084007
1986-08-15,9.344446
1986-08-18,9.307029
1986-08-19,8.790463
1986-08-20,10.087022
1986-08-21,9.904162
1986-08-22,9.994031
1986-08-25,8.815667
1986-08-26,10.880462
1986-08-27,10.945913
1986-08-28,10.611778
1986-08-29,10.516185
1986-09-02,8.472057
1986-09-03,9.029295
1986-09-04,10.531401
1986-09-05,8.945402
1986-09-08,7.816688
1986-09-09,7.504431
1986-09-10,7.133766
1986-09-11,1.905228
1986-09-12,-0.113908
1986-09-15,0.372145
1986-09-16,0.212864
1986-09-17,0.127966
1986-09-18,0.332057
1986-09-19,0.228313
1986-09-22,1.334430
1986-09-23,1.582027
1986-09-24,1.774704
1986-09-25,-0.201056
1986-09-26,-0.084609
1986-09-29,-1.132070
1986-09-30,-0.571436
1986-10-01,0.362032
1986-10-02,0.449299
1986-10-03,0.307652
1986-10-06,0.713375
1986-10-07,0.504066
1986-10-08,1.416216
1986-10-09,0.998446
1986-10-10,0.779943
1986-10-13,0.907187
1986-10-14,0.623073
1986-10-15,2.029417
1986-10-16,2.275898
1986-10-17,1.920437
1986-10-20,0.641351
1986-10-21,0.555620
1986-10-22,0.656914
1986-10-23,1.871584
1986-10-24,1.367627
1986-10-27,1.515399
1986-10-28,1.653233
1986-10-29,2.295993
1986-10-30,3.396241
1986-10-31,3.432786
1986-11-03,4.119896
1986-11-04,4.200149
1986-11-05,4.265905
1986-11-06,3.874276
1986-11-07,3.745818
1986-11-10,3.812900
1986-11-11,4.131744
1986-11-12,3.866745
1986-11-13,2.269719
1986-11-14,2.821753
1986-11-17,2.216394
1986-11-18,-0.536155
1986-11-19,-0.218258
1986-11-20,1.563952
1986-11-21,3.094924
1986-11-24,3.693794
1986-11-25,3.925286
1986-11-26,4.105052
1986-11-28,4.223974
1986-12-01,4.089131
1986-12-02,6.088011
1986-12-03,5.949935
1986-12-04,5.543976
1986-12-05,4.706017
1986-12-08,4.643352
1986-12-09,3.804946
1986-12-10,4.445991
1986-12-11,3.238855
1986-12-12,2.854030
1986-12-15,3.162757
1986-12-16,3.867961
1986-12-17,2.788185
1986-12-18,2.418292
1986-12-19,3.590662
1986-12-22,3.136725
1986-12-23,2.106478
1986-12-24,2.246311
1986-12-26,2.287656
1986-12-29,1.338540
1986-12-30,0.781941
1986-12-31,0.271744
1987-01-02,2.020983
1987-01-05,4.363322
1987-01-06,4.565419
1987-01-07,5.576585
1987-01-08,6.333295
1987-01-09,6.885248
1987-01-12,7.486472
1987-01-13,7.295323
1987-01-14,8.344142
1987-01-15,9.452582
1987-01-16,9.701821
1987-01-19,10.869640
1987-01-20,10.654123
1987-01-21,10.082873
1987-01-22,12.484828
1987-01-23,10.843592
1987-01-26,10.566178
1987-01-27,12.180095
1987-01-28,12.769206
1987-01-29,12.220646
1987-01-30,12.083966
1987-02-02,12.974476
1987-02-03,12.714511
1987-02-04,14.118450
1987-02-05,14.646551
1987-02-06,14.101412
1987-02-09,13.252650
1987-02-10,11.921673
1987-02-11,12.841669
1987-02-12,11.969757
1987-02-13,13.524544
1987-02-17,15.755477
1987-02-18,15.615324
1987-02-19,15.562963
1987-02-20,15.411185
1987-02-23,14.053623
1987-02-24,14.151766
1987-02-25,14.496485
1987-02-26,13.970254
1987-02-27,14.362244
1987-03-02,13.768181
1987-03-03,14.100635
1987-03-04,15.778964
1987-03-05,16.414095
1987-03-06,16.341508
1987-03-09,15.285709
1987-03-10,16.194382
1987-03-11,15.869226
1987-03-12,16.129092
1987-03-13,15.502221
1987-03-16,14.747367
1987-03-17,16.325526
1987-03-18,16.339459
1987-03-19,16.739730
1987-03-20,18.240073
1987-03-23,19.294510
1987-03-24,19.338863
1987-03-25,18.697600
1987-03-26,18.774598
1987-03-27,16.754186
1987-03-30,13.924295
1987-03-31,14.806071
1987-04-01,14.965038
1987-04-02,15.346241
1987-04-03,17.879150
1987-04-06,18.357186
1987-04-07,16.178284
1987-04-08,16.287125
1987-04-09,14.467492
1987-04-10,14.225212
1987-04-13,11.463897
1987-04-14,8.882702
1987-04-15,10.872040
1987-04-16,11.760309
1987-04-20,11.366493
1987-04-21,13.974864
1987-04-22,11.589186
1987-04-23,11.350238
1987-04-24,9.211009
1987-04-27,9.247332
1987-04-28,9.416775
1987-04-29,10.106065
1987-04-30,11.457450
1987-05-01,11.218220
1987-05-04,11.617560
1987-05-05,13.794576
1987-05-06,13.719156
1987-05-07,13.304457
1987-05-08,12.669250
1987-05-11,11.867654
1987-05-12,12.407861
1987-05-13,12.540317
1987-05-14,12.515684
1987-05-15,9.803859
1987-05-18,9.397768
1987-05-19,6.626051
1987-05-20,6.005152
1987-05-21,6.663920
1987-05-22,7.329349
1987-05-26,9.863879
1987-05-27,9.619408
1987-05-28,10.290837
1987-05-29,9.947837
1987-06-01,9.754859
1987-06-02,9.150684
1987-06-03,10.949679
1987-06-04,11.459782
1987-06-05,10.748976
1987-06-08,11.883746
1987-06-09,11.995473
1987-06-10,11.962320
1987-06-11,12.339547
1987-06-12,13.323386
1987-06-15,13.786961
1987-06-16,14.283875
1987-06-17,14.182109
1987-06-18,14.392611
1987-06-19,14.757500
1987-06-22,15.631477
1987-06-23,15.046389
1987-06-24,14.334550
1987-06-25,14.984405
1987-06-26,14.161600
1987-06-29,14.272627
1987-06-30,12.674532
1987-07-01,12.133655
1987-07-02,12.974742
1987-07-06,12.561240
1987-07-07,13.319458
1987-07-08,13.494089
1987-07-09,13.061085
1987-07-10,13.223548
1987-07-13,12.794886
1987-07-14,13.749591
1987-07-15,13.487140
1987-07-16,14.150880
1987-07-17,14.671302
1987-07-20,13.344841
1987-07-21,12.158313
1987-07-22,11.979262
1987-07-23,11.591002
1987-07-24,11.972960
1987-07-27,12.320507
1987-07-28,12.771261
1987-07-29,13.806166
1987-07-30,14.500810
1987-07-31,14.555746
1987-08-03,14.003983
1987-08-04,13.365463
1987-08-05,13.992783
1987-08-06,15.118130
1987-08-07,15.264705
1987-08-10,16.863990
1987-08-11,18.562224
1987-08-12,18.031365
1987-08-13,18.632959
1987-08-14,18.204034
1987-08-17,18.057646
1987-08-18,16.165368
1987-08-19,16.197750
1987-08-20,17.778859
1987-08-21,17.966396
1987-08-24,16.884315
1987-08-25,17.902462
1987-08-26,16.951197
1987-08-27,15.665690
1987-08-28,13.990901
1987-08-31,14.779312
1987-09-01,12.397623
1987-09-02,11.647593
1987-09-03,10.976714
1987-09-04,9.610115
1987-09-08,8.389224
1987-09-09,8.386174
1987-09-10,9.362924
1987-09-11,10.894326
1987-09-14,11.130962
1987-09-15,9.165498
1987-09-16,8.053862
1987-09-17,7.965010
1987-09-18,7.828245
1987-09-21,6.244202
1987-09-22,9.182039
1987-09-23,9.628382
1987-09-24,8.995616
1987-09-25,9.017027
1987-09-28,9.911770
1987-09-29,9.260145
1987-09-30,9.171201
1987-10-01,10.891542
1987-10-02,10.990880
1987-10-05,10.841822
1987-10-06,7.722025
1987-10-07,7.366130
1987-10-08,5.768930
1987-10-09,4.615343
1987-10-12,3.941162
1987-10-13,5.540770
1987-10-14,2.317217
1987-10-15,-0.173114
1987-10-16,-5.381296
1987-10-19,-24.712382
1987-10-20,-20.676349
1987-10-21,-13.462828
1987-10-22,-16.843016
1987-10-23,-16.838426
1987-10-26,-23.681613
1987-10-27,-21.796149
1987-10-28,-21.727432
1987-10-29,-17.843626
1987-10-30,-15.466830
1987-11-02,-14.117749
1987-11-03,-15.747493
1987-11-04,-16.345756
1987-11-05,-14.463036
1987-11-06,-15.803198
1987-11-09,-18.201187
1987-11-10,-19.556896
1987-11-11,-18.534883
1987-11-12,-16.269187
1987-11-13,-17.199842
1987-11-16,-16.780672
1987-11-17,-17.989669
1987-11-18,-17.095019
1987-11-19,-18.895697
1987-11-20,-18.184286
1987-11-23,-17.800715
1987-11-24,-16.610104
1987-11-25,-17.338368
1987-11-27,-18.563005
1987-11-30,-21.899599
1987-12-01,-21.251664
1987-12-02,-20.689535
1987-12-03,-23.410396
1987-12-04,-23.769307
1987-12-07,-22.050447
1987-12-08,-19.889369
1987-12-09,-18.469372
1987-12-10,-20.217787
1987-12-11,-19.552868
1987-12-14,-17.146477
1987-12-15,-16.875639
1987-12-16,-15.012514
1987-12-17,-16.691840
1987-12-18,-14.512142
1987-12-21,-14.324798
1987-12-22,-14.123720
1987-12-23,-12.965301
1987-12-24,-13.295380
1987-12-28,-15.453323
1987-12-29,-15.727420
1987-12-30,-14.535072
1987-12-31,-14.736846
1988-01-04,-11.621249
1988-01-05,-10.631353
1988-01-06,-10.476127
1988-01-07,-9.658918
1988-01-08,-15.690359
1988-01-11,-14.194232
1988-01-12,-14.837048
1988-01-13,-14.637450
1988-01-14,-14.545151
1988-01-15,-12.339352
1988-01-18,-12.334830
1988-01-19,-13.148603
1988-01-20,-15.391667
1988-01-21,-15.134588
1988-01-22,-13.885530
1988-01-25,-11.842065
1988-01-26,-12.685508
1988-01-27,-12.696637
1988-01-28,-11.287650
1988-01-29,-9.920562
1988-02-01,-10.581966
1988-02-02,-10.348176
1988-02-03,-11.463384
1988-02-04,-11.408992
1988-02-05,-11.792512
1988-02-08,-12.396353
1988-02-09,-11.428057
1988-02-10,-9.648742
1988-02-11,-9.853273
1988-02-12,-9.212436
1988-02-16,-8.391654
1988-02-17,-8.561647
1988-02-18,-8.960125
1988-02-19,-7.598845
1988-02-22,-6.127238
1988-02-23,-6.299408
1988-02-24,-6.463130
1988-02-25,-7.419324
1988-02-26,-7.056022
1988-02-29,-5.113512
1988-03-01,-5.292183
1988-03-02,-4.991387
1988-03-03,-5.007074
1988-03-04,-5.194414
1988-03-07,-5.144519
1988-03-08,-4.395679
1988-03-09,-4.492994
1988-03-10,-6.304524
1988-03-11,-5.870732
1988-03-14,-5.322766
1988-03-15,-5.368209
1988-03-16,-4.438482
1988-03-17,-3.486111
1988-03-18,-3.480534
1988-03-21,-4.285723
1988-03-22,-4.202543
1988-03-23,-4.129137
1988-03-24,-6.054229
1988-03-25,-7.714613
1988-03-28,-7.803578
1988-03-29,-7.013926
1988-03-30,-7.651930
1988-03-31,-7.282320
1988-04-04,-8.203574
1988-04-05,-7.255560
1988-04-06,-4.675873
1988-04-07,-4.362730
1988-04-08,-3.122602
1988-04-11,-2.792309
1988-04-12,-2.294024
1988-04-13,-2.154441
1988-04-14,-6.341923
1988-04-15,-6.261760
1988-04-18,-6.385430
1988-04-19,-6.772187
1988-04-20,-7.333338
1988-04-21,-7.141284
1988-04-22,-5.713251
1988-04-25,-4.775116
1988-04-26,-4.184076
1988-04-27,-4.149708
1988-04-28,-4.499140
1988-04-29,-4.875772
1988-05-02,-4.700070
1988-05-03,-4.090853
1988-05-04,-4.984618
1988-05-05,-5.457343
1988-05-06,-5.849362
1988-05-09,-6.102561
1988-05-10,-5.615672
1988-05-11,-7.094281
1988-05-12,-6.790589
1988-05-13,-5.608567
1988-05-16,-4.794205
1988-05-17,-5.908316
1988-05-18,-7.285936
1988-05-19,-6.722585
1988-05-20,-6.437063
1988-05-23,-7.122961
1988-05-24,-6.000982
1988-05-25,-5.769276
1988-05-26,-5.309498
1988-05-27,-5.616915
1988-05-31,-2.231034
1988-06-01,-0.416440
1988-06-02,-0.805899
1988-06-03,-0.269020
1988-06-06,0.082520
1988-06-07,-0.490152
1988-06-08,2.011101
1988-06-09,1.642287
1988-06-10,2.162684
1988-06-13,2.342241
1988-06-14,3.527302
1988-06-15,3.692234
1988-06-16,2.027401
1988-06-17,2.470390
1988-06-20,1.910587
1988-06-21,3.032987
1988-06-22,4.621413
1988-06-23,4.380056
1988-06-24,4.070724
1988-06-27,2.379506
1988-06-28,3.716339
1988-06-29,3.301768
1988-06-30,4.344687
1988-07-01,3.773898
1988-07-05,5.391246
1988-07-06,4.019579
1988-07-07,4.022718
1988-07-08,3.450385
1988-07-11,3.751163
1988-07-12,2.818894
1988-07-13,3.490203
1988-07-14,3.954134
1988-07-15,4.742919
1988-07-18,4.264053
1988-07-19,3.596753
1988-07-20,4.304028
1988-07-21,3.118439
1988-07-22,2.005008
1988-07-25,2.560026
1988-07-26,2.849070
1988-07-27,1.898455
1988-07-28,3.362161
1988-07-29,5.761699
1988-08-01,5.888825
1988-08-02,5.852384
1988-08-03,6.110966
1988-08-04,5.630750
1988-08-05,5.301643
1988-08-08,4.803057
1988-08-09,3.411601
1988-08-10,1.562997
1988-08-11,1.834257
1988-08-12,1.699053
1988-08-15,0.176876
1988-08-16,0.883895
1988-08-17,0.955388
1988-08-18,1.036081
1988-08-19,0.708309
1988-08-22,-0.558056
1988-08-23,-0.528352
1988-08-24,0.999691
1988-08-25,0.206360
1988-08-26,0.365178
1988-08-29,1.362338
1988-08-30,1.398849
1988-08-31,0.987649
1988-09-01,-0.265942
1988-09-02,2.063207
1988-09-06,2.441069
1988-09-07,2.501881
1988-09-08,2.460531
1988-09-09,2.789974
1988-09-12,2.603239
1988-09-13,2.919204
1988-09-14,3.564975
1988-09-15,3.039619
1988-09-16,3.933735
1988-09-19,3.144624
1988-09-20,3.402912
1988-09-21,3.485632
1988-09-22,3.042602
1988-09-23,3.203655
1988-09-26,2.797553
1988-09-27,2.495979
1988-09-28,2.756487
1988-09-29,4.037734
1988-09-30,3.731034
1988-10-03,3.472792
1988-10-04,3.140815
1988-10-05,3.569358
1988-10-06,3.726944
1988-10-07,5.839703
1988-10-10,5.851603
1988-10-11,5.668627
1988-10-12,4.108683
1988-10-13,4.525528
1988-10-14,4.575431
1988-10-17,4.880108
1988-10-18,5.965321
1988-10-19,5.015229
1988-10-20,7.211722
1988-10-21,7.425384
1988-10-24,6.832382
1988-10-25,6.795538
1988-10-26,6.345809
1988-10-27,4.734092
1988-10-28,5.153654
1988-10-31,5.265939
1988-11-01,5.240847
1988-11-02,5.168603
1988-11-03,5.149921
1988-11-04,4.003128
1988-11-07,3.065086
1988-11-08,3.474313
1988-11-09,2.743602
1988-11-10,2.839501
1988-11-11,0.650900
1988-11-14,0.551811
1988-11-15,0.760509
1988-11-16,-0.958316
1988-11-17,-0.688591
1988-11-18,-0.015834
1988-11-21,-0.141711
1988-11-22,0.200522
1988-11-23,0.848420
1988-11-25,0.163670
1988-11-28,0.671398
1988-11-29,1.500992
1988-11-30,2.518487
1988-12-01,2.037393
1988-12-02,1.763327
1988-12-05,2.913529
1988-12-06,3.884798
1988-12-07,4.060213
1988-12-08,3.454981
1988-12-09,3.591332
1988-12-12,3.383804
1988-12-13,3.287743
1988-12-14,2.899834
1988-12-15,2.502602
1988-12-16,3.236431
1988-12-19,4.192954
1988-12-20,3.639445
1988-12-21,3.589735
1988-12-22,3.374116
1988-12-23,3.722446
1988-12-27,3.314066
1988-12-28,3.386242
1988-12-29,4.230997
1988-12-30,3.591711
1989-01-03,2.684737
1989-01-04,4.200633
1989-01-05,4.395182
1989-01-06,4.618314
1989-01-09,4.699463
1989-01-10,4.433334
1989-01-11,4.993633
1989-01-12,5.380192
1989-01-13,5.589997
1989-01-16,5.640825
1989-01-17,5.367671
1989-01-18,6.419645
1989-01-19,6.518411
1989-01-20,6.374038
1989-01-23,5.554034
1989-01-24,6.998001
1989-01-25,7.203761
1989-01-26,8.108910
1989-01-27,8.829641
1989-01-30,9.191776
1989-01-31,10.031848
1989-02-01,9.811736
1989-02-02,9.636842
1989-02-03,9.602783
1989-02-06,9.187216
1989-02-07,10.435702
1989-02-08,10.004110
1989-02-09,8.985365
1989-02-10,7.440001
1989-02-13,7.569567
1989-02-14,7.241492
1989-02-15,8.072487
1989-02-16,8.213305
1989-02-17,8.853223
1989-02-21,8.490509
1989-02-22,6.564989
1989-02-23,6.915161
1989-02-24,5.048998
1989-02-27,5.236046
1989-02-28,5.554390
1989-03-01,4.860499
1989-03-02,5.830964
1989-03-03,6.202705
1989-03-06,7.443919
1989-03-07,7.021668
1989-03-08,7.013865
1989-03-09,6.880680
1989-03-10,6.423183
1989-03-13,7.230529
1989-03-14,7.084066
1989-03-15,7.571841
1989-03-16,8.511803
1989-03-17,6.013166
1989-03-20,4.965253
1989-03-21,5.429394
1989-03-22,5.077266
1989-03-23,4.498071
1989-03-27,5.034346
1989-03-28,5.364333
1989-03-29,5.599045
1989-03-30,5.625687
1989-03-31,6.435008
1989-04-03,6.932294
1989-04-04,6.495327
1989-04-05,6.778141
1989-04-06,6.390437
1989-04-07,7.022729
1989-04-10,6.961781
1989-04-11,7.410818
1989-04-12,7.532834
1989-04-13,6.555172
1989-04-14,8.279150
1989-04-17,8.353572
1989-04-18,9.830257
1989-04-19,10.173853
1989-04-20,9.762241
1989-04-21,10.913022
1989-04-24,10.506910
1989-04-25,9.741308
1989-04-26,9.728995
1989-04-27,10.596789
1989-04-28,10.540477
1989-05-01,10.281859
1989-05-02,9.851400
1989-05-03,9.787987
1989-05-04,9.575313
1989-05-05,9.438569
1989-05-08,8.783542
1989-05-09,8.417519
1989-05-10,8.555909
1989-05-11,8.878255
1989-05-12,11.227868
1989-05-15,11.962526
1989-05-16,11.565805
1989-05-17,12.254097
1989-05-18,12.337996
1989-05-19,13.394502
1989-05-22,13.553850
1989-05-23,12.167450
1989-05-24,12.352179
1989-05-25,12.249582
1989-05-26,12.983769
1989-05-30,11.980251
1989-05-31,12.374260
1989-06-01,12.761245
1989-06-02,13.875414
1989-06-05,12.534454
1989-06-06,13.180179
1989-06-07,13.986946
1989-06-08,13.779052
1989-06-09,13.628459
1989-06-12,13.339757
1989-06-13,12.404880
1989-06-14,12.257322
1989-06-15,10.846757
1989-06-16,11.171405
1989-06-19,11.235964
1989-06-20,10.906005
1989-06-21,10.535448
1989-06-22,11.061955
1989-06-23,12.898285
1989-06-26,12.300905
1989-06-27,12.813392
1989-06-28,11.797940
1989-06-29,9.599784
1989-06-30,8.923879
1989-07-03,9.261155
1989-07-05,9.646514
1989-07-06,9.860351
1989-07-07,10.904602
1989-07-10,11.531702
1989-07-11,12.002106
1989-07-12,12.236504
1989-07-13,12.166414
1989-07-14,12.688701
1989-07-17,12.777849
1989-07-18,12.294857
1989-07-19,13.655314
1989-07-20,12.783713
1989-07-21,13.469071
1989-07-24,12.599225
1989-07-25,12.564090
1989-07-26,13.855165
1989-07-27,15.058035
1989-07-28,14.980014
1989-07-31,16.162387
1989-08-01,15.248316
1989-08-02,15.314810
1989-08-03,15.322552
1989-08-04,14.919565
1989-08-07,16.624393
1989-08-08,16.476675
1989-08-09,15.548605
1989-08-10,15.857816
1989-08-11,14.569336
1989-08-14,13.886531
1989-08-15,14.308715
1989-08-16,14.497143
1989-08-17,13.972910
1989-08-18,14.368985
1989-08-21,12.483151
1989-08-22,12.534305
1989-08-23,13.559472
1989-08-24,15.660776
1989-08-25,15.185472
1989-08-28,15.552547
1989-08-29,14.659985
1989-08-30,14.769488
1989-08-31,14.875094
1989-09-01,15.450692
1989-09-05,14.903887
1989-09-06,13.668538
1989-09-07,13.227536
1989-09-08,13.210760
1989-09-11,12.709792
1989-09-12,12.897864
1989-09-13,11.709928
1989-09-14,10.836716
1989-09-15,11.322102
1989-09-18,11.727077
1989-09-19,11.534760
1989-09-20,11.380792
1989-09-21,11.011728
1989-09-22,11.322047
1989-09-25,10.297838
1989-09-26,10.211041
1989-09-27,10.336406
1989-09-28,11.326783
1989-09-29,11.371112
1989-10-02,11.783208
1989-10-03,12.865597
1989-10-04,13.434347
1989-10-05,13.300754
1989-10-06,13.728325
1989-10-09,13.901937
1989-10-10,13.543798
1989-10-11,12.724361
1989-10-12,12.080574
1989-10-13,5.134411
1989-10-16,7.922627
1989-10-17,7.279461
1989-10-18,7.362920
1989-10-19,8.935041
1989-10-20,8.830914
1989-10-23,7.992398
1989-10-24,7.531898
1989-10-25,7.055153
1989-10-26,5.536388
1989-10-27,4.556505
1989-10-30,4.476607
1989-10-31,6.032139
1989-11-01,6.203393
1989-11-02,5.272263
1989-11-03,4.921589
1989-11-06,3.287424
1989-11-07,3.895886
1989-11-08,4.852598
1989-11-09,4.290113
1989-11-10,5.000402
1989-11-13,5.067252
1989-11-14,4.519017
1989-11-15,5.236877
1989-11-16,5.178147
1989-11-17,5.423565
1989-11-20,4.656176
1989-11-21,4.665696
1989-11-22,5.310544
1989-11-24,5.866925
1989-11-27,6.284026
1989-11-28,6.246271
1989-11-29,5.495549
1989-11-30,6.145020
1989-12-01,7.476488
1989-12-04,7.625432
1989-12-05,6.977151
1989-12-06,6.567968
1989-12-07,6.184297
1989-12-08,6.420269
1989-12-11,6.282080
1989-12-12,7.145972
1989-12-13,7.349361
1989-12-14,6.696493
1989-12-15,6.360976
1989-12-18,4.324224
1989-12-19,3.874262
1989-12-20,3.912682
1989-12-21,4.420217
1989-12-22,5.132944
1989-12-26,4.866648
1989-12-27,5.385886
1989-12-28,5.861495
1989-12-29,6.598809
1990-01-02,8.386590
1990-01-03,7.994342
1990-01-04,6.960608
1990-01-05,5.818885
1990-01-08,6.193211
1990-01-09,4.848625
1990-01-10,4.068923
1990-01-11,4.346660
1990-01-12,1.699720
1990-01-15,0.759629
1990-01-16,1.813323
1990-01-17,0.749017
1990-01-18,0.921707
1990-01-19,1.141995
1990-01-22,-1.522190
1990-01-23,-1.206362
1990-01-24,-1.655089
1990-01-25,-2.938967
1990-01-26,-3.064726
1990-01-29,-3.277540
1990-01-30,-3.968185
1990-01-31,-2.188008
1990-02-01,-2.305616
1990-02-02,-1.708834
1990-02-05,-1.465149
1990-02-06,-2.145882
1990-02-07,-0.971518
1990-02-08,-1.244062
1990-02-09,-1.083570
1990-02-12,-2.162808
1990-02-13,-1.916022
1990-02-14,-1.657478
1990-02-15,-0.843664
1990-02-16,-1.522550
1990-02-20,-2.951794
1990-02-21,-3.077544
1990-02-22,-3.689470
1990-02-23,-4.173814
1990-02-26,-2.868776
1990-02-27,-2.422562
1990-02-28,-1.963748
1990-03-01,-1.738015
1990-03-02,-0.937554
1990-03-05,-1.491910
1990-03-06,-0.279734
1990-03-07,-0.590875
1990-03-08,0.356111
1990-03-09,-0.361635
1990-03-12,-0.172139
1990-03-13,-0.980193
1990-03-14,-0.749865
1990-03-15,-0.422056
1990-03-16,0.679442
1990-03-19,1.129653
1990-03-20,0.523751
1990-03-21,-0.037621
1990-03-22,-1.241955
1990-03-23,-0.807115
1990-03-26,-0.702490
1990-03-27,0.413149
1990-03-28,0.533430
1990-03-29,0.152778
1990-03-30,-0.126171
1990-04-02,-0.515834
1990-04-03,0.902930
1990-04-04,0.125004
1990-04-05,-0.010385
1990-04-06,-0.227139
1990-04-09,0.131686
1990-04-10,0.314256
1990-04-11,0.250454
1990-04-12,0.932571
1990-04-16,1.012717
1990-04-17,0.955647
1990-04-18,-0.235620
1990-04-19,-1.030981
1990-04-20,-1.919869
1990-04-23,-3.119750
1990-04-24,-3.326330
1990-04-25,-2.842251
1990-04-26,-2.586250
1990-04-27,-3.699897
1990-04-30,-3.203916
1990-05-01,-2.779355
1990-05-02,-2.131306
1990-05-03,-1.812144
1990-05-04,-0.994078
1990-05-07,-0.374711
1990-05-08,0.046075
1990-05-09,0.281542
1990-05-10,0.553850
1990-05-11,2.931109
1990-05-14,3.716152
1990-05-15,3.566326
1990-05-16,3.468973
1990-05-17,3.591011
1990-05-18,3.625706
1990-05-21,4.585978
1990-05-22,4.697802
1990-05-23,4.933780
1990-05-24,4.659237
1990-05-25,3.531266
1990-05-29,5.279150
1990-05-30,5.313089
1990-05-31,5.395670
1990-06-01,5.931738
1990-06-04,7.132660
1990-06-05,6.878936
1990-06-06,6.351541
1990-06-07,5.790248
1990-06-08,4.475499
1990-06-11,5.310458
1990-06-12,6.631427
1990-06-13,6.218573
1990-06-14,5.616318
1990-06-15,5.600392
1990-06-18,3.837566
1990-06-19,4.292998
1990-06-20,4.466353
1990-06-21,4.847774
1990-06-22,3.371173
1990-06-25,2.458482
1990-06-26,2.379227
1990-06-27,3.265228
1990-06-28,3.970855
1990-06-29,4.061754
1990-07-02,4.481574
1990-07-03,4.641324
1990-07-05,3.325992
1990-07-06,4.103905
1990-07-09,4.402442
1990-07-10,3.508361
1990-07-11,4.858767
1990-07-12,6.048361
1990-07-13,6.556683
1990-07-16,7.000867
1990-07-17,6.557755
1990-07-18,5.580532
1990-07-19,5.883120
1990-07-20,4.800728
1990-07-23,2.977361
1990-07-24,3.120948
1990-07-25,3.501797
1990-07-26,3.164593
1990-07-27,2.453905
1990-07-30,3.065302
1990-07-31,3.205572
1990-08-01,3.004100
1990-08-02,1.818383
1990-08-03,-0.103823
1990-08-06,-3.107274
1990-08-07,-2.974055
1990-08-08,-1.944829
1990-08-09,-1.478674
1990-08-10,-2.749845
1990-08-13,-1.788839
1990-08-14,-1.635591
1990-08-15,-1.448538
1990-08-16,-3.660220
1990-08-17,-4.963483
1990-08-20,-4.752582
1990-08-21,-6.659349
1990-08-22,-8.177886
1990-08-23,-10.894799
1990-08-24,-9.568503
1990-08-27,-6.665325
1990-08-28,-6.670298
1990-08-29,-5.821538
1990-08-30,-7.387567
1990-08-31,-6.244319
1990-09-04,-6.066393
1990-09-05,-5.664817
1990-09-06,-6.782096
1990-09-07,-5.904728
1990-09-10,-6.392100
1990-09-11,-6.532625
1990-09-12,-6.064370
1990-09-13,-7.160623
1990-09-14,-7.654874
1990-09-17,-7.342789
1990-09-18,-7.057366
1990-09-19,-7.593892
1990-09-20,-9.037690
1990-09-21,-9.034966
1990-09-24,-10.945472
1990-09-25,-9.819151
1990-09-26,-10.698487
1990-09-27,-11.830262
1990-09-28,-10.280699
1990-10-01,-7.625839
1990-10-02,-7.499265
1990-10-03,-8.574021
1990-10-04,-8.155141
1990-10-05,-8.462543
1990-10-08,-7.838312
1990-10-09,-10.246159
1990-10-10,-11.571359
1990-10-11,-12.954304
1990-10-12,-11.541944
1990-10-15,-10.532314
1990-10-16,-11.724835
1990-10-17,-11.693852
1990-10-18,-9.564007
1990-10-19,-7.516022
1990-10-22,-6.787378
1990-10-23,-7.447056
1990-10-24,-7.328282
1990-10-25,-7.996352
1990-10-26,-9.568684
1990-10-29,-10.361849
1990-10-30,-9.665329
1990-10-31,-9.638322
1990-11-01,-8.698357
1990-11-02,-7.224346
1990-11-05,-6.387209
1990-11-06,-7.243407
1990-11-07,-8.880385
1990-11-08,-8.378771
1990-11-09,-6.536171
1990-11-12,-4.818096
1990-11-13,-5.349858
1990-11-14,-4.524111
1990-11-15,-5.514748
1990-11-16,-5.465501
1990-11-19,-4.785957
1990-11-20,-5.967421
1990-11-21,-5.727791
1990-11-23,-5.980164
1990-11-26,-5.535332
1990-11-27,-5.043811
1990-11-28,-5.070067
1990-11-29,-5.504885
1990-11-30,-3.754578
1990-12-03,-3.180566
1990-12-04,-2.506028
1990-12-05,-1.442835
1990-12-06,-1.701705
1990-12-07,-2.101276
1990-12-10,-1.761077
1990-12-11,-2.487328
1990-12-12,-1.364641
1990-12-13,-1.613561
1990-12-14,-2.353660
1990-12-17,-2.581452
1990-12-18,-1.365629
1990-12-19,-1.310841
1990-12-20,-1.319788
1990-12-21,-0.823383
1990-12-24,-1.363512
1990-12-26,-1.071852
1990-12-27,-1.824728
1990-12-28,-1.682394
1990-12-31,-1.216486
1991-01-02,-2.319303
1991-01-03,-3.649429
1991-01-04,-3.894849
1991-01-07,-5.530836
1991-01-08,-5.661029
1991-01-09,-6.646058
1991-01-10,-5.696851
1991-01-11,-5.449028
1991-01-14,-6.231080
1991-01-15,-5.821952
1991-01-16,-5.057386
1991-01-17,-1.490794
1991-01-18,-0.197976
1991-01-21,-0.535001
1991-01-22,-1.343779
1991-01-23,-0.756195
1991-01-24,0.628333
1991-01-25,1.024966
1991-01-28,1.025558
1991-01-29,0.981945
1991-01-30,2.512229
1991-01-31,3.415354
1991-02-01,3.143056
1991-02-04,4.712765
1991-02-05,5.558471
1991-02-06,7.560185
1991-02-07,7.055199
1991-02-08,7.862190
1991-02-11,10.567157
1991-02-12,9.586182
1991-02-13,10.580609
1991-02-14,9.093632
1991-02-15,10.487925
1991-02-19,10.535432
1991-02-20,9.223454
1991-02-21,9.135121
1991-02-22,9.301213
1991-02-25,9.744037
1991-02-26,8.396784
1991-02-27,9.848402
1991-02-28,9.627328
1991-03-01,10.615549
1991-03-04,10.250703
1991-03-05,12.419687
1991-03-06,12.225135
1991-03-07,12.118331
1991-03-08,11.805894
1991-03-11,11.188372
1991-03-12,10.289471
1991-03-13,11.619490
1991-03-14,11.279677
1991-03-15,11.286000
1991-03-18,10.830356
1991-03-19,9.187583
1991-03-20,9.581636
1991-03-21,9.179887
1991-03-22,9.440888
1991-03-25,10.122510
1991-03-26,12.024584
1991-03-27,11.726640
1991-03-28,11.670791
1991-04-01,10.490329
1991-04-02,12.902595
1991-04-03,12.699012
1991-04-04,12.910092
1991-04-05,11.571977
1991-04-08,12.522455
1991-04-09,10.977045
1991-04-10,10.820936
1991-04-11,12.108876
1991-04-12,12.888888
1991-04-15,13.083801
1991-04-16,14.940857
1991-04-17,15.727005
1991-04-18,15.088907
1991-04-19,13.778735
1991-04-22,12.778642
1991-04-23,12.981244
1991-04-24,13.233176
1991-04-25,12.164901
1991-04-26,12.074368
1991-04-29,10.479074
1991-04-30,10.965310
1991-05-01,12.407511
1991-05-02,12.448400
1991-05-03,12.505410
1991-05-06,12.262060
1991-05-07,11.410646
1991-05-08,11.724541
1991-05-09,13.079983
1991-05-10,10.831690
1991-05-13,11.094356
1991-05-14,9.552775
1991-05-15,8.633758
1991-05-16,9.673786
1991-05-17,9.698928
1991-05-20,9.622246
1991-05-21,10.459698
1991-05-22,10.639562
1991-05-23,10.218472
1991-05-24,10.900954
1991-05-28,12.131841
1991-05-29,12.308934
1991-05-30,13.453216
1991-05-31,14.211344
1991-06-03,13.600137
1991-06-04,13.407011
1991-06-05,12.538817
1991-06-06,12.011050
1991-06-07,10.683139
1991-06-10,10.317212
1991-06-11,10.927498
1991-06-12,9.558573
1991-06-13,9.753783
1991-06-14,11.014429
1991-06-17,10.288823
1991-06-18,9.752805
1991-06-19,8.656261
1991-06-20,8.671539
1991-06-21,9.255400
1991-06-24,7.212059
1991-06-25,7.052402
1991-06-26,7.245607
1991-06-27,7.975802
1991-06-28,6.960410
1991-07-01,8.812719
1991-07-02,8.589821
1991-07-03,7.314349
1991-07-05,7.441177
1991-07-08,8.446326
1991-07-09,7.820996
1991-07-10,7.605187
1991-07-11,7.851329
1991-07-12,8.672851
1991-07-15,9.157452
1991-07-16,8.797582
1991-07-17,8.592364
1991-07-18,9.676424
1991-07-19,9.235941
1991-07-22,8.746469
1991-07-23,7.659912
1991-07-24,7.339358
1991-07-25,7.881039
1991-07-26,7.749670
1991-07-29,8.243375
1991-07-30,9.109897
1991-07-31,9.295500
1991-08-01,8.965609
1991-08-02,8.847047
1991-08-05,8.130497
1991-08-06,9.571610
1991-08-07,9.438434
1991-08-08,8.973477
1991-08-09,8.244786
1991-08-12,8.378479
1991-08-13,8.696485
1991-08-14,8.641210
1991-08-15,8.353662
1991-08-16,7.188325
1991-08-19,4.554888
1991-08-20,5.278154
1991-08-21,8.260507
1991-08-22,8.345925
1991-08-23,8.999206
1991-08-26,8.781005
1991-08-27,8.444016
1991-08-28,9.315375
1991-08-29,9.149995
1991-08-30,8.751357
1991-09-03,7.737984
1991-09-04,7.031950
1991-09-05,6.701944
1991-09-06,6.583148
1991-09-09,6.332326
1991-09-10,5.135067
1991-09-11,5.181360
1991-09-12,5.695968
1991-09-13,4.579022
1991-09-16,5.076739
1991-09-17,4.910063
1991-09-18,5.211983
1991-09-19,5.292942
1991-09-20,5.307782
1991-09-23,4.684068
1991-09-24,5.084156
1991-09-25,4.776857
1991-09-26,4.586187
1991-09-27,4.347876
1991-09-30,4.794947
1991-10-01,5.068463
1991-10-02,4.726718
1991-10-03,3.628368
1991-10-04,2.689813
1991-10-07,2.150517
1991-10-08,2.398033
1991-10-09,1.293124
1991-10-10,2.232922
1991-10-11,2.401588
1991-10-14,3.668862
1991-10-15,4.801251
1991-10-16,5.187483
1991-10-17,4.853547
1991-10-18,4.908376
1991-10-21,4.141715
1991-10-22,3.456215
1991-10-23,3.380148
1991-10-24,2.518981
1991-10-25,2.193533
1991-10-28,3.502562
1991-10-29,3.916032
1991-10-30,4.202684
1991-10-31,3.978557
1991-11-01,3.598070
1991-11-04,3.241808
1991-11-05,2.744408
1991-11-06,2.996110
1991-11-07,3.905660
1991-11-08,3.608938
1991-11-11,3.591607
1991-11-12,4.461697
1991-11-13,4.560338
1991-11-14,4.418822
1991-11-15,0.546287
1991-11-18,1.185720
1991-11-19,-0.379775
1991-11-20,-0.640145
1991-11-21,-0.269349
1991-11-22,-1.319721
1991-11-25,-1.538337
1991-11-26,-0.867243
1991-11-27,-1.246816
1991-11-29,-1.609808
1991-12-02,-0.005468
1991-12-03,-0.135973
1991-12-04,-0.388764
1991-12-05,-1.107249
1991-12-06,-0.676660
1991-12-09,-0.911015
1991-12-10,-1.024888
1991-12-11,-1.090165
1991-12-12,-0.100897
1991-12-13,0.645188
1991-12-16,0.622641
1991-12-17,0.164583
1991-12-18,0.348651
1991-12-19,0.088777
1991-12-20,1.255453
1991-12-23,3.781656
1991-12-24,4.398100
1991-12-26,5.796737
1991-12-27,6.174364
1991-12-30,8.382919
1991-12-31,8.828112
1992-01-02,8.800550
1992-01-03,9.269653
1992-01-06,8.837201
1992-01-07,8.620778
1992-01-08,8.734650
1992-01-09,8.548902
1992-01-10,7.840774
1992-01-13,7.588655
1992-01-14,9.102993
1992-01-15,9.130187
1992-01-16,8.411022
1992-01-17,8.524533
1992-01-20,7.819528
1992-01-21,6.809221
1992-01-22,8.167875
1992-01-23,7.289788
1992-01-24,7.371703
1992-01-27,7.197156
1992-01-28,7.142675
1992-01-29,5.918725
1992-01-30,6.220102
1992-01-31,5.459580
1992-02-03,5.618560
1992-02-04,6.687436
1992-02-05,6.640760
1992-02-06,6.592952
1992-02-07,5.846343
1992-02-10,6.488741
1992-02-11,6.431253
1992-02-12,7.240475
1992-02-13,6.310437
1992-02-14,5.955981
1992-02-18,4.610202
1992-02-19,4.798259
1992-02-20,6.196156
1992-02-21,5.517854
1992-02-24,5.693953
1992-02-25,5.180566
1992-02-26,6.383621
1992-02-27,5.944671
1992-02-28,5.588087
1992-03-02,5.469806
1992-03-03,5.517505
1992-03-04,4.568338
1992-03-05,3.806624
1992-03-06,3.240787
1992-03-09,3.397420
1992-03-10,3.787181
1992-03-11,3.028638
1992-03-12,2.965242
1992-03-13,3.437465
1992-03-16,3.555796
1992-03-17,4.340052
1992-03-18,4.202095
1992-03-19,4.334805
1992-03-20,4.679832
1992-03-23,4.285618
1992-03-24,3.983483
1992-03-25,3.602743
1992-03-26,3.648059
1992-03-27,2.506376
1992-03-30,2.352430
1992-03-31,2.497008
1992-04-01,2.600720
1992-04-02,1.621207
1992-04-03,1.853862
1992-04-06,2.842305
1992-04-07,0.898290
1992-04-08,-0.034297
1992-04-09,1.484221
1992-04-10,2.370030
1992-04-13,2.777831
1992-04-14,4.329373
1992-04-15,5.261814
1992-04-16,5.144352
1992-04-20,3.616104
1992-04-21,3.594028
1992-04-22,3.436386
1992-04-23,3.841192
1992-04-24,3.148586
1992-04-27,2.968233
1992-04-28,3.099885
1992-04-29,3.793373
1992-04-30,4.487041
1992-05-01,3.842157
1992-05-04,4.901533
1992-05-05,4.839126
1992-05-06,4.777314
1992-05-07,4.492133
1992-05-08,4.496315
1992-05-11,5.059598
1992-05-12,4.463850
1992-05-13,4.464994
1992-05-14,3.601779
1992-05-15,2.807327
1992-05-18,3.455980
1992-05-19,4.307241
1992-05-20,4.029464
1992-05-21,3.302230
1992-05-22,3.625708
1992-05-26,2.941159
1992-05-27,3.100175
1992-05-28,4.207962
1992-05-29,3.827352
1992-06-01,4.278345
1992-06-02,3.292740
1992-06-03,3.515736
1992-06-04,3.140103
1992-06-05,3.165541
1992-06-08,3.107257
1992-06-09,2.263852
1992-06-10,1.546106
1992-06-11,1.974597
1992-06-12,2.134900
1992-06-15,2.249394
1992-06-16,1.742103
1992-06-17,0.219496
1992-06-18,-0.118067
1992-06-19,0.538824
1992-06-22,0.453684
1992-06-23,0.593683
1992-06-24,0.519760
1992-06-25,0.318034
1992-06-26,0.380039
1992-06-29,1.713895
1992-06-30,1.486696
1992-07-01,2.630390
1992-07-02,2.322894
1992-07-06,2.803713
1992-07-07,1.614329
1992-07-08,1.861666
1992-07-09,2.808504
1992-07-10,2.869883
1992-07-13,2.895684
1992-07-14,3.551807
1992-07-15,3.370548
1992-07-16,3.443268
1992-07-17,2.932709
1992-07-20,2.432446
1992-07-21,2.393718
1992-07-22,1.653837
1992-07-23,1.898729
1992-07-24,1.736266
1992-07-27,1.682492
1992-07-28,3.114066
1992-07-29,4.231264
1992-07-30,4.605965
1992-07-31,4.636969
1992-08-03,4.811156
1992-08-04,4.590083
1992-08-05,4.014022
1992-08-06,3.578033
1992-08-07,3.117631
1992-08-10,3.206930
1992-08-11,3.034980
1992-08-12,2.723798
1992-08-13,2.678371
1992-08-14,3.180040
1992-08-17,3.348063
1992-08-18,3.457301
1992-08-19,2.648667
1992-08-20,2.628631
1992-08-21,1.760855
1992-08-24,0.726782
1992-08-25,0.921879
1992-08-26,1.362405
1992-08-27,1.346450
1992-08-28,1.645789
1992-08-31,1.426345
1992-09-01,1.884349
1992-09-02,2.311046
1992-09-03,2.262785
1992-09-04,1.994487
1992-09-08,1.306308
1992-09-09,1.725626
1992-09-10,2.546862
1992-09-11,2.404469
1992-09-14,3.731522
1992-09-15,2.334365
1992-09-16,2.322895
1992-09-17,2.276766
1992-09-18,2.953701
1992-09-21,2.705456
1992-09-22,1.442027
1992-09-23,1.466641
1992-09-24,1.666873
1992-09-25,0.621128
1992-09-28,1.129311
1992-09-29,1.133319
1992-09-30,1.334973
1992-10-01,0.927672
1992-10-02,-0.515913
1992-10-05,-1.248751
1992-10-06,-1.367314
1992-10-07,-2.085868
1992-10-08,-1.248196
1992-10-09,-2.478353
1992-10-12,-1.321840
1992-10-13,-0.864358
1992-10-14,-0.838131
1992-10-15,-0.773209
1992-10-16,-0.248015
1992-10-19,0.543009
1992-10-20,0.666493
1992-10-21,0.715493
1992-10-22,0.532221
1992-10-23,0.339595
1992-10-26,1.318675
1992-10-27,1.401025
1992-10-28,1.799193
1992-10-29,1.972797
1992-10-30,1.444814
1992-11-02,2.423034
1992-11-03,1.728419
1992-11-04,1.048920
1992-11-05,1.342753
1992-11-06,1.156068
1992-11-09,1.396315
1992-11-10,1.399087
1992-11-11,2.251559
1992-11-12,2.399871
1992-11-13,2.276419
1992-11-16,1.838973
1992-11-17,1.490978
1992-11-18,2.346417
1992-11-19,2.518216
1992-11-20,3.234494
1992-11-23,2.850164
1992-11-24,3.430433
1992-11-25,3.802321
1992-11-27,4.016205
1992-11-30,4.280166
1992-12-01,4.112917
1992-12-02,3.870671
1992-12-03,3.855414
1992-12-04,4.348796
1992-12-07,5.104476
1992-12-08,5.476311
1992-12-09,5.127121
1992-12-10,4.857111
1992-12-11,4.611035
1992-12-14,4.370709
1992-12-15,4.280814
1992-12-16,3.999866
1992-12-17,4.905650
1992-12-18,6.267898
1992-12-21,6.082895
1992-12-22,5.946398
1992-12-23,5.593944
1992-12-24,5.726304
1992-12-28,5.534992
1992-12-29,5.213889
1992-12-30,5.378667
1992-12-31,4.598468
1993-01-04,4.487168
1993-01-05,4.208765
1993-01-06,4.221181
1993-01-07,3.285076
1993-01-08,2.855671
1993-01-11,3.282577
1993-01-12,3.270065
1993-01-13,3.709526
1993-01-14,4.366159
1993-01-15,4.614612
1993-01-18,4.494989
1993-01-19,4.044161
1993-01-20,3.588920
1993-01-21,4.049118
1993-01-22,4.145481
1993-01-25,5.027457
1993-01-26,4.968462
1993-01-27,4.489521
1993-01-28,4.587936
1993-01-29,4.588493
1993-02-01,5.446686
1993-02-02,5.413180
1993-02-03,6.473950
1993-02-04,6.985213
1993-02-05,6.787853
1993-02-08,6.481778
1993-02-09,5.836211
1993-02-10,6.003351
1993-02-11,6.298052
1993-02-12,5.529570
1993-02-16,2.970717
1993-02-17,2.805962
1993-02-18,2.455491
1993-02-19,2.984553
1993-02-22,3.202735
1993-02-23,3.075490
1993-02-24,4.486753
1993-02-25,4.802793
1993-02-26,5.015698
1993-03-01,4.655430
1993-03-02,6.002562
1993-03-03,6.278591
1993-03-04,5.785634
1993-03-05,5.456460
1993-03-08,7.435952
1993-03-09,7.311517
1993-03-10,7.710174
1993-03-11,7.041635
1993-03-12,6.082496
1993-03-15,6.414550
1993-03-16,6.357697
1993-03-17,5.593355
1993-03-18,6.389845
1993-03-19,5.941206
1993-03-22,5.591297
1993-03-23,5.519136
1993-03-24,5.309832
1993-03-25,5.915960
1993-03-26,5.139911
1993-03-29,5.791034
1993-03-30,6.020810
1993-03-31,5.896599
1993-04-01,5.515966
1993-04-02,3.379179
1993-04-05,3.543140
1993-04-06,3.232970
1993-04-07,3.553480
1993-04-08,3.299401
1993-04-12,4.770654
1993-04-13,4.913172
1993-04-14,4.733810
1993-04-15,4.623950
1993-04-16,4.705900
1993-04-19,4.317302
1993-04-20,3.729316
1993-04-21,3.345227
1993-04-22,2.339024
1993-04-23,1.746130
1993-04-26,0.911391
1993-04-27,1.924386
1993-04-28,1.902593
1993-04-29,2.079125
1993-04-30,2.354522
1993-05-03,2.850254
1993-05-04,3.183513
1993-05-05,3.255824
1993-05-06,2.924502
1993-05-07,2.667877
1993-05-10,2.744408
1993-05-11,3.067135
1993-05-12,3.136562
1993-05-13,1.824972
1993-05-14,1.883002
1993-05-17,2.051634
1993-05-18,2.022046
1993-05-19,3.673992
1993-05-20,4.339215
1993-05-21,3.209126
1993-05-24,3.674210
1993-05-25,3.835555
1993-05-26,4.855499
1993-05-27,4.575445
1993-05-28,4.023262
1993-06-01,4.823258
1993-06-02,4.787813
1993-06-03,4.436248
1993-06-04,3.837207
1993-06-07,3.255350
1993-06-08,2.532733
1993-06-09,2.737911
1993-06-10,2.605796
1993-06-11,2.998866
1993-06-14,3.061930
1993-06-15,2.693295
1993-06-16,2.920677
1993-06-17,3.137494
1993-06-18,1.989844
1993-06-21,2.540440
1993-06-22,2.439839
1993-06-23,1.776794
1993-06-24,2.528854
1993-06-25,2.721231
1993-06-28,3.658194
1993-06-29,3.361941
1993-06-30,3.288813
1993-07-01,2.908300
1993-07-02,2.149167
1993-07-06,1.117333
1993-07-07,1.413995
1993-07-08,2.707523
1993-07-09,2.550181
1993-07-12,2.713428
1993-07-13,2.470272
1993-07-14,2.885985
1993-07-15,2.651359
1993-07-16,1.825911
1993-07-19,1.855274
1993-07-20,2.104625
1993-07-21,2.028825
1993-07-22,1.376468
1993-07-23,1.917352
1993-07-26,2.322762
1993-07-27,2.076089
1993-07-28,1.790907
1993-07-29,2.437426
1993-07-30,1.912431
1993-08-02,2.324631
1993-08-03,2.081040
1993-08-04,1.876336
1993-08-05,1.745486
1993-08-06,1.832198
1993-08-09,2.253632
1993-08-10,1.924643
1993-08-11,2.116283
1993-08-12,1.741105
1993-08-13,1.973841
1993-08-16,2.444709
1993-08-17,2.574540
1993-08-18,3.194392
1993-08-19,3.239992
1993-08-20,3.133376
1993-08-23,2.880210
1993-08-24,3.856715
1993-08-25,3.889297
1993-08-26,4.044934
1993-08-27,3.887153
1993-08-30,4.148087
1993-08-31,4.473937
1993-09-01,4.331602
1993-09-02,3.865690
1993-09-03,3.829707
1993-09-07,3.154510
1993-09-08,2.699155
1993-09-09,2.852869
1993-09-10,3.761781
1993-09-13,3.799850
1993-09-14,3.280114
1993-09-15,3.626689
1993-09-16,3.106375
1993-09-17,2.938292
1993-09-20,2.061469
1993-09-21,1.566679
1993-09-22,2.271486
1993-09-23,2.592858
1993-09-24,2.542949
1993-09-27,3.445856
1993-09-28,3.353196
1993-09-29,3.003753
1993-09-30,2.709285
1993-10-01,3.200853
1993-10-04,3.184369
1993-10-05,3.130086
1993-10-06,3.004140
1993-10-07,2.633735
1993-10-08,2.861846
1993-10-11,2.964935
1993-10-12,2.993275
1993-10-13,3.048859
1993-10-14,4.208670
1993-10-15,4.765176
1993-10-18,4.492325
1993-10-19,3.955716
1993-10-20,3.887960
1993-10-21,3.689675
1993-10-22,3.184652
1993-10-25,3.353526
1993-10-26,3.337524
1993-10-27,3.370191
1993-10-28,4.027571
1993-10-29,4.014319
1993-11-01,4.259297
1993-11-02,4.074084
1993-11-03,2.836040
1993-11-04,1.583018
1993-11-05,2.018302
1993-11-08,2.137470
1993-11-09,2.141002
1993-11-10,2.863974
1993-11-11,2.597121
1993-11-12,3.176530
1993-11-15,2.788751
1993-11-16,3.423747
1993-11-17,2.975993
1993-11-18,2.696360
1993-11-19,2.454911
1993-11-22,1.673688
1993-11-23,2.076694
1993-11-24,2.352889
1993-11-26,2.490382
1993-11-29,2.214043
1993-11-30,2.158191
1993-12-01,2.148011
1993-12-02,2.382477
1993-12-03,2.741168
1993-12-06,3.045989
1993-12-07,3.082506
1993-12-08,2.949810
1993-12-09,2.459248
1993-12-10,2.380845
1993-12-13,2.744599
1993-12-14,2.145066
1993-12-15,1.861816
1993-12-16,2.174623
1993-12-17,2.822018
1993-12-20,2.692559
1993-12-21,2.558991
1993-12-22,2.991759
1993-12-23,2.989479
1993-12-27,3.662148
1993-12-28,3.727977
1993-12-29,3.626758
1993-12-30,3.176460
1993-12-31,2.677849
1994-01-03,2.438314
1994-01-04,2.737084
1994-01-05,2.861044
1994-01-06,2.744915
1994-01-07,3.334772
1994-01-10,4.484095
1994-01-11,4.206722
1994-01-12,4.190096
1994-01-13,3.792831
1994-01-14,4.300660
1994-01-17,3.910654
1994-01-18,4.082709
1994-01-19,4.055839
1994-01-20,4.168177
1994-01-21,4.073631
1994-01-24,3.443984
1994-01-25,3.189314
1994-01-26,3.661043
1994-01-27,4.471649
1994-01-28,4.798846
1994-01-31,5.396510
1994-02-01,4.921386
1994-02-02,5.397800
1994-02-03,5.068331
1994-02-04,2.649157
1994-02-07,3.032197
1994-02-08,2.840024
1994-02-09,3.176398
1994-02-10,2.304830
1994-02-11,2.543992
1994-02-14,2.523854
1994-02-15,2.991171
1994-02-16,3.018286
1994-02-17,2.454215
1994-02-18,1.848813
1994-02-22,2.637773
1994-02-23,2.440785
1994-02-24,1.019972
1994-02-25,1.384210
1994-02-28,1.586496
1994-03-01,0.972912
1994-03-02,1.026457
1994-03-03,0.618346
1994-03-04,0.978769
1994-03-07,1.427053
1994-03-08,1.183655
1994-03-09,1.419880
1994-03-10,0.722262
1994-03-11,1.258327
1994-03-14,1.445624
1994-03-15,1.348648
1994-03-16,1.854450
1994-03-17,2.155171
1994-03-18,2.166610
1994-03-21,1.597087
1994-03-22,1.626917
1994-03-23,1.545508
1994-03-24,0.616735
1994-03-25,-0.214564
1994-03-28,-0.353485
1994-03-29,-1.989079
1994-03-30,-3.488214
1994-03-31,-3.437662
1994-04-04,-4.916597
1994-04-05,-2.888948
1994-04-06,-2.943172
1994-04-07,-2.338266
1994-04-08,-3.157527
1994-04-11,-2.559939
1994-04-12,-3.053613
1994-04-13,-3.332729
1994-04-14,-3.302390
1994-04-15,-3.342744
1994-04-18,-4.145110
1994-04-19,-4.128927
1994-04-20,-4.253679
1994-04-21,-2.787115
1994-04-22,-3.024916
1994-04-25,-1.928344
1994-04-26,-2.114323
1994-04-28,-2.713335
1994-04-29,-2.323030
1994-05-02,-1.873688
1994-05-03,-1.878959
1994-05-04,-2.167361
1994-05-05,-2.245443
1994-05-06,-3.019901
1994-05-09,-4.206026
1994-05-10,-3.403654
1994-05-11,-4.375605
1994-05-12,-3.882518
1994-05-13,-3.791684
1994-05-16,-3.712077
1994-05-17,-2.654121
1994-05-18,-1.722994
1994-05-19,-1.127133
1994-05-20,-1.472271
1994-05-23,-1.849598
1994-05-24,-1.505282
1994-05-25,-1.181314
1994-05-26,-1.032473
1994-05-27,-0.982985
1994-05-31,-1.169491
1994-06-01,-0.930479
1994-06-02,-0.930999
1994-06-03,-0.398552
1994-06-06,-0.671765
1994-06-07,-0.818996
1994-06-08,-1.069875
1994-06-09,-0.894670
1994-06-10,-0.717768
1994-06-13,-0.622606
1994-06-14,0.083238
1994-06-15,-0.296337
1994-06-16,-0.008844
1994-06-17,-0.757086
1994-06-20,-1.393805
1994-06-21,-2.279493
1994-06-22,-1.894830
1994-06-23,-2.636604
1994-06-24,-4.100320
1994-06-27,-3.108443
1994-06-28,-3.360301
1994-06-29,-3.009441
1994-06-30,-3.719398
1994-07-01,-3.287266
1994-07-05,-3.237356
1994-07-06,-3.280029
1994-07-07,-2.787419
1994-07-08,-2.526730
1994-07-11,-2.839599
1994-07-12,-2.853253
1994-07-13,-2.670301
1994-07-14,-1.646548
1994-07-15,-1.477500
1994-07-18,-1.243578
1994-07-19,-1.530697
1994-07-20,-2.010668
1994-07-21,-1.782367
1994-07-22,-1.665724
1994-07-25,-1.413044
1994-07-26,-1.598784
1994-07-27,-1.761389
1994-07-28,-1.391525
1994-07-29,-0.515353
1994-08-01,0.087973
1994-08-02,-0.000022
1994-08-03,0.200839
1994-08-04,-0.453012
1994-08-05,-0.727814
1994-08-08,-0.545996
1994-08-09,-0.533701
1994-08-10,-0.012504
1994-08-11,-0.315088
1994-08-12,0.352562
1994-08-15,0.205397
1994-08-16,1.029723
1994-08-17,1.068800
1994-08-18,0.640016
1994-08-19,0.750105
1994-08-22,0.449331
1994-08-23,0.919742
1994-08-24,1.891996
1994-08-25,1.677056
1994-08-26,2.908297
1994-08-29,3.066509
1994-08-30,3.375934
1994-08-31,3.236828
1994-09-01,2.725952
1994-09-02,2.245806
1994-09-06,2.425510
1994-09-07,2.227353
1994-09-08,2.678400
1994-09-09,1.594120
1994-09-12,1.162408
1994-09-13,1.439600
1994-09-14,1.711883
1994-09-15,3.001280
1994-09-16,2.205679
1994-09-19,2.123358
1994-09-20,0.500504
1994-09-21,0.093799
1994-09-22,0.058544
1994-09-23,-0.281362
1994-09-26,-0.028245
1994-09-27,0.240636
1994-09-28,0.846862
1994-09-29,0.283684
1994-09-30,0.384704
1994-10-03,0.176001
1994-10-04,-1.362598
1994-10-05,-1.581604
1994-10-06,-1.819552
1994-10-07,-1.211756
1994-10-10,-0.347482
1994-10-11,1.123083
1994-10-12,1.059610
1994-10-13,1.566390
1994-10-14,1.850307
1994-10-17,1.817133
1994-10-18,1.532442
1994-10-19,2.097506
1994-10-20,1.353626
1994-10-21,0.930553
1994-10-24,0.058947
1994-10-25,0.225890
1994-10-26,0.475150
1994-10-27,1.185809
1994-10-28,2.904631
1994-10-31,2.599058
1994-11-01,1.750818
1994-11-02,1.344444
1994-11-03,1.655633
1994-11-04,0.446346
1994-11-07,0.630739
1994-11-08,1.198351
1994-11-09,1.150086
1994-11-10,0.935912
1994-11-11,0.512903
1994-11-14,1.329038
1994-11-15,1.127664
1994-11-16,1.271383
1994-11-17,0.845727
1994-11-18,0.409902
1994-11-21,-0.267364
1994-11-22,-2.030876
1994-11-23,-2.043187
1994-11-25,-1.507417
1994-11-28,-1.084291
1994-11-29,-0.848105
1994-11-30,-1.152695
1994-12-01,-2.166800
1994-12-02,-1.191287
1994-12-05,-1.168591
1994-12-06,-1.198676
1994-12-07,-1.586902
1994-12-08,-2.820769
1994-12-09,-2.472949
1994-12-12,-1.907497
1994-12-13,-1.740878
1994-12-14,-0.678498
1994-12-15,-0.587451
1994-12-16,0.172559
1994-12-19,-0.014301
1994-12-20,-0.180475
1994-12-21,0.374515
1994-12-22,0.397895
1994-12-23,0.435118
1994-12-27,1.016124
1994-12-28,0.671632
1994-12-29,0.745782
1994-12-30,0.341833
1995-01-03,0.319796
1995-01-04,0.680797
1995-01-05,0.608955
1995-01-06,0.692197
1995-01-09,0.733470
1995-01-10,0.922219
1995-01-11,0.916658
1995-01-12,0.910480
1995-01-13,1.841961
1995-01-16,2.560540
1995-01-17,2.679696
1995-01-18,2.570932
1995-01-19,1.947462
1995-01-20,1.455163
1995-01-23,1.665605
1995-01-24,1.653519
1995-01-25,1.978740
1995-01-26,2.147605
1995-01-27,2.572113
1995-01-30,2.137519
1995-01-31,2.526820
1995-02-01,2.491251
1995-02-02,2.978054
1995-02-03,4.212773
1995-02-06,4.717959
1995-02-07,4.608361
1995-02-08,4.658613
1995-02-09,4.408957
1995-02-10,4.648278
1995-02-13,4.654614
1995-02-14,4.816541
1995-02-15,5.212795
1995-02-16,5.322142
1995-02-17,4.581974
1995-02-21,4.705069
1995-02-22,5.166042
1995-02-23,5.518181
1995-02-24,5.724821
1995-02-27,4.747997
1995-02-28,5.473712
1995-03-01,5.050377
1995-03-02,4.897329
1995-03-03,4.924042
1995-03-06,4.936373
1995-03-07,4.147314
1995-03-08,4.333918
1995-03-09,4.306306
1995-03-10,5.652224
1995-03-13,5.718174
1995-03-14,6.290082
1995-03-15,6.031828
1995-03-16,6.749301
1995-03-17,6.729454
1995-03-20,6.821575
1995-03-21,6.549685
1995-03-22,6.635833
1995-03-23,6.651456
1995-03-24,7.681065
1995-03-27,8.108656
1995-03-28,8.206968
1995-03-29,7.992222
1995-03-30,7.750924
1995-03-31,7.382281
1995-04-03,7.576704
1995-04-04,8.245652
1995-04-05,8.253469
1995-04-06,8.301226
1995-04-07,8.308178
1995-04-10,8.359957
1995-04-11,7.976467
1995-04-12,8.256119
1995-04-13,8.624415
1995-04-17,7.891966
1995-04-18,7.662055
1995-04-19,7.499150
1995-04-20,7.510217
1995-04-21,8.121933
1995-04-24,8.984134
1995-04-25,8.742271
1995-04-26,8.786443
1995-04-27,8.900409
1995-04-28,9.075505
1995-05-01,8.910785
1995-05-02,8.969031
1995-05-03,10.080885
1995-05-04,10.013370
1995-05-05,9.846245
1995-05-08,10.574509
1995-05-09,10.409342
1995-05-10,10.495325
1995-05-11,10.413906
1995-05-12,10.579352
1995-05-15,10.959038
1995-05-16,10.975279
1995-05-17,10.662642
1995-05-18,9.023527
1995-05-19,8.872253
1995-05-22,9.730926
1995-05-23,10.684114
1995-05-24,10.606432
1995-05-25,10.523293
1995-05-26,9.416294
1995-05-30,9.331258
1995-05-31,11.297957
1995-06-01,11.237257
1995-06-02,10.955027
1995-06-05,11.514712
1995-06-06,11.420941
1995-06-07,10.835823
1995-06-08,10.595667
1995-06-09,9.612420
1995-06-12,10.151021
1995-06-13,11.151946
1995-06-14,11.167711
1995-06-15,11.232050
1995-06-16,11.718840
1995-06-19,12.750241
1995-06-20,12.614456
1995-06-21,12.324119
1995-06-22,13.694110
1995-06-23,13.324012
1995-06-26,12.085931
1995-06-27,11.648096
1995-06-28,12.032468
1995-06-29,11.769316
1995-06-30,11.869767
1995-07-03,12.262824
1995-07-05,12.209736
1995-07-06,13.484203
1995-07-07,13.861059
1995-07-10,13.917063
1995-07-11,13.314176
1995-07-12,14.445185
1995-07-13,14.352188
1995-07-14,14.015482
1995-07-17,14.474655
1995-07-18,13.497511
1995-07-19,11.875868
1995-07-20,12.282875
1995-07-21,12.185211
1995-07-24,12.676120
1995-07-25,13.459231
1995-07-26,13.444714
1995-07-27,14.059385
1995-07-28,13.485679
1995-07-31,13.202721
1995-08-01,12.612643
1995-08-02,12.342064
1995-08-03,12.229253
1995-08-04,12.167542
1995-08-07,12.281308
1995-08-08,12.246024
1995-08-09,11.998911
1995-08-10,11.439732
1995-08-11,10.869441
1995-08-14,11.689448
1995-08-15,11.361775
1995-08-16,11.543459
1995-08-17,11.257792
1995-08-18,11.189069
1995-08-21,10.870924
1995-08-22,11.043781
1995-08-23,10.468320
1995-08-24,10.431257
1995-08-25,10.850248
1995-08-28,10.538878
1995-08-29,10.619928
1995-08-30,10.697921
1995-08-31,10.781512
1995-09-01,11.060418
1995-09-05,11.993793
1995-09-06,12.070708
1995-09-07,11.971057
1995-09-08,12.305158
1995-09-11,12.409711
1995-09-12,12.781769
1995-09-13,13.086055
1995-09-14,13.888830
1995-09-15,13.694253
1995-09-18,13.433262
1995-09-19,13.566924
1995-09-20,13.918761
1995-09-21,13.044294
1995-09-22,12.655503
1995-09-25,12.522431
1995-09-26,12.299061
1995-09-27,12.085178
1995-09-28,12.869158
1995-09-29,12.447677
1995-10-02,11.794162
1995-10-03,11.780630
1995-10-04,11.481420
1995-10-05,11.569568
1995-10-06,11.411676
1995-10-09,10.498229
1995-10-10,10.211936
1995-10-11,10.458854
1995-10-12,11.023363
1995-10-13,11.159417
1995-10-16,10.749527
1995-10-17,11.326866
1995-10-18,11.318253
1995-10-19,11.788521
1995-10-20,11.051537
1995-10-23,10.468133
1995-10-24,10.617183
1995-10-25,9.724611
1995-10-26,8.523805
1995-10-27,8.967970
1995-10-30,9.518063
1995-10-31,9.075330
1995-11-01,9.467966
1995-11-02,10.371577
1995-11-03,10.400712
1995-11-06,9.880316
1995-11-07,9.357733
1995-11-08,10.235300
1995-11-09,10.395583
1995-11-10,10.169698
1995-11-13,9.965126
1995-11-14,9.285702
1995-11-15,10.025717
1995-11-16,10.524332
1995-11-17,10.904874
1995-11-20,10.191923
1995-11-21,10.695756
1995-11-22,10.237288
1995-11-24,10.404695
1995-11-27,10.531229
1995-11-28,11.346483
1995-11-29,11.437004
1995-11-30,10.897826
1995-12-01,11.068889
1995-12-04,12.159739
1995-12-05,12.751745
1995-12-06,13.068666
1995-12-07,12.205365
1995-12-08,12.311623
1995-12-11,12.543779
1995-12-12,12.275357
1995-12-13,12.664311
1995-12-14,11.666527
1995-12-15,11.429521
1995-12-18,9.586522
1995-12-19,10.381781
1995-12-20,9.180366
1995-12-21,9.874158
1995-12-22,10.015770
1995-12-26,10.315038
1995-12-27,10.235949
1995-12-28,10.041748
1995-12-29,10.247032
1996-01-02,10.981831
1996-01-03,10.963149
1996-01-04,10.195975
1996-01-05,9.900708
1996-01-08,10.092391
1996-01-09,8.383866
1996-01-10,6.342873
1996-01-11,6.997034
1996-01-12,6.747290
1996-01-15,6.302296
1996-01-16,7.727125
1996-01-17,7.261373
1996-01-18,7.494233
1996-01-19,8.027264
1996-01-22,8.201956
1996-01-23,7.993030
1996-01-24,9.147987
1996-01-25,8.525624
1996-01-26,9.222992
1996-01-29,9.569136
1996-01-30,10.489773
1996-01-31,11.391423
1996-02-01,11.688153
1996-02-02,11.102962
1996-02-05,11.949695
1996-02-06,12.673697
1996-02-07,13.165320
1996-02-08,14.091969
1996-02-09,14.002565
1996-02-12,14.738679
1996-02-13,14.430470
1996-02-14,13.438094
1996-02-15,12.573532
1996-02-16,11.873036
1996-02-20,10.492563
1996-02-21,11.657920
1996-02-22,13.379564
1996-02-23,13.286111
1996-02-26,11.683436
1996-02-27,11.014582
1996-02-28,10.476638
1996-02-29,9.630992
1996-03-01,10.194820
1996-03-04,11.171391
1996-03-05,11.891528
1996-03-06,11.123203
1996-03-07,11.285823
1996-03-08,7.759006
1996-03-11,8.764989
1996-03-12,8.162808
1996-03-13,8.304974
1996-03-14,8.599494
1996-03-15,8.595073
1996-03-18,10.382383
1996-03-19,10.111917
1996-03-20,9.716919
1996-03-21,9.476333
1996-03-22,9.608176
1996-03-25,9.397947
1996-03-26,9.778267
1996-03-27,8.992293
1996-03-28,8.894482
1996-03-29,8.218830
1996-04-01,9.494054
1996-04-02,9.649275
1996-04-03,9.651279
1996-04-04,9.545484
1996-04-08,7.520985
1996-04-09,7.096201
1996-04-10,5.568325
1996-04-11,5.103990
1996-04-12,5.943715
1996-04-15,6.817816
1996-04-16,7.145829
1996-04-17,6.499079
1996-04-18,6.745695
1996-04-19,6.907099
1996-04-22,7.293089
1996-04-23,7.819899
1996-04-24,7.501731
1996-04-25,7.866138
1996-04-26,7.881221
1996-04-29,7.912804
1996-04-30,7.833117
1996-05-01,7.815294
1996-05-02,5.889972
1996-05-03,5.525454
1996-05-06,5.315083
1996-05-07,4.825685
1996-05-08,5.822158
1996-05-09,5.859295
1996-05-10,6.873838
1996-05-13,8.330206
1996-05-14,8.907656
1996-05-15,8.784063
1996-05-16,8.596739
1996-05-17,9.161689
1996-05-20,9.751358
1996-05-21,9.587061
1996-05-22,10.402893
1996-05-23,9.905082
1996-05-24,10.204710
1996-05-28,9.080946
1996-05-29,8.288145
1996-05-30,8.799583
1996-05-31,8.285958
1996-06-03,7.958014
1996-06-04,8.647505
1996-06-05,9.490963
1996-06-06,8.518470
1996-06-07,8.462031
1996-06-10,8.176838
1996-06-11,7.889065
1996-06-12,7.483683
1996-06-13,7.210812
1996-06-14,6.788615
1996-06-17,6.589676
1996-06-18,6.009489
1996-06-19,5.914798
1996-06-20,5.859337
1996-06-21,6.534968
1996-06-24,6.774055
1996-06-25,6.634496
1996-06-26,5.907841
1996-06-27,6.494761
1996-06-28,6.752104
1996-07-01,7.508633
1996-07-02,7.070198
1996-07-03,6.803009
1996-07-05,4.368204
1996-07-08,3.533181
1996-07-09,3.823685
1996-07-10,3.970205
1996-07-11,2.271555
1996-07-12,2.301139
1996-07-15,-0.328295
1996-07-16,-0.589185
1996-07-17,0.271059
1996-07-18,1.722554
1996-07-19,0.913444
1996-07-22,0.089382
1996-07-23,-1.034999
1996-07-24,-1.107415
1996-07-25,-0.436261
1996-07-26,0.265244
1996-07-29,-0.559041
1996-07-30,0.086553
1996-07-31,0.780283
1996-08-01,2.315175
1996-08-02,4.216431
1996-08-05,3.804098
1996-08-06,4.080834
1996-08-07,4.295709
1996-08-08,3.987081
1996-08-09,3.845283
1996-08-12,4.348031
1996-08-13,3.409792
1996-08-14,3.635603
1996-08-15,3.606108
1996-08-16,3.998589
1996-08-19,4.150198
1996-08-20,3.950133
1996-08-21,3.791236
1996-08-22,4.597881
1996-08-23,3.967576
1996-08-26,3.419675
1996-08-27,3.752702
1996-08-28,3.446757
1996-08-29,2.239562
1996-08-30,1.352453
1996-09-03,1.731460
1996-09-04,1.825814
1996-09-05,0.826348
1996-09-06,1.751325
1996-09-09,2.953006
1996-09-10,2.909809
1996-09-11,3.394900
1996-09-12,3.942453
1996-09-13,5.337231
1996-09-16,5.805321
1996-09-17,5.582415
1996-09-18,5.299970
1996-09-19,5.483155
1996-09-20,6.050811
1996-09-23,5.908433
1996-09-24,5.718652
1996-09-25,5.698543
1996-09-26,5.648551
1996-09-27,5.646903
1996-09-30,5.765095
1996-10-01,5.975072
1996-10-02,6.661746
1996-10-03,6.406602
1996-10-04,7.660818
1996-10-07,7.872500
1996-10-08,7.385359
1996-10-09,6.720189
1996-10-10,6.328724
1996-10-11,7.183842
1996-10-14,7.552341
1996-10-15,7.336913
1996-10-16,7.549755
1996-10-17,7.870145
1996-10-18,8.376707
1996-10-21,8.153459
1996-10-22,7.574129
1996-10-23,7.591602
1996-10-24,6.753153
1996-10-25,6.464707
1996-10-28,5.830467
1996-10-29,6.398872
1996-10-30,6.231716
1996-10-31,6.815510
1996-11-01,6.514171
1996-11-04,6.886665
1996-11-05,7.924652
1996-11-06,9.417407
1996-11-07,9.787789
1996-11-08,10.175313
1996-11-11,10.244147
1996-11-12,9.813964
1996-11-13,9.971565
1996-11-14,10.604991
1996-11-15,10.781781
1996-11-18,10.612272
1996-11-19,11.303639
1996-11-20,11.493490
1996-11-21,11.241394
1996-11-22,12.059509
1996-11-25,13.220764
1996-11-26,12.980092
1996-11-27,12.752847
1996-11-29,12.965360
1996-12-02,12.805326
1996-12-03,11.481306
1996-12-04,10.927378
1996-12-05,10.749689
1996-12-06,9.972639
1996-12-09,11.401112
1996-12-10,10.988553
1996-12-11,9.899156
1996-12-12,8.132046
1996-12-13,7.966743
1996-12-16,6.776202
1996-12-17,7.469675
1996-12-18,8.220087
1996-12-19,10.248609
1996-12-20,10.614040
1996-12-23,10.238975
1996-12-24,10.752458
1996-12-26,11.362532
1996-12-27,11.410305
1996-12-30,10.885737
1996-12-31,8.886811
1997-01-02,8.270619
1997-01-03,9.810431
1997-01-06,9.675385
1997-01-07,10.410832
1997-01-08,9.625263
1997-01-09,10.486139
1997-01-10,11.076856
1997-01-13,10.988581
1997-01-14,12.253731
1997-01-15,11.918669
1997-01-16,12.196965
1997-01-17,13.033635
1997-01-20,13.011385
1997-01-21,13.772680
1997-01-22,14.163367
1997-01-23,12.786492
1997-01-24,11.652497
1997-01-27,10.752557
1997-01-28,10.654413
1997-01-29,11.633400
1997-01-30,13.203214
1997-01-31,13.373836
1997-02-03,13.340266
1997-02-04,13.589085
1997-02-05,11.906835
1997-02-06,12.070989
1997-02-07,13.311512
1997-02-10,12.612166
1997-02-11,13.098812
1997-02-12,14.864435
1997-02-13,16.028829
1997-02-14,15.415286
1997-02-18,16.385113
1997-02-19,15.701712
1997-02-20,14.188040
1997-02-21,13.914348
1997-02-24,14.988785
1997-02-25,15.106500
1997-02-26,14.089794
1997-02-27,12.484234
1997-02-28,11.783797
1997-03-03,12.314907
1997-03-04,11.603011
1997-03-05,13.057985
1997-03-06,12.474720
1997-03-07,13.276592
1997-03-10,14.387277
1997-03-11,13.956124
1997-03-12,12.857064
1997-03-13,10.699829
1997-03-14,11.111350
1997-03-17,11.368425
1997-03-18,10.427390
1997-03-19,9.796500
1997-03-20,9.280976
1997-03-21,9.398601
1997-03-24,10.255519
1997-03-25,9.912229
1997-03-26,10.019828
1997-03-27,7.628176
1997-03-31,5.231987
1997-04-01,5.513471
1997-04-02,4.128323
1997-04-03,4.093710
1997-04-04,5.075377
1997-04-07,5.588606
1997-04-08,6.068449
1997-04-09,5.237368
1997-04-10,4.859493
1997-04-11,1.946946
1997-04-14,2.733855
1997-04-15,4.191426
1997-04-16,5.343947
1997-04-17,5.037238
1997-04-18,5.598986
1997-04-21,4.702085
1997-04-22,6.573346
1997-04-23,6.352912
1997-04-24,5.930910
1997-04-25,5.046476
1997-04-28,5.995990
1997-04-29,8.765567
1997-04-30,9.634249
1997-05-01,9.127033
1997-05-02,10.971936
1997-05-05,13.188165
1997-05-06,12.694258
1997-05-07,10.898984
1997-05-08,11.383274
1997-05-09,11.850019
1997-05-12,13.441499
1997-05-13,12.673737
1997-05-14,12.913984
1997-05-15,13.547891
1997-05-16,11.776388
1997-05-19,12.121600
1997-05-20,13.112452
1997-05-21,12.668025
1997-05-22,12.043740
1997-05-23,13.427966
1997-05-27,13.644095
1997-05-28,13.172418
1997-05-29,12.615994
1997-05-30,13.035926
1997-06-02,12.641923
1997-06-03,12.389980
1997-06-04,11.547489
1997-06-05,11.856321
1997-06-06,13.644538
1997-06-09,14.148227
1997-06-10,14.310538
1997-06-11,14.722736
1997-06-12,16.388602
1997-06-13,17.504158
1997-06-16,17.404408
1997-06-17,17.285976
1997-06-18,16.404267
1997-06-19,17.387205
1997-06-20,17.288934
1997-06-23,14.501724
1997-06-24,16.634240
1997-06-25,15.508607
1997-06-26,14.657473
1997-06-27,14.965954
1997-06-30,14.534276
1997-07-01,15.142183
1997-07-02,16.655448
1997-07-03,18.139292
1997-07-07,17.357869
1997-07-08,18.024624
1997-07-09,16.419257
1997-07-10,17.048433
1997-07-11,17.246547
1997-07-14,17.289574
1997-07-15,18.051503
1997-07-16,19.243022
1997-07-17,18.426144
1997-07-18,16.189397
1997-07-21,15.728102
1997-07-22,18.220989
1997-07-23,18.372841
1997-07-24,18.665817
1997-07-25,18.294579
1997-07-28,17.820205
1997-07-29,18.375030
1997-07-30,19.444651
1997-07-31,19.509341
1997-08-01,18.431436
1997-08-04,18.646080
1997-08-05,18.725497
1997-08-06,19.529959
1997-08-07,18.213591
1997-08-08,15.857153
1997-08-11,16.117442
1997-08-12,14.659667
1997-08-13,13.943083
1997-08-14,14.125482
1997-08-15,11.031623
1997-08-18,12.327820
1997-08-19,13.836423
1997-08-20,15.311459
1997-08-21,13.409228
1997-08-22,13.086191
1997-08-25,12.539671
1997-08-26,11.542144
1997-08-27,11.501373
1997-08-28,10.160351
1997-08-29,9.535965
1997-09-02,12.827463
1997-09-03,12.731087
1997-09-04,12.963765
1997-09-05,12.615198
1997-09-08,12.747859
1997-09-09,12.910397
1997-09-10,11.031572
1997-09-11,10.150024
1997-09-12,11.403430
1997-09-15,10.794180
1997-09-16,13.781182
1997-09-17,13.336408
1997-09-18,13.716013
1997-09-19,13.962052
1997-09-22,14.407189
1997-09-23,13.843359
1997-09-24,12.821033
1997-09-25,11.908983
1997-09-26,12.643772
1997-09-29,13.459991
1997-09-30,12.592283
1997-10-01,13.400606
1997-10-02,13.841635
1997-10-03,14.225250
1997-10-06,14.977501
1997-10-07,16.049717
1997-10-08,14.800535
1997-10-09,14.273039
1997-10-10,13.703158
1997-10-13,13.693606
1997-10-14,13.804999
1997-10-15,13.120894
1997-10-16,11.751640
1997-10-17,10.327682
1997-10-20,11.530134
1997-10-21,13.330842
1997-10-22,12.744456
1997-10-23,10.546300
1997-10-24,9.378140
1997-10-27,1.799124
1997-10-28,6.911445
1997-10-29,6.505622
1997-10-30,4.630726
1997-10-31,5.812582
1997-11-03,8.530068
1997-11-04,8.635430
1997-11-05,8.768080
1997-11-06,8.122286
1997-11-07,6.813051
1997-11-10,5.983056
1997-11-11,6.190974
1997-11-12,4.062693
1997-11-13,5.211680
1997-11-14,6.466548
1997-11-17,8.414518
1997-11-18,7.409653
1997-11-19,8.034913
1997-11-20,9.568673
1997-11-21,9.929291
1997-11-24,7.955727
1997-11-25,8.329397
1997-11-26,8.330951
1997-11-28,8.670168
1997-12-01,10.768615
1997-12-02,10.320077
1997-12-03,10.794651
1997-12-04,10.271853
1997-12-05,11.368388
1997-12-08,11.099424
1997-12-09,10.252055
1997-12-10,9.473751
1997-12-11,7.700245
1997-12-12,7.426950
1997-12-15,8.451041
1997-12-16,8.865984
1997-12-17,8.485066
1997-12-18,7.240103
1997-12-19,6.199138
1997-12-22,6.891385
1997-12-23,5.183043
1997-12-24,4.387797
1997-12-26,4.722530
1997-12-29,6.515903
1997-12-30,8.364014
1997-12-31,8.209078
1998-01-02,8.608512
1998-01-05,8.716915
1998-01-06,7.440636
1998-01-07,7.050859
1998-01-08,6.069679
1998-01-09,2.844991
1998-01-12,4.026783
1998-01-13,5.342929
1998-01-14,5.870717
1998-01-15,4.957513
1998-01-16,6.023998
1998-01-20,7.777334
1998-01-21,6.796666
1998-01-22,5.827278
1998-01-23,5.114619
1998-01-26,4.929983
1998-01-27,6.118854
1998-01-28,6.906312
1998-01-29,7.648711
1998-01-30,6.952995
1998-02-02,9.100555
1998-02-03,9.473006
1998-02-04,9.424168
1998-02-05,8.923523
1998-02-06,9.749456
1998-02-09,9.420934
1998-02-10,10.164983
1998-02-11,10.126028
1998-02-12,10.434756
1998-02-13,9.868459
1998-02-17,10.023173
1998-02-18,10.895070
1998-02-19,10.369377
1998-02-20,10.883007
1998-02-23,11.171754
1998-02-24,10.235907
1998-02-25,11.425889
1998-02-26,11.916215
1998-02-27,11.858657
1998-03-02,11.557980
1998-03-03,11.892794
1998-03-04,11.265215
1998-03-05,9.842902
1998-03-06,11.906185
1998-03-09,11.422144
1998-03-10,12.550177
1998-03-11,12.864307
1998-03-12,12.886187
1998-03-13,12.616430
1998-03-16,13.599066
1998-03-17,13.584476
1998-03-18,13.974199
1998-03-19,14.270745
1998-03-20,15.102204
1998-03-23,14.572927
1998-03-24,15.479649
1998-03-25,14.947636
1998-03-26,14.688869
1998-03-27,13.996284
1998-03-30,13.680510
1998-03-31,14.403746
1998-04-01,14.940457
1998-04-02,16.034854
1998-04-03,16.172935
1998-04-06,15.902394
1998-04-07,14.554863
1998-04-08,13.608428
1998-04-09,14.412182
1998-04-13,14.181426
1998-04-14,14.668068
1998-04-15,14.897971
1998-04-16,13.623371
1998-04-17,14.978640
1998-04-20,14.944624
1998-04-21,15.130045
1998-04-22,15.396772
1998-04-23,14.161041
1998-04-24,12.854782
1998-04-27,10.581674
1998-04-28,10.341559
1998-04-29,11.208953
1998-04-30,12.842679
1998-05-01,13.675168
1998-05-04,13.673894
1998-05-05,12.893826
1998-05-06,11.714558
1998-05-07,10.635597
1998-05-08,11.851971
1998-05-11,11.606873
1998-05-12,12.429323
1998-05-13,12.635146
1998-05-14,12.386108
1998-05-15,11.429421
1998-05-18,11.052407
1998-05-19,11.333212
1998-05-20,12.195498
1998-05-21,11.661519
1998-05-22,11.160175
1998-05-26,9.435270
1998-05-27,9.169565
1998-05-28,9.618321
1998-05-29,8.851892
1998-06-01,8.776162
1998-06-02,8.908043
1998-06-03,7.765364
1998-06-04,8.870896
1998-06-05,10.659903
1998-06-08,10.747663
1998-06-09,10.908248
1998-06-10,10.197234
1998-06-11,8.350014
1998-06-12,8.671758
1998-06-15,6.426901
1998-06-16,7.374806
1998-06-17,9.190047
1998-06-18,9.020944
1998-06-19,8.365047
1998-06-22,8.525015
1998-06-23,10.023456
1998-06-24,11.229193
1998-06-25,10.769341
1998-06-26,11.037209
1998-06-29,11.432229
1998-06-30,10.863200
1998-07-01,12.177011
1998-07-02,11.858326
1998-07-06,12.804874
1998-07-07,12.431012
1998-07-08,13.452967
1998-07-09,12.581106
1998-07-10,13.025146
1998-07-13,12.987589
1998-07-14,14.056503
1998-07-15,13.661843
1998-07-16,14.422325
1998-07-17,14.556499
1998-07-20,14.174671
1998-07-21,12.229026
1998-07-22,12.026262
1998-07-23,9.596747
1998-07-24,9.614618
1998-07-27,10.144516
1998-07-28,8.426457
1998-07-29,7.862051
1998-07-30,9.470855
1998-07-31,7.259654
1998-08-03,6.397243
1998-08-04,2.483640
1998-08-05,3.305809
1998-08-06,4.022538
1998-08-07,3.947213
1998-08-10,3.288672
1998-08-11,1.880903
1998-08-12,3.263215
1998-08-13,2.280118
1998-08-14,1.055321
1998-08-17,2.964043
1998-08-18,4.531545
1998-08-19,4.142818
1998-08-20,3.455257
1998-08-21,2.405230
1998-08-24,2.987835
1998-08-25,3.357888
1998-08-26,2.462936
1998-08-27,-1.525048
1998-08-28,-3.031663
1998-08-31,-9.648763
1998-09-01,-6.192824
1998-09-02,-6.576847
1998-09-03,-7.367916
1998-09-04,-8.172689
1998-09-08,-3.534642
1998-09-09,-5.182570
1998-09-10,-7.641017
1998-09-11,-4.948664
1998-09-14,-3.038569
1998-09-15,-2.328590
1998-09-16,-1.636124
1998-09-17,-4.159605
1998-09-18,-4.066684
1998-09-21,-3.730649
1998-09-22,-3.216678
1998-09-23,0.171745
1998-09-24,-2.051913
1998-09-25,-1.893003
1998-09-28,-1.559491
1998-09-29,-1.571969
1998-09-30,-4.603895
1998-10-01,-7.486047
1998-10-02,-5.980945
1998-10-05,-7.307552
1998-10-06,-7.692472
1998-10-07,-9.006764
1998-10-08,-10.062840
1998-10-09,-7.743615
1998-10-12,-6.523749
1998-10-13,-6.821858
1998-10-14,-5.839837
1998-10-15,-1.945799
1998-10-16,-1.149652
1998-10-19,-0.631645
1998-10-20,-0.528007
1998-10-21,-0.016275
1998-10-22,0.729768
1998-10-23,-0.053177
1998-10-26,0.033312
1998-10-27,-0.676261
1998-10-28,-0.473678
1998-10-29,1.128385
1998-10-30,2.244379
1998-11-02,3.375468
1998-11-03,3.241307
1998-11-04,3.897645
1998-11-05,5.224032
1998-11-06,5.798456
1998-11-09,4.712003
1998-11-10,4.455216
1998-11-11,3.711401
1998-11-12,3.344734
1998-11-13,4.017273
1998-11-16,4.889916
1998-11-17,5.143773
1998-11-18,5.552965
1998-11-19,6.229754
1998-11-20,7.163426
1998-11-23,9.345252
1998-11-24,8.782804
1998-11-25,9.055927
1998-11-27,9.473027
1998-11-30,6.767604
1998-12-01,7.761137
1998-12-02,7.323150
1998-12-03,5.330008
1998-12-04,7.695751
1998-12-07,8.624470
1998-12-08,7.971995
1998-12-09,8.095389
1998-12-10,6.351904
1998-12-11,6.426459
1998-12-14,4.077372
1998-12-15,5.996468
1998-12-16,5.860043
1998-12-17,7.432677
1998-12-18,8.100478
1998-12-21,9.373150
1998-12-22,9.370250
1998-12-23,11.558186
1998-12-24,11.273066
1998-12-28,11.123191
1998-12-29,12.520119
1998-12-30,11.548341
1998-12-31,11.231485
1999-01-04,11.059709
1999-01-05,12.494051
1999-01-06,14.892933
1999-01-07,14.572372
1999-01-08,14.966207
1999-01-11,13.871763
1999-01-12,11.603668
1999-01-13,11.073166
1999-01-14,9.020500
1999-01-15,11.746949
1999-01-19,12.465806
1999-01-20,12.812959
1999-01-21,10.829789
1999-01-22,9.878175
1999-01-25,10.600860
1999-01-26,12.172571
1999-01-27,11.287348
1999-01-28,13.198858
1999-01-29,14.393409
1999-02-01,13.716045
1999-02-02,12.662448
1999-02-03,13.487138
1999-02-04,11.322969
1999-02-05,10.458843
1999-02-08,10.786999
1999-02-09,8.273702
1999-02-10,8.867023
1999-02-11,11.496118
1999-02-12,9.304442
1999-02-16,10.283856
1999-02-17,8.649879
1999-02-18,9.769875
1999-02-19,9.881679
1999-02-22,12.717135
1999-02-23,12.544306
1999-02-24,10.899715
1999-02-25,10.089985
1999-02-26,9.439129
1999-03-01,9.190763
1999-03-02,8.197485
1999-03-03,8.334819
1999-03-04,9.937825
1999-03-05,12.398015
1999-03-08,12.956329
1999-03-09,12.619920
1999-03-10,13.148086
1999-03-11,13.999153
1999-03-12,13.626696
1999-03-15,14.633277
1999-03-16,14.447943
1999-03-17,13.595102
1999-03-18,15.121986
1999-03-19,13.505264
1999-03-22,13.206107
1999-03-23,10.091330
1999-03-24,10.580208
1999-03-25,12.361576
1999-03-26,11.652395
1999-03-29,13.927736
1999-03-30,13.009395
1999-03-31,11.658508
1999-04-01,12.196123
1999-04-05,14.466130
1999-04-06,14.081736
1999-04-07,14.748449
1999-04-08,16.105501
1999-04-09,16.367986
1999-04-12,17.141080
1999-04-13,16.270932
1999-04-14,14.333159
1999-04-15,13.761801
1999-04-16,13.340475
1999-04-19,10.736800
1999-04-20,12.093205
1999-04-21,14.575557
1999-04-22,16.420224
1999-04-23,16.156664
1999-04-26,16.329434
1999-04-27,16.466652
1999-04-28,15.358968
1999-04-29,14.588132
1999-04-30,13.857434
1999-05-03,15.432044
1999-05-04,13.433474
1999-05-05,14.657602
1999-05-06,13.278472
1999-05-07,14.291823
1999-05-10,13.795479
1999-05-11,14.990478
1999-05-12,15.595909
1999-05-13,15.781185
1999-05-14,13.159790
1999-05-17,13.208634
1999-05-18,12.585993
1999-05-19,13.396268
1999-05-20,12.813824
1999-05-21,11.976819
1999-05-24,9.886559
1999-05-25,7.926907
1999-05-26,9.535746
1999-05-27,7.479657
1999-05-28,9.093675
1999-06-01,8.358888
1999-06-02,8.299733
1999-06-03,8.597316
1999-06-04,10.849778
1999-06-07,11.305121
1999-06-08,9.768061
1999-06-09,9.768653
1999-06-10,8.354910
1999-06-11,7.501658
1999-06-14,7.437913
1999-06-15,7.916554
1999-06-16,10.203914
1999-06-17,10.814405
1999-06-18,10.897696
1999-06-21,11.241736
1999-06-22,9.999449
1999-06-23,9.605170
1999-06-24,8.054540
1999-06-25,7.879021
1999-06-28,9.037560
1999-06-29,10.528777
1999-06-30,12.110291
1999-07-01,12.626196
1999-07-02,13.303223
1999-07-06,12.881026
1999-07-07,13.337273
1999-07-08,13.050299
1999-07-09,13.596548
1999-07-12,13.105718
1999-07-13,12.498325
1999-07-14,12.709692
1999-07-15,13.467630
1999-07-16,14.035262
1999-07-19,12.963340
1999-07-20,10.338732
1999-07-21,10.347683
1999-07-22,8.720058
1999-07-23,8.237147
1999-07-26,7.343470
1999-07-27,8.370433
1999-07-28,8.409779
1999-07-29,6.329933
1999-07-30,5.214586
1999-08-02,5.027425
1999-08-03,4.449752
1999-08-04,3.017342
1999-08-05,3.575978
1999-08-06,2.422487
1999-08-09,2.134688
1999-08-10,0.765926
1999-08-11,2.284950
1999-08-12,1.898363
1999-08-13,4.108330
1999-08-16,4.243267
1999-08-17,5.185763
1999-08-18,4.204448
1999-08-19,3.395579
1999-08-20,4.320677
1999-08-23,6.063427
1999-08-24,6.224080
1999-08-25,7.548104
1999-08-26,5.913030
1999-08-27,4.754967
1999-08-30,2.789762
1999-08-31,2.428900
1999-09-01,3.173651
1999-09-02,2.174053
1999-09-03,5.038832
1999-09-07,4.430108
1999-09-08,3.866013
1999-09-09,4.063217
1999-09-10,4.306265
1999-09-13,3.660729
1999-09-14,2.996758
1999-09-15,1.535546
1999-09-16,1.514286
1999-09-17,2.755212
1999-09-20,2.698766
1999-09-21,0.488649
1999-09-22,0.662084
1999-09-23,-1.684943
1999-09-24,-1.955266
1999-09-27,-1.536284
1999-09-28,-1.665664
1999-09-29,-2.764307
1999-09-30,-1.718288
1999-10-01,-1.755776
1999-10-04,-0.141542
1999-10-05,-0.436556
1999-10-06,1.350202
1999-10-07,0.712607
1999-10-08,2.065802
1999-10-11,1.962372
1999-10-12,0.236173
1999-10-13,-1.884878
1999-10-14,-2.062995
1999-10-15,-4.816519
1999-10-18,-4.312842
1999-10-19,-3.776461
1999-10-20,-1.648749
1999-10-21,-2.096882
1999-10-22,-0.733022
1999-10-25,-1.351622
1999-10-26,-2.252071
1999-10-27,-1.145109
1999-10-28,2.298994
1999-10-29,3.800801
1999-11-01,3.086308
1999-11-02,2.563235
1999-11-03,3.071844
1999-11-04,3.608116
1999-11-05,4.127801
1999-11-08,4.586197
1999-11-09,3.650818
1999-11-10,4.220286
1999-11-11,4.781187
1999-11-12,5.841847
1999-11-15,5.666610
1999-11-16,7.548213
1999-11-17,6.783280
1999-11-18,7.788431
1999-11-19,7.491804
1999-11-22,7.339794
1999-11-23,6.032982
1999-11-24,6.893962
1999-11-26,6.793781
1999-11-29,6.060093
1999-11-30,4.576822
1999-12-01,5.171388
1999-12-02,5.954698
1999-12-03,7.700373
1999-12-06,6.890488
1999-12-07,5.772289
1999-12-08,5.315745
1999-12-09,5.568489
1999-12-10,6.166868
1999-12-13,5.959431
1999-12-14,4.987408
1999-12-15,5.674202
1999-12-16,6.013478
1999-12-17,6.123889
1999-12-20,5.850821
1999-12-21,6.934558
1999-12-22,7.076349
1999-12-23,8.667216
1999-12-27,8.509121
1999-12-28,8.490072
1999-12-29,8.858113
1999-12-30,8.865767
1999-12-31,9.159149
2000-01-03,8.054186
2000-01-04,3.871391
2000-01-05,4.017018
2000-01-06,4.064368
2000-01-07,6.823521
2000-01-10,7.948954
2000-01-11,6.488243
2000-01-12,5.969570
2000-01-13,7.194426
2000-01-14,8.269708
2000-01-18,7.476781
2000-01-19,7.478137
2000-01-20,6.668817
2000-01-21,6.319964
2000-01-24,3.361689
2000-01-25,3.968851
2000-01-26,3.510149
2000-01-27,3.075840
2000-01-28,0.231923
2000-01-31,2.730966
2000-02-01,3.776976
2000-02-02,3.725874
2000-02-03,4.858307
2000-02-04,4.788884
2000-02-07,4.753352
2000-02-08,6.007169
2000-02-09,3.781923
2000-02-10,4.133088
2000-02-11,1.932897
2000-02-14,2.119575
2000-02-15,2.991370
2000-02-16,1.914209
2000-02-17,1.942209
2000-02-18,-1.159502
2000-02-22,-0.715668
2000-02-23,-0.097566
2000-02-24,-0.629794
2000-02-25,-2.092346
2000-02-28,-1.006575
2000-02-29,0.331874
2000-03-01,1.254769
2000-03-02,1.425418
2000-03-03,3.412751
2000-03-06,2.080237
2000-03-07,-0.545434
2000-03-08,0.245361
2000-03-09,2.767618
2000-03-10,2.248410
2000-03-13,1.371243
2000-03-14,-0.442457
2000-03-15,1.937512
2000-03-16,6.730479
2000-03-17,7.104922
2000-03-20,6.481358
2000-03-21,9.140078
2000-03-22,9.561322
2000-03-23,11.426514
2000-03-24,11.343301
2000-03-27,10.987755
2000-03-28,9.727548
2000-03-29,9.702269
2000-03-30,8.142267
2000-03-31,8.854261
2000-04-03,9.326286
2000-04-04,8.452948
2000-04-05,7.859653
2000-04-06,8.806324
2000-04-07,9.814330
2000-04-10,8.878680
2000-04-11,8.532141
2000-04-12,6.070613
2000-04-13,4.117680
2000-04-14,-1.941437
2000-04-17,1.298951
2000-04-18,4.182384
2000-04-19,3.148731
2000-04-20,3.644589
2000-04-24,3.296539
2000-04-25,6.703636
2000-04-26,5.489902
2000-04-27,5.748186
2000-04-28,4.830373
2000-05-01,5.953275
2000-05-02,4.354030
2000-05-03,2.089581
2000-05-04,1.679522
2000-05-05,3.316259
2000-05-08,2.681265
2000-05-09,1.790287
2000-05-10,-0.313845
2000-05-11,1.455277
2000-05-12,2.373453
2000-05-15,4.589094
2000-05-16,5.521810
2000-05-17,4.161851
2000-05-18,3.350918
2000-05-19,1.140989
2000-05-22,0.656802
2000-05-23,-1.300351
2000-05-24,0.466885
2000-05-25,-0.820303
2000-05-26,-1.099919
2000-05-30,2.054097
2000-05-31,1.888537
2000-06-01,3.872844
2000-06-02,5.857767
2000-06-05,5.113451
2000-06-06,4.366967
2000-06-07,5.292979
2000-06-08,4.562822
2000-06-09,4.197151
2000-06-12,3.382990
2000-06-13,5.013361
2000-06-14,5.036987
2000-06-15,5.562287
2000-06-16,4.493840
2000-06-19,5.967696
2000-06-20,5.206490
2000-06-21,5.384835
2000-06-22,3.424906
2000-06-23,2.628554
2000-06-26,3.574993
2000-06-27,3.197141
2000-06-28,3.457295
2000-06-29,2.528001
2000-06-30,3.345913
2000-07-03,4.357649
2000-07-05,2.661960
2000-07-06,3.348369
2000-07-07,4.862910
2000-07-10,4.557974
2000-07-11,4.855078
2000-07-12,5.629198
2000-07-13,5.755864
2000-07-14,6.664461
2000-07-17,6.614715
2000-07-18,5.354026
2000-07-19,4.457842
2000-07-20,5.345051
2000-07-21,4.204906
2000-07-24,3.032372
2000-07-25,3.698156
2000-07-26,2.105320
2000-07-27,1.859575
2000-07-28,-0.276511
2000-07-31,0.439844
2000-08-01,0.882657
2000-08-02,0.859451
2000-08-03,1.762892
2000-08-04,2.427139
2000-08-07,3.503765
2000-08-08,3.681552
2000-08-09,2.922718
2000-08-10,1.977302
2000-08-11,2.723876
2000-08-14,4.046054
2000-08-15,3.504827
2000-08-16,3.140262
2000-08-17,4.216866
2000-08-18,3.864359
2000-08-21,4.354954
2000-08-22,4.214622
2000-08-23,4.713027
2000-08-24,4.823613
2000-08-25,4.645981
2000-08-28,5.128269
2000-08-29,4.791784
2000-08-30,4.249447
2000-08-31,5.260753
2000-09-01,5.434820
2000-09-05,4.455947
2000-09-06,3.402907
2000-09-07,4.084441
2000-09-08,3.497345
2000-09-11,3.108694
2000-09-12,2.582142
2000-09-13,2.756852
2000-09-14,2.444682
2000-09-15,1.378978
2000-09-18,-0.106438
2000-09-19,0.948558
2000-09-20,0.346933
2000-09-21,0.174795
2000-09-22,0.136456
2000-09-25,-0.543947
2000-09-26,-1.364337
2000-09-27,-1.412435
2000-09-28,0.760490
2000-09-29,-0.752348
2000-10-02,-0.777677
2000-10-03,-1.454489
2000-10-04,-0.917045
2000-10-05,-0.782619
2000-10-06,-2.658674
2000-10-09,-3.120665
2000-10-10,-4.134635
2000-10-11,-5.654568
2000-10-12,-8.018762
2000-10-13,-4.918598
2000-10-16,-4.856317
2000-10-17,-6.528411
2000-10-18,-7.052813
2000-10-19,-3.819076
2000-10-20,-3.251062
2000-10-23,-3.315413
2000-10-24,-3.132680
2000-10-25,-5.410833
2000-10-26,-5.420494
2000-10-27,-4.347787
2000-10-30,-3.002525
2000-10-31,-0.861850
2000-11-01,-1.417333
2000-11-02,-0.918917
2000-11-03,-1.026953
2000-11-06,-0.655969
2000-11-07,-0.685685
2000-11-08,-2.254281
2000-11-09,-2.888752
2000-11-10,-5.259944
2000-11-13,-6.266833
2000-11-14,-4.059828
2000-11-15,-3.577459
2000-11-16,-4.773500
2000-11-17,-5.074039
2000-11-20,-6.789690
2000-11-21,-6.430663
2000-11-22,-8.137641
2000-11-24,-6.764947
2000-11-27,-6.252221
2000-11-28,-7.129950
2000-11-29,-6.704519
2000-11-30,-8.557151
2000-12-01,-8.514447
2000-12-04,-7.830176
2000-12-05,-4.250887
2000-12-06,-5.992385
2000-12-07,-6.539387
2000-12-08,-4.719221
2000-12-11,-4.012860
2000-12-12,-4.641734
2000-12-13,-5.413629
2000-12-14,-6.725991
2000-12-15,-8.697098
2000-12-18,-7.938267
2000-12-19,-9.115379
2000-12-20,-11.928444
2000-12-21,-11.184507
2000-12-22,-8.990314
2000-12-26,-8.324534
2000-12-27,-7.357715
2000-12-28,-6.969462
2000-12-29,-7.897073
2001-01-02,-10.422281
2001-01-03,-5.898740
2001-01-04,-6.839525
2001-01-05,-9.220122
2001-01-08,-9.320835
2001-01-09,-8.902906
2001-01-10,-7.961745
2001-01-11,-6.953136
2001-01-12,-7.471451
2001-01-16,-6.850331
2001-01-17,-6.596877
2001-01-18,-5.244552
2001-01-19,-5.575740
2001-01-22,-5.502412
2001-01-23,-4.223473
2001-01-24,-3.897460
2001-01-25,-4.326240
2001-01-26,-4.457632
2001-01-29,-3.772546
2001-01-30,-3.075367
2001-01-31,-3.623269
2001-02-01,-3.087380
2001-02-02,-4.749867
2001-02-05,-4.383550
2001-02-06,-4.500548
2001-02-07,-5.273762
2001-02-08,-5.816139
2001-02-09,-7.024084
2001-02-12,-5.879634
2001-02-13,-6.649846
2001-02-14,-6.803460
2001-02-15,-6.006539
2001-02-16,-7.746396
2001-02-20,-9.305614
2001-02-21,-10.928122
2001-02-22,-11.047898
2001-02-23,-11.489818
2001-02-26,-9.904847
2001-02-27,-10.547326
2001-02-28,-11.770528
2001-03-01,-11.612340
2001-03-02,-12.041751
2001-03-05,-11.461365
2001-03-06,-10.519171
2001-03-07,-9.895168
2001-03-08,-9.647802
2001-03-09,-11.841054
2001-03-12,-15.581787
2001-03-13,-14.273619
2001-03-14,-16.425767
2001-03-15,-15.860073
2001-03-16,-17.431302
2001-03-19,-15.891988
2001-03-20,-17.818310
2001-03-21,-19.190908
2001-03-22,-19.420571
2001-03-23,-17.717965
2001-03-26,-16.696726
2001-03-27,-14.481329
2001-03-28,-16.482097
2001-03-29,-16.771927
2001-03-30,-15.779650
2001-04-02,-16.728607
2001-04-03,-19.487838
2001-04-04,-19.609465
2001-04-05,-15.998693
2001-04-06,-17.571894
2001-04-09,-16.807205
2001-04-10,-14.470097
2001-04-11,-14.561866
2001-04-12,-13.186434
2001-04-16,-13.379229
2001-04-17,-12.407973
2001-04-18,-8.929049
2001-04-19,-7.713511
2001-04-20,-8.433392
2001-04-23,-9.727828
2001-04-24,-10.737009
2001-04-25,-9.231388
2001-04-26,-8.722095
2001-04-27,-7.269791
2001-04-30,-7.451099
2001-05-01,-6.108686
2001-05-02,-5.950542
2001-05-03,-7.264959
2001-05-04,-5.850531
2001-05-07,-5.999886
2001-05-08,-6.095250
2001-05-09,-6.443962
2001-05-10,-6.394309
2001-05-11,-7.031851
2001-05-14,-6.719432
2001-05-15,-6.621163
2001-05-16,-3.911908
2001-05-17,-3.596262
2001-05-18,-3.283550
2001-05-21,-1.669789
2001-05-22,-1.871760
2001-05-23,-3.326414
2001-05-24,-2.948420
2001-05-25,-4.024955
2001-05-29,-4.704168
2001-05-30,-6.117130
2001-05-31,-5.451083
2001-06-01,-5.005909
2001-06-04,-4.444057
2001-06-05,-3.125148
2001-06-06,-4.066790
2001-06-07,-3.462198
2001-06-08,-4.285033
2001-06-11,-4.994396
2001-06-12,-4.792798
2001-06-13,-5.778513
2001-06-14,-7.324078
2001-06-15,-7.639017
2001-06-18,-7.987102
2001-06-19,-7.563748
2001-06-20,-6.652847
2001-06-21,-5.494648
2001-06-22,-6.292191
2001-06-25,-6.707114
2001-06-26,-6.748837
2001-06-27,-7.085870
2001-06-28,-5.832687
2001-06-29,-5.878294
2001-07-02,-4.840384
2001-07-03,-4.930429
2001-07-05,-6.020283
2001-07-06,-8.133292
2001-07-09,-7.411124
2001-07-10,-8.649838
2001-07-11,-8.658616
2001-07-12,-6.411001
2001-07-13,-5.749689
2001-07-16,-6.694341
2001-07-17,-5.674721
2001-07-18,-6.114016
2001-07-19,-5.464456
2001-07-20,-5.709820
2001-07-23,-7.165282
2001-07-24,-8.581572
2001-07-25,-7.032328
2001-07-26,-5.987774
2001-07-27,-5.695147
2001-07-30,-5.737810
2001-07-31,-5.168719
2001-08-01,-4.741726
2001-08-02,-4.306445
2001-08-03,-4.757511
2001-08-06,-5.793015
2001-08-07,-5.416973
2001-08-08,-6.977974
2001-08-09,-6.908146
2001-08-10,-6.302105
2001-08-13,-6.149006
2001-08-14,-6.442761
2001-08-15,-7.055575
2001-08-16,-6.688503
2001-08-17,-8.146369
2001-08-20,-7.308612
2001-08-21,-8.329967
2001-08-22,-7.596639
2001-08-23,-7.753191
2001-08-24,-5.847864
2001-08-27,-6.216649
2001-08-28,-7.536597
2001-08-29,-8.488300
2001-08-30,-9.964648
2001-08-31,-9.511838
2001-09-04,-9.470113
2001-09-05,-9.478988
2001-09-06,-11.413199
2001-09-07,-12.974711
2001-09-10,-12.343385
2001-09-17,-16.562536
2001-09-18,-16.943806
2001-09-19,-18.172520
2001-09-20,-20.601685
2001-09-21,-21.994666
2001-09-24,-18.851684
2001-09-25,-18.038012
2001-09-26,-18.356396
2001-09-27,-17.298389
2001-09-28,-15.378734
2001-10-01,-15.468220
2001-10-02,-14.316929
2001-10-03,-12.499712
2001-10-04,-12.608436
2001-10-05,-12.362131
2001-10-08,-12.994319
2001-10-09,-13.369687
2001-10-10,-11.294641
2001-10-11,-9.868597
2001-10-12,-10.279535
2001-10-15,-10.348681
2001-10-16,-9.649424
2001-10-17,-11.245912
2001-10-18,-11.850137
2001-10-19,-11.353077
2001-10-22,-9.911431
2001-10-23,-10.261022
2001-10-24,-10.128756
2001-10-25,-8.807557
2001-10-26,-8.359279
2001-10-29,-10.461201
2001-10-30,-11.910070
2001-10-31,-11.818002
2001-11-01,-9.703209
2001-11-02,-9.357674
2001-11-05,-7.967867
2001-11-06,-6.548872
2001-11-07,-6.714000
2001-11-08,-6.397278
2001-11-09,-6.161761
2001-11-12,-6.232555
2001-11-13,-4.401653
2001-11-14,-4.136721
2001-11-15,-3.964400
2001-11-16,-4.175385
2001-11-19,-3.040155
2001-11-20,-3.657104
2001-11-21,-4.036142
2001-11-23,-2.831148
2001-11-26,-2.151729
2001-11-27,-2.737930
2001-11-28,-4.427230
2001-11-29,-3.359368
2001-11-30,-3.351132
2001-12-03,-4.079636
2001-12-04,-2.742900
2001-12-05,-0.510773
2001-12-06,-0.719739
2001-12-07,-1.407402
2001-12-10,-2.914428
2001-12-11,-3.135530
2001-12-12,-3.061314
2001-12-13,-4.517957
2001-12-14,-4.142401
2001-12-17,-3.129398
2001-12-18,-2.357948
2001-12-19,-1.752206
2001-12-20,-2.535985
2001-12-21,-2.071501
2001-12-24,-2.046303
2001-12-26,-1.595014
2001-12-27,-0.884971
2001-12-28,-0.520922
2001-12-31,-1.616138
2002-01-02,-1.033175
2002-01-03,-0.124034
2002-01-04,0.496961
2002-01-07,-0.162300
2002-01-08,-0.516248
2002-01-09,-0.998957
2002-01-10,-0.892724
2002-01-11,-1.842844
2002-01-14,-2.458298
2002-01-15,-1.788962
2002-01-16,-3.361807
2002-01-17,-2.386452
2002-01-18,-3.346544
2002-01-22,-4.038549
2002-01-23,-3.270765
2002-01-24,-2.941073
2002-01-25,-2.856702
2002-01-28,-2.867906
2002-01-29,-5.635889
2002-01-30,-4.517501
2002-01-31,-3.075704
2002-02-01,-3.743740
2002-02-04,-6.088974
2002-02-05,-6.432243
2002-02-06,-6.947812
2002-02-07,-7.171673
2002-02-08,-5.728577
2002-02-11,-4.322800
2002-02-12,-4.656901
2002-02-13,-3.671350
2002-02-14,-3.799673
2002-02-15,-4.806029
2002-02-19,-6.534327
2002-02-20,-5.209311
2002-02-21,-6.604766
2002-02-22,-5.764361
2002-02-25,-4.012712
2002-02-26,-3.951713
2002-02-27,-3.843612
2002-02-28,-4.053183
2002-03-01,-1.828830
2002-03-04,0.128668
2002-03-05,-0.496552
2002-03-06,0.984965
2002-03-07,0.570883
2002-03-08,1.212145
2002-03-11,1.608608
2002-03-12,1.431258
2002-03-13,0.500790
2002-03-14,0.477757
2002-03-15,1.675496
2002-03-18,1.678881
2002-03-19,2.140321
2002-03-20,0.581864
2002-03-21,0.775378
2002-03-22,0.395170
2002-03-25,-1.020040
2002-03-26,-0.385112
2002-03-27,0.208677
2002-03-28,0.508659
2002-04-01,0.491606
2002-04-02,-0.309583
2002-04-03,-1.249966
2002-04-04,-1.111300
2002-04-05,-1.376781
2002-04-08,-1.110820
2002-04-09,-1.727337
2002-04-10,-0.579375
2002-04-11,-2.888080
2002-04-12,-2.195751
2002-04-15,-2.883006
2002-04-16,-0.566213
2002-04-17,-0.728424
2002-04-18,-0.829131
2002-04-19,-0.729787
2002-04-22,-2.208584
2002-04-23,-2.762050
2002-04-24,-3.391461
2002-04-25,-3.477191
2002-04-26,-4.757650
2002-04-29,-5.667294
2002-04-30,-4.600291
2002-05-01,-3.714650
2002-05-02,-3.842283
2002-05-03,-4.772208
2002-05-06,-6.546329
2002-05-07,-6.765344
2002-05-08,-3.214686
2002-05-09,-4.565531
2002-05-10,-6.101424
2002-05-13,-4.301562
2002-05-14,-2.237349
2002-05-15,-2.755732
2002-05-16,-2.077316
2002-05-17,-1.289509
2002-05-20,-2.552151
2002-05-21,-3.569490
2002-05-22,-2.966957
2002-05-23,-1.926709
2002-05-24,-3.052750
2002-05-28,-3.821802
2002-05-29,-4.381661
2002-05-30,-4.590635
2002-05-31,-4.318493
2002-06-03,-6.631184
2002-06-04,-6.567649
2002-06-05,-5.680911
2002-06-06,-7.479525
2002-06-07,-7.562633
2002-06-10,-7.210873
2002-06-11,-8.692872
2002-06-12,-8.030310
2002-06-13,-8.934222
2002-06-14,-9.075976
2002-06-17,-6.414048
2002-06-18,-6.263881
2002-06-19,-7.747513
2002-06-20,-8.922673
2002-06-21,-10.410249
2002-06-24,-10.030462
2002-06-25,-11.469932
2002-06-26,-11.642771
2002-06-27,-10.032267
2002-06-28,-10.059126
2002-07-01,-11.935891
2002-07-02,-13.748453
2002-07-03,-13.178228
2002-07-05,-9.971359
2002-07-08,-11.052404
2002-07-09,-13.238575
2002-07-10,-16.167869
2002-07-11,-15.510175
2002-07-12,-16.020226
2002-07-15,-16.301599
2002-07-16,-17.806681
2002-07-17,-17.290511
2002-07-18,-19.467504
2002-07-19,-22.484044
2002-07-22,-24.948531
2002-07-23,-26.885200
2002-07-24,-22.612884
2002-07-25,-22.969636
2002-07-26,-21.595657
2002-07-29,-17.286488
2002-07-30,-16.860558
2002-07-31,-15.976808
2002-08-01,-18.384464
2002-08-02,-20.182441
2002-08-05,-22.833459
2002-08-06,-20.447869
2002-08-07,-18.782099
2002-08-08,-16.052743
2002-08-09,-15.689078
2002-08-12,-16.067538
2002-08-13,-17.804391
2002-08-14,-14.439134
2002-08-15,-13.390475
2002-08-16,-13.475493
2002-08-19,-11.387465
2002-08-20,-12.564567
2002-08-21,-11.394882
2002-08-22,-10.091040
2002-08-23,-12.057638
2002-08-26,-11.325371
2002-08-27,-12.478392
2002-08-28,-13.983806
2002-08-29,-13.909475
2002-08-30,-13.981776
2002-09-03,-17.452637
2002-09-04,-15.908315
2002-09-05,-17.148418
2002-09-06,-15.654292
2002-09-09,-14.704865
2002-09-10,-13.987128
2002-09-11,-13.901358
2002-09-12,-15.927596
2002-09-13,-15.548750
2002-09-16,-15.330925
2002-09-17,-16.896020
2002-09-18,-17.175905
2002-09-19,-19.556179
2002-09-20,-19.243400
2002-09-23,-20.231835
2002-09-24,-21.479932
2002-09-25,-19.404622
2002-09-26,-17.824606
2002-09-27,-20.357099
2002-09-30,-21.399148
2002-10-01,-18.146192
2002-10-02,-19.962876
2002-10-03,-20.708181
2002-10-04,-22.358113
2002-10-07,-23.707171
2002-10-08,-22.289077
2002-10-09,-24.273927
2002-10-10,-21.495724
2002-10-11,-18.304182
2002-10-14,-17.578397
2002-10-15,-13.558491
2002-10-16,-15.523504
2002-10-17,-13.522530
2002-10-18,-12.891717
2002-10-21,-11.262576
2002-10-22,-12.086352
2002-10-23,-11.379974
2002-10-24,-12.611039
2002-10-25,-10.996728
2002-10-28,-11.620546
2002-10-29,-12.311157
2002-10-30,-11.347694
2002-10-31,-11.734152
2002-11-01,-10.112918
2002-11-04,-9.276420
2002-11-05,-8.480081
2002-11-06,-7.548781
2002-11-07,-9.557631
2002-11-08,-10.242925
2002-11-11,-11.990400
2002-11-12,-11.214316
2002-11-13,-11.153342
2002-11-14,-8.861071
2002-11-15,-8.202451
2002-11-18,-9.068903
2002-11-19,-9.346023
2002-11-20,-7.506814
2002-11-21,-5.452657
2002-11-22,-5.698591
2002-11-25,-5.377628
2002-11-26,-7.270303
2002-11-27,-4.588148
2002-11-29,-4.761116
2002-12-02,-4.860081
2002-12-03,-6.185315
2002-12-04,-6.422301
2002-12-05,-7.464887
2002-12-06,-6.800626
2002-12-09,-8.766119
2002-12-10,-7.395679
2002-12-11,-7.246151
2002-12-12,-7.495331
2002-12-13,-8.623245
2002-12-16,-6.357023
2002-12-17,-7.002919
2002-12-18,-8.096828
2002-12-19,-8.676648
2002-12-20,-7.359450
2002-12-23,-7.061726
2002-12-24,-7.439336
2002-12-26,-7.604072
2002-12-27,-8.953781
2002-12-30,-8.402203
2002-12-31,-8.220839
2003-01-02,-5.044377
2003-01-03,-4.969600
2003-01-06,-2.719601
2003-01-07,-3.241890
2003-01-08,-4.493673
2003-01-09,-2.534290
2003-01-10,-2.423039
2003-01-13,-2.447382
2003-01-14,-1.767510
2003-01-15,-3.072927
2003-01-16,-3.347517
2003-01-17,-4.589086
2003-01-21,-5.970307
2003-01-22,-6.829403
2003-01-23,-5.761674
2003-01-24,-8.385685
2003-01-27,-9.743182
2003-01-28,-8.442199
2003-01-29,-7.704310
2003-01-30,-9.676361
2003-01-31,-8.357894
2003-02-03,-7.732601
2003-02-04,-8.897136
2003-02-05,-9.263521
2003-02-06,-9.721047
2003-02-07,-10.505316
2003-02-10,-9.703495
2003-02-11,-10.315050
2003-02-12,-11.334553
2003-02-13,-11.351835
2003-02-14,-9.327999
2003-02-18,-7.442635
2003-02-19,-7.985214
2003-02-20,-8.752414
2003-02-21,-7.444178
2003-02-24,-9.018204
2003-02-25,-8.246104
2003-02-26,-9.339074
2003-02-27,-8.153738
2003-02-28,-7.599409
2003-03-03,-8.166606
2003-03-04,-9.439276
2003-03-05,-8.433733
2003-03-06,-9.153659
2003-03-07,-8.276123
2003-03-10,-10.507408
2003-03-11,-11.109530
2003-03-12,-10.586647
2003-03-13,-7.380788
2003-03-14,-7.107055
2003-03-17,-3.707819
2003-03-18,-3.190922
2003-03-19,-2.254113
2003-03-20,-1.979141
2003-03-21,0.359618
2003-03-24,-3.086667
2003-03-25,-1.823986
2003-03-26,-2.273407
2003-03-27,-2.354477
2003-03-28,-2.833241
2003-03-31,-4.470411
2003-04-01,-3.229251
2003-04-02,-0.615013
2003-04-03,-1.027357
2003-04-04,-0.677192
2003-04-07,-0.484077
2003-04-08,-0.607253
2003-04-09,-1.928871
2003-04-10,-1.237342
2003-04-11,-1.550320
2003-04-14,0.429252
2003-04-15,1.119097
2003-04-16,-0.067873
2003-04-17,1.516068
2003-04-21,1.373396
2003-04-22,3.619308
2003-04-23,4.523526
2003-04-24,3.684695
2003-04-25,2.261637
2003-04-28,4.092865
2003-04-29,4.436322
2003-04-30,4.332234
2003-05-01,4.252578
2003-05-02,5.805939
2003-05-05,5.377396
2003-05-06,6.216719
2003-05-07,5.608597
2003-05-08,4.473665
2003-05-09,5.911284
2003-05-12,7.174137
2003-05-13,6.801314
2003-05-14,6.434709
2003-05-15,7.245434
2003-05-16,6.957146
2003-05-19,4.270675
2003-05-20,4.120184
2003-05-21,4.485389
2003-05-22,5.398400
2003-05-23,5.517403
2003-05-27,7.554045
2003-05-28,7.723589
2003-05-29,7.291227
2003-05-30,8.818516
2003-06-02,9.174398
2003-06-03,9.663649
2003-06-04,11.284541
2003-06-05,11.699754
2003-06-06,11.399635
2003-06-09,10.048956
2003-06-10,11.039819
2003-06-11,12.429076
2003-06-12,12.513114
2003-06-13,11.363820
2003-06-16,13.797171
2003-06-17,13.840600
2003-06-18,13.603840
2003-06-19,11.799583
2003-06-20,11.846559
2003-06-23,10.204876
2003-06-24,10.352618
2003-06-25,9.395941
2003-06-26,10.526407
2003-06-27,9.409136
2003-06-30,9.162791
2003-07-01,9.981796
2003-07-02,11.197614
2003-07-03,10.227662
2003-07-07,12.236362
2003-07-08,12.515103
2003-07-09,11.788714
2003-07-10,10.186526
2003-07-11,11.127825
2003-07-14,11.662591
2003-07-15,11.189990
2003-07-16,10.384188
2003-07-17,8.911074
2003-07-18,10.108037
2003-07-21,8.407854
2003-07-22,9.336567
2003-07-23,9.278212
2003-07-24,8.385743
2003-07-25,10.149970
2003-07-28,9.778691
2003-07-29,8.869964
2003-07-30,8.582054
2003-07-31,8.803083
2003-08-01,7.628368
2003-08-04,7.848840
2003-08-05,5.893740
2003-08-06,6.023345
2003-08-07,6.751618
2003-08-08,7.080593
2003-08-11,7.359544
2003-08-12,8.364130
2003-08-13,7.621741
2003-08-14,8.271073
2003-08-15,8.224371
2003-08-18,9.150208
2003-08-19,9.365556
2003-08-20,9.082767
2003-08-21,9.350054
2003-08-22,8.191432
2003-08-25,8.221014
2003-08-26,8.494324
2003-08-27,8.440626
2003-08-28,9.023702
2003-08-29,9.511312
2003-09-02,10.946064
2003-09-03,11.336971
2003-09-04,11.449973
2003-09-05,10.663985
2003-09-08,11.692911
2003-09-09,10.710546
2003-09-10,9.339410
2003-09-11,9.883253
2003-09-12,10.071149
2003-09-15,9.598264
2003-09-16,11.111051
2003-09-17,10.695866
2003-09-18,12.100771
2003-09-19,11.677515
2003-09-22,10.162361
2003-09-23,10.758154
2003-09-24,8.586380
2003-09-25,7.864527
2003-09-26,7.121081
2003-09-29,8.107640
2003-09-30,6.913918
2003-10-01,9.226904
2003-10-02,9.379157
2003-10-03,10.334406
2003-10-06,10.731560
2003-10-07,11.163899
2003-10-08,10.497235
2003-10-09,10.942510
2003-10-10,10.784824
2003-10-13,11.470218
2003-10-14,11.806845
2003-10-15,11.417738
2003-10-16,11.668869
2003-10-17,10.449152
2003-10-20,10.938552
2003-10-21,11.012934
2003-10-22,9.287605
2003-10-23,9.577331
2003-10-24,9.003639
2003-10-27,9.178933
2003-10-28,10.766381
2003-10-29,10.837763
2003-10-30,10.638729
2003-10-31,10.957338
2003-11-03,11.742126
2003-11-04,11.036279
2003-11-05,10.783190
2003-11-06,11.340328
2003-11-07,10.719258
2003-11-10,9.962609
2003-11-11,9.797494
2003-11-12,10.939251
2003-11-13,10.802536
2003-11-14,9.846827
2003-11-17,9.039526
2003-11-18,7.944190
2003-11-19,8.696683
2003-11-20,7.670403
2003-11-21,7.724844
2003-11-24,9.349993
2003-11-25,9.410369
2003-11-26,9.747171
2003-11-28,9.584429
2003-12-01,10.684025
2003-12-02,10.199230
2003-12-03,9.879312
2003-12-04,10.261926
2003-12-05,9.294484
2003-12-08,9.963587
2003-12-09,8.901622
2003-12-10,8.656358
2003-12-11,9.772209
2003-12-12,9.941220
2003-12-15,9.186547
2003-12-16,9.769326
2003-12-17,9.768954
2003-12-18,10.912952
2003-12-19,10.713564
2003-12-22,10.987717
2003-12-23,11.133871
2003-12-24,10.770328
2003-12-26,10.809547
2003-12-29,12.027240
2003-12-30,11.903939
2003-12-31,11.995251
2004-01-02,11.517084
2004-01-05,12.759533
2004-01-06,12.776122
2004-01-07,12.894595
2004-01-08,13.308860
2004-01-09,12.160398
2004-01-12,12.551717
2004-01-13,11.807773
2004-01-14,12.576692
2004-01-15,12.575712
2004-01-16,13.203634
2004-01-20,12.951231
2004-01-21,13.677510
2004-01-22,13.165011
2004-01-23,12.781729
2004-01-26,13.984159
2004-01-27,12.715884
2004-01-28,11.039547
2004-01-29,11.457050
2004-01-30,11.033068
2004-02-02,11.298986
2004-02-03,11.242269
2004-02-04,10.184519
2004-02-05,10.269839
2004-02-06,11.532426
2004-02-09,11.120671
2004-02-10,11.545135
2004-02-11,12.601861
2004-02-12,11.924840
2004-02-13,11.189196
2004-02-17,12.143131
2004-02-18,11.522171
2004-02-19,10.942873
2004-02-20,10.545429
2004-02-23,10.131511
2004-02-24,9.832127
2004-02-25,10.162074
2004-02-26,10.175495
2004-02-27,10.071053
2004-03-01,11.015813
2004-03-02,10.248874
2004-03-03,10.324639
2004-03-04,10.568646
2004-03-05,10.633584
2004-03-08,9.592502
2004-03-09,8.851576
2004-03-10,7.161268
2004-03-11,5.451781
2004-03-12,6.680607
2004-03-15,5.072312
2004-03-16,5.589193
2004-03-17,6.750264
2004-03-18,6.538128
2004-03-19,5.286020
2004-03-22,3.869910
2004-03-23,3.680209
2004-03-24,3.375365
2004-03-25,5.005295
2004-03-26,4.843454
2004-03-29,6.144656
2004-03-30,6.503343
2004-03-31,6.370646
2004-04-01,6.872754
2004-04-02,7.715771
2004-04-05,8.462415
2004-04-06,8.157508
2004-04-07,7.358412
2004-04-08,7.165889
2004-04-12,7.632975
2004-04-13,6.080157
2004-04-14,5.885327
2004-04-15,5.871522
2004-04-16,6.336740
2004-04-19,6.379317
2004-04-20,4.659461
2004-04-21,5.156549
2004-04-22,6.572516
2004-04-23,6.566209
2004-04-26,6.019803
2004-04-27,6.191295
2004-04-28,4.668524
2004-04-29,3.819075
2004-04-30,3.150443
2004-05-03,4.033902
2004-05-04,4.164481
2004-05-05,4.279460
2004-05-06,3.517810
2004-05-07,2.044783
2004-05-10,0.919809
2004-05-11,1.647441
2004-05-12,1.769680
2004-05-13,1.641255
2004-05-14,1.521738
2004-05-17,0.403320
2004-05-18,1.035650
2004-05-19,0.726192
2004-05-20,0.715719
2004-05-21,1.060720
2004-05-24,1.174981
2004-05-25,2.739988
2004-05-26,2.850661
2004-05-27,3.373093
2004-05-28,3.252741
2004-06-01,3.238486
2004-06-02,3.523449
2004-06-03,2.699831
2004-06-04,3.181777
2004-06-07,4.761546
2004-06-08,4.856323
2004-06-09,3.794367
2004-06-10,4.197703
2004-06-14,3.111898
2004-06-15,3.663436
2004-06-16,3.743288
2004-06-17,3.546318
2004-06-18,3.764336
2004-06-21,3.283719
2004-06-22,3.608892
2004-06-23,4.431755
2004-06-24,4.068704
2004-06-25,3.448712
2004-06-28,3.292559
2004-06-29,3.495812
2004-06-30,3.860659
2004-07-01,2.723930
2004-07-02,2.355273
2004-07-06,1.479597
2004-07-07,1.635952
2004-07-08,0.764685
2004-07-09,1.059532
2004-07-12,1.160188
2004-07-13,1.183335
2004-07-14,0.800848
2004-07-15,0.317375
2004-07-16,-0.205927
2004-07-19,-0.297719
2004-07-20,0.364860
2004-07-21,-1.007038
2004-07-22,-0.769249
2004-07-23,-1.754890
2004-07-26,-1.967416
2004-07-27,-1.021709
2004-07-28,-0.993733
2004-07-29,-0.568943
2004-07-30,-0.477736
2004-08-02,-0.060892
2004-08-03,-0.710478
2004-08-04,-0.827918
2004-08-05,-2.464660
2004-08-06,-3.982933
2004-08-09,-3.878451
2004-08-10,-2.652759
2004-08-11,-2.964355
2004-08-12,-4.112107
2004-08-13,-3.985088
2004-08-16,-2.688278
2004-08-17,-2.489373
2004-08-18,-1.297471
2004-08-19,-1.670525
2004-08-20,-1.046485
2004-08-23,-1.305890
2004-08-24,-1.279693
2004-08-25,-0.510901
2004-08-26,-0.522429
2004-08-27,-0.308395
2004-08-30,-1.107532
2004-08-31,-0.670004
2004-09-01,-0.541027
2004-09-02,0.543432
2004-09-03,0.091169
2004-09-07,0.741084
2004-09-08,0.255920
2004-09-09,0.407221
2004-09-10,0.864467
2004-09-13,1.001551
2004-09-14,1.192943
2004-09-15,0.451172
2004-09-16,0.702326
2004-09-17,1.128494
2004-09-20,0.534431
2004-09-21,1.141253
2004-09-22,-0.288011
2004-09-23,-0.774461
2004-09-24,-0.635944
2004-09-27,-1.244956
2004-09-28,-0.682351
2004-09-29,-0.277707
2004-09-30,-0.315426
2004-10-01,1.169141
2004-10-04,1.470049
2004-10-05,1.382085
2004-10-06,2.034475
2004-10-07,0.997015
2004-10-08,0.223775
2004-10-11,0.412012
2004-10-12,0.171849
2004-10-13,-0.567335
2004-10-14,-1.489608
2004-10-15,-1.050576
2004-10-18,-0.531844
2004-10-19,-1.492952
2004-10-20,-1.446386
2004-10-21,-1.186100
2004-10-22,-2.132749
2004-10-25,-2.200489
2004-10-26,-0.740521
2004-10-27,0.538693
2004-10-28,0.718133
2004-10-29,0.964839
2004-11-01,0.993232
2004-11-02,1.001885
2004-11-03,2.129086
2004-11-04,3.772620
2004-11-05,4.164265
2004-11-08,4.039086
2004-11-09,3.962694
2004-11-10,3.849464
2004-11-11,4.772323
2004-11-12,5.703146
2004-11-15,5.646173
2004-11-16,4.879521
2004-11-17,5.438780
2004-11-18,5.555564
2004-11-19,4.357987
2004-11-22,4.957120
2004-11-23,4.913004
2004-11-24,5.325664
2004-11-26,5.393298
2004-11-29,5.017315
2004-11-30,4.581012
2004-12-01,6.128373
2004-12-02,6.017540
2004-12-03,6.071527
2004-12-06,5.967830
2004-12-07,4.777582
2004-12-08,5.268058
2004-12-09,5.818853
2004-12-10,5.688257
2004-12-13,6.612903
2004-12-14,7.008364
2004-12-15,7.189458
2004-12-16,6.941512
2004-12-17,6.122152
2004-12-20,6.144325
2004-12-21,7.076187
2004-12-22,7.409241
2004-12-23,7.417844
2004-12-27,6.908812
2004-12-28,7.629246
2004-12-29,7.569280
2004-12-30,7.529135
2004-12-31,7.342774
2005-01-03,6.433618
2005-01-04,5.154956
2005-01-05,4.732525
2005-01-06,5.056044
2005-01-07,4.861705
2005-01-10,5.182936
2005-01-11,4.506766
2005-01-12,4.892627
2005-01-13,3.964230
2005-01-14,4.561572
2005-01-18,5.543457
2005-01-19,4.522090
2005-01-20,3.697231
2005-01-21,3.023075
2005-01-24,2.649119
2005-01-25,3.046939
2005-01-26,3.532930
2005-01-27,3.554670
2005-01-28,3.253758
2005-01-31,4.103257
2005-02-01,4.795317
2005-02-02,5.101791
2005-02-03,4.778012
2005-02-04,5.898275
2005-02-07,5.754195
2005-02-08,5.776526
2005-02-09,4.843423
2005-02-10,5.257702
2005-02-11,5.948065
2005-02-14,5.978931
2005-02-15,6.280628
2005-02-16,6.256622
2005-02-17,5.377153
2005-02-18,5.413836
2005-02-22,3.852766
2005-02-23,4.392946
2005-02-24,5.164873
2005-02-25,6.089745
2005-02-28,5.360207
2005-03-01,5.903515
2005-03-02,5.821684
2005-03-03,5.797332
2005-03-04,6.754624
2005-03-07,6.969449
2005-03-08,6.395639
2005-03-09,5.259891
2005-03-10,5.402914
2005-03-11,4.563957
2005-03-14,5.110012
2005-03-15,4.284456
2005-03-16,3.411306
2005-03-17,3.566471
2005-03-18,3.488634
2005-03-21,2.947935
2005-03-22,1.876457
2005-03-23,1.933530
2005-03-24,1.824092
2005-03-28,2.053642
2005-03-29,1.265711
2005-03-30,2.635379
2005-03-31,2.542497
2005-04-01,1.858899
2005-04-04,2.117249
2005-04-05,2.554177
2005-04-06,2.762833
2005-04-07,3.350987
2005-04-08,2.472012
2005-04-11,2.454855
2005-04-12,2.999166
2005-04-13,1.769885
2005-04-14,0.740716
2005-04-15,-0.944483
2005-04-18,-0.660538
2005-04-19,-0.082941
2005-04-20,-1.416431
2005-04-21,0.511108
2005-04-22,-0.185967
2005-04-25,0.657158
2005-04-26,-0.248588
2005-04-27,0.127578
2005-04-28,-1.025516
2005-04-29,0.132762
2005-05-02,0.565933
2005-05-03,0.454070
2005-05-04,1.677290
2005-05-05,1.381577
2005-05-06,1.238301
2005-05-09,1.844879
2005-05-10,0.718844
2005-05-11,1.107859
2005-05-12,0.065802
2005-05-13,-0.415549
2005-05-16,0.561117
2005-05-17,1.231422
2005-05-18,2.207788
2005-05-19,2.642758
2005-05-20,2.439720
2005-05-23,2.776725
2005-05-24,2.737819
2005-05-25,2.339646
2005-05-26,2.940170
2005-05-27,2.979889
2005-05-31,2.298835
2005-06-01,3.164801
2005-06-02,3.288114
2005-06-03,2.534477
2005-06-06,2.615465
2005-06-07,2.550583
2005-06-08,2.285378
2005-06-09,2.775265
2005-06-10,2.493072
2005-06-13,2.682852
2005-06-14,2.904789
2005-06-15,3.085672
2005-06-16,3.412738
2005-06-17,3.875868
2005-06-20,3.759158
2005-06-21,3.502563
2005-06-22,3.484737
2005-06-23,2.326843
2005-06-24,1.514561
2005-06-27,1.410747
2005-06-28,2.304392
2005-06-29,2.126856
2005-06-30,1.371049
2005-07-01,1.605014
2005-07-05,2.469139
2005-07-06,1.583092
2005-07-07,1.802508
2005-07-08,2.948462
2005-07-11,3.543532
2005-07-12,3.729369
2005-07-13,3.768296
2005-07-14,3.989231
2005-07-15,4.059729
2005-07-18,3.437609
2005-07-19,4.090756
2005-07-20,4.541810
2005-07-21,3.810529
2005-07-22,4.331851
2005-07-25,3.895380
2005-07-26,4.027503
2005-07-27,4.453612
2005-07-28,4.984849
2005-07-29,4.126596
2005-08-01,4.167271
2005-08-02,4.846694
2005-08-03,4.866336
2005-08-04,4.035016
2005-08-05,3.187042
2005-08-08,2.859757
2005-08-09,3.494519
2005-08-10,3.247128
2005-08-11,3.920945
2005-08-12,3.252485
2005-08-15,3.498301
2005-08-16,2.241283
2005-08-17,2.278273
2005-08-18,2.138152
2005-08-19,2.163214
2005-08-22,2.306678
2005-08-23,1.938050
2005-08-24,1.249335
2005-08-25,1.461533
2005-08-26,0.835314
2005-08-29,1.419633
2005-08-30,1.085619
2005-08-31,2.067151
2005-09-01,2.152817
2005-09-02,1.838925
2005-09-06,3.102532
2005-09-07,3.322289
2005-09-08,2.906947
2005-09-09,3.698616
2005-09-12,3.596336
2005-09-13,2.793857
2005-09-14,2.435783
2005-09-15,2.460304
2005-09-16,3.289823
2005-09-19,2.697494
2005-09-20,1.877118
2005-09-21,0.939483
2005-09-22,1.292285
2005-09-23,1.334439
2005-09-26,1.351635
2005-09-27,1.342453
2005-09-28,1.437290
2005-09-29,2.326361
2005-09-30,2.410691
2005-10-03,2.224826
2005-10-04,1.197115
2005-10-05,-0.310140
2005-10-06,-0.712663
2005-10-07,-0.339497
2005-10-10,-1.044284
2005-10-11,-1.241053
2005-10-12,-1.825663
2005-10-13,-1.880722
2005-10-14,-1.058355
2005-10-17,-0.754976
2005-10-18,-1.742535
2005-10-19,-0.276225
2005-10-20,-1.771614
2005-10-21,-1.618930
2005-10-24,0.026113
2005-10-25,-0.213353
2005-10-26,-0.647155
2005-10-27,-1.684291
2005-10-28,-0.065966
2005-10-31,0.641739
2005-11-01,0.284535
2005-11-02,1.272358
2005-11-03,1.685325
2005-11-04,1.679851
2005-11-07,1.877288
2005-11-08,1.504477
2005-11-09,1.656351
2005-11-10,2.490894
2005-11-11,2.776846
2005-11-14,2.674510
2005-11-15,2.262360
2005-11-16,2.429210
2005-11-17,3.370684
2005-11-18,3.806122
2005-11-21,4.330263
2005-11-22,4.835025
2005-11-23,5.166919
2005-11-25,5.355109
2005-11-28,4.436141
2005-11-29,4.415543
2005-11-30,3.734307
2005-12-01,4.971742
2005-12-02,4.977739
2005-12-05,4.703344
2005-12-06,4.802331
2005-12-07,4.248592
2005-12-08,4.097726
2005-12-09,4.369571
2005-12-12,4.432830
2005-12-13,4.988014
2005-12-14,5.400511
2005-12-15,5.225095
2005-12-16,4.905755
2005-12-19,4.278271
2005-12-20,4.236101
2005-12-21,4.474316
2005-12-22,4.889736
2005-12-23,4.904650
2005-12-27,3.881106
2005-12-28,3.989891
2005-12-29,3.651526
2005-12-30,3.120265
2006-01-03,4.780325
2006-01-04,5.126223
2006-01-05,5.083734
2006-01-06,6.022065
2006-01-09,6.357644
2006-01-10,6.269163
2006-01-11,6.582577
2006-01-12,5.868231
2006-01-13,5.949151
2006-01-17,5.516312
2006-01-18,5.061094
2006-01-19,5.600627
2006-01-20,3.632391
2006-01-23,3.792812
2006-01-24,4.005896
2006-01-25,3.791367
2006-01-26,4.505383
2006-01-27,5.269293
2006-01-30,5.336651
2006-01-31,4.858758
2006-02-01,4.995026
2006-02-02,3.993439
2006-02-03,3.382658
2006-02-06,3.419190
2006-02-07,2.539011
2006-02-08,3.383552
2006-02-09,3.183624
2006-02-10,3.399018
2006-02-13,3.011679
2006-02-14,3.994839
2006-02-15,4.309171
2006-02-16,5.018700
2006-02-17,4.796774
2006-02-21,4.407112
2006-02-22,5.139673
2006-02-23,4.696368
2006-02-24,4.777223
2006-02-27,5.105791
2006-02-28,3.961391
2006-03-01,4.761914
2006-03-02,4.539185
2006-03-03,4.336310
2006-03-06,3.570340
2006-03-07,3.341999
2006-03-08,3.514388
2006-03-09,2.976480
2006-03-10,3.683686
2006-03-13,3.863409
2006-03-14,4.900822
2006-03-15,5.304358
2006-03-16,5.442538
2006-03-17,5.552860
2006-03-20,5.334779
2006-03-21,4.658450
2006-03-22,5.242903
2006-03-23,4.926960
2006-03-24,4.984316
2006-03-27,4.833827
2006-03-28,4.119004
2006-03-29,4.853659
2006-03-30,4.600647
2006-03-31,4.130864
2006-04-03,4.330864
2006-04-04,4.946099
2006-04-05,5.358122
2006-04-06,5.115397
2006-04-07,3.994058
2006-04-10,4.043920
2006-04-11,3.198146
2006-04-12,3.282121
2006-04-13,3.326035
2006-04-17,2.986974
2006-04-18,4.697087
2006-04-19,4.860827
2006-04-20,4.938578
2006-04-21,4.875365
2006-04-24,4.575725
2006-04-25,4.029107
2006-04-26,4.286576
2006-04-27,4.594327
2006-04-28,4.628923
2006-05-01,4.163511
2006-05-02,4.767910
2006-05-03,4.325631
2006-05-04,4.620424
2006-05-05,5.659379
2006-05-08,5.530663
2006-05-09,5.530455
2006-05-10,5.308742
2006-05-11,3.930066
2006-05-12,2.739511
2006-05-15,2.978095
2006-05-16,2.761914
2006-05-17,1.017245
2006-05-18,0.333473
2006-05-19,0.739734
2006-05-22,0.334910
2006-05-23,-0.113520
2006-05-24,0.030575
2006-05-25,1.151251
2006-05-26,1.709146
2006-05-30,0.088325
2006-05-31,0.884325
2006-06-01,2.104013
2006-06-02,2.275371
2006-06-05,0.436939
2006-06-06,0.304781
2006-06-07,-0.320735
2006-06-08,-0.193819
2006-06-09,-0.654193
2006-06-12,-1.843898
2006-06-13,-2.938932
2006-06-14,-2.444902
2006-06-15,-0.390645
2006-06-16,-0.773963
2006-06-19,-1.686303
2006-06-20,-1.694317
2006-06-21,-0.750172
2006-06-22,-1.278065
2006-06-23,-1.368427
2006-06-26,-0.895562
2006-06-27,-1.794941
2006-06-28,-1.258174
2006-06-29,0.854542
2006-06-30,0.625826
2006-07-03,1.396168
2006-07-05,0.648009
2006-07-06,0.881846
2006-07-07,0.183391
2006-07-10,0.307952
2006-07-11,0.687789
2006-07-12,-0.423652
2006-07-13,-1.725194
2006-07-14,-2.214124
2006-07-17,-2.356182
2006-07-18,-2.172276
2006-07-19,-0.369286
2006-07-20,-1.222667
2006-07-21,-1.931716
2006-07-24,-0.326741
2006-07-25,0.272603
2006-07-26,0.205968
2006-07-27,-0.234747
2006-07-28,0.940235
2006-07-31,0.751655
2006-08-01,0.261445
2006-08-02,0.737337
2006-08-03,0.926994
2006-08-04,0.815031
2006-08-07,0.500456
2006-08-08,0.125557
2006-08-09,-0.343804
2006-08-10,0.088973
2006-08-11,-0.337562
2006-08-14,-0.252057
2006-08-15,1.071734
2006-08-16,1.807317
2006-08-17,1.932183
2006-08-18,2.270868
2006-08-21,1.862386
2006-08-22,1.932876
2006-08-23,1.446335
2006-08-24,1.657996
2006-08-25,1.551439
2006-08-28,2.043566
2006-08-29,2.210163
2006-08-30,2.267269
2006-08-31,2.117807
2006-09-01,2.647985
2006-09-05,2.790356
2006-09-06,1.750726
2006-09-07,1.244297
2006-09-08,1.610158
2006-09-11,1.643428
2006-09-12,2.677168
2006-09-13,3.053566
2006-09-14,2.889962
2006-09-15,3.129105
2006-09-18,3.218974
2006-09-19,2.921107
2006-09-20,3.485771
2006-09-21,2.904935
2006-09-22,2.630727
2006-09-25,3.507556
2006-09-26,4.253625
2006-09-27,4.240949
2006-09-28,4.387616
2006-09-29,4.123604
2006-10-02,3.746822
2006-10-03,3.938661
2006-10-04,5.158257
2006-10-05,5.355188
2006-10-06,5.035787
2006-10-09,5.083136
2006-10-10,5.262940
2006-10-11,4.959872
2006-10-12,5.917539
2006-10-13,6.090080
2006-10-16,6.309986
2006-10-17,5.873365
2006-10-18,5.969304
2006-10-19,6.020842
2006-10-20,6.108901
2006-10-23,6.723831
2006-10-24,6.715657
2006-10-25,7.052272
2006-10-26,7.544052
2006-10-27,6.597464
2006-10-30,6.605873
2006-10-31,6.567471
2006-11-01,5.747290
2006-11-02,5.677327
2006-11-03,5.400507
2006-11-06,6.548703
2006-11-07,6.737198
2006-11-08,6.909556
2006-11-09,6.296560
2006-11-10,6.454872
2006-11-13,6.685428
2006-11-14,7.316780
2006-11-15,7.527565
2006-11-16,7.719719
2006-11-17,7.773648
2006-11-20,7.663715
2006-11-21,7.779976
2006-11-22,7.973723
2006-11-24,7.522393
2006-11-27,6.018143
2006-11-28,6.332792
2006-11-29,7.260249
2006-11-30,7.298789
2006-12-01,6.954514
2006-12-04,7.854495
2006-12-05,8.231620
2006-12-06,8.039641
2006-12-07,7.561521
2006-12-08,7.706855
2006-12-11,7.902314
2006-12-12,7.735455
2006-12-13,7.811200
2006-12-14,8.691491
2006-12-15,8.755498
2006-12-18,8.344641
2006-12-19,8.516623
2006-12-20,8.303058
2006-12-21,7.845233
2006-12-22,7.219177
2006-12-26,7.631520
2006-12-27,8.333358
2006-12-28,8.123199
2006-12-29,7.589109
2007-01-03,7.415595
2007-01-04,7.501370
2007-01-05,6.801743
2007-01-08,6.995185
2007-01-09,6.895202
2007-01-10,7.057273
2007-01-11,7.686213
2007-01-12,8.152596
2007-01-16,8.188289
2007-01-17,8.038365
2007-01-18,7.663953
2007-01-19,7.921645
2007-01-22,7.304678
2007-01-23,7.637495
2007-01-24,8.498967
2007-01-25,7.224343
2007-01-26,7.044218
2007-01-29,6.872880
2007-01-30,7.432903
2007-01-31,8.080603
2007-02-01,8.593704
2007-02-02,8.720102
2007-02-05,8.559169
2007-02-06,8.579331
2007-02-07,8.674274
2007-02-08,8.489120
2007-02-09,7.666348
2007-02-12,7.263826
2007-02-13,8.024382
2007-02-14,8.791261
2007-02-15,8.842459
2007-02-16,8.689783
2007-02-20,8.937286
2007-02-21,8.725306
2007-02-22,8.579174
2007-02-23,8.141226
2007-02-26,7.955636
2007-02-27,4.177273
2007-02-28,4.717252
2007-03-01,4.402079
2007-03-02,3.176037
2007-03-05,2.174217
2007-03-06,3.709030
2007-03-07,3.403345
2007-03-08,4.088123
2007-03-09,4.104251
2007-03-12,4.325207
2007-03-13,2.155057
2007-03-14,2.795045
2007-03-15,3.130872
2007-03-16,2.687724
2007-03-19,3.755765
2007-03-20,4.364538
2007-03-21,6.089570
2007-03-22,5.986300
2007-03-23,6.034815
2007-03-26,6.066436
2007-03-27,5.344149
2007-03-28,4.441490
2007-03-29,4.760626
2007-03-30,4.561724
2007-04-02,4.758301
2007-04-03,5.659913
2007-04-04,5.704540
2007-04-05,5.947716
2007-04-09,5.930609
2007-04-10,6.131450
2007-04-11,5.359262
2007-04-12,5.934304
2007-04-13,6.225188
2007-04-16,7.267156
2007-04-17,7.408815
2007-04-18,7.405016
2007-04-19,7.197512
2007-04-20,8.109799
2007-04-23,7.778285
2007-04-24,7.659607
2007-04-25,8.660327
2007-04-26,8.485875
2007-04-27,8.385598
2007-04-30,7.449626
2007-05-01,7.639301
2007-05-02,8.234201
2007-05-03,8.597073
2007-05-04,8.724937
2007-05-07,8.905502
2007-05-08,8.677144
2007-05-09,8.920566
2007-05-10,7.311358
2007-05-11,8.253714
2007-05-14,7.968515
2007-05-15,7.735642
2007-05-16,8.573242
2007-05-17,8.381829
2007-05-18,8.999953
2007-05-21,9.071475
2007-05-22,8.906426
2007-05-23,8.680627
2007-05-24,7.537188
2007-05-25,8.029441
2007-05-29,8.101929
2007-05-30,8.864808
2007-05-31,8.790438
2007-06-01,9.093038
2007-06-04,9.196389
2007-06-05,8.521845
2007-06-06,7.476170
2007-06-07,5.517427
2007-06-08,6.637889
2007-06-11,6.661118
2007-06-12,5.447262
2007-06-13,6.965442
2007-06-14,7.394263
2007-06-15,8.007183
2007-06-18,7.790017
2007-06-19,7.889861
2007-06-20,6.344258
2007-06-21,6.922148
2007-06-22,5.473173
2007-06-25,5.062005
2007-06-26,4.648800
2007-06-27,5.514909
2007-06-28,5.394675
2007-06-29,5.159428
2007-07-02,6.209431
2007-07-03,6.512037
2007-07-05,6.472554
2007-07-06,6.746381
2007-07-09,6.764971
2007-07-10,5.182673
2007-07-11,5.710568
2007-07-12,7.637630
2007-07-13,7.886624
2007-07-16,7.599841
2007-07-17,7.509997
2007-07-18,7.210849
2007-07-19,7.608936
2007-07-20,6.219242
2007-07-23,6.659849
2007-07-24,4.489372
2007-07-25,4.917072
2007-07-26,2.421369
2007-07-27,0.745807
2007-07-30,1.736532
2007-07-31,0.413407
2007-08-01,1.104748
2007-08-02,1.508181
2007-08-03,-1.212311
2007-08-06,1.137400
2007-08-07,1.721470
2007-08-08,3.106525
2007-08-09,0.020362
2007-08-10,0.031845
2007-08-13,-0.043679
2007-08-14,-1.873500
2007-08-15,-3.244091
2007-08-16,-2.941078
2007-08-17,-0.579934
2007-08-20,-0.629839
2007-08-21,-0.549028
2007-08-22,0.582398
2007-08-23,0.440662
2007-08-24,1.564516
2007-08-27,0.671842
2007-08-28,-1.706967
2007-08-29,0.418366
2007-08-30,-0.027800
2007-08-31,1.062521
2007-09-04,2.086798
2007-09-05,0.886505
2007-09-06,1.288121
2007-09-07,-0.442357
2007-09-10,-0.586507
2007-09-11,0.745038
2007-09-12,0.727261
2007-09-13,1.546494
2007-09-14,1.531492
2007-09-17,0.980549
2007-09-18,3.887257
2007-09-19,4.473709
2007-09-20,3.728060
2007-09-21,4.164661
2007-09-24,3.580717
2007-09-25,3.508385
2007-09-26,4.026581
2007-09-27,4.389762
2007-09-28,4.033828
2007-10-01,5.367769
2007-10-02,5.292002
2007-10-03,4.772036
2007-10-04,4.951869
2007-10-05,5.906571
2007-10-08,5.520351
2007-10-09,6.323500
2007-10-10,6.089489
2007-10-11,5.490785
2007-10-12,5.940222
2007-10-15,5.008890
2007-10-16,4.278418
2007-10-17,4.418589
2007-10-18,4.296371
2007-10-19,1.596457
2007-10-22,1.949013
2007-10-23,2.809317
2007-10-24,2.522327
2007-10-25,2.387765
2007-10-26,3.760355
2007-10-29,4.106795
2007-10-30,3.399291
2007-10-31,4.597308
2007-11-01,1.805278
2007-11-02,1.859741
2007-11-05,1.327967
2007-11-06,2.516983
2007-11-07,-0.505825
2007-11-08,-0.580185
2007-11-09,-2.011009
2007-11-12,-2.995814
2007-11-13,-0.191244
2007-11-14,-0.907628
2007-11-15,-2.218595
2007-11-16,-1.710595
2007-11-19,-3.422289
2007-11-20,-2.986310
2007-11-21,-4.520739
2007-11-23,-2.905558
2007-11-26,-5.152049
2007-11-27,-3.734287
2007-11-28,-0.993214
2007-11-29,-0.950853
2007-11-30,-0.189402
2007-12-03,-0.782664
2007-12-04,-1.432604
2007-12-05,0.055418
2007-12-06,1.542510
2007-12-07,1.343723
2007-12-10,2.081917
2007-12-11,-0.524131
2007-12-12,0.050845
2007-12-13,0.144614
2007-12-14,-1.258835
2007-12-17,-2.765489
2007-12-18,-2.174471
2007-12-19,-2.327634
2007-12-20,-1.868225
2007-12-21,-0.259741
2007-12-24,0.515521
2007-12-26,0.556374
2007-12-27,-0.909441
2007-12-28,-0.789137
2007-12-31,-1.495794
2008-01-02,-2.932666
2008-01-03,-2.944456
2008-01-04,-5.319888
2008-01-07,-5.008861
2008-01-08,-6.737800
2008-01-09,-5.458192
2008-01-10,-4.704114
2008-01-11,-5.994587
2008-01-14,-4.970686
2008-01-15,-7.326884
2008-01-16,-7.831092
2008-01-17,-10.481124
2008-01-18,-10.988184
2008-01-22,-11.935481
2008-01-23,-10.015134
2008-01-24,-9.080205
2008-01-25,-10.490697
2008-01-28,-8.891202
2008-01-29,-8.302056
2008-01-30,-8.704332
2008-01-31,-7.144045
2008-02-01,-5.983314
2008-02-04,-6.938812
2008-02-05,-9.871483
2008-02-06,-10.511983
2008-02-07,-9.762621
2008-02-08,-10.092153
2008-02-11,-9.515290
2008-02-12,-8.813102
2008-02-13,-7.536598
2008-02-14,-8.735178
2008-02-15,-8.613605
2008-02-19,-8.648016
2008-02-20,-7.840623
2008-02-21,-8.974983
2008-02-22,-8.209539
2008-02-25,-6.897211
2008-02-26,-6.218070
2008-02-27,-6.264257
2008-02-28,-7.059671
2008-02-29,-9.524965
2008-03-03,-9.420399
2008-03-04,-9.675532
2008-03-05,-9.143915
2008-03-06,-11.077150
2008-03-07,-11.755614
2008-03-10,-13.046344
2008-03-11,-9.760195
2008-03-12,-10.508677
2008-03-13,-9.987503
2008-03-14,-11.785192
2008-03-17,-12.499373
2008-03-18,-8.724198
2008-03-19,-10.867436
2008-03-20,-8.670058
2008-03-24,-7.217374
2008-03-25,-6.959572
2008-03-26,-7.722302
2008-03-27,-8.722270
2008-03-28,-9.392493
2008-03-31,-8.816576
2008-04-01,-5.493653
2008-04-02,-5.622607
2008-04-03,-5.446991
2008-04-04,-5.318345
2008-04-07,-5.124507
2008-04-08,-5.557243
2008-04-09,-6.273489
2008-04-10,-5.809443
2008-04-11,-7.677348
2008-04-14,-7.932983
2008-04-15,-7.454553
2008-04-16,-5.309058
2008-04-17,-5.199467
2008-04-18,-3.434784
2008-04-21,-3.538830
2008-04-22,-4.337324
2008-04-23,-4.009216
2008-04-24,-3.350041
2008-04-25,-2.681378
2008-04-28,-2.732480
2008-04-29,-3.056174
2008-04-30,-3.373849
2008-05-01,-1.669597
2008-05-02,-1.305899
2008-05-05,-1.703390
2008-05-06,-0.911149
2008-05-07,-2.655355
2008-05-08,-2.259418
2008-05-09,-2.872683
2008-05-12,-1.775092
2008-05-13,-1.793664
2008-05-14,-1.377769
2008-05-15,-0.322845
2008-05-16,-0.184070
2008-05-19,-0.078487
2008-05-20,-0.998302
2008-05-21,-2.561366
2008-05-22,-2.278137
2008-05-23,-3.527987
2008-05-27,-2.844447
2008-05-28,-2.437946
2008-05-29,-1.898651
2008-05-30,-1.740896
2008-06-02,-2.765862
2008-06-03,-3.317232
2008-06-04,-3.325499
2008-06-05,-1.426360
2008-06-06,-4.442227
2008-06-09,-4.332015
2008-06-10,-4.530363
2008-06-11,-6.095784
2008-06-12,-5.745748
2008-06-13,-4.303228
2008-06-16,-4.260587
2008-06-17,-4.873145
2008-06-18,-5.751812
2008-06-19,-5.349288
2008-06-20,-7.053819
2008-06-23,-6.996233
2008-06-24,-7.212434
2008-06-25,-6.627479
2008-06-26,-9.309063
2008-06-27,-9.584475
2008-06-30,-9.404557
2008-07-01,-8.992836
2008-07-02,-10.581372
2008-07-03,-10.401984
2008-07-07,-11.066004
2008-07-08,-9.468207
2008-07-09,-11.441717
2008-07-10,-10.738778
2008-07-11,-11.641302
2008-07-14,-12.346163
2008-07-15,-13.203691
2008-07-16,-10.938746
2008-07-17,-9.776393
2008-07-18,-9.658146
2008-07-21,-9.616334
2008-07-22,-8.309447
2008-07-23,-7.845688
2008-07-24,-9.879533
2008-07-25,-9.403770
2008-07-28,-10.983362
2008-07-29,-8.808535
2008-07-30,-7.195220
2008-07-31,-8.321834
2008-08-01,-8.741420
2008-08-04,-9.463864
2008-08-05,-6.777556
2008-08-06,-6.393056
2008-08-07,-7.991523
2008-08-08,-5.716690
2008-08-11,-4.989355
2008-08-12,-6.057436
2008-08-13,-6.246158
2008-08-14,-5.643141
2008-08-15,-5.177992
2008-08-18,-6.517151
2008-08-19,-7.306016
2008-08-20,-6.651258
2008-08-21,-6.341373
2008-08-22,-5.200729
2008-08-25,-6.989976
2008-08-26,-6.577398
2008-08-27,-5.772084
2008-08-28,-4.325017
2008-08-29,-5.569186
2008-09-02,-5.888793
2008-09-03,-6.019336
2008-09-04,-8.756806
2008-09-05,-8.287930
2008-09-08,-6.347473
2008-09-09,-9.480319
2008-09-10,-8.853379
2008-09-11,-7.540879
2008-09-12,-7.284146
2008-09-15,-11.563888
2008-09-16,-9.928670
2008-09-17,-14.071142
2008-09-18,-10.258171
2008-09-19,-6.573303
2008-09-22,-10.052580
2008-09-23,-11.353296
2008-09-24,-11.423284
2008-09-25,-9.578577
2008-09-26,-9.182960
2008-09-29,-17.063007
2008-09-30,-12.464264
2008-10-01,-12.761560
2008-10-02,-16.172029
2008-10-03,-17.193445
2008-10-06,-20.264011
2008-10-07,-24.708694
2008-10-08,-25.421173
2008-10-09,-30.948291
2008-10-10,-31.604985
2008-10-13,-23.547315
2008-10-14,-23.814744
2008-10-15,-30.549481
2008-10-16,-27.458377
2008-10-17,-27.768827
2008-10-20,-24.200433
2008-10-21,-26.404511
2008-10-22,-30.763128
2008-10-23,-29.752521
2008-10-24,-32.033956
2008-10-27,-34.051731
2008-10-28,-26.801305
2008-10-29,-27.485052
2008-10-30,-25.492148
2008-10-31,-24.239480
2008-11-03,-24.324884
2008-11-04,-21.141280
2008-11-05,-25.182158
2008-11-06,-28.817818
2008-11-07,-26.648588
2008-11-10,-27.452465
2008-11-11,-28.921497
2008-11-12,-32.475625
2008-11-13,-27.668197
2008-11-14,-30.540440
2008-11-17,-32.190275
2008-11-18,-31.392574
2008-11-19,-35.454318
2008-11-20,-39.645670
2008-11-21,-35.691383
2008-11-24,-31.394796
2008-11-25,-30.808437
2008-11-26,-28.225152
2008-11-28,-27.400171
2008-12-01,-33.739740
2008-12-02,-30.953137
2008-12-03,-29.027992
2008-12-04,-30.968161
2008-12-05,-28.308880
2008-12-08,-25.415828
2008-12-09,-26.992597
2008-12-10,-25.978048
2008-12-11,-27.942920
2008-12-12,-27.301282
2008-12-15,-28.086008
2008-12-16,-24.262817
2008-12-17,-24.855583
2008-12-18,-26.317567
2008-12-19,-25.976257
2008-12-22,-27.209140
2008-12-23,-27.778519
2008-12-24,-27.226850
2008-12-26,-26.701066
2008-12-29,-26.856319
2008-12-30,-24.949246
2008-12-31,-23.749314
2009-01-02,-21.217263
2009-01-05,-21.451541
2009-01-06,-20.698093
2009-01-07,-22.931991
2009-01-08,-22.528139
2009-01-09,-24.037694
2009-01-12,-25.610515
2009-01-13,-25.335842
2009-01-14,-27.670694
2009-01-15,-27.411371
2009-01-16,-26.698779
2009-01-20,-30.400677
2009-01-21,-27.206256
2009-01-22,-28.142504
2009-01-23,-27.591800
2009-01-26,-27.023300
2009-01-27,-26.068909
2009-01-28,-23.435947
2009-01-29,-25.812785
2009-01-30,-27.331590
2009-02-02,-27.197309
2009-02-03,-25.864143
2009-02-04,-26.238105
2009-02-05,-24.854415
2009-02-06,-22.657627
2009-02-09,-22.363392
2009-02-10,-25.988516
2009-02-11,-25.211507
2009-02-12,-24.894228
2009-02-13,-25.457839
2009-02-17,-28.654461
2009-02-18,-28.520167
2009-02-19,-29.177850
2009-02-20,-29.779214
2009-02-23,-32.014555
2009-02-24,-29.085578
2009-02-25,-29.640220
2009-02-26,-30.542602
2009-02-27,-31.969702
2009-03-02,-34.928148
2009-03-03,-35.126017
2009-03-04,-33.363900
2009-03-05,-35.975431
2009-03-06,-35.677341
2009-03-09,-36.107342
2009-03-10,-31.822513
2009-03-11,-31.443182
2009-03-12,-28.435144
2009-03-13,-27.662611
2009-03-16,-27.694201
2009-03-17,-25.146931
2009-03-18,-23.367695
2009-03-19,-24.145121
2009-03-20,-25.425151
2009-03-23,-19.922641
2009-03-24,-21.345203
2009-03-25,-20.375215
2009-03-26,-18.308309
2009-03-27,-19.763473
2009-03-30,-22.346317
2009-03-31,-21.108100
2009-04-01,-19.583627
2009-04-02,-17.061113
2009-04-03,-16.047302
2009-04-06,-16.535846
2009-04-07,-18.321884
2009-04-08,-17.154979
2009-04-09,-13.804398
2009-04-13,-13.384150
2009-04-14,-14.932577
2009-04-15,-13.679057
2009-04-16,-12.153199
2009-04-17,-11.530149
2009-04-20,-15.130490
2009-04-21,-13.144047
2009-04-22,-13.630886
2009-04-23,-12.585151
2009-04-24,-10.943896
2009-04-27,-11.660615
2009-04-28,-11.727964
2009-04-29,-9.655030
2009-04-30,-9.580925
2009-05-01,-8.919450
2009-05-04,-5.661859
2009-05-05,-5.844860
2009-05-06,-4.035964
2009-05-07,-5.119929
2009-05-08,-2.656630
2009-05-11,-4.579140
2009-05-12,-4.497444
2009-05-13,-6.894449
2009-05-14,-5.746923
2009-05-15,-6.624585
2009-05-18,-3.604658
2009-05-19,-3.592194
2009-05-20,-3.910666
2009-05-21,-5.321233
2009-05-22,-5.259932
2009-05-26,-2.582989
2009-05-27,-4.224448
2009-05-28,-2.539440
2009-05-29,-1.019397
2009-06-01,1.723891
2009-06-02,2.117444
2009-06-03,0.914285
2009-06-04,2.259291
2009-06-05,2.183193
2009-06-08,2.266344
2009-06-09,2.812291
2009-06-10,2.652153
2009-06-11,3.461594
2009-06-12,3.790976
2009-06-15,1.523319
2009-06-16,0.446475
2009-06-17,0.513685
2009-06-18,1.560425
2009-06-19,2.076368
2009-06-22,-0.858377
2009-06-23,-0.437799
2009-06-24,0.416662
2009-06-25,2.744233
2009-06-26,2.772046
2009-06-29,3.890657
2009-06-30,3.196549
2009-07-01,3.803624
2009-07-02,0.958315
2009-07-06,1.364427
2009-07-07,-0.448050
2009-07-08,-0.402851
2009-07-09,0.134362
2009-07-10,-0.093204
2009-07-13,2.563833
2009-07-14,3.287385
2009-07-15,6.518179
2009-07-16,7.540426
2009-07-17,7.638305
2009-07-20,8.999736
2009-07-21,9.495305
2009-07-22,9.527990
2009-07-23,12.130737
2009-07-24,12.482819
2009-07-27,12.820011
2009-07-28,12.480925
2009-07-29,11.918891
2009-07-30,13.261020
2009-07-31,13.351659
2009-08-03,15.028132
2009-08-04,15.335428
2009-08-05,14.958405
2009-08-06,14.304150
2009-08-07,15.803514
2009-08-10,15.343243
2009-08-11,13.826771
2009-08-12,15.053663
2009-08-13,15.736800
2009-08-14,14.707735
2009-08-17,11.893104
2009-08-18,13.005373
2009-08-19,13.762696
2009-08-20,14.981297
2009-08-21,17.108945
2009-08-24,16.996424
2009-08-25,17.191343
2009-08-26,17.140169
2009-08-27,17.391278
2009-08-28,17.071233
2009-08-31,16.014626
2009-09-01,13.392032
2009-09-02,12.940315
2009-09-03,13.805721
2009-09-04,15.195807
2009-09-08,16.070783
2009-09-09,16.788395
2009-09-10,17.843034
2009-09-11,17.557243
2009-09-14,18.174584
2009-09-15,18.435098
2009-09-16,20.133347
2009-09-17,19.598224
2009-09-18,19.766110
2009-09-21,19.228429
2009-09-22,19.860367
2009-09-23,18.531053
2009-09-24,17.311243
2009-09-25,16.495474
2009-09-28,18.462029
2009-09-29,18.074862
2009-09-30,17.565813
2009-10-01,14.434730
2009-10-02,13.848280
2009-10-05,15.454564
2009-10-06,16.927002
2009-10-07,17.133880
2009-10-08,17.882312
2009-10-09,18.410782
2009-10-12,18.793619
2009-10-13,18.331595
2009-10-14,20.260244
2009-10-15,20.623452
2009-10-16,19.525393
2009-10-19,20.539552
2009-10-20,19.680004
2009-10-21,18.525016
2009-10-22,19.664406
2009-10-23,18.097240
2009-10-26,16.600830
2009-10-27,16.091449
2009-10-28,13.716870
2009-10-29,16.136225
2009-10-30,12.758702
2009-11-02,13.367816
2009-11-03,13.494678
2009-11-04,13.485948
2009-11-05,15.519130
2009-11-06,15.659648
2009-11-09,18.067985
2009-11-10,17.902959
2009-11-11,18.352989
2009-11-12,16.986190
2009-11-13,17.488462
2009-11-16,19.006762
2009-11-17,18.942759
2009-11-18,18.710574
2009-11-19,16.960991
2009-11-20,16.446410
2009-11-23,17.883281
2009-11-24,17.645847
2009-11-25,18.001908
2009-11-27,15.810641
2009-11-30,16.084377
2009-12-01,17.287485
2009-12-02,17.128946
2009-12-03,15.948322
2009-12-04,16.381066
2009-12-07,15.874362
2009-12-08,14.494782
2009-12-09,14.716148
2009-12-10,15.175370
2009-12-11,15.375765
2009-12-14,15.928899
2009-12-15,15.039493
2009-12-16,14.932810
2009-12-17,13.332569
2009-12-18,13.746834
2009-12-21,14.682759
2009-12-22,14.855900
2009-12-23,14.884324
2009-12-24,15.266165
2009-12-28,15.180431
2009-12-29,14.800797
2009-12-30,14.619757
2009-12-31,13.283007
2010-01-04,14.896800
2010-01-05,15.040134
2010-01-06,14.920134
2010-01-07,15.184641
2010-01-08,15.323954
2010-01-11,15.342932
2010-01-12,14.077171
2010-01-13,14.820530
2010-01-14,14.897281
2010-01-15,13.469291
2010-01-19,14.706677
2010-01-20,13.324037
2010-01-21,11.021796
2010-01-22,8.414778
2010-01-25,8.766593
2010-01-26,8.183040
2010-01-27,8.582585
2010-01-28,7.170541
2010-01-29,6.000973
2010-02-01,7.394524
2010-02-02,8.662541
2010-02-03,7.926908
2010-02-04,4.456555
2010-02-05,4.644720
2010-02-08,3.613078
2010-02-09,4.859187
2010-02-10,4.517268
2010-02-11,5.413871
2010-02-12,5.020942
2010-02-16,6.795611
2010-02-17,7.132219
2010-02-18,7.732943
2010-02-19,7.860701
2010-02-22,7.649241
2010-02-23,6.249757
2010-02-24,7.190986
2010-02-25,6.867538
2010-02-26,6.916132
2010-03-01,7.881211
2010-03-02,8.014998
2010-03-03,7.938384
2010-03-04,8.230314
2010-03-05,9.624544
2010-03-08,9.481434
2010-03-09,9.536164
2010-03-10,9.895284
2010-03-11,10.212607
2010-03-12,10.053187
2010-03-15,9.974722
2010-03-16,10.703076
2010-03-17,11.228961
2010-03-18,11.075606
2010-03-19,10.390652
2010-03-22,10.835325
2010-03-23,11.506047
2010-03-24,10.773281
2010-03-25,10.467504
2010-03-26,10.429994
2010-03-29,10.937704
2010-03-30,10.823466
2010-03-31,10.332719
2010-04-01,11.011336
2010-04-05,11.745739
2010-04-06,11.791365
2010-04-07,10.998143
2010-04-08,11.219529
2010-04-09,11.806078
2010-04-12,11.848877
2010-04-13,11.780792
2010-04-14,12.873433
2010-04-15,12.818939
2010-04-16,10.858762
2010-04-19,11.218202
2010-04-20,11.952885
2010-04-21,11.679709
2010-04-22,11.762982
2010-04-23,12.383651
2010-04-26,11.730921
2010-04-27,8.965463
2010-04-28,9.523333
2010-04-29,10.787667
2010-04-30,8.816433
2010-05-03,10.112141
2010-05-04,7.372562
2010-05-05,6.560669
2010-05-06,3.031333
2010-05-07,1.381507
2010-05-10,5.751150
2010-05-11,5.307126
2010-05-12,6.661920
2010-05-13,5.281283
2010-05-14,3.226628
2010-05-17,3.270655
2010-05-18,1.743030
2010-05-19,1.169439
2010-05-20,-2.802807
2010-05-21,-1.380483
2010-05-24,-2.687244
2010-05-25,-2.680830
2010-05-26,-3.258423
2010-05-27,-0.127106
2010-05-28,-1.400318
2010-06-01,-3.118233
2010-06-02,-0.656925
2010-06-03,-0.309945
2010-06-04,-3.773132
2010-06-07,-5.098440
2010-06-08,-4.080464
2010-06-09,-4.663113
2010-06-10,-1.877174
2010-06-11,-1.475714
2010-06-14,-1.680809
2010-06-15,0.590886
2010-06-16,0.496132
2010-06-17,0.581803
2010-06-18,0.660091
2010-06-21,0.218398
2010-06-22,-1.433031
2010-06-23,-1.760736
2010-06-24,-3.432479
2010-06-25,-3.175250
2010-06-28,-3.385404
2010-06-29,-6.381474
2010-06-30,-7.320473
2010-07-01,-7.610304
2010-07-02,-8.021960
2010-07-06,-7.513478
2010-07-07,-4.612354
2010-07-08,-3.716922
2010-07-09,-3.026058
2010-07-12,-2.962790
2010-07-13,-1.490209
2010-07-14,-1.527981
2010-07-15,-1.425045
2010-07-16,-4.267760
2010-07-19,-3.701234
2010-07-20,-2.625307
2010-07-21,-3.892799
2010-07-22,-1.752588
2010-07-23,-0.966317
2010-07-26,0.117056
2010-07-27,-0.009712
2010-07-28,-0.717278
2010-07-29,-1.141399
2010-07-30,-1.147724
2010-08-02,1.013915
2010-08-03,0.518639
2010-08-04,1.108947
2010-08-05,0.968054
2010-08-06,0.580272
2010-08-09,1.110730
2010-08-10,0.494680
2010-08-11,-2.341456
2010-08-12,-2.873989
2010-08-13,-3.271650
2010-08-16,-3.275927
2010-08-17,-2.108239
2010-08-18,-1.988541
2010-08-19,-3.662535
2010-08-20,-4.026716
2010-08-23,-4.423405
2010-08-24,-5.804229
2010-08-25,-5.488475
2010-08-26,-6.195513
2010-08-27,-4.627460
2010-08-30,-6.010391
2010-08-31,-5.957687
2010-09-01,-3.177281
2010-09-02,-2.289643
2010-09-03,-0.995432
2010-09-07,-2.123253
2010-09-08,-1.494807
2010-09-09,-1.024480
2010-09-10,-0.544605
2010-09-13,0.555072
2010-09-14,0.478650
2010-09-15,0.819287
2010-09-16,0.769447
2010-09-17,0.845211
2010-09-20,2.363698
2010-09-21,2.083010
2010-09-22,1.577536
2010-09-23,0.721527
2010-09-24,2.830140
2010-09-27,2.226213
2010-09-28,2.701207
2010-09-29,2.417881
2010-09-30,2.089681
2010-10-01,2.522986
2010-10-04,1.686556
2010-10-05,3.777863
2010-10-06,3.681474
2010-10-07,3.490405
2010-10-08,4.102079
2010-10-11,4.096460
2010-10-12,4.473779
2010-10-13,5.194101
2010-10-14,4.788775
2010-10-15,4.977911
2010-10-18,5.705508
2010-10-19,4.011924
2010-10-20,5.087030
2010-10-21,5.253204
2010-10-22,5.485213
2010-10-25,5.692538
2010-10-26,5.676113
2010-10-27,5.370074
2010-10-28,5.470695
2010-10-29,5.408022
2010-11-01,5.485077
2010-11-02,6.283053
2010-11-03,6.645516
2010-11-04,8.651370
2010-11-05,9.012549
2010-11-08,8.720200
2010-11-09,7.786684
2010-11-10,8.200117
2010-11-11,7.679452
2010-11-12,6.348781
2010-11-15,6.168202
2010-11-16,4.412987
2010-11-17,4.397530
2010-11-18,5.938121
2010-11-19,6.144503
2010-11-22,5.911179
2010-11-23,4.347499
2010-11-24,5.843769
2010-11-26,5.001829
2010-11-29,4.805118
2010-11-30,4.129566
2010-12-01,6.330560
2010-12-02,7.639103
2010-12-03,7.864403
2010-12-06,7.669791
2010-12-07,7.664049
2010-12-08,8.004138
2010-12-09,8.357211
2010-12-10,8.942472
2010-12-13,8.888084
2010-12-14,8.928337
2010-12-15,8.315032
2010-12-16,8.927708
2010-12-17,8.968620
2010-12-20,9.194379
2010-12-21,9.797961
2010-12-22,10.114471
2010-12-23,9.882209
2010-12-27,9.897864
2010-12-28,9.930753
2010-12-29,9.993495
2010-12-30,9.783667
2010-12-31,9.718763
2011-01-03,10.906043
2011-01-04,10.710028
2011-01-05,11.214747
2011-01-06,10.927360
2011-01-07,10.671756
2011-01-10,10.469840
2011-01-11,10.832533
2011-01-12,11.776097
2011-01-13,11.529460
2011-01-14,12.296888
2011-01-18,12.398956
2011-01-19,11.217332
2011-01-20,11.026202
2011-01-21,11.247422
2011-01-24,11.849925
2011-01-25,11.833510
2011-01-26,12.257260
2011-01-27,12.465924
2011-01-28,10.427222
2011-01-31,11.228152
2011-02-01,13.031152
2011-02-02,12.676251
2011-02-03,12.892175
2011-02-04,13.167840
2011-02-07,13.824025
2011-02-08,14.244886
2011-02-09,13.859273
2011-02-10,13.880553
2011-02-11,14.447408
2011-02-14,14.648475
2011-02-15,14.215801
2011-02-16,14.850133
2011-02-17,15.117024
2011-02-18,15.232278
2011-02-22,12.767762
2011-02-23,12.007633
2011-02-24,11.824255
2011-02-25,12.932408
2011-02-28,13.478011
2011-03-01,11.610480
2011-03-02,11.708911
2011-03-03,13.530571
2011-03-04,12.593967
2011-03-07,11.541417
2011-03-08,12.424621
2011-03-09,12.154026
2011-03-10,9.934323
2011-03-11,10.601778
2011-03-14,9.842672
2011-03-15,8.523911
2011-03-16,6.324452
2011-03-17,7.669160
2011-03-18,8.052685
2011-03-21,9.563897
2011-03-22,9.062926
2011-03-23,9.272249
2011-03-24,10.175112
2011-03-25,10.417980
2011-03-28,10.013515
2011-03-29,10.683424
2011-03-30,11.323841
2011-03-31,11.021904
2011-04-01,11.471920
2011-04-04,11.410035
2011-04-05,11.287916
2011-04-06,11.419171
2011-04-07,11.137870
2011-04-08,10.575565
2011-04-11,10.153106
2011-04-12,9.187693
2011-04-13,9.084673
2011-04-14,8.965473
2011-04-15,9.260834
2011-04-18,7.930768
2011-04-19,8.421767
2011-04-20,9.764643
2011-04-21,10.222381
2011-04-25,9.930280
2011-04-26,10.794954
2011-04-27,11.368195
2011-04-28,11.642492
2011-04-29,11.776831
2011-05-02,11.445560
2011-05-03,10.939353
2011-05-04,10.060098
2011-05-05,8.943727
2011-05-06,9.249995
2011-05-09,9.637574
2011-05-10,10.413924
2011-05-11,9.085781
2011-05-12,9.511867
2011-05-13,8.524308
2011-05-16,7.751388
2011-05-17,7.623087
2011-05-18,8.473855
2011-05-19,8.615036
2011-05-20,7.689672
2011-05-23,6.321366
2011-05-24,6.152656
2011-05-25,6.404999
2011-05-26,6.724057
2011-05-27,7.052942
2011-05-31,8.071349
2011-06-01,5.509311
2011-06-02,5.286954
2011-06-03,4.176064
2011-06-06,2.968256
2011-06-07,2.782039
2011-06-08,2.264913
2011-06-09,2.921843
2011-06-10,1.395716
2011-06-13,1.372700
2011-06-14,2.559929
2011-06-15,0.685324
2011-06-16,0.774436
2011-06-17,1.004529
2011-06-20,1.473591
2011-06-21,2.757819
2011-06-22,2.014121
2011-06-23,1.651253
2011-06-24,0.394006
2011-06-27,1.247736
2011-06-28,2.487487
2011-06-29,3.260336
2011-06-30,4.224756
2011-07-01,5.636979
2011-07-05,5.407604
2011-07-06,5.431559
2011-07-07,6.444294
2011-07-08,5.616290
2011-07-11,3.626365
2011-07-12,3.100148
2011-07-13,3.349160
2011-07-14,2.590213
2011-07-15,3.090790
2011-07-18,2.186944
2011-07-19,3.780169
2011-07-20,3.634020
2011-07-21,4.962776
2011-07-22,4.982195
2011-07-25,4.316756
2011-07-26,3.821007
2011-07-27,1.657244
2011-07-28,1.276848
2011-07-29,0.578848
2011-08-01,0.119148
2011-08-02,-2.469101
2011-08-03,-2.008736
2011-08-04,-6.707115
2011-08-05,-6.768437
2011-08-08,-12.960304
2011-08-09,-8.830287
2011-08-10,-12.833669
2011-08-11,-8.794127
2011-08-12,-8.312934
2011-08-15,-6.323111
2011-08-16,-7.238814
2011-08-17,-7.154367
2011-08-18,-11.276442
2011-08-19,-12.582787
2011-08-22,-12.527140
2011-08-23,-9.505780
2011-08-24,-8.302203
2011-08-25,-9.710499
2011-08-26,-8.330215
2011-08-29,-5.736523
2011-08-30,-5.520329
2011-08-31,-5.063119
2011-09-01,-6.199682
2011-09-02,-8.569491
2011-09-06,-9.238280
2011-09-07,-6.637874
2011-09-08,-7.624354
2011-09-09,-10.082010
2011-09-12,-9.442940
2011-09-13,-8.611169
2011-09-14,-7.379598
2011-09-15,-5.798206
2011-09-16,-5.264293
2011-09-19,-6.186575
2011-09-20,-6.334146
2011-09-21,-9.067060
2011-09-22,-11.933962
2011-09-23,-11.366608
2011-09-26,-9.273462
2011-09-27,-8.280480
2011-09-28,-10.146919
2011-09-29,-9.389117
2011-09-30,-11.616223
2011-10-03,-14.082629
2011-10-04,-12.109277
2011-10-05,-10.502994
2011-10-06,-8.832909
2011-10-07,-9.540542
2011-10-10,-6.430950
2011-10-11,-6.357316
2011-10-12,-5.421126
2011-10-13,-5.681639
2011-10-14,-4.029840
2011-10-17,-5.867828
2011-10-18,-3.928264
2011-10-19,-5.121054
2011-10-20,-4.666092
2011-10-21,-2.859416
2011-10-24,-1.602249
2011-10-25,-3.559207
2011-10-26,-2.530633
2011-10-27,0.812274
2011-10-28,0.850987
2011-10-31,-1.628398
2011-11-01,-4.348315
2011-11-02,-2.791078
2011-11-03,-0.957887
2011-11-04,-1.568231
2011-11-07,-0.936968
2011-11-08,0.231607
2011-11-09,-3.420789
2011-11-10,-2.564965
2011-11-11,-0.662002
2011-11-14,-1.597414
2011-11-15,-1.104043
2011-11-16,-2.721650
2011-11-17,-4.321695
2011-11-18,-4.323620
2011-11-21,-6.061236
2011-11-22,-6.399908
2011-11-23,-8.410624
2011-11-25,-8.597789
2011-11-28,-5.874436
2011-11-29,-5.614996
2011-11-30,-1.495156
2011-12-01,-1.647529
2011-12-02,-1.633860
2011-12-05,-0.588200
2011-12-06,-0.455852
2011-12-07,-0.236633
2011-12-08,-2.318087
2011-12-09,-0.643457
2011-12-12,-2.090099
2011-12-13,-2.909562
2011-12-14,-3.974635
2011-12-15,-3.619216
2011-12-16,-3.270328
2011-12-19,-4.365504
2011-12-20,-1.481695
2011-12-21,-1.259736
2011-12-22,-0.427345
2011-12-23,0.487839
2011-12-27,0.508144
2011-12-28,-0.733291
2011-12-29,0.327120
2011-12-30,-0.097021
2012-01-03,1.449742
2012-01-04,1.477304
2012-01-05,1.781163
2012-01-06,1.530906
2012-01-09,1.772237
2012-01-10,2.685424
2012-01-11,2.724444
2012-01-12,2.974267
2012-01-13,2.480712
2012-01-17,2.857970
2012-01-18,4.010586
2012-01-19,4.531893
2012-01-20,4.609048
2012-01-23,4.666487
2012-01-24,4.566961
2012-01-25,5.475397
2012-01-26,4.871018
2012-01-27,4.703068
2012-01-30,4.439575
2012-01-31,4.392728
2012-02-01,5.319935
2012-02-02,5.426722
2012-02-03,6.952788
2012-02-06,6.901515
2012-02-07,7.113699
2012-02-08,7.338810
2012-02-09,7.495026
2012-02-10,6.760309
2012-02-13,7.490006
2012-02-14,7.394614
2012-02-15,6.824128
2012-02-16,8.001329
2012-02-17,8.249030
2012-02-21,8.315285
2012-02-22,7.946007
2012-02-23,8.399754
2012-02-24,8.577320
2012-02-27,8.713371
2012-02-28,9.068049
2012-02-29,8.539356
2012-03-01,9.188385
2012-03-02,8.816411
2012-03-05,8.385142
2012-03-06,6.719347
2012-03-07,7.447514
2012-03-08,8.481512
2012-03-09,8.851839
2012-03-12,8.847430
2012-03-13,10.790105
2012-03-14,10.629834
2012-03-15,11.264647
2012-03-16,11.349616
2012-03-19,11.749207
2012-03-20,11.367396
2012-03-21,11.107627
2012-03-22,10.259840
2012-03-23,10.551183
2012-03-26,12.029761
2012-03-27,11.651705
2012-03-28,11.041298
2012-03-29,10.812233
2012-03-30,11.159282
2012-04-02,11.926623
2012-04-03,11.417846
2012-04-04,10.228706
2012-04-05,10.114875
2012-04-09,8.823404
2012-04-10,6.932932
2012-04-11,7.686975
2012-04-12,9.124700
2012-04-13,7.732195
2012-04-16,7.651636
2012-04-17,9.288675
2012-04-18,8.826036
2012-04-19,8.163631
2012-04-20,8.273385
2012-04-23,7.357285
2012-04-24,7.740417
2012-04-25,9.179968
2012-04-26,9.872071
2012-04-27,10.100337
2012-04-30,9.634469
2012-05-01,10.216064
2012-05-02,9.899157
2012-05-03,9.029752
2012-05-04,7.251050
2012-05-07,7.277817
2012-05-08,6.810988
2012-05-09,6.087987
2012-05-10,6.344206
2012-05-11,5.963859
2012-05-14,4.770843
2012-05-15,4.153200
2012-05-16,3.679166
2012-05-17,2.098353
2012-05-18,1.330246
2012-05-21,2.908504
2012-05-22,2.911374
2012-05-23,3.005405
2012-05-24,3.087915
2012-05-25,2.785613
2012-05-29,3.859656
2012-05-30,2.317200
2012-05-31,2.042188
2012-06-01,-0.505434
2012-06-04,-0.527170
2012-06-05,-0.013860
2012-06-06,2.214597
2012-06-07,2.127843
2012-06-08,2.891275
2012-06-11,1.541024
2012-06-12,2.658386
2012-06-13,1.882859
2012-06-14,2.937221
2012-06-15,3.949070
2012-06-18,4.048551
2012-06-19,5.007479
2012-06-20,4.756798
2012-06-21,2.361352
2012-06-22,3.041486
2012-06-25,1.347481
2012-06-26,1.766117
2012-06-27,2.613398
2012-06-28,2.335338
2012-06-29,4.815554
2012-07-02,5.010140
2012-07-03,5.600416
2012-07-05,5.039473
2012-07-06,3.987736
2012-07-09,3.743376
2012-07-10,2.816800
2012-07-11,2.734549
2012-07-12,2.154994
2012-07-13,3.768249
2012-07-16,3.447958
2012-07-17,4.133591
2012-07-18,4.732739
2012-07-19,4.906347
2012-07-20,3.756435
2012-07-23,2.751287
2012-07-24,1.755221
2012-07-25,1.652785
2012-07-26,3.269437
2012-07-27,5.163844
2012-07-30,5.042056
2012-07-31,4.519000
2012-08-01,4.156411
2012-08-02,3.310644
2012-08-03,5.211771
2012-08-06,5.383365
2012-08-07,5.847144
2012-08-08,5.847310
2012-08-09,5.831737
2012-08-10,5.992648
2012-08-13,5.795304
2012-08-14,5.734209
2012-08-15,5.806721
2012-08-16,6.492984
2012-08-17,6.612193
2012-08-20,6.537762
2012-08-21,6.104553
2012-08-22,6.064763
2012-08-23,5.152971
2012-08-24,5.778073
2012-08-27,5.654537
2012-08-28,5.502131
2012-08-29,5.533286
2012-08-30,4.651689
2012-08-31,5.124143
2012-09-04,4.935683
2012-09-05,4.750373
2012-09-06,6.804721
2012-09-07,7.139421
2012-09-10,6.385213
2012-09-11,6.610881
2012-09-12,6.723707
2012-09-13,8.356700
2012-09-14,8.676558
2012-09-17,8.251006
2012-09-18,8.026540
2012-09-19,8.067906
2012-09-20,7.928371
2012-09-21,7.839867
2012-09-24,7.521324
2012-09-25,6.310851
2012-09-26,5.631593
2012-09-27,6.568099
2012-09-28,6.007018
2012-10-01,6.197190
2012-10-02,6.200036
2012-10-03,6.494467
2012-10-04,7.157816
2012-10-05,7.037166
2012-10-08,6.584329
2012-10-09,5.457737
2012-10-10,4.741089
2012-10-11,4.697479
2012-10-12,4.318729
2012-10-15,5.093449
2012-10-16,6.096366
2012-10-17,6.461805
2012-10-18,6.132018
2012-10-19,4.315486
2012-10-22,4.302122
2012-10-23,2.746109
2012-10-24,2.385672
2012-10-25,2.647428
2012-10-26,2.529235
2012-10-31,2.499416
2012-11-01,3.569037
2012-11-02,2.558123
2012-11-05,2.741756
2012-11-06,3.506208
2012-11-07,1.023849
2012-11-08,-0.231847
2012-11-09,-0.081835
2012-11-12,-0.091079
2012-11-13,-0.510218
2012-11-14,-1.903435
2012-11-15,-2.074256
2012-11-16,-1.613040
2012-11-19,0.318863
2012-11-20,0.369836
2012-11-21,0.585726
2012-11-23,1.873114
2012-11-26,1.645658
2012-11-27,1.097230
2012-11-28,1.866684
2012-11-29,2.277906
2012-11-30,2.270267
2012-12-03,1.760636
2012-12-04,1.568675
2012-12-05,1.712008
2012-12-06,2.029281
2012-12-07,2.305003
2012-12-10,2.319306
2012-12-11,2.966323
2012-12-12,2.989865
2012-12-13,2.321386
2012-12-14,1.880657
2012-12-17,3.069141
2012-12-18,4.224086
2012-12-19,3.406485
2012-12-20,3.936440
2012-12-21,2.932930
2012-12-24,2.659300
2012-12-26,2.149828
2012-12-27,2.008115
2012-12-28,0.878580
2012-12-31,2.575886
2013-01-02,5.159043
2013-01-03,4.918899
2013-01-04,5.407848
2013-01-07,5.057363
2013-01-08,4.696316
2013-01-09,4.948647
2013-01-10,5.717504
2013-01-11,5.691403
2013-01-14,5.570997
2013-01-15,5.664818
2013-01-16,5.659340
2013-01-17,6.227950
2013-01-18,6.563888
2013-01-22,7.005385
2013-01-23,7.129884
2013-01-24,7.093468
2013-01-25,7.630085
2013-01-28,7.376573
2013-01-29,7.871126
2013-01-30,7.406522
2013-01-31,7.082255
2013-02-01,8.103242
2013-02-04,6.815829
2013-02-05,7.879883
2013-02-06,7.887067
2013-02-07,7.642037
2013-02-08,8.192819
2013-02-11,8.071380
2013-02-12,8.194169
2013-02-13,8.211880
2013-02-14,8.241157
2013-02-15,8.081175
2013-02-19,8.825693
2013-02-20,7.433939
2013-02-21,6.714749
2013-02-22,7.594921
2013-02-25,5.580580
2013-02-26,6.175434
2013-02-27,7.465106
2013-02-28,7.312649
2013-03-01,7.499267
2013-03-04,7.923524
2013-03-05,8.875364
2013-03-06,8.910018
2013-03-07,9.015655
2013-03-08,9.405326
2013-03-11,9.667885
2013-03-12,9.313483
2013-03-13,9.366389
2013-03-14,9.885412
2013-03-15,9.613995
2013-03-18,8.925954
2013-03-19,8.572540
2013-03-20,9.204604
2013-03-21,8.198636
2013-03-22,8.868688
2013-03-25,8.404172
2013-03-26,9.153308
2013-03-27,8.994802
2013-03-28,9.344102
2013-04-01,8.758983
2013-04-02,9.227952
2013-04-03,7.986327
2013-04-04,8.336581
2013-04-05,7.792520
2013-04-08,8.389811
2013-04-09,8.694601
2013-04-10,9.931115
2013-04-11,10.219411
2013-04-12,9.810340
2013-04-15,7.200000
2013-04-16,8.638240
2013-04-17,7.000439
2013-04-18,6.205605
2013-04-19,7.074084
2013-04-22,7.500327
2013-04-23,8.543941
2013-04-24,8.465877
2013-04-25,8.817355
2013-04-26,8.531303
2013-04-29,9.216764
2013-04-30,9.392149
2013-05-01,8.282022
2013-05-02,9.210774
2013-05-03,10.262991
2013-05-06,10.377671
2013-05-07,10.859211
2013-05-08,11.220934
2013-05-09,10.711295
2013-05-10,11.082705
2013-05-13,10.975996
2013-05-14,11.982698
2013-05-15,12.441421
2013-05-16,11.777914
2013-05-17,12.821437
2013-05-20,12.632256
2013-05-21,12.714316
2013-05-22,11.672280
2013-05-23,11.248385
2013-05-24,11.091438
2013-05-28,11.698562
2013-05-29,10.819544
2013-05-30,11.132296
2013-05-31,9.459628
2013-06-03,10.022122
2013-06-04,9.332418
2013-06-05,7.752416
2013-06-06,8.591975
2013-06-07,9.902549
2013-06-10,9.781955
2013-06-11,8.590031
2013-06-12,7.609669
2013-06-13,9.115304
2013-06-14,8.395241
2013-06-17,9.132389
2013-06-18,9.893934
2013-06-19,8.293051
2013-06-20,5.518414
2013-06-21,5.734845
2013-06-24,4.392418
2013-06-25,5.319354
2013-06-26,6.269110
2013-06-27,6.865882
2013-06-28,6.345057
2013-07-01,6.855553
2013-07-02,6.734643
2013-07-03,6.767732
2013-07-05,7.797770
2013-07-08,8.299750
2013-07-09,9.013272
2013-07-10,8.964208
2013-07-11,10.362999
2013-07-12,10.623443
2013-07-15,10.693324
2013-07-16,10.197721
2013-07-17,10.413556
2013-07-18,10.881054
2013-07-19,10.968020
2013-07-22,11.102165
2013-07-23,10.806871
2013-07-24,10.299724
2013-07-25,10.498982
2013-07-26,10.507168
2013-07-29,10.011862
2013-07-30,9.965241
2013-07-31,9.859536
2013-08-01,11.137999
2013-08-02,11.218541
2013-08-05,10.957591
2013-08-06,10.235721
2013-08-07,9.734222
2013-08-08,10.074817
2013-08-09,9.590099
2013-08-12,9.373167
2013-08-13,9.577107
2013-08-14,8.912430
2013-08-15,7.270908
2013-08-16,6.832302
2013-08-19,6.121885
2013-08-20,6.450272
2013-08-21,5.757157
2013-08-22,6.586481
2013-08-23,6.926322
2013-08-26,6.404694
2013-08-27,4.630610
2013-08-28,4.832288
2013-08-29,4.951260
2013-08-30,4.531573
2013-09-03,4.871445
2013-09-04,5.621441
2013-09-05,5.649593
2013-09-06,5.564953
2013-09-09,6.523411
2013-09-10,7.205844
2013-09-11,7.437319
2013-09-12,6.979850
2013-09-13,7.171835
2013-09-16,7.683641
2013-09-17,8.038859
2013-09-18,9.247435
2013-09-19,8.938197
2013-09-20,8.048514
2013-09-23,7.439260
2013-09-24,7.064421
2013-09-25,6.678702
2013-09-26,6.956117
2013-09-27,6.431970
2013-09-30,5.706119
2013-10-01,6.459411
2013-10-02,6.294874
2013-10-03,5.258404
2013-10-04,5.919885
2013-10-07,4.939889
2013-10-08,3.577100
2013-10-09,3.563242
2013-10-10,5.736187
2013-10-11,6.306779
2013-10-14,6.642755
2013-10-15,5.791945
2013-10-16,7.156199
2013-10-17,7.788036
2013-10-18,8.397804
2013-10-21,8.314133
2013-10-22,8.836672
2013-10-23,8.225388
2013-10-24,8.480170
2013-10-25,8.859983
2013-10-28,8.907027
2013-10-29,9.413322
2013-10-30,8.782108
2013-10-31,8.269635
2013-11-01,8.490134
2013-11-04,8.783060
2013-11-05,8.387688
2013-11-06,8.757854
2013-11-07,7.241012
2013-11-08,8.591797
2013-11-11,8.579832
2013-11-12,8.236281
2013-11-13,9.019024
2013-11-14,9.448447
2013-11-15,9.814890
2013-11-18,9.310034
2013-11-19,8.994751
2013-11-20,8.509432
2013-11-21,9.296101
2013-11-22,9.742583
2013-11-25,9.508894
2013-11-26,9.431117
2013-11-27,9.607619
2013-11-29,9.427117
2013-12-02,9.036713
2013-12-03,8.601712
2013-12-04,8.368085
2013-12-05,7.805733
2013-12-06,8.922023
2013-12-09,9.014524
2013-12-10,8.567864
2013-12-11,7.253228
2013-12-12,6.765034
2013-12-13,6.671743
2013-12-16,7.261697
2013-12-17,6.851708
2013-12-18,8.542922
2013-12-19,8.393768
2013-12-20,8.829017
2013-12-23,9.318874
2013-12-24,9.545630
2013-12-26,9.971023
2013-12-27,9.842800
2013-12-30,9.731349
2013-12-31,10.068672
2014-01-02,9.001198
2014-01-03,8.876589
2014-01-06,8.512488
2014-01-07,9.081400
2014-01-08,8.965834
2014-01-09,8.915186
2014-01-10,9.076090
2014-01-13,7.624675
2014-01-14,8.699983
2014-01-15,9.171804
2014-01-16,8.930738
2014-01-17,8.417271
2014-01-21,8.624955
2014-01-22,8.597257
2014-01-23,7.549620
2014-01-24,5.241778
2014-01-27,4.670691
2014-01-28,5.250472
2014-01-29,4.108141
2014-01-30,5.213337
2014-01-31,4.462477
2014-02-03,2.017531
2014-02-04,2.736901
2014-02-05,2.471805
2014-02-06,3.687498
2014-02-07,4.999751
2014-02-10,5.098604
2014-02-11,6.187580
2014-02-12,6.089143
2014-02-13,6.633311
2014-02-14,7.066292
2014-02-18,7.114488
2014-02-19,6.349302
2014-02-20,6.921637
2014-02-21,6.651313
2014-02-24,7.244178
2014-02-25,7.031789
2014-02-26,6.968506
2014-02-27,7.429126
2014-02-28,7.662851
2014-03-03,6.810651
2014-03-04,8.371341
2014-03-05,8.300942
2014-03-06,8.421017
2014-03-07,8.413955
2014-03-10,8.294397
2014-03-11,7.676594
2014-03-12,7.641622
2014-03-13,6.325037
2014-03-14,5.966195
2014-03-17,6.922016
2014-03-18,7.619201
2014-03-19,6.891623
2014-03-20,7.463030
2014-03-21,7.068706
2014-03-24,6.476118
2014-03-25,6.876953
2014-03-26,6.065056
2014-03-27,5.796013
2014-03-28,6.212455
2014-03-31,6.981921
2014-04-01,7.655410
2014-04-02,7.885016
2014-04-03,7.690691
2014-04-04,6.268997
2014-04-07,5.049724
2014-04-08,5.365871
2014-04-09,6.425728
2014-04-10,4.130521
2014-04-11,3.080463
2014-04-14,3.863406
2014-04-15,4.495077
2014-04-16,5.517081
2014-04-17,5.585980
2014-04-21,5.907683
2014-04-22,6.266621
2014-04-23,5.961048
2014-04-24,6.075167
2014-04-25,5.153766
2014-04-28,5.436211
2014-04-29,5.879007
2014-04-30,6.135538
2014-05-01,6.058366
2014-05-02,5.855683
2014-05-05,5.995521
2014-05-06,4.990938
2014-05-07,5.526434
2014-05-08,5.327261
2014-05-09,5.430307
2014-05-12,6.388485
2014-05-13,6.371958
2014-05-14,5.811635
2014-05-15,4.766782
2014-05-16,5.102799
2014-05-19,5.454305
2014-05-20,4.721229
2014-05-21,5.517793
2014-05-22,5.709413
2014-05-23,6.096395
2014-05-27,6.667836
2014-05-28,6.484138
2014-05-29,6.986882
2014-05-30,7.115668
2014-06-02,7.122173
2014-06-03,7.003271
2014-06-04,7.124655
2014-06-05,7.735553
2014-06-06,8.144937
2014-06-09,8.153922
2014-06-10,8.039340
2014-06-11,7.573677
2014-06-12,6.730379
2014-06-13,6.974520
2014-06-16,6.974537
2014-06-17,7.117116
2014-06-18,7.847569
2014-06-19,7.890296
2014-06-20,7.984856
2014-06-23,7.879295
2014-06-24,7.098282
2014-06-25,7.537800
2014-06-26,7.330556
2014-06-27,7.455560
2014-06-30,7.334155
2014-07-01,7.966567
2014-07-02,7.955884
2014-07-03,8.464209
2014-07-07,7.964293
2014-07-08,7.132690
2014-07-09,7.553106
2014-07-10,7.032112
2014-07-11,7.110729
2014-07-14,7.546293
2014-07-15,7.258394
2014-07-16,7.624224
2014-07-17,6.270780
2014-07-18,7.279194
2014-07-21,6.949151
2014-07-22,7.396911
2014-07-23,7.499041
2014-07-24,7.460863
2014-07-25,6.846525
2014-07-28,6.784314
2014-07-29,6.221320
2014-07-30,6.151415
2014-07-31,3.966697
2014-08-01,3.606095
2014-08-04,4.289900
2014-08-05,3.227874
2014-08-06,3.180748
2014-08-07,2.561971
2014-08-08,3.695387
2014-08-11,3.928373
2014-08-12,3.707730
2014-08-13,4.351003
2014-08-14,4.750288
2014-08-15,4.692507
2014-08-18,5.526818
2014-08-19,5.990687
2014-08-20,6.189451
2014-08-21,6.438849
2014-08-22,6.162833
2014-08-25,6.606392
2014-08-26,6.646496
2014-08-27,6.586606
2014-08-28,6.342774
2014-08-29,6.628956
2014-09-02,6.508506
2014-09-03,6.366084
2014-09-04,6.146591
2014-09-05,6.619897
2014-09-08,6.231971
2014-09-09,5.478720
2014-09-10,5.807221
2014-09-11,5.846467
2014-09-12,5.164344
2014-09-15,5.039207
2014-09-16,5.771674
2014-09-17,5.853894
2014-09-18,6.312480
2014-09-19,6.201326
2014-09-22,5.294266
2014-09-23,4.631415
2014-09-24,5.397209
2014-09-25,3.649982
2014-09-26,4.489223
2014-09-29,4.169429
2014-09-30,3.825414
2014-10-01,2.403829
2014-10-02,2.361366
2014-10-03,3.453435
2014-10-06,3.249673
2014-10-07,1.654392
2014-10-08,3.388557
2014-10-09,1.225767
2014-10-10,0.047509
2014-10-13,-1.608515
2014-10-14,-1.462554
2014-10-15,-2.266232
2014-10-16,-2.255755
2014-10-17,-1.010635
2014-10-20,-0.124641
2014-10-21,1.799794
2014-10-22,1.033086
2014-10-23,2.245759
2014-10-24,2.932836
2014-10-27,2.746174
2014-10-28,3.927728
2014-10-29,3.744801
2014-10-30,4.351203
2014-10-31,5.527865
2014-11-03,5.465926
2014-11-04,5.121239
2014-11-05,5.671151
2014-11-06,6.013992
2014-11-07,5.984223
2014-11-10,6.243787
2014-11-11,6.249359
2014-11-12,6.101896
2014-11-13,6.090424
2014-11-14,6.044961
2014-11-17,6.040408
2014-11-18,6.502771
2014-11-19,6.260963
2014-11-20,6.392920
2014-11-21,6.876281
2014-11-24,7.107605
2014-11-25,6.916009
2014-11-26,7.145749
2014-11-28,6.807713
2014-12-01,6.019461
2014-12-02,6.634183
2014-12-03,6.967859
2014-12-04,6.779661
2014-12-05,6.891609
2014-12-08,6.057849
2014-12-09,5.974065
2014-12-10,4.192779
2014-12-11,4.616666
2014-12-12,2.882676
2014-12-15,2.192354
2014-12-16,1.299131
2014-12-17,3.323917
2014-12-18,5.755265
2014-12-19,6.186105
2014-12-22,6.535715
2014-12-23,6.663121
2014-12-24,6.589925
2014-12-26,6.876364
2014-12-29,6.900249
2014-12-30,6.317441
2014-12-31,5.171056
2015-01-02,5.082314
2015-01-05,3.122498
2015-01-06,2.169900
2015-01-07,3.313723
2015-01-08,5.109159
2015-01-09,4.174800
2015-01-12,3.284490
2015-01-13,2.974796
2015-01-14,2.340011
2015-01-15,1.365950
2015-01-16,2.693138
2015-01-20,2.817334
2015-01-21,3.259987
2015-01-22,4.778675
2015-01-23,4.150424
2015-01-26,4.368950
2015-01-27,2.920377
2015-01-28,1.483422
2015-01-29,2.401559
2015-01-30,1.032258
2015-02-02,2.300817
2015-02-03,3.729369
2015-02-04,3.253956
2015-02-05,4.268339
2015-02-06,3.864654
2015-02-09,3.379606
2015-02-10,4.429126
2015-02-11,4.373640
2015-02-12,5.324431
2015-02-13,5.696821
2015-02-17,5.807905
2015-02-18,5.716456
2015-02-19,5.547638
2015-02-20,6.129503
2015-02-23,6.035598
2015-02-24,6.264073
2015-02-25,6.119968
2015-02-26,5.906420
2015-02-27,5.538507
2015-03-02,6.124023
2015-03-03,5.579686
2015-03-04,5.058287
2015-03-05,5.127115
2015-03-06,3.585626
2015-03-09,3.944463
2015-03-10,2.142707
2015-03-11,1.911258
2015-03-12,3.155800
2015-03-13,2.492409
2015-03-16,3.837744
2015-03-17,3.454089
2015-03-18,4.666373
2015-03-19,4.113549
2015-03-20,5.004748
2015-03-23,4.778652
2015-03-24,4.098557
2015-03-25,2.554978
2015-03-26,2.284341
2015-03-27,2.496747
2015-03-30,3.710700
2015-03-31,2.764837
2015-04-01,2.326339
2015-04-02,2.655650
2015-04-06,3.302365
2015-04-07,3.059470
2015-04-08,3.305414
2015-04-09,3.732806
2015-04-10,4.233198
2015-04-13,3.721500
2015-04-14,3.854860
2015-04-15,4.351862
2015-04-16,4.233259
2015-04-17,3.026738
2015-04-20,3.945842
2015-04-21,3.763221
2015-04-22,4.257507
2015-04-23,4.464768
2015-04-24,4.662626
2015-04-27,4.192048
2015-04-28,4.442604
2015-04-29,4.018626
2015-04-30,2.936513
2015-05-01,4.028355
2015-05-04,4.294042
2015-05-05,3.031208
2015-05-06,2.545198
2015-05-07,2.905686
2015-05-08,4.257416
2015-05-11,3.696814
2015-05-12,3.360202
2015-05-13,3.298273
2015-05-14,4.372926
2015-05-15,4.413910
2015-05-18,4.681045
2015-05-19,4.561600
2015-05-20,4.416365
2015-05-21,4.606371
2015-05-22,4.319989
2015-05-26,3.198096
2015-05-27,4.094682
2015-05-28,3.915987
2015-05-29,3.215488
2015-06-01,3.386279
2015-06-02,3.242977
2015-06-03,3.421495
2015-06-04,2.498561
2015-06-05,2.323523
2015-06-08,1.637978
2015-06-09,1.658689
2015-06-10,2.853551
2015-06-11,3.004460
2015-06-12,2.260518
2015-06-15,1.766862
2015-06-16,2.321035
2015-06-17,2.499312
2015-06-18,3.484296
2015-06-19,2.908038
2015-06-22,3.503648
2015-06-23,3.540059
2015-06-24,2.751893
2015-06-25,2.417937
2015-06-26,2.351609
2015-06-29,0.201233
2015-06-30,0.448645
2015-07-01,1.122396
2015-07-02,1.072109
2015-07-06,0.665335
2015-07-07,1.260238
2015-07-08,-0.434811
2015-07-09,-0.223412
2015-07-10,0.984630
2015-07-13,2.076989
2015-07-14,2.495935
2015-07-15,2.389612
2015-07-16,3.173517
2015-07-17,3.248945
2015-07-20,3.282913
2015-07-21,2.799590
2015-07-22,2.517770
2015-07-23,1.901945
2015-07-24,0.775948
2015-07-27,0.169999
2015-07-28,1.370194
2015-07-29,2.062073
2015-07-30,2.007226
2015-07-31,1.719875
2015-08-03,1.381714
2015-08-04,1.097319
2015-08-05,1.360051
2015-08-06,0.530643
2015-08-07,0.208681
2015-08-10,1.448848
2015-08-11,0.447026
2015-08-12,0.513033
2015-08-13,0.355419
2015-08-14,0.722173
2015-08-17,1.217799
2015-08-18,0.927202
2015-08-19,0.079234
2015-08-20,-2.036679
2015-08-21,-5.147500
2015-08-24,-8.857397
2015-08-25,-10.054406
2015-08-26,-6.522906
2015-08-27,-4.239953
2015-08-28,-4.169931
2015-08-31,-4.958978
2015-09-01,-7.742059
2015-09-02,-6.033786
2015-09-03,-5.903875
2015-09-04,-7.317148
2015-09-08,-4.974200
2015-09-09,-6.269792
2015-09-10,-5.749795
2015-09-11,-5.302120
2015-09-14,-5.663436
2015-09-15,-4.431107
2015-09-16,-3.582312
2015-09-17,-3.814547
2015-09-18,-5.344483
2015-09-21,-4.887624
2015-09-22,-6.029910
2015-09-23,-6.191428
2015-09-24,-6.477928
2015-09-25,-6.492416
2015-09-28,-8.860537
2015-09-29,-8.714743
2015-09-30,-6.954875
2015-10-01,-6.756346
2015-10-02,-5.416636
2015-10-05,-3.680689
2015-10-06,-4.007388
2015-10-07,-3.218473
2015-10-08,-2.349596
2015-10-09,-2.262842
2015-10-12,-2.122888
2015-10-13,-2.770875
2015-10-14,-3.206811
2015-10-15,-1.755696
2015-10-16,-1.300494
2015-10-19,-1.267911
2015-10-20,-1.410656
2015-10-21,-1.988865
2015-10-22,-0.365614
2015-10-23,0.730207
2015-10-26,0.531066
2015-10-27,0.265141
2015-10-28,1.435713
2015-10-29,1.370871
2015-10-30,0.862079
2015-11-02,2.038753
2015-11-03,2.295481
2015-11-04,1.915464
2015-11-05,1.791006
2015-11-06,1.743938
2015-11-09,0.739288
2015-11-10,0.878711
2015-11-11,0.535323
2015-11-12,-0.877140
2015-11-13,-1.994706
2015-11-16,-0.541898
2015-11-17,-0.675208
2015-11-18,0.919840
2015-11-19,0.801927
2015-11-20,1.177744
2015-11-23,1.043054
2015-11-24,1.161495
2015-11-25,1.143450
2015-11-27,1.203092
2015-11-30,0.737452
2015-12-01,1.812821
2015-12-02,0.698236
2015-12-03,-0.737658
2015-12-04,1.304334
2015-12-07,0.604206
2015-12-08,-0.036143
2015-12-09,-0.793845
2015-12-10,-0.556399
2015-12-11,-2.466098
2015-12-14,-1.979596
2015-12-15,-0.923302
2015-12-16,0.520998
2015-12-17,-0.976690
2015-12-18,-2.723530
2015-12-21,-1.953017
2015-12-22,-1.087317
2015-12-23,0.135146
2015-12-24,-0.023731
2015-12-28,-0.242285
2015-12-29,0.818807
2015-12-30,0.093826
2015-12-31,-0.834885
2016-01-04,-2.334331
2016-01-05,-2.116101
2016-01-06,-3.373117
2016-01-07,-5.629218
2016-01-08,-6.620520
2016-01-11,-6.510755
2016-01-12,-5.753260
2016-01-13,-8.062380
2016-01-14,-6.494188
2016-01-15,-8.473893
2016-01-19,-8.383827
2016-01-20,-9.406360
2016-01-21,-8.889665
2016-01-22,-7.001942
2016-01-25,-8.408426
2016-01-26,-7.067935
2016-01-27,-8.030474
2016-01-28,-7.476262
2016-01-29,-5.146791
2016-02-01,-5.150437
2016-02-02,-6.887648
2016-02-03,-6.379798
2016-02-04,-6.195116
2016-02-05,-7.877337
2016-02-08,-9.123460
2016-02-09,-9.124622
2016-02-10,-9.084461
2016-02-11,-10.139812
2016-02-12,-8.331408
2016-02-16,-6.773829
2016-02-17,-5.195115
2016-02-18,-5.591771
2016-02-19,-5.554320
2016-02-22,-4.157406
2016-02-23,-5.312178
2016-02-24,-4.848102
2016-02-25,-3.731831
2016-02-26,-3.876050
2016-02-29,-4.617547
2016-03-01,-2.306462
2016-03-02,-1.873457
2016-03-03,-1.497098
2016-03-04,-1.140233
2016-03-07,-1.022385
2016-03-08,-2.098221
2016-03-09,-1.570280
2016-03-10,-1.527018
2016-03-11,0.112591
2016-03-14,0.011393
2016-03-15,-0.149711
2016-03-16,0.430505
2016-03-17,1.110152
2016-03-18,1.571835
2016-03-21,1.683089
2016-03-22,1.604708
2016-03-23,0.966510
2016-03-24,0.939398
2016-03-28,1.011501
2016-03-29,1.915691
2016-03-30,2.366712
2016-03-31,2.164164
2016-04-01,2.816952
2016-04-04,2.495804
2016-04-05,1.475182
2016-04-06,2.552469
2016-04-07,1.344674
2016-04-08,1.646401
2016-04-11,1.384669
2016-04-12,2.374577
2016-04-13,3.407328
2016-04-14,3.418754
2016-04-15,3.312442
2016-04-18,3.983843
2016-04-19,4.298360
2016-04-20,4.369073
2016-04-21,3.824364
2016-04-22,3.817763
2016-04-25,3.620259
2016-04-26,3.810429
2016-04-27,3.982797
2016-04-28,3.031429
2016-04-29,2.520483
2016-05-02,3.332155
2016-05-03,2.451669
2016-05-04,1.862938
2016-05-05,1.855937
2016-05-06,2.193762
2016-05-09,2.281806
2016-05-10,3.557436
2016-05-11,2.568080
2016-05-12,2.558123
2016-05-13,1.704260
2016-05-16,2.711333
2016-05-17,1.759006
2016-05-18,1.792638
2016-05-19,1.428755
2016-05-20,2.051361
2016-05-23,1.847531
2016-05-24,3.241334
2016-05-25,3.964942
2016-05-26,3.941504
2016-05-27,4.383710
2016-05-31,4.275261
2016-06-01,4.391596
2016-06-02,4.685735
2016-06-03,4.380336
2016-06-06,4.883745
2016-06-07,4.999043
2016-06-08,5.307745
2016-06-09,5.068824
2016-06-10,4.045769
2016-06-13,3.165942
2016-06-14,2.957966
2016-06-15,2.747390
2016-06-16,3.042257
2016-06-17,2.666491
2016-06-20,3.228414
2016-06-21,3.473057
2016-06-22,3.260163
2016-06-23,4.602872
2016-06-24,0.821761
2016-06-27,-1.014577
2016-06-28,0.725711
2016-06-29,2.411514
2016-06-30,3.769741
2016-07-01,3.944288
2016-07-05,3.207446
2016-07-06,3.723597
2016-07-07,3.599691
2016-07-08,5.131350
2016-07-11,5.438074
2016-07-12,6.119557
2016-07-13,6.076038
2016-07-14,6.559873
2016-07-15,6.388148
2016-07-18,6.576856
2016-07-19,6.361135
2016-07-20,6.757169
2016-07-21,6.324984
2016-07-22,6.758041
2016-07-25,6.391462
2016-07-26,6.385156
2016-07-27,6.218139
2016-07-28,6.348966
2016-07-29,6.478123
2016-08-01,6.296939
2016-08-02,5.586293
2016-08-03,5.883329
2016-08-04,5.872009
2016-08-05,6.743167
2016-08-08,6.604121
2016-08-09,6.612002
2016-08-10,6.280536
2016-08-11,6.753845
2016-08-12,6.638094
2016-08-15,6.909876
2016-08-16,6.301086
2016-08-17,6.472994
2016-08-18,6.685600
2016-08-19,6.512698
2016-08-22,6.431848
2016-08-23,6.616971
2016-08-24,6.038562
2016-08-25,5.869569
2016-08-26,5.679935
2016-08-29,6.205171
2016-08-30,5.964091
2016-08-31,5.674280
2016-09-01,5.639653
2016-09-02,6.050024
2016-09-06,6.339615
2016-09-07,6.296928
2016-09-08,6.036878
2016-09-09,3.426272
2016-09-12,4.926440
2016-09-13,3.360729
2016-09-14,3.291037
2016-09-15,4.318291
2016-09-16,3.915551
2016-09-19,3.898575
2016-09-20,3.906909
2016-09-21,5.023063
2016-09-22,5.680007
2016-09-23,5.047969
2016-09-26,4.120963
2016-09-27,4.764565
2016-09-28,5.278860
2016-09-29,4.264858
2016-09-30,5.063845
2016-10-03,4.698909
2016-10-04,4.152669
2016-10-05,4.561141
2016-10-06,4.576150
2016-10-07,4.206971
2016-10-10,4.661778
2016-10-11,3.340178
2016-10-12,3.437986
2016-10-13,3.103896
2016-10-14,3.107329
2016-10-17,2.773582
2016-10-18,3.374998
2016-10-19,3.569673
2016-10-20,3.389467
2016-10-21,3.331358
2016-10-24,3.764753
2016-10-25,3.315994
2016-10-26,3.086300
2016-10-27,2.718334
2016-10-28,2.348642
2016-10-31,2.275622
2016-11-01,1.525231
2016-11-02,0.804908
2016-11-03,0.306071
2016-11-04,0.096098
2016-11-07,2.258139
2016-11-08,2.585797
2016-11-09,3.652488
2016-11-10,3.786528
2016-11-11,3.585835
2016-11-14,3.518181
2016-11-15,4.223445
2016-11-16,3.992818
2016-11-17,4.411376
2016-11-18,4.087172
2016-11-21,4.777650
2016-11-22,4.916840
2016-11-23,4.913461
2016-11-25,5.227924
2016-11-28,4.591228
2016-11-29,4.654058
2016-11-30,4.309031
2016-12-01,3.875004
2016-12-02,3.848753
2016-12-05,4.389190
2016-12-06,4.673148
2016-12-07,5.972878
2016-12-08,6.127825
2016-12-09,6.679617
2016-12-12,6.476654
2016-12-13,7.098873
2016-12-14,6.162759
2016-12-15,6.507613
2016-12-16,6.256598
2016-12-19,6.401186
2016-12-20,6.715076
2016-12-21,6.383865
2016-12-22,6.118047
2016-12-23,6.190669
2016-12-27,6.367246
2016-12-28,5.420564
2016-12-29,5.334849
2016-12-30,4.797760
2017-01-03,5.635648
2017-01-04,6.185687
2017-01-05,6.049500
2017-01-06,6.362750
2017-01-09,5.927676
2017-01-10,5.870378
2017-01-11,6.115409
2017-01-12,5.836850
2017-01-13,5.979549
2017-01-17,5.617048
2017-01-18,5.752663
2017-01-19,5.317406
2017-01-20,5.621647
2017-01-23,5.282851
2017-01-24,5.916769
2017-01-25,6.703326
2017-01-26,6.566736
2017-01-27,6.421990
2017-01-30,5.733867
2017-01-31,5.591281
2017-02-01,5.577484
2017-02-02,5.593668
2017-02-03,6.312788
2017-02-06,6.038564
2017-02-07,6.013214
2017-02-08,6.036007
2017-02-09,6.592745
2017-02-10,6.918306
2017-02-13,7.416594
2017-02-14,7.779352
2017-02-15,8.250584
2017-02-16,8.086357
2017-02-17,8.193044
2017-02-21,8.768634
2017-02-22,8.574616
2017-02-23,8.544015
2017-02-24,8.635536
2017-02-27,8.670005
2017-02-28,8.315424
2017-03-01,9.708696
2017-03-02,8.987152
2017-03-03,8.958334
2017-03-06,8.519960
2017-03-07,8.122702
2017-03-08,7.799284
2017-03-09,7.807601
2017-03-10,8.086930
2017-03-13,8.056920
2017-03-14,7.624335
2017-03-15,8.455049
2017-03-16,8.208652
2017-03-17,7.997994
2017-03-20,7.715333
2017-03-21,6.319723
2017-03-22,6.462939
2017-03-23,6.293723
2017-03-24,6.149937
2017-03-27,5.987444
2017-03-28,6.692626
2017-03-29,6.740323
2017-03-30,6.982827
2017-03-31,6.671404
2017-04-03,6.428762
2017-04-04,6.418944
2017-04-05,6.029379
2017-04-06,6.169714
2017-04-07,6.017420
2017-04-10,6.032144
2017-04-11,5.804819
2017-04-12,5.325473
2017-04-13,4.538956
2017-04-17,5.373584
2017-04-18,5.010333
2017-04-19,4.774851
2017-04-20,5.503479
2017-04-21,5.124665
2017-04-24,6.198568
2017-04-25,6.783603
2017-04-26,6.672059
2017-04-27,6.674648
2017-04-28,6.415493
2017-05-01,6.546435
2017-05-02,6.618561
2017-05-03,6.430515
2017-05-04,6.438928
2017-05-05,6.820292
2017-05-08,6.768626
2017-05-09,6.606531
2017-05-10,6.672227
2017-05-11,6.388249
2017-05-12,6.178047
2017-05-15,6.630216
2017-05-16,6.503301
2017-05-17,4.524092
2017-05-18,4.860932
2017-05-19,5.519611
2017-05-22,6.010149
2017-05-23,6.154321
2017-05-24,6.365943
2017-05-25,6.783303
2017-05-26,6.759742
2017-05-30,6.577651
2017-05-31,6.475074
2017-06-01,7.224425
2017-06-02,7.560068
2017-06-05,7.368992
2017-06-06,7.013466
2017-06-07,7.122478
2017-06-08,7.091895
2017-06-09,6.945394
2017-06-12,6.781091
2017-06-13,7.199724
2017-06-14,7.029763
2017-06-15,6.731001
2017-06-16,6.701106
2017-06-19,7.525158
2017-06-20,6.742843
2017-06-21,6.620959
2017-06-22,6.514540
2017-06-23,6.621990
2017-06-26,6.595585
2017-06-27,5.667734
2017-06-28,6.532938
2017-06-29,5.549332
2017-06-30,5.642584
2017-07-03,5.821720
2017-07-05,5.907827
2017-07-06,4.853822
2017-07-07,5.459727
2017-07-10,5.496942
2017-07-11,5.357514
2017-07-12,6.063047
2017-07-13,6.192325
2017-07-14,6.619387
2017-07-17,6.547281
2017-07-18,6.539552
2017-07-19,7.041142
2017-07-20,6.952443
2017-07-21,6.838710
2017-07-24,6.653588
2017-07-25,6.892343
2017-07-26,6.847844
2017-07-27,6.672212
2017-07-28,6.452230
2017-07-31,6.298934
2017-08-01,6.480509
2017-08-02,6.454100
2017-08-03,6.142819
2017-08-04,6.266402
2017-08-07,6.364636
2017-08-08,6.032004
2017-08-09,5.917927
2017-08-10,4.320761
2017-08-11,4.387246
2017-08-14,5.362160
2017-08-15,5.235058
2017-08-16,5.307681
2017-08-17,3.614883
2017-08-18,3.355559
2017-08-21,3.402929
2017-08-22,4.349999
2017-08-23,3.910287
2017-08-24,3.627001
2017-08-25,3.733475
2017-08-28,3.722128
2017-08-29,3.748170
2017-08-30,4.162236
2017-08-31,4.689935
2017-09-01,4.831735
2017-09-05,3.978352
2017-09-06,4.242281
2017-09-07,4.161321
2017-09-08,3.948427
2017-09-11,5.011922
2017-09-12,5.300344
2017-09-13,5.316763
2017-09-14,5.135712
2017-09-15,5.264380
2017-09-18,5.349983
2017-09-19,5.396972
2017-09-20,5.393748
2017-09-21,5.007450
2017-09-22,5.011534
2017-09-25,4.722090
2017-09-26,4.674622
2017-09-27,5.047733
2017-09-28,5.118535
2017-09-29,5.453328
2017-10-02,5.800777
2017-10-03,5.968773
2017-10-04,6.038892
2017-10-05,6.573203
2017-10-06,6.396897
2017-10-09,6.142991
2017-10-10,6.325264
2017-10-11,6.452356
2017-10-12,6.210397
2017-10-13,6.236593
2017-10-16,6.354353
2017-10-17,6.355006
2017-10-18,6.366898
2017-10-19,6.337454
2017-10-20,6.813692
2017-10-23,6.325870
2017-10-24,6.431666
2017-10-25,5.872157
2017-10-26,5.944192
2017-10-27,6.730890
2017-10-30,6.324602
2017-10-31,6.357472
2017-11-01,6.459212
2017-11-02,6.410008
2017-11-03,6.669935
2017-11-06,6.733842
2017-11-07,6.645443
2017-11-08,6.734372
2017-11-09,6.269905
2017-11-10,6.111771
2017-11-13,6.149859
2017-11-14,5.839497
2017-11-15,5.193127
2017-11-16,5.989044
2017-11-17,5.649781
2017-11-20,5.721846
2017-11-21,6.346778
2017-11-22,6.201284
2017-11-24,6.355592
2017-11-27,6.252776
2017-11-28,7.233775
2017-11-29,7.131103
2017-11-30,7.942923
2017-12-01,7.659646
2017-12-04,7.483245
2017-12-05,7.023755
2017-12-06,6.953549
2017-12-07,7.207611
2017-12-08,7.735697
2017-12-11,8.016970
2017-12-12,8.118320
2017-12-13,8.008691
2017-12-14,7.510113
2017-12-15,8.410629
2017-12-18,8.922542
2017-12-19,8.501923
2017-12-20,8.342769
2017-12-21,8.487774
2017-12-22,8.370026
2017-12-26,8.188250
2017-12-27,8.204562
2017-12-28,8.336964
2017-12-29,7.711994
2018-01-02,8.536937
2018-01-03,9.156824
2018-01-04,9.512867
2018-01-05,10.195725
2018-01-08,10.289911
2018-01-09,10.343411
2018-01-10,10.130879
2018-01-11,10.814691
2018-01-12,11.467777
2018-01-16,10.984253
2018-01-17,11.930776
2018-01-18,11.651930
2018-01-19,12.040924
2018-01-22,12.836758
2018-01-23,12.973744
2018-01-24,12.802306
2018-01-25,12.762230
2018-01-26,13.979979
2018-01-29,13.098561
2018-01-30,11.756629
2018-01-31,11.706272
2018-02-01,11.528037
2018-02-02,9.071312
2018-02-05,4.541157
2018-02-06,6.291786
2018-02-07,5.696065
2018-02-08,1.690058
2018-02-09,3.161741
2018-02-12,4.542184
2018-02-13,4.757879
2018-02-14,6.097136
2018-02-15,7.305909
2018-02-16,7.273473
2018-02-20,6.578485
2018-02-21,5.929906
2018-02-22,5.969750
2018-02-23,7.594401
2018-02-26,8.778453
2018-02-27,7.322750
2018-02-28,6.064945
2018-03-01,4.595413
2018-03-02,5.066250
2018-03-05,6.149940
2018-03-06,6.354872
2018-03-07,6.231956
2018-03-08,6.634426
2018-03-09,8.405699
2018-03-12,8.187912
2018-03-13,7.426318
2018-03-14,6.742174
2018-03-15,6.589516
2018-03-16,6.700667
2018-03-19,5.127423
2018-03-20,5.226549
2018-03-21,4.976440
2018-03-22,2.292490
2018-03-23,0.117690
2018-03-26,2.791928
2018-03-27,0.980758
2018-03-28,0.652072
2018-03-29,1.998510
2018-04-02,-0.307589
2018-04-03,0.914561
2018-04-04,2.040129
2018-04-05,2.698933
2018-04-06,0.415324
2018-04-09,0.715893
2018-04-10,2.356700
2018-04-11,1.751180
2018-04-12,2.546292
2018-04-13,2.203675
2018-04-16,2.985464
2018-04-17,4.026096
2018-04-18,4.055539
2018-04-19,3.407243
2018-04-20,2.477759
2018-04-23,2.432309
2018-04-24,1.021138
2018-04-25,1.165606
2018-04-26,2.173918
2018-04-27,2.243309
2018-04-30,1.367332
2018-05-01,1.587703
2018-05-02,0.821624
2018-05-03,0.561876
2018-05-04,1.813285
2018-05-07,2.126471
2018-05-08,2.060463
2018-05-09,3.003806
2018-05-10,3.920226
2018-05-11,4.048067
2018-05-14,4.089427
2018-05-15,3.330085
2018-05-16,3.699838
2018-05-17,3.563002
2018-05-18,3.244138
2018-05-21,3.955180
2018-05-22,3.580423
2018-05-23,3.867064
2018-05-24,3.607145
2018-05-25,3.314396
2018-05-29,2.070891
2018-05-30,3.311350
2018-05-31,2.554050
2018-06-01,3.613654
2018-06-04,4.022867
2018-06-05,4.033156
2018-06-06,4.855636
2018-06-07,4.713026
2018-06-08,4.975570
2018-06-11,5.020723
2018-06-12,5.134780
2018-06-13,4.645846
2018-06-14,4.837636
2018-06-15,4.665274
2018-06-18,4.380612
2018-06-19,3.903767
2018-06-20,4.024785
2018-06-21,3.308014
2018-06-22,3.444143
2018-06-25,1.976165
2018-06-26,2.150826
2018-06-27,1.231721
2018-06-28,1.815236
2018-06-29,1.850459
2018-07-02,2.118723
2018-07-03,1.572995
2018-07-05,2.404024
2018-07-06,3.223646
2018-07-09,4.080679
2018-07-10,4.384964
2018-07-11,3.591837
2018-07-12,4.439346
2018-07-13,4.492690
2018-07-16,4.328559
2018-07-17,4.684687
2018-07-18,4.852988
2018-07-19,4.384983
2018-07-20,4.234137
2018-07-23,4.373453
2018-07-24,4.820161
2018-07-25,5.715899
2018-07-26,5.338072
2018-07-27,4.594755
2018-07-30,3.945196
2018-07-31,4.401564
2018-08-01,4.242677
2018-08-02,4.703930
2018-08-03,5.135491
2018-08-06,5.451054
2018-08-07,5.690930
2018-08-08,5.608045
2018-08-09,5.399586
2018-08-10,4.598759
2018-08-13,4.128843
2018-08-14,4.740126
2018-08-15,3.898409
2018-08-16,4.669544
2018-08-17,4.964220
2018-08-20,5.165300
2018-08-21,5.327957
2018-08-22,5.232984
2018-08-23,5.003684
2018-08-24,5.599463
2018-08-27,6.350393
2018-08-28,6.317963
2018-08-29,6.859091
2018-08-30,6.324010
2018-08-31,6.275474
2018-09-04,6.035169
2018-09-05,5.679340
2018-09-06,5.235770
2018-09-07,4.947293
2018-09-10,5.093060
2018-09-11,5.430096
2018-09-12,5.412572
2018-09-13,5.910886
2018-09-14,5.886400
2018-09-17,5.246247
2018-09-18,5.761855
2018-09-19,5.843193
2018-09-20,6.616543
2018-09-21,6.519106
2018-09-24,6.088669
2018-09-25,5.896611
2018-09-26,5.499533
2018-09-27,5.742302
2018-09-28,5.693659
2018-10-01,6.028171
2018-10-02,5.933990
2018-10-03,5.961427
2018-10-04,5.055547
2018-10-05,4.436215
2018-10-08,4.356203
2018-10-09,4.171345
2018-10-10,0.729193
2018-10-11,-1.351647
2018-10-12,0.034487
2018-10-15,-0.567582
2018-10-16,1.544761
2018-10-17,1.498307
2018-10-18,0.027483
2018-10-19,-0.016553
2018-10-22,-0.448723
2018-10-23,-0.996178
2018-10-24,-4.035375
2018-10-25,-2.240497
2018-10-26,-3.915503
2018-10-29,-4.520763
2018-10-30,-3.008469
2018-10-31,-1.939882
2018-11-01,-0.894247
2018-11-02,-1.504729
2018-11-05,-0.936164
2018-11-06,-0.301004
2018-11-07,1.817854
2018-11-08,1.568359
2018-11-09,0.650759
2018-11-12,-1.309474
2018-11-13,-1.437841
2018-11-14,-2.162052
2018-11-15,-1.109146
2018-11-16,-0.884640
2018-11-19,-2.541604
2018-11-20,-4.301366
2018-11-21,-4.004610
2018-11-23,-4.642750
2018-11-26,-3.171079
2018-11-27,-2.859856
2018-11-28,-0.642707
2018-11-29,-0.866646
2018-11-30,-0.061894
2018-12-03,1.020937
2018-12-04,-2.245729
2018-12-06,-2.393583
2018-12-07,-4.657543
2018-12-10,-4.470582
2018-12-11,-4.479920
2018-12-12,-3.946032
2018-12-13,-3.954224
2018-12-14,-5.774153
2018-12-17,-7.707250
2018-12-18,-7.670026
2018-12-19,-9.055044
2018-12-20,-10.447305
2018-12-21,-12.239699
2018-12-24,-14.551514
2018-12-26,-10.262384
2018-12-27,-9.448468
2018-12-28,-9.517484
2018-12-31,-8.709106
2019-01-02,-8.553012
2019-01-03,-10.773863
2019-01-04,-7.679092
2019-01-07,-7.004376
2019-01-08,-6.090892
2019-01-09,-5.705481
2019-01-10,-5.268722
2019-01-11,-5.279754
2019-01-14,-5.773900
2019-01-15,-4.758325
2019-01-16,-4.552659
2019-01-17,-3.831853
2019-01-18,-2.568688
2019-01-22,-3.942807
2019-01-23,-3.737212
2019-01-24,-3.609910
2019-01-25,-2.793082
2019-01-28,-3.556140
2019-01-29,-3.692372
2019-01-30,-2.199275
2019-01-31,-1.363168
2019-02-01,-1.274557
2019-02-04,-0.608512
2019-02-05,-0.148652
2019-02-06,-0.381932
2019-02-07,-1.320507
2019-02-08,-1.266979
2019-02-11,-1.209646
2019-02-12,0.049597
2019-02-13,0.336946
2019-02-14,0.053079
2019-02-15,1.119276
2019-02-19,1.244254
2019-02-20,1.395561
2019-02-21,1.017497
2019-02-22,1.642922
2019-02-25,1.745137
2019-02-26,1.646938
2019-02-27,1.578830
2019-02-28,1.281360
2019-03-01,1.966086
2019-03-04,1.555376
2019-03-05,1.428072
2019-03-06,0.756945
2019-03-07,-0.068310
2019-03-08,-0.283156
2019-03-11,1.168471
2019-03-12,1.456517
2019-03-13,2.146161
2019-03-14,2.041338
2019-03-15,2.525303
2019-03-18,2.884902
2019-03-19,2.847695
2019-03-20,2.528195
2019-03-21,3.620565
2019-03-22,1.644841
2019-03-25,1.554766
2019-03-26,2.275281
2019-03-27,1.795417
2019-03-28,2.154612
2019-03-29,2.833679
2019-04-01,4.006046
2019-04-02,3.991876
2019-04-03,4.197577
2019-04-04,4.394795
2019-04-05,4.854076
2019-04-08,4.939477
2019-04-09,4.278489
2019-04-10,4.615888
2019-04-11,4.587439
2019-04-12,5.243564
2019-04-15,5.138136
2019-04-16,5.155399
2019-04-17,4.881756
2019-04-18,5.013517
2019-04-22,5.082803
2019-04-23,5.974128
2019-04-24,5.709891
2019-04-25,5.643800
2019-04-26,6.110798
2019-04-29,6.192109
2019-04-30,6.264856
2019-05-01,5.444357
2019-05-02,5.197804
2019-05-03,6.185677
2019-05-06,5.688663
2019-05-07,3.928668
2019-05-08,3.747314
2019-05-09,3.421974
2019-05-10,3.795329
2019-05-13,1.296930
2019-05-14,2.109478
2019-05-15,2.699747
2019-05-16,3.599535
2019-05-17,2.986770
2019-05-20,2.286724
2019-05-21,3.148837
2019-05-22,2.854555
2019-05-23,1.634284
2019-05-24,1.777788
2019-05-28,0.935383
2019-05-29,0.250465
2019-05-30,0.468876
2019-05-31,-0.844369
2019-06-03,-1.101542
2019-06-04,1.020835
2019-06-05,1.848020
2019-06-06,2.474144
2019-06-07,3.546847
2019-06-10,4.024924
2019-06-11,3.984050
2019-06-12,3.767901
2019-06-13,4.189896
2019-06-14,4.023822
2019-06-17,4.122218
2019-06-18,5.133313
2019-06-19,5.442341
2019-06-20,6.431014
2019-06-21,6.286704
2019-06-24,6.091783
2019-06-25,5.076850
2019-06-26,4.939236
2019-06-27,5.331373
2019-06-28,5.927539
2019-07-01,6.725756
2019-07-02,7.025002
2019-07-03,7.828507
2019-07-05,7.614101
2019-07-08,7.079936
2019-07-09,7.198523
2019-07-10,7.669992
2019-07-11,7.902410
2019-07-12,8.382538
2019-07-15,8.382356
2019-07-16,7.994406
2019-07-17,7.275489
2019-07-18,7.644054
2019-07-19,6.969166
2019-07-22,7.259877
2019-07-23,7.978825
2019-07-24,8.462064
2019-07-25,7.868414
2019-07-26,8.637723
2019-07-29,8.434778
2019-07-30,8.111021
2019-07-31,6.885853
2019-08-01,5.888610
2019-08-02,5.083308
2019-08-05,1.947795
2019-08-06,3.261425
2019-08-07,3.319289
2019-08-08,5.225696
2019-08-09,4.499000
2019-08-12,3.185620
2019-08-13,4.696359
2019-08-14,1.604971
2019-08-15,1.820952
2019-08-16,3.244163
2019-08-19,4.449035
2019-08-20,3.587420
2019-08-21,4.407369
2019-08-22,4.317308
2019-08-23,1.590933
2019-08-26,2.684184
2019-08-27,2.345178
2019-08-28,3.000176
2019-08-29,4.280271
2019-08-30,4.310063
2019-09-03,3.556442
2019-09-04,4.635177
2019-09-05,5.950084
2019-09-06,6.000816
2019-09-09,5.936622
2019-09-10,5.907199
2019-09-11,6.606369
2019-09-12,6.841758
2019-09-13,6.701112
2019-09-16,6.306988
2019-09-17,6.531977
2019-09-18,6.517719
2019-09-19,6.473335
2019-09-20,5.914262
2019-09-23,5.849343
2019-09-24,4.908248
2019-09-25,5.488717
2019-09-26,5.169326
2019-09-27,4.550201
2019-09-30,5.017565
2019-10-01,3.677237
2019-10-02,1.769469
2019-10-03,2.514885
2019-10-04,3.898071
2019-10-07,3.354243
2019-10-08,1.669870
2019-10-09,2.504964
2019-10-10,3.056397
2019-10-11,4.091982
2019-10-14,3.860728
2019-10-15,4.801167
2019-10-16,4.503350
2019-10-17,4.702790
2019-10-18,4.194479
2019-10-21,4.823638
2019-10-22,4.368362
2019-10-23,4.587161
2019-10-24,4.710499
2019-10-25,5.059131
2019-10-28,5.564199
2019-10-29,5.393182
2019-10-30,5.656045
2019-10-31,5.259741
2019-11-01,6.197498
2019-11-04,6.515702
2019-11-05,6.308163
2019-11-06,6.302335
2019-11-07,6.511068
2019-11-08,6.704915
2019-11-11,6.414167
2019-11-12,6.497729
2019-11-13,6.497757
2019-11-14,6.514944
2019-11-15,7.258272
2019-11-18,7.239041
2019-11-19,7.105135
2019-11-20,6.633858
2019-11-21,6.392546
2019-11-22,6.550450
2019-11-25,7.272477
2019-11-26,7.435220
2019-11-27,7.809827
2019-11-29,7.304883
2019-12-02,6.317301
2019-12-03,5.555075
2019-12-04,6.163135
2019-12-05,6.260335
2019-12-06,7.166583
2019-12-09,6.765832
2019-12-10,6.587277
2019-12-11,6.833771
2019-12-12,7.679575
2019-12-13,7.620624
2019-12-16,8.316549
2019-12-17,8.278841
2019-12-18,8.155056
2019-12-19,8.553386
2019-12-20,9.001905
2019-12-23,9.015029
2019-12-24,8.914200
2019-12-26,9.393447
2019-12-27,9.317523
2019-12-30,8.612505
2019-12-31,8.859467
2020-01-02,9.692986
2020-01-03,8.843326
2020-01-06,9.156034
2020-01-07,8.770226
2020-01-08,9.220035
2020-01-09,9.862779
2020-01-10,9.464639
2020-01-13,10.141023
2020-01-14,9.891619
2020-01-15,10.019418
2020-01-16,10.856554
2020-01-17,11.199920
2020-01-21,10.823335
2020-01-22,10.776072
2020-01-23,10.823047
2020-01-24,9.744665
2020-01-27,7.954415
2020-01-28,8.969400
2020-01-29,8.808711
2020-01-30,9.081213
2020-01-31,7.093193
2020-02-03,7.807747
2020-02-04,9.351530
2020-02-05,10.503616
2020-02-06,10.795464
2020-02-07,10.124055
2020-02-10,10.852744
2020-02-11,10.963247
2020-02-12,11.599886
2020-02-13,11.339226
2020-02-14,11.460542
2020-02-18,11.052183
2020-02-19,11.493854
2020-02-20,10.987911
2020-02-21,9.738620
2020-02-24,6.000507
2020-02-25,2.747345
2020-02-26,2.319623
2020-02-27,-2.225930
2020-02-28,-3.050490
2020-03-02,1.373191
2020-03-03,-1.496723
2020-03-04,2.614836
2020-03-05,-0.895915
2020-03-06,-2.603260
2020-03-09,-9.986281
2020-03-10,-5.549221
2020-03-11,-10.152417
2020-03-12,-18.655172
2020-03-13,-11.090080
2020-03-16,-21.693381
2020-03-17,-16.968155
2020-03-18,-21.226974
2020-03-19,-20.804894
2020-03-20,-24.173800
2020-03-23,-26.321590
2020-03-24,-19.351942
2020-03-25,-18.366361
2020-03-26,-13.234693
2020-03-27,-16.110765
2020-03-30,-13.261198
2020-03-31,-14.607487
2020-04-01,-18.320361
2020-04-02,-16.401654
2020-04-03,-17.607423
2020-04-06,-11.770216
2020-04-07,-11.869172
2020-04-08,-8.838237
2020-04-09,-7.497982
2020-04-13,-8.409580
2020-04-14,-5.597079
2020-04-15,-7.652557
2020-04-16,-7.090003
2020-04-17,-4.585022
2020-04-20,-6.264282
2020-04-21,-9.101299
2020-04-22,-6.989683
2020-04-23,-7.011766
2020-04-24,-5.693050
2020-04-27,-4.286091
2020-04-28,-4.764049
2020-04-29,-2.220143
2020-04-30,-3.106172
2020-05-01,-5.800833
2020-05-04,-5.376514
2020-05-05,-4.503873
2020-05-06,-5.148810
2020-05-07,-4.037725
2020-05-08,-2.404106
2020-05-11,-2.379170
2020-05-12,-4.355615
2020-05-13,-5.994348
2020-05-14,-4.885477
2020-05-15,-4.493444
2020-05-18,-1.484931
2020-05-19,-2.516321
2020-05-20,-0.914074
2020-05-21,-1.695266
2020-05-22,-1.475623
2020-05-26,-0.273762
2020-05-27,1.185096
2020-05-28,0.947074
2020-05-29,1.412931
2020-06-01,1.756893
2020-06-02,2.552579
2020-06-03,3.911815
2020-06-04,3.529264
2020-06-05,6.191114
2020-06-08,7.414832
2020-06-09,6.526777
2020-06-10,5.900460
2020-06-11,-0.362204
2020-06-12,0.910322
2020-06-15,1.718963
2020-06-16,3.613403
2020-06-17,3.208360
2020-06-18,3.233916
2020-06-19,2.623498
2020-06-22,3.265782
2020-06-23,3.684392
2020-06-24,0.991595
2020-06-25,2.080770
2020-06-26,-0.393670
2020-06-29,1.061812
2020-06-30,2.603387
2020-07-01,3.098561
2020-07-02,3.545462
2020-07-06,5.159852
2020-07-07,3.998354
2020-07-08,4.781585
2020-07-09,4.162648
2020-07-10,5.214860
2020-07-13,4.200463
2020-07-14,5.559084
2020-07-15,6.471245
2020-07-16,6.066797
2020-07-17,6.319057
2020-07-20,7.148539
2020-07-21,7.267181
2020-07-22,7.826129
2020-07-23,6.445721
2020-07-24,5.730680
2020-07-27,6.456566
2020-07-28,5.718738
2020-07-29,6.982018
2020-07-30,6.531828
2020-07-31,7.300486
2020-08-03,8.016993
2020-08-04,8.352336
2020-08-05,8.988019
2020-08-06,9.627085
2020-08-07,9.632733
2020-08-10,9.869402
2020-08-11,8.936247
2020-08-12,10.396441
2020-08-13,10.110384
2020-08-14,10.031129
2020-08-17,10.269002
2020-08-18,10.459568
2020-08-19,9.917912
2020-08-20,10.209960
2020-08-21,10.531177
2020-08-24,11.576974
2020-08-25,11.913023
2020-08-26,12.983245
2020-08-27,13.099257
2020-08-28,13.783857
2020-08-31,13.459350
2020-09-01,14.233518
2020-09-02,15.902401
2020-09-03,11.770991
2020-09-04,10.806970
2020-09-08,7.692482
2020-09-09,9.809519
2020-09-10,7.838668
2020-09-11,7.860044
2020-09-14,9.191544
2020-09-15,9.717625
2020-09-16,9.167792
2020-09-17,8.207014
2020-09-18,6.957976
2020-09-21,5.691697
2020-09-22,6.769283
2020-09-23,4.221288
2020-09-24,4.514031
2020-09-25,6.155469
2020-09-28,7.829263
2020-09-29,7.281514
2020-09-30,8.133214
2020-10-01,8.672472
2020-10-02,7.604683
2020-10-05,9.500369
2020-10-06,7.943286
2020-10-07,9.786203
2020-10-08,10.626033
2020-10-09,11.553400
2020-10-12,13.331136
2020-10-13,12.567290
2020-10-14,11.773845
2020-10-15,11.557946
2020-10-16,11.532642
2020-10-19,9.677608
2020-10-20,10.161391
2020-10-21,9.884638
2020-10-22,10.422721
2020-10-23,10.769443
2020-10-26,8.686734
2020-10-27,8.340137
2020-10-28,4.519067
2020-10-29,5.764273
2020-10-30,4.489221
2020-11-02,5.779615
2020-11-03,7.654098
2020-11-04,10.006166
2020-11-05,12.113793
2020-11-06,12.043253
2020-11-09,13.298646
2020-11-10,13.091460
2020-11-11,13.902457
2020-11-12,12.720354
2020-11-13,14.189080
2020-11-16,15.449664
2020-11-17,14.839423
2020-11-18,13.469364
2020-11-19,13.874413
2020-11-20,13.059609
2020-11-23,13.656079
2020-11-24,15.442036
2020-11-25,15.213358
2020-11-27,15.441078
2020-11-30,14.866560
2020-12-01,16.107447
2020-12-02,16.263287
2020-12-03,16.136716
2020-12-04,17.095920
2020-12-07,16.783117
2020-12-08,17.002383
2020-12-09,15.970341
2020-12-10,15.695395
2020-12-11,15.419942
2020-12-14,14.816006
2020-12-15,16.173181
2020-12-16,16.274740
2020-12-17,16.816033
2020-12-18,16.271415
2020-12-21,15.645341
2020-12-22,15.260391
2020-12-23,15.175587
2020-12-24,15.362831
2020-12-28,16.183706
2020-12-29,15.683678
2020-12-30,15.623032
2020-12-31,16.123236
2021-01-04,14.181946
2021-01-05,14.738952
2021-01-06,15.126360
2021-01-07,16.592799
2021-01-08,16.991214
2021-01-11,16.016844
2021-01-12,15.842293
2021-01-13,15.896958
2021-01-14,15.249668
2021-01-15,14.196022
2021-01-19,14.903699
2021-01-20,16.265262
2021-01-21,16.093692
2021-01-22,15.538430
2021-01-25,15.763764
2021-01-26,15.407784
2021-01-27,12.277885
2021-01-28,13.214279
2021-01-29,10.873684
2021-02-01,12.489820
2021-02-02,13.891676
2021-02-03,13.835960
2021-02-04,14.877669
2021-02-05,15.139640
2021-02-08,15.799878
2021-02-09,15.487440
2021-02-10,15.272049
2021-02-11,15.284735
2021-02-12,15.658413
2021-02-16,15.419523
2021-02-17,15.196485
2021-02-18,14.508079
2021-02-19,14.122350
2021-02-22,13.070073
2021-02-23,13.047227
2021-02-24,14.164966
2021-02-25,11.224915
2021-02-26,10.545498
2021-03-01,12.998171
2021-03-02,11.920104
2021-03-03,10.305256
2021-03-04,8.697424
2021-03-05,10.669906
2021-03-08,9.942246
2021-03-09,11.349963
2021-03-10,11.869828
2021-03-11,12.879316
2021-03-12,12.847257
2021-03-15,13.427420
2021-03-16,13.100948
2021-03-17,13.278146
2021-03-18,11.473499
2021-03-19,11.281134
2021-03-22,11.931078
2021-03-23,10.964018
2021-03-24,10.254606
2021-03-25,10.722141
2021-03-26,12.438691
2021-03-29,12.187326
2021-03-30,11.688349
2021-03-31,11.949808
2021-04-01,13.130959
2021-04-05,14.608836
2021-04-06,14.343234
2021-04-07,14.354292
2021-04-08,14.679551
2021-04-09,15.403765
2021-04-12,15.207625
2021-04-13,15.416803
2021-04-14,14.766608
2021-04-15,15.859776
2021-04-16,16.102881
2021-04-19,15.319248
2021-04-20,14.375623
2021-04-21,15.281574
2021-04-22,14.063846
2021-04-23,15.149969
2021-04-26,15.190898
2021-04-27,15.007699
2021-04-28,14.748444
2021-04-29,15.364031
2021-04-30,14.384466
2021-05-03,14.545713
2021-05-04,13.634834
2021-05-05,13.572882
2021-05-06,14.353118
2021-05-07,15.046522
2021-05-10,13.698713
2021-05-11,12.569417
2021-05-12,10.032021
2021-05-13,11.236791
2021-05-14,12.756622
2021-05-17,12.332192
2021-05-18,11.246850
2021-05-19,10.796818
2021-05-20,11.837900
2021-05-21,11.625953
2021-05-24,12.604087
2021-05-25,12.238771
2021-05-26,12.323669
2021-05-27,12.324187
2021-05-28,12.286890
2021-06-01,12.107553
2021-06-02,12.144811
2021-06-03,11.617274
2021-06-04,12.477536
2021-06-07,12.260803
2021-06-08,12.155075
2021-06-09,11.828519
2021-06-10,12.228624
2021-06-11,12.327775
2021-06-14,12.416259
2021-06-15,12.077294
2021-06-16,11.368003
2021-06-17,11.213684
2021-06-18,9.661653
2021-06-21,11.103014
2021-06-22,11.556277
2021-06-23,11.316280
2021-06-24,11.826026
2021-06-25,12.068974
2021-06-28,12.188689
2021-06-29,12.080477
2021-06-30,12.095562
2021-07-01,12.546029
2021-07-02,13.247504
2021-07-06,12.873663
2021-07-07,13.100168
2021-07-08,11.980833
2021-07-09,13.089293
2021-07-12,13.311293
2021-07-13,12.749246
2021-07-14,12.724116
2021-07-15,12.210583
2021-07-16,11.222711
2021-07-19,9.331835
2021-07-20,10.855503
2021-07-21,11.624566
2021-07-22,11.712512
2021-07-23,12.694435
2021-07-26,12.818393
2021-07-27,12.150178
2021-07-28,11.997518
2021-07-29,12.342090
2021-07-30,11.609450
2021-08-02,11.276833
2021-08-03,12.056128
2021-08-04,11.407372
2021-08-05,11.934492
2021-08-06,11.981443
2021-08-09,11.735629
2021-08-10,11.708100
2021-08-11,11.713208
2021-08-12,12.027124
2021-08-13,12.055601
2021-08-16,12.179257
2021-08-17,11.228711
2021-08-18,9.877890
2021-08-19,9.865693
2021-08-20,10.612257
2021-08-23,11.411361
2021-08-24,11.442773
2021-08-25,11.553470
2021-08-26,10.777320
2021-08-27,11.619697
2021-08-30,11.967898
2021-08-31,11.680761
2021-09-01,11.586211
2021-09-02,11.777961
2021-09-03,11.613208
2021-09-07,11.104037
2021-09-08,10.830562
2021-09-09,10.193537
2021-09-10,9.224567
2021-09-13,9.361588
2021-09-14,8.625012
2021-09-15,9.432817
2021-09-16,9.149493
2021-09-17,8.053478
2021-09-20,6.129938
2021-09-21,5.955023
2021-09-22,6.873103
2021-09-23,8.070522
2021-09-24,8.129493
2021-09-27,7.728590
2021-09-28,5.447286
2021-09-29,5.523789
2021-09-30,4.183803
2021-10-01,5.296678
2021-10-04,3.854100
2021-10-05,4.868196
2021-10-06,5.215406
2021-10-07,5.998439
2021-10-08,5.705935
2021-10-11,4.895447
2021-10-12,4.560506
2021-10-13,4.797402
2021-10-14,6.494624
2021-10-15,7.194015
2021-10-18,7.461688
2021-10-19,8.150112
2021-10-20,8.441371
2021-10-21,8.662128
2021-10-22,8.449605
2021-10-25,8.868193
2021-10-26,8.965621
2021-10-27,8.318361
2021-10-28,9.280773
2021-10-29,9.388489
2021-11-01,9.475480
2021-11-02,9.770069
2021-11-03,10.373526
2021-11-04,10.726672
2021-11-05,11.027557
2021-11-08,11.015091
2021-11-09,10.517645
2021-11-10,9.492846
2021-11-11,9.442036
2021-11-12,10.106973
2021-11-15,9.988258
2021-11-16,10.300098
2021-11-17,9.902448
2021-11-18,10.166916
2021-11-19,9.908447
2021-11-22,9.458804
2021-11-23,9.540404
2021-11-24,9.690290
2021-11-26,7.112849
2021-11-29,8.435699
2021-11-30,6.301074
2021-12-01,4.974040
2021-12-02,6.382043
2021-12-03,5.405886
2021-12-06,6.553896
2021-12-07,8.658777
2021-12-08,8.896091
2021-12-09,8.009257
2021-12-10,8.927105
2021-12-13,7.836310
2021-12-14,6.936376
2021-12-15,8.573114
2021-12-16,7.512261
2021-12-17,6.310889
2021-12-20,5.010015
2021-12-21,6.781905
2021-12-22,7.770235
2021-12-23,8.343204
2021-12-27,9.735908
2021-12-28,9.522535
2021-12-29,9.571979
2021-12-30,9.144007
2021-12-31,8.751723
2022-01-03,9.334712
2022-01-04,9.159756
2022-01-05,6.946641
2022-01-06,6.745584
2022-01-07,6.220583
2022-01-10,5.983782
2022-01-11,6.864623
2022-01-12,7.072540
2022-01-13,5.465471
2022-01-14,5.475191
2022-01-18,3.477296
2022-01-19,2.421528
2022-01-20,1.244991
2022-01-21,-0.703767
2022-01-24,-0.460156
2022-01-25,-1.697091
2022-01-26,-1.867282
2022-01-27,-2.417855
2022-01-28,-0.071420
2022-01-31,1.777952
2022-02-01,2.432209
2022-02-02,3.344474
2022-02-03,0.789290
2022-02-04,1.267389
2022-02-07,0.858065
2022-02-08,1.667213
2022-02-09,3.096721
2022-02-10,1.192558
2022-02-11,-0.750108
2022-02-14,-1.155764
2022-02-15,0.371309
2022-02-16,0.424774
2022-02-17,-1.724985
2022-02-18,-2.445354
2022-02-22,-3.442660
2022-02-23,-5.224426
2022-02-24,-3.821615
2022-02-25,-1.705294
2022-02-28,-1.974116
2022-03-01,-3.505237
2022-03-02,-1.730895
2022-03-03,-2.273063
2022-03-04,-3.071573
2022-03-07,-5.937141
2022-03-08,-6.619120
2022-03-09,-4.228061
2022-03-10,-4.646717
2022-03-11,-5.883519
2022-03-14,-6.579054
2022-03-15,-4.585275
2022-03-16,-2.466545
2022-03-17,-1.284705
2022-03-18,-0.163647
2022-03-21,-0.232850
2022-03-22,0.862776
2022-03-23,-0.400576
2022-03-24,0.994142
2022-03-25,1.471348
2022-03-28,2.158926
2022-03-29,3.367601
2022-03-30,2.676263
2022-03-31,1.034553
2022-04-01,1.342490
2022-04-04,2.115073
2022-04-05,0.799625
2022-04-06,-0.205925
2022-04-07,0.189714
2022-04-08,-0.100555
2022-04-11,-1.800994
2022-04-12,-2.148217
2022-04-13,-1.071802
2022-04-14,-2.283536
2022-04-18,-2.311351
2022-04-19,-0.754833
2022-04-20,-0.828997
2022-04-21,-2.295922
2022-04-22,-5.001058
2022-04-25,-4.451959
2022-04-26,-7.119652
2022-04-27,-6.905603
2022-04-28,-4.592592
2022-04-29,-8.031062
2022-05-02,-7.491431
2022-05-03,-7.035365
2022-05-04,-4.256776
2022-05-05,-7.648217
2022-05-06,-8.147271
2022-05-09,-11.048300
2022-05-10,-10.787789
2022-05-11,-12.210872
2022-05-12,-12.278600
2022-05-13,-10.145080
2022-05-16,-10.460969
2022-05-17,-8.624553
2022-05-18,-12.266724
2022-05-19,-12.729575
2022-05-20,-12.665263
2022-05-23,-10.998663
2022-05-24,-11.672871
2022-05-25,-10.792331
2022-05-26,-8.979350
2022-05-27,-6.695629
2022-05-31,-7.246106
2022-06-01,-7.901039
2022-06-02,-6.174985
2022-06-03,-7.678522
2022-06-06,-7.359274
2022-06-07,-6.447476
2022-06-08,-7.419415
2022-06-09,-9.575074
2022-06-10,-12.148517
2022-06-13,-15.485826
2022-06-14,-15.731260
2022-06-15,-14.430261
2022-06-16,-17.132230
2022-06-17,-16.870075
2022-06-21,-14.760839
2022-06-22,-14.796979
2022-06-23,-13.914157
2022-06-24,-11.222453
2022-06-27,-11.426776
2022-06-28,-13.148084
2022-06-29,-13.145758
2022-06-30,-13.842101
2022-07-01,-12.867821
2022-07-05,-12.665901
2022-07-06,-12.295075
2022-07-07,-10.936379
2022-07-08,-10.964119
2022-07-11,-11.936063
2022-07-12,-12.687259
2022-07-13,-13.011396
2022-07-14,-13.207430
2022-07-15,-11.491305
2022-07-18,-12.178373
2022-07-19,-9.713632
2022-07-20,-9.139943
2022-07-21,-8.212188
2022-07-22,-9.028694
2022-07-25,-8.867542
2022-07-26,-9.869942
2022-07-27,-7.473370
2022-07-28,-6.319610
2022-07-29,-4.964534
2022-08-01,-5.206090
2022-08-02,-5.800020
2022-08-03,-4.292036
2022-08-04,-4.329576
2022-08-05,-4.443889
2022-08-08,-4.518549
2022-08-09,-4.877349
2022-08-10,-2.814604
2022-08-11,-2.842886
2022-08-12,-1.126257
2022-08-15,-0.704581
2022-08-16,-0.484851
2022-08-17,-1.167274
2022-08-18,-0.905165
2022-08-19,-2.137967
2022-08-22,-4.174273
2022-08-23,-4.327644
2022-08-24,-3.986712
2022-08-25,-2.576965
2022-08-26,-5.790370
2022-08-29,-6.351426
2022-08-30,-7.312796
2022-08-31,-7.959448
2022-09-01,-7.606703
2022-09-02,-8.515941
2022-09-06,-8.807611
2022-09-07,-7.056470
2022-09-08,-6.366412
2022-09-09,-4.868056
2022-09-12,-3.795867
2022-09-13,-7.872525
2022-09-14,-7.490207
2022-09-15,-8.456307
2022-09-16,-9.039760
2022-09-19,-8.350053
2022-09-20,-9.306287
2022-09-21,-10.780109
2022-09-22,-11.445118
2022-09-23,-12.869156
2022-09-26,-13.663590
2022-09-27,-13.742726
2022-09-28,-11.942465
2022-09-29,-13.697724
2022-09-30,-14.892245
2022-10-03,-12.582318
2022-10-04,-9.814701
2022-10-05,-9.906955
2022-10-06,-10.742447
2022-10-07,-13.137464
2022-10-10,-13.676600
2022-10-11,-14.122697
2022-10-12,-14.280778
2022-10-13,-11.937221
2022-10-14,-13.896020
2022-10-17,-11.498928
2022-10-18,-10.374763
2022-10-19,-10.854473
2022-10-20,-11.442792
2022-10-21,-9.237877
2022-10-24,-8.059524
2022-10-25,-6.471351
2022-10-26,-7.067753
2022-10-27,-7.531426
2022-10-28,-5.159211
2022-10-31,-5.776047
2022-11-01,-6.070279
2022-11-02,-8.327442
2022-11-03,-9.207911
2022-11-04,-7.891386
2022-11-07,-6.938662
2022-11-08,-6.351092
2022-11-09,-8.228683
2022-11-10,-3.094703
2022-11-11,-2.159255
2022-11-14,-2.977122
2022-11-15,-2.068865
2022-11-16,-2.806923
2022-11-17,-3.030665
2022-11-18,-2.507894
2022-11-21,-2.820748
2022-11-22,-1.442825
2022-11-23,-0.799537
2022-11-25,-0.759039
2022-11-28,-2.226647
2022-11-29,-2.326756
2022-11-30,0.735995
2022-12-01,0.697633
2022-12-02,0.627458
2022-12-05,-1.126591
2022-12-06,-2.501157
2022-12-07,-2.638077
2022-12-08,-1.873929
2022-12-09,-2.552373
2022-12-12,-1.112628
2022-12-13,-0.348028
2022-12-14,-0.913003
2022-12-15,-3.323580
2022-12-16,-4.339669
2022-12-19,-5.141123
2022-12-20,-4.997935
2022-12-21,-3.550408
2022-12-22,-4.890402
2022-12-23,-4.282906
2022-12-27,-4.625998
2022-12-28,-5.726680
2022-12-29,-4.031139
2022-12-30,-4.213076
2023-01-03,-4.526305
2023-01-04,-3.733210
2023-01-05,-4.776599
2023-01-06,-2.526486
2023-01-09,-2.532509
2023-01-10,-1.778455
2023-01-11,-0.444827
2023-01-12,-0.030500
2023-01-13,0.448794
2023-01-17,0.321876
2023-01-18,-1.164667
2023-01-19,-1.839722
2023-01-20,0.094179
2023-01-23,1.347950
2023-01-24,1.335139
2023-01-25,1.378613
2023-01-26,2.549951
2023-01-27,2.850211
2023-01-30,1.565091
2023-01-31,3.100469
2023-02-01,4.214134
2023-02-02,5.774373
2023-02-03,4.722282
2023-02-06,4.125156
2023-02-07,5.496190
2023-02-08,4.347562
2023-02-09,3.454326
2023-02-10,3.692572
2023-02-13,4.885912
2023-02-14,4.876623
2023-02-15,5.165375
2023-02-16,3.723820
2023-02-17,3.449417
2023-02-21,1.415107
2023-02-22,1.275543
2023-02-23,1.829627
2023-02-24,0.759303
2023-02-27,1.071349
2023-02-28,0.760025
2023-03-01,0.281196
2023-03-02,1.047002
2023-03-03,2.673779
2023-03-06,2.749605
2023-03-07,1.166721
2023-03-08,1.298126
2023-03-09,-0.573912
2023-03-10,-1.999471
2023-03-13,-2.136783
2023-03-14,-0.516821
2023-03-15,-1.190495
2023-03-16,0.570071
2023-03-17,-0.510933
2023-03-20,0.395434
2023-03-21,1.721265
2023-03-22,0.068419
2023-03-23,0.389111
2023-03-24,0.979635
2023-03-27,1.163725
2023-03-28,1.010489
2023-03-29,2.432065
2023-03-30,2.978052
2023-03-31,4.415084
2023-04-03,4.756778
2023-04-04,4.092158
2023-04-05,3.777988
2023-04-06,4.104495
2023-04-10,4.162090
2023-04-11,4.116450
2023-04-12,3.662273
2023-04-13,5.004380
2023-04-14,4.745162
2023-04-17,5.047256
2023-04-18,5.087967
2023-04-19,5.035385
2023-04-20,4.370788
2023-04-21,4.426992
2023-04-24,4.484981
2023-04-25,2.810620
2023-04-26,2.389650
2023-04-27,4.351328
2023-04-28,5.163772
2023-05-01,5.073147
2023-05-02,3.822184
2023-05-03,3.061852
2023-05-04,2.301828
2023-05-05,4.168692
2023-05-08,4.197529
2023-05-09,3.699797
2023-05-10,4.142393
2023-05-11,3.938290
2023-05-12,3.760608
2023-05-15,4.059190
2023-05-16,3.398186
2023-05-17,4.622393
2023-05-18,5.596363
2023-05-19,5.438804
2023-05-22,5.449754
2023-05-23,4.266343
2023-05-24,3.506490
2023-05-25,4.409174
2023-05-26,5.772255
2023-05-30,5.774244
2023-05-31,5.141374
2023-06-01,6.187650
2023-06-02,7.734121
2023-06-05,7.518300
2023-06-06,7.771372
2023-06-07,7.355275
2023-06-08,7.998475
2023-06-09,8.099336
2023-06-12,9.079769
2023-06-13,9.812513
2023-06-14,9.859016
2023-06-15,11.141713
2023-06-16,10.674802
2023-06-20,10.090825
2023-06-21,9.458611
2023-06-22,9.801797
2023-06-23,8.900792
2023-06-26,8.364821
2023-06-27,9.555190
2023-06-28,9.474010
2023-06-29,9.924426
2023-06-30,11.201120
2023-07-03,11.260468
2023-07-05,10.965899
2023-07-06,10.012888
2023-07-07,9.629472
2023-07-10,9.817378
2023-07-11,10.468469
2023-07-12,11.188376
2023-07-13,12.016418
2023-07-14,11.783619
2023-07-17,12.092844
2023-07-18,12.773817
2023-07-19,12.910402
2023-07-20,12.015999
2023-07-21,11.933702
2023-07-24,12.279468
2023-07-25,12.486772
2023-07-26,12.355528
2023-07-27,11.510533
2023-07-28,12.477973
2023-07-31,12.505074
2023-08-01,12.067904
2023-08-02,10.402923
2023-08-03,9.998007
2023-08-04,9.308166
2023-08-07,10.187194
2023-08-08,9.614906
2023-08-09,8.737138
2023-08-10,8.669703
2023-08-11,8.465535
2023-08-14,9.005752
2023-08-15,7.667266
2023-08-16,6.776467
2023-08-17,5.892670
2023-08-18,5.813118
2023-08-21,6.470942
2023-08-22,6.094624
2023-08-23,7.173633
2023-08-24,5.653980
2023-08-25,6.286920
2023-08-28,6.874747
2023-08-29,8.327511
2023-08-30,8.669660
2023-08-31,8.428954
2023-09-01,8.551114
2023-09-05,8.030247
2023-09-06,7.211852
2023-09-07,6.802873
2023-09-08,6.892126
2023-09-11,7.541501
2023-09-12,6.870266
2023-09-13,6.946582
2023-09-14,7.786337
2023-09-15,6.413781
2023-09-18,6.427437
2023-09-19,6.152361
2023-09-20,5.114201
2023-09-21,3.358356
2023-09-22,3.081568
2023-09-25,3.447376
2023-09-26,1.881866
2023-09-27,1.867465
2023-09-28,2.423203
2023-09-29,2.109499
2023-10-02,2.084939
2023-10-03,0.653827
2023-10-04,1.425691
2023-10-05,1.244559
2023-10-06,2.381011
2023-10-09,2.963522
2023-10-10,3.440823
2023-10-11,3.816572
2023-10-12,3.106364
2023-10-13,2.528306
2023-10-16,3.542116
2023-10-17,3.467775
2023-10-18,2.023985
2023-10-19,1.104278
2023-10-20,-0.211918
2023-10-23,-0.428213
2023-10-24,0.253522
2023-10-25,-1.218428
2023-10-26,-2.412357
2023-10-27,-2.897727
2023-10-30,-1.752802
2023-10-31,-1.139349
2023-11-01,-0.129781
2023-11-02,1.707018
2023-11-03,2.606898
2023-11-06,2.739194
2023-11-07,2.987536
2023-11-08,3.046694
2023-11-09,2.173908
2023-11-10,3.726252
2023-11-13,3.598059
2023-11-14,5.514982
2023-11-15,5.630649
2023-11-16,5.708160
2023-11-17,5.802221
2023-11-20,6.532828
2023-11-21,6.264369
2023-11-22,6.646900
2023-11-24,6.655452
2023-11-27,6.388679
2023-11-28,6.435167
2023-11-29,6.283131
2023-11-30,6.631561
2023-12-01,7.201952
2023-12-04,6.562556
2023-12-05,6.441361
2023-12-06,5.957424
2023-12-07,6.727818
2023-12-08,7.091137
2023-12-11,7.429909
2023-12-12,7.841126
2023-12-13,9.219771
2023-12-14,9.411376
2023-12-15,9.309546
2023-12-18,9.716236
2023-12-19,10.268009
2023-12-20,8.559435
2023-12-21,9.582207
2023-12-22,9.658262
2023-12-26,10.006462
2023-12-27,10.046456
2023-12-28,9.977841
2023-12-29,9.556424
2024-01-02,8.838458
2024-01-03,7.868424
2024-01-04,7.407851
2024-01-05,7.518431
2024-01-08,8.932964
2024-01-09,8.671601
2024-01-10,9.185994
2024-01-11,9.012855
2024-01-12,8.993736
2024-01-16,8.495808
2024-01-17,7.801931
2024-01-18,8.668147
2024-01-19,9.916879
2024-01-22,10.064356
2024-01-23,10.289015
2024-01-24,10.283109
2024-01-25,10.764752
2024-01-26,10.594686
2024-01-29,11.325205
2024-01-30,11.160558
2024-01-31,9.282916
2024-02-01,10.554156
2024-02-02,11.634275
2024-02-05,11.179915
2024-02-06,11.333556
2024-02-07,12.142548
2024-02-08,12.098208
2024-02-09,12.621301
2024-02-12,12.392820
2024-02-13,10.754572
2024-02-14,11.711769
2024-02-15,12.254007
2024-02-16,11.604457
2024-02-20,10.824926
2024-02-21,10.851380
2024-02-22,13.073272
2024-02-23,12.993230
2024-02-26,12.446709
2024-02-27,12.521212
2024-02-28,12.217876
2024-02-29,12.683431
2024-03-01,13.460244
2024-03-04,13.197218
2024-03-05,11.929812
2024-03-06,12.392956
2024-03-07,13.430519
2024-03-08,12.574722
2024-03-11,12.328397
2024-03-12,13.454697
2024-03-13,13.110627
2024-03-14,12.669295
2024-03-15,11.827372
2024-03-18,12.414805
2024-03-19,12.931825
2024-03-20,13.820448
2024-03-21,14.068589
2024-03-22,13.790975
2024-03-25,13.326239
2024-03-26,12.897432
2024-03-27,13.754622
2024-03-28,13.768765
2024-04-01,13.432258
2024-04-02,12.509721
2024-04-03,12.536941
2024-04-04,11.060423
2024-04-05,12.194380
2024-04-08,12.051293
2024-04-09,12.113289
2024-04-10,10.956059
2024-04-11,11.677627
2024-04-12,9.964653
2024-04-15,8.562927
2024-04-16,8.263626
2024-04-17,7.571879
2024-04-18,7.270522
2024-04-19,6.271794
2024-04-22,7.131032
2024-04-23,8.335028
2024-04-24,8.281516
2024-04-25,7.715927
2024-04-26,8.742783
2024-04-29,9.017968
2024-04-30,7.242472
2024-05-01,6.817676
2024-05-02,7.734369
2024-05-03,9.021981
2024-05-06,10.072180
2024-05-07,10.143840
2024-05-08,10.069229
2024-05-09,10.553748
2024-05-10,10.659145
2024-05-13,10.552331
2024-05-14,11.009077
2024-05-15,12.224268
2024-05-16,11.905438
2024-05-17,11.942384
2024-05-20,11.949708
2024-05-21,12.130069
2024-05-22,11.733800
2024-05-23,10.819469
2024-05-24,11.497157
2024-05-28,11.426860
2024-05-29,10.512806
2024-05-30,9.766607
2024-05-31,10.550494
2024-06-03,10.572072
2024-06-04,10.631622
2024-06-05,11.827275
2024-06-06,11.693746
2024-06-07,11.457616
2024-06-10,11.637671
2024-06-11,11.823931
2024-06-12,12.655869
2024-06-13,12.802749
2024-06-14,12.649113
2024-06-17,13.399803
2024-06-18,13.570495
2024-06-20,13.171492
2024-06-21,12.881757
2024-06-24,12.421685
2024-06-25,12.745464
2024-06-26,12.804107
2024-06-27,12.790856
2024-06-28,12.215000
2024-07-01,12.398863
2024-07-02,12.978788
2024-07-03,13.426831
2024-07-05,13.914927
2024-07-08,13.899194
2024-07-09,13.846926
2024-07-10,14.856223
2024-07-11,13.703180
2024-07-12,14.181940
2024-07-15,14.346802
2024-07-16,14.914918
2024-07-17,13.166592
2024-07-18,12.139362
2024-07-19,11.201846
2024-07-22,12.250590
2024-07-23,11.929829
2024-07-24,9.210159
2024-07-25,8.529429
2024-07-26,9.609310
2024-07-29,9.576867
2024-07-30,8.917627
2024-07-31,10.507990
2024-08-01,8.872862
2024-08-02,6.767757
2024-08-05,3.484038
2024-08-06,4.459077
2024-08-07,3.556007
2024-08-08,5.826795
2024-08-09,6.202111
2024-08-12,6.091071
2024-08-13,7.745022
2024-08-14,8.015883
2024-08-15,9.603810
2024-08-16,9.671466
2024-08-19,10.583299
2024-08-20,10.216141
2024-08-21,10.541599
2024-08-22,9.423711
2024-08-23,10.542531
2024-08-26,10.060205
2024-08-27,10.101687
2024-08-28,9.310569
2024-08-29,9.180699
2024-08-30,10.149666
2024-09-03,7.711368
2024-09-04,7.432310
2024-09-05,7.004454
2024-09-06,5.066174
2024-09-09,6.187579
2024-09-10,6.563519
2024-09-11,7.595962
2024-09-12,8.293712
2024-09-13,8.766131
2024-09-16,8.789426
2024-09-17,8.704421
2024-09-18,8.279844
2024-09-19,9.999480
2024-09-20,9.666387
2024-09-23,9.852849
2024-09-24,10.003654
2024-09-25,9.679302
2024-09-26,10.001975
2024-09-27,9.746898
2024-09-30,10.094060
2024-10-01,8.963269
2024-10-02,8.875483
2024-10-03,8.590875
2024-10-04,9.459600
2024-10-07,8.314706
2024-10-08,9.254842
2024-10-09,9.922877
2024-10-10,9.588690
2024-10-11,10.143283
2024-10-14,10.879003
2024-10-15,9.927953
2024-10-16,10.330466
2024-10-17,10.197269
2024-10-18,10.514019
2024-10-21,10.191593
2024-10-22,10.019778
2024-10-23,8.902698
2024-10-24,9.028511
2024-10-25,8.891168
2024-10-28,9.073216
2024-10-29,9.142047
2024-10-30,8.675330
2024-10-31,6.556141
2024-11-01,6.897605
2024-11-04,6.510260
2024-11-05,7.723051
2024-11-06,10.338611
2024-11-07,11.044434
2024-11-08,11.347615
2024-11-11,11.340716
2024-11-12,10.909994
2024-11-13,10.826840
2024-11-14,10.043941
2024-11-15,8.494203
2024-11-18,8.825239
2024-11-19,9.158400
2024-11-20,9.063928
2024-11-21,9.550098
2024-11-22,9.831771
2024-11-25,10.066232
2024-11-26,10.594400
2024-11-27,10.068321
2024-11-29,10.580889
2024-12-02,10.748365
2024-12-03,10.692509
2024-12-04,11.249286
2024-12-05,10.930436
2024-12-06,11.105491
2024-12-09,10.325818
2024-12-10,9.902133
2024-12-11,10.698168
2024-12-12,10.000628
2024-12-13,9.902339
2024-12-16,10.226104
2024-12-17,9.708645
2024-12-18,6.396484
2024-12-19,6.231074
2024-12-20,7.310568
2024-12-23,8.009476
2024-12-24,9.111247
2024-12-26,8.982102
2024-12-27,7.698925
2024-12-30,6.473692
2024-12-31,5.944473
2025-01-02,5.640444
2025-01-03,6.897590
2025-01-06,7.417059
2025-01-07,6.160616
2025-01-08,6.260968
2025-01-10,4.566157
2025-01-13,4.671480
2025-01-14,4.735635
2025-01-15,6.587190
2025-01-16,6.295969
2025-01-17,7.282031
2025-01-21,8.141665
2025-01-22,8.714170
2025-01-23,9.202645
2025-01-24,8.803585
2025-01-27,7.140499
2025-01-28,8.040787
2025-01-29,7.454892
2025-01-30,7.930758
2025-01-31,7.292711
2025-02-03,6.387251
2025-02-04,7.059397
2025-02-05,7.377866
2025-02-06,7.662727
2025-02-07,6.547993
2025-02-10,7.168845
2025-02-11,7.110924
2025-02-12,6.724647
2025-02-13,7.740955
2025-02-14,7.638526
2025-02-18,7.797912
2025-02-19,7.947286
2025-02-20,7.380065
2025-02-21,5.465769
2025-02-24,4.867896
2025-02-25,4.306981
2025-02-26,4.251017
2025-02-27,2.539016
2025-02-28,4.098051
2025-03-03,2.210130
2025-03-04,0.912752
2025-03-05,1.991264
2025-03-06,0.135301
2025-03-07,0.647107
2025-03-10,-2.093822
2025-03-11,-2.855993
2025-03-12,-2.406129
2025-03-13,-3.783075
2025-03-14,-1.765545
2025-03-17,-1.167033
2025-03-18,-2.249547
2025-03-19,-1.231803
2025-03-20,-1.480638
2025-03-21,-1.432332
2025-03-24,0.265471
2025-03-25,0.386445
2025-03-26,-0.764535
2025-03-27,-1.122450
2025-03-28,-3.092544
2025-03-31,-2.575826
2025-04-01,-2.225438
2025-04-02,-1.587854
2025-04-03,-6.347721
2025-04-04,-11.912899
2025-04-07,-12.085857
2025-04-08,-13.429291
2025-04-09,-5.191116
2025-04-10,-8.457922
2025-04-11,-6.793155
2025-04-14,-6.046781
2025-04-15,-6.202082
2025-04-16,-8.289214
2025-04-17,-8.152170
2025-04-21,-10.289434
2025-04-22,-8.016217
2025-04-23,-6.468098
2025-04-24,-4.565912
2025-04-25,-3.857933
2025-04-28,-3.787532
2025-04-29,-3.227271
2025-04-30,-3.080145
2025-05-01,-2.467338
2025-05-02,-1.032693
2025-05-05,-1.669577
2025-05-06,-2.431347
2025-05-07,-2.018045
2025-05-08,-1.458304
2025-05-09,-1.537337
2025-05-12,1.631619
2025-05-13,2.324906
2025-05-14,2.391153
2025-05-15,2.773783
2025-05-16,3.446850
2025-05-19,3.497833
2025-05-20,3.052082
2025-05-21,1.345543
2025-05-22,1.242903
2025-05-23,0.514718
2025-05-27,2.507052
2025-05-28,1.885763
2025-05-29,2.244204
2025-05-30,2.185777
2025-06-02,2.560494
2025-06-03,3.109486
2025-06-04,3.079024
2025-06-05,2.500968
2025-06-06,3.519722
2025-06-09,3.578433
2025-06-10,4.108831
2025-06-11,3.782767
2025-06-12,4.142618
2025-06-13,2.934254
2025-06-16,3.864651
2025-06-17,2.962542
2025-06-18,2.896266
2025-06-20,2.643886
2025-06-23,3.585729
2025-06-24,4.686297
2025-06-25,4.633024
2025-06-26,5.405881
2025-06-27,5.892193
2025-06-30,6.374339
2025-07-01,6.196745
2025-07-02,6.642949
2025-07-03,7.472120
2025-07-07,6.572705
2025-07-08,6.442610
2025-07-09,7.028861
2025-07-10,7.270832
2025-07-11,6.866252
2025-07-14,6.966439
2025-07-15,6.496833
2025-07-16,6.787637
2025-07-17,7.310996
2025-07-18,7.250239
2025-07-21,7.350643
2025-07-22,7.364167
2025-07-23,8.143137
2025-07-24,8.157632
2025-07-25,8.528681
2025-07-28,8.483942
2025-07-29,8.106017
2025-07-30,7.918677
2025-07-31,7.468960
2025-08-01,5.712401
2025-08-04,7.227585
2025-08-05,6.662968
2025-08-06,7.393980
2025-08-07,7.263082
2025-08-08,8.051737
2025-08-11,7.733841
2025-08-12,8.901404
2025-08-13,9.191441
2025-08-14,9.163829
2025-08-15,8.788663
2025-08-18,8.720338
2025-08-19,8.030769
2025-08-20,7.715248
2025-08-21,7.223918
2025-08-22,8.784691
2025-08-25,8.254413
2025-08-26,8.639549
2025-08-27,8.848795
2025-08-28,9.143940
2025-08-29,8.403334
2025-09-02,7.615539
2025-09-03,8.122284
2025-09-04,8.977517
2025-09-05,8.584147
2025-09-08,8.755929
2025-09-09,8.991799
2025-09-10,9.260740
2025-09-11,10.126172
2025-09-12,10.014561
2025-09-15,10.472742
2025-09-16,10.273430
2025-09-17,10.113264
2025-09-18,10.582201
2025-09-19,11.063923
2025-09-22,11.493648
2025-09-23,10.824165
2025-09-24,10.457985
2025-09-25,9.856287
2025-09-26,10.453803
2025-09-29,10.688932
2025-09-30,11.081427
2025-10-01,11.401092
2025-10-02,11.408571
2025-10-03,11.354472
2025-10-06,11.698844
2025-10-07,11.211929
2025-10-08,11.778430
2025-10-09,11.390403
2025-10-10,8.314741
2025-10-13,9.942457
2025-10-14,9.715706
2025-10-15,10.099837
2025-10-16,9.347432
2025-10-17,9.855177
2025-10-20,10.949530
2025-10-21,10.873999
2025-10-22,10.213540
2025-10-23,10.786261
2025-10-24,11.580779
2025-10-27,12.863396
2025-10-28,13.022928
2025-10-29,12.920363
2025-10-30,11.712256
2025-10-31,11.923129
2025-11-03,12.031885
2025-11-04,10.646892
2025-11-05,10.983410
2025-11-06,9.686040
2025-11-07,9.769795
2025-11-10,11.393925
2025-11-11,11.549238
2025-11-12,11.548288
2025-11-13,9.639081
2025-11-14,9.524994
2025-11-17,8.465762
2025-11-18,7.515800
2025-11-19,7.866444
2025-11-20,6.146121
2025-11-21,7.143626
2025-11-24,8.740924
2025-11-25,9.664104
2025-11-26,10.354974
2025-11-28,10.874318
2025-12-01,10.221865
2025-12-02,10.428857
2025-12-03,10.693464
2025-12-04,10.749247
2025-12-05,10.896305
2025-12-08,10.436412
2025-12-09,10.263395
2025-12-10,10.924353
2025-12-11,11.070478
2025-12-12,9.800719
2025-12-15,9.549480
2025-12-16,9.204911
2025-12-17,7.857300
2025-12-18,8.631824
2025-12-19,9.493535
2025-12-22,10.100545
2025-12-23,10.487014
2025-12-24,10.722557
2025-12-26,10.571355
2025-12-29,10.063690
2025-12-30,9.802263
2025-12-31,8.892915
2026-01-02,8.991412
2026-01-05,9.577147
2026-01-06,10.144083
2026-01-07,9.656206
2026-01-08,9.564445
2026-01-09,10.170195
2026-01-12,10.233732
2026-01-13,9.909673
2026-01-14,9.207513
2026-01-15,9.374360
2026-01-16,9.191727
2026-01-20,6.844822
2026-01-21,7.957406
2026-01-22,8.393306
2026-01-23,8.271426
2026-01-26,8.646112
2026-01-27,8.960001
2026-01-28,8.805848
2026-01-29,8.529344
2026-01-30,7.933618
2026-02-02,8.382351
2026-02-03,7.334598
2026-02-04,6.657763
2026-02-05,5.217380
2026-02-06,7.153356
2026-02-09,7.523978
2026-02-10,7.048353
2026-02-11,6.926349
2026-02-12,5.146171
2026-02-13,5.095520
2026-02-17,5.100970
2026-02-18,5.582418
2026-02-19,5.189613
2026-02-20,5.817476
2026-02-23,4.619888
2026-02-24,5.318978
2026-02-25,6.071945
2026-02-26,5.402294
2026-02-27,4.862152
2026-03-02,4.824421
2026-03-03,3.761431
2026-03-04,4.490455
2026-03-05,3.831542
2026-03-06,2.392569
2026-03-09,3.175805
2026-03-10,2.882345
2026-03-11,2.723409
2026-03-12,1.092517
2026-03-13,0.425924
2026-03-16,1.381090
2026-03-17,1.572176
2026-03-18,0.136036
2026-03-19,-0.189801
2026-03-20,-1.740538
2026-03-23,-0.660923
2026-03-24,-1.078777
2026-03-25,-0.587074
2026-03-26,-2.352174
2026-03-27,-4.008906
2026-03-30,-4.410821
2026-03-31,-1.662004
2026-04-01,-1.001679
2026-04-02,-0.931701
2026-04-06,-0.540232
2026-04-07,-0.512306
2026-04-08,1.920542
2026-04-09,2.487833
2026-04-10,2.315472
2026-04-13,3.294800
2026-04-14,4.447175
2026-04-15,5.213200
2026-04-16,5.421758
2026-04-17,6.617014
2026-04-20,6.293755
2026-04-21,5.557059
2026-04-22,6.588891
2026-04-23,6.078446
2026-04-24,6.852383
2026-04-27,6.912840
2026-04-28,6.319948
2026-04-29,6.208907
2026-04-30,7.219281
2026-05-01,7.456028
2026-05-04,6.947725
2026-05-05,7.739140
2026-05-06,9.224995
2026-05-07,8.726765
2026-05-08,9.558440
2026-05-11,9.679183
2026-05-12,9.421464
2026-05-13,9.975770
2026-05-14,10.725249
2026-05-15,9.271992
2026-05-18,9.106018
2026-05-19,8.288351
2026-05-20,9.368178
2026-05-21,9.463448
2026-05-22,9.780356
2026-05-26,10.355353
2026-05-27,10.282025
2026-05-28,10.819848
2026-05-29,10.968366
2026-06-01,11.167466
2026-06-02,11.218274
2026-06-03,10.309385
2026-06-04,10.664959
2026-06-05,7.662008
2026-06-08,7.903191
2026-06-09,7.545550
2026-06-10,5.741783
2026-06-11,7.519558
2026-06-12,7.984097
2026-06-15,9.683403
2026-06-16,8.980076
2026-06-17,7.581246
2026-06-18,8.662623
2026-06-22,8.179739
2026-06-23,6.559384
2026-06-24,6.387173
2026-06-25,6.310345
2026-06-26,6.195648
2026-06-29,7.373029
2026-06-30,8.152284
2026-07-01,7.849757
2026-07-02,7.782491
2026-07-06,8.490285
2026-07-07,7.936766
2026-07-08,7.566865
2026-07-09,8.374268
2026-07-10,8.761520
2026-07-13,7.832916
2026-07-14,8.167979
2026-07-15,8.505809
2026-07-16,7.883480
2026-07-17,6.733147
2026-07-20,6.582802
2026-07-21,7.350454
2026-07-22,7.144048
2026-07-23,5.796369
2026-07-24,5.798182
2026-07-27,5.762582
2026-07-28,5.934127
2026-07-29,4.284825
2026-07-30,5.949572
2026-07-31,6.628188
2026-08-03,8.131716
2026-08-04,9.983505
