date,value
1980-12-30,-3.693426
1980-12-31,-3.387424
1981-01-02,-2.974671
1981-01-05,-1.814690
1981-01-06,-1.707948
1981-01-07,-3.871336
1981-01-08,-5.308857
1981-01-09,-5.009969
1981-01-12,-4.981497
1981-01-13,-5.145183
1981-01-14,-5.017081
1981-01-15,-4.483350
1981-01-16,-4.091944
1981-01-19,-4.376607
1981-01-20,-6.312276
1981-01-21,-6.518647
1981-01-22,-7.301458
1981-01-23,-7.322807
1981-01-26,-7.600347
1981-01-27,-6.689445
1981-01-28,-7.244526
1981-01-29,-7.315684
1981-01-30,-7.806718
1981-02-02,-9.685454
1981-02-03,-8.582406
1981-02-04,-8.489900
1981-02-05,-7.749786
1981-02-06,-7.059492
1981-02-09,-8.005978
1981-02-10,-8.027326
1981-02-11,-8.738969
1981-02-12,-9.279818
1981-02-13,-9.635639
1981-02-17,-9.044980
1981-02-18,-8.568181
1981-02-19,-9.898949
1981-02-20,-9.920297
1981-02-23,-9.372335
1981-02-24,-9.343869
1981-02-25,-8.539709
1981-02-26,-7.415313
1981-02-27,-6.582693
1981-03-02,-6.056084
1981-03-03,-7.087963
1981-03-04,-6.874468
1981-03-05,-7.536301
1981-03-06,-7.593224
1981-03-09,-6.689445
1981-03-10,-7.159121
1981-03-11,-7.522066
1981-03-12,-5.216341
1981-03-13,-5.273273
1981-03-16,-4.156000
1981-03-17,-4.696844
1981-03-18,-4.483350
1981-03-19,-5.024194
1981-03-20,-4.582979
1981-03-23,-3.437234
1981-03-24,-4.163113
1981-03-25,-2.426703
1981-03-26,-3.024480
1981-03-27,-4.177348
1981-03-30,-4.440652
1981-03-31,-3.216627
1981-04-01,-2.810986
1981-04-02,-2.988896
1981-04-03,-3.579561
1981-04-06,-4.689732
1981-04-07,-4.703957
1981-04-08,-4.419304
1981-04-09,-4.163113
1981-04-10,-4.276978
1981-04-13,-5.244812
1981-04-14,-5.579285
1981-04-15,-4.518934
1981-04-16,-4.141764
1981-04-20,-3.608032
1981-04-21,-4.476237
1981-04-22,-4.540282
1981-04-23,-4.682609
1981-04-24,-3.828640
1981-04-27,-3.586684
1981-04-28,-4.405068
1981-04-29,-5.315970
1981-04-30,-5.486768
1981-05-01,-5.550813
1981-05-04,-7.009682
1981-05-05,-7.258751
1981-05-06,-6.931401
1981-05-07,-6.298040
1981-05-08,-6.305152
1981-05-11,-7.692853
1981-05-12,-6.974098
1981-05-13,-7.095076
1981-05-14,-6.575580
1981-05-15,-5.942219
1981-05-18,-5.678915
1981-05-19,-5.999152
1981-05-20,-6.063197
1981-05-21,-6.241107
1981-05-22,-6.539996
1981-05-26,-5.515229
1981-05-27,-4.803587
1981-05-28,-5.031317
1981-05-29,-5.643330
1981-06-01,-5.771420
1981-06-02,-7.045267
1981-06-03,-6.981210
1981-06-04,-6.803300
1981-06-05,-5.906634
1981-06-08,-5.892399
1981-06-09,-6.084545
1981-06-10,-5.835466
1981-06-11,-4.817822
1981-06-12,-5.002846
1981-06-15,-4.917451
1981-06-16,-5.956454
1981-06-17,-5.123824
1981-06-18,-6.319389
1981-06-19,-5.871050
1981-06-22,-6.098781
1981-06-23,-5.102475
1981-06-24,-5.593510
1981-06-25,-5.486768
1981-06-26,-5.664678
1981-06-29,-6.141478
1981-06-30,-6.625389
1981-07-01,-7.650156
1981-07-02,-8.454316
1981-07-06,-9.358099
1981-07-07,-8.738969
1981-07-08,-8.682036
1981-07-09,-7.984629
1981-07-10,-7.934820
1981-07-13,-7.742673
1981-07-14,-7.735561
1981-07-15,-7.322807
1981-07-16,-7.244526
1981-07-17,-6.945637
1981-07-20,-8.397383
1981-07-21,-8.667811
1981-07-22,-9.528897
1981-07-23,-9.336750
1981-07-24,-8.582406
1981-07-27,-7.557650
1981-07-28,-8.098495
1981-07-29,-8.084258
1981-07-30,-7.479369
1981-07-31,-6.831772
1981-08-03,-7.144896
1981-08-04,-6.646748
1981-08-05,-5.586398
1981-08-06,-5.607746
1981-08-07,-6.241107
1981-08-10,-5.678915
1981-08-11,-4.746654
1981-08-12,-5.066901
1981-08-13,-4.988620
1981-08-14,-5.714488
1981-08-17,-6.618277
1981-08-18,-7.408200
1981-08-19,-7.137773
1981-08-20,-6.995447
1981-08-21,-8.034449
1981-08-24,-10.688872
1981-08-25,-10.952182
1981-08-26,-11.073160
1981-08-27,-12.105040
1981-08-28,-11.699403
1981-08-31,-12.617423
1981-09-01,-12.453748
1981-09-02,-12.119275
1981-09-03,-13.720471
1981-09-04,-14.553091
1981-09-08,-16.040422
1981-09-09,-15.741532
1981-09-10,-14.503277
1981-09-11,-13.457161
1981-09-14,-14.133219
1981-09-15,-14.766586
1981-09-16,-15.407060
1981-09-17,-16.631085
1981-09-18,-17.264447
1981-09-21,-16.567041
1981-09-22,-16.965559
1981-09-23,-17.698549
1981-09-24,-18.154000
1981-09-25,-19.748083
1981-09-28,-17.783948
1981-09-29,-17.492173
1981-09-30,-17.321380
1981-10-01,-16.680900
1981-10-02,-15.058356
1981-10-05,-14.951609
1981-10-06,-15.037009
1981-10-07,-13.670656
1981-10-08,-12.959013
1981-10-09,-13.571027
1981-10-12,-13.741819
1981-10-13,-14.047826
1981-10-14,-15.456875
1981-10-15,-14.809283
1981-10-16,-15.179335
1981-10-19,-15.328779
1981-10-20,-14.403647
1981-10-21,-14.531743
1981-10-22,-14.859098
1981-10-23,-15.599207
1981-10-26,-15.912325
1981-10-27,-15.108171
1981-10-28,-14.994311
1981-10-29,-15.271851
1981-10-30,-13.257902
1981-11-02,-11.614010
1981-11-03,-11.187020
1981-11-04,-11.229722
1981-11-05,-12.083691
1981-11-06,-12.702822
1981-11-09,-12.261602
1981-11-10,-12.681473
1981-11-11,-12.524911
1981-11-12,-12.332765
1981-11-13,-13.414464
1981-11-16,-14.432113
1981-11-17,-13.784516
1981-11-18,-14.417877
1981-11-19,-14.097641
1981-11-20,-13.385998
1981-11-23,-13.464279
1981-11-24,-12.105040
1981-11-25,-11.720752
1981-11-27,-9.433825
1981-11-30,-8.521574
1981-12-01,-8.702576
1981-12-02,-9.723424
1981-12-03,-9.412100
1981-12-04,-8.586731
1981-12-07,-9.361420
1981-12-08,-9.629305
1981-12-09,-9.151457
1981-12-10,-8.984938
1981-12-11,-9.549664
1981-12-14,-11.106282
1981-12-15,-10.954241
1981-12-16,-11.366926
1981-12-17,-10.860116
1981-12-18,-10.222991
1981-12-21,-10.700840
1981-12-22,-11.033883
1981-12-23,-11.446566
1981-12-24,-11.280042
1981-12-28,-11.475527
1981-12-29,-11.909932
1981-12-30,-11.453803
1981-12-31,-11.272801
1982-01-04,-11.135243
1982-01-05,-12.442563
1982-01-06,-13.077092
1982-01-07,-13.259427
1982-01-08,-12.807234
1982-01-11,-14.827512
1982-01-12,-15.177593
1982-01-13,-16.213262
1982-01-14,-15.731894
1982-01-15,-15.155714
1982-01-18,-14.506600
1982-01-19,-15.418277
1982-01-20,-15.928819
1982-01-21,-15.578733
1982-01-22,-15.848592
1982-01-25,-15.826706
1982-01-26,-15.987163
1982-01-27,-15.586028
1982-01-28,-13.266722
1982-01-29,-12.187294
1982-02-01,-14.098171
1982-02-02,-13.930420
1982-02-03,-15.046312
1982-02-04,-15.090076
1982-02-05,-14.477426
1982-02-08,-16.395598
1982-02-09,-17.088470
1982-02-10,-16.373712
1982-02-11,-16.541464
1982-02-12,-16.577933
1982-02-16,-16.811321
1982-02-17,-17.081175
1982-02-18,-16.986362
1982-02-19,-17.423966
1982-02-22,-18.612796
1982-02-23,-18.671139
1982-02-24,-17.241631
1982-02-25,-17.431261
1982-02-26,-17.504194
1982-03-01,-17.358327
1982-03-02,-17.817811
1982-03-03,-19.101453
1982-03-04,-19.859969
1982-03-05,-20.253814
1982-03-08,-21.712497
1982-03-09,-20.625774
1982-03-10,-20.202755
1982-03-11,-20.239224
1982-03-12,-20.786230
1982-03-15,-20.173586
1982-03-16,-20.297573
1982-03-17,-20.443439
1982-03-18,-19.553641
1982-03-19,-19.327547
1982-03-22,-17.752173
1982-03-23,-17.183282
1982-03-24,-17.280519
1982-03-25,-17.104786
1982-03-26,-18.034710
1982-03-29,-17.771108
1982-03-30,-17.793080
1982-03-31,-17.869723
1982-04-01,-16.015944
1982-04-02,-15.028044
1982-04-05,-15.315909
1982-04-06,-14.850897
1982-04-07,-14.777087
1982-04-08,-14.216117
1982-04-12,-14.378504
1982-04-13,-14.385886
1982-04-14,-14.503982
1982-04-15,-14.120164
1982-04-16,-13.780631
1982-04-19,-13.861824
1982-04-20,-14.791847
1982-04-21,-14.585175
1982-04-22,-13.500144
1982-04-23,-12.429877
1982-04-26,-11.218640
1982-04-27,-11.841618
1982-04-28,-12.394474
1982-04-29,-13.231234
1982-04-30,-13.007100
1982-05-03,-12.723202
1982-05-04,-12.245055
1982-05-05,-12.088164
1982-05-06,-11.333586
1982-05-07,-10.743373
1982-05-10,-11.557720
1982-05-11,-10.780730
1982-05-12,-10.967506
1982-05-13,-11.677254
1982-05-14,-11.834145
1982-05-17,-12.805384
1982-05-18,-13.455367
1982-05-19,-14.165115
1982-05-20,-14.389249
1982-05-21,-14.165115
1982-05-24,-14.239824
1982-05-25,-14.531194
1982-05-26,-15.494960
1982-05-27,-15.831155
1982-05-28,-16.413902
1982-06-01,-16.563321
1982-06-02,-16.294362
1982-06-03,-16.428841
1982-06-04,-17.751221
1982-06-07,-17.728802
1982-06-08,-18.094888
1982-06-09,-18.573035
1982-06-10,-18.109827
1982-06-11,-16.892049
1982-06-14,-17.848342
1982-06-15,-18.050058
1982-06-16,-18.662684
1982-06-17,-19.611511
1982-06-18,-19.850583
1982-06-21,-19.910353
1982-06-22,-19.088533
1982-06-23,-17.713863
1982-06-24,-17.945464
1982-06-25,-18.460968
1982-06-28,-17.624208
1982-06-29,-17.661566
1982-06-30,-18.109827
1982-07-01,-18.782223
1982-07-02,-19.574152
1982-07-06,-19.843111
1982-07-07,-19.895408
1982-07-08,-19.663807
1982-07-09,-18.692568
1982-07-12,-18.139712
1982-07-13,-18.229367
1982-07-14,-17.489730
1982-07-15,-17.467317
1982-07-16,-17.019055
1982-07-19,-17.273068
1982-07-20,-16.667915
1982-07-21,-16.757570
1982-07-22,-16.712740
1982-07-23,-16.944346
1982-07-26,-17.549499
1982-07-27,-18.244307
1982-07-28,-19.506916
1982-07-29,-19.521856
1982-07-30,-19.992536
1982-08-02,-18.580502
1982-08-03,-19.439673
1982-08-04,-20.702283
1982-08-05,-21.434442
1982-08-06,-22.517748
1982-08-09,-22.988422
1982-08-10,-22.972062
1982-08-11,-23.151822
1982-08-12,-22.696057
1982-08-13,-20.858103
1982-08-16,-20.353513
1982-08-17,-16.565920
1982-08-18,-16.948505
1982-08-19,-15.530444
1982-08-20,-10.550060
1982-08-23,-8.104469
1982-08-24,-8.705976
1982-08-25,-6.941034
1982-08-26,-6.173324
1982-08-27,-7.313017
1982-08-30,-6.877716
1982-08-31,-5.413531
1982-09-01,-6.410762
1982-09-02,-4.796199
1982-09-03,-2.904628
1982-09-07,-3.941429
1982-09-08,-3.284528
1982-09-09,-3.466559
1982-09-10,-4.258011
1982-09-13,-3.252869
1982-09-14,-2.572220
1982-09-15,-1.630389
1982-09-16,-2.041948
1982-09-17,-3.007515
1982-09-20,-3.039174
1982-09-21,-1.163436
1982-09-22,-1.867827
1982-09-23,-2.010289
1982-09-24,-2.398099
1982-09-27,-2.160661
1982-09-28,-2.461417
1982-09-29,-3.735656
1982-09-30,-4.693312
1982-10-01,-3.466559
1982-10-04,-3.830626
1982-10-05,-3.458643
1982-10-06,-0.300750
1982-10-07,0.000000
1982-10-08,0.000000
1982-10-11,0.000000
1982-10-12,-0.022309
1982-10-13,0.000000
1982-10-14,-1.565357
1982-10-15,-2.296833
1982-10-18,0.000000
1982-10-19,-0.109701
1982-10-20,0.000000
1982-10-21,-0.122099
1982-10-22,-0.287290
1982-10-25,-4.244767
1982-10-26,-3.411621
1982-10-27,-2.829852
1982-10-28,-4.050851
1982-10-29,-3.957477
1982-11-01,-2.700564
1982-11-02,-1.249724
1982-11-03,0.000000
1982-11-04,-0.713928
1982-11-05,-0.496949
1982-11-08,-1.700842
1982-11-09,0.000000
1982-11-10,-1.300517
1982-11-11,-0.887990
1982-11-12,-2.440222
1982-11-15,-4.188229
1982-11-16,-5.313946
1982-11-17,-3.558950
1982-11-18,-3.272275
1982-11-19,-4.195217
1982-11-22,-6.152988
1982-11-23,-7.054965
1982-11-24,-6.390714
1982-11-26,-5.691511
1982-11-29,-6.166974
1982-11-30,-3.139424
1982-12-01,-3.006575
1982-12-02,-2.936650
1982-12-03,-3.027550
1982-12-06,-0.874004
1982-12-07,-0.209763
1982-12-08,-0.839041
1982-12-09,-2.111596
1982-12-10,-2.412248
1982-12-13,-2.146558
1982-12-14,-3.929527
1982-12-15,-5.439798
1982-12-16,-5.397847
1982-12-17,-3.866591
1982-12-20,-4.733606
1982-12-21,-3.083487
1982-12-22,-2.929662
1982-12-23,-2.307372
1982-12-27,-0.594327
1982-12-28,-1.573207
1982-12-29,-1.244580
1982-12-30,-1.880857
1982-12-31,-1.664106
1983-01-03,-3.272275
1983-01-04,-1.160679
1983-01-05,-0.741153
1983-01-06,0.000000
1983-01-07,-0.061961
1983-01-10,0.000000
1983-01-11,-0.681292
1983-01-12,-0.061314
1983-01-13,-0.715358
1983-01-14,-0.088571
1983-01-17,-0.040876
1983-01-18,-0.258894
1983-01-19,-1.028747
1983-01-20,-0.333837
1983-01-21,-1.996180
1983-01-24,-4.639595
1983-01-25,-3.426897
1983-01-26,-3.569973
1983-01-27,-1.710039
1983-01-28,-1.546535
1983-01-31,-1.008309
1983-02-01,-2.602529
1983-02-02,-2.418588
1983-02-03,-1.716858
1983-02-04,-0.436027
1983-02-07,0.000000
1983-02-08,-0.837131
1983-02-09,-1.313546
1983-02-10,0.000000
1983-02-11,0.000000
1983-02-14,0.000000
1983-02-15,-0.423011
1983-02-16,-1.007185
1983-02-17,-1.000464
1983-02-18,-0.624450
1983-02-22,-2.316523
1983-02-23,-1.436917
1983-02-24,0.000000
1983-02-25,0.000000
1983-02-28,-1.121949
1983-03-01,0.000000
1983-03-02,0.000000
1983-03-03,0.000000
1983-03-04,0.000000
1983-03-07,0.000000
1983-03-08,-1.568298
1983-03-09,-0.520598
1983-03-10,-1.216890
1983-03-11,-1.581306
1983-03-14,-1.848114
1983-03-15,-1.496716
1983-03-16,-2.511876
1983-03-17,-2.655041
1983-03-18,-2.453312
1983-03-21,-1.613845
1983-03-22,-1.958739
1983-03-23,-0.559641
1983-03-24,-0.195225
1983-03-25,-0.650745
1983-03-28,-1.184351
1983-03-29,-1.353551
1983-03-30,-0.182208
1983-03-31,-0.462023
1983-04-04,-0.422980
1983-04-05,-1.151821
1983-04-06,-1.711463
1983-04-07,-1.242925
1983-04-08,-0.533606
1983-04-11,0.000000
1983-04-12,0.000000
1983-04-13,0.000000
1983-04-14,0.000000
1983-04-15,0.000000
1983-04-18,0.000000
1983-04-19,-0.644797
1983-04-20,0.000000
1983-04-21,-0.410680
1983-04-22,-0.180455
1983-04-25,-1.182259
1983-04-26,0.000000
1983-04-27,-0.228661
1983-04-28,0.000000
1983-04-29,0.000000
1983-05-02,-1.410930
1983-05-03,-1.271056
1983-05-04,-0.681138
1983-05-05,-0.091221
1983-05-06,0.000000
1983-05-09,-0.174598
1983-05-10,-0.090312
1983-05-11,-0.686333
1983-05-12,-1.113790
1983-05-13,-0.716437
1983-05-16,-1.625534
1983-05-17,-1.438892
1983-05-18,-1.703794
1983-05-19,-2.474414
1983-05-20,-2.384110
1983-05-23,-1.607473
1983-05-24,-0.337154
1983-05-25,0.000000
1983-05-26,-0.439210
1983-05-27,-1.052885
1983-05-31,-2.298302
1983-06-01,-2.202036
1983-06-02,-1.341683
1983-06-03,-1.076956
1983-06-06,-0.830278
1983-06-07,-2.069673
1983-06-08,-2.917999
1983-06-09,-2.635223
1983-06-10,-2.123828
1983-06-13,-0.824265
1983-06-14,-0.409126
1983-06-15,0.000000
1983-06-16,0.000000
1983-06-17,-0.005909
1983-06-20,-0.070944
1983-06-21,0.000000
1983-06-22,0.000000
1983-06-23,-0.245627
1983-06-24,-0.339202
1983-06-27,-1.479617
1983-06-28,-3.105452
1983-06-29,-2.544012
1983-06-30,-1.959182
1983-07-01,-1.374353
1983-07-05,-2.567401
1983-07-06,-1.467927
1983-07-07,-2.005969
1983-07-08,-2.286685
1983-07-11,-1.684311
1983-07-12,-3.193173
1983-07-13,-3.234106
1983-07-14,-2.912457
1983-07-15,-3.918365
1983-07-18,-4.117204
1983-07-19,-3.608397
1983-07-20,-0.994217
1983-07-21,-1.128725
1983-07-22,-1.228145
1983-07-25,-0.853855
1983-07-26,-0.269025
1983-07-27,-1.988426
1983-07-28,-3.479743
1983-07-29,-4.930117
1983-08-01,-5.234231
1983-08-02,-5.251775
1983-08-03,-4.415465
1983-08-04,-5.649455
1983-08-05,-5.409673
1983-08-08,-6.906843
1983-08-09,-6.351248
1983-08-10,-5.526646
1983-08-11,-5.526646
1983-08-12,-5.164045
1983-08-15,-4.263412
1983-08-16,-4.433008
1983-08-17,-3.333535
1983-08-18,-4.351133
1983-08-19,-4.099660
1983-08-22,-3.889121
1983-08-23,-4.807299
1983-08-24,-5.696242
1983-08-25,-5.936025
1983-08-26,-5.175745
1983-08-29,-5.111413
1983-08-30,-4.918418
1983-08-31,-3.854033
1983-09-01,-3.953453
1983-09-02,-3.503132
1983-09-06,-1.812975
1983-09-07,-1.772032
1983-09-08,-1.883152
1983-09-09,-2.380260
1983-09-12,-3.222416
1983-09-13,-3.620096
1983-09-14,-3.298438
1983-09-15,-3.865723
1983-09-16,-2.772095
1983-09-19,-1.970881
1983-09-20,-1.023452
1983-09-21,-1.508861
1983-09-22,-0.719346
1983-09-23,-0.865554
1983-09-26,-0.538042
1983-09-27,-1.497171
1983-09-28,-1.748643
1983-09-29,-2.198964
1983-09-30,-2.877360
1983-10-03,-3.029421
1983-10-04,-2.760396
1983-10-05,-1.900696
1983-10-06,-0.415232
1983-10-07,-0.111119
1983-10-10,0.000000
1983-10-11,-1.337966
1983-10-12,-1.754995
1983-10-13,-1.610194
1983-10-14,-1.615982
1983-10-17,-1.285839
1983-10-18,-2.803357
1983-10-19,-3.428901
1983-10-20,-3.284100
1983-10-21,-3.880682
1983-10-24,-3.857509
1983-10-25,-3.579492
1983-10-26,-4.210825
1983-10-27,-4.523602
1983-10-28,-5.375036
1983-10-31,-5.270774
1983-11-01,-5.207061
1983-11-02,-4.523602
1983-11-03,-5.328698
1983-11-04,-5.913694
1983-11-07,-6.220672
1983-11-08,-6.307558
1983-11-09,-5.027508
1983-11-10,-4.772656
1983-11-11,-3.683754
1983-11-14,-3.515779
1983-11-15,-4.222411
1983-11-16,-3.805382
1983-11-17,-3.776420
1983-11-18,-4.378800
1983-11-21,-3.822758
1983-11-22,-3.365189
1983-11-23,-3.295677
1983-11-25,-3.168260
1983-11-28,-3.538952
1983-11-29,-2.745433
1983-11-30,-3.620041
1983-12-01,-3.567906
1983-12-02,-4.176074
1983-12-05,-3.990732
1983-12-06,-4.158699
1983-12-07,-3.903846
1983-12-08,-4.315087
1983-12-09,-4.384589
1983-12-12,-4.071821
1983-12-13,-4.471475
1983-12-14,-5.398200
1983-12-15,-6.365474
1983-12-16,-5.942656
1983-12-19,-5.983196
1983-12-20,-6.168546
1983-12-21,-5.264985
1983-12-22,-5.282360
1983-12-23,-5.461913
1983-12-27,-4.569939
1983-12-28,-4.233998
1983-12-29,-4.512015
1983-12-30,-4.471475
1984-01-03,-4.986969
1984-01-04,-3.399939
1984-01-05,-2.224151
1984-01-06,-1.951923
1984-01-09,-2.172024
1984-01-10,-2.722269
1984-01-11,-2.809146
1984-01-12,-2.838108
1984-01-13,-3.260927
1984-01-16,-3.168260
1984-01-17,-2.791771
1984-01-18,-2.953948
1984-01-19,-3.249349
1984-01-20,-3.730082
1984-01-23,-4.506226
1984-01-24,-3.886471
1984-01-25,-4.523602
1984-01-26,-4.871120
1984-01-27,-5.044884
1984-01-30,-5.664639
1984-01-31,-5.351862
1984-02-01,-5.739930
1984-02-02,-5.380824
1984-02-03,-6.799879
1984-02-06,-8.439034
1984-02-07,-8.056756
1984-02-08,-9.730662
1984-02-09,-9.979726
1984-02-10,-9.470021
1984-02-13,-10.251953
1984-02-14,-9.290468
1984-02-15,-9.498983
1984-02-16,-9.568485
1984-02-17,-9.794376
1984-02-21,-10.431506
1984-02-22,-10.622645
1984-02-23,-10.634232
1984-02-24,-8.769186
1984-02-27,-7.732402
1984-02-28,-9.168831
1984-02-29,-9.029827
1984-03-01,-8.375321
1984-03-02,-7.767153
1984-03-05,-8.549085
1984-03-06,-9.498983
1984-03-07,-10.472046
1984-03-08,-10.112941
1984-03-09,-10.599472
1984-03-12,-9.446857
1984-03-13,-9.192004
1984-03-14,-9.197794
1984-03-15,-8.827101
1984-03-16,-7.749777
1984-03-19,-8.612798
1984-03-20,-7.987254
1984-03-21,-8.103093
1984-03-22,-9.244131
1984-03-23,-9.145667
1984-03-26,-9.255718
1984-03-27,-8.890815
1984-03-28,-7.396461
1984-03-29,-7.604976
1984-03-30,-7.801912
1984-04-02,-8.496958
1984-04-03,-8.682300
1984-04-04,-8.751811
1984-04-05,-10.199827
1984-04-06,-9.944975
1984-04-09,-9.962350
1984-04-10,-9.719085
1984-04-11,-10.222991
1984-04-12,-8.641760
1984-04-13,-8.885026
1984-04-16,-8.300022
1984-04-17,-7.923541
1984-04-18,-8.543296
1984-04-19,-8.473785
1984-04-23,-9.180418
1984-04-24,-8.444823
1984-04-25,-8.108891
1984-04-26,-7.153195
1984-04-27,-7.390672
1984-04-30,-7.297997
1984-05-01,-6.353896
1984-05-02,-6.226470
1984-05-03,-6.631913
1984-05-04,-7.842452
1984-05-07,-7.633938
1984-05-08,-7.025769
1984-05-09,-7.263246
1984-05-10,-7.326959
1984-05-11,-8.201558
1984-05-14,-8.774975
1984-05-15,-8.485372
1984-05-16,-8.491161
1984-05-17,-9.313633
1984-05-18,-9.771211
1984-05-21,-10.379379
1984-05-22,-10.871700
1984-05-23,-11.294527
1984-05-24,-12.406602
1984-05-25,-12.180712
1984-05-29,-12.951058
1984-05-30,-12.916298
1984-05-31,-12.800459
1984-06-01,-11.242392
1984-06-04,-10.605270
1984-06-05,-11.004924
1984-06-06,-10.217202
1984-06-07,-10.269329
1984-06-08,-10.124527
1984-06-11,-11.346653
1984-06-12,-11.850561
1984-06-13,-11.885311
1984-06-14,-12.893134
1984-06-15,-13.680855
1984-06-18,-12.116999
1984-06-19,-11.607294
1984-06-20,-10.315667
1984-06-21,-10.506805
1984-06-22,-10.535759
1984-06-25,-10.819574
1984-06-26,-11.549370
1984-06-27,-12.169126
1984-06-28,-11.474080
1984-06-29,-11.277151
1984-07-02,-11.265565
1984-07-03,-10.975962
1984-07-05,-11.520417
1984-07-06,-11.821598
1984-07-09,-11.172889
1984-07-10,-11.445118
1984-07-11,-12.794669
1984-07-12,-13.101648
1984-07-13,-12.609319
1984-07-16,-12.192290
1984-07-17,-11.740510
1984-07-18,-12.308138
1984-07-19,-12.904720
1984-07-20,-13.379665
1984-07-23,-13.727192
1984-07-24,-14.381690
1984-07-25,-13.796694
1984-07-26,-13.072686
1984-07-27,-12.429767
1984-07-30,-13.008974
1984-07-31,-12.736745
1984-08-01,-10.755860
1984-08-02,-8.491161
1984-08-03,-5.965820
1984-08-06,-5.821018
1984-08-07,-5.751517
1984-08-08,-6.313347
1984-08-09,-4.118159
1984-08-10,-4.187661
1984-08-13,-4.181872
1984-08-14,-4.766867
1984-08-15,-5.705179
1984-08-16,-5.143348
1984-08-17,-4.929044
1984-08-20,-4.465678
1984-08-21,-2.791771
1984-08-22,-3.237762
1984-08-23,-3.203011
1984-08-24,-2.977121
1984-08-27,-3.596868
1984-08-28,-3.040834
1984-08-29,-3.220387
1984-08-30,-3.504192
1984-08-31,-3.457863
1984-09-04,-4.500428
1984-09-05,-4.842167
1984-09-06,-4.054446
1984-09-07,-4.795829
1984-09-10,-4.859542
1984-09-11,-4.749492
1984-09-12,-4.616276
1984-09-13,-2.728058
1984-09-14,-2.241526
1984-09-17,-2.189400
1984-09-18,-2.896033
1984-09-19,-3.307265
1984-09-20,-3.000286
1984-09-21,-4.042859
1984-09-24,-4.268749
1984-09-25,-4.071821
1984-09-26,-3.689543
1984-09-27,-3.295677
1984-09-28,-3.793796
1984-10-01,-4.651028
1984-10-02,-5.247610
1984-10-03,-5.913694
1984-10-04,-5.635677
1984-10-05,-5.774689
1984-10-08,-4.870028
1984-10-09,-5.139937
1984-10-10,-4.881765
1984-10-11,-4.488643
1984-10-12,-3.667195
1984-10-15,-2.073485
1984-10-16,-2.658318
1984-10-17,-3.036389
1984-10-18,-0.697066
1984-10-19,-0.779768
1984-10-22,-1.134214
1984-10-23,-1.293716
1984-10-24,-1.228735
1984-10-25,-1.754490
1984-10-26,-2.357045
1984-10-29,-2.658318
1984-10-30,-1.441401
1984-10-31,-1.884454
1984-11-01,-1.057416
1984-11-02,-1.098772
1984-11-05,-0.413514
1984-11-06,0.000000
1984-11-07,-0.727660
1984-11-08,-1.015205
1984-11-09,-1.648963
1984-11-12,-1.789803
1984-11-13,-2.605483
1984-11-14,-2.593744
1984-11-15,-2.652429
1984-11-16,-3.702833
1984-11-19,-4.295527
1984-11-20,-3.655895
1984-11-21,-3.462243
1984-11-23,-2.048005
1984-11-26,-2.851946
1984-11-27,-2.417705
1984-11-28,-3.162960
1984-11-29,-3.814330
1984-11-30,-4.007982
1984-12-03,-4.453962
1984-12-04,-4.125344
1984-12-05,-4.876473
1984-12-06,-4.489178
1984-12-07,-4.782588
1984-12-10,-4.448097
1984-12-11,-4.307257
1984-12-12,-4.565459
1984-12-13,-5.046656
1984-12-14,-4.530252
1984-12-17,-3.990378
1984-12-18,-1.349688
1984-12-19,-1.907165
1984-12-20,-2.364884
1984-12-21,-2.875423
1984-12-24,-2.141898
1984-12-26,-2.312073
1984-12-27,-2.734584
1984-12-28,-2.435308
1984-12-31,-1.860219
1985-01-02,-2.957578
1985-01-03,-3.427027
1985-01-04,-3.949305
1985-01-07,-3.620679
1985-01-08,-3.767384
1985-01-09,-3.069075
1985-01-10,-1.232326
1985-01-11,-1.467050
1985-01-14,0.000000
1985-01-15,0.000000
1985-01-16,0.000000
1985-01-17,-0.268711
1985-01-18,0.000000
1985-01-21,0.000000
1985-01-22,0.000000
1985-01-23,0.000000
1985-01-24,-0.332767
1985-01-25,0.000000
1985-01-28,0.000000
1985-01-29,0.000000
1985-01-30,0.000000
1985-01-31,0.000000
1985-02-01,-0.556700
1985-02-04,0.000000
1985-02-05,0.000000
1985-02-06,-0.099667
1985-02-07,0.000000
1985-02-08,0.000000
1985-02-11,-0.922118
1985-02-12,-0.894673
1985-02-13,0.000000
1985-02-14,-0.512682
1985-02-15,-0.954459
1985-02-19,-1.101720
1985-02-20,-1.183536
1985-02-21,-1.723482
1985-02-22,-2.176168
1985-02-25,-2.247074
1985-02-26,-1.188987
1985-02-27,-1.439869
1985-02-28,-1.183536
1985-03-01,-0.065454
1985-03-04,-0.703577
1985-03-05,-0.610859
1985-03-06,-1.472600
1985-03-07,-2.094361
1985-03-08,-2.317971
1985-03-11,-2.487054
1985-03-12,-2.012545
1985-03-13,-2.814292
1985-03-14,-3.005187
1985-03-15,-3.719666
1985-03-18,-3.528771
1985-03-19,-2.078000
1985-03-20,-2.328881
1985-03-21,-2.181620
1985-03-22,-2.350702
1985-03-25,-2.934281
1985-03-26,-2.683399
1985-03-27,-2.078000
1985-03-28,-2.078000
1985-03-29,-1.467140
1985-04-01,-1.134443
1985-04-02,-1.538046
1985-04-03,-2.312520
1985-04-04,-2.356153
1985-04-08,-2.901558
1985-04-09,-2.803381
1985-04-10,-2.143446
1985-04-11,-1.723482
1985-04-12,-1.532595
1985-04-15,-1.325338
1985-04-16,-1.172626
1985-04-17,-0.910833
1985-04-18,-1.368972
1985-04-19,-1.221710
1985-04-22,-1.445328
1985-04-23,-0.801746
1985-04-24,-0.594497
1985-04-25,0.000000
1985-04-26,-0.681459
1985-04-29,-1.526461
1985-04-30,-1.962597
1985-05-01,-2.758545
1985-05-02,-2.409638
1985-05-03,-1.826305
1985-05-06,-1.875368
1985-05-07,-1.455595
1985-05-08,-1.531919
1985-05-09,-0.823200
1985-05-10,0.000000
1985-05-13,0.000000
1985-05-14,-0.400848
1985-05-15,-0.037922
1985-05-16,0.000000
1985-05-17,0.000000
1985-05-20,0.000000
1985-05-21,-0.042168
1985-05-22,-0.611429
1985-05-23,-1.117434
1985-05-24,-0.753747
1985-05-28,-0.980392
1985-05-29,-1.075273
1985-05-30,-1.038373
1985-05-31,-0.089605
1985-06-03,-0.210834
1985-06-04,0.000000
1985-06-05,0.000000
1985-06-06,0.000000
1985-06-07,-0.722289
1985-06-10,-0.811265
1985-06-11,-1.057262
1985-06-12,-1.805714
1985-06-13,-2.999056
1985-06-14,-2.072643
1985-06-17,-2.370982
1985-06-18,-1.947033
1985-06-19,-2.318640
1985-06-20,-2.266305
1985-06-21,-0.758922
1985-06-24,-0.999688
1985-06-25,-0.690879
1985-06-26,-0.523396
1985-06-27,0.000000
1985-06-28,0.000000
1985-07-01,0.000000
1985-07-02,-0.218260
1985-07-03,-0.509274
1985-07-05,0.000000
1985-07-08,-0.306467
1985-07-09,-0.763558
1985-07-10,-0.077919
1985-07-11,0.000000
1985-07-12,0.000000
1985-07-15,-0.294890
1985-07-16,0.000000
1985-07-17,0.000000
1985-07-18,-0.649113
1985-07-19,-0.265775
1985-07-22,-0.664446
1985-07-23,-1.584457
1985-07-24,-2.080241
1985-07-25,-1.834907
1985-07-26,-1.661130
1985-07-29,-3.092251
1985-07-30,-2.923589
1985-07-31,-2.417580
1985-08-01,-1.809350
1985-08-02,-2.131356
1985-08-05,-2.570917
1985-08-06,-3.945822
1985-08-07,-4.073601
1985-08-08,-3.424481
1985-08-09,-3.746480
1985-08-12,-4.099151
1985-08-13,-4.267821
1985-08-14,-4.211597
1985-08-15,-4.288269
1985-08-16,-4.881159
1985-08-19,-4.738047
1985-08-20,-3.869150
1985-08-21,-3.317143
1985-08-22,-4.237155
1985-08-23,-4.334268
1985-08-26,-4.262712
1985-08-27,-3.858926
1985-08-28,-3.485813
1985-08-29,-3.434705
1985-08-30,-3.588034
1985-09-03,-3.956039
1985-09-04,-4.232047
1985-09-05,-4.283154
1985-09-06,-3.787370
1985-09-09,-3.782261
1985-09-10,-4.472272
1985-09-11,-5.428058
1985-09-12,-6.112953
1985-09-13,-6.511623
1985-09-16,-6.526956
1985-09-17,-7.303856
1985-09-18,-7.124962
1985-09-19,-6.266289
1985-09-20,-6.951184
1985-09-23,-5.801171
1985-09-24,-6.659851
1985-09-25,-7.661636
1985-09-26,-7.339638
1985-09-30,-6.935851
1985-10-01,-5.407609
1985-10-02,-5.923842
1985-10-03,-5.770505
1985-10-04,-6.353178
1985-10-07,-7.043189
1985-10-08,-7.043189
1985-10-09,-6.710959
1985-10-10,-6.578071
1985-10-11,-5.811396
1985-10-14,-4.743163
1985-10-15,-4.891384
1985-10-16,-3.920265
1985-10-17,-4.083818
1985-10-18,-4.400716
1985-10-21,-4.441598
1985-10-22,-3.889599
1985-10-23,-3.352925
1985-10-24,-3.654482
1985-10-25,-4.155375
1985-10-28,-4.032711
1985-10-29,-3.281369
1985-10-30,-2.852025
1985-10-31,-2.979804
1985-11-01,-2.105799
1985-11-04,-2.248911
1985-11-05,-1.676463
1985-11-06,-1.477127
1985-11-07,-1.548683
1985-11-08,-0.986452
1985-11-11,0.000000
1985-11-12,0.000000
1985-11-13,-0.494748
1985-11-14,0.000000
1985-11-15,-0.477242
1985-11-18,-0.175822
1985-11-19,-0.195921
1985-11-20,-0.035162
1985-11-21,0.000000
1985-11-22,0.000000
1985-11-25,-0.580587
1985-11-26,-0.421797
1985-11-27,0.000000
1985-11-29,-0.182678
1985-12-02,-1.026951
1985-12-03,-0.829462
1985-12-04,0.000000
1985-12-05,-0.171371
1985-12-06,-0.607154
1985-12-09,0.000000
1985-12-10,0.000000
1985-12-11,0.000000
1985-12-12,0.000000
1985-12-13,0.000000
1985-12-16,0.000000
1985-12-17,-0.646170
1985-12-18,-1.042357
1985-12-19,-0.943307
1985-12-20,-0.509387
1985-12-23,-1.627204
1985-12-24,-2.301672
1985-12-26,-2.061131
1985-12-27,-1.136687
1985-12-30,-0.632021
1985-12-31,-0.349026
1986-01-02,-1.146122
1986-01-03,-0.537685
1986-01-06,-0.646170
1986-01-07,0.000000
1986-01-08,-2.726848
1986-01-09,-3.596820
1986-01-10,-3.666977
1986-01-13,-3.311507
1986-01-14,-3.348926
1986-01-15,-2.591210
1986-01-16,-2.165578
1986-01-17,-2.511698
1986-01-20,-2.932649
1986-01-21,-3.746497
1986-01-22,-4.822263
1986-01-23,-4.466793
1986-01-24,-3.447151
1986-01-27,-2.998131
1986-01-28,-1.866232
1986-01-29,-1.641726
1986-01-30,-2.090739
1986-01-31,-0.944810
1986-02-03,0.000000
1986-02-04,-0.546838
1986-02-05,-0.467377
1986-02-06,-0.229018
1986-02-07,0.000000
1986-02-10,0.000000
1986-02-11,-0.147987
1986-02-12,-0.124863
1986-02-13,0.000000
1986-02-14,0.000000
1986-02-18,0.000000
1986-02-19,-1.209261
1986-02-20,-0.103392
1986-02-21,0.000000
1986-02-24,-0.124655
1986-02-25,-0.369514
1986-02-26,-0.258215
1986-02-27,0.000000
1986-02-28,0.000000
1986-03-03,-0.661026
1986-03-04,-1.119334
1986-03-05,-1.136965
1986-03-06,-0.788821
1986-03-07,-0.594919
1986-03-10,-0.149831
1986-03-11,0.000000
1986-03-12,0.000000
1986-03-13,0.000000
1986-03-14,0.000000
1986-03-17,-0.794760
1986-03-18,-0.325514
1986-03-19,-0.401605
1986-03-20,-0.004232
1986-03-21,-1.357010
1986-03-24,-0.515748
1986-03-25,-0.773622
1986-03-26,0.000000
1986-03-27,0.000000
1986-03-31,-0.029295
1986-04-01,-1.602712
1986-04-02,-1.364185
1986-04-03,-2.720007
1986-04-04,-4.301795
1986-04-07,-4.326901
1986-04-08,-2.280620
1986-04-09,-2.184375
1986-04-10,-1.058710
1986-04-11,-1.255388
1986-04-14,-0.707203
1986-04-15,-0.518896
1986-04-16,0.000000
1986-04-17,0.000000
1986-04-18,-0.267454
1986-04-21,0.000000
1986-04-22,-0.947948
1986-04-23,-1.221707
1986-04-24,-1.111384
1986-04-25,-1.001067
1986-04-28,-0.678272
1986-04-29,-1.728369
1986-04-30,-3.767264
1986-05-01,-3.914358
1986-05-02,-4.065544
1986-05-05,-2.864268
1986-05-06,-3.064477
1986-05-07,-3.538450
1986-05-08,-3.109422
1986-05-09,-2.815232
1986-05-12,-2.925555
1986-05-13,-3.403612
1986-05-14,-2.941902
1986-05-15,-4.212639
1986-05-16,-4.894995
1986-05-19,-4.715211
1986-05-20,-3.526193
1986-05-21,-3.795868
1986-05-22,-1.887722
1986-05-23,-1.385143
1986-05-27,0.000000
1986-05-28,0.000000
1986-05-29,0.000000
1986-05-30,-0.254049
1986-06-02,-1.185581
1986-06-03,-0.996048
1986-06-04,-1.629161
1986-06-05,-0.939593
1986-06-06,-0.931526
1986-06-09,-3.234127
1986-06-10,-3.387368
1986-06-11,-2.762316
1986-06-12,-2.617143
1986-06-13,-0.907331
1986-06-16,-0.746024
1986-06-17,-1.463824
1986-06-18,-1.205739
1986-06-19,-1.580772
1986-06-20,-0.161301
1986-06-23,-1.096863
1986-06-24,-0.383094
1986-06-25,0.000000
1986-06-26,-0.076322
1986-06-27,0.000000
1986-06-30,0.000000
1986-07-01,0.000000
1986-07-02,0.000000
1986-07-03,-0.360112
1986-07-07,-3.423029
1986-07-08,-4.396518
1986-07-09,-3.909771
1986-07-10,-3.834587
1986-07-11,-4.147209
1986-07-14,-5.773643
1986-07-15,-7.534623
1986-07-16,-7.000397
1986-07-17,-6.580922
1986-07-18,-6.466164
1986-07-21,-6.513649
1986-07-22,-5.745945
1986-07-23,-5.552038
1986-07-24,-5.836961
1986-07-25,-4.938661
1986-07-28,-6.604670
1986-07-29,-7.182427
1986-07-30,-6.375149
1986-07-31,-6.561141
1986-08-01,-7.039966
1986-08-04,-6.612581
1986-08-05,-6.201028
1986-08-06,-6.276217
1986-08-07,-6.197073
1986-08-08,-6.260385
1986-08-11,-4.756630
1986-08-12,-3.703997
1986-08-13,-2.781955
1986-08-14,-2.552433
1986-08-15,-2.196281
1986-08-18,-2.105260
1986-08-19,-2.449546
1986-08-20,-1.159475
1986-08-21,-1.199050
1986-08-22,-0.993271
1986-08-25,-1.935101
1986-08-26,0.000000
1986-08-27,0.000000
1986-08-28,-0.181606
1986-08-29,-0.146076
1986-09-02,-1.887090
1986-09-03,-1.271220
1986-09-04,0.000000
1986-09-05,-1.323721
1986-09-08,-2.241659
1986-09-09,-2.426823
1986-09-10,-2.667141
1986-09-11,-7.347441
1986-09-12,-9.124218
1986-09-15,-8.623882
1986-09-16,-8.710555
1986-09-17,-8.726316
1986-09-18,-8.478117
1986-09-19,-8.517510
1986-09-22,-7.445932
1986-09-23,-7.154396
1986-09-24,-6.914077
1986-09-25,-8.667218
1986-09-26,-8.509635
1986-09-29,-9.423629
1986-09-30,-8.868138
1986-10-01,-7.969899
1986-10-02,-7.843834
1986-10-03,-7.926563
1986-10-06,-7.505024
1986-10-07,-7.650789
1986-10-08,-6.756494
1986-10-09,-7.083479
1986-10-10,-7.229250
1986-10-13,-7.059842
1986-10-14,-7.272587
1986-10-15,-5.921285
1986-10-16,-5.633693
1986-10-17,-5.905530
1986-10-20,-7.036206
1986-10-21,-7.071661
1986-10-22,-6.921958
1986-10-23,-5.732184
1986-10-24,-6.134029
1986-10-27,-5.933104
1986-10-28,-5.740065
1986-10-29,-5.078202
1986-10-30,-3.986918
1986-10-31,-3.880552
1986-11-03,-3.163534
1986-11-04,-3.005951
1986-11-05,-2.856242
1986-11-06,-3.135960
1986-11-07,-3.175353
1986-11-10,-3.033525
1986-11-11,-2.659260
1986-11-12,-2.832606
1986-11-13,-4.258755
1986-11-14,-3.675689
1986-11-17,-4.183901
1986-11-18,-6.717095
1986-11-19,-6.370405
1986-11-20,-4.640901
1986-11-21,-3.139897
1986-11-24,-2.513495
1986-11-25,-2.229840
1986-11-26,-1.993459
1986-11-28,-1.816177
1986-12-01,-1.883150
1986-12-02,0.000000
1986-12-03,-0.059053
1986-12-04,-0.377956
1986-12-05,-1.114174
1986-12-08,-1.118109
1986-12-09,-1.858268
1986-12-10,-1.196848
1986-12-11,-2.295276
1986-12-12,-2.618108
1986-12-15,-2.279525
1986-12-16,-1.559058
1986-12-17,-2.535434
1986-12-18,-2.842520
1986-12-19,-1.681104
1986-12-22,-2.066929
1986-12-23,-3.015750
1986-12-24,-2.854331
1986-12-26,-2.787402
1986-12-29,-3.673229
1986-12-30,-4.185041
1986-12-31,-4.657481
1987-01-02,-2.972442
1987-01-05,-0.712598
1987-01-06,-0.480315
1987-01-07,0.000000
1987-01-08,0.000000
1987-01-09,0.000000
1987-01-12,0.000000
1987-01-13,-0.134451
1987-01-14,0.000000
1987-01-15,0.000000
1987-01-16,0.000000
1987-01-19,0.000000
1987-01-20,-0.111379
1987-01-21,-0.556917
1987-01-22,0.000000
1987-01-23,-1.390967
1987-01-26,-1.569866
1987-01-27,-0.058415
1987-01-28,0.000000
1987-01-29,-0.421207
1987-01-30,-0.479305
1987-02-02,0.000000
1987-02-03,-0.166403
1987-02-04,0.000000
1987-02-05,0.000000
1987-02-06,-0.398348
1987-02-09,-1.067008
1987-02-10,-2.166025
1987-02-11,-1.287521
1987-02-12,-1.970411
1987-02-13,-0.519274
1987-02-17,0.000000
1987-02-18,-0.024511
1987-02-19,0.000000
1987-02-20,-0.031515
1987-02-23,-1.117065
1987-02-24,-0.941976
1987-02-25,-0.549780
1987-02-26,-0.913967
1987-02-27,-0.479741
1987-03-02,-0.899957
1987-03-03,-0.507761
1987-03-04,0.000000
1987-03-05,0.000000
1987-03-06,0.000000
1987-03-09,-0.811951
1987-03-10,0.000000
1987-03-11,-0.189090
1987-03-12,0.000000
1987-03-13,-0.456695
1987-03-16,-1.026712
1987-03-17,0.000000
1987-03-18,0.000000
1987-03-19,0.000000
1987-03-20,0.000000
1987-03-23,0.000000
1987-03-24,0.000000
1987-03-25,-0.417720
1987-03-26,-0.235387
1987-03-27,-1.826684
1987-03-30,-4.124122
1987-03-31,-3.295320
1987-04-01,-3.069888
1987-04-02,-2.655487
1987-04-03,-0.407774
1987-04-06,0.000000
1987-04-07,-1.742014
1987-04-08,-1.553238
1987-04-09,-3.010441
1987-04-10,-3.132976
1987-04-13,-5.408186
1987-04-14,-7.547610
1987-04-15,-5.798976
1987-04-16,-4.980960
1987-04-20,-5.252530
1987-04-21,-2.940886
1987-04-22,-4.888230
1987-04-23,-5.010765
1987-04-24,-6.766028
1987-04-27,-6.663363
1987-04-28,-6.438152
1987-04-29,-5.755921
1987-04-30,-4.500754
1987-05-01,-4.610039
1987-05-04,-4.169573
1987-05-05,-2.189109
1987-05-06,-2.146054
1987-05-07,-2.397755
1987-05-08,-2.841536
1987-05-11,-3.437657
1987-05-12,-2.864721
1987-05-13,-2.639510
1987-05-14,-2.553410
1987-05-15,-4.808749
1987-05-18,-5.067070
1987-05-19,-7.395269
1987-05-20,-7.862235
1987-05-21,-7.213114
1987-05-22,-6.554068
1987-05-26,-4.252368
1987-05-27,-4.378208
1987-05-28,-3.705912
1987-05-29,-3.924493
1987-06-01,-4.013918
1987-06-02,-4.467634
1987-06-03,-2.808416
1987-06-04,-2.271905
1987-06-05,-2.815035
1987-06-08,-1.732078
1987-06-09,-1.546618
1987-06-10,-1.483693
1987-06-11,-1.066402
1987-06-12,-0.109295
1987-06-15,0.000000
1987-06-16,0.000000
1987-06-17,0.000000
1987-06-18,0.000000
1987-06-19,0.000000
1987-06-22,0.000000
1987-06-23,-0.393994
1987-06-24,-0.901020
1987-06-25,-0.222833
1987-06-26,-0.804130
1987-06-29,-0.565154
1987-06-30,-1.824639
1987-07-01,-2.166960
1987-07-02,-1.298236
1987-07-06,-1.527525
1987-07-07,-0.726627
1987-07-08,-0.439201
1987-07-09,-0.687875
1987-07-10,-0.413370
1987-07-13,-0.652346
1987-07-14,0.000000
1987-07-15,-0.083681
1987-07-16,0.000000
1987-07-17,0.000000
1987-07-20,-1.017191
1987-07-21,-1.919962
1987-07-22,-1.945388
1987-07-23,-2.155186
1987-07-24,-1.691092
1987-07-27,-1.252424
1987-07-28,-0.718398
1987-07-29,0.000000
1987-07-30,0.000000
1987-07-31,0.000000
1987-08-03,-0.342056
1987-08-04,-0.762566
1987-08-05,-0.065898
1987-08-06,0.000000
1987-08-07,0.000000
1987-08-10,0.000000
1987-08-11,0.000000
1987-08-12,-0.281994
1987-08-13,0.000000
1987-08-14,-0.197222
1987-08-17,-0.161365
1987-08-18,-1.613624
1987-08-19,-1.440313
1987-08-20,0.000000
1987-08-21,0.000000
1987-08-24,-0.765111
1987-08-25,0.000000
1987-08-26,-0.653260
1987-08-27,-1.600494
1987-08-28,-2.889206
1987-08-31,-2.069662
1987-09-01,-3.970067
1987-09-02,-4.480802
1987-09-03,-4.917302
1987-09-04,-5.959550
1987-09-08,-6.891942
1987-09-09,-6.785039
1987-09-10,-5.831869
1987-09-11,-4.391715
1987-09-14,-4.065090
1987-09-15,-5.650741
1987-09-16,-6.505925
1987-09-17,-6.485137
1987-09-18,-6.505925
1987-09-21,-7.788693
1987-09-22,-5.128126
1987-09-23,-4.626299
1987-09-24,-5.062799
1987-09-25,-4.932145
1987-09-28,-4.029450
1987-09-29,-4.477830
1987-09-30,-4.436263
1987-10-01,-2.803101
1987-10-02,-2.583360
1987-10-05,-2.580397
1987-10-06,-5.211268
1987-10-07,-5.413184
1987-10-08,-6.713777
1987-10-09,-7.631316
1987-10-12,-8.130170
1987-10-13,-6.606883
1987-10-14,-9.365436
1987-10-15,-11.488554
1987-10-16,-16.055462
1987-10-19,-33.236332
1987-10-20,-29.676037
1987-10-21,-23.277010
1987-10-22,-26.284999
1987-10-23,-26.293907
1987-10-26,-32.395996
1987-10-27,-30.756894
1987-10-28,-30.730170
1987-10-29,-27.318344
1987-10-30,-25.233839
1987-11-02,-24.057960
1987-11-03,-25.521865
1987-11-04,-26.074171
1987-11-05,-24.435073
1987-11-06,-25.643611
1987-11-09,-27.793448
1987-11-10,-29.031681
1987-11-11,-28.170561
1987-11-12,-26.204825
1987-11-13,-27.060009
1987-11-16,-26.727439
1987-11-17,-27.832051
1987-11-18,-27.086732
1987-11-19,-28.719895
1987-11-20,-28.140865
1987-11-23,-27.846895
1987-11-24,-26.837305
1987-11-25,-27.517293
1987-11-27,-28.633785
1987-11-30,-31.615046
1987-12-01,-31.110251
1987-12-02,-30.679691
1987-12-03,-33.126462
1987-12-04,-33.509515
1987-12-07,-32.072334
1987-12-08,-30.246159
1987-12-09,-29.064345
1987-12-10,-30.644055
1987-12-11,-30.124413
1987-12-14,-28.084446
1987-12-15,-27.900346
1987-12-16,-26.335478
1987-12-17,-27.849867
1987-12-18,-26.014784
1987-12-21,-25.901951
1987-12-22,-25.780205
1987-12-23,-24.827030
1987-12-24,-25.162572
1987-12-28,-27.080793
1987-12-29,-27.371796
1987-12-30,-26.400805
1987-12-31,-26.632417
1988-01-04,-24.001541
1988-01-05,-23.202775
1988-01-06,-23.125568
1988-01-07,-22.478245
1988-01-08,-27.725153
1988-01-11,-26.510671
1988-01-12,-27.125336
1988-01-13,-27.009530
1988-01-14,-26.988742
1988-01-15,-25.156632
1988-01-18,-25.207111
1988-01-19,-25.967273
1988-01-20,-27.953793
1988-01-21,-27.802356
1988-01-22,-26.804642
1988-01-25,-25.121001
1988-01-26,-25.893038
1988-01-27,-25.949457
1988-01-28,-24.788431
1988-01-29,-23.665999
1988-02-01,-24.268788
1988-02-02,-24.111407
1988-02-03,-25.109120
1988-02-04,-25.109120
1988-02-05,-25.480294
1988-02-08,-26.032600
1988-02-09,-25.254622
1988-02-10,-23.787745
1988-02-11,-23.998573
1988-02-12,-23.499714
1988-02-16,-22.846454
1988-02-17,-23.030555
1988-02-18,-23.416571
1988-02-19,-22.317904
1988-02-22,-21.121233
1988-02-23,-21.305343
1988-02-24,-21.480535
1988-02-25,-22.326812
1988-02-26,-22.065505
1988-02-29,-20.473909
1988-03-01,-20.652074
1988-03-02,-20.426398
1988-03-03,-20.456094
1988-03-04,-20.628323
1988-03-07,-20.604563
1988-03-08,-19.995842
1988-03-09,-20.105708
1988-03-10,-21.655728
1988-03-11,-21.329094
1988-03-14,-20.904474
1988-03-15,-20.975736
1988-03-16,-20.227454
1988-03-17,-19.464320
1988-03-18,-19.494016
1988-03-21,-20.200731
1988-03-22,-20.171035
1988-03-23,-20.150247
1988-03-24,-21.801225
1988-03-25,-23.238406
1988-03-28,-23.372032
1988-03-29,-22.775183
1988-03-30,-23.369060
1988-03-31,-23.125568
1988-04-04,-23.957002
1988-04-05,-23.238406
1988-04-06,-21.165781
1988-04-07,-20.966828
1988-04-08,-19.995842
1988-04-11,-19.779074
1988-04-12,-19.419781
1988-04-13,-19.357426
1988-04-14,-22.870206
1988-04-15,-22.864270
1988-04-18,-23.030555
1988-04-19,-23.413599
1988-04-20,-23.945122
1988-04-21,-23.859007
1988-04-22,-22.754395
1988-04-25,-22.050652
1988-04-26,-21.629004
1988-04-27,-21.667608
1988-04-28,-22.020966
1988-04-29,-22.401047
1988-05-02,-22.332747
1988-05-03,-21.905155
1988-05-04,-22.700949
1988-05-05,-23.155264
1988-05-06,-23.544253
1988-05-09,-23.823376
1988-05-10,-23.502686
1988-05-11,-24.782491
1988-05-12,-24.622141
1988-05-13,-23.752113
1988-05-16,-23.179024
1988-05-17,-24.164858
1988-05-18,-25.364488
1988-05-19,-25.002223
1988-05-20,-24.868601
1988-05-23,-25.518897
1988-05-24,-24.723104
1988-05-25,-24.648869
1988-05-26,-24.390530
1988-05-27,-24.749827
1988-05-31,-22.154582
1988-06-01,-20.809451
1988-06-02,-21.213292
1988-06-03,-20.880714
1988-06-06,-20.702558
1988-06-07,-21.260795
1988-06-08,-19.375242
1988-06-09,-19.767194
1988-06-10,-19.452440
1988-06-13,-19.401965
1988-06-14,-18.549753
1988-06-15,-18.505205
1988-06-16,-19.894884
1988-06-17,-19.624669
1988-06-20,-20.141340
1988-06-21,-19.330694
1988-06-22,-18.145912
1988-06-23,-18.395339
1988-06-24,-18.704158
1988-06-27,-20.105708
1988-06-28,-19.140658
1988-06-29,-19.535582
1988-06-30,-18.787300
1988-07-01,-19.298035
1988-07-05,-18.101373
1988-07-06,-19.226773
1988-07-07,-19.298035
1988-07-08,-19.820650
1988-07-11,-19.663273
1988-07-12,-20.465001
1988-07-13,-20.028501
1988-07-14,-19.749378
1988-07-15,-19.217865
1988-07-18,-19.675144
1988-07-19,-20.280901
1988-07-20,-19.826585
1988-07-21,-20.818359
1988-07-22,-21.756686
1988-07-25,-21.406301
1988-07-26,-21.254859
1988-07-27,-22.053625
1988-07-28,-21.008404
1988-07-29,-19.226773
1988-08-01,-19.170354
1988-08-02,-19.214892
1988-08-03,-18.941705
1988-08-04,-19.253496
1988-08-05,-19.485108
1988-08-08,-19.832521
1988-08-09,-20.868843
1988-08-10,-22.231789
1988-08-11,-21.979390
1988-08-12,-22.038781
1988-08-15,-23.184960
1988-08-16,-22.629686
1988-08-17,-22.567332
1988-08-18,-22.490125
1988-08-19,-22.724709
1988-08-22,-23.692722
1988-08-23,-23.158086
1988-08-24,-21.199227
1988-08-25,-21.412977
1988-08-26,-21.261370
1988-08-29,-20.040844
1988-08-30,-19.985973
1988-08-31,-20.287735
1988-09-01,-21.253957
1988-09-02,-19.385509
1988-09-06,-19.047182
1988-09-07,-18.961837
1988-09-08,-18.958786
1988-09-09,-18.666177
1988-09-12,-18.778953
1988-09-13,-18.486344
1988-09-14,-17.913311
1988-09-15,-18.272977
1988-09-16,-17.504875
1988-09-19,-18.062662
1988-09-20,-17.785290
1988-09-21,-17.654226
1988-09-22,-17.952937
1988-09-23,-17.776146
1988-09-26,-18.044375
1988-09-27,-18.233351
1988-09-28,-17.983419
1988-09-29,-16.913556
1988-09-30,-17.120820
1988-10-03,-14.986528
1988-10-04,-15.043641
1988-10-05,-13.563527
1988-10-06,-13.395007
1988-10-07,-11.589083
1988-10-10,-11.535038
1988-10-11,-8.944081
1988-10-12,-8.085070
1988-10-13,-2.645918
1988-10-14,-0.984758
1988-10-17,-0.657701
1988-10-18,0.000000
1988-10-19,-0.862626
1988-10-20,0.000000
1988-10-21,0.000000
1988-10-24,-0.486500
1988-10-25,-0.451244
1988-10-26,-0.803779
1988-10-27,-2.249173
1988-10-28,-1.808505
1988-10-31,-1.653389
1988-11-01,-1.621662
1988-11-02,-1.621662
1988-11-03,-1.572302
1988-11-04,-2.591132
1988-11-07,-3.430167
1988-11-08,-3.000074
1988-11-09,-3.641690
1988-11-10,-3.514772
1988-11-11,-5.548893
1988-11-14,-5.619404
1988-11-15,-5.400835
1988-11-16,-6.994288
1988-11-17,-6.719311
1988-11-18,-6.060073
1988-11-21,-6.148207
1988-11-22,-5.799201
1988-11-23,-5.168160
1988-11-25,-5.792143
1988-11-28,-5.295068
1988-11-29,-4.494818
1988-11-30,-3.511243
1988-12-01,-3.937818
1988-12-02,-4.177539
1988-12-05,-3.077632
1988-12-06,-2.139889
1988-12-07,-1.949517
1988-12-08,-2.492423
1988-12-09,-2.337307
1988-12-12,-2.517103
1988-12-13,-2.591132
1988-12-14,-2.943667
1988-12-15,-3.306777
1988-12-16,-2.598179
1988-12-19,-1.674540
1988-12-20,-2.182191
1988-12-21,-2.213918
1988-12-22,-2.393714
1988-12-23,-2.041179
1988-12-27,-2.407818
1988-12-28,-2.319684
1988-12-29,-1.501801
1988-12-30,-2.094057
1989-01-03,-2.943667
1989-01-04,-1.491226
1989-01-05,-1.286750
1989-01-06,-1.054076
1989-01-09,-0.944791
1989-01-10,-1.156314
1989-01-11,-0.581680
1989-01-12,-0.172739
1989-01-13,0.000000
1989-01-16,0.000000
1989-01-17,-0.207654
1989-01-18,0.000000
1989-01-19,0.000000
1989-01-20,-0.097591
1989-01-23,-0.839986
1989-01-24,0.000000
1989-01-25,0.000000
1989-01-26,0.000000
1989-01-27,0.000000
1989-01-30,0.000000
1989-01-31,0.000000
1989-02-01,-0.127746
1989-02-02,-0.211788
1989-02-03,-0.168084
1989-02-06,-0.480718
1989-02-07,0.000000
1989-02-08,-0.327074
1989-02-09,-1.191472
1989-02-10,-2.539804
1989-02-13,-2.366250
1989-02-14,-2.609888
1989-02-15,-1.798890
1989-02-16,-1.608653
1989-02-17,-0.957846
1989-02-21,-1.218167
1989-02-22,-2.910256
1989-02-23,-2.529792
1989-02-24,-4.171812
1989-02-27,-3.941527
1989-02-28,-3.594440
1989-03-01,-4.178493
1989-03-02,-3.230649
1989-03-03,-2.820149
1989-03-06,-1.608653
1989-03-07,-1.922374
1989-03-08,-1.852290
1989-03-09,-1.902350
1989-03-10,-2.252778
1989-03-13,-1.438440
1989-03-14,-1.498511
1989-03-15,-0.987882
1989-03-16,-0.063413
1989-03-17,-2.316191
1989-03-20,-3.240661
1989-03-21,-2.770089
1989-03-22,-3.050434
1989-03-23,-3.554382
1989-03-27,-3.023729
1989-03-28,-2.683312
1989-03-29,-2.429663
1989-03-30,-2.372932
1989-03-31,-1.588629
1989-04-03,-1.081330
1989-04-04,-1.441781
1989-04-05,-1.131400
1989-04-06,-1.448452
1989-04-07,-0.824350
1989-04-10,-0.841044
1989-04-11,-0.380474
1989-04-12,-0.213602
1989-04-13,-1.078000
1989-04-14,0.000000
1989-04-17,0.000000
1989-04-18,0.000000
1989-04-19,0.000000
1989-04-20,-0.312548
1989-04-21,0.000000
1989-04-24,-0.297143
1989-04-25,-0.923738
1989-04-26,-0.865603
1989-04-27,-0.009689
1989-04-28,0.000000
1989-05-01,-0.167943
1989-05-02,-0.490899
1989-05-03,-0.477978
1989-05-04,-0.603936
1989-05-05,-0.655610
1989-05-08,-1.175564
1989-05-09,-1.437157
1989-05-10,-1.240159
1989-05-11,-0.868752
1989-05-12,0.000000
1989-05-15,0.000000
1989-05-16,-0.278342
1989-05-17,0.000000
1989-05-18,0.000000
1989-05-19,0.000000
1989-05-22,0.000000
1989-05-23,-1.136718
1989-05-24,-0.882041
1989-05-25,-0.872724
1989-05-26,-0.121130
1989-05-30,-0.910002
1989-05-31,-0.453451
1989-06-01,-0.003109
1989-06-02,0.000000
1989-06-05,-1.072128
1989-06-06,-0.393217
1989-06-07,0.000000
1989-06-08,-0.061175
1989-06-09,-0.079526
1989-06-12,-0.217165
1989-06-13,-0.929808
1989-06-14,-0.954282
1989-06-15,-2.101246
1989-06-16,-1.712802
1989-06-19,-1.547636
1989-06-20,-1.743389
1989-06-21,-1.978896
1989-06-22,-1.416120
1989-06-23,0.000000
1989-06-26,-0.426827
1989-06-27,0.000000
1989-06-28,-0.800756
1989-06-29,-2.667157
1989-06-30,-3.184749
1989-07-03,-2.804162
1989-07-05,-2.374859
1989-07-06,-2.097800
1989-07-07,-1.074777
1989-07-10,-0.417122
1989-07-11,0.000000
1989-07-12,0.000000
1989-07-13,0.000000
1989-07-14,0.000000
1989-07-17,0.000000
1989-07-18,-0.327878
1989-07-19,0.000000
1989-07-20,-0.661246
1989-07-21,0.000000
1989-07-24,-0.663882
1989-07-25,-0.601366
1989-07-26,0.000000
1989-07-27,0.000000
1989-07-28,0.000000
1989-07-31,0.000000
1989-08-01,-0.673251
1989-08-02,-0.502771
1989-08-03,-0.387193
1989-08-04,-0.624126
1989-08-07,0.000000
1989-08-08,-0.017171
1989-08-09,-0.706906
1989-08-10,-0.331989
1989-08-11,-1.336543
1989-08-14,-1.817351
1989-08-15,-1.345128
1989-08-16,-1.073238
1989-08-17,-1.419533
1989-08-18,-0.967346
1989-08-21,-2.501357
1989-08-22,-2.352538
1989-08-23,-1.347984
1989-08-24,0.000000
1989-08-25,-0.284479
1989-08-28,0.000000
1989-08-29,-0.639041
1989-08-30,-0.408987
1989-08-31,-0.181767
1989-09-01,0.000000
1989-09-05,-0.330764
1989-09-06,-1.269336
1989-09-07,-1.520935
1989-09-08,-1.405027
1989-09-11,-1.716000
1989-09-12,-1.421988
1989-09-13,-2.337947
1989-09-14,-2.988157
1989-09-15,-2.451026
1989-09-18,-1.978910
1989-09-19,-2.029803
1989-09-20,-2.052416
1989-09-21,-2.270093
1989-09-22,-1.888452
1989-09-25,-2.685664
1989-09-26,-2.657401
1989-09-27,-2.439715
1989-09-28,-1.450260
1989-09-29,-1.294778
1989-10-02,-0.808531
1989-10-03,0.000000
1989-10-04,0.000000
1989-10-05,0.000000
1989-10-06,0.000000
1989-10-09,0.000000
1989-10-10,-0.186210
1989-10-11,-0.780989
1989-10-12,-1.225673
1989-10-13,-7.267925
1989-10-16,-4.710946
1989-10-17,-5.180652
1989-10-18,-5.013891
1989-10-19,-3.521396
1989-10-20,-3.513058
1989-10-23,-4.160645
1989-10-24,-4.474702
1989-10-25,-4.808224
1989-10-26,-6.078376
1989-10-27,-6.876040
1989-10-30,-6.873258
1989-10-31,-5.403003
1989-11-01,-5.169532
1989-11-02,-5.925508
1989-11-03,-6.164534
1989-11-06,-7.556977
1989-11-07,-6.945523
1989-11-08,-6.017230
1989-11-09,-6.456360
1989-11-10,-5.753191
1989-11-13,-5.628127
1989-11-14,-6.061701
1989-11-15,-5.352968
1989-11-16,-5.341857
1989-11-17,-5.055587
1989-11-20,-5.683708
1989-11-21,-5.617007
1989-11-22,-4.972203
1989-11-24,-4.399663
1989-11-27,-3.943859
1989-11-28,-3.899388
1989-11-29,-4.502497
1989-11-30,-3.838243
1989-12-01,-2.548633
1989-12-04,-2.331847
1989-12-05,-2.840467
1989-12-06,-3.126737
1989-12-07,-3.393550
1989-12-08,-3.087823
1989-12-11,-3.123955
1989-12-12,-2.242906
1989-12-13,-1.959419
1989-12-14,-2.465257
1989-12-15,-2.684817
1989-12-18,-4.477484
1989-12-19,-4.819343
1989-12-20,-4.713728
1989-12-21,-4.174538
1989-12-22,-3.440794
1989-12-26,-3.610336
1989-12-27,-3.054472
1989-12-28,-2.537514
1989-12-29,-1.778764
1990-01-02,-0.030569
1990-01-03,-0.289043
1990-01-04,-1.147853
1990-01-05,-2.112278
1990-01-08,-1.670367
1990-01-09,-2.829348
1990-01-10,-3.471370
1990-01-11,-3.132293
1990-01-12,-5.522511
1990-01-15,-6.336851
1990-01-16,-5.294605
1990-01-17,-6.225679
1990-01-18,-6.006111
1990-01-19,-5.739298
1990-01-22,-8.176760
1990-01-23,-7.834909
1990-01-24,-8.210111
1990-01-25,-9.371874
1990-01-26,-9.449695
1990-01-29,-9.616447
1990-01-30,-10.233457
1990-01-31,-8.538077
1990-02-01,-8.618671
1990-02-02,-8.026675
1990-02-05,-7.768200
1990-02-06,-8.376872
1990-02-07,-7.240130
1990-02-08,-7.459699
1990-02-09,-7.276263
1990-02-12,-8.260145
1990-02-13,-7.998888
1990-02-14,-7.723730
1990-02-15,-6.923283
1990-02-16,-7.526400
1990-02-20,-8.841023
1990-02-21,-8.929954
1990-02-22,-9.477481
1990-02-23,-9.908281
1990-02-26,-8.652022
1990-02-27,-8.210111
1990-02-28,-7.757080
1990-03-01,-7.520845
1990-03-02,-6.742629
1990-03-05,-7.242912
1990-03-06,-6.078376
1990-03-07,-6.350744
1990-03-08,-5.428015
1990-03-09,-6.078376
1990-03-12,-5.872700
1990-03-13,-6.614783
1990-03-14,-6.372983
1990-03-15,-6.039461
1990-03-16,-4.972203
1990-03-19,-4.521954
1990-03-20,-5.066699
1990-03-21,-5.575319
1990-03-22,-6.700941
1990-03-23,-6.275705
1990-03-26,-6.161752
1990-03-27,-5.086156
1990-03-28,-4.947190
1990-03-29,-5.283485
1990-03-30,-5.519729
1990-04-02,-5.864363
1990-04-03,-4.491377
1990-04-04,-5.200109
1990-04-05,-5.300161
1990-04-06,-5.480823
1990-04-09,-5.122288
1990-04-10,-4.927733
1990-04-11,-4.969421
1990-04-12,-4.296829
1990-04-16,-4.185658
1990-04-17,-4.202333
1990-04-18,-5.302943
1990-04-19,-6.033906
1990-04-20,-6.859365
1990-04-23,-7.990551
1990-04-24,-8.182325
1990-04-25,-7.718174
1990-04-26,-7.470810
1990-04-27,-8.529740
1990-04-30,-8.060034
1990-05-01,-7.657029
1990-05-02,-7.037237
1990-05-03,-6.734292
1990-05-04,-5.950521
1990-05-07,-5.355750
1990-05-08,-4.944408
1990-05-09,-4.708172
1990-05-10,-4.441351
1990-05-11,-2.167868
1990-05-14,-1.403554
1990-05-15,-1.534183
1990-05-16,-1.612003
1990-05-17,-1.481375
1990-05-18,-1.434123
1990-05-21,-0.500275
1990-05-22,-0.380766
1990-05-23,-0.141740
1990-05-24,-0.386321
1990-05-25,-1.450806
1990-05-29,0.000000
1990-05-30,0.000000
1990-05-31,0.000000
1990-06-01,0.000000
1990-06-04,0.000000
1990-06-05,-0.206853
1990-06-06,-0.664127
1990-06-07,-1.156777
1990-06-08,-2.365270
1990-06-11,-1.570492
1990-06-12,-0.313009
1990-06-13,-0.680457
1990-06-14,-1.224823
1990-06-15,-1.222099
1990-06-18,-2.863361
1990-06-19,-2.430591
1990-06-20,-2.259115
1990-06-21,-1.886226
1990-06-22,-3.258030
1990-06-25,-4.107239
1990-06-26,-4.175285
1990-06-27,-3.336957
1990-06-28,-2.659224
1990-06-29,-2.553077
1990-07-02,-2.139354
1990-07-03,-1.970602
1990-07-05,-3.189984
1990-07-06,-2.444197
1990-07-09,-2.144803
1990-07-10,-2.969517
1990-07-11,-1.679364
1990-07-12,-0.533476
1990-07-13,-0.024495
1990-07-16,0.000000
1990-07-17,-0.387593
1990-07-18,-1.282019
1990-07-19,-0.983874
1990-07-20,-1.989437
1990-07-23,-3.696982
1990-07-24,-3.566880
1990-07-25,-3.214532
1990-07-26,-3.534356
1990-07-27,-4.203824
1990-07-30,-3.631935
1990-07-31,-3.469310
1990-08-01,-3.640066
1990-08-02,-4.735059
1990-08-03,-6.529347
1990-08-06,-9.356286
1990-08-07,-9.247872
1990-08-08,-8.293808
1990-08-09,-7.862856
1990-08-10,-9.060854
1990-08-13,-8.161001
1990-08-14,-8.011925
1990-08-15,-7.830333
1990-08-16,-9.909201
1990-08-17,-11.145148
1990-08-20,-10.960835
1990-08-21,-12.763254
1990-08-22,-14.202473
1990-08-23,-16.774634
1990-08-24,-15.568505
1990-08-27,-12.877086
1990-08-28,-12.904191
1990-08-29,-12.131727
1990-08-30,-13.617027
1990-08-31,-12.573523
1990-09-04,-12.429872
1990-09-05,-12.077516
1990-09-06,-13.142708
1990-09-07,-12.345851
1990-09-10,-12.825588
1990-09-11,-12.985500
1990-09-12,-12.578941
1990-09-13,-13.633288
1990-09-14,-14.126582
1990-09-17,-13.871804
1990-09-18,-13.646837
1990-09-19,-14.188916
1990-09-20,-15.576636
1990-09-21,-15.620004
1990-09-24,-17.444102
1990-09-25,-16.449383
1990-09-26,-17.316713
1990-09-27,-18.425263
1990-09-28,-17.048386
1990-10-01,-14.638842
1990-10-02,-14.565665
1990-10-03,-15.598324
1990-10-04,-15.248681
1990-10-05,-15.571218
1990-10-08,-15.034557
1990-10-09,-17.305869
1990-10-10,-18.582462
1990-10-11,-19.918693
1990-10-12,-18.680041
1990-10-15,-17.812711
1990-10-16,-18.980891
1990-10-17,-19.024258
1990-10-18,-17.132408
1990-10-19,-15.305597
1990-10-22,-14.687627
1990-10-23,-15.338129
1990-10-24,-15.273073
1990-10-25,-15.931697
1990-10-26,-17.411579
1990-10-29,-18.178616
1990-10-30,-17.587752
1990-10-31,-17.604014
1990-11-01,-16.785478
1990-11-02,-15.476353
1990-11-05,-14.733708
1990-11-06,-15.538695
1990-11-07,-17.059222
1990-11-08,-16.625566
1990-11-09,-14.964093
1990-11-12,-13.408321
1990-11-13,-13.898902
1990-11-14,-13.158969
1990-11-15,-14.075084
1990-11-16,-14.047978
1990-11-19,-13.446270
1990-11-20,-14.538559
1990-11-21,-14.343410
1990-11-23,-14.595475
1990-11-26,-14.213308
1990-11-27,-13.782357
1990-11-28,-13.823011
1990-11-29,-14.237701
1990-11-30,-12.665675
1990-12-03,-12.156120
1990-12-04,-11.546281
1990-12-05,-10.578669
1990-12-06,-10.809054
1990-12-07,-11.166828
1990-12-10,-10.857839
1990-12-11,-11.521889
1990-12-12,-10.505491
1990-12-13,-10.735876
1990-12-14,-11.418892
1990-12-17,-11.635729
1990-12-18,-10.543440
1990-12-19,-10.502778
1990-12-20,-10.524466
1990-12-21,-10.082670
1990-12-24,-10.584095
1990-12-26,-10.326604
1990-12-27,-11.020464
1990-12-28,-10.903919
1990-12-31,-10.497360
1991-01-02,-11.519176
1991-01-03,-12.749697
1991-01-04,-12.996344
1991-01-07,-14.503322
1991-01-08,-14.649686
1991-01-09,-15.573931
1991-01-10,-14.749969
1991-01-11,-14.560238
1991-01-14,-15.302892
1991-01-15,-14.966797
1991-01-16,-14.305461
1991-01-17,-11.107199
1991-01-18,-9.952568
1991-01-21,-10.269688
1991-01-22,-11.015046
1991-01-23,-10.500073
1991-01-24,-9.261421
1991-01-25,-8.911778
1991-01-28,-8.922621
1991-01-29,-8.974120
1991-01-30,-7.599948
1991-01-31,-6.781412
1991-02-01,-7.019928
1991-02-04,-5.586127
1991-02-05,-4.794688
1991-02-06,-2.948910
1991-02-07,-3.369026
1991-02-08,-2.601980
1991-02-11,-0.100291
1991-02-12,-0.935089
1991-02-13,0.000000
1991-02-14,-1.300739
1991-02-15,0.000000
1991-02-19,0.000000
1991-02-20,-1.150545
1991-02-21,-1.196571
1991-02-22,-1.012486
1991-02-25,-0.576628
1991-02-26,-1.781320
1991-02-27,-0.446689
1991-02-28,-0.628065
1991-03-01,0.000000
1991-03-04,-0.307721
1991-03-05,0.000000
1991-03-06,-0.145994
1991-03-07,-0.215013
1991-03-08,-0.469842
1991-03-11,-0.998091
1991-03-12,-1.775855
1991-03-13,-0.570714
1991-03-14,-0.854746
1991-03-15,-0.830857
1991-03-18,-1.223725
1991-03-19,-2.689001
1991-03-20,-2.335949
1991-03-21,-2.691658
1991-03-22,-2.452747
1991-03-25,-1.828948
1991-03-26,-0.111492
1991-03-27,-0.363664
1991-03-28,-0.398174
1991-04-01,-1.438738
1991-04-02,0.000000
1991-04-03,-0.147562
1991-04-04,0.000000
1991-04-05,-1.161230
1991-04-08,-0.292278
1991-04-09,-1.635198
1991-04-10,-1.743159
1991-04-11,-0.563495
1991-04-12,0.000000
1991-04-15,0.000000
1991-04-16,0.000000
1991-04-17,0.000000
1991-04-18,-0.509674
1991-04-19,-1.600717
1991-04-22,-2.433090
1991-04-23,-2.225638
1991-04-24,-1.969523
1991-04-25,-2.868488
1991-04-26,-2.927397
1991-04-29,-4.300168
1991-04-30,-3.869898
1991-05-01,-2.602126
1991-05-02,-2.543225
1991-05-03,-2.471513
1991-05-06,-2.655916
1991-05-07,-3.362788
1991-05-08,-3.058010
1991-05-09,-1.844029
1991-05-10,-3.767453
1991-05-13,-3.506211
1991-05-14,-4.822645
1991-05-15,-5.603792
1991-05-16,-4.676658
1991-05-17,-4.625431
1991-05-20,-4.653608
1991-05-21,-3.867334
1991-05-22,-3.652199
1991-05-23,-3.967223
1991-05-24,-3.319253
1991-05-28,-2.179539
1991-05-29,-1.961840
1991-05-30,-0.893846
1991-05-31,-0.158798
1991-06-03,-0.612118
1991-06-04,-0.694077
1991-06-05,-1.372779
1991-06-06,-1.746704
1991-06-07,-2.822389
1991-06-10,-3.042644
1991-06-11,-2.407485
1991-06-12,-3.534388
1991-06-13,-3.283393
1991-06-14,-2.089897
1991-06-17,-2.643106
1991-06-18,-3.037525
1991-06-19,-3.933926
1991-06-20,-3.849404
1991-06-21,-3.252660
1991-06-24,-4.996801
1991-06-25,-5.071076
1991-06-26,-4.830328
1991-06-27,-4.110646
1991-06-28,-4.940455
1991-07-01,-3.209117
1991-07-02,-3.324372
1991-07-03,-4.384691
1991-07-05,-4.192605
1991-07-08,-3.203998
1991-07-09,-3.672692
1991-07-10,-3.767453
1991-07-11,-3.452429
1991-07-12,-2.612373
1991-07-15,-2.064284
1991-07-16,-2.281983
1991-07-17,-2.374188
1991-07-18,-1.301067
1991-07-19,-1.595598
1991-07-22,-1.938790
1991-07-23,-2.824945
1991-07-24,-3.024714
1991-07-25,-2.430534
1991-07-26,-2.438217
1991-07-29,-1.869642
1991-07-30,-0.962994
1991-07-31,-0.676146
1991-08-01,-0.852866
1991-08-02,-0.837500
1991-08-05,-1.380462
1991-08-06,0.000000
1991-08-07,-0.015359
1991-08-08,-0.332801
1991-08-09,-0.896011
1991-08-12,-0.665610
1991-08-13,-0.256003
1991-08-14,-0.184323
1991-08-15,-0.330246
1991-08-16,-1.290259
1991-08-19,-3.622445
1991-08-20,-2.864677
1991-08-21,-0.007680
1991-08-22,0.000000
1991-08-23,0.000000
1991-08-26,-0.081185
1991-08-27,-0.281608
1991-08-28,0.000000
1991-08-29,-0.042864
1991-08-30,-0.305068
1991-09-03,-1.132014
1991-09-04,-1.681629
1991-09-05,-1.890883
1991-09-06,-1.900970
1991-09-09,-2.034593
1991-09-10,-3.045587
1991-09-11,-2.911965
1991-09-12,-2.344700
1991-09-13,-3.290142
1991-09-16,-2.738003
1991-09-17,-2.808596
1991-09-18,-2.445546
1991-09-19,-2.289234
1991-09-20,-2.198468
1991-09-23,-2.702703
1991-09-24,-2.251418
1991-09-25,-2.460672
1991-09-26,-2.559002
1991-09-27,-2.707750
1991-09-30,-2.213602
1991-10-01,-1.875757
1991-10-02,-2.112748
1991-10-03,-3.068277
1991-10-04,-3.880096
1991-10-07,-4.321303
1991-10-08,-4.026321
1991-10-09,-5.002024
1991-10-10,-4.056582
1991-10-11,-3.829670
1991-10-14,-2.564041
1991-10-15,-1.419424
1991-10-16,-0.968139
1991-10-17,-1.189996
1991-10-18,-1.043771
1991-10-21,-1.669026
1991-10-22,-2.221165
1991-10-23,-2.193428
1991-10-24,-2.917005
1991-10-25,-3.136346
1991-10-28,-1.795085
1991-10-29,-1.300929
1991-10-30,-0.927799
1991-10-31,-1.056374
1991-11-01,-1.341269
1991-11-04,-1.603473
1991-11-05,-1.999300
1991-11-06,-1.681629
1991-11-07,-0.736187
1991-11-08,-0.945442
1991-11-11,-0.887460
1991-11-12,0.000000
1991-11-13,0.000000
1991-11-14,-0.065426
1991-11-15,-3.721600
1991-11-18,-3.062332
1991-11-19,-4.526809
1991-11-20,-4.750762
1991-11-21,-4.365770
1991-11-22,-5.352152
1991-11-25,-5.553461
1991-11-26,-4.894193
1991-11-27,-5.248991
1991-11-29,-5.583655
1991-12-02,-4.028588
1991-12-03,-4.139305
1991-12-04,-4.363251
1991-12-05,-5.037616
1991-12-06,-4.607332
1991-12-09,-4.818700
1991-12-10,-4.909290
1991-12-11,-4.959611
1991-12-12,-3.990845
1991-12-13,-3.256084
1991-12-16,-3.258603
1991-12-17,-3.691405
1991-12-18,-3.505194
1991-12-19,-3.746764
1991-12-20,-2.609395
1991-12-23,-0.148461
1991-12-24,0.000000
1991-12-26,0.000000
1991-12-27,0.000000
1991-12-30,0.000000
1991-12-31,0.000000
1992-01-02,0.000000
1992-01-03,0.000000
1992-01-06,-0.329090
1992-01-07,-0.462632
1992-01-08,-0.295700
1992-01-09,-0.412556
1992-01-10,-1.011110
1992-01-13,-1.192350
1992-01-14,0.000000
1992-01-15,0.000000
1992-01-16,-0.608408
1992-01-17,-0.453931
1992-01-20,-1.048080
1992-01-21,-1.932166
1992-01-22,-0.627417
1992-01-23,-1.380801
1992-01-24,-1.257214
1992-01-27,-1.373672
1992-01-28,-1.380801
1992-01-29,-2.478787
1992-01-30,-2.174583
1992-01-31,-2.849535
1992-02-03,-2.671291
1992-02-04,-1.644600
1992-02-05,-1.646979
1992-02-06,-1.651729
1992-02-07,-2.300543
1992-02-10,-1.663617
1992-02-11,-1.665988
1992-02-12,-0.865077
1992-02-13,-1.682626
1992-02-14,-1.970192
1992-02-18,-3.182257
1992-02-19,-2.973116
1992-02-20,-1.632720
1992-02-21,-2.219739
1992-02-24,-2.020106
1992-02-25,-2.452641
1992-02-26,-1.288111
1992-02-27,-1.642228
1992-02-28,-1.917907
1992-03-02,-1.977322
1992-03-03,-1.882259
1992-03-04,-2.718826
1992-03-05,-3.389020
1992-03-06,-3.880977
1992-03-09,-3.697982
1992-03-10,-3.298708
1992-03-11,-3.978418
1992-03-12,-4.011687
1992-03-13,-3.548255
1992-03-16,-3.417538
1992-03-17,-2.659411
1992-03-18,-2.761603
1992-03-19,-2.607125
1992-03-20,-2.250636
1992-03-23,-2.580979
1992-03-24,-2.825768
1992-03-25,-3.148989
1992-03-26,-3.068186
1992-03-27,-4.104378
1992-03-30,-4.223207
1992-03-31,-4.059222
1992-04-01,-3.930883
1992-04-02,-4.817356
1992-04-03,-4.567817
1992-04-06,-3.607670
1992-04-07,-5.397246
1992-04-08,-6.243313
1992-04-09,-4.784080
1992-04-10,-3.916624
1992-04-13,-3.491219
1992-04-14,-1.991581
1992-04-15,-1.067089
1992-04-16,-1.124125
1992-04-20,-2.516814
1992-04-21,-2.497797
1992-04-22,-2.604746
1992-04-23,-2.179334
1992-04-24,-2.792500
1992-04-27,-2.927960
1992-04-28,-2.771111
1992-04-29,-2.079521
1992-04-30,-1.383173
1992-05-01,-1.958312
1992-05-04,-0.917362
1992-05-05,-0.934000
1992-05-06,-0.945880
1992-05-07,-1.169281
1992-05-08,-1.121753
1992-05-11,-0.541864
1992-05-12,-1.064710
1992-05-13,-1.026684
1992-05-14,-1.813336
1992-05-15,-2.538202
1992-05-18,-1.891768
1992-05-19,-1.045701
1992-05-20,-1.278602
1992-05-21,-1.941674
1992-05-22,-1.604202
1992-05-26,-2.224490
1992-05-27,-2.043866
1992-05-28,-0.957768
1992-05-29,-1.288111
1992-06-01,-0.824679
1992-06-02,-1.727782
1992-06-03,-1.468734
1992-06-04,-1.784818
1992-06-05,-1.732533
1992-06-08,-1.761058
1992-06-09,-2.545331
1992-06-10,-3.213154
1992-06-11,-2.785370
1992-06-12,-2.616626
1992-06-15,-2.490667
1992-06-16,-2.958857
1992-06-17,-4.399073
1992-06-18,-4.708035
1992-06-19,-4.063972
1992-06-22,-4.128145
1992-06-23,-3.976039
1992-06-24,-4.023574
1992-06-25,-4.194689
1992-06-26,-4.116258
1992-06-29,-2.811509
1992-06-30,-3.001634
1992-07-01,-1.875130
1992-07-02,-2.138936
1992-07-06,-1.646979
1992-07-07,-2.759224
1992-07-08,-2.493046
1992-07-09,-1.554288
1992-07-10,-1.461605
1992-07-13,-1.402190
1992-07-14,-0.734367
1992-07-15,-0.872206
1992-07-16,-0.767636
1992-07-17,-1.223945
1992-07-20,-1.668367
1992-07-21,-1.665988
1992-07-22,-2.338569
1992-07-23,-2.065262
1992-07-24,-2.179334
1992-07-27,-2.193593
1992-07-28,-0.772393
1992-07-29,0.000000
1992-07-30,0.000000
1992-07-31,0.000000
1992-08-03,0.000000
1992-08-04,-0.171731
1992-08-05,-0.682207
1992-08-06,-1.058599
1992-08-07,-1.460865
1992-08-10,-1.333831
1992-08-11,-1.456163
1992-08-12,-1.719635
1992-08-13,-1.731395
1992-08-14,-1.218564
1992-08-17,-1.023314
1992-08-18,-0.882166
1992-08-19,-1.623184
1992-08-20,-1.606715
1992-08-21,-2.408899
1992-08-24,-3.380459
1992-08-25,-3.171096
1992-08-26,-2.724126
1992-08-27,-2.719423
1992-08-28,-2.411254
1992-08-31,-2.601801
1992-09-01,-2.121901
1992-09-02,-1.672583
1992-09-03,-1.672583
1992-09-04,-1.884309
1992-09-08,-2.505350
1992-09-09,-2.053685
1992-09-10,-1.209152
1992-09-11,-1.296198
1992-09-14,0.000000
1992-09-15,-1.293296
1992-09-16,-1.258019
1992-09-17,-1.255672
1992-09-18,-0.550238
1992-09-21,-0.735997
1992-09-22,-1.911721
1992-09-23,-1.841180
1992-09-24,-1.598981
1992-09-25,-2.567777
1992-09-28,-2.034001
1992-09-29,-1.991676
1992-09-30,-1.756531
1992-10-01,-2.111595
1992-10-02,-3.480139
1992-10-05,-4.162058
1992-10-06,-4.253767
1992-10-07,-4.942740
1992-10-08,-4.119733
1992-10-09,-5.316619
1992-10-12,-4.192628
1992-10-13,-3.755262
1992-10-14,-3.738800
1992-10-15,-3.684714
1992-10-16,-3.183855
1992-10-19,-2.419634
1992-10-20,-2.302062
1992-10-21,-2.257384
1992-10-22,-2.438450
1992-10-23,-2.626563
1992-10-26,-1.671876
1992-10-27,-1.594281
1992-10-28,-1.208640
1992-10-29,-1.036989
1992-10-30,-1.549603
1992-11-02,-0.592562
1992-11-03,-1.258019
1992-11-04,-1.918782
1992-11-05,-1.629551
1992-11-06,-1.808264
1992-11-09,-1.570765
1992-11-10,-1.563711
1992-11-11,-0.721889
1992-11-12,-0.564346
1992-11-13,-0.667810
1992-11-16,-1.079313
1992-11-17,-1.410868
1992-11-18,-0.569046
1992-11-19,-0.390341
1992-11-20,0.000000
1992-11-23,-0.358608
1992-11-24,0.000000
1992-11-25,0.000000
1992-11-27,0.000000
1992-11-30,0.000000
1992-12-01,-0.132145
1992-12-02,-0.338470
1992-12-03,-0.333836
1992-12-04,0.000000
1992-12-07,0.000000
1992-12-08,0.000000
1992-12-09,-0.306642
1992-12-10,-0.537764
1992-12-11,-0.746008
1992-12-14,-0.949677
1992-12-15,-1.011461
1992-12-16,-1.251745
1992-12-17,-0.356987
1992-12-18,0.000000
1992-12-21,-0.131433
1992-12-22,-0.219815
1992-12-23,-0.509880
1992-12-24,-0.342189
1992-12-28,-0.482688
1992-12-29,-0.747822
1992-12-30,-0.557467
1992-12-31,-1.262239
1993-01-04,-1.337018
1993-01-05,-1.572698
1993-01-06,-1.531909
1993-01-07,-2.390770
1993-01-08,-2.771485
1993-01-11,-2.340914
1993-01-12,-2.320520
1993-01-13,-1.869561
1993-01-14,-1.210115
1993-01-15,-0.935915
1993-01-18,-1.006165
1993-01-19,-1.393672
1993-01-20,-1.792514
1993-01-21,-1.312094
1993-01-22,-1.171595
1993-01-25,-0.287797
1993-01-26,-0.301393
1993-01-27,-0.718368
1993-01-28,-0.593726
1993-01-29,-0.566534
1993-02-01,0.000000
1993-02-02,0.000000
1993-02-03,0.000000
1993-02-04,0.000000
1993-02-05,-0.140138
1993-02-08,-0.380370
1993-02-09,-0.940922
1993-02-10,-0.740721
1993-02-11,-0.422634
1993-02-12,-1.107752
1993-02-16,-3.481180
1993-02-17,-3.616872
1993-02-18,-3.928286
1993-02-19,-3.412225
1993-02-22,-3.185339
1993-02-23,-3.283212
1993-02-24,-1.933002
1993-02-25,-1.606015
1993-02-26,-1.374676
1993-03-01,-1.679417
1993-03-02,-0.369251
1993-03-03,-0.066729
1993-03-04,-0.493817
1993-03-05,-0.767420
1993-03-08,0.000000
1993-03-09,-0.068175
1993-03-10,0.000000
1993-03-11,-0.571951
1993-03-12,-1.424408
1993-03-15,-1.073783
1993-03-16,-1.086931
1993-03-17,-1.757498
1993-03-18,-0.972974
1993-03-19,-1.347708
1993-03-22,-1.632587
1993-03-23,-1.658882
1993-03-24,-1.810089
1993-03-25,-1.194307
1993-03-26,-1.873641
1993-03-29,-1.218416
1993-03-30,-0.955446
1993-03-31,-1.021185
1993-04-01,-1.321412
1993-04-02,-3.273940
1993-04-05,-3.076716
1993-04-06,-3.324345
1993-04-07,-2.980294
1993-04-08,-3.175332
1993-04-12,-1.744350
1993-04-13,-1.558080
1993-04-14,-1.680797
1993-04-15,-1.737776
1993-04-16,-1.619439
1993-04-19,-1.943768
1993-04-20,-2.460934
1993-04-21,-2.783070
1993-04-22,-3.696885
1993-04-23,-4.229393
1993-04-26,-4.994188
1993-04-27,-4.014634
1993-04-28,-4.012447
1993-04-29,-3.821790
1993-04-30,-3.536911
1993-05-03,-3.039466
1993-05-04,-2.691035
1993-05-05,-2.588039
1993-05-06,-2.864150
1993-05-07,-3.072336
1993-05-10,-2.964959
1993-05-11,-2.623102
1993-05-12,-2.526680
1993-05-13,-3.747283
1993-05-14,-3.674970
1993-05-17,-3.497467
1993-05-18,-3.508422
1993-05-19,-1.919659
1993-05-20,-1.257860
1993-05-21,-2.298773
1993-05-24,-1.825431
1993-05-25,-1.639161
1993-05-26,-0.633310
1993-05-27,-0.859024
1993-05-28,-1.345514
1993-06-01,-0.547849
1993-06-02,-0.543462
1993-06-03,-0.841496
1993-06-04,-1.374003
1993-06-07,-1.893363
1993-06-08,-2.546402
1993-06-09,-2.311921
1993-06-10,-2.399575
1993-06-11,-1.987592
1993-06-14,-1.888983
1993-06-15,-2.204545
1993-06-16,-1.950342
1993-06-17,-1.707093
1993-06-18,-2.772115
1993-06-21,-2.215499
1993-06-22,-2.279051
1993-06-23,-2.879492
1993-06-24,-2.127844
1993-06-25,-1.913085
1993-06-28,-0.981742
1993-06-29,-1.235944
1993-06-30,-1.271007
1993-07-01,-1.601911
1993-07-02,-2.298773
1993-07-06,-3.265180
1993-07-07,-2.958385
1993-07-08,-1.685178
1993-07-09,-1.801328
1993-07-12,-1.610671
1993-07-13,-1.805709
1993-07-14,-1.369623
1993-07-15,-1.558080
1993-07-16,-2.318495
1993-07-19,-2.257136
1993-07-20,-1.976637
1993-07-21,-2.005127
1993-07-22,-2.590226
1993-07-23,-2.022655
1993-07-26,-1.586569
1993-07-27,-1.772839
1993-07-28,-2.002933
1993-07-29,-1.334560
1993-07-30,-1.796941
1993-08-02,-1.354282
1993-08-03,-1.547126
1993-08-04,-1.707093
1993-08-05,-1.796941
1993-08-06,-1.676417
1993-08-09,-1.229370
1993-08-10,-1.507675
1993-08-11,-1.286349
1993-08-12,-1.615058
1993-08-13,-1.356468
1993-08-16,-0.865598
1993-08-17,-0.701243
1993-08-18,-0.063546
1993-08-19,0.000000
1993-08-20,-0.059152
1993-08-23,-0.262906
1993-08-24,0.000000
1993-08-25,0.000000
1993-08-26,0.000000
1993-08-27,-0.108450
1993-08-30,0.000000
1993-08-31,0.000000
1993-09-01,-0.088447
1993-09-02,-0.487533
1993-09-03,-0.478903
1993-09-07,-1.087240
1993-09-08,-1.490639
1993-09-09,-1.307274
1993-09-10,-0.396927
1993-09-13,-0.323583
1993-09-14,-0.789543
1993-09-15,-0.422813
1993-09-16,-0.890932
1993-09-17,-1.020367
1993-09-20,-1.835795
1993-09-21,-2.288805
1993-09-22,-1.587709
1993-09-23,-1.255503
1993-09-24,-1.279229
1993-09-27,-0.379673
1993-09-28,-0.437915
1993-09-29,-0.744243
1993-09-30,-0.998793
1993-10-01,-0.491846
1993-10-04,-0.478903
1993-10-05,-0.509100
1993-10-06,-0.608337
1993-10-07,-0.944863
1993-10-08,-0.701096
1993-10-11,-0.578133
1993-10-12,-0.526362
1993-10-13,-0.446546
1993-10-14,0.000000
1993-10-15,0.000000
1993-10-18,-0.223640
1993-10-19,-0.700747
1993-10-20,-0.730563
1993-10-21,-0.881792
1993-10-22,-1.326946
1993-10-25,-1.128858
1993-10-26,-1.107564
1993-10-27,-1.041537
1993-10-28,-0.376994
1993-10-29,-0.355700
1993-11-01,-0.085196
1993-11-02,-0.225772
1993-11-03,-1.380194
1993-11-04,-2.558043
1993-11-05,-2.115014
1993-11-08,-1.978703
1993-11-09,-1.953144
1993-11-10,-1.231097
1993-11-11,-1.461126
1993-11-12,-0.875396
1993-11-15,-1.224707
1993-11-16,-0.587862
1993-11-17,-0.998935
1993-11-18,-1.252397
1993-11-19,-1.469647
1993-11-22,-2.208732
1993-11-23,-1.804047
1993-11-24,-1.520770
1993-11-26,-1.371672
1993-11-29,-1.618745
1993-11-30,-1.642171
1993-12-01,-1.620870
1993-12-02,-1.361026
1993-12-03,-0.981892
1993-12-06,-0.653889
1993-12-07,-0.583597
1993-12-08,-0.683704
1993-12-09,-1.133122
1993-12-10,-1.186370
1993-12-13,-0.809369
1993-12-14,-1.371672
1993-12-15,-1.631524
1993-12-16,-1.312035
1993-12-17,-0.664536
1993-12-20,-0.777422
1993-12-21,-0.894571
1993-12-22,-0.464322
1993-12-23,-0.451543
1993-12-27,0.000000
1993-12-28,0.000000
1993-12-29,-0.076446
1993-12-30,-0.488382
1993-12-31,-0.953410
1994-01-03,-1.167877
1994-01-04,-0.859979
1994-01-05,-0.719840
1994-01-06,-0.811145
1994-01-07,-0.220837
1994-01-10,0.000000
1994-01-11,-0.239860
1994-01-12,-0.231442
1994-01-13,-0.589136
1994-01-14,-0.075743
1994-01-17,-0.414501
1994-01-18,-0.214613
1994-01-19,-0.204095
1994-01-20,-0.061013
1994-01-21,-0.115721
1994-01-24,-0.694340
1994-01-25,-0.915264
1994-01-26,-0.435537
1994-01-27,0.000000
1994-01-28,0.000000
1994-01-31,0.000000
1994-02-01,-0.413195
1994-02-02,0.000000
1994-02-03,-0.267637
1994-02-04,-2.529046
1994-02-07,-2.124479
1994-02-08,-2.271787
1994-02-09,-1.914940
1994-02-10,-2.711620
1994-02-11,-2.452284
1994-02-14,-2.441906
1994-02-15,-1.966807
1994-02-16,-1.910787
1994-02-17,-2.419088
1994-02-18,-2.968879
1994-02-22,-2.186724
1994-02-23,-2.346473
1994-02-24,-3.680496
1994-02-25,-3.304978
1994-02-28,-3.082984
1994-03-01,-3.643153
1994-03-02,-3.566390
1994-03-03,-3.939832
1994-03-04,-3.580915
1994-03-07,-3.130705
1994-03-08,-3.344397
1994-03-09,-3.099585
1994-03-10,-3.755188
1994-03-11,-3.228215
1994-03-14,-3.031117
1994-03-15,-3.109956
1994-03-16,-2.609956
1994-03-17,-2.302906
1994-03-18,-2.269710
1994-03-21,-2.792529
1994-03-22,-2.738592
1994-03-23,-2.792529
1994-03-24,-3.661824
1994-03-25,-4.443986
1994-03-28,-4.564315
1994-03-29,-6.124479
1994-03-30,-7.562243
1994-03-31,-7.516600
1994-04-04,-8.937757
1994-04-05,-6.993774
1994-04-06,-7.043571
1994-04-07,-6.456430
1994-04-08,-7.240663
1994-04-11,-6.665976
1994-04-12,-7.143152
1994-04-13,-7.414936
1994-04-14,-7.390040
1994-04-15,-7.431537
1994-04-18,-8.203321
1994-04-19,-8.186720
1994-04-20,-8.307056
1994-04-21,-6.902487
1994-04-22,-7.130704
1994-04-25,-6.076765
1994-04-26,-6.251038
1994-04-28,-6.825725
1994-04-29,-6.450207
1994-05-02,-6.012450
1994-05-03,-6.010374
1994-05-04,-6.282157
1994-05-05,-6.352696
1994-05-06,-7.091285
1994-05-09,-8.232364
1994-05-10,-7.466803
1994-05-11,-8.404566
1994-05-12,-7.935685
1994-05-13,-7.854769
1994-05-16,-7.782160
1994-05-17,-6.769711
1994-05-18,-5.873444
1994-05-19,-5.294604
1994-05-20,-5.618255
1994-05-23,-5.975101
1994-05-24,-5.641079
1994-05-25,-5.323652
1994-05-26,-5.174274
1994-05-27,-5.118260
1994-05-31,-5.290456
1994-06-01,-5.056016
1994-06-02,-5.051868
1994-06-03,-4.537343
1994-06-06,-4.796679
1994-06-07,-4.935687
1994-06-08,-5.174274
1994-06-09,-5.008302
1994-06-10,-4.840246
1994-06-13,-4.751036
1994-06-14,-4.072615
1994-06-15,-4.437762
1994-06-16,-4.163902
1994-06-17,-4.885890
1994-06-20,-5.502072
1994-06-21,-6.360997
1994-06-22,-5.997926
1994-06-23,-6.715767
1994-06-24,-8.132783
1994-06-27,-7.197096
1994-06-28,-7.454355
1994-06-29,-7.130704
1994-06-30,-7.827803
1994-07-01,-7.427383
1994-07-05,-7.392117
1994-07-06,-7.441908
1994-07-07,-6.975103
1994-07-08,-6.732368
1994-07-11,-7.041494
1994-07-12,-7.064313
1994-07-13,-6.902487
1994-07-14,-5.931534
1994-07-15,-5.775933
1994-07-18,-5.556016
1994-07-19,-5.838177
1994-07-20,-6.307053
1994-07-21,-6.097513
1994-07-22,-5.993779
1994-07-25,-5.757261
1994-07-26,-5.941912
1994-07-27,-6.105808
1994-07-28,-5.759338
1994-07-29,-4.925309
1994-08-01,-4.354770
1994-08-02,-4.448133
1994-08-03,-4.263483
1994-08-04,-4.896267
1994-08-05,-5.168051
1994-08-08,-5.002072
1994-08-09,-4.995848
1994-08-10,-4.502077
1994-08-11,-4.796679
1994-08-12,-4.161825
1994-08-15,-4.309126
1994-08-16,-3.524894
1994-08-17,-3.491699
1994-08-18,-3.906636
1994-08-19,-3.800831
1994-08-22,-4.082986
1994-08-23,-3.628629
1994-08-24,-2.690872
1994-08-25,-2.887970
1994-08-26,-1.701247
1994-08-29,-1.537345
1994-08-30,-1.230289
1994-08-31,-1.350624
1994-09-01,-1.831948
1994-09-02,-2.284234
1994-09-06,-2.103738
1994-09-07,-2.284234
1994-09-08,-1.838171
1994-09-09,-2.867221
1994-09-12,-3.275935
1994-09-13,-3.006222
1994-09-14,-2.738592
1994-09-15,-1.491702
1994-09-16,-2.242738
1994-09-19,-2.313277
1994-09-20,-3.867223
1994-09-21,-4.261413
1994-09-22,-4.300832
1994-09-23,-4.632777
1994-09-26,-4.394189
1994-09-27,-4.139007
1994-09-28,-3.560167
1994-09-29,-4.099587
1994-09-30,-4.002077
1994-10-03,-4.203322
1994-10-04,-5.686723
1994-10-05,-5.908716
1994-10-06,-6.149381
1994-10-07,-5.580912
1994-10-10,-4.763484
1994-10-11,-3.363069
1994-10-12,-3.429460
1994-10-13,-2.948131
1994-10-14,-2.676347
1994-10-17,-2.705396
1994-10-18,-2.975103
1994-10-19,-2.431535
1994-10-20,-3.143152
1994-10-21,-3.549789
1994-10-24,-4.392119
1994-10-25,-4.246888
1994-10-26,-4.020748
1994-10-27,-3.350621
1994-10-28,-1.707471
1994-10-31,-2.002073
1994-11-01,-2.817425
1994-11-02,-3.213691
1994-11-03,-2.923236
1994-11-04,-4.091287
1994-11-07,-3.927384
1994-11-08,-3.392117
1994-11-09,-3.443985
1994-11-10,-3.657677
1994-11-11,-4.076762
1994-11-14,-3.311201
1994-11-15,-3.520747
1994-11-16,-3.398341
1994-11-17,-3.823650
1994-11-18,-4.259336
1994-11-21,-4.917015
1994-11-22,-6.620333
1994-11-23,-6.653528
1994-11-25,-6.163899
1994-11-28,-5.775933
1994-11-29,-5.566387
1994-11-30,-5.873444
1994-12-01,-6.863068
1994-12-02,-5.954359
1994-12-05,-5.950206
1994-12-06,-5.993779
1994-12-07,-6.383815
1994-12-08,-7.582985
1994-12-09,-7.269711
1994-12-12,-6.748962
1994-12-13,-6.607885
1994-12-14,-5.607884
1994-12-15,-5.531121
1994-12-16,-4.813280
1994-12-19,-4.997924
1994-12-20,-5.165974
1994-12-21,-4.645231
1994-12-22,-4.630707
1994-12-23,-4.599588
1994-12-27,-4.051867
1994-12-28,-4.385895
1994-12-29,-4.321574
1994-12-30,-4.715770
1995-01-03,-4.748966
1995-01-04,-4.417014
1995-01-05,-4.493777
1995-01-06,-4.423238
1995-01-09,-4.392119
1995-01-10,-4.215769
1995-01-11,-4.219916
1995-01-12,-4.224063
1995-01-13,-3.325726
1995-01-16,-2.618256
1995-01-17,-2.479256
1995-01-18,-2.549794
1995-01-19,-3.122404
1995-01-20,-3.572614
1995-01-23,-3.356845
1995-01-24,-3.348551
1995-01-25,-3.020746
1995-01-26,-2.838173
1995-01-27,-2.408711
1995-01-30,-2.798753
1995-01-31,-2.402487
1995-02-01,-2.406640
1995-02-02,-1.647559
1995-02-03,0.000000
1995-02-06,0.000000
1995-02-07,-0.068591
1995-02-08,0.000000
1995-02-09,-0.207818
1995-02-10,0.000000
1995-02-13,0.000000
1995-02-14,0.000000
1995-02-15,0.000000
1995-02-16,0.000000
1995-02-17,-0.669799
1995-02-21,-0.515230
1995-02-22,-0.030913
1995-02-23,0.000000
1995-02-24,0.000000
1995-02-27,-0.880946
1995-02-28,-0.147502
1995-03-01,-0.503983
1995-03-02,-0.610514
1995-03-03,-0.551100
1995-03-06,-0.508078
1995-03-07,-1.227180
1995-03-08,-1.018207
1995-03-09,-1.014112
1995-03-10,0.000000
1995-03-13,0.000000
1995-03-14,0.000000
1995-03-15,-0.204916
1995-03-16,0.000000
1995-03-17,0.000000
1995-03-20,0.000000
1995-03-21,-0.215667
1995-03-22,-0.094732
1995-03-23,-0.038296
1995-03-24,0.000000
1995-03-27,0.000000
1995-03-28,0.000000
1995-03-29,-0.154792
1995-03-30,-0.333398
1995-03-31,-0.633063
1995-04-03,-0.406824
1995-04-04,0.000000
1995-04-05,0.000000
1995-04-06,0.000000
1995-04-07,0.000000
1995-04-10,0.000000
1995-04-11,-0.291910
1995-04-12,0.000000
1995-04-13,0.000000
1995-04-17,-0.608763
1995-04-18,-0.758010
1995-04-19,-0.846375
1995-04-20,-0.773718
1995-04-21,-0.145322
1995-04-24,0.000000
1995-04-25,-0.154037
1995-04-26,-0.044852
1995-04-27,0.000000
1995-04-28,0.000000
1995-05-01,-0.087430
1995-05-02,0.000000
1995-05-03,0.000000
1995-05-04,0.000000
1995-05-05,-0.080682
1995-05-08,0.000000
1995-05-09,-0.076346
1995-05-10,0.000000
1995-05-11,0.000000
1995-05-12,0.000000
1995-05-15,0.000000
1995-05-16,0.000000
1995-05-17,-0.212044
1995-05-18,-1.630092
1995-05-19,-1.703932
1995-05-22,-0.859535
1995-05-23,0.000000
1995-05-24,0.000000
1995-05-25,-0.003776
1995-05-26,-0.938303
1995-05-30,-0.951546
1995-05-31,0.000000
1995-06-01,0.000000
1995-06-02,-0.183692
1995-06-05,0.000000
1995-06-06,-0.009333
1995-06-07,-0.461160
1995-06-08,-0.606796
1995-06-09,-1.430167
1995-06-12,-0.881249
1995-06-13,0.000000
1995-06-14,0.000000
1995-06-15,0.000000
1995-06-16,0.000000
1995-06-19,0.000000
1995-06-20,-0.044017
1995-06-21,-0.227429
1995-06-22,0.000000
1995-06-23,-0.246790
1995-06-26,-1.259368
1995-06-27,-1.567861
1995-06-28,-1.150494
1995-06-29,-1.306551
1995-06-30,-1.146861
1995-07-03,-0.722228
1995-07-05,-0.691382
1995-07-06,0.000000
1995-07-07,0.000000
1995-07-10,0.000000
1995-07-11,-0.432523
1995-07-12,0.000000
1995-07-13,0.000000
1995-07-14,-0.197858
1995-07-17,0.000000
1995-07-18,-0.757028
1995-07-19,-2.086294
1995-07-20,-1.631361
1995-07-21,-1.617141
1995-07-24,-1.082237
1995-07-25,-0.287887
1995-07-26,-0.197254
1995-07-27,0.000000
1995-07-28,-0.405148
1995-07-31,-0.559070
1995-08-01,-0.987218
1995-08-02,-1.135838
1995-08-03,-1.144682
1995-08-04,-1.111066
1995-08-07,-0.918216
1995-08-08,-0.854527
1995-08-09,-0.974833
1995-08-10,-1.374679
1995-08-11,-1.788682
1995-08-14,-0.969531
1995-08-15,-1.176527
1995-08-16,-0.928842
1995-08-17,-1.093378
1995-08-18,-1.063294
1995-08-21,-1.257915
1995-08-22,-1.008448
1995-08-23,-1.429524
1995-08-24,-1.372908
1995-08-25,-0.905841
1995-08-28,-1.091607
1995-08-29,-0.923529
1995-08-30,-0.760764
1995-08-31,-0.590914
1995-09-01,-0.244143
1995-09-05,0.000000
1995-09-06,0.000000
1995-09-07,0.000000
1995-09-08,0.000000
1995-09-11,0.000000
1995-09-12,0.000000
1995-09-13,0.000000
1995-09-14,0.000000
1995-09-15,-0.044552
1995-09-18,-0.143926
1995-09-19,0.000000
1995-09-20,0.000000
1995-09-21,-0.642504
1995-09-22,-0.858946
1995-09-25,-0.845309
1995-09-26,-0.913483
1995-09-27,-0.976540
1995-09-28,-0.153386
1995-09-29,-0.402210
1995-10-02,-0.860652
1995-10-03,-0.754979
1995-10-04,-0.903258
1995-10-05,-0.705560
1995-10-06,-0.729422
1995-10-09,-1.431570
1995-10-10,-1.576427
1995-10-11,-1.245803
1995-10-12,-0.625465
1995-10-13,-0.386867
1995-10-16,-0.637386
1995-10-17,0.000000
1995-10-18,0.000000
1995-10-19,0.000000
1995-10-20,-0.540083
1995-10-23,-0.946419
1995-10-24,-0.695851
1995-10-25,-1.384924
1995-10-26,-2.358428
1995-10-27,-1.853892
1995-10-30,-1.252861
1995-10-31,-1.549145
1995-11-01,-1.088640
1995-11-02,-0.157463
1995-11-03,-0.013547
1995-11-06,-0.370778
1995-11-07,-0.733094
1995-11-08,0.000000
1995-11-09,0.000000
1995-11-10,-0.091029
1995-11-13,-0.161821
1995-11-14,-0.669189
1995-11-15,0.000000
1995-11-16,0.000000
1995-11-17,0.000000
1995-11-20,-0.536609
1995-11-21,0.000000
1995-11-22,-0.306538
1995-11-24,-0.044985
1995-11-27,0.000000
1995-11-28,0.000000
1995-11-29,0.000000
1995-11-30,-0.373580
1995-12-01,-0.108623
1995-12-04,0.000000
1995-12-05,0.000000
1995-12-06,0.000000
1995-12-07,-0.646588
1995-12-08,-0.435360
1995-12-11,-0.106416
1995-12-12,-0.225735
1995-12-13,0.000000
1995-12-14,-0.767266
1995-12-15,-0.860553
1995-12-18,-2.393476
1995-12-19,-1.569916
1995-12-20,-2.533417
1995-12-21,-1.801543
1995-12-22,-1.566696
1995-12-26,-1.188698
1995-12-27,-1.151695
1995-12-28,-1.217650
1995-12-29,-0.926508
1996-01-02,-0.154421
1996-01-03,-0.059514
1996-01-04,-0.641797
1996-01-05,-0.801039
1996-01-08,-0.519548
1996-01-09,-1.968825
1996-01-10,-3.733375
1996-01-11,-3.056186
1996-01-12,-3.197736
1996-01-15,-3.517830
1996-01-16,-2.131287
1996-01-17,-2.464252
1996-01-18,-2.163460
1996-01-19,-1.585997
1996-01-22,-1.333458
1996-01-23,-1.431586
1996-01-24,-0.278271
1996-01-25,-0.749565
1996-01-26,-0.011261
1996-01-29,0.000000
1996-01-30,0.000000
1996-01-31,0.000000
1996-02-01,0.000000
1996-02-02,-0.410362
1996-02-05,0.000000
1996-02-06,0.000000
1996-02-07,0.000000
1996-02-08,0.000000
1996-02-09,0.000000
1996-02-12,0.000000
1996-02-13,-0.142112
1996-02-14,-0.887443
1996-02-15,-1.531485
1996-02-16,-2.036440
1996-02-20,-3.144605
1996-02-21,-2.018299
1996-02-22,-0.391568
1996-02-23,-0.358303
1996-02-26,-1.661500
1996-02-27,-2.148314
1996-02-28,-2.524758
1996-02-29,-3.177870
1996-03-01,-2.582208
1996-03-04,-1.608589
1996-03-05,-0.855701
1996-03-06,-1.428681
1996-03-07,-1.179226
1996-03-08,-4.225567
1996-03-11,-3.239851
1996-03-12,-3.682816
1996-03-13,-3.462094
1996-03-14,-3.111349
1996-03-15,-3.026687
1996-03-18,-1.330409
1996-03-19,-1.475548
1996-03-20,-1.734074
1996-03-21,-1.853505
1996-03-22,-1.637315
1996-03-25,-1.725003
1996-03-26,-1.282038
1996-03-27,-1.895841
1996-03-28,-1.891301
1996-03-29,-2.411371
1996-04-01,-1.167138
1996-04-02,-0.935823
1996-04-03,-0.842090
1996-04-04,-0.845117
1996-04-08,-2.601863
1996-04-09,-2.911786
1996-04-10,-4.225567
1996-04-11,-4.576312
1996-04-12,-3.740266
1996-04-15,-2.866433
1996-04-16,-2.486962
1996-04-17,-2.999475
1996-04-18,-2.697109
1996-04-19,-2.476378
1996-04-22,-2.050041
1996-04-23,-1.492175
1996-04-24,-1.705349
1996-04-25,-1.297153
1996-04-26,-1.207951
1996-04-29,-1.102130
1996-04-30,-1.100617
1996-05-01,-1.038626
1996-05-02,-2.731878
1996-05-03,-2.996448
1996-05-06,-3.120419
1996-05-07,-3.505934
1996-05-08,-2.521731
1996-05-09,-2.420441
1996-05-10,-1.415071
1996-05-13,0.000000
1996-05-14,0.000000
1996-05-15,-0.027042
1996-05-16,-0.112680
1996-05-17,0.000000
1996-05-20,0.000000
1996-05-21,-0.057939
1996-05-22,0.000000
1996-05-23,-0.356709
1996-05-24,0.000000
1996-05-28,-0.925562
1996-05-29,-1.559302
1996-05-30,-1.003669
1996-05-31,-1.383917
1996-06-03,-1.596147
1996-06-04,-0.876923
1996-06-05,-0.010318
1996-06-06,-0.807649
1996-06-07,-0.766387
1996-06-10,-0.935880
1996-06-11,-1.111264
1996-06-12,-1.395710
1996-06-13,-1.560777
1996-06-14,-1.865858
1996-06-17,-1.967552
1996-06-18,-2.424432
1996-06-19,-2.439166
1996-06-20,-2.418540
1996-06-21,-1.719943
1996-06-24,-1.423713
1996-06-25,-1.478243
1996-06-26,-2.081030
1996-06-27,-1.467926
1996-06-28,-1.161369
1996-07-01,-0.387615
1996-07-02,-0.722174
1996-07-03,-0.900500
1996-07-05,-3.105335
1996-07-08,-3.827509
1996-07-09,-3.501792
1996-07-10,-3.308722
1996-07-11,-4.840021
1996-07-12,-4.763380
1996-07-15,-7.178969
1996-07-16,-7.389724
1996-07-17,-6.549646
1996-07-18,-5.150994
1996-07-19,-5.862851
1996-07-22,-6.593859
1996-07-23,-7.610796
1996-07-24,-7.643216
1996-07-25,-6.977057
1996-07-26,-6.279935
1996-07-29,-7.015377
1996-07-30,-6.374261
1996-07-31,-5.683040
1996-08-01,-4.198905
1996-08-02,-2.361059
1996-08-05,-2.694143
1996-08-06,-2.377269
1996-08-07,-2.114934
1996-08-08,-2.346315
1996-08-09,-2.418540
1996-08-12,-1.877642
1996-08-13,-2.698560
1996-08-14,-2.425907
1996-08-15,-2.392003
1996-08-16,-1.960176
1996-08-19,-1.758263
1996-08-20,-1.889435
1996-08-21,-1.980811
1996-08-22,-1.154002
1996-08-23,-1.691940
1996-08-26,-2.156196
1996-08-27,-1.784791
1996-08-28,-2.019132
1996-08-29,-3.111227
1996-08-30,-3.908567
1996-09-03,-3.506218
1996-09-04,-3.375046
1996-09-05,-4.284389
1996-09-06,-3.364728
1996-09-09,-2.173881
1996-09-10,-2.166514
1996-09-11,-1.655094
1996-09-12,-1.084728
1996-09-13,0.000000
1996-09-16,0.000000
1996-09-17,-0.152048
1996-09-18,-0.366971
1996-09-19,-0.143276
1996-09-20,0.000000
1996-09-23,-0.080062
1996-09-24,-0.206693
1996-09-25,-0.174667
1996-09-26,-0.170305
1996-09-27,-0.122269
1996-09-30,0.000000
1996-10-01,0.000000
1996-10-02,0.000000
1996-10-03,-0.177228
1996-10-04,0.000000
1996-10-07,0.000000
1996-10-08,-0.383884
1996-10-09,-0.938385
1996-10-10,-1.241226
1996-10-11,-0.381047
1996-10-14,0.000000
1996-10-15,-0.137870
1996-10-16,0.000000
1996-10-17,0.000000
1996-10-18,0.000000
1996-10-21,-0.136466
1996-10-22,-0.597901
1996-10-23,-0.499421
1996-10-24,-1.200027
1996-10-25,-1.392761
1996-10-28,-1.907656
1996-10-29,-1.311163
1996-10-30,-1.395569
1996-10-31,-0.780787
1996-11-01,-0.991810
1996-11-04,-0.575396
1996-11-05,0.000000
1996-11-06,0.000000
1996-11-07,0.000000
1996-11-08,0.000000
1996-11-11,0.000000
1996-11-12,-0.315629
1996-11-13,-0.101109
1996-11-14,0.000000
1996-11-15,0.000000
1996-11-18,-0.081339
1996-11-19,0.000000
1996-11-20,0.000000
1996-11-21,-0.161303
1996-11-22,0.000000
1996-11-25,0.000000
1996-11-26,-0.141343
1996-11-27,-0.268157
1996-11-29,-0.001322
1996-12-02,-0.062089
1996-12-03,-1.155833
1996-12-04,-1.575902
1996-12-05,-1.671007
1996-12-06,-2.302426
1996-12-09,-0.960334
1996-12-10,-1.253590
1996-12-11,-2.153158
1996-12-12,-3.663004
1996-12-13,-3.750183
1996-12-16,-4.762037
1996-12-17,-4.093636
1996-12-18,-3.367112
1996-12-19,-1.488715
1996-12-20,-1.077901
1996-12-23,-1.335488
1996-12-24,-0.792571
1996-12-26,-0.159838
1996-12-27,-0.031710
1996-12-30,-0.420070
1996-12-31,-2.151835
1997-01-02,-2.644548
1997-01-03,-1.188856
1997-01-06,-1.239053
1997-01-07,-0.501968
1997-01-08,-1.138668
1997-01-09,-0.287974
1997-01-10,0.000000
1997-01-13,0.000000
1997-01-14,0.000000
1997-01-15,-0.215901
1997-01-16,0.000000
1997-01-17,0.000000
1997-01-20,0.000000
1997-01-21,0.000000
1997-01-22,0.000000
1997-01-23,-1.102728
1997-01-24,-1.998138
1997-01-27,-2.697679
1997-01-28,-2.697679
1997-01-29,-1.746306
1997-01-30,-0.262009
1997-01-31,-0.008904
1997-02-03,0.000000
1997-02-04,0.000000
1997-02-05,-1.391174
1997-02-06,-1.154244
1997-02-07,0.000000
1997-02-10,-0.523077
1997-02-11,0.000000
1997-02-12,0.000000
1997-02-13,0.000000
1997-02-14,-0.411425
1997-02-18,0.000000
1997-02-19,-0.465519
1997-02-20,-1.652598
1997-02-21,-1.778775
1997-02-24,-0.736252
1997-02-25,-0.521867
1997-02-26,-1.299781
1997-02-27,-2.599563
1997-02-28,-3.120211
1997-03-03,-2.570163
1997-03-04,-3.104285
1997-03-05,-1.751827
1997-03-06,-2.172020
1997-03-07,-1.386763
1997-03-10,-0.323409
1997-03-11,-0.606396
1997-03-12,-1.473737
1997-03-13,-3.274569
1997-03-14,-2.832326
1997-03-17,-2.521157
1997-03-18,-3.262322
1997-03-19,-3.738862
1997-03-20,-4.121079
1997-03-21,-3.943452
1997-03-24,-3.111635
1997-03-25,-3.334596
1997-03-26,-3.159414
1997-03-27,-5.195454
1997-03-31,-7.248647
1997-04-01,-6.939931
1997-04-02,-8.107412
1997-04-03,-8.081683
1997-04-04,-7.153090
1997-04-07,-6.634894
1997-04-08,-6.146098
1997-04-09,-6.822331
1997-04-10,-7.099187
1997-04-11,-9.633826
1997-04-14,-8.888998
1997-04-15,-7.542664
1997-04-16,-6.463383
1997-04-17,-6.678994
1997-04-18,-6.119143
1997-04-21,-6.850505
1997-04-22,-5.106028
1997-04-23,-5.224854
1997-04-24,-5.526221
1997-04-25,-6.237977
1997-04-28,-5.308157
1997-04-29,-2.724521
1997-04-30,-1.831451
1997-05-01,-2.175691
1997-05-02,-0.406719
1997-05-05,0.000000
1997-05-06,-0.304709
1997-05-07,-1.766851
1997-05-08,-1.208008
1997-05-09,-0.663617
1997-05-12,0.000000
1997-05-13,-0.540788
1997-05-14,-0.193395
1997-05-15,0.000000
1997-05-16,-1.440824
1997-05-19,-1.022709
1997-05-20,-0.026136
1997-05-21,-0.300521
1997-05-22,-0.738826
1997-05-23,0.000000
1997-05-27,0.000000
1997-05-28,-0.294218
1997-05-29,-0.662580
1997-05-30,-0.168292
1997-06-02,-0.394257
1997-06-03,-0.497822
1997-06-04,-1.129802
1997-06-05,-0.739079
1997-06-06,0.000000
1997-06-09,0.000000
1997-06-10,0.000000
1997-06-11,0.000000
1997-06-12,0.000000
1997-06-13,0.000000
1997-06-16,0.000000
1997-06-17,0.000000
1997-06-18,-0.599269
1997-06-19,0.000000
1997-06-20,0.000000
1997-06-23,-2.234340
1997-06-24,-0.262600
1997-06-25,-1.080452
1997-06-26,-1.671305
1997-06-27,-1.268502
1997-06-30,-1.508846
1997-07-01,-0.853453
1997-07-02,0.000000
1997-07-03,0.000000
1997-07-07,-0.514764
1997-07-08,0.000000
1997-07-09,-1.220138
1997-07-10,-0.540949
1997-07-11,-0.225307
1997-07-14,-0.040272
1997-07-15,0.000000
1997-07-16,0.000000
1997-07-17,-0.531721
1997-07-18,-2.273144
1997-07-21,-2.525120
1997-07-22,-0.278676
1997-07-23,-0.003206
1997-07-24,0.000000
1997-07-25,-0.160588
1997-07-28,-0.409441
1997-07-29,0.000000
1997-07-30,0.000000
1997-07-31,0.000000
1997-08-01,-0.751326
1997-08-04,-0.420200
1997-08-05,-0.203289
1997-08-06,0.000000
1997-08-07,-0.950725
1997-08-08,-2.788657
1997-08-11,-2.428358
1997-08-12,-3.518616
1997-08-13,-3.988253
1997-08-14,-3.701890
1997-08-15,-6.196894
1997-08-18,-4.980633
1997-08-19,-3.572767
1997-08-20,-2.183650
1997-08-21,-3.672736
1997-08-22,-3.829976
1997-08-25,-4.181943
1997-08-26,-4.925440
1997-08-27,-4.854631
1997-08-28,-5.899078
1997-08-29,-6.336433
1997-09-02,-3.409279
1997-09-03,-3.380126
1997-09-04,-3.066687
1997-09-05,-3.256208
1997-09-08,-3.032322
1997-09-09,-2.780324
1997-09-10,-4.299606
1997-09-11,-4.970216
1997-09-12,-3.791448
1997-09-15,-4.222549
1997-09-16,-1.528656
1997-09-17,-1.803566
1997-09-18,-1.356842
1997-09-19,-1.021534
1997-09-22,-0.509207
1997-09-23,-0.873669
1997-09-24,-1.649453
1997-09-25,-2.333601
1997-09-26,-1.572396
1997-09-29,-0.726839
1997-09-30,-1.357878
1997-10-01,-0.511291
1997-10-02,0.000000
1997-10-03,0.000000
1997-10-06,0.000000
1997-10-07,0.000000
1997-10-08,-0.943930
1997-10-09,-1.271462
1997-10-10,-1.641714
1997-10-13,-1.527791
1997-10-14,-1.306043
1997-10-15,-1.769878
1997-10-16,-2.834852
1997-10-17,-3.962896
1997-10-20,-2.798235
1997-10-21,-1.102609
1997-10-22,-1.488120
1997-10-23,-3.298681
1997-10-24,-4.219218
1997-10-27,-10.795224
1997-10-28,-6.232201
1997-10-29,-6.505820
1997-10-30,-8.080397
1997-10-31,-6.967613
1997-11-03,-4.488771
1997-11-04,-4.308730
1997-11-05,-4.105296
1997-11-06,-4.586415
1997-11-07,-5.656480
1997-11-10,-6.305435
1997-11-11,-6.035882
1997-11-12,-7.848480
1997-11-13,-6.760113
1997-11-14,-5.571041
1997-11-17,-3.755389
1997-11-18,-4.566077
1997-11-19,-3.919152
1997-11-20,-2.455449
1997-11-21,-2.037388
1997-11-24,-3.707585
1997-11-25,-3.285457
1997-11-26,-3.202049
1997-11-28,-2.819592
1997-12-01,-0.849334
1997-12-02,-1.163642
1997-12-03,-0.645900
1997-12-04,-1.019206
1997-12-05,0.000000
1997-12-08,-0.144338
1997-12-09,-0.814193
1997-12-10,-1.423068
1997-12-11,-2.932534
1997-12-12,-3.090087
1997-12-15,-2.073610
1997-12-16,-1.600951
1997-12-17,-1.855071
1997-12-18,-2.895942
1997-12-19,-3.761977
1997-12-22,-3.058576
1997-12-23,-4.539584
1997-12-24,-5.193178
1997-12-26,-4.810982
1997-12-29,-3.094157
1997-12-30,-1.316333
1997-12-31,-1.358012
1998-01-02,-0.889417
1998-01-05,-0.683070
1998-01-06,-1.749353
1998-01-07,-2.011606
1998-01-08,-2.819707
1998-01-09,-5.702434
1998-01-12,-4.531451
1998-01-13,-3.219181
1998-01-14,-2.627591
1998-01-15,-3.360473
1998-01-16,-2.264708
1998-01-20,-0.527552
1998-01-21,-1.319385
1998-01-22,-2.109190
1998-01-23,-2.663165
1998-01-26,-2.728221
1998-01-27,-1.501332
1998-01-28,-0.643426
1998-01-29,0.000000
1998-01-30,-0.528667
1998-02-02,0.000000
1998-02-03,0.000000
1998-02-04,0.000000
1998-02-05,-0.333702
1998-02-06,0.000000
1998-02-09,-0.169886
1998-02-10,0.000000
1998-02-11,0.000000
1998-02-12,0.000000
1998-02-13,-0.395453
1998-02-17,-0.134748
1998-02-18,0.000000
1998-02-19,-0.368181
1998-02-20,0.000000
1998-02-23,0.000000
1998-02-24,-0.730148
1998-02-25,0.000000
1998-02-26,0.000000
1998-02-27,0.000000
1998-03-02,-0.156290
1998-03-03,0.000000
1998-03-04,-0.445815
1998-03-05,-1.613084
1998-03-06,0.000000
1998-03-09,-0.320159
1998-03-10,0.000000
1998-03-11,0.000000
1998-03-12,0.000000
1998-03-13,-0.122445
1998-03-16,0.000000
1998-03-17,0.000000
1998-03-18,0.000000
1998-03-19,0.000000
1998-03-20,0.000000
1998-03-23,-0.328431
1998-03-24,0.000000
1998-03-25,-0.336451
1998-03-26,-0.438654
1998-03-27,-0.923446
1998-03-30,-1.089861
1998-03-31,-0.352736
1998-04-01,0.000000
1998-04-02,0.000000
1998-04-03,0.000000
1998-04-06,-0.117569
1998-04-07,-1.171275
1998-04-08,-1.874938
1998-04-09,-1.071516
1998-04-13,-1.158815
1998-04-14,-0.619039
1998-04-15,-0.301060
1998-04-16,-1.294193
1998-04-17,0.000000
1998-04-20,0.000000
1998-04-21,0.000000
1998-04-22,0.000000
1998-04-23,-0.969456
1998-04-24,-2.002584
1998-04-27,-3.891945
1998-04-28,-4.018438
1998-04-29,-3.177247
1998-04-30,-1.662041
1998-05-01,-0.843848
1998-05-04,-0.749208
1998-05-05,-1.330341
1998-05-06,-2.266173
1998-05-07,-3.131249
1998-05-08,-1.981356
1998-05-11,-2.114036
1998-05-12,-1.304686
1998-05-13,-1.033139
1998-05-14,-1.164934
1998-05-15,-1.929172
1998-05-18,-2.186574
1998-05-19,-1.859290
1998-05-20,-1.015442
1998-05-21,-1.406410
1998-05-22,-1.775264
1998-05-26,-3.230316
1998-05-27,-3.388651
1998-05-28,-2.913657
1998-05-29,-3.513373
1998-06-01,-3.499218
1998-06-02,-3.301083
1998-06-03,-4.228958
1998-06-04,-3.158675
1998-06-05,-1.475406
1998-06-08,-1.310884
1998-06-09,-1.072939
1998-06-10,-1.615158
1998-06-11,-3.180788
1998-06-12,-2.803976
1998-06-15,-4.734908
1998-06-16,-3.799076
1998-06-17,-2.072466
1998-06-18,-2.137920
1998-06-19,-2.643871
1998-06-22,-2.417436
1998-06-23,-0.977413
1998-06-24,0.000000
1998-06-25,-0.317772
1998-06-26,0.000000
1998-06-29,0.000000
1998-06-30,-0.408438
1998-07-01,0.000000
1998-07-02,-0.186322
1998-07-06,0.000000
1998-07-07,-0.230697
1998-07-08,0.000000
1998-07-09,-0.670446
1998-07-10,-0.175762
1998-07-13,-0.102031
1998-07-14,0.000000
1998-07-15,-0.235219
1998-07-16,0.000000
1998-07-17,0.000000
1998-07-20,-0.223301
1998-07-21,-1.826843
1998-07-22,-1.910263
1998-07-23,-3.960396
1998-07-24,-3.871915
1998-07-27,-3.326731
1998-07-28,-4.761745
1998-07-29,-5.185594
1998-07-30,-3.690756
1998-07-31,-5.568145
1998-08-03,-6.261644
1998-08-04,-9.659154
1998-08-05,-8.874653
1998-08-06,-8.183695
1998-08-07,-8.198867
1998-08-10,-8.730565
1998-08-11,-9.923743
1998-08-12,-8.639564
1998-08-13,-9.424054
1998-08-14,-10.448704
1998-08-17,-8.685903
1998-08-18,-7.208768
1998-08-19,-7.473347
1998-08-20,-8.017697
1998-08-21,-8.890669
1998-08-24,-8.309247
1998-08-25,-7.912368
1998-08-26,-8.642095
1998-08-27,-12.147464
1998-08-28,-13.449335
1998-08-31,-19.335999
1998-09-01,-16.219928
1998-09-02,-16.538447
1998-09-03,-17.231092
1998-09-04,-17.936380
1998-09-08,-13.759425
1998-09-09,-15.213818
1998-09-10,-17.405519
1998-09-11,-14.972825
1998-09-14,-13.231938
1998-09-15,-12.561192
1998-09-16,-11.903941
1998-09-17,-14.146198
1998-09-18,-14.043394
1998-09-21,-13.723192
1998-09-22,-13.239519
1998-09-23,-10.167266
1998-09-24,-12.136510
1998-09-25,-11.965452
1998-09-28,-11.633458
1998-09-29,-11.605644
1998-09-30,-14.302927
1998-10-01,-16.883083
1998-10-02,-15.517171
1998-10-05,-16.700232
1998-10-06,-17.034757
1998-10-07,-18.206868
1998-10-08,-19.153992
1998-10-09,-17.051610
1998-10-12,-15.929217
1998-10-13,-16.174427
1998-10-14,-15.270274
1998-10-15,-11.734570
1998-10-16,-10.982090
1998-10-19,-10.479038
1998-10-20,-10.349269
1998-10-21,-9.844530
1998-10-22,-9.123237
1998-10-23,-9.781332
1998-10-26,-9.642305
1998-10-27,-10.230464
1998-10-28,-9.998739
1998-10-29,-8.495466
1998-10-30,-7.421947
1998-11-02,-6.332422
1998-11-03,-6.396464
1998-11-04,-5.736672
1998-11-05,-4.457554
1998-11-06,-3.854223
1998-11-09,-4.765119
1998-11-10,-4.928586
1998-11-11,-5.542872
1998-11-12,-5.819259
1998-11-13,-5.142619
1998-11-16,-4.287340
1998-11-17,-3.996634
1998-11-18,-3.561830
1998-11-19,-2.876766
1998-11-20,-1.954915
1998-11-23,0.000000
1998-11-24,-0.439314
1998-11-25,-0.112772
1998-11-27,0.000000
1998-11-30,-2.407048
1998-12-01,-1.429967
1998-12-02,-1.767963
1998-12-03,-3.538445
1998-12-04,-1.307521
1998-12-07,-0.388316
1998-12-08,-0.918366
1998-12-09,-0.741403
1998-12-10,-2.290468
1998-12-11,-2.169701
1998-12-14,-4.288243
1998-12-15,-2.474147
1998-12-16,-2.548792
1998-12-17,-1.035785
1998-12-18,-0.360632
1998-12-21,0.000000
1998-12-22,0.000000
1998-12-23,0.000000
1998-12-24,-0.184774
1998-12-28,-0.248266
1998-12-29,0.000000
1998-12-30,-0.795613
1998-12-31,-1.013044
1999-01-04,-1.104040
1999-01-05,0.000000
1999-01-06,0.000000
1999-01-07,-0.205133
1999-01-08,0.000000
1999-01-11,-0.879151
1999-01-12,-2.790388
1999-01-13,-3.191143
1999-01-14,-4.932987
1999-01-15,-2.496291
1999-01-19,-1.810850
1999-01-20,-1.448523
1999-01-21,-3.131538
1999-01-22,-3.913451
1999-01-25,-3.224085
1999-01-26,-1.786533
1999-01-27,-2.503347
1999-01-28,-0.762297
1999-01-29,0.000000
1999-02-01,-0.518897
1999-02-02,-1.379296
1999-02-03,-0.591578
1999-02-04,-2.434280
1999-02-05,-3.144634
1999-02-08,-2.803132
1999-02-09,-4.962333
1999-02-10,-4.383261
1999-02-11,-2.000561
1999-02-12,-3.869058
1999-02-16,-2.951613
1999-02-17,-4.345752
1999-02-18,-3.310305
1999-02-19,-3.158704
1999-02-22,-0.586102
1999-02-23,-0.661120
1999-02-24,-2.049794
1999-02-25,-2.705448
1999-02-26,-3.228256
1999-03-01,-3.397829
1999-03-02,-4.230879
1999-03-03,-4.058959
1999-03-04,-2.578850
1999-03-05,-0.325876
1999-03-08,0.000000
1999-03-09,-0.225302
1999-03-10,0.000000
1999-03-11,0.000000
1999-03-12,-0.238124
1999-03-15,0.000000
1999-03-16,-0.067317
1999-03-17,-0.722126
1999-03-18,0.000000
1999-03-19,-1.311003
1999-03-22,-1.484185
1999-03-23,-4.132774
1999-03-24,-3.642861
1999-03-25,-2.017398
1999-03-26,-2.563518
1999-03-29,-0.484600
1999-03-30,-1.200110
1999-03-31,-2.292359
1999-04-01,-1.734084
1999-04-05,0.000000
1999-04-06,-0.244488
1999-04-07,0.000000
1999-04-08,0.000000
1999-04-09,0.000000
1999-04-12,0.000000
1999-04-13,-0.648452
1999-04-14,-2.222096
1999-04-15,-2.633537
1999-04-16,-2.916909
1999-04-19,-5.089688
1999-04-20,-3.861240
1999-04-21,-1.656817
1999-04-22,0.000000
1999-04-23,-0.144977
1999-04-26,0.000000
1999-04-27,0.000000
1999-04-28,-0.872470
1999-04-29,-1.465372
1999-04-30,-2.026709
1999-05-03,-0.599504
1999-05-04,-2.260056
1999-05-05,-1.136630
1999-05-06,-2.256384
1999-05-07,-1.306138
1999-05-10,-1.651013
1999-05-11,-0.527595
1999-05-12,0.000000
1999-05-13,0.000000
1999-05-14,-2.176139
1999-05-17,-2.052566
1999-05-18,-2.503737
1999-05-19,-1.705964
1999-05-20,-2.100829
1999-05-21,-2.725293
1999-05-24,-4.453920
1999-05-25,-6.080906
1999-05-26,-4.592124
1999-05-27,-6.299542
1999-05-28,-4.805646
1999-06-01,-5.359914
1999-06-02,-5.319693
1999-06-03,-4.973823
1999-06-04,-2.911028
1999-06-07,-2.415984
1999-06-08,-3.672972
1999-06-09,-3.577177
1999-06-10,-4.733987
1999-06-11,-5.405250
1999-06-14,-5.378927
1999-06-15,-4.855364
1999-06-16,-2.716519
1999-06-17,-2.022583
1999-06-18,-1.807606
1999-06-21,-1.357166
1999-06-22,-2.316538
1999-06-23,-2.522741
1999-06-24,-3.786308
1999-06-25,-3.820673
1999-06-28,-2.647787
1999-06-29,-1.178018
1999-06-30,0.000000
1999-07-01,0.000000
1999-07-02,0.000000
1999-07-06,-0.222824
1999-07-07,0.000000
1999-07-08,-0.103158
1999-07-09,0.000000
1999-07-12,-0.297877
1999-07-13,-0.692661
1999-07-14,-0.364146
1999-07-15,0.000000
1999-07-16,0.000000
1999-07-19,-0.784477
1999-07-20,-2.937739
1999-07-21,-2.783377
1999-07-22,-4.074632
1999-07-23,-4.358680
1999-07-26,-5.005710
1999-07-27,-3.942828
1999-07-28,-3.762388
1999-07-29,-5.480060
1999-07-30,-6.347711
1999-08-02,-6.394929
1999-08-03,-6.808665
1999-08-04,-7.996312
1999-08-05,-7.405663
1999-08-06,-8.351541
1999-08-09,-8.527043
1999-08-10,-9.680851
1999-08-11,-8.235947
1999-08-12,-8.501670
1999-08-13,-6.421008
1999-08-16,-6.203217
1999-08-17,-5.259448
1999-08-18,-6.057321
1999-08-19,-6.709290
1999-08-20,-5.791599
1999-08-23,-4.127494
1999-08-24,-3.896307
1999-08-25,-2.607169
1999-08-26,-4.001326
1999-08-27,-4.969763
1999-08-30,-6.678978
1999-08-31,-6.933421
1999-09-01,-6.182078
1999-09-02,-7.025053
1999-09-03,-4.337532
1999-09-07,-4.816115
1999-09-08,-5.260153
1999-09-09,-5.012757
1999-09-10,-4.730825
1999-09-13,-5.261564
1999-09-14,-5.814149
1999-09-15,-7.105404
1999-09-16,-7.069457
1999-09-17,-5.875469
1999-09-20,-5.867717
1999-09-21,-7.837725
1999-09-22,-7.631205
1999-09-23,-9.752745
1999-09-24,-9.967722
1999-09-27,-9.548342
1999-09-28,-9.626586
1999-09-29,-10.601364
1999-09-30,-9.590639
1999-10-01,-9.583584
1999-10-04,-8.047763
1999-10-05,-8.276833
1999-10-06,-6.581711
1999-10-07,-7.128661
1999-10-08,-5.833181
1999-10-11,-5.890277
1999-10-12,-7.452881
1999-10-13,-9.390461
1999-10-14,-9.540590
1999-10-15,-12.078687
1999-10-18,-11.605042
1999-10-19,-11.098273
1999-10-20,-9.116986
1999-10-21,-9.527202
1999-10-22,-8.255685
1999-10-25,-8.820960
1999-10-26,-9.647020
1999-10-27,-8.603876
1999-10-28,-5.380685
1999-10-29,-3.936479
1999-11-01,-4.557439
1999-11-02,-5.007121
1999-11-03,-4.500344
1999-11-04,-3.956922
1999-11-05,-3.421957
1999-11-08,-2.944080
1999-11-09,-3.770845
1999-11-10,-3.194298
1999-11-11,-2.630434
1999-11-12,-1.601374
1999-11-15,-1.719084
1999-11-16,0.000000
1999-11-17,-0.659121
1999-11-18,0.000000
1999-11-19,-0.206320
1999-11-22,-0.280714
1999-11-23,-1.424616
1999-11-24,-0.551601
1999-11-26,-0.583880
1999-11-29,-1.200751
1999-11-30,-2.528521
1999-12-01,-1.910254
1999-12-02,-1.115830
1999-12-03,0.000000
1999-12-06,-0.695604
1999-12-07,-1.683528
1999-12-08,-2.052609
1999-12-09,-1.757487
1999-12-10,-1.134446
1999-12-13,-1.261430
1999-12-14,-2.102142
1999-12-15,-1.393295
1999-12-16,-1.013048
1999-12-17,-0.856068
1999-12-20,-1.061193
1999-12-21,0.000000
1999-12-22,0.000000
1999-12-23,0.000000
1999-12-27,-0.085027
1999-12-28,-0.046624
1999-12-29,0.000000
1999-12-30,0.000000
1999-12-31,0.000000
2000-01-03,-0.954911
2000-01-04,-4.752762
2000-01-05,-4.569679
2000-01-06,-4.478479
2000-01-07,-1.890763
2000-01-10,-0.792923
2000-01-11,-2.088817
2000-01-12,-2.518292
2000-01-13,-1.331968
2000-01-14,-0.279052
2000-01-18,-0.960353
2000-01-19,-0.908625
2000-01-20,-1.611710
2000-01-21,-1.898248
2000-01-24,-4.609152
2000-01-25,-4.030626
2000-01-26,-4.434918
2000-01-27,-4.811294
2000-01-28,-7.424874
2000-01-31,-5.090355
2000-02-01,-4.081672
2000-02-02,-4.092565
2000-02-03,-3.013785
2000-02-04,-3.054620
2000-02-07,-3.063468
2000-02-08,-1.873747
2000-02-09,-3.916286
2000-02-10,-3.567810
2000-02-11,-5.589927
2000-02-14,-5.397996
2000-02-15,-4.573759
2000-02-16,-5.552490
2000-02-17,-5.512336
2000-02-18,-8.382510
2000-02-22,-7.968689
2000-02-23,-7.388808
2000-02-24,-7.882930
2000-02-25,-9.248938
2000-02-28,-8.249103
2000-02-29,-6.998806
2000-03-01,-6.129662
2000-03-02,-5.954738
2000-03-03,-4.089158
2000-03-06,-5.306787
2000-03-07,-7.733878
2000-03-08,-6.979755
2000-03-09,-4.598268
2000-03-10,-5.048838
2000-03-13,-5.828144
2000-03-14,-7.493618
2000-03-15,-5.248255
2000-03-16,-0.733710
2000-03-17,-0.325338
2000-03-20,-0.858941
2000-03-21,0.000000
2000-03-22,0.000000
2000-03-23,0.000000
2000-03-24,0.000000
2000-03-27,-0.235684
2000-03-28,-1.291686
2000-03-29,-1.239963
2000-03-30,-2.588606
2000-03-31,-1.890721
2000-04-03,-1.406910
2000-04-04,-2.142772
2000-04-05,-2.624616
2000-04-06,-1.710028
2000-04-07,-0.727350
2000-04-10,-1.505768
2000-04-11,-1.759129
2000-04-12,-3.947070
2000-04-13,-5.692454
2000-04-14,-11.188503
2000-04-17,-8.250299
2000-04-18,-5.620440
2000-04-19,-6.546161
2000-04-20,-6.083297
2000-04-24,-6.389691
2000-04-25,-3.274719
2000-04-26,-4.351667
2000-04-27,-4.094374
2000-04-28,-4.912070
2000-05-01,-3.876367
2000-05-02,-5.314046
2000-05-03,-7.356002
2000-05-04,-7.718043
2000-05-05,-6.208343
2000-05-08,-6.762201
2000-05-09,-7.549785
2000-05-10,-9.454252
2000-05-11,-7.833259
2000-05-12,-6.972360
2000-05-15,-4.916658
2000-05-16,-4.021050
2000-05-17,-5.215188
2000-05-18,-5.908502
2000-05-19,-7.889569
2000-05-22,-8.297435
2000-05-23,-10.055908
2000-05-24,-8.406761
2000-05-25,-9.554420
2000-05-26,-9.783559
2000-05-30,-6.874813
2000-05-31,-6.995927
2000-06-01,-5.149065
2000-06-02,-3.286499
2000-06-05,-3.916957
2000-06-06,-4.557893
2000-06-07,-3.672762
2000-06-08,-4.307145
2000-06-09,-4.616161
2000-06-12,-5.333034
2000-06-13,-3.798464
2000-06-14,-3.726443
2000-06-15,-3.190262
2000-06-16,-4.124494
2000-06-19,-2.714308
2000-06-20,-3.372266
2000-06-21,-3.164074
2000-06-22,-4.928437
2000-06-23,-5.628952
2000-06-26,-4.723522
2000-06-27,-5.035151
2000-06-28,-4.755608
2000-06-29,-5.569373
2000-06-30,-4.770009
2000-07-03,-3.791911
2000-07-05,-5.317978
2000-07-06,-4.634486
2000-07-07,-3.179130
2000-07-10,-3.393867
2000-07-11,-3.049504
2000-07-12,-2.261265
2000-07-13,-2.070103
2000-07-14,-1.144382
2000-07-17,-1.110993
2000-07-18,-2.207585
2000-07-19,-2.978801
2000-07-20,-2.087781
2000-07-21,-3.094681
2000-07-24,-4.135619
2000-07-25,-3.469157
2000-07-26,-4.912726
2000-07-27,-5.096040
2000-07-28,-7.042407
2000-07-31,-6.326189
2000-08-01,-5.850234
2000-08-02,-5.810955
2000-08-03,-4.903559
2000-08-04,-4.224655
2000-08-07,-3.151638
2000-08-08,-2.923802
2000-08-09,-3.573905
2000-08-10,-4.400113
2000-08-11,-3.641339
2000-08-14,-2.350301
2000-08-15,-2.817089
2000-08-16,-3.116938
2000-08-17,-2.055047
2000-08-18,-2.339832
2000-08-21,-1.831798
2000-08-22,-1.920178
2000-08-23,-1.406910
2000-08-24,-1.253709
2000-08-25,-1.375487
2000-08-28,-0.875309
2000-08-29,-1.153549
2000-08-30,-1.628193
2000-08-31,-0.640273
2000-09-01,-0.437978
2000-09-05,-1.334242
2000-09-06,-2.305132
2000-09-07,-1.633427
2000-09-08,-2.157828
2000-09-11,-2.500881
2000-09-12,-2.976836
2000-09-13,-2.785666
2000-09-14,-3.050160
2000-09-15,-4.036106
2000-09-18,-5.430581
2000-09-19,-4.423025
2000-09-20,-4.983436
2000-09-21,-5.133353
2000-09-22,-5.154963
2000-09-25,-5.789345
2000-09-26,-6.563183
2000-09-27,-6.605084
2000-09-28,-4.528428
2000-09-29,-5.954326
2000-10-02,-5.972659
2000-10-03,-6.612285
2000-10-04,-6.097706
2000-10-05,-5.969383
2000-10-06,-7.756012
2000-10-09,-8.211667
2000-10-10,-9.194345
2000-10-11,-10.662800
2000-10-12,-12.941742
2000-10-13,-10.035610
2000-10-16,-10.006152
2000-10-17,-11.619944
2000-10-18,-12.133212
2000-10-19,-9.080431
2000-10-20,-8.545553
2000-10-23,-8.620843
2000-10-24,-8.466995
2000-10-25,-10.642501
2000-10-26,-10.672621
2000-10-27,-9.681432
2000-10-30,-8.432295
2000-10-31,-6.419804
2000-11-01,-6.955337
2000-11-02,-6.490515
2000-11-03,-6.597228
2000-11-06,-6.237153
2000-11-07,-6.258100
2000-11-08,-7.737023
2000-11-09,-8.335403
2000-11-10,-10.571798
2000-11-13,-11.535487
2000-11-14,-9.460805
2000-11-15,-9.011686
2000-11-16,-10.156732
2000-11-17,-10.457884
2000-11-20,-12.101133
2000-11-21,-11.791470
2000-11-22,-13.427519
2000-11-24,-12.156780
2000-11-27,-11.685412
2000-11-28,-12.528642
2000-11-29,-12.146302
2000-11-30,-13.912640
2000-12-01,-13.894307
2000-12-04,-13.256648
2000-12-05,-9.880450
2000-12-06,-11.522397
2000-12-07,-12.040244
2000-12-08,-10.315815
2000-12-11,-9.640843
2000-12-12,-10.231359
2000-12-13,-10.963952
2000-12-14,-12.211771
2000-12-15,-14.095946
2000-12-18,-13.402641
2000-12-19,-14.524766
2000-12-20,-17.199794
2000-12-21,-16.537257
2000-12-22,-14.501854
2000-12-26,-13.896929
2000-12-27,-12.998044
2000-12-28,-12.651067
2000-12-29,-13.563690
2001-01-02,-15.986667
2001-01-03,-11.777716
2001-01-04,-12.708680
2001-01-05,-14.999410
2001-01-08,-15.162425
2001-01-09,-14.839008
2001-01-10,-14.022622
2001-01-11,-13.135534
2001-01-12,-13.676948
2001-01-16,-13.146658
2001-01-17,-12.962041
2001-01-18,-11.750880
2001-01-19,-12.106368
2001-01-22,-12.082800
2001-01-23,-10.937107
2001-01-24,-10.681780
2001-01-25,-11.126311
2001-01-26,-11.293914
2001-01-29,-10.690291
2001-01-30,-10.064420
2001-01-31,-10.569832
2001-02-01,-10.081442
2001-02-02,-11.652678
2001-02-05,-11.335806
2001-02-06,-11.470019
2001-02-07,-12.214392
2001-02-08,-12.761705
2001-02-09,-13.925075
2001-02-12,-12.907042
2001-02-13,-13.660581
2001-02-14,-13.849130
2001-02-15,-13.149279
2001-02-16,-14.791218
2001-02-20,-16.270150
2001-02-21,-17.819776
2001-02-22,-17.980178
2001-02-23,-18.435834
2001-02-26,-17.009280
2001-02-27,-17.644981
2001-02-28,-18.823408
2001-03-01,-18.738951
2001-03-02,-19.200497
2001-03-05,-18.727164
2001-03-06,-17.916012
2001-03-07,-17.386377
2001-03-08,-17.199794
2001-03-09,-19.250254
2001-03-12,-22.737089
2001-03-13,-21.591396
2001-03-14,-23.617640
2001-03-15,-23.169177
2001-03-16,-24.676911
2001-03-19,-23.349214
2001-03-20,-25.194766
2001-03-21,-26.535553
2001-03-22,-26.834092
2001-03-23,-25.377425
2001-03-26,-24.357228
2001-03-27,-22.265035
2001-03-28,-24.164073
2001-03-29,-24.515217
2001-03-30,-23.701155
2001-04-02,-24.651987
2001-04-03,-27.243439
2001-04-04,-27.454514
2001-04-05,-24.285729
2001-04-06,-25.798770
2001-04-09,-25.196450
2001-04-10,-23.171815
2001-04-11,-23.335547
2001-04-12,-22.177582
2001-04-16,-22.428767
2001-04-17,-21.631145
2001-04-18,-18.583348
2001-04-19,-17.562161
2001-04-20,-18.266407
2001-04-23,-19.490786
2001-04-24,-20.469896
2001-04-25,-19.202116
2001-04-26,-18.822701
2001-04-27,-17.604238
2001-04-30,-17.840308
2001-05-01,-16.723770
2001-05-02,-16.658664
2001-05-03,-17.898174
2001-05-04,-16.712588
2001-05-07,-16.916431
2001-05-08,-17.068332
2001-05-09,-17.440506
2001-05-10,-17.464177
2001-05-11,-18.089519
2001-05-14,-17.875811
2001-05-15,-17.841625
2001-05-16,-15.503990
2001-05-17,-15.273843
2001-05-18,-15.045671
2001-05-21,-13.673341
2001-05-22,-13.900196
2001-05-23,-15.237016
2001-05-24,-14.966101
2001-05-25,-15.970857
2001-05-29,-16.625786
2001-05-30,-17.931052
2001-05-31,-17.422100
2001-06-01,-17.103176
2001-06-04,-16.679710
2001-06-05,-15.597367
2001-06-06,-16.487700
2001-06-07,-16.032014
2001-06-08,-16.821088
2001-06-11,-17.516127
2001-06-12,-17.420125
2001-06-13,-18.357151
2001-06-14,-19.786031
2001-06-15,-20.148348
2001-06-18,-20.538277
2001-06-19,-20.265396
2001-06-20,-19.571007
2001-06-21,-18.656995
2001-06-22,-19.425688
2001-06-25,-19.869542
2001-06-26,-19.990532
2001-06-27,-20.364688
2001-06-28,-19.369797
2001-06-29,-19.489470
2001-07-02,-18.678041
2001-07-03,-18.827309
2001-07-05,-19.827458
2001-07-06,-21.711373
2001-07-09,-21.172826
2001-07-10,-22.307778
2001-07-11,-22.395889
2001-07-12,-20.557349
2001-07-13,-20.061545
2001-07-16,-20.931506
2001-07-17,-20.143090
2001-07-18,-20.585628
2001-07-19,-20.104947
2001-07-20,-20.379153
2001-07-23,-21.682436
2001-07-24,-22.956791
2001-07-25,-21.717947
2001-07-26,-20.899936
2001-07-27,-20.709908
2001-07-30,-20.795386
2001-07-31,-20.354165
2001-08-01,-20.045106
2001-08-02,-19.728165
2001-08-03,-20.149006
2001-08-06,-21.061044
2001-08-07,-20.803277
2001-08-08,-22.175608
2001-08-09,-22.182181
2001-08-10,-21.739644
2001-08-13,-21.665339
2001-08-14,-21.965191
2001-08-15,-22.537925
2001-08-16,-22.298571
2001-08-17,-23.593314
2001-08-20,-22.972572
2001-08-21,-23.903023
2001-08-22,-23.373683
2001-08-23,-23.585424
2001-08-24,-22.083547
2001-08-27,-22.459679
2001-08-28,-23.623559
2001-08-29,-24.475099
2001-08-30,-25.759318
2001-08-31,-25.460133
2001-09-04,-24.825492
2001-09-05,-24.676709
2001-09-06,-26.363218
2001-09-07,-27.348275
2001-09-10,-26.638731
2001-09-17,-30.044919
2001-09-18,-30.451006
2001-09-19,-31.384931
2001-09-20,-32.833045
2001-09-21,-33.844786
2001-09-24,-31.265840
2001-09-25,-30.585138
2001-09-26,-30.943780
2001-09-27,-30.150385
2001-09-28,-28.619142
2001-10-01,-28.783025
2001-10-02,-27.906663
2001-10-03,-26.470044
2001-10-04,-25.539676
2001-10-05,-25.405911
2001-10-08,-26.028357
2001-10-09,-26.424515
2001-10-10,-24.736822
2001-10-11,-23.373987
2001-10-12,-23.777567
2001-10-15,-23.894174
2001-10-16,-23.366307
2001-10-17,-24.794196
2001-10-18,-25.386294
2001-10-19,-25.046256
2001-10-22,-23.899757
2001-10-23,-24.257251
2001-10-24,-24.227931
2001-10-25,-23.188263
2001-10-26,-22.872661
2001-10-29,-24.709704
2001-10-30,-26.002131
2001-10-31,-26.002830
2001-11-01,-24.304735
2001-11-02,-24.088285
2001-11-05,-22.996250
2001-11-06,-21.877682
2001-11-07,-22.091336
2001-11-08,-21.900021
2001-11-09,-21.776433
2001-11-12,-21.897242
2001-11-13,-19.172205
2001-11-14,-18.493154
2001-11-15,-17.813230
2001-11-16,-18.071537
2001-11-19,-17.178606
2001-11-20,-17.783007
2001-11-21,-17.618456
2001-11-23,-16.654108
2001-11-26,-16.141133
2001-11-27,-16.714966
2001-11-28,-18.235034
2001-11-29,-17.388785
2001-11-30,-17.443125
2001-12-03,-18.135048
2001-12-04,-17.055493
2001-12-05,-15.204317
2001-12-06,-15.439790
2001-12-07,-16.076648
2001-12-10,-17.408340
2001-12-11,-17.638020
2001-12-12,-17.615564
2001-12-13,-18.897258
2001-12-14,-18.628459
2001-12-17,-17.424821
2001-12-18,-16.801696
2001-12-19,-16.318339
2001-12-20,-17.019351
2001-12-21,-16.658293
2001-12-24,-16.675763
2001-12-26,-16.332175
2001-12-27,-15.767289
2001-12-28,-15.484117
2001-12-31,-16.426083
2002-01-02,-15.946361
2002-01-03,-15.174741
2002-01-04,-14.647709
2002-01-07,-15.202403
2002-01-08,-15.506688
2002-01-09,-15.912149
2002-01-10,-15.809507
2002-01-11,-16.606612
2002-01-14,-17.130000
2002-01-15,-16.563666
2002-01-16,-17.919099
2002-01-17,-17.095789
2002-01-18,-17.918370
2002-01-22,-18.520373
2002-01-23,-17.874686
2002-01-24,-17.585694
2002-01-25,-17.503436
2002-01-28,-17.519449
2002-01-29,-19.879450
2002-01-30,-18.938222
2002-01-31,-17.727649
2002-02-01,-18.310005
2002-02-04,-20.330781
2002-02-05,-20.637506
2002-02-06,-21.111489
2002-02-07,-20.242042
2002-02-08,-19.056942
2002-02-11,-17.771735
2002-02-12,-17.405605
2002-02-13,-16.061178
2002-02-14,-16.073702
2002-02-15,-16.998293
2002-02-19,-18.337720
2002-02-20,-17.234154
2002-02-21,-18.517879
2002-02-22,-16.985443
2002-02-25,-15.493240
2002-02-26,-15.497053
2002-02-27,-15.458205
2002-02-28,-15.698909
2002-03-01,-13.790813
2002-03-04,-12.110479
2002-03-05,-12.696994
2002-03-06,-11.430264
2002-03-07,-11.828639
2002-03-08,-11.312958
2002-03-11,-11.012085
2002-03-12,-11.216228
2002-03-13,-12.091436
2002-03-14,-12.171410
2002-03-15,-11.172043
2002-03-18,-11.218506
2002-03-19,-10.857455
2002-03-20,-12.262059
2002-03-21,-12.129521
2002-03-22,-12.502000
2002-03-25,-13.783960
2002-03-26,-13.279707
2002-03-27,-12.815826
2002-03-28,-12.601780
2002-04-01,-12.666524
2002-04-02,-13.411481
2002-04-03,-14.276787
2002-04-04,-14.205190
2002-04-05,-14.480167
2002-04-08,-14.285164
2002-04-09,-14.855687
2002-04-10,-13.890602
2002-04-11,-15.930472
2002-04-12,-15.372893
2002-04-15,-16.017300
2002-04-16,-14.050560
2002-04-17,-14.225758
2002-04-18,-14.347630
2002-04-19,-14.294305
2002-04-22,-15.615122
2002-04-23,-16.138419
2002-04-24,-16.734074
2002-04-25,-16.860521
2002-04-26,-18.015281
2002-04-29,-18.843263
2002-04-30,-17.969571
2002-05-01,-17.242903
2002-05-02,-17.387621
2002-05-03,-18.235408
2002-05-06,-19.816726
2002-05-07,-20.058955
2002-05-08,-17.060852
2002-05-09,-18.267404
2002-05-10,-19.640012
2002-05-13,-18.149334
2002-05-14,-16.418724
2002-05-15,-16.891754
2002-05-16,-16.346365
2002-05-17,-15.709574
2002-05-20,-16.830051
2002-05-21,-17.744107
2002-05-22,-17.276414
2002-05-23,-16.433964
2002-05-24,-17.443996
2002-05-28,-17.934439
2002-05-29,-17.438543
2002-05-30,-17.670531
2002-05-31,-16.861561
2002-06-03,-18.922996
2002-06-04,-18.922226
2002-06-05,-18.204689
2002-06-06,-19.821274
2002-06-07,-19.947485
2002-06-10,-19.697404
2002-06-11,-20.623981
2002-06-12,-20.102428
2002-06-13,-20.190359
2002-06-14,-19.793762
2002-06-17,-17.492530
2002-06-18,-16.467459
2002-06-19,-17.545919
2002-06-20,-18.653403
2002-06-21,-20.039774
2002-06-24,-19.750377
2002-06-25,-21.090669
2002-06-26,-21.301656
2002-06-27,-19.897791
2002-06-28,-19.964096
2002-07-01,-21.675881
2002-07-02,-23.338343
2002-07-03,-22.861277
2002-07-05,-20.027973
2002-07-08,-21.002329
2002-07-09,-22.813394
2002-07-10,-24.597995
2002-07-11,-24.032767
2002-07-12,-24.522628
2002-07-15,-24.806062
2002-07-16,-26.197829
2002-07-17,-25.780055
2002-07-18,-27.785378
2002-07-19,-30.554987
2002-07-22,-32.840469
2002-07-23,-34.654924
2002-07-24,-30.908868
2002-07-25,-31.297973
2002-07-26,-30.138028
2002-07-29,-26.360023
2002-07-30,-26.047100
2002-07-31,-25.322958
2002-08-01,-27.531438
2002-08-02,-29.204179
2002-08-05,-31.632195
2002-08-06,-29.586729
2002-08-07,-28.177758
2002-08-08,-25.436650
2002-08-09,-24.556626
2002-08-12,-24.958488
2002-08-13,-25.777099
2002-08-14,-22.804694
2002-08-15,-21.912383
2002-08-16,-22.036617
2002-08-19,-19.889105
2002-08-20,-20.887314
2002-08-21,-19.880504
2002-08-22,-18.754697
2002-08-23,-20.597846
2002-08-26,-19.999496
2002-08-27,-21.107579
2002-08-28,-22.538044
2002-08-29,-22.543952
2002-08-30,-22.314937
2002-09-03,-25.116203
2002-09-04,-23.804486
2002-09-05,-25.019828
2002-09-06,-23.760141
2002-09-09,-22.989142
2002-09-10,-22.424541
2002-09-11,-22.435629
2002-09-12,-24.358004
2002-09-13,-24.110669
2002-09-16,-24.000651
2002-09-17,-25.499995
2002-09-18,-25.846260
2002-09-19,-28.075667
2002-09-20,-27.899122
2002-09-23,-28.896128
2002-09-24,-30.125119
2002-09-25,-28.387821
2002-09-26,-27.083777
2002-09-27,-29.435997
2002-09-30,-30.467116
2002-10-01,-27.684202
2002-10-02,-29.389944
2002-10-03,-30.154113
2002-10-04,-31.720837
2002-10-07,-33.025729
2002-10-08,-31.893973
2002-10-09,-33.752377
2002-10-10,-31.435981
2002-10-11,-28.757964
2002-10-14,-28.236007
2002-10-15,-24.839019
2002-10-16,-26.651371
2002-10-17,-25.015565
2002-10-18,-24.572924
2002-10-21,-23.265476
2002-10-22,-24.080821
2002-10-23,-23.570800
2002-10-24,-24.734118
2002-10-25,-23.442016
2002-10-28,-24.074850
2002-10-29,-24.763966
2002-10-30,-24.033909
2002-10-31,-24.456081
2002-11-01,-23.159716
2002-11-04,-22.529448
2002-11-05,-21.929023
2002-11-06,-21.215171
2002-11-07,-23.015581
2002-11-08,-23.690205
2002-11-11,-25.272280
2002-11-12,-24.695738
2002-11-13,-24.731557
2002-11-14,-22.877416
2002-11-15,-22.403220
2002-11-18,-23.210891
2002-11-19,-23.519630
2002-11-20,-22.034779
2002-11-21,-20.362300
2002-11-22,-20.636073
2002-11-25,-20.438206
2002-11-26,-22.106422
2002-11-27,-19.926484
2002-11-29,-20.144818
2002-12-02,-20.296627
2002-12-03,-21.471886
2002-12-04,-21.742244
2002-12-05,-22.682964
2002-12-06,-22.198534
2002-12-09,-23.923890
2002-12-10,-22.862065
2002-12-11,-22.818567
2002-12-12,-23.106838
2002-12-13,-24.138816
2002-12-16,-22.354605
2002-12-17,-22.986586
2002-12-18,-23.998944
2002-12-19,-24.584866
2002-12-20,-23.603210
2002-12-23,-23.465045
2002-12-24,-23.883808
2002-12-26,-24.123465
2002-12-27,-25.339655
2002-12-30,-24.999360
2002-12-31,-24.962687
2003-01-02,-22.471448
2003-01-03,-22.508975
2003-01-06,-20.617114
2003-01-07,-21.136645
2003-01-08,-22.247480
2003-01-09,-20.740160
2003-01-10,-20.740160
2003-01-13,-20.852098
2003-01-14,-20.390677
2003-01-15,-21.539111
2003-01-16,-21.848435
2003-01-17,-22.943886
2003-01-21,-24.153845
2003-01-22,-24.945103
2003-01-23,-24.177768
2003-01-24,-26.394313
2003-01-27,-27.583765
2003-01-28,-26.638701
2003-01-29,-26.141388
2003-01-30,-27.829003
2003-01-31,-26.881373
2003-02-03,-26.486599
2003-02-04,-27.522239
2003-02-05,-27.916158
2003-02-06,-28.381000
2003-02-07,-29.103900
2003-02-10,-28.567283
2003-02-11,-29.145769
2003-02-12,-30.044693
2003-02-13,-30.156631
2003-02-14,-28.659564
2003-02-18,-27.268459
2003-02-19,-27.784568
2003-02-20,-28.470725
2003-02-21,-27.524805
2003-02-24,-28.856951
2003-02-25,-28.345113
2003-02-26,-29.286761
2003-02-27,-28.455340
2003-02-28,-28.124653
2003-03-03,-28.666401
2003-03-04,-29.761857
2003-03-05,-29.090230
2003-03-06,-29.752459
2003-03-07,-29.172258
2003-03-10,-31.001722
2003-03-11,-31.578502
2003-03-12,-31.282847
2003-03-13,-28.915056
2003-03-14,-28.797991
2003-03-17,-26.275543
2003-03-18,-25.962797
2003-03-19,-24.234776
2003-03-20,-24.091748
2003-03-21,-22.017061
2003-03-24,-24.678621
2003-03-25,-23.762628
2003-03-26,-24.180096
2003-03-27,-24.304726
2003-03-28,-24.686450
2003-03-31,-25.386187
2003-04-01,-24.059904
2003-04-02,-22.076654
2003-04-03,-22.470297
2003-04-04,-22.257999
2003-04-07,-22.162462
2003-04-08,-22.307536
2003-04-09,-23.253012
2003-04-10,-22.757604
2003-04-11,-23.048292
2003-04-14,-21.547898
2003-04-15,-20.892126
2003-04-16,-21.797600
2003-04-17,-20.582669
2003-04-21,-19.481324
2003-04-22,-17.641582
2003-04-23,-16.950266
2003-04-24,-17.636160
2003-04-25,-18.776600
2003-04-28,-17.328003
2003-04-29,-17.056900
2003-04-30,-17.140042
2003-05-01,-17.196069
2003-05-02,-15.950800
2003-05-05,-16.269800
2003-05-06,-15.561315
2003-05-07,-15.992371
2003-05-08,-16.837307
2003-05-09,-15.649879
2003-05-12,-14.592576
2003-05-13,-14.846509
2003-05-14,-15.119416
2003-05-15,-14.451602
2003-05-16,-14.665774
2003-05-19,-16.070837
2003-05-20,-16.165638
2003-05-21,-15.829290
2003-05-22,-15.059063
2003-05-23,-13.895295
2003-05-27,-11.453172
2003-05-28,-10.718774
2003-05-29,-11.010739
2003-05-30,-9.703505
2003-06-02,-7.895992
2003-06-03,-7.461665
2003-06-04,-6.063438
2003-06-05,-4.531693
2003-06-06,-4.761171
2003-06-09,-5.901809
2003-06-10,-5.042712
2003-06-11,-3.823981
2003-06-12,-3.724666
2003-06-13,-4.679217
2003-06-16,-2.545464
2003-06-17,-2.456760
2003-06-18,-0.970594
2003-06-19,-1.676449
2003-06-20,-1.578591
2003-06-23,-2.967396
2003-06-24,-2.788482
2003-06-25,-3.592113
2003-06-26,-2.554215
2003-06-27,-3.503154
2003-06-30,-3.673168
2003-07-01,-2.900181
2003-07-02,-1.770355
2003-07-03,-2.566076
2003-07-07,-0.715654
2003-07-08,-0.377592
2003-07-09,-0.934103
2003-07-10,-2.269533
2003-07-11,-1.336413
2003-07-14,-0.771009
2003-07-15,-1.111044
2003-07-16,-1.736744
2003-07-17,-2.958503
2003-07-18,-1.812859
2003-07-21,-3.248125
2003-07-22,-2.327856
2003-07-23,-2.278432
2003-07-24,-2.971354
2003-07-25,-1.283038
2003-07-28,-1.496546
2003-07-29,-2.212200
2003-07-30,-2.389141
2003-07-31,-2.110390
2003-08-01,-3.114678
2003-08-04,-2.850757
2003-08-05,-4.566747
2003-08-06,-4.406615
2003-08-07,-3.710731
2003-08-08,-3.367727
2003-08-11,-3.071185
2003-08-12,-2.106439
2003-08-13,-2.731149
2003-08-14,-2.090620
2003-08-15,-2.074807
2003-08-18,-1.178260
2003-08-19,-0.920269
2003-08-20,-1.122905
2003-08-21,-0.829325
2003-08-22,-1.838560
2003-08-25,-1.774307
2003-08-26,-1.475792
2003-08-27,-1.469861
2003-08-28,-0.871829
2003-08-29,-0.360790
2003-09-02,0.000000
2003-09-03,0.000000
2003-09-04,0.000000
2003-09-05,-0.640092
2003-09-08,0.000000
2003-09-09,-0.821026
2003-09-10,-2.008456
2003-09-11,-1.475324
2003-09-12,-1.261100
2003-09-15,-1.631385
2003-09-16,-0.224891
2003-09-17,-0.549615
2003-09-18,0.000000
2003-09-19,-0.315503
2003-09-22,-1.612185
2003-09-23,-1.014826
2003-09-24,-2.905015
2003-09-25,-3.492751
2003-09-26,-4.110312
2003-09-29,-3.174353
2003-09-30,-4.194962
2003-10-01,-2.054675
2003-10-02,-1.860363
2003-10-03,-0.935953
2003-10-06,-0.503086
2003-10-07,-0.031739
2003-10-08,-0.557911
2003-10-09,-0.081761
2003-10-10,-0.146203
2003-10-13,0.000000
2003-10-14,0.000000
2003-10-15,-0.259173
2003-10-16,0.000000
2003-10-17,-1.023741
2003-10-20,-0.513289
2003-10-21,-0.384728
2003-10-22,-1.877014
2003-10-23,-1.552270
2003-10-24,-2.015095
2003-10-27,-1.803684
2003-10-28,-0.312351
2003-10-29,-0.186651
2003-10-30,-0.298076
2003-10-31,0.000000
2003-11-03,0.000000
2003-11-04,-0.544845
2003-11-05,-0.680814
2003-11-06,-0.091591
2003-11-07,-0.548626
2003-11-10,-1.124628
2003-11-11,-1.175622
2003-11-12,-0.046268
2003-11-13,-0.057599
2003-11-14,-0.818686
2003-11-17,-1.453232
2003-11-18,-2.348397
2003-11-19,-1.565606
2003-11-20,-2.395611
2003-11-21,-2.241694
2003-11-24,-0.655329
2003-11-25,-0.484411
2003-11-26,-0.053830
2003-11-28,-0.077437
2003-12-01,0.000000
2003-12-02,-0.327066
2003-12-03,-0.503683
2003-12-04,-0.037381
2003-12-05,-0.805517
2003-12-08,-0.076622
2003-12-09,-0.928862
2003-12-10,-1.034458
2003-12-11,0.000000
2003-12-12,0.000000
2003-12-15,-0.567894
2003-12-16,0.000000
2003-12-17,0.000000
2003-12-18,0.000000
2003-12-19,-0.047744
2003-12-22,0.000000
2003-12-23,0.000000
2003-12-24,-0.180652
2003-12-26,-0.011862
2003-12-29,0.000000
2003-12-30,0.000000
2003-12-31,0.000000
2004-01-02,-0.309381
2004-01-05,0.000000
2004-01-06,0.000000
2004-01-07,0.000000
2004-01-08,0.000000
2004-01-09,-0.888761
2004-01-12,-0.414346
2004-01-13,-0.945303
2004-01-14,-0.123686
2004-01-15,0.000000
2004-01-16,0.000000
2004-01-20,-0.092991
2004-01-21,0.000000
2004-01-22,-0.320668
2004-01-23,-0.528916
2004-01-26,0.000000
2004-01-27,-0.979768
2004-01-28,-2.327394
2004-01-29,-1.840104
2004-01-30,-2.098028
2004-02-02,-1.740567
2004-02-03,-1.673920
2004-02-04,-2.497033
2004-02-05,-2.317875
2004-02-06,-1.091424
2004-02-09,-1.346749
2004-02-10,-0.850806
2004-02-11,0.000000
2004-02-12,-0.488013
2004-02-13,-1.032161
2004-02-17,-0.066509
2004-02-18,-0.513065
2004-02-19,-0.924194
2004-02-20,-1.179003
2004-02-23,-1.448488
2004-02-24,-1.612601
2004-02-25,-1.217002
2004-02-26,-1.109900
2004-02-27,-1.107317
2004-03-01,-0.154612
2004-03-02,-0.747999
2004-03-03,-0.581293
2004-03-04,-0.249621
2004-03-05,-0.077738
2004-03-08,-0.912111
2004-03-09,-1.483905
2004-03-10,-2.925476
2004-03-11,-4.403329
2004-03-12,-3.212243
2004-03-15,-4.601128
2004-03-16,-4.064751
2004-03-17,-2.937570
2004-03-18,-3.061089
2004-03-19,-4.144208
2004-03-22,-5.386262
2004-03-23,-5.511510
2004-03-24,-5.737809
2004-03-25,-4.195176
2004-03-26,-4.292768
2004-03-29,-3.048131
2004-03-30,-2.656855
2004-03-31,-2.725094
2004-04-01,-2.210300
2004-04-02,-1.377656
2004-04-05,-0.621032
2004-04-06,-0.829185
2004-04-07,-1.488217
2004-04-08,-1.592736
2004-04-12,-1.084859
2004-04-13,-2.446109
2004-04-14,-2.555794
2004-04-15,-2.497931
2004-04-16,-1.999553
2004-04-19,-1.895044
2004-04-20,-3.421261
2004-04-21,-2.908206
2004-04-22,-1.540039
2004-04-23,-1.482175
2004-04-26,-1.920085
2004-04-27,-1.697245
2004-04-28,-3.053308
2004-04-29,-3.789213
2004-04-30,-4.358413
2004-05-03,-3.478270
2004-05-04,-3.300335
2004-05-05,-3.129317
2004-05-06,-3.780578
2004-05-07,-5.101235
2004-05-10,-6.101439
2004-05-11,-5.381949
2004-05-12,-5.223879
2004-05-13,-5.296440
2004-05-14,-5.360356
2004-05-17,-6.362289
2004-05-18,-5.723986
2004-05-19,-5.966690
2004-05-20,-5.922650
2004-05-21,-5.545186
2004-05-24,-5.385397
2004-05-25,-3.861764
2004-05-26,-3.698527
2004-05-27,-3.150910
2004-05-28,-3.202732
2004-06-01,-3.157827
2004-06-02,-2.830467
2004-06-03,-3.551686
2004-06-04,-3.045537
2004-06-07,-1.497717
2004-06-08,-1.345698
2004-06-09,-2.282861
2004-06-10,-1.838899
2004-06-14,-2.804551
2004-06-15,-2.224122
2004-06-16,-2.090239
2004-06-17,-2.220664
2004-06-18,-1.964137
2004-06-21,-2.371818
2004-06-22,-2.016824
2004-06-23,-1.183315
2004-06-24,-1.477853
2004-06-25,-2.015094
2004-06-28,-2.108385
2004-06-29,-1.862222
2004-06-30,-1.461447
2004-07-01,-2.489296
2004-07-02,-2.796780
2004-07-06,-3.588831
2004-07-07,-3.405719
2004-07-08,-4.202082
2004-07-09,-3.882493
2004-07-12,-3.749485
2004-07-13,-3.681246
2004-07-14,-3.998241
2004-07-15,-4.411110
2004-07-16,-4.868884
2004-07-19,-4.911207
2004-07-20,-4.240081
2004-07-21,-5.517552
2004-07-22,-5.261889
2004-07-23,-6.180906
2004-07-26,-6.364882
2004-07-27,-5.435501
2004-07-28,-5.384533
2004-07-29,-4.951800
2004-07-30,-4.840385
2004-08-02,-4.417152
2004-08-03,-5.015726
2004-08-04,-5.107277
2004-08-05,-6.655961
2004-08-06,-8.100991
2004-08-09,-7.993024
2004-08-10,-6.799334
2004-08-11,-7.080049
2004-08-12,-8.164907
2004-08-13,-8.029295
2004-08-16,-6.773428
2004-08-17,-6.568723
2004-08-18,-5.406126
2004-08-19,-5.746444
2004-08-20,-5.131464
2004-08-23,-5.362075
2004-08-24,-5.318034
2004-08-25,-4.560535
2004-08-26,-4.549306
2004-08-27,-4.317820
2004-08-30,-5.062361
2004-08-31,-4.622721
2004-09-01,-4.478474
2004-09-02,-3.407438
2004-09-03,-3.811671
2004-09-07,-3.149181
2004-09-08,-3.583643
2004-09-09,-3.401396
2004-09-10,-2.922883
2004-09-13,-2.758781
2004-09-14,-2.541982
2004-09-15,-3.229513
2004-09-16,-2.959163
2004-09-17,-2.522972
2004-09-20,-3.071453
2004-09-21,-2.458192
2004-09-22,-3.817713
2004-09-23,-4.266862
2004-09-24,-4.115708
2004-09-27,-4.684908
2004-09-28,-4.120021
2004-09-29,-3.710610
2004-09-30,-3.729620
2004-10-01,-2.268174
2004-10-04,-1.951179
2004-10-05,-2.010782
2004-10-06,-1.356927
2004-10-07,-2.341589
2004-10-08,-3.076630
2004-10-11,-2.882289
2004-10-12,-3.102547
2004-10-13,-3.809942
2004-10-14,-4.704772
2004-10-15,-4.280685
2004-10-18,-3.777984
2004-10-19,-4.709960
2004-10-20,-4.672814
2004-10-21,-4.428381
2004-10-22,-5.356898
2004-10-25,-5.438084
2004-10-26,-4.031064
2004-10-27,-2.795051
2004-10-28,-2.618856
2004-10-29,-2.380464
2004-11-01,-2.353683
2004-11-02,-2.349360
2004-11-03,-1.257606
2004-11-04,0.000000
2004-11-05,0.000000
2004-11-08,-0.109763
2004-11-09,-0.179227
2004-11-10,-0.279548
2004-11-11,0.000000
2004-11-12,0.000000
2004-11-15,-0.030400
2004-11-16,-0.738069
2004-11-17,-0.188326
2004-11-18,-0.052357
2004-11-19,-1.167913
2004-11-22,-0.585225
2004-11-23,-0.610563
2004-11-24,-0.203521
2004-11-26,-0.128362
2004-11-29,-0.472913
2004-11-30,-0.874038
2004-12-01,0.000000
2004-12-02,-0.087298
2004-12-03,-0.016783
2004-12-06,-0.094009
2004-12-07,-1.200303
2004-12-08,-0.718495
2004-12-09,-0.178786
2004-12-10,-0.282867
2004-12-13,0.000000
2004-12-14,0.000000
2004-12-15,0.000000
2004-12-16,-0.208175
2004-12-17,-0.955447
2004-12-20,-0.918119
2004-12-21,-0.022395
2004-12-22,0.000000
2004-12-23,0.000000
2004-12-27,-0.430529
2004-12-28,0.000000
2004-12-29,-0.007424
2004-12-30,0.000000
2004-12-31,-0.134317
2005-01-03,-0.945169
2005-01-04,-2.101273
2005-01-05,-2.456434
2005-01-06,-2.114460
2005-01-07,-2.254551
2005-01-10,-1.919991
2005-01-11,-2.518236
2005-01-12,-2.130122
2005-01-13,-2.974751
2005-01-14,-2.392158
2005-01-18,-1.447824
2005-01-19,-2.383094
2005-01-20,-3.142846
2005-01-21,-3.764167
2005-01-24,-4.103667
2005-01-25,-3.719667
2005-01-26,-3.253274
2005-01-27,-3.213712
2005-01-28,-3.476582
2005-01-31,-2.659967
2005-02-01,-1.989206
2005-02-02,-1.677731
2005-02-03,-1.949655
2005-02-04,-0.866880
2005-02-07,-0.974832
2005-02-08,-0.927032
2005-02-09,-1.776611
2005-02-10,-1.362947
2005-02-11,-0.679824
2005-02-14,-0.610608
2005-02-15,-0.282646
2005-02-16,-0.264520
2005-02-17,-1.054761
2005-02-18,-0.985545
2005-02-22,-2.421821
2005-02-23,-1.874665
2005-02-24,-1.100086
2005-02-25,-0.179643
2005-02-28,-0.819915
2005-03-01,-0.258746
2005-03-02,-0.285946
2005-03-03,-0.253807
2005-03-04,0.000000
2005-03-07,0.000000
2005-03-08,-0.479879
2005-03-09,-1.493504
2005-03-10,-1.310693
2005-03-11,-2.059079
2005-03-14,-1.508198
2005-03-15,-2.249231
2005-03-16,-3.039240
2005-03-17,-2.864589
2005-03-18,-2.910287
2005-03-21,-3.389349
2005-03-22,-4.374411
2005-03-23,-4.307484
2005-03-24,-4.398072
2005-03-28,-4.164663
2005-03-29,-4.892645
2005-03-30,-3.582769
2005-03-31,-3.649696
2005-04-01,-4.275654
2005-04-04,-4.014499
2005-04-05,-3.584402
2005-04-06,-3.365688
2005-04-07,-2.788686
2005-04-08,-3.599914
2005-04-11,-3.599097
2005-04-12,-3.064534
2005-04-13,-4.204652
2005-04-14,-5.162776
2005-04-15,-6.748501
2005-04-18,-6.474286
2005-04-19,-5.919321
2005-04-20,-7.166354
2005-04-21,-5.334169
2005-04-22,-5.973187
2005-04-25,-5.158701
2005-04-26,-5.996858
2005-04-27,-5.625519
2005-04-28,-6.699536
2005-04-29,-5.587164
2005-05-02,-5.153800
2005-05-03,-5.234595
2005-05-04,-4.052855
2005-05-05,-4.299324
2005-05-06,-4.403790
2005-05-09,-3.792517
2005-05-10,-4.822460
2005-05-11,-4.423376
2005-05-12,-5.382317
2005-05-13,-5.815672
2005-05-16,-4.865717
2005-05-17,-4.203835
2005-05-18,-3.244077
2005-05-19,-2.793587
2005-05-20,-2.940483
2005-05-23,-2.566703
2005-05-24,-2.549568
2005-05-25,-2.880907
2005-05-26,-2.259841
2005-05-27,-2.165169
2005-05-31,-2.759306
2005-06-01,-1.884428
2005-06-02,-1.715486
2005-06-03,-2.390419
2005-06-06,-2.268817
2005-06-07,-2.289220
2005-06-08,-2.500593
2005-06-09,-1.989701
2005-06-10,-2.219852
2005-06-13,-1.998687
2005-06-14,-1.746499
2005-06-15,-1.528601
2005-06-16,-1.171140
2005-06-17,-0.681468
2005-06-20,-0.751653
2005-06-21,-0.954866
2005-06-22,-0.932830
2005-06-23,-2.006029
2005-06-24,-2.753598
2005-06-27,-2.825417
2005-06-28,-1.937478
2005-06-29,-2.077848
2005-06-30,-2.773184
2005-07-01,-2.519372
2005-07-05,-1.658361
2005-07-06,-2.478566
2005-07-07,-2.239438
2005-07-08,-1.097687
2005-07-11,-0.479072
2005-07-12,-0.253005
2005-07-13,-0.164858
2005-07-14,0.000000
2005-07-15,0.000000
2005-07-18,-0.552971
2005-07-19,0.000000
2005-07-20,0.000000
2005-07-21,-0.660615
2005-07-22,-0.123049
2005-07-25,-0.499508
2005-07-26,-0.327066
2005-07-27,0.000000
2005-07-28,0.000000
2005-07-29,-0.767047
2005-08-01,-0.672981
2005-08-02,0.000000
2005-08-03,0.000000
2005-08-04,-0.737330
2005-08-05,-1.495534
2005-08-08,-1.759785
2005-08-09,-1.097156
2005-08-10,-1.277873
2005-08-11,-0.580703
2005-08-12,-1.176671
2005-08-15,-0.897163
2005-08-16,-2.064197
2005-08-17,-1.991908
2005-08-18,-2.089894
2005-08-19,-2.034479
2005-08-22,-1.872234
2005-08-23,-2.204754
2005-08-24,-2.847304
2005-08-25,-2.624016
2005-08-26,-3.207934
2005-08-29,-2.631241
2005-08-30,-2.942074
2005-08-31,-1.984682
2005-09-01,-1.883479
2005-09-02,-2.170213
2005-09-06,-0.935715
2005-09-07,-0.697171
2005-09-08,-1.073861
2005-09-09,-0.285939
2005-09-12,-0.359826
2005-09-13,-1.111618
2005-09-14,-1.436099
2005-09-15,-1.390321
2005-09-16,-0.572673
2005-09-19,-1.126070
2005-09-20,-1.903559
2005-09-21,-2.798311
2005-09-22,-2.443298
2005-09-23,-2.389481
2005-09-26,-2.362176
2005-09-27,-2.359764
2005-09-28,-2.260973
2005-09-29,-1.394331
2005-09-30,-1.303571
2005-10-03,-1.473052
2005-10-04,-2.455348
2005-10-05,-3.907507
2005-10-06,-4.301070
2005-10-07,-3.946862
2005-10-10,-4.635199
2005-10-11,-4.832780
2005-10-12,-5.410267
2005-10-13,-5.477741
2005-10-14,-4.696242
2005-10-17,-4.412715
2005-10-18,-5.373323
2005-10-19,-3.958108
2005-10-20,-5.400629
2005-10-21,-5.256865
2005-10-24,-3.667355
2005-10-25,-3.895457
2005-10-26,-4.309904
2005-10-27,-5.312280
2005-10-28,-3.745261
2005-10-31,-3.054523
2005-11-01,-3.395877
2005-11-02,-2.432053
2005-11-03,-2.016007
2005-11-04,-1.999938
2005-11-07,-1.785483
2005-11-08,-2.124436
2005-11-09,-1.958974
2005-11-10,-1.130894
2005-11-11,-0.828894
2005-11-14,-0.905997
2005-11-15,-1.287511
2005-11-16,-1.110814
2005-11-17,-0.179913
2005-11-18,0.000000
2005-11-21,0.000000
2005-11-22,0.000000
2005-11-23,0.000000
2005-11-25,0.000000
2005-11-28,-0.850782
2005-11-29,-0.849203
2005-11-30,-1.479994
2005-12-01,-0.282275
2005-12-02,-0.249954
2005-12-05,-0.485711
2005-12-06,-0.358766
2005-12-07,-0.857875
2005-12-08,-0.978516
2005-12-09,-0.700178
2005-12-12,-0.616593
2005-12-13,-0.064652
2005-12-14,0.000000
2005-12-15,-0.141431
2005-12-16,-0.425856
2005-12-19,-1.007271
2005-12-20,-1.030846
2005-12-21,-0.781774
2005-12-22,-0.362996
2005-12-23,-0.320565
2005-12-27,-1.272841
2005-12-28,-1.144770
2005-12-29,-1.439410
2005-12-30,-1.921048
2006-01-03,-0.309564
2006-01-04,0.000000
2006-01-05,0.000000
2006-01-06,0.000000
2006-01-09,0.000000
2006-01-10,-0.035661
2006-01-11,0.000000
2006-01-12,-0.627424
2006-01-13,-0.507663
2006-01-17,-0.869276
2006-01-18,-1.255621
2006-01-19,-0.706240
2006-01-20,-2.525929
2006-01-23,-2.345895
2006-01-24,-2.110994
2006-01-25,-2.279436
2006-01-26,-1.572432
2006-01-27,-0.808240
2006-01-30,-0.694657
2006-01-31,-1.089500
2006-02-01,-0.905600
2006-02-02,-1.803465
2006-02-03,-2.329662
2006-02-06,-2.253167
2006-02-07,-3.044401
2006-02-08,-2.204487
2006-02-09,-2.348980
2006-02-10,-2.100949
2006-02-13,-2.420070
2006-02-14,-1.441069
2006-02-15,-1.095679
2006-02-16,-0.370895
2006-02-17,-0.536252
2006-02-21,-0.861551
2006-02-22,-0.116677
2006-02-23,-0.493750
2006-02-24,-0.367028
2006-02-27,-0.004641
2006-02-28,-1.044678
2006-03-01,-0.227176
2006-03-02,-0.389439
2006-03-03,-0.537025
2006-03-06,-1.230126
2006-03-07,-1.414027
2006-03-08,-1.213902
2006-03-09,-1.696060
2006-03-10,-0.985953
2006-03-13,-0.776557
2006-03-14,0.000000
2006-03-15,0.000000
2006-03-16,0.000000
2006-03-17,0.000000
2006-03-20,-0.166001
2006-03-21,-0.766496
2006-03-22,-0.169054
2006-03-23,-0.426847
2006-03-24,-0.328939
2006-03-27,-0.431441
2006-03-28,-1.072482
2006-03-29,-0.333523
2006-03-30,-0.535475
2006-03-31,-0.947027
2006-04-03,-0.722122
2006-04-04,-0.100971
2006-04-05,0.000000
2006-04-06,-0.192139
2006-04-07,-1.224500
2006-04-10,-1.139106
2006-04-11,-1.905373
2006-04-12,-1.787190
2006-04-13,-1.710944
2006-04-17,-1.999916
2006-04-18,-0.326331
2006-04-19,-0.124280
2006-04-20,-0.007632
2006-04-21,-0.021351
2006-04-24,-0.263051
2006-04-25,-0.748732
2006-04-26,-0.468909
2006-04-27,-0.140298
2006-04-28,-0.072438
2006-05-01,-0.485690
2006-05-02,0.000000
2006-05-03,-0.387597
2006-05-04,-0.073100
2006-05-05,0.000000
2006-05-08,-0.082969
2006-05-09,-0.046765
2006-05-10,-0.219499
2006-05-11,-1.496498
2006-05-12,-2.603791
2006-05-15,-2.357894
2006-05-16,-2.540434
2006-05-17,-4.181757
2006-05-18,-4.823645
2006-05-19,-4.429910
2006-05-22,-4.804042
2006-05-23,-5.218143
2006-05-24,-5.068041
2006-05-25,-3.988656
2006-05-26,-3.439535
2006-05-30,-4.969981
2006-05-31,-4.199104
2006-06-01,-3.020912
2006-06-02,-2.831586
2006-06-05,-4.561155
2006-06-06,-4.669777
2006-06-07,-5.250572
2006-06-08,-5.116307
2006-06-09,-5.540970
2006-06-12,-6.661844
2006-06-13,-7.698985
2006-06-14,-7.220007
2006-06-15,-5.249817
2006-06-16,-5.598296
2006-06-19,-6.458937
2006-06-20,-6.459692
2006-06-21,-5.548520
2006-06-22,-6.046346
2006-06-23,-6.129315
2006-06-26,-5.672214
2006-06-27,-6.529090
2006-06-28,-6.016173
2006-06-29,-3.989411
2006-06-30,-4.190808
2006-07-03,-3.437279
2006-07-05,-4.137248
2006-07-06,-3.898145
2006-07-07,-4.546828
2006-07-10,-4.406532
2006-07-11,-4.022595
2006-07-12,-5.065776
2006-07-13,-6.296764
2006-07-14,-6.755375
2006-07-17,-6.884355
2006-07-18,-6.705590
2006-07-19,-4.974501
2006-07-20,-5.780081
2006-07-21,-6.446866
2006-07-24,-4.891532
2006-07-25,-4.290370
2006-07-26,-4.326574
2006-07-27,-4.718807
2006-07-28,-3.560973
2006-07-31,-3.703534
2006-08-01,-4.136493
2006-08-02,-3.646963
2006-08-03,-3.431239
2006-08-04,-3.499881
2006-08-07,-3.770667
2006-08-08,-4.094258
2006-08-09,-4.511379
2006-08-10,-4.069360
2006-08-11,-4.451788
2006-08-14,-4.340910
2006-08-15,-3.030719
2006-08-16,-2.287741
2006-08-17,-2.133118
2006-08-18,-1.769548
2006-08-21,-2.130098
2006-08-22,-2.032047
2006-08-23,-2.471791
2006-08-24,-2.240221
2006-08-25,-2.313393
2006-08-28,-1.808772
2006-08-29,-1.620201
2006-08-30,-1.537987
2006-08-31,-1.654905
2006-09-01,-1.112569
2006-09-05,-0.943610
2006-09-06,-1.923425
2006-09-07,-2.394098
2006-09-08,-2.024497
2006-09-11,-1.977731
2006-09-12,-0.962468
2006-09-13,-0.580049
2006-09-14,-0.715060
2006-09-15,-0.460112
2006-09-18,-0.345459
2006-09-19,-0.612478
2006-09-20,-0.043745
2006-09-21,-0.583060
2006-09-22,-0.828203
2006-09-25,0.000000
2006-09-26,0.000000
2006-09-27,0.000000
2006-09-28,0.000000
2006-09-29,-0.226311
2006-10-02,-0.564655
2006-10-03,-0.356269
2006-10-04,0.000000
2006-10-05,0.000000
2006-10-06,-0.268249
2006-10-09,-0.189174
2006-10-10,0.000000
2006-10-11,-0.256394
2006-10-12,0.000000
2006-10-13,0.000000
2006-10-16,0.000000
2006-10-17,-0.365945
2006-10-18,-0.238120
2006-10-19,-0.153397
2006-10-20,-0.033606
2006-10-23,0.000000
2006-10-24,0.000000
2006-10-25,0.000000
2006-10-26,0.000000
2006-10-27,-0.845163
2006-10-30,-0.802683
2006-10-31,-0.801971
2006-11-01,-1.531222
2006-11-02,-1.565064
2006-11-03,-1.783908
2006-11-06,-0.669503
2006-11-07,-0.449217
2006-11-08,-0.241886
2006-11-09,-0.773894
2006-11-10,-0.588874
2006-11-13,-0.335468
2006-11-14,0.000000
2006-11-15,0.000000
2006-11-16,0.000000
2006-11-17,0.000000
2006-11-20,-0.049954
2006-11-21,0.000000
2006-11-22,0.000000
2006-11-24,-0.365554
2006-11-27,-1.716107
2006-11-28,-1.377579
2006-11-29,-0.470097
2006-11-30,-0.388308
2006-12-01,-0.667098
2006-12-04,0.000000
2006-12-05,0.000000
2006-12-06,-0.131470
2006-12-07,-0.528003
2006-12-08,-0.347765
2006-12-11,-0.121573
2006-12-12,-0.226183
2006-12-13,-0.109563
2006-12-14,0.000000
2006-12-15,0.000000
2006-12-18,-0.323034
2006-12-19,-0.107906
2006-12-20,-0.249454
2006-12-21,-0.615933
2006-12-22,-1.144284
2006-12-26,-0.714036
2006-12-27,-0.017518
2006-12-28,-0.165371
2006-12-29,-0.615933
2007-01-03,-0.735062
2007-01-04,-0.613136
2007-01-05,-1.217863
2007-01-08,-0.998536
2007-01-09,-1.049687
2007-01-10,-0.857689
2007-01-11,-0.229139
2007-01-12,0.000000
2007-01-16,0.000000
2007-01-17,-0.089394
2007-01-18,-0.386202
2007-01-19,-0.097774
2007-01-22,-0.625049
2007-01-23,-0.273066
2007-01-24,0.000000
2007-01-25,-1.126980
2007-01-26,-1.246412
2007-01-29,-1.354739
2007-01-30,-0.785350
2007-01-31,-0.131239
2007-02-01,0.000000
2007-02-02,0.000000
2007-02-05,-0.096661
2007-02-06,-0.026927
2007-02-07,0.000000
2007-02-08,-0.117927
2007-02-09,-0.824814
2007-02-12,-1.148262
2007-02-13,-0.397237
2007-02-14,0.000000
2007-02-15,0.000000
2007-02-16,-0.087178
2007-02-20,0.000000
2007-02-21,-0.140445
2007-02-22,-0.226080
2007-02-23,-0.581642
2007-02-26,-0.706323
2007-02-27,-4.154336
2007-02-28,-3.621349
2007-03-01,-3.871397
2007-03-02,-4.967528
2007-03-05,-5.861563
2007-03-06,-4.403021
2007-03-07,-4.638693
2007-03-08,-3.959089
2007-03-09,-3.894010
2007-03-12,-3.636419
2007-03-13,-5.599179
2007-03-14,-4.967528
2007-03-15,-4.617452
2007-03-16,-4.982606
2007-03-19,-3.947440
2007-03-20,-3.339096
2007-03-21,-1.688042
2007-03-22,-1.722296
2007-03-23,-1.614742
2007-03-26,-1.519515
2007-03-27,-2.128553
2007-03-28,-2.908177
2007-03-29,-2.545080
2007-03-30,-2.659492
2007-04-02,-2.406692
2007-04-03,-1.501016
2007-04-04,-1.391405
2007-04-05,-1.090653
2007-04-09,-1.032423
2007-04-10,-0.773460
2007-04-11,-1.425659
2007-04-12,-0.813877
2007-04-13,-0.467916
2007-04-16,0.000000
2007-04-17,0.000000
2007-04-18,0.000000
2007-04-19,-0.120205
2007-04-20,0.000000
2007-04-23,-0.230399
2007-04-24,-0.265432
2007-04-25,0.000000
2007-04-26,-0.078242
2007-04-27,-0.090282
2007-04-30,-0.872668
2007-05-01,-0.609862
2007-05-02,0.000000
2007-05-03,0.000000
2007-05-04,0.000000
2007-05-07,0.000000
2007-05-08,-0.116597
2007-05-09,0.000000
2007-05-10,-1.395628
2007-05-11,-0.444934
2007-05-14,-0.623434
2007-05-15,-0.753019
2007-05-16,0.000000
2007-05-17,-0.091802
2007-05-18,0.000000
2007-05-21,0.000000
2007-05-22,-0.064257
2007-05-23,-0.184902
2007-05-24,-1.153365
2007-05-25,-0.614386
2007-05-29,-0.458330
2007-05-30,0.000000
2007-05-31,0.000000
2007-06-01,0.000000
2007-06-04,0.000000
2007-06-05,-0.534707
2007-06-06,-1.416342
2007-06-07,-3.148435
2007-06-08,-2.047195
2007-06-11,-1.952992
2007-06-12,-3.000302
2007-06-13,-1.527437
2007-06-14,-1.053164
2007-06-15,-0.407361
2007-06-18,-0.528204
2007-06-19,-0.356040
2007-06-20,-1.711306
2007-06-21,-1.103842
2007-06-22,-2.379189
2007-06-25,-2.692347
2007-06-26,-3.007448
2007-06-27,-2.133609
2007-06-28,-2.174540
2007-06-29,-2.327868
2007-07-02,-1.283151
2007-07-03,-0.929720
2007-07-05,-0.895284
2007-07-06,-0.567842
2007-07-09,-0.476233
2007-07-10,-1.888022
2007-07-11,-1.326683
2007-07-12,0.000000
2007-07-13,0.000000
2007-07-16,-0.191947
2007-07-17,-0.201611
2007-07-18,-0.407727
2007-07-19,0.000000
2007-07-20,-1.222086
2007-07-23,-0.741109
2007-07-24,-2.706874
2007-07-25,-2.252942
2007-07-26,-4.534211
2007-07-27,-6.060860
2007-07-30,-5.097608
2007-07-31,-6.297804
2007-08-01,-5.619150
2007-08-02,-5.207717
2007-08-03,-7.727863
2007-08-06,-5.499389
2007-08-07,-4.917325
2007-08-08,-3.579337
2007-08-09,-6.438174
2007-08-10,-6.402757
2007-08-13,-6.449115
2007-08-14,-8.147676
2007-08-15,-9.425143
2007-08-16,-9.130884
2007-08-17,-6.898551
2007-08-20,-6.923656
2007-08-21,-6.822570
2007-08-22,-5.731193
2007-08-23,-5.832279
2007-08-24,-4.746051
2007-08-27,-5.556051
2007-08-28,-7.772940
2007-08-29,-5.751149
2007-08-30,-6.145205
2007-08-31,-5.092459
2007-09-04,-4.098946
2007-09-05,-5.201916
2007-09-06,-4.798845
2007-09-07,-6.408550
2007-09-10,-6.527675
2007-09-11,-5.253430
2007-09-12,-5.248918
2007-09-13,-4.451156
2007-09-14,-4.431836
2007-09-17,-4.921185
2007-09-18,-2.144122
2007-09-19,-1.548531
2007-09-20,-2.210444
2007-09-21,-1.759726
2007-09-24,-2.276121
2007-09-25,-2.309604
2007-09-26,-1.780972
2007-09-27,-1.397220
2007-09-28,-1.695338
2007-10-01,-0.388899
2007-10-02,-0.415301
2007-10-03,-0.868596
2007-10-04,-0.659334
2007-10-05,0.000000
2007-10-08,-0.321651
2007-10-09,0.000000
2007-10-10,-0.171233
2007-10-11,-0.686196
2007-10-12,-0.214035
2007-10-15,-1.050383
2007-10-16,-1.700795
2007-10-17,-1.527651
2007-10-18,-1.601768
2007-10-19,-4.122290
2007-10-22,-3.758111
2007-10-23,-2.910907
2007-10-24,-3.147942
2007-10-25,-3.242501
2007-10-26,-1.908443
2007-10-29,-1.544264
2007-10-30,-2.180622
2007-10-31,-1.007572
2007-11-01,-3.623300
2007-11-02,-3.545986
2007-11-05,-4.023894
2007-11-06,-2.867457
2007-11-07,-5.720220
2007-11-08,-5.774527
2007-11-09,-7.120728
2007-11-12,-8.048428
2007-11-13,-5.373285
2007-11-14,-6.042237
2007-11-15,-7.283647
2007-11-16,-6.798711
2007-11-19,-8.426030
2007-11-20,-8.015211
2007-11-21,-9.480242
2007-11-23,-7.951319
2007-11-26,-10.090410
2007-11-27,-8.748046
2007-11-28,-6.141903
2007-11-29,-6.097182
2007-11-30,-5.367537
2007-12-03,-5.924670
2007-12-04,-6.539947
2007-12-05,-5.120277
2007-12-06,-3.693579
2007-12-07,-3.864805
2007-12-10,-3.142834
2007-12-11,-5.590518
2007-12-12,-5.019331
2007-12-13,-4.903044
2007-12-14,-6.210272
2007-12-17,-7.619078
2007-12-18,-7.038945
2007-12-19,-7.165449
2007-12-20,-6.710541
2007-12-21,-5.155420
2007-12-24,-4.389360
2007-12-26,-4.312046
2007-12-27,-5.678689
2007-12-28,-5.536852
2007-12-31,-6.184074
2008-01-02,-7.538574
2008-01-03,-7.538574
2008-01-04,-9.808646
2008-01-07,-9.517936
2008-01-08,-11.178486
2008-01-09,-9.968375
2008-01-10,-9.252791
2008-01-11,-10.486535
2008-01-14,-9.513467
2008-01-15,-11.768845
2008-01-16,-12.264005
2008-01-17,-14.816473
2008-01-18,-15.331443
2008-01-22,-16.270007
2008-01-23,-14.474654
2008-01-24,-13.614035
2008-01-25,-14.985147
2008-01-28,-13.493279
2008-01-29,-12.960417
2008-01-30,-13.375073
2008-01-31,-11.922178
2008-02-01,-10.844327
2008-02-04,-11.777151
2008-02-05,-14.599879
2008-02-06,-15.250939
2008-02-07,-14.582627
2008-02-08,-14.941698
2008-02-11,-14.440789
2008-02-12,-13.819125
2008-02-13,-12.646715
2008-02-14,-13.819125
2008-02-15,-13.746927
2008-02-19,-13.824234
2008-02-20,-13.105453
2008-02-21,-14.223556
2008-02-22,-13.547586
2008-02-25,-12.353447
2008-02-26,-11.747116
2008-02-27,-11.828259
2008-02-28,-12.616680
2008-02-29,-14.983868
2008-03-03,-14.938508
2008-03-04,-15.231768
2008-03-05,-14.787724
2008-03-06,-16.663582
2008-03-07,-17.364471
2008-03-10,-18.642304
2008-03-11,-15.621506
2008-03-12,-16.380539
2008-03-13,-15.951828
2008-03-14,-17.698623
2008-03-17,-18.435935
2008-03-18,-14.976841
2008-03-19,-17.041816
2008-03-20,-15.055427
2008-03-24,-13.753954
2008-03-25,-13.555252
2008-03-26,-14.313006
2008-03-27,-15.295020
2008-03-28,-15.968441
2008-03-31,-15.490532
2008-04-01,-12.456951
2008-04-02,-12.626265
2008-04-03,-12.512536
2008-04-04,-12.442897
2008-04-07,-12.306168
2008-04-08,-12.753409
2008-04-09,-13.459415
2008-04-10,-13.072228
2008-04-11,-14.843310
2008-04-14,-15.131462
2008-04-15,-14.741077
2008-04-16,-12.806444
2008-04-17,-12.752130
2008-04-18,-11.169541
2008-04-21,-11.307541
2008-04-22,-12.088942
2008-04-23,-11.834007
2008-04-24,-11.266018
2008-04-25,-10.689714
2008-04-28,-10.783633
2008-04-29,-11.130568
2008-04-30,-11.472386
2008-05-01,-9.954960
2008-05-02,-9.663610
2008-05-05,-10.073158
2008-05-06,-9.385044
2008-05-07,-11.026424
2008-05-08,-10.699931
2008-05-09,-11.300514
2008-05-12,-10.322976
2008-05-13,-10.357473
2008-05-14,-9.998402
2008-05-15,-9.045783
2008-05-16,-8.932054
2008-05-19,-8.850271
2008-05-20,-9.695556
2008-05-21,-11.145261
2008-05-22,-10.912695
2008-05-23,-12.089574
2008-05-27,-11.487720
2008-05-28,-11.136955
2008-05-29,-10.662876
2008-05-30,-10.527427
2008-06-02,-11.467270
2008-06-03,-11.979682
2008-06-04,-12.008438
2008-06-05,-10.292941
2008-06-06,-13.063921
2008-06-09,-12.994921
2008-06-10,-13.207046
2008-06-11,-14.673356
2008-06-12,-14.393510
2008-06-13,-13.105453
2008-06-16,-13.098425
2008-06-17,-13.686865
2008-06-18,-14.525123
2008-06-19,-14.204393
2008-06-20,-15.795289
2008-06-23,-15.790820
2008-06-24,-16.027856
2008-06-25,-15.537172
2008-06-26,-18.017442
2008-06-27,-18.322206
2008-06-30,-18.218702
2008-07-01,-17.904992
2008-07-02,-19.399419
2008-07-03,-19.311248
2008-07-07,-19.987858
2008-07-08,-18.621223
2008-07-09,-20.474720
2008-07-10,-19.918858
2008-07-11,-20.806953
2008-07-14,-21.521897
2008-07-15,-22.377407
2008-07-16,-20.431910
2008-07-17,-19.476093
2008-07-18,-19.453085
2008-07-21,-19.496535
2008-07-22,-18.410377
2008-07-23,-18.078783
2008-07-24,-19.973164
2008-07-25,-19.639652
2008-07-28,-21.134078
2008-07-29,-19.292085
2008-07-30,-17.946523
2008-07-31,-19.025014
2008-08-01,-19.476725
2008-08-04,-20.198704
2008-08-05,-17.906911
2008-08-06,-17.631542
2008-08-07,-19.108716
2008-08-08,-17.175994
2008-08-11,-16.600969
2008-08-12,-17.605984
2008-08-13,-17.846217
2008-08-14,-17.392580
2008-08-15,-17.055878
2008-08-18,-18.308152
2008-08-19,-19.069104
2008-08-20,-18.567548
2008-08-21,-18.364377
2008-08-22,-17.439227
2008-08-25,-19.059518
2008-08-26,-18.761142
2008-08-27,-18.112640
2008-08-28,-16.897420
2008-08-29,-18.037892
2008-09-02,-18.373323
2008-09-03,-18.539440
2008-09-04,-20.976907
2008-09-05,-20.626774
2008-09-08,-18.998817
2008-09-09,-21.764049
2008-09-10,-21.282943
2008-09-11,-20.196145
2008-09-12,-20.026839
2008-09-15,-23.796446
2008-09-16,-22.461109
2008-09-17,-26.116347
2008-09-18,-22.914098
2008-09-19,-19.810885
2008-09-22,-22.877044
2008-09-23,-24.082679
2008-09-24,-24.232823
2008-09-25,-22.743505
2008-09-26,-22.482190
2008-09-29,-29.309010
2008-09-30,-25.479349
2008-10-01,-25.817970
2008-10-02,-28.806823
2008-10-03,-29.768395
2008-10-06,-32.473565
2008-10-07,-36.349234
2008-10-08,-36.962628
2008-10-09,-41.739022
2008-10-10,-42.424130
2008-10-13,-35.241840
2008-10-14,-35.586492
2008-10-15,-41.406238
2008-10-16,-38.915567
2008-10-17,-39.295074
2008-10-20,-36.400365
2008-10-21,-38.359216
2008-10-22,-42.120072
2008-10-23,-41.388815
2008-10-24,-43.411557
2008-10-27,-45.209053
2008-10-28,-39.297654
2008-10-29,-39.970180
2008-10-30,-37.242068
2008-10-31,-36.277767
2008-11-03,-36.438924
2008-11-04,-33.843989
2008-11-05,-37.150713
2008-11-06,-40.309769
2008-11-07,-38.587429
2008-11-10,-39.364492
2008-11-11,-40.700940
2008-11-12,-43.778199
2008-11-13,-39.886936
2008-11-14,-42.393599
2008-11-17,-43.880444
2008-11-18,-43.328319
2008-11-19,-46.794108
2008-11-20,-50.365444
2008-11-21,-47.226177
2008-11-24,-43.810521
2008-11-25,-43.442437
2008-11-26,-41.444364
2008-11-28,-40.879706
2008-12-01,-46.158867
2008-12-02,-44.008416
2008-12-03,-42.561808
2008-12-04,-44.245231
2008-12-05,-42.210215
2008-12-08,-39.991818
2008-12-09,-40.662770
2008-12-10,-39.957002
2008-12-11,-41.669671
2008-12-12,-41.259701
2008-12-15,-42.004862
2008-12-16,-39.026216
2008-12-17,-39.611129
2008-12-18,-40.889120
2008-12-19,-40.715517
2008-12-22,-41.800543
2008-12-23,-42.366094
2008-12-24,-41.281305
2008-12-26,-40.966798
2008-12-29,-40.789725
2008-12-30,-38.456011
2008-12-31,-37.584650
2009-01-02,-34.685238
2009-01-05,-34.990151
2009-01-06,-34.481960
2009-01-07,-36.448132
2009-01-08,-36.232241
2009-01-09,-37.590688
2009-01-12,-38.998899
2009-01-13,-38.891656
2009-01-14,-40.936333
2009-01-15,-40.857827
2009-01-16,-40.410619
2009-01-20,-43.557897
2009-01-21,-41.103160
2009-01-22,-41.996173
2009-01-23,-41.684248
2009-01-26,-41.360409
2009-01-27,-40.719737
2009-01-28,-38.730433
2009-01-29,-40.759692
2009-01-30,-42.109727
2009-02-02,-42.140569
2009-02-03,-41.224423
2009-02-04,-41.664624
2009-02-05,-40.709927
2009-02-06,-39.115260
2009-02-09,-39.024834
2009-02-10,-42.020007
2009-02-11,-41.558779
2009-02-12,-41.457140
2009-02-13,-42.042434
2009-02-17,-44.682925
2009-02-18,-44.735497
2009-02-19,-45.399999
2009-02-20,-46.023146
2009-02-23,-47.896090
2009-02-24,-45.806550
2009-02-25,-46.384135
2009-02-26,-47.230185
2009-02-27,-48.473674
2009-03-02,-50.875840
2009-03-03,-51.190567
2009-03-04,-50.031193
2009-03-05,-52.156482
2009-03-06,-52.098301
2009-03-09,-52.578452
2009-03-10,-49.559453
2009-03-11,-49.436085
2009-03-12,-47.376686
2009-03-13,-46.969432
2009-03-16,-47.155884
2009-03-17,-45.457477
2009-03-18,-44.319833
2009-03-19,-45.042515
2009-03-20,-46.128991
2009-03-23,-42.317210
2009-03-24,-43.494810
2009-03-25,-42.950870
2009-03-26,-41.620463
2009-03-27,-42.806474
2009-03-30,-44.797878
2009-03-31,-44.073096
2009-04-01,-43.147136
2009-04-02,-41.513917
2009-04-03,-40.944744
2009-04-06,-41.436814
2009-04-07,-42.833812
2009-04-08,-42.160198
2009-04-09,-39.959205
2009-04-13,-39.807099
2009-04-14,-41.014839
2009-04-15,-40.274634
2009-04-16,-39.346573
2009-04-17,-39.045164
2009-04-20,-41.653406
2009-04-21,-40.413421
2009-04-22,-40.871145
2009-04-23,-40.284448
2009-04-24,-39.281385
2009-04-27,-39.892614
2009-04-28,-40.057340
2009-04-29,-38.761977
2009-04-30,-38.820157
2009-05-01,-38.490007
2009-05-04,-36.406778
2009-05-05,-36.647906
2009-05-06,-35.545304
2009-05-07,-36.396262
2009-05-08,-34.865384
2009-05-11,-36.266587
2009-05-12,-36.328973
2009-05-13,-38.041400
2009-05-14,-37.400026
2009-05-15,-38.114297
2009-05-18,-36.233640
2009-05-19,-35.748550
2009-05-20,-35.652581
2009-05-21,-36.730887
2009-05-22,-36.825614
2009-05-26,-35.163991
2009-05-27,-36.394005
2009-05-28,-35.413270
2009-05-29,-34.536521
2009-06-01,-32.846411
2009-06-02,-32.713226
2009-06-03,-33.637693
2009-06-04,-32.875611
2009-06-05,-30.965073
2009-06-08,-31.034837
2009-06-09,-30.710810
2009-06-10,-30.951960
2009-06-11,-30.529945
2009-06-12,-30.432896
2009-06-15,-32.086406
2009-06-16,-32.493176
2009-06-17,-32.179796
2009-06-18,-31.609360
2009-06-19,-30.313850
2009-06-22,-32.446274
2009-06-23,-32.290446
2009-06-24,-31.848679
2009-06-25,-29.499276
2009-06-26,-29.603464
2009-06-29,-28.965310
2009-06-30,-29.571289
2009-07-01,-29.264084
2009-07-02,-31.325650
2009-07-06,-31.149449
2009-07-07,-32.504668
2009-07-08,-32.617287
2009-07-09,-32.378265
2009-07-10,-32.650228
2009-07-13,-30.970948
2009-07-14,-30.603985
2009-07-15,-28.547787
2009-07-16,-27.930314
2009-07-17,-27.957892
2009-07-20,-27.134339
2009-07-21,-26.870035
2009-07-22,-26.909107
2009-07-23,-25.206844
2009-07-24,-24.979312
2009-07-27,-24.755613
2009-07-28,-24.951733
2009-07-29,-25.294176
2009-07-30,-24.405507
2009-07-31,-24.349583
2009-08-03,-23.188946
2009-08-04,-22.957584
2009-08-05,-23.182054
2009-08-06,-23.614128
2009-08-07,-22.587563
2009-08-10,-22.846504
2009-08-11,-23.551532
2009-08-12,-22.670453
2009-08-13,-22.138425
2009-08-14,-22.802689
2009-08-17,-24.675559
2009-08-18,-23.911343
2009-08-19,-23.389306
2009-08-20,-22.550516
2009-08-21,-21.108192
2009-08-24,-21.151251
2009-08-25,-20.964422
2009-08-26,-20.955196
2009-08-27,-20.735313
2009-08-28,-19.792171
2009-08-31,-20.113024
2009-09-01,-21.721126
2009-09-02,-21.536692
2009-09-03,-20.867024
2009-09-04,-19.828994
2009-09-08,-18.300821
2009-09-09,-17.665007
2009-09-10,-16.806893
2009-09-11,-16.919239
2009-09-14,-16.392580
2009-09-15,-16.130443
2009-09-16,-14.845265
2009-09-17,-15.105808
2009-09-18,-14.881913
2009-09-21,-12.248715
2009-09-22,-11.671762
2009-09-23,-12.561097
2009-09-24,-13.392731
2009-09-25,-13.920233
2009-09-28,-8.863473
2009-09-29,-9.066669
2009-09-30,-8.955618
2009-10-01,-7.577095
2009-10-02,-6.733806
2009-10-05,-2.911378
2009-10-06,-1.580731
2009-10-07,-1.313857
2009-10-08,-0.576680
2009-10-09,-0.015867
2009-10-12,0.000000
2009-10-13,-0.278761
2009-10-14,0.000000
2009-10-15,0.000000
2009-10-16,-0.809806
2009-10-19,0.000000
2009-10-20,-0.623910
2009-10-21,-1.503767
2009-10-22,-0.455411
2009-10-23,-1.667719
2009-10-26,-2.819911
2009-10-27,-3.142334
2009-10-28,-5.035024
2009-10-29,-2.896417
2009-10-30,-5.621598
2009-11-02,-5.012253
2009-11-03,-4.781813
2009-11-04,-4.682536
2009-11-05,-2.849052
2009-11-06,-2.605859
2009-11-09,-0.439934
2009-11-10,-0.446305
2009-11-11,0.000000
2009-11-12,-1.025937
2009-11-13,-0.457896
2009-11-16,0.000000
2009-11-17,0.000000
2009-11-18,-0.046824
2009-11-19,-1.388782
2009-11-20,-1.705809
2009-11-23,-0.367458
2009-11-24,-0.420592
2009-11-25,0.000000
2009-11-27,-1.723348
2009-11-30,-1.350585
2009-12-01,-0.159371
2009-12-02,-0.125156
2009-12-03,-0.964314
2009-12-04,-0.418684
2009-12-07,-0.664488
2009-12-08,-1.682834
2009-12-09,-1.321777
2009-12-10,-0.745525
2009-12-11,-0.379962
2009-12-14,0.000000
2009-12-15,-0.554697
2009-12-16,-0.442499
2009-12-17,-1.618335
2009-12-18,-1.044781
2009-12-21,-0.005380
2009-12-22,0.000000
2009-12-23,0.000000
2009-12-24,0.000000
2009-12-28,0.000000
2009-12-29,-0.140105
2009-12-30,-0.120590
2009-12-31,-1.124337
2010-01-04,0.000000
2010-01-05,0.000000
2010-01-06,0.000000
2010-01-07,0.000000
2010-01-08,0.000000
2010-01-11,0.000000
2010-01-12,-0.938117
2010-01-13,-0.113335
2010-01-14,0.000000
2010-01-15,-1.082313
2010-01-19,0.000000
2010-01-20,-1.059783
2010-01-21,-2.934196
2010-01-22,-5.083329
2010-01-25,-4.646893
2010-01-26,-5.047681
2010-01-27,-4.584299
2010-01-28,-5.711897
2010-01-29,-6.638671
2010-02-01,-5.306768
2010-02-02,-4.078318
2010-02-03,-4.603423
2010-02-04,-7.574137
2010-02-05,-7.306368
2010-02-08,-8.127939
2010-02-09,-6.929915
2010-02-10,-7.137701
2010-02-11,-6.238753
2010-02-12,-6.496090
2010-02-16,-4.812949
2010-02-17,-4.409550
2010-02-18,-3.780112
2010-02-19,-3.569715
2010-02-22,-3.670568
2010-02-23,-4.836424
2010-02-24,-3.911391
2010-02-25,-4.111355
2010-02-26,-3.976595
2010-03-01,-3.001141
2010-03-02,-2.775090
2010-03-03,-2.733361
2010-03-04,-2.369962
2010-03-05,-1.002411
2010-03-08,-1.019794
2010-03-09,-0.850267
2010-03-10,-0.401658
2010-03-11,0.000000
2010-03-12,-0.021735
2010-03-15,0.000000
2010-03-16,0.000000
2010-03-17,0.000000
2010-03-18,-0.032585
2010-03-19,-0.541064
2010-03-22,-0.034291
2010-03-23,0.000000
2010-03-24,-0.549330
2010-03-25,-0.718811
2010-03-26,-0.645569
2010-03-29,-0.080914
2010-03-30,-0.076652
2010-03-31,-0.403689
2010-04-01,0.000000
2010-04-05,0.000000
2010-04-06,0.000000
2010-04-07,-0.587671
2010-04-08,-0.252220
2010-04-09,0.000000
2010-04-12,0.000000
2010-04-13,0.000000
2010-04-14,0.000000
2010-04-15,0.000000
2010-04-16,-1.612653
2010-04-19,-1.167812
2010-04-20,-0.371388
2010-04-21,-0.472910
2010-04-22,-0.247592
2010-04-23,0.000000
2010-04-26,-0.429645
2010-04-27,-2.757793
2010-04-28,-2.129341
2010-04-29,-0.862579
2010-04-30,-2.512987
2010-05-03,-1.233900
2010-05-04,-3.588332
2010-05-05,-4.223353
2010-05-06,-7.322063
2010-05-07,-8.740801
2010-05-10,-4.727758
2010-05-11,-5.051425
2010-05-12,-3.746877
2010-05-13,-4.915885
2010-05-14,-6.703468
2010-05-17,-6.599968
2010-05-18,-7.925866
2010-05-19,-8.398230
2010-05-20,-11.968492
2010-05-21,-10.645873
2010-05-24,-11.799257
2010-05-25,-11.768040
2010-05-26,-12.267521
2010-05-27,-9.383212
2010-05-28,-10.504567
2010-06-01,-12.040785
2010-06-02,-9.767680
2010-06-03,-9.402115
2010-06-04,-12.519718
2010-06-07,-13.703507
2010-06-08,-12.756311
2010-06-09,-13.274685
2010-06-10,-10.715699
2010-06-11,-10.324662
2010-06-14,-10.486496
2010-06-15,-8.383449
2010-06-16,-8.434382
2010-06-17,-8.316902
2010-06-18,-8.196144
2010-06-21,-8.550217
2010-06-22,-10.019878
2010-06-23,-10.288511
2010-06-24,-11.795978
2010-06-25,-11.543771
2010-06-28,-11.723686
2010-06-29,-14.461754
2010-06-30,-15.326799
2010-07-01,-15.601179
2010-07-02,-15.994677
2010-07-06,-15.544490
2010-07-07,-12.898430
2010-07-08,-12.078571
2010-07-09,-11.445195
2010-07-12,-11.380293
2010-07-13,-10.017421
2010-07-14,-10.031380
2010-07-15,-9.923768
2010-07-16,-12.519718
2010-07-19,-11.996420
2010-07-20,-10.991723
2010-07-21,-12.132793
2010-07-22,-10.154606
2010-07-23,-9.416075
2010-07-26,-8.401519
2010-07-27,-8.497639
2010-07-28,-9.131015
2010-07-29,-9.508905
2010-07-30,-9.503159
2010-08-02,-7.510190
2010-08-03,-7.953804
2010-08-04,-7.396822
2010-08-05,-7.514292
2010-08-06,-7.856862
2010-08-09,-7.351635
2010-08-10,-7.904506
2010-08-11,-10.499643
2010-08-12,-10.981043
2010-08-13,-11.339217
2010-08-16,-11.328537
2010-08-17,-10.247436
2010-08-18,-10.114353
2010-08-19,-11.636601
2010-08-20,-11.960279
2010-08-23,-12.315986
2010-08-24,-13.588495
2010-08-25,-13.304258
2010-08-26,-13.970496
2010-08-27,-12.543545
2010-08-30,-13.830834
2010-08-31,-13.797160
2010-09-01,-11.253778
2010-09-02,-10.447888
2010-09-03,-9.264098
2010-09-07,-10.304947
2010-09-08,-9.727428
2010-09-09,-9.291204
2010-09-10,-8.850057
2010-09-13,-7.835502
2010-09-14,-7.901227
2010-09-15,-7.575092
2010-09-16,-7.608766
2010-09-17,-7.532372
2010-09-20,-6.125958
2010-09-21,-6.366653
2010-09-22,-6.818480
2010-09-23,-7.594807
2010-09-24,-5.636335
2010-09-27,-6.171135
2010-09-28,-5.716029
2010-09-29,-5.960013
2010-09-30,-6.250006
2010-10-01,-5.835965
2010-10-04,-6.592567
2010-10-05,-4.643963
2010-10-06,-4.708042
2010-10-07,-4.864942
2010-10-08,-4.282499
2010-10-11,-4.268540
2010-10-12,-3.902965
2010-10-13,-3.218656
2010-10-14,-3.571074
2010-10-15,-3.375566
2010-10-18,-2.675643
2010-10-19,-4.220886
2010-10-20,-3.212900
2010-10-21,-3.041208
2010-10-22,-2.809549
2010-10-25,-2.600883
2010-10-26,-2.599239
2010-10-27,-2.861304
2010-10-28,-2.752037
2010-10-29,-2.794757
2010-11-01,-2.702749
2010-11-02,-1.947792
2010-11-03,-1.587151
2010-11-04,0.000000
2010-11-05,0.000000
2010-11-08,-0.212096
2010-11-09,-1.015618
2010-11-10,-0.582454
2010-11-11,-1.004196
2010-11-12,-2.173187
2010-11-15,-2.292285
2010-11-16,-3.875679
2010-11-17,-3.855285
2010-11-18,-2.378760
2010-11-19,-2.130766
2010-11-22,-2.284946
2010-11-23,-3.680711
2010-11-24,-2.243341
2010-11-26,-2.973443
2010-11-29,-3.107229
2010-11-30,-3.695389
2010-12-01,-1.613577
2010-12-02,-0.352404
2010-12-03,-0.092998
2010-12-06,-0.222701
2010-12-07,-0.171308
2010-12-08,0.000000
2010-12-09,0.000000
2010-12-10,0.000000
2010-12-13,0.000000
2010-12-14,0.000000
2010-12-15,-0.512245
2010-12-16,0.000000
2010-12-17,0.000000
2010-12-20,0.000000
2010-12-21,0.000000
2010-12-22,0.000000
2010-12-23,-0.164433
2010-12-27,-0.103264
2010-12-28,-0.026211
2010-12-29,0.000000
2010-12-30,-0.150822
2010-12-31,-0.169872
2011-01-03,0.000000
2011-01-04,-0.131306
2011-01-05,0.000000
2011-01-06,-0.212296
2011-01-07,-0.396382
2011-01-10,-0.533470
2011-01-11,-0.162944
2011-01-12,0.000000
2011-01-13,-0.171075
2011-01-14,0.000000
2011-01-18,0.000000
2011-01-19,-1.011566
2011-01-20,-1.139751
2011-01-21,-0.901148
2011-01-24,-0.322779
2011-01-25,-0.296518
2011-01-26,0.000000
2011-01-27,0.000000
2011-01-28,-1.785253
2011-01-31,-1.032676
2011-02-01,0.000000
2011-02-02,-0.272252
2011-02-03,-0.037473
2011-02-04,0.000000
2011-02-07,0.000000
2011-02-08,0.000000
2011-02-09,-0.278577
2011-02-10,-0.203836
2011-02-11,0.000000
2011-02-14,0.000000
2011-02-15,-0.323491
2011-02-16,0.000000
2011-02-17,0.000000
2011-02-18,0.000000
2011-02-22,-2.052857
2011-02-23,-2.651506
2011-02-24,-2.748307
2011-02-25,-1.722251
2011-02-28,-1.175720
2011-03-01,-2.731182
2011-03-02,-2.574074
2011-03-03,-0.896497
2011-03-04,-1.627686
2011-03-07,-2.448232
2011-03-08,-1.577804
2011-03-09,-1.711826
2011-03-10,-3.566617
2011-03-11,-2.883819
2011-03-14,-3.471307
2011-03-15,-4.552462
2011-03-16,-6.413206
2011-03-17,-5.159309
2011-03-18,-4.750527
2011-03-21,-3.323133
2011-03-22,-3.666390
2011-03-23,-3.385676
2011-03-24,-2.483226
2011-03-25,-2.174962
2011-03-28,-2.443769
2011-03-29,-1.755018
2011-03-30,-1.098279
2011-03-31,-1.279220
2011-04-01,-0.789270
2011-04-04,-0.755022
2011-04-05,-0.772891
2011-04-06,-0.556211
2011-04-07,-0.707366
2011-04-08,-1.104978
2011-04-11,-1.381229
2011-04-12,-2.148158
2011-04-13,-2.129543
2011-04-14,-2.121354
2011-04-15,-1.737139
2011-04-18,-2.819785
2011-04-19,-2.262829
2011-04-20,-0.941916
2011-04-21,-0.419208
2011-04-25,-0.577807
2011-04-26,0.000000
2011-04-27,0.000000
2011-04-28,0.000000
2011-04-29,0.000000
2011-05-02,-0.175271
2011-05-03,-0.512609
2011-05-04,-1.194626
2011-05-05,-2.090774
2011-05-06,-1.716769
2011-05-09,-1.270154
2011-05-10,-0.473006
2011-05-11,-1.578899
2011-05-12,-1.097085
2011-05-13,-1.894967
2011-05-16,-2.503649
2011-05-17,-2.539583
2011-05-18,-1.681561
2011-05-19,-1.467429
2011-05-20,-2.224974
2011-05-23,-3.390998
2011-05-24,-3.470931
2011-05-25,-3.163662
2011-05-26,-2.780857
2011-05-27,-2.384113
2011-05-31,-1.350095
2011-06-01,-3.597798
2011-06-02,-3.715875
2011-06-03,-4.653086
2011-06-06,-5.679039
2011-06-07,-5.769248
2011-06-08,-6.163780
2011-06-09,-5.471505
2011-06-10,-6.792998
2011-06-13,-6.730666
2011-06-14,-5.554373
2011-06-15,-7.200735
2011-06-16,-7.037934
2011-06-17,-6.754863
2011-06-20,-6.251788
2011-06-21,-4.993361
2011-06-22,-5.607906
2011-06-23,-5.874846
2011-06-24,-6.978537
2011-06-27,-6.124186
2011-06-28,-4.909024
2011-06-29,-4.121409
2011-06-30,-3.151192
2011-07-01,-1.755630
2011-07-05,-1.886902
2011-07-06,-1.788636
2011-07-07,-0.761949
2011-07-08,-1.452757
2011-07-11,-3.235529
2011-07-12,-3.664535
2011-07-13,-3.365333
2011-07-14,-4.014344
2011-07-15,-3.481198
2011-07-18,-4.265886
2011-07-19,-2.704586
2011-07-20,-2.769855
2011-07-21,-1.452757
2011-07-22,-1.363290
2011-07-25,-1.919899
2011-07-26,-2.322515
2011-07-27,-4.306214
2011-07-28,-4.615685
2011-07-29,-5.230965
2011-08-01,-5.622579
2011-08-02,-8.034551
2011-08-03,-7.573281
2011-08-04,-11.993168
2011-08-05,-12.043765
2011-08-08,-17.904681
2011-08-09,-14.012801
2011-08-10,-17.809343
2011-08-11,-14.004735
2011-08-12,-13.552257
2011-08-15,-11.669025
2011-08-16,-12.529241
2011-08-17,-12.446372
2011-08-18,-16.350713
2011-08-19,-17.606204
2011-08-22,-17.584943
2011-08-23,-14.759353
2011-08-24,-13.640998
2011-08-25,-14.985221
2011-08-26,-13.699660
2011-08-29,-11.259087
2011-08-30,-11.050809
2011-08-31,-10.613003
2011-09-01,-11.674155
2011-09-02,-13.907203
2011-09-06,-14.547414
2011-09-07,-12.099500
2011-09-08,-13.032316
2011-09-09,-15.354831
2011-09-12,-14.765216
2011-09-13,-13.987870
2011-09-14,-12.828443
2011-09-15,-11.330219
2011-09-16,-10.824208
2011-09-19,-11.698361
2011-09-20,-11.845031
2011-09-21,-14.435944
2011-09-22,-17.163993
2011-09-23,-16.660184
2011-09-26,-14.715354
2011-09-27,-13.803799
2011-09-28,-15.587296
2011-09-29,-14.902352
2011-09-30,-17.027592
2011-10-03,-19.388242
2011-10-04,-17.575409
2011-10-05,-16.102842
2011-10-06,-14.567216
2011-10-07,-15.264630
2011-10-10,-12.373037
2011-10-11,-12.325368
2011-10-12,-11.466621
2011-10-13,-11.729890
2011-10-14,-10.195733
2011-10-17,-11.935231
2011-10-18,-10.137061
2011-10-19,-11.273750
2011-10-20,-10.869675
2011-10-21,-9.193243
2011-10-24,-8.024292
2011-10-25,-9.867920
2011-10-26,-8.918238
2011-10-27,-5.794913
2011-10-28,-5.758246
2011-10-31,-8.089552
2011-11-01,-10.657736
2011-11-02,-9.218909
2011-11-03,-7.513876
2011-11-04,-8.094690
2011-11-07,-7.516078
2011-11-08,-6.430720
2011-11-09,-9.864258
2011-11-10,-9.086912
2011-11-11,-7.315876
2011-11-14,-8.201022
2011-11-15,-7.758811
2011-11-16,-9.291509
2011-11-17,-10.815408
2011-11-18,-10.850607
2011-11-21,-12.513109
2011-11-22,-12.875378
2011-11-23,-14.800416
2011-11-25,-15.029220
2011-11-28,-12.544638
2011-11-29,-12.351042
2011-11-30,-8.554501
2011-12-01,-8.729038
2011-12-02,-8.751033
2011-12-05,-7.812353
2011-12-06,-7.710417
2011-12-07,-7.524144
2011-12-08,-9.479251
2011-12-09,-7.950957
2011-12-12,-9.323781
2011-12-13,-10.111396
2011-12-14,-11.131485
2011-12-15,-10.843275
2011-12-16,-10.556534
2011-12-19,-11.605959
2011-12-20,-8.969569
2011-12-21,-8.792104
2011-12-22,-8.038221
2011-12-23,-7.207342
2011-12-27,-7.200001
2011-12-28,-8.357959
2011-12-29,-7.376740
2011-12-30,-7.774218
2012-01-03,-6.347117
2012-01-04,-6.329518
2012-01-05,-6.053778
2012-01-06,-6.292116
2012-01-09,-6.080187
2012-01-10,-5.245637
2012-01-11,-5.216301
2012-01-12,-4.994829
2012-01-13,-5.464907
2012-01-17,-5.129028
2012-01-18,-4.075208
2012-01-19,-3.601469
2012-01-20,-3.536934
2012-01-23,-3.491466
2012-01-24,-3.590467
2012-01-25,-2.753715
2012-01-26,-3.313259
2012-01-27,-3.467269
2012-01-30,-3.710737
2012-01-31,-3.754736
2012-02-01,-2.898191
2012-02-02,-2.791850
2012-02-03,-1.372090
2012-02-06,-1.413896
2012-02-07,-1.214419
2012-02-08,-1.001021
2012-02-09,-0.855086
2012-02-10,-1.537828
2012-02-13,-0.868281
2012-02-14,-0.961417
2012-02-15,-1.494563
2012-02-16,-0.408471
2012-02-17,-0.174537
2012-02-21,-0.102670
2012-02-22,-0.436338
2012-02-23,-0.011002
2012-02-24,0.000000
2012-02-27,0.000000
2012-02-28,0.000000
2012-02-29,-0.473699
2012-03-01,0.000000
2012-03-02,-0.324576
2012-03-05,-0.710289
2012-03-06,-2.236388
2012-03-07,-1.561758
2012-03-08,-0.595298
2012-03-09,-0.234335
2012-03-12,-0.218326
2012-03-13,0.000000
2012-03-14,-0.119626
2012-03-15,0.000000
2012-03-16,0.000000
2012-03-19,0.000000
2012-03-20,-0.300052
2012-03-21,-0.486610
2012-03-22,-1.203757
2012-03-23,-0.896614
2012-03-26,0.000000
2012-03-27,-0.281678
2012-03-28,-0.774437
2012-03-29,-0.933984
2012-03-30,-0.567595
2012-04-02,0.000000
2012-04-03,-0.398864
2012-04-04,-1.415047
2012-04-05,-1.477061
2012-04-09,-2.596127
2012-04-10,-4.259927
2012-04-11,-3.546769
2012-04-12,-2.217703
2012-04-13,-3.437537
2012-04-16,-3.486166
2012-04-17,-1.991488
2012-04-18,-2.388941
2012-04-19,-2.968203
2012-04-20,-2.854747
2012-04-23,-3.671503
2012-04-24,-3.317036
2012-04-25,-1.997836
2012-04-26,-1.343166
2012-04-27,-1.104976
2012-04-30,-1.489035
2012-05-01,-0.931622
2012-05-02,-1.178965
2012-05-03,-1.935822
2012-05-04,-3.519285
2012-05-07,-3.485461
2012-05-08,-3.898415
2012-05-09,-4.542513
2012-05-10,-4.302208
2012-05-11,-4.626369
2012-05-14,-5.686243
2012-05-15,-6.228154
2012-05-16,-6.641109
2012-05-17,-8.046288
2012-05-18,-8.725622
2012-05-21,-7.261955
2012-05-22,-7.216853
2012-05-23,-7.059706
2012-05-24,-6.931445
2012-05-25,-7.132998
2012-05-29,-6.104126
2012-05-30,-7.450113
2012-05-31,-7.660819
2012-06-01,-9.936295
2012-06-04,-9.926428
2012-06-05,-9.410590
2012-06-06,-7.322558
2012-06-07,-7.332425
2012-06-08,-6.580505
2012-06-11,-7.759470
2012-06-12,-6.684800
2012-06-13,-7.340176
2012-06-14,-6.338092
2012-06-15,-5.369832
2012-06-18,-5.233116
2012-06-19,-4.302913
2012-06-20,-4.464292
2012-06-21,-6.591078
2012-06-22,-5.920905
2012-06-25,-7.421924
2012-06-26,-6.980074
2012-06-27,-6.144299
2012-06-28,-6.342316
2012-06-29,-4.008344
2012-07-02,-3.772271
2012-07-03,-3.172569
2012-07-05,-3.626401
2012-07-06,-4.535459
2012-07-09,-4.691910
2012-07-10,-5.466376
2012-07-11,-5.467787
2012-07-12,-5.939228
2012-07-13,-4.387474
2012-07-16,-4.608751
2012-07-17,-3.901933
2012-07-18,-3.259951
2012-07-19,-2.997099
2012-07-20,-3.973109
2012-07-23,-4.828618
2012-07-24,-5.689056
2012-07-25,-5.718656
2012-07-26,-4.159151
2012-07-27,-2.330453
2012-07-30,-2.377663
2012-07-31,-2.799082
2012-08-01,-3.080963
2012-08-02,-3.808211
2012-08-03,-1.976692
2012-08-06,-1.748369
2012-08-07,-1.246622
2012-08-08,-1.185313
2012-08-09,-1.144435
2012-08-10,-0.928095
2012-08-13,-1.052124
2012-08-14,-1.064803
2012-08-15,-0.952053
2012-08-16,-0.248762
2012-08-17,-0.062014
2012-08-20,-0.064130
2012-08-21,-0.413660
2012-08-22,-0.391113
2012-08-23,-1.195180
2012-08-24,-0.557421
2012-08-27,-0.606050
2012-08-28,-0.686379
2012-08-29,-0.602523
2012-08-30,-1.378401
2012-08-31,-0.878064
2012-09-04,-0.993636
2012-09-05,-1.099342
2012-09-06,0.000000
2012-09-07,0.000000
2012-09-10,-0.614783
2012-09-11,-0.303215
2012-09-12,-0.094580
2012-09-13,0.000000
2012-09-14,0.000000
2012-09-17,-0.312469
2012-09-18,-0.440047
2012-09-19,-0.322013
2012-09-20,-0.375912
2012-09-21,-0.383416
2012-09-24,-0.605825
2012-09-25,-1.649649
2012-09-26,-2.213858
2012-09-27,-1.270322
2012-09-28,-1.712409
2012-10-01,-1.451799
2012-10-02,-1.365836
2012-10-03,-1.008346
2012-10-04,-0.298137
2012-10-05,-0.330200
2012-10-08,-0.674732
2012-10-09,-1.657152
2012-10-10,-2.265701
2012-10-11,-2.246604
2012-10-12,-2.536554
2012-10-15,-1.749252
2012-10-16,-0.740224
2012-10-17,-0.331565
2012-10-18,-0.575128
2012-10-19,-2.222728
2012-10-22,-2.179747
2012-10-23,-3.592653
2012-10-24,-3.890107
2012-10-25,-3.602206
2012-10-26,-3.672478
2012-10-31,-3.657462
2012-11-01,-2.604778
2012-11-02,-3.518292
2012-11-05,-3.309524
2012-11-06,-2.550196
2012-11-07,-4.860243
2012-11-08,-6.021409
2012-11-09,-5.861768
2012-11-12,-5.849485
2012-11-13,-6.224714
2012-11-14,-7.523693
2012-11-15,-7.671058
2012-11-16,-7.224190
2012-11-19,-5.381472
2012-11-20,-5.318703
2012-11-21,-5.099026
2012-11-23,-3.862816
2012-11-26,-4.057934
2012-11-27,-4.559384
2012-11-28,-3.809599
2012-11-29,-3.398901
2012-11-30,-3.383202
2012-12-03,-3.841671
2012-12-04,-4.006084
2012-12-05,-3.853946
2012-12-06,-3.536031
2012-12-07,-3.254267
2012-12-10,-3.221513
2012-12-11,-2.587722
2012-12-12,-2.544058
2012-12-13,-3.160118
2012-12-14,-3.560590
2012-12-17,-2.415797
2012-12-18,-1.294881
2012-12-19,-2.043974
2012-12-20,-1.506381
2012-12-21,-2.430122
2012-12-24,-2.668221
2012-12-26,-3.134193
2012-12-27,-3.252219
2012-12-28,-4.321276
2012-12-31,-2.700293
2013-01-02,-0.228547
2013-01-03,-0.436632
2013-01-04,0.000000
2013-01-07,-0.312312
2013-01-08,-0.635536
2013-01-09,-0.371637
2013-01-10,0.000000
2013-01-11,-0.004751
2013-01-14,-0.097814
2013-01-15,0.000000
2013-01-16,0.000000
2013-01-17,0.000000
2013-01-18,0.000000
2013-01-22,0.000000
2013-01-23,0.000000
2013-01-24,0.000000
2013-01-25,0.000000
2013-01-28,-0.184962
2013-01-29,0.000000
2013-01-30,-0.389962
2013-01-31,-0.645293
2013-02-01,0.000000
2013-02-04,-1.153874
2013-02-05,-0.124243
2013-02-06,-0.069394
2013-02-07,-0.249809
2013-02-08,0.000000
2013-02-11,-0.060612
2013-02-12,0.000000
2013-02-13,0.000000
2013-02-14,0.000000
2013-02-15,-0.104508
2013-02-19,0.000000
2013-02-20,-1.240414
2013-02-21,-1.862901
2013-02-22,-1.001997
2013-02-25,-2.814608
2013-02-26,-2.220858
2013-02-27,-0.976521
2013-02-28,-1.062085
2013-03-01,-0.832168
2013-03-04,-0.374932
2013-03-05,0.000000
2013-03-06,0.000000
2013-03-07,0.000000
2013-03-08,0.000000
2013-03-11,0.000000
2013-03-12,-0.240325
2013-03-13,-0.109236
2013-03-14,0.000000
2013-03-15,-0.161846
2013-03-18,-0.711988
2013-03-19,-0.952516
2013-03-20,-0.289146
2013-03-21,-1.114995
2013-03-22,-0.405568
2013-03-25,-0.738218
2013-03-26,0.000000
2013-03-27,-0.058835
2013-03-28,0.000000
2013-04-01,-0.447358
2013-04-02,0.000000
2013-04-03,-1.054613
2013-04-04,-0.654037
2013-04-05,-1.080718
2013-04-08,-0.457255
2013-04-09,-0.104443
2013-04-10,0.000000
2013-04-11,0.000000
2013-04-12,-0.283677
2013-04-15,-2.573791
2013-04-16,-1.179892
2013-04-17,-2.595755
2013-04-18,-3.248461
2013-04-19,-2.392413
2013-04-22,-1.937403
2013-04-23,-0.915667
2013-04-24,-0.915039
2013-04-25,-0.515258
2013-04-26,-0.698520
2013-04-29,0.000000
2013-04-30,0.000000
2013-05-01,-0.930788
2013-05-02,0.000000
2013-05-03,0.000000
2013-05-06,0.000000
2013-05-07,0.000000
2013-05-08,0.000000
2013-05-09,-0.368710
2013-05-10,0.000000
2013-05-13,0.000000
2013-05-14,0.000000
2013-05-15,0.000000
2013-05-16,-0.500974
2013-05-17,0.000000
2013-05-20,-0.070762
2013-05-21,0.000000
2013-05-22,-0.827366
2013-05-23,-1.117330
2013-05-24,-1.171850
2013-05-28,-0.545183
2013-05-29,-1.246139
2013-05-30,-0.883678
2013-05-31,-2.301759
2013-06-03,-1.721824
2013-06-04,-2.263416
2013-06-05,-3.610200
2013-06-06,-2.791822
2013-06-07,-1.544491
2013-06-10,-1.578637
2013-06-11,-2.577945
2013-06-12,-3.393324
2013-06-13,-1.965063
2013-06-14,-2.542000
2013-06-17,-1.804500
2013-06-18,-1.039443
2013-06-19,-2.410193
2013-06-20,-4.850948
2013-06-21,-4.596922
2013-06-24,-5.755594
2013-06-25,-4.860529
2013-06-26,-3.948095
2013-06-27,-3.352589
2013-06-28,-3.767165
2013-07-01,-3.247147
2013-07-02,-3.299868
2013-07-03,-3.220183
2013-07-05,-2.232861
2013-07-08,-1.719432
2013-07-09,-1.008896
2013-07-10,-0.990920
2013-07-11,0.000000
2013-07-12,0.000000
2013-07-15,0.000000
2013-07-16,-0.370876
2013-07-17,-0.094500
2013-07-18,0.000000
2013-07-19,0.000000
2013-07-22,0.000000
2013-07-23,-0.185194
2013-07-24,-0.565610
2013-07-25,-0.311409
2013-07-26,-0.228837
2013-07-29,-0.601586
2013-07-30,-0.564429
2013-07-31,-0.577993
2013-08-01,0.000000
2013-08-02,0.000000
2013-08-05,-0.147983
2013-08-06,-0.719440
2013-08-07,-1.097288
2013-08-08,-0.713007
2013-08-09,-1.067457
2013-08-12,-1.181519
2013-08-13,-0.907193
2013-08-14,-1.420159
2013-08-15,-2.828037
2013-08-16,-3.149151
2013-08-19,-3.720600
2013-08-20,-3.352698
2013-08-21,-3.911281
2013-08-22,-3.083056
2013-08-23,-2.700524
2013-08-26,-3.093580
2013-08-27,-4.631892
2013-08-28,-4.369854
2013-08-29,-4.182094
2013-08-30,-4.486250
2013-09-03,-4.088510
2013-09-04,-3.310001
2013-09-05,-3.193019
2013-09-06,-3.187750
2013-09-09,-2.220316
2013-09-10,-1.502047
2013-09-11,-1.201404
2013-09-12,-1.535384
2013-09-13,-1.268084
2013-09-16,-0.705988
2013-09-17,-0.287192
2013-09-18,0.000000
2013-09-19,-0.184295
2013-09-20,-0.904654
2013-09-23,-1.372343
2013-09-24,-1.628493
2013-09-25,-1.897979
2013-09-26,-1.556051
2013-09-27,-1.957092
2013-09-30,-2.548216
2013-10-01,-1.768743
2013-10-02,-1.834231
2013-10-03,-2.715702
2013-10-04,-2.029534
2013-10-07,-2.862907
2013-10-08,-4.060809
2013-10-09,-4.005749
2013-10-10,-1.910147
2013-10-11,-1.293527
2013-10-14,-0.891326
2013-10-15,-1.591402
2013-10-16,-0.230654
2013-10-17,0.000000
2013-10-18,0.000000
2013-10-21,0.000000
2013-10-22,0.000000
2013-10-23,-0.472456
2013-10-24,-0.148182
2013-10-25,0.000000
2013-10-28,0.000000
2013-10-29,0.000000
2013-10-30,-0.487592
2013-10-31,-0.869658
2013-11-01,-0.581841
2013-11-04,-0.226863
2013-11-05,-0.506785
2013-11-06,-0.082393
2013-11-07,-1.399584
2013-11-08,-0.075621
2013-11-11,-0.003382
2013-11-12,-0.240414
2013-11-13,0.000000
2013-11-14,0.000000
2013-11-15,0.000000
2013-11-18,-0.369820
2013-11-19,-0.573361
2013-11-20,-0.934837
2013-11-21,-0.129580
2013-11-22,0.000000
2013-11-25,-0.126334
2013-11-26,-0.111373
2013-11-27,0.000000
2013-11-29,-0.078569
2013-12-02,-0.350257
2013-12-03,-0.668424
2013-12-04,-0.797902
2013-12-05,-1.228397
2013-12-06,-0.118414
2013-12-09,0.000000
2013-12-10,-0.317966
2013-12-11,-1.446055
2013-12-12,-1.817659
2013-12-13,-1.827615
2013-12-16,-1.207162
2013-12-17,-1.513517
2013-12-18,0.000000
2013-12-19,-0.057993
2013-12-20,0.000000
2013-12-23,0.000000
2013-12-24,0.000000
2013-12-26,0.000000
2013-12-27,-0.033658
2013-12-30,-0.051578
2013-12-31,0.000000
2014-01-02,-0.886191
2014-01-03,-0.919193
2014-01-06,-1.168061
2014-01-07,-0.566988
2014-01-08,-0.588089
2014-01-09,-0.553463
2014-01-10,-0.324071
2014-01-13,-1.577617
2014-01-14,-0.512886
2014-01-15,0.000000
2014-01-16,-0.134712
2014-01-17,-0.523705
2014-01-21,-0.247782
2014-01-22,-0.190438
2014-01-23,-1.077703
2014-01-24,-3.142750
2014-01-27,-3.615055
2014-01-28,-3.023188
2014-01-29,-4.013247
2014-01-30,-2.931760
2014-01-31,-3.559335
2014-02-03,-5.761261
2014-02-04,-5.041174
2014-02-05,-5.233772
2014-02-06,-4.054899
2014-02-07,-2.778649
2014-02-10,-2.626085
2014-02-11,-1.548924
2014-02-12,-1.575433
2014-02-13,-1.003584
2014-02-14,-0.527489
2014-02-18,-0.412253
2014-02-19,-1.062011
2014-02-20,-0.465271
2014-02-21,-0.656251
2014-02-24,-0.041659
2014-02-25,-0.176371
2014-02-26,-0.174205
2014-02-27,0.000000
2014-02-28,0.000000
2014-03-03,-0.737851
2014-03-04,0.000000
2014-03-05,-0.005335
2014-03-06,0.000000
2014-03-07,0.000000
2014-03-10,-0.046325
2014-03-11,-0.554303
2014-03-12,-0.523955
2014-03-13,-1.687934
2014-03-14,-1.965349
2014-03-17,-1.022879
2014-03-18,-0.308302
2014-03-19,-0.919577
2014-03-20,-0.321081
2014-03-21,-0.613406
2014-03-24,-1.096893
2014-03-25,-0.661330
2014-03-26,-1.356733
2014-03-27,-1.544163
2014-03-28,-1.087306
2014-03-31,-0.303512
2014-04-01,0.000000
2014-04-02,0.000000
2014-04-03,-0.112645
2014-04-04,-1.364962
2014-04-07,-2.425299
2014-04-08,-2.059340
2014-04-09,-0.990003
2014-04-10,-3.057807
2014-04-11,-3.977475
2014-04-14,-3.188431
2014-04-15,-2.534245
2014-04-16,-1.511977
2014-04-17,-1.377653
2014-04-21,-1.005342
2014-04-22,-0.600242
2014-04-23,-0.820245
2014-04-24,-0.649957
2014-04-25,-1.454334
2014-04-28,-1.135437
2014-04-29,-0.664766
2014-04-30,-0.367554
2014-05-01,-0.381827
2014-05-02,-0.516157
2014-05-05,-0.330001
2014-05-06,-1.225874
2014-05-07,-0.671112
2014-05-08,-0.807553
2014-05-09,-0.656832
2014-05-12,0.000000
2014-05-13,0.000000
2014-05-14,-0.470101
2014-05-15,-1.401880
2014-05-16,-1.032437
2014-05-19,-0.651927
2014-05-20,-1.297531
2014-05-21,-0.496452
2014-05-22,-0.261401
2014-05-23,0.000000
2014-05-27,0.000000
2014-05-28,-0.111407
2014-05-29,0.000000
2014-05-30,0.000000
2014-06-02,0.000000
2014-06-03,-0.037922
2014-06-04,0.000000
2014-06-05,0.000000
2014-06-06,0.000000
2014-06-09,0.000000
2014-06-10,-0.024598
2014-06-11,-0.378215
2014-06-12,-1.084424
2014-06-13,-0.774367
2014-06-16,-0.691344
2014-06-17,-0.475589
2014-06-18,0.000000
2014-06-19,0.000000
2014-06-20,0.000000
2014-06-23,-0.013246
2014-06-24,-0.656692
2014-06-25,-0.170157
2014-06-26,-0.287845
2014-06-27,-0.097308
2014-06-30,-0.134498
2014-07-01,0.000000
2014-07-02,0.000000
2014-07-03,0.000000
2014-07-07,-0.392352
2014-07-08,-1.094467
2014-07-09,-0.635123
2014-07-10,-1.045606
2014-07-11,-0.900052
2014-07-14,-0.420056
2014-07-15,-0.612454
2014-07-16,-0.194919
2014-07-17,-1.376015
2014-07-18,-0.363646
2014-07-21,-0.594827
2014-07-22,-0.096196
2014-07-23,0.000000
2014-07-24,0.000000
2014-07-25,-0.484915
2014-07-28,-0.456239
2014-07-29,-0.906952
2014-07-30,-0.900916
2014-07-31,-2.882823
2014-08-01,-3.160492
2014-08-04,-2.464310
2014-08-05,-3.408989
2014-08-06,-3.407478
2014-08-07,-3.944206
2014-08-08,-2.836548
2014-08-11,-2.568433
2014-08-12,-2.727894
2014-08-13,-2.075474
2014-08-14,-1.649912
2014-08-15,-1.655948
2014-08-18,-0.816909
2014-08-19,-0.320929
2014-08-20,-0.073943
2014-08-21,0.000000
2014-08-22,-0.199259
2014-08-25,0.000000
2014-08-26,0.000000
2014-08-27,0.000000
2014-08-28,-0.168990
2014-08-29,0.000000
2014-09-02,-0.054407
2014-09-03,-0.132278
2014-09-04,-0.285517
2014-09-05,0.000000
2014-09-08,-0.307311
2014-09-09,-0.959801
2014-09-10,-0.598693
2014-09-11,-0.511030
2014-09-12,-1.104239
2014-09-15,-1.174470
2014-09-16,-0.434823
2014-09-17,-0.305822
2014-09-18,0.000000
2014-09-19,-0.047727
2014-09-22,-0.848677
2014-09-23,-1.421425
2014-09-24,-0.649309
2014-09-25,-2.255687
2014-09-26,-1.417449
2014-09-29,-1.668520
2014-09-30,-1.942464
2014-10-01,-3.241585
2014-10-02,-3.241088
2014-10-03,-2.160725
2014-10-06,-2.313859
2014-10-07,-3.791465
2014-10-08,-2.111505
2014-10-09,-4.134020
2014-10-10,-5.231783
2014-10-13,-6.792419
2014-10-14,-6.645257
2014-10-15,-7.401460
2014-10-16,-7.388035
2014-10-17,-6.194812
2014-10-20,-5.337184
2014-10-21,-3.484208
2014-10-22,-4.188708
2014-10-23,-3.009906
2014-10-24,-2.325791
2014-10-27,-2.472455
2014-10-28,-1.308067
2014-10-29,-1.444790
2014-10-30,-0.830779
2014-10-31,0.000000
2014-11-03,-0.011892
2014-11-04,-0.294843
2014-11-05,0.000000
2014-11-06,0.000000
2014-11-07,0.000000
2014-11-10,0.000000
2014-11-11,0.000000
2014-11-12,-0.070112
2014-11-13,-0.017164
2014-11-14,0.000000
2014-11-17,0.000000
2014-11-18,0.000000
2014-11-19,-0.150116
2014-11-20,0.000000
2014-11-21,0.000000
2014-11-24,0.000000
2014-11-25,-0.115003
2014-11-26,0.000000
2014-11-28,-0.254243
2014-12-01,-0.935443
2014-12-02,-0.302969
2014-12-03,0.000000
2014-12-04,-0.116190
2014-12-05,0.000000
2014-12-08,-0.725656
2014-12-09,-0.749266
2014-12-10,-2.372112
2014-12-11,-1.929302
2014-12-12,-3.519380
2014-12-15,-4.131317
2014-12-16,-4.945148
2014-12-17,-3.010552
2014-12-18,-0.681331
2014-12-19,-0.227440
2014-12-22,0.000000
2014-12-23,0.000000
2014-12-24,-0.013930
2014-12-26,0.000000
2014-12-29,0.000000
2014-12-30,-0.488860
2014-12-31,-1.514906
2015-01-02,-1.548387
2015-01-05,-3.347896
2015-01-06,-4.207469
2015-01-07,-3.093417
2015-01-08,-1.359925
2015-01-09,-2.188877
2015-01-12,-2.980530
2015-01-13,-3.230700
2015-01-14,-3.793226
2015-01-15,-4.682934
2015-01-16,-3.403379
2015-01-20,-3.253659
2015-01-21,-2.795892
2015-01-22,-1.311612
2015-01-23,-1.853561
2015-01-26,-1.601476
2015-01-27,-2.918822
2015-01-28,-4.228992
2015-01-29,-3.315845
2015-01-30,-4.571962
2015-02-02,-3.334980
2015-02-03,-1.939186
2015-02-04,-2.346731
2015-02-05,-1.341742
2015-02-06,-1.678973
2015-02-09,-2.096561
2015-02-10,-1.051387
2015-02-11,-1.054260
2015-02-12,-0.099977
2015-02-13,0.000000
2015-02-17,0.000000
2015-02-18,-0.031431
2015-02-19,-0.137603
2015-02-20,0.000000
2015-02-23,-0.030334
2015-02-24,0.000000
2015-02-25,-0.076572
2015-02-26,-0.224062
2015-02-27,-0.519030
2015-03-02,0.000000
2015-03-03,-0.453854
2015-03-04,-0.890713
2015-03-05,-0.772170
2015-03-06,-2.178620
2015-03-09,-1.792771
2015-03-10,-3.458497
2015-03-11,-3.643632
2015-03-12,-2.429403
2015-03-13,-3.022117
2015-03-16,-1.709650
2015-03-17,-2.035991
2015-03-18,-0.844903
2015-03-19,-1.328044
2015-03-20,-0.438738
2015-03-23,-0.612545
2015-03-24,-1.222727
2015-03-25,-2.660816
2015-03-26,-2.892240
2015-03-27,-2.662234
2015-03-30,-1.471146
2015-03-31,-2.337784
2015-04-01,-2.725051
2015-04-02,-2.381703
2015-04-06,-1.736561
2015-04-07,-1.939171
2015-04-08,-1.676120
2015-04-09,-1.237843
2015-04-10,-0.723997
2015-04-13,-1.178808
2015-04-14,-1.017753
2015-04-15,-0.508173
2015-04-16,-0.585622
2015-04-17,-1.710123
2015-04-20,-0.802403
2015-04-21,-0.949275
2015-04-22,-0.445356
2015-04-23,-0.210635
2015-04-24,0.000000
2015-04-27,-0.414131
2015-04-28,-0.138355
2015-04-29,-0.511871
2015-04-30,-1.519577
2015-05-01,-0.443875
2015-05-04,-0.151106
2015-05-05,-1.333055
2015-05-06,-1.772688
2015-05-07,-1.401997
2015-05-08,-0.075074
2015-05-11,-0.583648
2015-05-12,-0.876891
2015-05-13,-0.907119
2015-05-14,0.000000
2015-05-15,0.000000
2015-05-18,0.000000
2015-05-19,-0.064337
2015-05-20,-0.157329
2015-05-21,0.000000
2015-05-22,-0.223389
2015-05-26,-1.249290
2015-05-27,-0.344472
2015-05-28,-0.470712
2015-05-29,-1.099585
2015-06-01,-0.895903
2015-06-02,-0.995859
2015-06-03,-0.786082
2015-06-04,-1.641621
2015-06-05,-1.782881
2015-06-08,-2.418789
2015-06-09,-2.377965
2015-06-10,-1.202359
2015-06-11,-1.030587
2015-06-12,-1.722809
2015-06-15,-2.177102
2015-06-16,-1.620504
2015-06-17,-1.425748
2015-06-18,-0.449596
2015-06-19,-0.977562
2015-06-22,-0.374033
2015-06-23,-0.310684
2015-06-24,-1.043729
2015-06-25,-1.337983
2015-06-26,-1.376469
2015-06-29,-3.434367
2015-06-30,-3.177648
2015-07-01,-2.506084
2015-07-02,-2.536115
2015-07-06,-2.912496
2015-07-07,-2.322110
2015-07-08,-3.948715
2015-07-09,-3.731428
2015-07-10,-2.543619
2015-07-13,-1.465162
2015-07-14,-1.026371
2015-07-15,-1.099115
2015-07-16,-0.306456
2015-07-17,-0.196177
2015-07-20,-0.119205
2015-07-21,-0.544866
2015-07-22,-0.782336
2015-07-23,-1.345499
2015-07-24,-2.401431
2015-07-27,-2.965064
2015-07-28,-1.763174
2015-07-29,-1.044199
2015-07-30,-1.041392
2015-07-31,-1.266178
2015-08-03,-1.538376
2015-08-04,-1.759886
2015-08-05,-1.453899
2015-08-06,-2.217926
2015-08-07,-2.499038
2015-08-10,-1.250229
2015-08-11,-2.193991
2015-08-12,-2.101070
2015-08-13,-2.225912
2015-08-14,-1.843423
2015-08-17,-1.331888
2015-08-18,-1.590944
2015-08-19,-2.403298
2015-08-20,-4.462605
2015-08-21,-7.505563
2015-08-24,-11.151111
2015-08-25,-12.352525
2015-08-26,-8.931306
2015-08-27,-6.718542
2015-08-28,-6.661758
2015-08-31,-7.445022
2015-09-01,-10.182469
2015-09-02,-8.539439
2015-09-03,-8.432906
2015-09-04,-9.836593
2015-09-08,-7.575019
2015-09-09,-8.859501
2015-09-10,-8.378466
2015-09-11,-7.967356
2015-09-14,-8.343738
2015-09-15,-7.167668
2015-09-16,-6.359524
2015-09-17,-6.599343
2015-09-18,-8.109086
2015-09-21,-7.689532
2015-09-22,-8.826652
2015-09-23,-9.013434
2015-09-24,-9.319420
2015-09-25,-9.361659
2015-09-28,-11.687991
2015-09-29,-11.579115
2015-09-30,-9.892437
2015-10-01,-9.714575
2015-10-02,-8.422113
2015-10-05,-6.747168
2015-10-06,-7.081782
2015-10-07,-6.335125
2015-10-08,-5.509147
2015-10-09,-5.440631
2015-10-12,-5.320022
2015-10-13,-5.966254
2015-10-14,-6.409742
2015-10-15,-5.019668
2015-10-16,-4.585562
2015-10-19,-4.559748
2015-10-20,-4.695378
2015-10-21,-5.250567
2015-10-22,-3.675114
2015-10-23,-2.612617
2015-10-26,-2.798929
2015-10-27,-3.047192
2015-10-28,-1.899267
2015-10-29,-1.943391
2015-10-30,-2.415031
2015-11-02,-1.256325
2015-11-03,-0.986945
2015-11-04,-1.337983
2015-11-05,-1.449683
2015-11-06,-1.483941
2015-11-09,-2.451638
2015-11-10,-2.304282
2015-11-11,-2.619652
2015-11-12,-3.982040
2015-11-13,-5.058148
2015-11-16,-3.643204
2015-11-17,-3.772263
2015-11-18,-2.216986
2015-11-19,-2.326807
2015-11-20,-1.954653
2015-11-23,-2.075726
2015-11-24,-1.956063
2015-11-25,-1.968723
2015-11-27,-1.910530
2015-11-30,-2.365763
2015-12-01,-1.322974
2015-12-02,-2.407996
2015-12-03,-3.810737
2015-12-04,-1.836388
2015-12-07,-2.522503
2015-12-08,-3.155122
2015-12-09,-3.904603
2015-12-10,-3.688255
2015-12-11,-5.558896
2015-12-14,-5.109776
2015-12-15,-4.102178
2015-12-16,-2.710224
2015-12-17,-4.173513
2015-12-18,-5.878958
2015-12-21,-5.146847
2015-12-22,-4.310552
2015-12-23,-3.122273
2015-12-24,-3.277146
2015-12-28,-3.487862
2015-12-29,-2.461961
2015-12-30,-3.165915
2015-12-31,-4.077309
2016-01-04,-5.545284
2016-01-05,-5.355220
2016-01-06,-6.596524
2016-01-07,-8.810228
2016-01-08,-9.798577
2016-01-11,-9.721610
2016-01-12,-9.017186
2016-01-13,-11.288613
2016-01-14,-9.807496
2016-01-15,-11.755573
2016-01-19,-11.708643
2016-01-20,-12.741109
2016-01-21,-12.287761
2016-01-22,-10.508632
2016-01-25,-11.908097
2016-01-26,-10.662095
2016-01-27,-11.632616
2016-01-28,-11.144070
2016-01-29,-8.943978
2016-02-01,-8.984337
2016-02-02,-10.690252
2016-02-03,-10.244414
2016-02-04,-10.107382
2016-02-05,-11.768709
2016-02-08,-13.017529
2016-02-09,-13.075253
2016-02-10,-13.091677
2016-02-11,-14.160750
2016-02-12,-12.485336
2016-02-16,-11.039886
2016-02-17,-9.573785
2016-02-18,-9.995687
2016-02-19,-9.998030
2016-02-22,-8.697124
2016-02-23,-9.834244
2016-02-24,-9.433927
2016-02-25,-8.406159
2016-02-26,-8.577450
2016-02-29,-9.319890
2016-03-01,-7.155465
2016-03-02,-6.775331
2016-03-03,-6.449162
2016-03-04,-6.139893
2016-03-07,-6.056826
2016-03-08,-7.112757
2016-03-09,-6.643454
2016-03-10,-6.628909
2016-03-11,-5.098043
2016-03-14,-5.217712
2016-03-15,-5.391821
2016-03-16,-4.861982
2016-03-17,-4.234525
2016-03-18,-3.812616
2016-03-21,-3.717816
2016-03-22,-3.802293
2016-03-23,-4.416614
2016-03-24,-4.452752
2016-03-28,-4.400654
2016-03-29,-3.557788
2016-03-30,-3.138234
2016-03-31,-3.335809
2016-04-01,-2.723836
2016-04-04,-3.035929
2016-04-05,-4.019580
2016-04-06,-3.011055
2016-04-07,-4.172574
2016-04-08,-3.905543
2016-04-11,-4.168821
2016-04-12,-3.242887
2016-04-13,-2.271433
2016-04-14,-2.254533
2016-04-15,-2.350742
2016-04-18,-1.712016
2016-04-19,-1.408848
2016-04-20,-1.333767
2016-04-21,-1.846242
2016-04-22,-1.841544
2016-04-25,-2.019412
2016-04-26,-1.835918
2016-04-27,-1.674011
2016-04-28,-2.581636
2016-04-29,-3.074873
2016-05-02,-2.317893
2016-05-03,-3.165446
2016-05-04,-3.740342
2016-05-05,-3.763348
2016-05-06,-3.457832
2016-05-09,-3.385088
2016-05-10,-2.178981
2016-05-11,-3.114299
2016-05-12,-3.130718
2016-05-13,-3.952003
2016-05-16,-3.011055
2016-05-17,-3.923846
2016-05-18,-3.904134
2016-05-19,-4.260333
2016-05-20,-3.569077
2016-05-23,-3.770180
2016-05-24,-2.453623
2016-05-25,-1.773262
2016-05-26,-1.793934
2016-05-27,-1.372938
2016-05-31,-1.472084
2016-06-01,-1.360251
2016-06-02,-1.081625
2016-06-03,-1.369657
2016-06-06,-0.886637
2016-06-07,-0.758836
2016-06-08,-0.430390
2016-06-09,-0.601427
2016-06-10,-1.513427
2016-06-13,-2.312664
2016-06-14,-2.488393
2016-06-15,-2.667883
2016-06-16,-2.362943
2016-06-17,-2.681041
2016-06-20,-2.115794
2016-06-21,-1.850326
2016-06-22,-2.012427
2016-06-23,-0.702913
2016-06-24,-4.269645
2016-06-27,-6.002029
2016-06-28,-4.331670
2016-06-29,-2.702182
2016-06-30,-1.382333
2016-07-01,-1.190167
2016-07-05,-1.866765
2016-07-06,-1.341461
2016-07-07,-1.427450
2016-07-08,0.000000
2016-07-11,0.000000
2016-07-12,0.000000
2016-07-13,0.000000
2016-07-14,0.000000
2016-07-15,-0.092895
2016-07-18,0.000000
2016-07-19,-0.143517
2016-07-20,0.000000
2016-07-21,-0.361253
2016-07-22,0.000000
2016-07-25,-0.301148
2016-07-26,-0.268966
2016-07-27,-0.388498
2016-07-28,-0.228501
2016-07-29,-0.065743
2016-08-01,-0.192638
2016-08-02,-0.827575
2016-08-03,-0.516774
2016-08-04,-0.495627
2016-08-05,0.000000
2016-08-08,-0.090717
2016-08-09,-0.051773
2016-08-10,-0.338093
2016-08-11,0.000000
2016-08-12,-0.079605
2016-08-15,0.000000
2016-08-16,-0.547908
2016-08-17,-0.362073
2016-08-18,-0.142907
2016-08-19,-0.286729
2016-08-22,-0.342899
2016-08-23,-0.148392
2016-08-24,-0.671642
2016-08-25,-0.807248
2016-08-26,-0.963855
2016-08-29,-0.446089
2016-08-30,-0.640586
2016-08-31,-0.876650
2016-09-01,-0.880752
2016-09-02,-0.464348
2016-09-06,-0.167565
2016-09-07,-0.182179
2016-09-08,-0.404075
2016-09-09,-2.846373
2016-09-12,-1.420444
2016-09-13,-2.882446
2016-09-14,-2.939519
2016-09-15,-1.958309
2016-09-16,-2.328151
2016-09-19,-2.329968
2016-09-20,-2.300751
2016-09-21,-1.234152
2016-09-22,-0.592196
2016-09-23,-1.162476
2016-09-26,-2.011269
2016-09-27,-1.379813
2016-09-28,-0.857466
2016-09-29,-1.781614
2016-09-30,-0.999013
2016-10-03,-1.321825
2016-10-04,-1.810831
2016-10-05,-1.388942
2016-10-06,-1.341455
2016-10-07,-1.662439
2016-10-10,-1.209506
2016-10-11,-2.439099
2016-10-12,-2.327237
2016-10-13,-2.629950
2016-10-14,-2.610320
2016-10-17,-2.906189
2016-10-18,-2.308052
2016-10-19,-2.093914
2016-10-20,-2.228606
2016-10-21,-2.236833
2016-10-24,-1.772473
2016-10-25,-2.145515
2016-10-26,-2.315822
2016-10-27,-2.607578
2016-10-28,-2.910303
2016-10-31,-2.922174
2016-11-01,-3.581030
2016-11-02,-4.210212
2016-11-03,-4.633929
2016-11-04,-4.792821
2016-11-07,-2.676980
2016-11-08,-2.309880
2016-11-09,-1.227765
2016-11-10,-1.035085
2016-11-11,-1.173433
2016-11-14,-1.184848
2016-11-15,-0.445632
2016-11-16,-0.603153
2016-11-17,-0.138337
2016-11-18,-0.376687
2016-11-21,0.000000
2016-11-22,0.000000
2016-11-23,0.000000
2016-11-25,0.000000
2016-11-28,-0.525454
2016-11-29,-0.392626
2016-11-30,-0.656924
2016-12-01,-1.006168
2016-12-02,-0.966867
2016-12-05,-0.390365
2016-12-06,-0.050607
2016-12-07,0.000000
2016-12-08,0.000000
2016-12-09,0.000000
2016-12-12,-0.113743
2016-12-13,0.000000
2016-12-14,-0.811717
2016-12-15,-0.426546
2016-12-16,-0.600862
2016-12-19,-0.404537
2016-12-20,-0.042257
2016-12-21,-0.287889
2016-12-22,-0.473650
2016-12-23,-0.349072
2016-12-27,-0.125019
2016-12-28,-0.959627
2016-12-29,-0.988676
2016-12-30,-1.447797
2017-01-03,-0.611426
2017-01-04,-0.042698
2017-01-05,-0.119732
2017-01-06,0.000000
2017-01-09,-0.354859
2017-01-10,-0.354859
2017-01-11,-0.072900
2017-01-12,-0.287224
2017-01-13,-0.102772
2017-01-17,-0.399217
2017-01-18,-0.223546
2017-01-19,-0.583670
2017-01-20,-0.249011
2017-01-23,-0.517353
2017-01-24,0.000000
2017-01-25,0.000000
2017-01-26,-0.073538
2017-01-27,-0.160121
2017-01-30,-0.760113
2017-01-31,-0.848427
2017-02-01,-0.818844
2017-02-02,-0.762280
2017-02-03,-0.041342
2017-02-06,-0.252790
2017-02-07,-0.230165
2017-02-08,-0.160992
2017-02-09,0.000000
2017-02-10,0.000000
2017-02-13,0.000000
2017-02-14,0.000000
2017-02-15,0.000000
2017-02-16,-0.086412
2017-02-17,0.000000
2017-02-21,0.000000
2017-02-22,-0.108220
2017-02-23,-0.066367
2017-02-24,0.000000
2017-02-27,0.000000
2017-02-28,-0.257838
2017-03-01,0.000000
2017-03-02,-0.585988
2017-03-03,-0.535896
2017-03-06,-0.861863
2017-03-07,-1.150690
2017-03-08,-1.376483
2017-03-09,-1.297594
2017-03-10,-0.974969
2017-03-13,-0.938663
2017-03-14,-1.273394
2017-03-15,-0.446583
2017-03-16,-0.608528
2017-03-17,-0.739159
2017-03-20,-0.938663
2017-03-21,-2.167813
2017-03-22,-1.982922
2017-03-23,-2.086846
2017-03-24,-2.169485
2017-03-27,-2.269231
2017-03-28,-1.560539
2017-03-29,-1.453700
2017-03-30,-1.164456
2017-03-31,-1.387335
2017-04-03,-1.549269
2017-04-04,-1.494184
2017-04-05,-1.795106
2017-04-06,-1.605618
2017-04-07,-1.687003
2017-04-10,-1.619395
2017-04-11,-1.760461
2017-04-12,-2.129836
2017-04-13,-2.796792
2017-04-17,-1.959547
2017-04-18,-2.244195
2017-04-19,-2.411978
2017-04-20,-1.674480
2017-04-21,-1.972905
2017-04-24,-0.910285
2017-04-25,-0.306760
2017-04-26,-0.355182
2017-04-27,-0.300086
2017-04-28,-0.490827
2017-05-01,-0.318448
2017-05-02,-0.199921
2017-05-03,-0.326803
2017-05-04,-0.268783
2017-05-05,0.000000
2017-05-08,0.000000
2017-05-09,-0.102525
2017-05-10,0.000000
2017-05-11,-0.216281
2017-05-12,-0.363805
2017-05-15,0.000000
2017-05-16,-0.068690
2017-05-17,-1.885262
2017-05-18,-1.523531
2017-05-19,-0.857092
2017-05-22,-0.345501
2017-05-23,-0.162349
2017-05-24,0.000000
2017-05-25,0.000000
2017-05-26,0.000000
2017-05-30,-0.120462
2017-05-31,-0.166404
2017-06-01,0.000000
2017-06-02,0.000000
2017-06-05,-0.121766
2017-06-06,-0.399332
2017-06-07,-0.243133
2017-06-08,-0.216477
2017-06-09,-0.299296
2017-06-12,-0.396880
2017-06-13,0.000000
2017-06-14,-0.099583
2017-06-15,-0.323320
2017-06-16,-0.295048
2017-06-19,0.000000
2017-06-20,-0.669664
2017-06-21,-0.727538
2017-06-22,-0.772785
2017-06-23,-0.617899
2017-06-26,-0.586514
2017-06-27,-1.389062
2017-06-28,-0.520490
2017-06-29,-1.376016
2017-06-30,-1.224803
2017-07-03,-0.996550
2017-07-05,-0.852670
2017-07-06,-1.781564
2017-07-07,-1.152659
2017-07-10,-1.060952
2017-07-11,-1.138390
2017-07-12,-0.416145
2017-07-13,-0.229467
2017-07-14,0.000000
2017-07-17,-0.005291
2017-07-18,0.000000
2017-07-19,0.000000
2017-07-20,-0.015366
2017-07-21,-0.052147
2017-07-24,-0.158465
2017-07-25,0.000000
2017-07-26,0.000000
2017-07-27,-0.097269
2017-07-28,-0.231250
2017-07-31,-0.303896
2017-08-01,-0.059729
2017-08-02,-0.010493
2017-08-03,-0.228836
2017-08-04,-0.040358
2017-08-07,0.000000
2017-08-08,-0.241443
2017-08-09,-0.277716
2017-08-10,-1.721141
2017-08-11,-1.595779
2017-08-14,-0.607431
2017-08-15,-0.657009
2017-08-16,-0.515932
2017-08-17,-2.051663
2017-08-18,-2.231434
2017-08-21,-2.117763
2017-08-22,-1.144737
2017-08-23,-1.486143
2017-08-24,-1.690506
2017-08-25,-1.526047
2017-08-28,-1.478084
2017-08-29,-1.395047
2017-08-30,-0.939971
2017-08-31,-0.373251
2017-09-01,-0.175736
2017-09-05,-0.929490
2017-09-06,-0.619526
2017-09-07,-0.637259
2017-09-08,-0.785195
2017-09-11,0.000000
2017-09-12,0.000000
2017-09-13,0.000000
2017-09-14,-0.110072
2017-09-15,0.000000
2017-09-18,0.000000
2017-09-19,0.000000
2017-09-20,0.000000
2017-09-21,-0.304592
2017-09-22,-0.240010
2017-09-25,-0.461681
2017-09-26,-0.454498
2017-09-27,-0.047840
2017-09-28,0.000000
2017-09-29,0.000000
2017-10-02,0.000000
2017-10-03,0.000000
2017-10-04,0.000000
2017-10-05,0.000000
2017-10-06,-0.107363
2017-10-09,-0.287613
2017-10-10,-0.056040
2017-10-11,0.000000
2017-10-12,-0.168675
2017-10-13,-0.081013
2017-10-16,0.000000
2017-10-17,0.000000
2017-10-18,0.000000
2017-10-19,0.000000
2017-10-20,0.000000
2017-10-23,-0.397248
2017-10-24,-0.236100
2017-10-25,-0.701304
2017-10-26,-0.575101
2017-10-27,0.000000
2017-10-30,-0.319247
2017-10-31,-0.225103
2017-11-01,-0.066250
2017-11-02,-0.047266
2017-11-03,0.000000
2017-11-06,0.000000
2017-11-07,-0.018910
2017-11-08,0.000000
2017-11-09,-0.376189
2017-11-10,-0.465615
2017-11-13,-0.367710
2017-11-14,-0.597822
2017-11-15,-1.147086
2017-11-16,-0.336882
2017-11-17,-0.598593
2017-11-20,-0.471789
2017-11-21,0.000000
2017-11-22,-0.075026
2017-11-24,0.000000
2017-11-27,-0.038426
2017-11-28,0.000000
2017-11-29,-0.036923
2017-11-30,0.000000
2017-12-01,-0.202453
2017-12-04,-0.307456
2017-12-05,-0.680244
2017-12-06,-0.691577
2017-12-07,-0.400369
2017-12-08,0.000000
2017-12-11,0.000000
2017-12-12,0.000000
2017-12-13,-0.047296
2017-12-14,-0.454189
2017-12-15,0.000000
2017-12-18,0.000000
2017-12-19,-0.323027
2017-12-20,-0.405549
2017-12-21,-0.207789
2017-12-22,-0.253510
2017-12-26,-0.359083
2017-12-27,-0.280273
2017-12-28,-0.097387
2017-12-29,-0.615198
2018-01-02,0.000000
2018-01-03,0.000000
2018-01-04,0.000000
2018-01-05,0.000000
2018-01-08,0.000000
2018-01-09,0.000000
2018-01-10,-0.111223
2018-01-11,0.000000
2018-01-12,0.000000
2018-01-16,-0.352449
2018-01-17,0.000000
2018-01-18,-0.161639
2018-01-19,0.000000
2018-01-22,0.000000
2018-01-23,0.000000
2018-01-24,-0.055998
2018-01-25,0.000000
2018-01-26,0.000000
2018-01-29,-0.673197
2018-01-30,-1.755742
2018-01-31,-1.707702
2018-02-01,-1.771404
2018-02-02,-3.854690
2018-02-05,-7.794650
2018-02-06,-6.186504
2018-02-07,-6.655720
2018-02-08,-10.159531
2018-02-09,-8.817665
2018-02-12,-7.548901
2018-02-13,-7.307333
2018-02-14,-6.065023
2018-02-15,-4.931311
2018-02-16,-4.895806
2018-02-20,-5.451347
2018-02-21,-5.971034
2018-02-22,-5.879492
2018-02-23,-4.370893
2018-02-26,-3.246580
2018-02-27,-4.476015
2018-02-28,-5.535929
2018-03-01,-6.794606
2018-03-02,-6.321905
2018-03-05,-5.288446
2018-03-06,-5.038515
2018-03-07,-5.084465
2018-03-08,-4.660849
2018-03-09,-3.003966
2018-03-12,-3.127538
2018-03-13,-3.743993
2018-03-14,-4.295013
2018-03-15,-4.369847
2018-03-16,-4.206946
2018-03-19,-5.567610
2018-03-20,-5.427679
2018-03-21,-5.602070
2018-03-22,-7.977394
2018-03-23,-9.906821
2018-03-26,-7.460138
2018-03-27,-9.058885
2018-03-28,-9.324129
2018-03-29,-8.075548
2018-04-02,-10.128903
2018-04-03,-8.995191
2018-04-04,-7.942586
2018-04-05,-7.310808
2018-04-06,-9.342579
2018-04-09,-9.040096
2018-04-10,-7.518613
2018-04-11,-8.029607
2018-04-12,-7.270782
2018-04-13,-7.538457
2018-04-16,-6.788682
2018-04-17,-5.794910
2018-04-18,-5.716591
2018-04-19,-6.256469
2018-04-20,-7.056714
2018-04-23,-7.051488
2018-04-24,-8.295191
2018-04-25,-8.126724
2018-04-26,-7.168099
2018-04-27,-7.064719
2018-04-30,-7.825626
2018-05-01,-7.590669
2018-05-02,-8.256558
2018-05-03,-8.463318
2018-05-04,-7.290625
2018-05-07,-6.970041
2018-05-08,-6.994754
2018-05-09,-6.094257
2018-05-10,-5.214299
2018-05-11,-5.052444
2018-05-14,-4.968559
2018-05-15,-5.618777
2018-05-16,-5.235536
2018-05-17,-5.316643
2018-05-18,-5.565868
2018-05-21,-4.868306
2018-05-22,-5.166616
2018-05-23,-4.858559
2018-05-24,-5.051050
2018-05-25,-5.274866
2018-05-29,-6.370285
2018-05-30,-5.181582
2018-05-31,-5.833891
2018-06-01,-4.812261
2018-06-04,-4.385858
2018-06-05,-4.318680
2018-06-06,-3.498941
2018-06-07,-3.567861
2018-06-08,-3.266423
2018-06-11,-3.163043
2018-06-12,-2.994219
2018-06-13,-3.384777
2018-06-14,-3.145987
2018-06-15,-3.244498
2018-06-18,-3.450212
2018-06-19,-3.838671
2018-06-20,-3.674028
2018-06-21,-4.285265
2018-06-22,-4.107051
2018-06-25,-5.423150
2018-06-26,-5.214648
2018-06-27,-6.030215
2018-06-28,-5.449604
2018-06-29,-5.377897
2018-07-02,-5.087601
2018-07-03,-5.557165
2018-07-05,-4.742992
2018-07-06,-3.935091
2018-07-09,-3.087511
2018-07-10,-2.750909
2018-07-11,-3.440813
2018-07-12,-2.596013
2018-07-13,-2.490891
2018-07-16,-2.591143
2018-07-17,-2.204070
2018-07-18,-1.992781
2018-07-19,-2.380203
2018-07-20,-2.472790
2018-07-23,-2.293530
2018-07-24,-1.826404
2018-07-25,-0.932867
2018-07-26,-1.233268
2018-07-27,-1.881395
2018-07-30,-2.445987
2018-07-31,-1.969462
2018-08-01,-2.071448
2018-08-02,-1.589008
2018-08-03,-1.131970
2018-08-06,-0.782152
2018-08-07,-0.501943
2018-08-08,-0.528049
2018-08-09,-0.671455
2018-08-10,-1.378067
2018-08-13,-1.773146
2018-08-14,-1.145550
2018-08-15,-1.897058
2018-08-16,-1.120140
2018-08-17,-0.791551
2018-08-20,-0.550671
2018-08-21,-0.344957
2018-08-22,-0.384634
2018-08-23,-0.553110
2018-08-24,0.000000
2018-08-27,0.000000
2018-08-28,0.000000
2018-08-29,0.000000
2018-08-30,-0.443033
2018-08-31,-0.429645
2018-09-04,-0.594366
2018-09-05,-0.873013
2018-09-06,-1.235055
2018-09-07,-1.453656
2018-09-10,-1.266632
2018-09-11,-0.897385
2018-09-12,-0.862037
2018-09-13,-0.338366
2018-09-14,-0.310911
2018-09-17,-0.866151
2018-09-18,-0.333900
2018-09-19,-0.208991
2018-09-20,0.000000
2018-09-21,-0.036853
2018-09-24,-0.388293
2018-09-25,-0.518295
2018-09-26,-0.845518
2018-09-27,-0.571526
2018-09-28,-0.572209
2018-10-01,-0.210182
2018-10-02,-0.249768
2018-10-03,-0.178793
2018-10-04,-0.994281
2018-10-05,-1.541583
2018-10-08,-1.580485
2018-10-09,-1.720035
2018-10-10,-4.949930
2018-10-11,-6.905396
2018-10-12,-5.582875
2018-10-15,-6.140406
2018-10-16,-4.122838
2018-10-17,-4.147063
2018-10-18,-5.526571
2018-10-19,-5.560692
2018-10-22,-5.966736
2018-10-23,-6.485031
2018-10-24,-9.371318
2018-10-25,-7.683355
2018-10-26,-9.282950
2018-10-29,-9.878018
2018-10-30,-8.466096
2018-10-31,-7.472832
2018-11-01,-6.495944
2018-11-02,-7.086580
2018-11-05,-6.566235
2018-11-06,-5.981406
2018-11-07,-3.987379
2018-11-08,-4.228267
2018-11-09,-5.109272
2018-11-12,-6.978761
2018-11-13,-7.116611
2018-11-14,-7.819497
2018-11-15,-6.842960
2018-11-16,-6.635843
2018-11-19,-8.189713
2018-11-20,-9.856184
2018-11-21,-9.581850
2018-11-23,-10.174527
2018-11-26,-8.779324
2018-11-27,-8.481791
2018-11-28,-6.379253
2018-11-29,-6.583637
2018-11-30,-5.820356
2018-12-03,-4.789896
2018-12-04,-7.871362
2018-12-06,-8.011603
2018-12-07,-10.156783
2018-12-10,-9.998466
2018-12-11,-10.030537
2018-12-12,-9.542947
2018-12-13,-9.561033
2018-12-14,-11.287215
2018-12-17,-13.130088
2018-12-18,-13.122583
2018-12-19,-14.460122
2018-12-20,-15.809267
2018-12-21,-17.542605
2018-12-24,-19.778210
2018-12-26,-15.799712
2018-12-27,-15.078731
2018-12-28,-15.184168
2018-12-31,-14.463871
2019-01-02,-14.355369
2019-01-03,-16.475650
2019-01-04,-13.607782
2019-01-07,-13.002135
2019-01-08,-12.158665
2019-01-09,-11.798688
2019-01-10,-11.400157
2019-01-11,-11.413119
2019-01-14,-11.878867
2019-01-15,-10.934060
2019-01-16,-10.736156
2019-01-17,-10.058519
2019-01-18,-8.872815
2019-01-22,-10.162931
2019-01-23,-9.965028
2019-01-24,-9.841164
2019-01-25,-9.075833
2019-01-28,-9.789300
2019-01-29,-9.920669
2019-01-30,-8.520002
2019-01-31,-7.733512
2019-02-01,-7.650600
2019-02-04,-7.024819
2019-02-05,-6.587053
2019-02-06,-6.794844
2019-02-07,-7.666978
2019-02-08,-7.604542
2019-02-11,-7.539024
2019-02-12,-6.347181
2019-02-13,-6.063976
2019-02-14,-6.313060
2019-02-15,-5.293863
2019-02-19,-5.151923
2019-02-20,-4.983368
2019-02-21,-5.318438
2019-02-22,-4.711425
2019-02-25,-4.594042
2019-02-26,-4.669457
2019-02-27,-4.721321
2019-02-28,-4.990532
2019-03-01,-4.335411
2019-03-04,-4.706643
2019-03-05,-4.814471
2019-03-06,-5.435470
2019-03-07,-6.203875
2019-03-08,-6.403819
2019-03-11,-5.031134
2019-03-12,-4.750660
2019-03-13,-4.088717
2019-03-14,-4.171970
2019-03-15,-3.694277
2019-03-18,-3.337373
2019-03-19,-3.349993
2019-03-20,-3.634565
2019-03-21,-2.588761
2019-03-22,-4.437091
2019-03-25,-4.517270
2019-03-26,-3.831444
2019-03-27,-4.278082
2019-03-28,-3.934490
2019-03-29,-3.287558
2019-04-01,-2.168730
2019-04-02,-2.167022
2019-04-03,-1.956840
2019-04-04,-1.752456
2019-04-05,-1.296938
2019-04-08,-1.193550
2019-04-09,-1.793058
2019-04-10,-1.451507
2019-04-11,-1.447750
2019-04-12,-0.796386
2019-04-15,-0.858822
2019-04-16,-0.808324
2019-04-17,-1.033867
2019-04-18,-0.877590
2019-04-22,-0.777276
2019-04-23,0.000000
2019-04-24,-0.219176
2019-04-25,-0.255993
2019-04-26,0.000000
2019-04-29,0.000000
2019-04-30,0.000000
2019-05-01,-0.750216
2019-05-02,-0.961021
2019-05-03,-0.006456
2019-05-06,-0.453526
2019-05-07,-2.097203
2019-05-08,-2.254378
2019-05-09,-2.549709
2019-05-10,-2.187165
2019-05-13,-4.547444
2019-05-14,-3.782301
2019-05-15,-3.220488
2019-05-16,-2.359607
2019-05-17,-2.929566
2019-05-20,-3.584731
2019-05-21,-2.765603
2019-05-22,-3.040232
2019-05-23,-4.195425
2019-05-24,-4.065748
2019-05-28,-4.869262
2019-05-29,-5.526797
2019-05-30,-5.328548
2019-05-31,-6.577773
2019-06-03,-6.836108
2019-06-04,-4.839385
2019-06-05,-4.062698
2019-06-06,-3.474066
2019-06-07,-2.460766
2019-06-10,-2.006229
2019-06-11,-2.040515
2019-06-12,-2.240115
2019-06-13,-1.839556
2019-06-14,-1.997742
2019-06-17,-1.906429
2019-06-18,-0.953214
2019-06-19,-0.657544
2019-06-20,0.000000
2019-06-21,-0.125922
2019-06-24,-0.298893
2019-06-25,-1.245694
2019-06-26,-1.367551
2019-06-27,-0.990461
2019-06-28,-0.420419
2019-07-01,0.000000
2019-07-02,0.000000
2019-07-03,0.000000
2019-07-05,-0.180590
2019-07-08,-0.663261
2019-07-09,-0.540426
2019-07-10,-0.091795
2019-07-11,0.000000
2019-07-12,0.000000
2019-07-15,0.000000
2019-07-16,-0.340378
2019-07-17,-0.991279
2019-07-18,-0.636630
2019-07-19,-1.250371
2019-07-22,-0.971039
2019-07-23,-0.292940
2019-07-24,0.000000
2019-07-25,-0.526240
2019-07-26,0.000000
2019-07-29,-0.161611
2019-07-30,-0.419060
2019-07-31,-1.503051
2019-08-01,-2.389405
2019-08-02,-3.100277
2019-08-05,-5.985740
2019-08-06,-4.761955
2019-08-07,-4.688919
2019-08-08,-2.900663
2019-08-09,-3.543132
2019-08-12,-4.731222
2019-08-13,-3.289644
2019-08-14,-6.122557
2019-08-15,-5.891218
2019-08-16,-4.533593
2019-08-19,-3.377889
2019-08-20,-4.142627
2019-08-21,-3.352111
2019-08-22,-3.401022
2019-08-23,-5.907411
2019-08-26,-4.873993
2019-08-27,-5.178699
2019-08-28,-4.558048
2019-08-29,-3.347148
2019-08-30,-3.285021
2019-09-03,-3.952268
2019-09-04,-2.910910
2019-09-05,-1.647799
2019-09-06,-1.558239
2019-09-09,-1.567494
2019-09-10,-1.535769
2019-09-11,-0.823904
2019-09-12,-0.538361
2019-09-13,-0.610412
2019-09-16,-0.922057
2019-09-17,-0.666262
2019-09-18,-0.632221
2019-09-19,-0.630236
2019-09-20,-1.116709
2019-09-23,-1.126294
2019-09-24,-1.958452
2019-09-25,-1.354656
2019-09-26,-1.594257
2019-09-27,-2.117417
2019-09-30,-1.623344
2019-10-01,-2.829282
2019-10-02,-4.568949
2019-10-03,-3.808181
2019-10-04,-2.440632
2019-10-07,-2.877531
2019-10-08,-4.388836
2019-10-09,-3.518345
2019-10-10,-2.899348
2019-10-11,-1.837166
2019-10-14,-1.973330
2019-10-15,-0.997408
2019-10-16,-1.195368
2019-10-17,-0.922388
2019-10-18,-1.310707
2019-10-21,-0.632552
2019-10-22,-0.987161
2019-10-23,-0.705257
2019-10-24,-0.514567
2019-10-25,-0.109392
2019-10-28,0.000000
2019-10-29,-0.083241
2019-10-30,0.000000
2019-10-31,-0.302286
2019-11-01,0.000000
2019-11-04,0.000000
2019-11-05,-0.118570
2019-11-06,-0.048404
2019-11-07,0.000000
2019-11-08,0.000000
2019-11-11,-0.196247
2019-11-12,-0.040089
2019-11-13,0.000000
2019-11-14,0.000000
2019-11-15,0.000000
2019-11-18,0.000000
2019-11-19,-0.059259
2019-11-20,-0.434655
2019-11-21,-0.592243
2019-11-22,-0.376037
2019-11-25,0.000000
2019-11-26,0.000000
2019-11-27,0.000000
2019-11-29,-0.401122
2019-12-02,-1.260762
2019-12-03,-1.916202
2019-12-04,-1.295963
2019-12-05,-1.147882
2019-12-06,-0.244796
2019-12-09,-0.560304
2019-12-10,-0.669383
2019-12-11,-0.380514
2019-12-12,0.000000
2019-12-13,0.000000
2019-12-16,0.000000
2019-12-17,0.000000
2019-12-18,-0.043230
2019-12-19,0.000000
2019-12-20,0.000000
2019-12-23,0.000000
2019-12-24,-0.019545
2019-12-26,0.000000
2019-12-27,0.000000
2019-12-30,-0.578082
2019-12-31,-0.285183
2020-01-02,0.000000
2020-01-03,-0.705987
2020-01-06,-0.355144
2020-01-07,-0.634473
2020-01-08,-0.147338
2020-01-09,0.000000
2020-01-10,-0.285518
2020-01-13,0.000000
2020-01-14,-0.151453
2020-01-15,0.000000
2020-01-16,0.000000
2020-01-17,0.000000
2020-01-21,-0.265198
2020-01-22,-0.236367
2020-01-23,-0.122539
2020-01-24,-1.025647
2020-01-27,-2.582584
2020-01-28,-1.603190
2020-01-29,-1.688487
2020-01-30,-1.380344
2020-01-31,-3.126486
2020-02-03,-2.423706
2020-02-04,-0.961972
2020-02-05,0.000000
2020-02-06,0.000000
2020-02-07,-0.540085
2020-02-10,0.000000
2020-02-11,0.000000
2020-02-12,0.000000
2020-02-13,-0.163045
2020-02-14,0.000000
2020-02-18,-0.291994
2020-02-19,0.000000
2020-02-20,-0.381552
2020-02-21,-1.429349
2020-02-24,-4.732809
2020-02-25,-7.617499
2020-02-26,-7.966570
2020-02-27,-12.031065
2020-02-28,-12.755783
2020-03-02,-8.739126
2020-03-03,-11.304278
2020-03-04,-7.561088
2020-03-05,-10.696808
2020-03-06,-12.219772
2020-03-09,-18.888409
2020-03-10,-14.881796
2020-03-11,-19.041390
2020-03-12,-26.741581
2020-03-13,-19.937980
2020-03-16,-29.532656
2020-03-17,-25.307798
2020-03-18,-29.179151
2020-03-19,-28.845740
2020-03-20,-31.930954
2020-03-23,-33.924960
2020-03-24,-27.725288
2020-03-25,-26.891599
2020-03-26,-22.328599
2020-03-27,-24.945143
2020-03-30,-22.429604
2020-03-31,-23.671717
2020-04-01,-27.041033
2020-04-02,-25.375427
2020-04-03,-26.505029
2020-04-06,-21.336030
2020-04-07,-21.462133
2020-04-08,-18.787412
2020-04-09,-17.610852
2020-04-13,-18.443366
2020-04-14,-15.949969
2020-04-15,-17.801628
2020-04-16,-17.323505
2020-04-17,-15.108305
2020-04-20,-16.626257
2020-04-21,-19.183730
2020-04-22,-17.330593
2020-04-23,-17.375186
2020-04-24,-16.225209
2020-04-27,-14.992541
2020-04-28,-15.438183
2020-04-29,-13.190198
2020-04-30,-13.989929
2020-05-01,-16.403289
2020-05-04,-16.048017
2020-05-05,-15.289044
2020-05-06,-15.880277
2020-05-07,-14.912511
2020-05-08,-13.476954
2020-05-11,-13.465439
2020-05-12,-15.239425
2020-05-13,-16.719576
2020-05-14,-15.759784
2020-05-15,-15.429026
2020-05-18,-12.764940
2020-05-19,-13.679547
2020-05-20,-12.242216
2020-05-21,-12.924410
2020-05-22,-12.719459
2020-05-26,-11.646852
2020-05-27,-10.336814
2020-05-28,-10.525816
2020-05-29,-10.095237
2020-06-01,-9.757983
2020-06-02,-9.017021
2020-06-03,-7.775196
2020-06-04,-8.085874
2020-06-05,-5.676653
2020-06-08,-4.540851
2020-06-09,-5.285353
2020-06-10,-5.788580
2020-06-11,-11.341784
2020-06-12,-10.183833
2020-06-15,-9.437261
2020-06-16,-7.719975
2020-06-17,-8.052210
2020-06-18,-7.997573
2020-06-19,-8.517340
2020-06-22,-7.923152
2020-06-23,-7.526538
2020-06-24,-9.917453
2020-06-25,-8.930198
2020-06-26,-11.136537
2020-06-29,-9.831517
2020-06-30,-8.442032
2020-07-01,-7.982216
2020-07-02,-7.564340
2020-07-06,-6.096302
2020-07-07,-7.112202
2020-07-08,-6.385127
2020-07-09,-6.913452
2020-07-10,-5.939190
2020-07-13,-6.819838
2020-07-14,-5.570630
2020-07-15,-4.713018
2020-07-16,-5.037575
2020-07-17,-4.767064
2020-07-20,-3.966446
2020-07-21,-3.805202
2020-07-22,-3.252363
2020-07-23,-4.444280
2020-07-24,-5.035808
2020-07-27,-4.333535
2020-07-28,-4.952822
2020-07-29,-3.771539
2020-07-30,-4.132420
2020-07-31,-3.397067
2020-08-03,-2.703359
2020-08-04,-2.351930
2020-08-05,-1.724078
2020-08-06,-1.092391
2020-08-07,-1.029779
2020-08-10,-0.758381
2020-08-11,-1.549251
2020-08-12,-0.171280
2020-08-13,-0.375647
2020-08-14,-0.392771
2020-08-17,-0.122851
2020-08-18,0.000000
2020-08-19,-0.440440
2020-08-20,-0.125967
2020-08-21,0.000000
2020-08-24,0.000000
2020-08-25,0.000000
2020-08-26,0.000000
2020-08-27,0.000000
2020-08-28,0.000000
2020-08-31,-0.219496
2020-09-01,0.000000
2020-09-02,0.000000
2020-09-03,-3.512584
2020-09-04,-4.297319
2020-09-08,-6.953676
2020-09-09,-5.079259
2020-09-10,-6.748421
2020-09-11,-6.698711
2020-09-14,-5.509882
2020-09-15,-5.016704
2020-09-16,-5.455426
2020-09-17,-6.250770
2020-09-18,-7.299128
2020-09-21,-8.371779
2020-09-22,-7.408039
2020-09-23,-9.604455
2020-09-24,-9.334402
2020-09-25,-7.885863
2020-09-28,-6.401849
2020-09-29,-6.852306
2020-09-30,-6.083491
2020-10-01,-5.586400
2020-10-02,-6.490660
2020-10-05,-4.810044
2020-10-06,-6.140183
2020-10-07,-4.507326
2020-10-08,-3.742418
2020-10-09,-2.895974
2020-10-12,-1.301932
2020-10-13,-1.924413
2020-10-14,-2.573982
2020-10-15,-2.722825
2020-10-16,-2.709700
2020-10-19,-4.298437
2020-10-20,-3.846024
2020-10-21,-4.057149
2020-10-22,-3.556431
2020-10-23,-3.224109
2020-10-26,-5.023126
2020-10-27,-5.310490
2020-10-28,-8.651882
2020-10-29,-7.560516
2020-10-30,-8.681765
2020-11-02,-7.556889
2020-11-03,-5.911467
2020-11-04,-3.837093
2020-11-05,-1.965744
2020-11-06,-1.993950
2020-11-09,-0.847290
2020-11-10,-0.986083
2020-11-11,-0.228443
2020-11-12,-1.224017
2020-11-13,0.000000
2020-11-16,0.000000
2020-11-17,-0.479193
2020-11-18,-1.630034
2020-11-19,-1.241823
2020-11-20,-1.912644
2020-11-23,-1.359830
2020-11-24,0.000000
2020-11-25,-0.158442
2020-11-27,0.000000
2020-11-30,-0.459555
2020-12-01,0.000000
2020-12-02,0.000000
2020-12-03,-0.062416
2020-12-04,0.000000
2020-12-07,-0.193564
2020-12-08,0.000000
2020-12-09,-0.794920
2020-12-10,-0.922409
2020-12-11,-1.047742
2020-12-14,-1.479101
2020-12-15,-0.206088
2020-12-16,-0.029174
2020-12-17,0.000000
2020-12-18,-0.351112
2020-12-21,-0.740368
2020-12-22,-0.946143
2020-12-23,-0.872267
2020-12-24,-0.521693
2020-12-28,0.000000
2020-12-29,-0.222738
2020-12-30,-0.088882
2020-12-31,0.000000
2021-01-04,-1.475483
2021-01-05,-0.777673
2021-01-06,-0.211130
2021-01-07,0.000000
2021-01-08,0.000000
2021-01-11,-0.655475
2021-01-12,-0.614169
2021-01-13,-0.388002
2021-01-14,-0.761891
2021-01-15,-1.475416
2021-01-19,-0.673782
2021-01-20,0.000000
2021-01-21,0.000000
2021-01-22,-0.301061
2021-01-25,0.000000
2021-01-26,-0.148883
2021-01-27,-2.712849
2021-01-28,-1.763265
2021-01-29,-3.660361
2021-02-01,-2.113940
2021-02-02,-0.753498
2021-02-03,-0.653381
2021-02-04,0.000000
2021-02-05,0.000000
2021-02-08,0.000000
2021-02-09,-0.111353
2021-02-10,-0.145833
2021-02-11,0.000000
2021-02-12,0.000000
2021-02-16,-0.056927
2021-02-17,-0.088949
2021-02-18,-0.530140
2021-02-19,-0.714646
2021-02-22,-1.482404
2021-02-23,-1.358635
2021-02-24,-0.238896
2021-02-25,-2.680929
2021-02-26,-3.143215
2021-03-01,-0.838918
2021-03-02,-1.640224
2021-03-03,-2.925415
2021-03-04,-4.227885
2021-03-05,-2.360715
2021-03-08,-2.883987
2021-03-09,-1.509344
2021-03-10,-0.915415
2021-03-11,0.000000
2021-03-12,0.000000
2021-03-15,0.000000
2021-03-16,-0.156968
2021-03-17,0.000000
2021-03-18,-1.476054
2021-03-19,-1.535435
2021-03-22,-0.843710
2021-03-23,-1.600357
2021-03-24,-2.138341
2021-03-25,-1.625519
2021-03-26,0.000000
2021-03-29,-0.086801
2021-03-30,-0.402310
2021-03-31,-0.041518
2021-04-01,0.000000
2021-04-05,0.000000
2021-04-06,-0.097353
2021-04-07,0.000000
2021-04-08,0.000000
2021-04-09,0.000000
2021-04-12,-0.019608
2021-04-13,0.000000
2021-04-14,-0.408773
2021-04-15,0.000000
2021-04-16,0.000000
2021-04-19,-0.530656
2021-04-20,-1.207278
2021-04-21,-0.287908
2021-04-22,-1.206322
2021-04-23,-0.126636
2021-04-26,0.000000
2021-04-27,-0.021490
2021-04-28,-0.106025
2021-04-29,0.000000
2021-04-30,-0.719471
2021-05-03,-0.446639
2021-05-04,-1.111490
2021-05-05,-1.041925
2021-05-06,-0.233887
2021-05-07,0.000000
2021-05-10,-1.043565
2021-05-11,-1.901904
2021-05-12,-4.006050
2021-05-13,-2.837502
2021-05-14,-1.388036
2021-05-17,-1.637529
2021-05-18,-2.475311
2021-05-19,-2.762366
2021-05-20,-1.736048
2021-05-21,-1.813075
2021-05-24,-0.839916
2021-05-25,-1.050659
2021-05-26,-0.864950
2021-05-27,-0.749426
2021-05-28,-0.673114
2021-06-01,-0.722016
2021-06-02,-0.578367
2021-06-03,-0.939139
2021-06-04,-0.064026
2021-06-07,-0.143649
2021-06-08,-0.126171
2021-06-09,-0.308328
2021-06-10,0.000000
2021-06-11,0.000000
2021-06-14,0.000000
2021-06-15,-0.201169
2021-06-16,-0.739098
2021-06-17,-0.782347
2021-06-18,-2.084526
2021-06-21,-0.713485
2021-06-22,-0.204692
2021-06-23,-0.312799
2021-06-24,0.000000
2021-06-25,0.000000
2021-06-28,0.000000
2021-06-29,0.000000
2021-06-30,0.000000
2021-07-01,0.000000
2021-07-02,0.000000
2021-07-06,-0.202186
2021-07-07,0.000000
2021-07-08,-0.856103
2021-07-09,0.000000
2021-07-12,0.000000
2021-07-13,-0.351681
2021-07-14,-0.235597
2021-07-15,-0.561053
2021-07-16,-1.310709
2021-07-19,-2.876860
2021-07-20,-1.404219
2021-07-21,-0.591611
2021-07-22,-0.391137
2021-07-23,0.000000
2021-07-26,0.000000
2021-07-27,-0.471244
2021-07-28,-0.489783
2021-07-29,-0.071228
2021-07-30,-0.611447
2021-08-02,-0.794601
2021-08-03,0.000000
2021-08-04,-0.463239
2021-08-05,0.000000
2021-08-06,0.000000
2021-08-09,-0.093991
2021-08-10,0.000000
2021-08-11,0.000000
2021-08-12,0.000000
2021-08-13,0.000000
2021-08-16,0.000000
2021-08-17,-0.706070
2021-08-18,-1.773328
2021-08-19,-1.649887
2021-08-20,-0.849163
2021-08-23,-0.004022
2021-08-24,0.000000
2021-08-25,0.000000
2021-08-26,-0.582492
2021-08-27,0.000000
2021-08-30,0.000000
2021-08-31,-0.134912
2021-09-01,-0.103785
2021-09-02,0.000000
2021-09-03,-0.033503
2021-09-07,-0.372947
2021-09-08,-0.504312
2021-09-09,-0.962550
2021-09-10,-1.727374
2021-09-13,-1.503658
2021-09-14,-2.069681
2021-09-15,-1.239820
2021-09-16,-1.393011
2021-09-17,-2.291406
2021-09-20,-3.950235
2021-09-21,-4.028262
2021-09-22,-3.114649
2021-09-23,-1.938972
2021-09-24,-1.795704
2021-09-27,-2.068357
2021-09-28,-4.062648
2021-09-29,-3.912105
2021-09-30,-5.056484
2021-10-01,-3.965443
2021-10-04,-5.212538
2021-10-05,-4.214946
2021-10-06,-3.821959
2021-10-07,-3.023847
2021-10-08,-3.209432
2021-10-11,-3.873974
2021-10-12,-4.106289
2021-10-13,-3.816449
2021-10-14,-2.175259
2021-10-15,-1.445466
2021-10-18,-1.112867
2021-10-19,-0.381761
2021-10-20,-0.016757
2021-10-21,0.000000
2021-10-22,-0.107255
2021-10-25,0.000000
2021-10-26,0.000000
2021-10-27,-0.505157
2021-10-28,0.000000
2021-10-29,0.000000
2021-11-01,0.000000
2021-11-02,0.000000
2021-11-03,0.000000
2021-11-04,0.000000
2021-11-05,0.000000
2021-11-08,0.000000
2021-11-09,-0.349878
2021-11-10,-1.169582
2021-11-11,-1.115132
2021-11-12,-0.400921
2021-11-15,-0.401991
2021-11-16,-0.017021
2021-11-17,-0.277140
2021-11-18,0.000000
2021-11-19,-0.139867
2021-11-22,-0.459133
2021-11-23,-0.294181
2021-11-24,-0.065470
2021-11-26,-2.336465
2021-11-29,-1.047287
2021-11-30,-2.923560
2021-12-01,-4.070536
2021-12-02,-2.708871
2021-12-03,-3.530842
2021-12-06,-2.399174
2021-12-07,-0.378146
2021-12-08,-0.070784
2021-12-09,-0.788384
2021-12-10,0.000000
2021-12-13,-0.913617
2021-12-14,-1.653859
2021-12-15,-0.046051
2021-12-16,-0.919990
2021-12-17,-1.939293
2021-12-20,-3.056014
2021-12-21,-1.332550
2021-12-22,-0.328096
2021-12-23,0.000000
2021-12-27,0.000000
2021-12-28,-0.101015
2021-12-29,0.000000
2021-12-30,-0.298976
2021-12-31,-0.560808
2022-01-03,0.000000
2022-01-04,-0.062962
2022-01-05,-2.001017
2022-01-06,-2.095465
2022-01-07,-2.492000
2022-01-10,-2.632512
2022-01-11,-1.740627
2022-01-12,-1.463757
2022-01-13,-2.867269
2022-01-14,-2.787622
2022-01-18,-4.575158
2022-01-19,-5.499781
2022-01-20,-6.542816
2022-01-21,-8.310542
2022-01-24,-8.056402
2022-01-25,-9.175531
2022-01-26,-9.311462
2022-01-27,-9.799737
2022-01-28,-7.603573
2022-01-31,-5.858579
2022-02-01,-5.212486
2022-02-02,-4.319349
2022-02-03,-6.653104
2022-02-04,-6.171720
2022-02-07,-6.519046
2022-02-08,-5.733693
2022-02-09,-4.365209
2022-02-10,-6.097703
2022-02-11,-7.878978
2022-02-14,-8.232778
2022-02-15,-6.785910
2022-02-16,-6.703769
2022-02-17,-8.679143
2022-02-18,-9.333563
2022-02-22,-10.253187
2022-02-23,-11.905617
2022-02-24,-10.588002
2022-02-25,-8.587616
2022-02-28,-8.810900
2022-03-01,-10.221915
2022-03-02,-8.548210
2022-03-03,-9.028759
2022-03-04,-9.750528
2022-03-07,-12.414526
2022-03-08,-13.048098
2022-03-09,-10.813587
2022-03-10,-11.196358
2022-03-11,-12.347390
2022-03-14,-12.997861
2022-03-15,-11.135269
2022-03-16,-9.146142
2022-03-17,-8.024295
2022-03-18,-6.951647
2022-03-21,-6.992092
2022-03-22,-5.940720
2022-03-23,-7.095081
2022-03-24,-5.762461
2022-03-25,-5.285038
2022-03-28,-4.608303
2022-03-29,-3.439131
2022-03-30,-4.046856
2022-03-31,-5.548766
2022-04-01,-5.226666
2022-04-04,-4.459861
2022-04-05,-5.659054
2022-04-06,-6.575757
2022-04-07,-6.178388
2022-04-08,-6.427112
2022-04-11,-8.006369
2022-04-12,-8.320752
2022-04-13,-7.296275
2022-04-14,-8.422082
2022-04-18,-8.440843
2022-04-19,-6.970623
2022-04-20,-7.028159
2022-04-21,-8.399768
2022-04-22,-10.940763
2022-04-25,-10.433309
2022-04-26,-12.954281
2022-04-27,-12.771655
2022-04-28,-10.613024
2022-04-29,-13.856386
2022-05-02,-13.367500
2022-05-03,-12.948448
2022-05-04,-10.348878
2022-05-05,-13.544914
2022-05-06,-14.035480
2022-05-09,-16.789534
2022-05-10,-16.585011
2022-05-11,-17.958289
2022-05-12,-18.064612
2022-05-13,-16.108840
2022-05-16,-16.439908
2022-05-17,-14.754531
2022-05-18,-18.198044
2022-05-19,-18.675259
2022-05-20,-18.663374
2022-05-23,-17.154170
2022-05-24,-17.826944
2022-05-25,-17.050346
2022-05-26,-15.401037
2022-05-27,-13.307867
2022-05-31,-13.851805
2022-06-01,-14.496432
2022-06-02,-12.920514
2022-06-03,-14.344030
2022-06-06,-14.075293
2022-06-07,-13.256998
2022-06-08,-14.193298
2022-06-09,-16.235385
2022-06-10,-18.673798
2022-06-13,-21.826688
2022-06-14,-22.121689
2022-06-15,-20.985249
2022-06-16,-23.554173
2022-06-17,-23.385926
2022-06-21,-21.510624
2022-06-22,-21.612784
2022-06-23,-20.865580
2022-06-24,-18.446972
2022-06-27,-18.689435
2022-06-28,-20.327276
2022-06-29,-20.383983
2022-06-30,-21.081362
2022-07-01,-20.248469
2022-07-05,-20.122132
2022-07-06,-19.836716
2022-07-07,-18.637105
2022-07-08,-18.704658
2022-07-11,-19.641787
2022-07-12,-20.384609
2022-07-13,-20.739447
2022-07-14,-20.977120
2022-07-15,-19.459782
2022-07-18,-20.133386
2022-07-19,-17.926808
2022-07-20,-17.442920
2022-07-21,-16.628794
2022-07-22,-17.406853
2022-07-25,-17.298230
2022-07-26,-18.252873
2022-07-27,-16.114673
2022-07-28,-15.096864
2022-07-29,-13.890580
2022-08-01,-14.133674
2022-08-02,-14.705750
2022-08-03,-13.371878
2022-08-04,-13.439217
2022-08-05,-13.579943
2022-08-08,-13.686892
2022-08-09,-14.053610
2022-08-10,-12.223757
2022-08-11,-12.285680
2022-08-12,-10.766261
2022-08-15,-10.412044
2022-08-16,-10.244005
2022-08-17,-10.893641
2022-08-18,-10.691408
2022-08-19,-11.843489
2022-08-22,-13.730044
2022-08-23,-13.923105
2022-08-24,-13.672091
2022-08-25,-12.455592
2022-08-26,-15.404793
2022-08-29,-15.968735
2022-08-30,-16.895445
2022-08-31,-17.545075
2022-09-01,-17.298021
2022-09-02,-18.185951
2022-09-06,-18.520984
2022-09-07,-17.026576
2022-09-08,-16.478062
2022-09-09,-15.202561
2022-09-12,-14.305041
2022-09-13,-18.010201
2022-09-14,-17.732501
2022-09-15,-18.663583
2022-09-16,-19.247752
2022-09-19,-18.694026
2022-09-20,-19.610515
2022-09-21,-20.986501
2022-09-22,-21.652394
2022-09-23,-23.002528
2022-09-26,-23.798723
2022-09-27,-23.960297
2022-09-28,-22.464433
2022-09-29,-24.102483
2022-09-30,-25.246008
2022-10-03,-23.311084
2022-10-04,-20.965653
2022-10-05,-21.125140
2022-10-06,-21.933219
2022-10-07,-24.119372
2022-10-10,-24.687904
2022-10-11,-25.178877
2022-10-12,-25.425097
2022-10-13,-23.488711
2022-10-14,-25.299172
2022-10-17,-23.321090
2022-10-18,-22.444837
2022-10-19,-22.962292
2022-10-20,-23.574812
2022-10-21,-21.761638
2022-10-24,-20.832012
2022-10-25,-19.544214
2022-10-26,-20.138598
2022-10-27,-20.624364
2022-10-28,-18.669630
2022-10-31,-19.275899
2022-11-01,-19.606967
2022-11-02,-21.616953
2022-11-03,-22.446715
2022-11-04,-21.390538
2022-11-07,-20.634788
2022-11-08,-20.190510
2022-11-09,-21.848783
2022-11-10,-17.516510
2022-11-11,-16.754301
2022-11-14,-17.498166
2022-11-15,-16.779318
2022-11-16,-17.466059
2022-11-17,-17.721033
2022-11-18,-17.329502
2022-11-21,-17.650568
2022-11-22,-16.532264
2022-11-23,-16.038578
2022-11-25,-16.062343
2022-11-28,-17.358693
2022-11-29,-17.490246
2022-11-30,-14.936745
2022-12-01,-15.010549
2022-12-02,-15.112082
2022-12-05,-16.631085
2022-12-06,-17.831530
2022-12-07,-17.984558
2022-12-08,-17.367656
2022-12-09,-17.974969
2022-12-12,-16.803709
2022-12-13,-16.197236
2022-12-14,-16.704471
2022-12-15,-18.780335
2022-12-16,-19.684940
2022-12-19,-20.408379
2022-12-20,-20.325815
2022-12-21,-19.141220
2022-12-22,-20.309767
2022-12-23,-19.842136
2022-12-27,-20.166745
2022-12-28,-21.126392
2022-12-29,-19.749154
2022-12-30,-19.953051
2023-01-03,-20.273282
2023-01-04,-19.621617
2023-01-05,-19.428311
2023-01-06,-17.587991
2023-01-09,-17.651253
2023-01-10,-17.076604
2023-01-11,-16.011086
2023-01-12,-15.724188
2023-01-13,-14.235071
2023-01-17,-14.409216
2023-01-18,-15.172726
2023-01-19,-15.820666
2023-01-20,-14.228128
2023-01-23,-13.209043
2023-01-24,-13.270795
2023-01-25,-13.286556
2023-01-26,-12.332027
2023-01-27,-12.113309
2023-01-30,-13.253089
2023-01-31,-11.982900
2023-02-01,-11.062918
2023-02-02,-9.755599
2023-02-03,-10.690045
2023-02-06,-11.238449
2023-02-07,-10.095865
2023-02-08,-11.092068
2023-02-09,-11.877107
2023-02-10,-11.683654
2023-02-13,-10.672555
2023-02-14,-10.697604
2023-02-15,-10.449952
2023-02-16,-11.684735
2023-02-17,-11.929139
2023-02-21,-13.694188
2023-02-22,-13.829995
2023-02-23,-13.370758
2023-02-24,-14.283618
2023-02-27,-14.020211
2023-02-28,-14.281246
2023-03-01,-14.686290
2023-03-02,-14.039425
2023-03-03,-12.651356
2023-03-06,-12.591333
2023-03-07,-13.931038
2023-03-08,-13.809268
2023-03-09,-15.400294
2023-03-10,-16.625140
2023-03-13,-16.751016
2023-03-14,-15.379351
2023-03-15,-15.970078
2023-03-16,-14.494344
2023-03-17,-15.436570
2023-03-20,-14.682400
2023-03-21,-13.574790
2023-03-22,-14.997627
2023-03-23,-14.743935
2023-03-24,-14.263108
2023-03-27,-14.121903
2023-03-28,-14.257062
2023-03-29,-13.036316
2023-03-30,-11.985358
2023-03-31,-10.328764
2023-04-03,-9.997084
2023-04-04,-10.518828
2023-04-05,-9.607264
2023-04-06,-8.781589
2023-04-10,-8.690708
2023-04-11,-8.451787
2023-04-12,-8.297682
2023-04-13,-7.081463
2023-04-14,-7.273746
2023-04-17,-6.967179
2023-04-18,-6.887615
2023-04-19,-6.895461
2023-04-20,-7.392395
2023-04-21,-5.920807
2023-04-24,-3.905978
2023-04-25,-5.425307
2023-04-26,-5.788586
2023-04-27,-3.945231
2023-04-28,-3.152472
2023-05-01,-3.189865
2023-05-02,-4.311533
2023-05-03,-4.981190
2023-05-04,-5.667105
2023-05-05,-3.924328
2023-05-08,-3.880890
2023-05-09,-4.321060
2023-05-10,-3.892039
2023-05-11,-4.055098
2023-05-12,-4.207008
2023-05-15,-3.923637
2023-05-16,-4.536381
2023-05-17,-3.401240
2023-05-18,-2.488860
2023-05-19,-2.629848
2023-05-22,-2.614752
2023-05-23,-3.707612
2023-05-24,-4.412337
2023-05-25,-3.575221
2023-05-26,-2.316965
2023-05-30,-2.315344
2023-05-31,-2.912062
2023-06-01,-1.955314
2023-06-02,-0.530291
2023-06-05,-0.729586
2023-06-06,-0.495914
2023-06-07,-0.875225
2023-06-08,-0.261777
2023-06-09,-0.147271
2023-06-12,0.000000
2023-06-13,0.000000
2023-06-14,0.000000
2023-06-15,0.000000
2023-06-16,-0.367162
2023-06-20,-0.838934
2023-06-21,-1.359062
2023-06-22,-0.993025
2023-06-23,-1.751301
2023-06-26,-2.192127
2023-06-27,-1.071654
2023-06-28,-1.106682
2023-06-29,-0.664279
2023-06-30,0.000000
2023-07-03,0.000000
2023-07-05,-0.196832
2023-07-06,-0.987524
2023-07-07,-1.271204
2023-07-10,-1.033759
2023-07-11,-0.366508
2023-07-12,0.000000
2023-07-13,0.000000
2023-07-14,-0.102441
2023-07-17,0.000000
2023-07-18,0.000000
2023-07-19,0.000000
2023-07-20,-0.675690
2023-07-21,-0.643499
2023-07-24,-0.242680
2023-07-25,0.000000
2023-07-26,-0.015544
2023-07-27,-0.657911
2023-07-28,0.000000
2023-07-31,0.000000
2023-08-01,-0.266509
2023-08-02,-1.646775
2023-08-03,-1.897376
2023-08-04,-2.417327
2023-08-07,-1.536732
2023-08-08,-1.952078
2023-08-09,-2.642211
2023-08-10,-2.617802
2023-08-11,-2.721971
2023-08-14,-2.162576
2023-08-15,-3.292687
2023-08-16,-4.023349
2023-08-17,-4.763609
2023-08-18,-4.777771
2023-08-21,-4.122719
2023-08-22,-4.389015
2023-08-23,-3.333003
2023-08-24,-4.633945
2023-08-25,-3.993280
2023-08-28,-3.391834
2023-08-29,-1.990213
2023-08-30,-1.614524
2023-08-31,-1.771639
2023-09-01,-1.594913
2023-09-05,-2.007642
2023-09-06,-2.690805
2023-09-07,-3.003291
2023-09-08,-2.864913
2023-09-11,-2.211830
2023-09-12,-2.768820
2023-09-13,-2.648095
2023-09-14,-1.827426
2023-09-15,-3.021167
2023-09-18,-2.951217
2023-09-19,-3.159970
2023-09-20,-4.069762
2023-09-21,-5.643108
2023-09-22,-5.859713
2023-09-25,-5.480981
2023-09-26,-6.873675
2023-09-27,-6.852319
2023-09-28,-6.303384
2023-09-29,-6.557263
2023-10-02,-6.549846
2023-10-03,-7.834232
2023-10-04,-7.086790
2023-10-05,-7.207952
2023-10-06,-6.111624
2023-10-09,-5.519765
2023-10-10,-5.027713
2023-10-11,-4.619996
2023-10-12,-5.215781
2023-10-13,-5.691490
2023-10-16,-4.692350
2023-10-17,-4.701714
2023-10-18,-5.978694
2023-10-19,-6.776262
2023-10-20,-7.949509
2023-10-23,-8.104667
2023-10-24,-7.436975
2023-10-25,-8.764294
2023-10-26,-9.843842
2023-10-27,-10.276617
2023-10-30,-9.199037
2023-10-31,-8.611105
2023-11-01,-7.650973
2023-11-02,-5.909404
2023-11-03,-5.025542
2023-11-06,-4.859053
2023-11-07,-4.588841
2023-11-08,-4.492961
2023-11-09,-5.265024
2023-11-10,-3.785601
2023-11-13,-3.866021
2023-11-14,-2.032264
2023-11-15,-1.875808
2023-11-16,-1.758998
2023-11-17,-1.633048
2023-11-20,-0.906089
2023-11-21,-1.106351
2023-11-22,-0.704731
2023-11-24,-0.645465
2023-11-27,-0.839619
2023-11-28,-0.742430
2023-11-29,-0.836353
2023-11-30,-0.461110
2023-12-01,0.000000
2023-12-04,-0.540851
2023-12-05,-0.597430
2023-12-06,-0.985717
2023-12-07,-0.196752
2023-12-08,0.000000
2023-12-11,0.000000
2023-12-12,0.000000
2023-12-13,0.000000
2023-12-14,0.000000
2023-12-15,-0.007625
2023-12-18,0.000000
2023-12-19,0.000000
2023-12-20,-1.468427
2023-12-21,-0.453407
2023-12-22,-0.288154
2023-12-26,0.000000
2023-12-27,0.000000
2023-12-28,0.000000
2023-12-29,-0.282648
2024-01-02,-0.847105
2024-01-03,-1.641946
2024-01-04,-1.979155
2024-01-05,-1.800200
2024-01-08,-0.414146
2024-01-09,-0.561324
2024-01-10,0.000000
2024-01-11,-0.067106
2024-01-12,0.000000
2024-01-16,-0.373134
2024-01-17,-0.932728
2024-01-18,-0.060415
2024-01-19,0.000000
2024-01-22,0.000000
2024-01-23,0.000000
2024-01-24,0.000000
2024-01-25,0.000000
2024-01-26,-0.065179
2024-01-29,0.000000
2024-01-30,-0.060065
2024-01-31,-1.669672
2024-02-01,-0.441164
2024-02-02,0.000000
2024-02-05,-0.318634
2024-02-06,-0.088329
2024-02-07,0.000000
2024-02-08,0.000000
2024-02-09,0.000000
2024-02-12,-0.094895
2024-02-13,-1.461023
2024-02-14,-0.517043
2024-02-15,0.000000
2024-02-16,-0.480347
2024-02-20,-1.077995
2024-02-21,-0.952937
2024-02-22,0.000000
2024-02-23,0.000000
2024-02-26,-0.378675
2024-02-27,-0.208686
2024-02-28,-0.374156
2024-02-29,0.000000
2024-03-01,0.000000
2024-03-04,-0.119326
2024-03-05,-1.137420
2024-03-06,-0.629157
2024-03-07,0.000000
2024-03-08,-0.652852
2024-03-11,-0.764343
2024-03-12,0.000000
2024-03-13,-0.192453
2024-03-14,-0.479010
2024-03-15,-1.124196
2024-03-18,-0.499493
2024-03-19,0.000000
2024-03-20,0.000000
2024-03-21,0.000000
2024-03-22,-0.140219
2024-03-25,-0.445287
2024-03-26,-0.724020
2024-03-27,0.000000
2024-03-28,0.000000
2024-04-01,-0.201358
2024-04-02,-0.923807
2024-04-03,-0.815702
2024-04-04,-2.039075
2024-04-05,-0.951788
2024-04-08,-0.988894
2024-04-09,-0.845774
2024-04-10,-1.783474
2024-04-11,-1.052272
2024-04-12,-2.492029
2024-04-15,-3.664207
2024-04-16,-3.862322
2024-04-17,-4.418056
2024-04-18,-4.629116
2024-04-19,-5.464427
2024-04-22,-4.639013
2024-04-23,-3.498060
2024-04-24,-3.477504
2024-04-25,-3.919232
2024-04-26,-2.938330
2024-04-29,-2.629824
2024-04-30,-4.161507
2024-05-01,-4.490754
2024-05-02,-3.618904
2024-05-03,-2.408672
2024-05-06,-1.400932
2024-05-07,-1.268471
2024-05-08,-1.269047
2024-05-09,-0.766413
2024-05-10,-0.602737
2024-05-13,-0.626722
2024-05-14,-0.145973
2024-05-15,0.000000
2024-05-16,-0.208167
2024-05-17,-0.091932
2024-05-20,-0.000377
2024-05-21,0.000000
2024-05-22,-0.270612
2024-05-23,-1.006694
2024-05-24,-0.313638
2024-05-28,-0.288835
2024-05-29,-1.023412
2024-05-30,-1.614801
2024-05-31,-0.824977
2024-06-03,-0.714289
2024-06-04,-0.565082
2024-06-05,0.000000
2024-06-06,-0.019982
2024-06-07,-0.131481
2024-06-10,0.000000
2024-06-11,0.000000
2024-06-12,0.000000
2024-06-13,0.000000
2024-06-14,-0.039386
2024-06-17,0.000000
2024-06-18,0.000000
2024-06-20,-0.252593
2024-06-21,-0.408412
2024-06-24,-0.713677
2024-06-25,-0.323125
2024-06-26,-0.166390
2024-06-27,-0.075809
2024-06-28,-0.483865
2024-07-01,-0.217603
2024-07-02,0.000000
2024-07-03,0.000000
2024-07-05,0.000000
2024-07-08,0.000000
2024-07-09,0.000000
2024-07-10,0.000000
2024-07-11,-0.876303
2024-07-12,-0.329435
2024-07-15,-0.047746
2024-07-16,0.000000
2024-07-17,-1.392754
2024-07-18,-2.163508
2024-07-19,-2.862087
2024-07-22,-1.813771
2024-07-23,-1.966755
2024-07-24,-4.236136
2024-07-25,-4.728613
2024-07-26,-3.672009
2024-07-29,-3.593664
2024-07-30,-4.071856
2024-07-31,-2.556825
2024-08-01,-3.891163
2024-08-02,-5.657823
2024-08-05,-8.485144
2024-08-06,-7.537592
2024-08-07,-8.252756
2024-08-08,-6.138660
2024-08-09,-5.700170
2024-08-12,-5.696112
2024-08-13,-4.107320
2024-08-14,-3.740652
2024-08-15,-2.187676
2024-08-16,-1.993051
2024-08-19,-1.040200
2024-08-20,-1.236591
2024-08-21,-0.817866
2024-08-22,-1.703841
2024-08-23,-0.575069
2024-08-26,-0.888628
2024-08-27,-0.730526
2024-08-28,-1.323758
2024-08-29,-1.327644
2024-08-30,-0.331739
2024-09-03,-2.439829
2024-09-04,-2.596174
2024-09-05,-2.890140
2024-09-06,-4.566281
2024-09-09,-3.461152
2024-09-10,-3.029365
2024-09-11,-1.995171
2024-09-12,-1.260595
2024-09-13,-0.726641
2024-09-16,-0.601891
2024-09-17,-0.575595
2024-09-18,-0.863573
2024-09-19,0.000000
2024-09-20,-0.194103
2024-09-23,0.000000
2024-09-24,0.000000
2024-09-25,-0.186125
2024-09-26,0.000000
2024-09-27,-0.125322
2024-09-30,0.000000
2024-10-01,-0.932411
2024-10-02,-0.918701
2024-10-03,-1.085297
2024-10-04,-0.198008
2024-10-07,-1.154712
2024-10-08,-0.196965
2024-10-09,0.000000
2024-10-10,-0.207012
2024-10-11,0.000000
2024-10-14,0.000000
2024-10-15,-0.760947
2024-10-16,-0.296593
2024-10-17,-0.313658
2024-10-18,0.000000
2024-10-21,-0.182277
2024-10-22,-0.229676
2024-10-23,-1.146697
2024-10-24,-0.934580
2024-10-25,-0.964245
2024-10-28,-0.701658
2024-10-29,-0.541377
2024-10-30,-0.869614
2024-10-31,-2.714897
2024-11-01,-2.316756
2024-11-04,-2.591450
2024-11-05,-1.396671
2024-11-06,0.000000
2024-11-07,0.000000
2024-11-08,0.000000
2024-11-11,0.000000
2024-11-12,-0.289266
2024-11-13,-0.266110
2024-11-14,-0.869474
2024-11-15,-2.178343
2024-11-18,-1.795096
2024-11-19,-1.405852
2024-11-20,-1.403688
2024-11-21,-0.877138
2024-11-22,-0.533384
2024-11-25,-0.232947
2024-11-26,0.000000
2024-11-27,-0.380124
2024-11-29,0.000000
2024-12-02,0.000000
2024-12-03,0.000000
2024-12-04,0.000000
2024-12-05,-0.186978
2024-12-06,0.000000
2024-12-09,-0.614421
2024-12-10,-0.908989
2024-12-11,-0.099833
2024-12-12,-0.640694
2024-12-13,-0.643324
2024-12-16,-0.265833
2024-12-17,-0.651205
2024-12-18,-3.581284
2024-12-19,-3.664697
2024-12-20,-2.617617
2024-12-23,-1.907965
2024-12-24,-0.824758
2024-12-26,-0.864989
2024-12-27,-1.961000
2024-12-30,-3.010213
2024-12-31,-3.425795
2025-01-02,-3.640565
2025-01-03,-2.426819
2025-01-06,-1.886454
2025-01-07,-2.975898
2025-01-08,-2.824506
2025-01-10,-4.322140
2025-01-13,-4.171405
2025-01-14,-4.061558
2025-01-15,-2.304657
2025-01-16,-2.511057
2025-01-17,-1.537040
2025-01-21,-0.673694
2025-01-22,-0.064035
2025-01-23,0.000000
2025-01-24,-0.285513
2025-01-27,-1.739422
2025-01-28,-0.833669
2025-01-29,-1.297658
2025-01-30,-0.776962
2025-01-31,-1.277723
2025-02-03,-2.028861
2025-02-04,-1.321031
2025-02-05,-0.935328
2025-02-06,-0.574306
2025-02-07,-1.515348
2025-02-10,-0.854265
2025-02-11,-0.820597
2025-02-12,-1.090749
2025-02-13,-0.059492
2025-02-14,-0.066682
2025-02-18,0.000000
2025-02-19,0.000000
2025-02-20,-0.433418
2025-02-21,-2.132435
2025-02-24,-2.618750
2025-02-25,-3.074468
2025-02-26,-3.061283
2025-02-27,-4.599173
2025-02-28,-3.086674
2025-03-03,-4.792033
2025-03-04,-5.956886
2025-03-05,-4.907433
2025-03-06,-6.601888
2025-03-07,-6.086273
2025-03-10,-8.619416
2025-03-11,-9.310972
2025-03-12,-8.867787
2025-03-13,-10.133703
2025-03-14,-8.222618
2025-03-17,-7.633762
2025-03-18,-8.617787
2025-03-19,-7.630996
2025-03-20,-7.832813
2025-03-21,-7.756807
2025-03-24,-6.129084
2025-03-25,-5.981299
2025-03-26,-7.030260
2025-03-27,-7.337709
2025-03-28,-9.166605
2025-03-31,-8.663522
2025-04-01,-8.318158
2025-04-02,-7.701304
2025-04-03,-12.168158
2025-04-04,-17.416076
2025-04-07,-17.608618
2025-04-08,-18.902206
2025-04-09,-11.185437
2025-04-10,-14.259094
2025-04-11,-12.707861
2025-04-14,-12.014350
2025-04-15,-12.166370
2025-04-16,-14.134579
2025-04-17,-14.020649
2025-04-21,-16.046967
2025-04-22,-13.938301
2025-04-23,-12.504416
2025-04-24,-10.731833
2025-04-25,-10.073646
2025-04-28,-10.016030
2025-04-29,-9.493906
2025-04-30,-9.359958
2025-05-01,-8.789007
2025-05-02,-7.445782
2025-05-05,-8.036425
2025-05-06,-8.743923
2025-05-07,-8.347292
2025-05-08,-7.815727
2025-05-09,-7.881314
2025-05-12,-4.882042
2025-05-13,-4.192608
2025-05-14,-4.094461
2025-05-15,-3.698148
2025-05-16,-3.023527
2025-05-19,-2.938564
2025-05-20,-3.315185
2025-05-21,-4.875207
2025-05-22,-4.917525
2025-05-23,-5.555367
2025-05-27,-3.623119
2025-05-28,-4.160056
2025-05-29,-3.775624
2025-05-30,-3.783436
2025-06-02,-3.388751
2025-06-03,-2.828378
2025-06-04,-2.821218
2025-06-05,-3.334067
2025-06-06,-2.340276
2025-06-09,-2.250434
2025-06-10,-1.714474
2025-06-11,-1.984158
2025-06-12,-1.609501
2025-06-13,-2.720957
2025-06-16,-1.807248
2025-06-17,-2.627372
2025-06-18,-2.657484
2025-06-20,-2.869560
2025-06-23,-1.936476
2025-06-24,-0.845841
2025-06-25,-0.846167
2025-06-26,-0.050941
2025-06-27,0.000000
2025-06-30,0.000000
2025-07-01,-0.111853
2025-07-02,0.000000
2025-07-03,0.000000
2025-07-07,-0.786230
2025-07-08,-0.857256
2025-07-09,-0.256242
2025-07-10,0.000000
2025-07-11,-0.329752
2025-07-14,-0.189475
2025-07-15,-0.584355
2025-07-16,-0.266856
2025-07-17,0.000000
2025-07-18,-0.009049
2025-07-21,0.000000
2025-07-22,0.000000
2025-07-23,0.000000
2025-07-24,0.000000
2025-07-25,0.000000
2025-07-28,0.000000
2025-07-29,-0.295944
2025-07-30,-0.420518
2025-07-31,-0.788446
2025-08-01,-2.375050
2025-08-04,-0.936342
2025-08-05,-1.417580
2025-08-06,-0.699712
2025-08-07,-0.778902
2025-08-08,-0.005005
2025-08-11,-0.255406
2025-08-12,0.000000
2025-08-13,0.000000
2025-08-14,0.000000
2025-08-15,-0.289714
2025-08-18,-0.299761
2025-08-19,-0.883815
2025-08-20,-1.124833
2025-08-21,-1.520747
2025-08-22,-0.025197
2025-08-25,-0.451728
2025-08-26,-0.040196
2025-08-27,0.000000
2025-08-28,0.000000
2025-08-29,-0.639818
2025-09-02,-1.327617
2025-09-03,-0.824381
2025-09-04,0.000000
2025-09-05,-0.316515
2025-09-08,-0.106584
2025-09-09,0.000000
2025-09-10,0.000000
2025-09-11,0.000000
2025-09-12,-0.048276
2025-09-15,0.000000
2025-09-16,-0.128793
2025-09-17,-0.225685
2025-09-18,0.000000
2025-09-19,0.000000
2025-09-22,0.000000
2025-09-23,-0.550216
2025-09-24,-0.833311
2025-09-25,-1.330043
2025-09-26,-0.747710
2025-09-29,-0.486126
2025-09-30,-0.079030
2025-10-01,0.000000
2025-10-02,0.000000
2025-10-03,0.000000
2025-10-06,0.000000
2025-10-07,-0.381141
2025-10-08,0.000000
2025-10-09,-0.275557
2025-10-10,-2.979254
2025-10-13,-1.465859
2025-10-14,-1.619998
2025-10-15,-1.223920
2025-10-16,-1.845655
2025-10-17,-1.328312
2025-10-20,-0.275261
2025-10-21,-0.272000
2025-10-22,-0.804302
2025-10-23,-0.226250
2025-10-24,0.000000
2025-10-27,0.000000
2025-10-28,0.000000
2025-10-29,-0.004358
2025-10-30,-0.994796
2025-10-31,-0.735608
2025-11-03,-0.564803
2025-11-04,-1.731857
2025-11-05,-1.372828
2025-11-06,-2.475302
2025-11-07,-2.352241
2025-11-10,-0.848366
2025-11-11,-0.642591
2025-11-12,-0.580044
2025-11-13,-2.226126
2025-11-14,-2.275182
2025-11-17,-3.170563
2025-11-18,-3.970029
2025-11-19,-3.609548
2025-11-20,-5.110085
2025-11-21,-4.177978
2025-11-24,-2.695878
2025-11-25,-1.814138
2025-11-26,-1.135997
2025-11-28,-0.606602
2025-12-01,-1.135706
2025-12-02,-0.892773
2025-12-03,-0.597454
2025-12-04,-0.490068
2025-12-05,-0.297353
2025-12-08,-0.644044
2025-12-09,-0.731116
2025-12-10,-0.061095
2025-12-11,0.000000
2025-12-12,-1.066365
2025-12-15,-1.224319
2025-12-16,-1.459792
2025-12-17,-2.602084
2025-12-18,-1.829303
2025-12-19,-0.963628
2025-12-22,-0.326181
2025-12-23,0.000000
2025-12-24,0.000000
2025-12-26,-0.030436
2025-12-29,-0.379535
2025-12-30,-0.516580
2025-12-31,-1.248546
2026-01-02,-1.061441
2026-01-05,-0.432772
2026-01-06,0.000000
2026-01-07,-0.343992
2026-01-08,-0.336364
2026-01-09,0.000000
2026-01-12,0.000000
2026-01-13,-0.193912
2026-01-14,-0.726214
2026-01-15,-0.470095
2026-01-16,-0.534023
2026-01-20,-2.585684
2026-01-21,-1.456872
2026-01-22,-0.916117
2026-01-23,-0.883729
2026-01-26,-0.387545
2026-01-27,0.000000
2026-01-28,-0.008172
2026-01-29,-0.137425
2026-01-30,-0.567024
2026-02-02,-0.030954
2026-02-03,-0.871092
2026-02-04,-1.373913
2026-02-05,-2.582183
2026-02-06,-0.663461
2026-02-09,-0.197465
2026-02-10,-0.527184
2026-02-11,-0.532053
2026-02-12,-2.089822
2026-02-13,-2.040956
2026-02-17,-1.939929
2026-02-18,-1.394120
2026-02-19,-1.672398
2026-02-20,-0.990031
2026-02-23,-2.018315
2026-02-24,-1.268596
2026-02-25,-0.465283
2026-02-26,-0.999344
2026-02-27,-1.428943
2026-03-02,-1.389677
2026-03-03,-2.320956
2026-03-04,-1.563352
2026-03-05,-2.119195
2026-03-06,-3.418738
2026-03-09,-2.616712
2026-03-10,-2.824637
2026-03-11,-2.906031
2026-03-12,-4.384547
2026-03-13,-4.963892
2026-03-16,-4.001092
2026-03-17,-3.761646
2026-03-18,-5.071216
2026-03-19,-5.332156
2026-03-20,-6.765255
2026-03-23,-5.697419
2026-03-24,-6.050354
2026-03-25,-5.541229
2026-03-26,-7.185394
2026-03-27,-8.737426
2026-03-30,-9.097525
2026-03-31,-6.449432
2026-04-01,-5.778813
2026-04-02,-5.673203
2026-04-06,-5.255639
2026-04-07,-5.183704
2026-04-08,-2.805578
2026-04-09,-2.205886
2026-04-10,-2.317226
2026-04-13,-1.323473
2026-04-14,-0.160780
2026-04-15,0.000000
2026-04-16,0.000000
2026-04-17,0.000000
2026-04-20,-0.237437
2026-04-21,-0.870752
2026-04-22,0.000000
2026-04-23,-0.413287
2026-04-24,0.000000
2026-04-27,0.000000
2026-04-28,-0.489417
2026-04-29,-0.529139
2026-04-30,0.000000
2026-05-01,0.000000
2026-05-04,-0.406219
2026-05-05,0.000000
2026-05-06,0.000000
2026-05-07,-0.380310
2026-05-08,0.000000
2026-05-11,0.000000
2026-05-12,-0.160261
2026-05-13,0.000000
2026-05-14,0.000000
2026-05-15,-1.236332
2026-05-18,-1.308989
2026-05-19,-1.968079
2026-05-20,-0.910116
2026-05-21,-0.740145
2026-05-22,-0.370206
2026-05-26,0.000000
2026-05-27,0.000000
2026-05-28,0.000000
2026-05-29,0.000000
2026-06-01,0.000000
2026-06-02,0.000000
2026-06-03,-0.737204
2026-06-04,-0.334697
2026-06-05,-2.970382
2026-06-08,-2.681415
2026-06-09,-2.932146
2026-06-10,-4.504592
2026-06-11,-2.831619
2026-06-12,-2.343298
2026-06-15,-0.729190
2026-06-16,-1.293463
2026-06-17,-2.492578
2026-06-18,-1.434992
2026-06-22,-1.800180
2026-06-23,-3.210603
2026-06-24,-3.305740
2026-06-25,-3.315333
2026-06-26,-3.360935
2026-06-29,-2.225421
2026-06-30,-1.451027
2026-07-01,-1.662989
2026-07-02,-1.662854
2026-07-06,-0.950745
2026-07-07,-1.392020
2026-07-08,-1.669823
2026-07-09,-0.869140
2026-07-10,-0.451914
2026-07-13,-1.241034
2026-07-14,-0.869801
2026-07-15,-0.491208
2026-07-16,-0.998843
2026-07-17,-1.998610
2026-07-20,-2.083237
2026-07-21,-1.321715
2026-07-22,-1.456282
2026-07-23,-2.647645
2026-07-24,-2.599284
2026-07-27,-2.583512
2026-07-28,-2.378518
2026-07-29,-3.858586
2026-07-30,-2.262219
2026-07-31,-1.577701
2026-08-03,-0.121946
2026-08-04,0.000000
2026-08-05,-0.167649
2026-08-06,-0.343308
2026-08-07,0.000000
2026-08-10,-0.058398
