date,value
2003-05-01,17.837646
2003-05-02,18.169983
2003-05-05,18.208460
2003-05-06,18.353643
2003-05-07,18.281927
2003-05-08,18.084270
2003-05-09,18.339649
2003-05-12,18.680733
2003-05-13,18.637001
2003-05-14,18.680733
2003-05-15,18.874878
2003-05-16,18.908123
2003-05-19,18.416609
2003-05-20,18.393875
2003-05-21,18.467335
2003-05-22,18.729706
2003-05-23,18.834650
2003-05-27,19.240450
2003-05-28,19.291183
2003-05-29,19.222963
2003-05-30,19.599024
2003-06-02,19.707474
2003-06-03,19.700476
2003-06-04,20.113270
2003-06-05,20.254944
2003-06-06,20.150005
2003-06-09,19.822918
2003-06-10,19.966341
2003-06-11,20.309164
2003-06-12,20.393126
2003-06-13,20.080038
2003-06-16,20.485846
2003-06-17,20.522573
2003-06-18,20.426361
2003-06-19,20.160498
2003-06-20,20.141253
2003-06-23,19.857891
2003-06-24,19.800175
2003-06-25,19.695230
2003-06-26,19.864887
2003-06-27,19.754688
2003-06-30,19.768686
2003-07-01,19.835154
2003-07-02,20.087030
2003-07-03,19.976833
2003-07-07,20.312672
2003-07-08,20.501579
2003-07-09,20.513821
2003-07-10,20.130756
2003-07-11,20.253197
2003-07-14,20.548805
2003-07-15,20.289938
2003-07-16,20.113270
2003-07-17,19.817671
2003-07-18,20.087030
2003-07-21,19.824656
2003-07-22,20.073040
2003-07-23,19.908615
2003-07-24,19.992580
2003-07-25,20.298681
2003-07-28,20.338905
2003-07-29,20.184980
2003-07-30,20.143009
2003-07-31,20.233955
2003-08-01,20.104519
2003-08-04,20.069536
2003-08-05,19.705713
2003-08-06,19.756447
2003-08-07,19.824656
2003-08-08,19.898121
2003-08-11,19.978584
2003-08-12,20.169239
2003-08-13,20.132509
2003-08-14,20.344154
2003-08-15,20.387886
2003-08-18,20.622267
2003-08-19,20.751705
2003-08-20,20.760450
2003-08-21,20.931860
2003-08-22,20.700974
2003-08-25,20.660746
2003-08-26,20.739456
2003-08-27,20.805922
2003-08-28,20.984341
2003-08-29,21.106781
2003-09-02,21.416374
2003-09-03,21.470589
2003-09-04,21.488094
2003-09-05,21.402380
2003-09-08,21.575541
2003-09-09,21.388388
2003-09-10,21.007069
2003-09-11,21.152245
2003-09-12,21.211720
2003-09-15,21.152245
2003-09-16,21.453102
2003-09-17,21.409372
2003-09-18,21.662996
2003-09-19,21.658955
2003-09-22,21.365389
2003-09-23,21.521841
2003-09-24,21.168501
2003-09-25,20.932961
2003-09-26,20.764183
2003-09-29,20.890760
2003-09-30,20.794065
2003-10-01,21.161486
2003-10-02,21.270456
2003-10-03,21.520082
2003-10-06,21.651922
2003-10-07,21.757401
2003-10-08,21.697628
2003-10-09,21.832989
2003-10-10,21.815405
2003-10-13,22.035147
2003-10-14,22.114248
2003-10-15,22.049200
2003-10-16,22.084362
2003-10-17,21.822439
2003-10-20,21.903297
2003-10-21,21.943735
2003-10-22,21.622042
2003-10-23,21.639616
2003-10-24,21.534143
2003-10-27,21.674770
2003-10-28,22.035147
2003-10-29,22.119528
2003-10-30,22.228508
2003-10-31,22.233774
2003-11-03,22.423637
2003-11-04,22.325195
2003-11-05,22.356831
2003-11-06,22.492193
2003-11-07,22.455284
2003-11-10,22.223236
2003-11-11,22.217964
2003-11-12,22.529108
2003-11-13,22.580084
2003-11-14,22.351564
2003-11-17,22.137104
2003-11-18,21.913853
2003-11-19,22.045689
2003-11-20,21.894512
2003-11-21,21.989439
2003-11-24,22.404303
2003-11-25,22.546690
2003-11-26,22.646881
2003-11-28,22.703135
2003-12-01,22.972094
2003-12-02,22.887722
2003-12-03,22.861357
2003-12-04,22.845530
2003-12-05,22.685564
2003-12-08,22.852564
2003-12-09,22.648645
2003-12-10,22.472855
2003-12-11,22.870144
2003-12-12,22.958038
2003-12-15,22.773449
2003-12-16,22.849043
2003-12-17,22.917603
2003-12-18,23.253357
2003-12-19,23.276279
2003-12-22,23.371473
2003-12-23,23.524853
2003-12-24,23.480783
2003-12-26,23.537193
2003-12-29,23.817505
2003-12-30,23.849241
2003-12-31,23.879202
2004-01-02,23.766382
2004-01-05,24.064316
2004-01-06,24.113682
2004-01-07,24.127798
2004-01-08,24.311134
2004-01-09,24.182426
2004-01-12,24.328758
2004-01-13,24.194790
2004-01-14,24.413378
2004-01-15,24.480375
2004-01-16,24.707796
2004-01-20,24.757160
2004-01-21,24.862936
2004-01-22,24.767740
2004-01-23,24.707796
2004-01-26,24.928167
2004-01-27,24.736006
2004-01-28,24.408096
2004-01-29,24.413378
2004-01-30,24.445118
2004-02-02,24.471561
2004-02-03,24.478619
2004-02-04,24.217695
2004-02-05,24.282927
2004-02-06,24.651382
2004-02-09,24.672546
2004-02-10,24.781834
2004-02-11,25.081545
2004-02-12,25.007509
2004-02-13,24.840017
2004-02-17,25.116796
2004-02-18,25.028648
2004-02-19,24.873512
2004-02-20,24.767740
2004-02-23,24.610834
2004-02-24,24.545599
2004-02-25,24.721895
2004-02-26,24.825924
2004-02-27,24.910545
2004-03-01,25.222576
2004-03-02,25.122103
2004-03-03,25.132662
2004-03-04,25.227869
2004-03-05,25.323065
2004-03-08,25.033941
2004-03-09,24.831200
2004-03-10,24.446880
2004-03-11,24.039646
2004-03-12,24.399273
2004-03-15,24.020239
2004-03-16,24.140123
2004-03-17,24.513861
2004-03-18,24.505058
2004-03-19,24.281330
2004-03-22,23.889008
2004-03-23,23.890779
2004-03-24,23.825396
2004-03-25,24.228319
2004-03-26,24.277802
2004-03-29,24.514603
2004-03-30,24.701918
2004-03-31,24.740812
2004-04-01,24.892776
2004-04-02,25.173759
2004-04-05,25.320438
2004-04-06,25.269194
2004-04-07,25.138422
2004-04-08,25.111916
2004-04-12,25.193201
2004-04-13,24.807947
2004-04-14,24.652433
2004-04-15,24.703684
2004-04-16,24.864506
2004-04-19,24.864506
2004-04-20,24.500456
2004-04-21,24.652433
2004-04-22,25.118986
2004-04-23,25.055361
2004-04-26,24.889246
2004-04-27,24.928133
2004-04-28,24.555239
2004-04-29,24.272491
2004-04-30,24.157631
2004-05-03,24.316683
2004-05-04,24.387365
2004-05-05,24.459812
2004-05-06,24.219482
2004-05-07,23.788286
2004-05-10,23.433083
2004-05-11,23.698153
2004-05-12,23.708765
2004-05-13,23.797121
2004-05-14,23.738794
2004-05-17,23.440145
2004-05-18,23.668118
2004-05-19,23.620403
2004-05-20,23.653978
2004-05-21,23.708765
2004-05-24,23.901386
2004-05-25,24.330805
2004-05-26,24.378531
2004-05-27,24.496929
2004-05-28,24.579998
2004-06-01,24.551722
2004-06-02,24.634766
2004-06-03,24.387365
2004-06-04,24.539349
2004-06-07,25.005880
2004-06-08,24.995287
2004-06-09,24.730200
2004-06-10,24.836241
2004-06-14,24.546412
2004-06-15,24.753178
2004-06-16,24.806189
2004-06-17,24.784983
2004-06-18,24.850006
2004-06-21,24.777372
2004-06-22,24.919102
2004-06-23,25.223833
2004-06-24,25.163593
2004-06-25,25.184849
2004-06-28,25.090950
2004-06-29,25.154739
2004-06-30,25.326593
2004-07-01,24.981106
2004-07-02,24.896076
2004-07-06,24.612597
2004-07-07,24.651577
2004-07-08,24.384039
2004-07-09,24.460226
2004-07-12,24.431885
2004-07-13,24.470852
2004-07-14,24.375187
2004-07-15,24.437195
2004-07-16,24.249390
2004-07-19,24.236996
2004-07-20,24.449600
2004-07-21,24.070444
2004-07-22,24.042107
2004-07-23,23.833048
2004-07-26,23.717880
2004-07-27,23.932253
2004-07-28,23.903898
2004-07-29,24.130686
2004-07-30,24.167900
2004-08-02,24.261801
2004-08-03,24.033249
2004-08-04,23.985415
2004-08-05,23.551346
2004-08-06,23.127901
2004-08-09,23.255466
2004-08-10,23.521235
2004-08-11,23.436184
2004-08-12,23.173973
2004-08-13,23.138540
2004-08-16,23.572609
2004-08-17,23.634604
2004-08-18,23.930494
2004-08-19,23.841898
2004-08-20,24.079309
2004-08-23,23.962381
2004-08-24,23.962381
2004-08-25,24.210417
2004-08-26,24.183836
2004-08-27,24.228138
2004-08-30,24.047424
2004-08-31,24.143093
2004-09-01,24.224594
2004-09-02,24.539948
2004-09-03,24.399994
2004-09-07,24.603737
2004-09-08,24.460226
2004-09-09,24.529324
2004-09-10,24.706497
2004-09-13,24.745480
2004-09-14,24.800396
2004-09-15,24.623232
2004-09-16,24.764957
2004-09-17,24.853598
2004-09-20,24.773670
2004-09-21,24.937071
2004-09-22,24.626249
2004-09-23,24.555193
2004-09-24,24.549873
2004-09-27,24.386463
2004-09-28,24.523239
2004-09-29,24.626249
2004-09-30,24.763006
2004-10-01,25.169748
2004-10-04,25.292294
2004-10-05,25.249672
2004-10-06,25.413084
2004-10-07,25.175081
2004-10-08,24.949501
2004-10-11,24.931738
2004-10-12,24.871349
2004-10-13,24.668877
2004-10-14,24.487707
2004-10-15,24.580078
2004-10-18,24.665323
2004-10-19,24.453951
2004-10-20,24.480597
2004-10-21,24.675982
2004-10-22,24.482380
2004-10-25,24.514345
2004-10-26,24.867813
2004-10-27,25.233694
2004-10-28,25.217703
2004-10-29,25.350912
2004-11-01,25.384659
2004-11-02,25.354465
2004-11-03,25.649317
2004-11-04,26.102236
2004-11-05,26.283377
2004-11-08,26.233656
2004-11-09,26.251415
2004-11-10,26.269186
2004-11-11,26.528498
2004-11-12,26.752287
2004-11-15,26.778936
2004-11-16,26.624411
2004-11-17,26.786036
2004-11-18,26.869507
2004-11-19,26.551586
2004-11-22,26.739859
2004-11-23,26.768276
2004-11-24,26.968985
2004-11-26,27.029360
2004-11-29,26.889048
2004-11-30,26.819788
2004-12-01,27.189226
2004-12-02,27.137716
2004-12-03,27.175013
2004-12-06,27.160812
2004-12-07,26.819788
2004-12-08,26.883722
2004-12-09,27.025814
2004-12-10,27.052465
2004-12-13,27.274471
2004-12-14,27.450323
2004-12-15,27.553322
2004-12-16,27.414797
2004-12-17,27.358334
2004-12-20,27.287086
2004-12-21,27.547125
2004-12-22,27.643324
2004-12-23,27.657566
2004-12-27,27.500814
2004-12-28,27.728815
2004-12-29,27.771570
2004-12-30,27.824984
2004-12-31,27.814304
2005-01-03,27.429575
2005-01-04,27.046625
2005-01-05,26.838228
2005-01-06,26.918396
2005-01-07,26.847157
2005-01-10,26.900579
2005-01-11,26.761652
2005-01-12,26.895239
2005-01-13,26.711775
2005-01-14,26.943327
2005-01-18,27.205149
2005-01-19,26.966476
2005-01-20,26.758089
2005-01-21,26.603130
2005-01-24,26.449947
2005-01-25,26.485567
2005-01-26,26.679716
2005-01-27,26.765205
2005-01-28,26.658348
2005-01-31,26.957577
2005-02-01,27.157068
2005-02-02,27.265711
2005-02-03,27.206932
2005-02-04,27.529316
2005-02-07,27.479460
2005-02-08,27.447395
2005-02-09,27.199814
2005-02-10,27.306679
2005-02-11,27.597000
2005-02-14,27.570284
2005-02-15,27.673582
2005-02-16,27.662909
2005-02-17,27.468754
2005-02-18,27.466991
2005-02-22,27.016354
2005-02-23,27.164198
2005-02-24,27.393953
2005-02-25,27.680733
2005-02-28,27.531122
2005-03-01,27.721664
2005-03-02,27.682499
2005-03-03,27.735929
2005-03-04,28.019140
2005-03-07,28.106413
2005-03-08,27.955002
2005-03-09,27.659338
2005-03-10,27.643324
2005-03-11,27.557823
2005-03-14,27.714563
2005-03-15,27.529316
2005-03-16,27.251463
2005-03-17,27.333391
2005-03-18,27.268053
2005-03-21,27.227001
2005-03-22,26.968130
2005-03-23,26.966349
2005-03-24,26.984196
2005-03-28,27.007399
2005-03-29,26.712837
2005-03-30,27.112738
2005-03-31,27.155584
2005-04-01,27.064537
2005-04-04,27.064537
2005-04-05,27.171644
2005-04-06,27.210924
2005-04-07,27.396597
2005-04-08,27.185932
2005-04-11,27.171644
2005-04-12,27.310898
2005-04-13,26.925289
2005-04-14,26.528973
2005-04-15,25.993366
2005-04-18,26.118343
2005-04-19,26.377203
2005-04-20,26.020159
2005-04-21,26.516474
2005-04-22,26.261168
2005-04-25,26.543245
2005-04-26,26.287947
2005-04-27,26.343290
2005-04-28,26.014809
2005-04-29,26.287947
2005-05-02,26.434340
2005-05-03,26.441490
2005-05-04,26.802105
2005-05-05,26.748547
2005-05-06,26.796751
2005-05-09,26.966349
2005-05-10,26.671782
2005-05-11,26.778894
2005-05-12,26.511105
2005-05-13,26.368286
2005-05-16,26.659273
2005-05-17,26.862804
2005-05-18,27.228777
2005-05-19,27.339474
2005-05-20,27.378738
2005-05-23,27.485865
2005-05-24,27.435865
2005-05-25,27.343035
2005-05-26,27.539412
2005-05-27,27.598314
2005-05-31,27.469788
2005-06-01,27.748281
2005-06-02,27.826843
2005-06-03,27.689381
2005-06-06,27.698296
2005-06-07,27.728653
2005-06-08,27.657244
2005-06-09,27.823280
2005-06-10,27.789352
2005-06-13,27.891111
2005-06-14,28.001797
2005-06-15,28.075005
2005-06-16,28.217817
2005-06-17,28.332155
2005-06-20,28.274893
2005-06-21,28.264174
2005-06-22,28.289215
2005-06-23,27.981419
2005-06-24,27.745193
2005-06-27,27.748770
2005-06-28,28.056572
2005-06-29,28.024359
2005-06-30,27.891937
2005-07-01,27.979626
2005-07-05,28.269524
2005-07-06,28.072689
2005-07-07,28.151434
2005-07-08,28.503958
2005-07-11,28.704401
2005-07-12,28.758076
2005-07-13,28.775978
2005-07-14,28.847569
2005-07-15,28.874409
2005-07-18,28.849358
2005-07-19,29.033665
2005-07-20,29.207253
2005-07-21,28.954933
2005-07-22,29.203657
2005-07-25,29.044415
2005-07-26,29.153574
2005-07-27,29.285986
2005-07-28,29.475685
2005-07-29,29.316431
2005-08-01,29.318205
2005-08-02,29.464966
2005-08-03,29.497168
2005-08-04,29.259155
2005-08-05,28.990704
2005-08-08,28.876181
2005-08-09,29.047977
2005-08-10,29.035467
2005-08-11,29.166096
2005-08-12,29.073030
2005-08-15,29.268101
2005-08-16,28.808195
2005-08-17,28.856504
2005-08-18,28.747330
2005-08-19,28.847569
2005-08-22,28.867241
2005-08-23,28.808195
2005-08-24,28.650713
2005-08-25,28.759869
2005-08-26,28.605974
2005-08-29,28.811769
2005-08-30,28.580927
2005-08-31,29.060511
2005-09-01,28.990704
2005-09-02,28.917360
2005-09-06,29.257360
2005-09-07,29.339684
2005-09-08,29.185787
2005-09-09,29.500729
2005-09-12,29.518639
2005-09-13,29.320011
2005-09-14,29.244839
2005-09-15,29.164303
2005-09-16,29.377655
2005-09-19,29.146189
2005-09-20,28.882431
2005-09-21,28.512815
2005-09-22,28.627630
2005-09-23,28.728119
2005-09-26,28.767601
2005-09-27,28.787342
2005-09-28,28.841169
2005-09-29,29.067240
2005-09-30,29.205383
2005-10-03,29.228727
2005-10-04,28.891415
2005-10-05,28.385406
2005-10-06,28.234684
2005-10-07,28.340565
2005-10-10,28.005033
2005-10-11,27.863289
2005-10-12,27.577988
2005-10-13,27.594145
2005-10-14,27.906359
2005-10-17,28.001440
2005-10-18,27.701797
2005-10-19,28.096542
2005-10-20,27.701797
2005-10-21,27.830996
2005-10-24,28.295713
2005-10-25,28.189829
2005-10-26,28.080387
2005-10-27,27.707163
2005-10-28,28.143194
2005-10-31,28.423088
2005-11-01,28.392578
2005-11-02,28.767601
2005-11-03,28.841169
2005-11-04,28.859102
2005-11-07,28.930878
2005-11-08,28.828611
2005-11-09,28.868074
2005-11-10,29.121071
2005-11-11,29.192842
2005-11-14,29.176693
2005-11-15,29.040308
2005-11-16,29.113894
2005-11-17,29.478121
2005-11-18,29.551689
2005-11-21,29.729340
2005-11-22,29.867479
2005-11-23,29.984119
2005-11-25,30.009247
2005-11-28,29.759838
2005-11-29,29.849537
2005-11-30,29.716776
2005-12-01,30.163528
2005-12-02,30.197628
2005-12-05,30.081007
2005-12-06,30.120464
2005-12-07,29.964376
2005-12-08,29.989483
2005-12-09,30.118671
2005-12-12,30.170702
2005-12-13,30.321447
2005-12-14,30.447021
2005-12-15,30.355518
2005-12-16,30.323292
2005-12-19,30.037022
2005-12-20,30.056841
2005-12-21,30.184669
2005-12-22,30.337711
2005-12-23,30.371916
2005-12-27,30.082045
2005-12-28,30.190062
2005-12-29,30.067636
2005-12-30,29.874989
2006-01-03,30.388113
2006-01-04,30.562761
2006-01-05,30.562761
2006-01-06,30.863438
2006-01-09,31.074091
2006-01-10,31.081295
2006-01-11,31.147902
2006-01-12,30.960657
2006-01-13,30.989475
2006-01-17,30.838240
2006-01-18,30.809414
2006-01-19,31.054281
2006-01-20,30.562761
2006-01-23,30.643782
2006-01-24,30.832827
2006-01-25,30.841825
2006-01-26,31.063282
2006-01-27,31.248745
2006-01-30,31.266737
2006-01-31,31.077694
2006-02-01,31.216314
2006-02-02,30.944454
2006-02-03,30.712189
2006-02-06,30.881439
2006-02-07,30.620377
2006-02-08,30.807611
2006-02-09,30.764406
2006-02-10,30.777006
2006-02-13,30.679806
2006-02-14,30.960657
2006-02-15,31.133501
2006-02-16,31.354959
2006-02-17,31.327963
2006-02-21,31.239719
2006-02-22,31.441370
2006-02-23,31.410793
2006-02-24,31.443186
2006-02-27,31.563807
2006-02-28,31.182106
2006-03-01,31.482788
2006-03-02,31.471973
2006-03-03,31.392792
2006-03-06,31.092102
2006-03-07,30.975060
2006-03-08,30.984056
2006-03-09,30.913853
2006-03-10,31.165916
2006-03-13,31.237919
2006-03-14,31.580015
2006-03-15,31.790668
2006-03-16,31.902306
2006-03-17,31.962402
2006-03-20,31.855917
2006-03-21,31.603262
2006-03-22,31.812611
2006-03-23,31.825224
2006-03-24,31.861324
2006-03-27,31.843277
2006-03-28,31.689884
2006-03-29,31.971422
2006-03-30,31.848696
2006-03-31,31.836061
2006-04-03,31.807188
2006-04-04,31.980455
2006-04-05,32.112190
2006-04-06,32.123028
2006-04-07,31.830652
2006-04-10,31.812611
2006-04-11,31.439007
2006-04-12,31.520229
2006-04-13,31.585209
2006-04-17,31.491367
2006-04-18,32.083309
2006-04-19,32.231308
2006-04-20,32.222309
2006-04-21,32.142868
2006-04-24,32.119423
2006-04-25,31.991274
2006-04-26,32.074310
2006-04-27,32.081516
2006-04-28,32.110394
2006-05-01,31.944344
2006-05-02,32.132042
2006-05-03,32.059853
2006-05-04,32.211460
2006-05-05,32.543533
2006-05-08,32.586849
2006-05-09,32.572414
2006-05-10,32.550758
2006-05-11,32.067074
2006-05-12,31.691679
2006-05-15,31.698904
2006-05-16,31.547295
2006-05-17,31.049185
2006-05-18,30.854267
2006-05-19,31.056421
2006-05-22,30.861496
2006-05-23,30.681017
2006-05-24,30.767660
2006-05-25,31.099712
2006-05-26,31.309069
2006-05-30,30.767660
2006-05-31,31.157469
2006-06-01,31.518427
2006-06-02,31.554508
2006-06-05,31.034744
2006-06-06,30.847069
2006-06-07,30.666592
2006-06-08,30.630484
2006-06-09,30.623270
2006-06-12,30.132360
2006-06-13,29.785841
2006-06-14,29.930237
2006-06-15,30.695461
2006-06-16,30.410891
2006-06-19,30.193684
2006-06-20,30.186434
2006-06-21,30.555696
2006-06-22,30.367449
2006-06-23,30.447104
2006-06-26,30.555696
2006-06-27,30.258844
2006-06-28,30.338480
2006-06-29,31.098753
2006-06-30,31.069792
2006-07-03,31.279785
2006-07-05,30.968431
2006-07-06,30.975660
2006-07-07,30.794647
2006-07-10,30.729486
2006-07-11,30.888777
2006-07-12,30.613630
2006-07-13,30.106787
2006-07-14,29.846123
2006-07-17,29.824402
2006-07-18,29.817150
2006-07-19,30.338480
2006-07-20,30.027142
2006-07-21,29.701300
2006-07-24,30.237106
2006-07-25,30.389181
2006-07-26,30.483297
2006-07-27,30.302284
2006-07-28,30.613630
2006-07-31,30.657080
2006-08-01,30.461567
2006-08-02,30.635365
2006-08-03,30.787405
2006-08-04,30.722244
2006-08-07,30.628107
2006-08-08,30.490549
2006-08-09,30.273319
2006-08-10,30.476059
2006-08-11,30.316751
2006-08-14,30.389181
2006-08-15,30.867067
2006-08-16,31.221848
2006-08-17,31.344938
2006-08-18,31.373898
2006-08-21,31.229097
2006-08-22,31.258062
2006-08-23,31.062563
2006-08-24,31.004637
2006-08-25,31.040831
2006-08-28,31.250811
2006-08-29,31.395626
2006-08-30,31.446306
2006-08-31,31.497005
2006-09-01,31.627340
2006-09-05,31.677999
2006-09-06,31.308743
2006-09-07,31.163914
2006-09-08,31.366655
2006-09-11,31.410110
2006-09-12,31.837315
2006-09-13,31.989376
2006-09-14,31.916956
2006-09-15,32.041107
2006-09-18,32.026581
2006-09-19,31.968502
2006-09-20,32.128239
2006-09-21,31.895910
2006-09-22,31.823298
2006-09-25,32.128239
2006-09-26,32.338802
2006-09-27,32.346077
2006-09-28,32.375103
2006-09-29,32.251678
2006-10-02,32.208103
2006-10-03,32.128239
2006-10-04,32.563885
2006-10-05,32.738129
2006-10-06,32.636490
2006-10-09,32.694569
2006-10-10,32.774437
2006-10-11,32.738129
2006-10-12,33.064865
2006-10-13,33.137463
2006-10-16,33.260918
2006-10-17,33.151989
2006-10-18,33.137463
2006-10-19,33.181034
2006-10-20,33.043087
2006-10-23,33.282692
2006-10-24,33.369808
2006-10-25,33.442410
2006-10-26,33.587627
2006-10-27,33.377071
2006-10-30,33.471478
2006-10-31,33.464195
2006-11-01,33.181034
2006-11-02,33.181034
2006-11-03,33.093914
2006-11-06,33.427910
2006-11-07,33.529530
2006-11-08,33.645702
2006-11-09,33.500492
2006-11-10,33.616669
2006-11-13,33.732849
2006-11-14,33.950661
2006-11-15,34.146687
2006-11-16,34.204765
2006-11-17,34.190262
2006-11-20,34.153965
2006-11-21,34.342716
2006-11-22,34.415337
2006-11-24,34.349991
2006-11-27,33.790932
2006-11-28,33.856281
2006-11-29,34.197514
2006-11-30,34.299183
2006-12-01,34.161213
2006-12-04,34.546028
2006-12-05,34.654926
2006-12-06,34.705765
2006-12-07,34.531498
2006-12-08,34.582329
2006-12-11,34.596855
2006-12-12,34.546028
2006-12-13,34.604115
2006-12-14,34.858238
2006-12-15,34.828354
2006-12-18,34.631638
2006-12-19,34.675346
2006-12-20,34.697208
2006-12-21,34.515053
2006-12-22,34.347466
2006-12-26,34.507751
2006-12-27,34.726353
2006-12-28,34.624359
2006-12-29,34.493191
2007-01-03,34.478619
2007-01-04,34.529625
2007-01-05,34.296463
2007-01-08,34.369324
2007-01-09,34.413033
2007-01-10,34.515053
2007-01-11,34.748211
2007-01-12,34.908516
2007-01-16,34.937672
2007-01-17,34.930363
2007-01-18,34.719074
2007-01-19,34.952225
2007-01-22,34.755493
2007-01-23,34.952225
2007-01-24,35.214535
2007-01-25,34.850216
2007-01-26,34.864792
2007-01-29,34.886665
2007-01-30,35.097946
2007-01-31,35.323822
2007-02-01,35.578842
2007-02-02,35.673565
2007-02-05,35.673565
2007-02-06,35.746433
2007-02-07,35.855721
2007-02-08,36.096176
2007-02-09,35.644424
2007-02-12,35.498692
2007-02-13,35.782860
2007-02-14,36.103474
2007-02-15,36.190880
2007-02-16,36.176311
2007-02-20,36.336617
2007-02-21,36.380337
2007-02-22,36.358475
2007-02-23,36.322029
2007-02-26,36.271034
2007-02-27,34.901218
2007-02-28,35.156227
2007-03-01,35.046955
2007-03-02,34.551483
2007-03-05,34.187168
2007-03-06,34.675346
2007-03-07,34.704487
2007-03-08,35.003223
2007-03-09,35.054241
2007-03-12,35.141674
2007-03-13,34.442184
2007-03-14,34.624359
2007-03-15,34.835655
2007-03-16,34.701317
2007-03-19,35.102863
2007-03-20,35.263481
2007-03-21,35.789165
2007-03-22,35.811043
2007-03-23,35.884060
2007-03-26,35.884060
2007-03-27,35.657742
2007-03-28,35.372990
2007-03-29,35.453308
2007-03-30,35.446022
2007-04-02,35.613922
2007-04-03,35.957085
2007-04-04,35.949760
2007-04-05,36.081188
2007-04-09,36.132309
2007-04-10,36.176098
2007-04-11,35.949760
2007-04-12,36.197998
2007-04-13,36.300228
2007-04-16,36.672546
2007-04-17,36.716377
2007-04-18,36.811275
2007-04-19,36.774788
2007-04-20,37.008411
2007-04-23,37.066814
2007-04-24,37.066814
2007-04-25,37.439171
2007-04-26,37.475662
2007-04-27,37.395367
2007-04-30,37.008411
2007-05-01,37.088711
2007-05-02,37.380745
2007-05-03,37.526764
2007-05-04,37.555977
2007-05-07,37.621689
2007-05-08,37.599785
2007-05-09,37.760414
2007-05-10,37.307758
2007-05-11,37.570572
2007-05-14,37.475662
2007-05-15,37.424553
2007-05-16,37.650887
2007-05-17,37.680103
2007-05-18,37.869904
2007-05-21,37.957523
2007-05-22,37.928314
2007-05-23,37.891827
2007-05-24,37.468357
2007-05-25,37.658184
2007-05-29,37.767696
2007-05-30,38.074345
2007-05-31,38.205753
2007-06-01,38.359066
2007-06-04,38.453987
2007-06-05,38.256870
2007-06-06,37.891827
2007-06-07,37.103333
2007-06-08,37.607075
2007-06-11,37.614384
2007-06-12,37.198231
2007-06-13,37.811523
2007-06-14,37.942905
2007-06-15,38.082813
2007-06-18,38.148727
2007-06-19,38.199989
2007-06-20,37.731277
2007-06-21,37.929001
2007-06-22,37.643406
2007-06-25,37.277206
2007-06-26,37.218624
2007-06-27,37.504230
2007-06-28,37.570141
2007-06-29,37.496910
2007-07-02,37.907047
2007-07-03,37.965614
2007-07-05,38.060841
2007-07-06,38.236595
2007-07-09,38.214642
2007-07-10,37.687336
2007-07-11,37.789867
2007-07-12,38.427032
2007-07-13,38.522221
2007-07-16,38.368427
2007-07-17,38.419674
2007-07-18,38.353775
2007-07-19,38.558842
2007-07-20,38.038872
2007-07-23,38.082813
2007-07-24,37.409035
2007-07-25,37.343117
2007-07-26,36.354435
2007-07-27,35.673336
2007-07-30,36.215286
2007-07-31,35.805149
2007-08-01,35.944313
2007-08-02,36.178658
2007-08-03,35.168015
2007-08-06,35.761227
2007-08-07,35.958950
2007-08-08,36.434990
2007-08-09,35.526867
2007-08-10,35.526867
2007-08-13,35.622059
2007-08-14,34.816475
2007-08-15,34.296497
2007-08-16,34.369728
2007-08-17,35.204605
2007-08-20,35.189976
2007-08-21,35.189976
2007-08-22,35.753902
2007-08-23,35.666000
2007-08-24,36.120075
2007-08-27,35.570801
2007-08-28,34.911690
2007-08-29,35.578129
2007-08-30,35.424332
2007-08-31,35.834454
2007-09-04,36.310482
2007-09-05,35.622059
2007-09-06,35.907688
2007-09-07,35.351101
2007-09-10,35.080124
2007-09-11,35.541492
2007-09-12,35.482910
2007-09-13,35.717285
2007-09-14,35.841778
2007-09-17,35.629398
2007-09-18,36.720608
2007-09-19,36.976940
2007-09-20,36.640049
2007-09-21,36.719398
2007-09-24,36.528381
2007-09-25,36.491653
2007-09-26,36.690002
2007-09-27,36.822239
2007-09-28,36.726730
2007-10-01,37.226341
2007-10-02,37.299801
2007-10-03,37.248367
2007-10-04,37.241032
2007-10-05,37.725910
2007-10-08,37.571636
2007-10-09,37.836109
2007-10-10,37.784679
2007-10-11,37.527554
2007-10-12,37.659779
2007-10-15,37.307133
2007-10-16,37.020596
2007-10-17,37.079399
2007-10-18,36.983887
2007-10-19,35.977360
2007-10-22,36.293278
2007-10-23,36.587143
2007-10-24,36.403473
2007-10-25,36.410835
2007-10-26,36.903049
2007-10-29,36.939793
2007-10-30,36.756134
2007-10-31,37.138165
2007-11-01,36.124317
2007-11-02,36.175720
2007-11-05,36.050842
2007-11-06,36.374088
2007-11-07,35.463100
2007-11-08,35.389626
2007-11-09,35.044331
2007-11-12,34.647602
2007-11-13,35.573277
2007-11-14,35.286770
2007-11-15,34.956150
2007-11-16,34.941460
2007-11-19,34.287590
2007-11-20,34.236164
2007-11-21,33.802715
2007-11-23,34.353725
2007-11-26,33.574963
2007-11-27,34.081890
2007-11-28,35.059017
2007-11-29,34.992886
2007-11-30,35.411667
2007-12-03,35.220654
2007-12-04,35.022289
2007-12-05,35.521873
2007-12-06,36.058193
2007-12-07,36.094921
2007-12-10,36.440228
2007-12-11,35.301460
2007-12-12,35.536552
2007-12-13,35.492489
2007-12-14,34.956150
2007-12-17,34.471272
2007-12-18,34.632889
2007-12-19,34.632889
2007-12-20,34.772488
2007-12-21,35.308094
2007-12-24,35.640079
2007-12-26,35.573662
2007-12-27,35.079380
2007-12-28,35.020382
2007-12-31,34.806427
2008-01-02,34.275257
2008-01-03,34.120335
2008-01-04,33.153896
2008-01-07,33.242435
2008-01-08,32.386642
2008-01-09,32.733391
2008-01-10,33.190773
2008-01-11,32.740765
2008-01-14,33.072746
2008-01-15,32.224350
2008-01-16,32.283363
2008-01-17,31.331699
2008-01-18,31.102991
2008-01-22,31.110365
2008-01-23,32.098927
2008-01-24,32.239113
2008-01-25,31.899750
2008-01-28,32.578457
2008-01-29,32.858795
2008-01-30,32.497322
2008-01-31,33.308823
2008-02-01,33.994926
2008-02-04,33.559654
2008-02-05,32.600594
2008-02-06,32.342392
2008-02-07,32.630108
2008-02-08,32.364529
2008-02-11,32.703869
2008-02-12,32.895683
2008-02-13,33.308823
2008-02-14,32.799786
2008-02-15,32.792393
2008-02-19,32.829300
2008-02-20,33.139137
2008-02-21,32.637474
2008-02-22,32.903053
2008-02-25,33.478493
2008-02-26,33.780979
2008-02-27,33.537514
2008-02-28,33.249813
2008-02-29,32.305511
2008-03-03,32.246479
2008-03-04,32.157936
2008-03-05,32.342392
2008-03-06,31.405445
2008-03-07,31.265278
2008-03-10,30.741499
2008-03-11,31.892368
2008-03-12,31.553003
2008-03-13,31.766949
2008-03-14,31.169376
2008-03-17,30.601336
2008-03-18,31.870241
2008-03-19,31.184162
2008-03-20,31.846998
2008-03-24,32.646873
2008-03-25,32.802402
2008-03-26,32.298767
2008-03-27,31.987717
2008-03-28,31.647018
2008-03-31,31.706284
2008-04-01,33.128284
2008-04-02,33.217163
2008-04-03,33.239380
2008-04-04,33.328266
2008-04-07,33.224567
2008-04-08,33.120869
2008-04-09,32.713535
2008-04-10,32.787598
2008-04-11,32.232124
2008-04-14,32.084011
2008-04-15,32.202507
2008-04-16,33.076454
2008-04-17,33.054230
2008-04-18,33.587471
2008-04-21,33.535618
2008-04-22,33.113476
2008-04-23,33.209751
2008-04-24,33.461563
2008-04-25,33.839291
2008-04-28,33.876331
2008-04-29,33.824482
2008-04-30,33.520817
2008-05-01,34.261436
2008-05-02,34.357727
2008-05-05,34.165157
2008-05-06,34.454006
2008-05-07,33.898540
2008-05-08,33.898540
2008-05-09,33.743004
2008-05-12,34.276268
2008-05-13,34.320690
2008-05-14,34.498455
2008-05-15,34.935421
2008-05-16,34.935421
2008-05-19,34.883587
2008-05-20,34.624363
2008-05-21,33.987400
2008-05-22,34.068882
2008-05-23,33.609688
2008-05-27,33.935566
2008-05-28,34.150364
2008-05-29,34.335514
2008-05-30,34.409573
2008-06-02,34.031857
2008-06-03,33.913357
2008-06-04,33.898540
2008-06-05,34.483646
2008-06-06,33.320843
2008-06-09,33.328266
2008-06-10,33.194950
2008-06-11,32.535789
2008-06-12,32.683926
2008-06-13,33.276417
2008-06-16,33.328266
2008-06-17,33.002369
2008-06-18,32.654297
2008-06-19,32.869068
2008-06-20,32.249191
2008-06-23,32.041100
2008-06-24,31.951904
2008-06-25,32.182320
2008-06-26,31.216095
2008-06-27,31.178946
2008-06-30,31.022854
2008-07-01,31.089756
2008-07-02,30.450567
2008-07-03,30.264771
2008-07-07,30.056654
2008-07-08,30.792461
2008-07-09,30.019476
2008-07-10,30.019476
2008-07-11,29.789078
2008-07-14,29.253944
2008-07-15,29.038414
2008-07-16,30.056654
2008-07-17,30.673546
2008-07-18,30.651247
2008-07-21,30.621506
2008-07-22,31.134336
2008-07-23,31.416792
2008-07-24,30.465443
2008-07-25,30.495150
2008-07-28,29.930283
2008-07-29,30.807316
2008-07-30,31.245834
2008-07-31,30.866781
2008-08-01,30.680975
2008-08-04,30.480293
2008-08-05,31.401905
2008-08-06,31.520832
2008-08-07,30.933666
2008-08-08,31.795822
2008-08-11,32.212040
2008-08-12,31.728931
2008-08-13,31.587730
2008-08-14,31.959339
2008-08-15,32.197186
2008-08-18,31.654598
2008-08-19,31.171509
2008-08-20,31.253267
2008-08-21,31.104614
2008-08-22,31.706633
2008-08-25,31.067442
2008-08-26,31.119492
2008-08-27,31.476238
2008-08-28,32.048538
2008-08-29,31.780960
2008-09-02,31.810705
2008-09-03,31.632311
2008-09-04,30.777576
2008-09-05,31.060026
2008-09-08,31.706633
2008-09-09,30.576914
2008-09-10,30.695824
2008-09-11,31.089756
2008-09-12,31.230968
2008-09-15,29.930283
2008-09-16,30.197861
2008-09-17,28.822870
2008-09-18,30.071501
2008-09-19,31.207823
2008-09-22,30.005806
2008-09-23,29.542913
2008-09-24,29.931149
2008-09-25,29.901276
2008-09-26,29.863939
2008-09-29,27.549494
2008-09-30,28.318485
2008-10-01,28.273701
2008-10-02,27.026892
2008-10-03,26.340002
2008-10-06,25.414225
2008-10-07,23.704517
2008-10-08,23.502941
2008-10-09,21.800684
2008-10-10,21.509521
2008-10-13,23.891159
2008-10-14,23.674644
2008-10-15,21.561777
2008-10-16,22.226252
2008-10-17,21.875349
2008-10-20,23.219221
2008-10-21,22.420364
2008-10-22,20.986895
2008-10-23,20.852503
2008-10-24,20.016321
2008-10-27,19.038269
2008-10-28,21.315399
2008-10-29,21.233274
2008-10-30,21.935076
2008-10-31,22.397963
2008-11-03,22.353168
2008-11-04,23.234152
2008-11-05,21.987333
2008-11-06,20.845039
2008-11-07,21.434855
2008-11-10,21.039158
2008-11-11,20.397079
2008-11-12,19.366777
2008-11-13,20.695721
2008-11-14,19.747541
2008-11-17,19.157724
2008-11-18,19.120394
2008-11-19,17.881046
2008-11-20,16.664089
2008-11-21,17.604805
2008-11-24,18.874022
2008-11-25,19.150265
2008-11-26,20.031242
2008-11-28,20.240294
2008-12-01,18.403664
2008-12-02,19.098003
2008-12-03,19.620619
2008-12-04,19.008408
2008-12-05,19.740078
2008-12-08,20.456808
2008-12-09,20.202969
2008-12-10,20.456808
2008-12-11,19.911789
2008-12-12,20.068577
2008-12-15,19.695278
2008-12-16,20.889837
2008-12-17,20.777840
2008-12-18,20.412006
2008-12-19,20.526848
2008-12-22,19.896399
2008-12-23,19.603699
2008-12-24,19.716276
2008-12-26,19.971458
2008-12-29,19.738791
2008-12-30,20.361727
2008-12-31,20.864580
2009-01-02,21.577578
2009-01-05,21.690163
2009-01-06,22.193010
2009-01-07,21.457489
2009-01-08,21.630114
2009-01-09,21.059717
2009-01-12,20.376740
2009-01-13,20.384243
2009-01-14,19.611195
2009-01-15,19.746302
2009-01-16,20.016485
2009-01-20,18.733089
2009-01-21,19.641220
2009-01-22,19.220930
2009-01-23,19.408554
2009-01-26,19.483612
2009-01-27,19.746302
2009-01-28,20.549355
2009-01-29,19.746302
2009-01-30,19.123360
2009-02-02,19.078320
2009-02-03,19.393560
2009-02-04,19.288471
2009-02-05,19.671242
2009-02-06,20.271664
2009-02-09,20.309193
2009-02-10,19.228436
2009-02-11,19.401051
2009-02-12,19.491119
2009-02-13,19.295984
2009-02-17,18.297792
2009-02-18,18.162693
2009-02-19,17.915024
2009-02-20,17.757402
2009-02-23,17.066919
2009-02-24,17.839973
2009-02-25,17.629824
2009-02-26,17.292088
2009-02-27,16.976868
2009-03-02,16.053713
2009-03-03,15.888598
2009-03-04,16.383947
2009-03-05,15.633429
2009-03-06,15.565883
2009-03-09,15.453296
2009-03-10,16.534056
2009-03-11,16.624117
2009-03-12,17.292088
2009-03-13,17.487221
2009-03-16,17.367134
2009-03-17,17.967554
2009-03-18,18.620508
2009-03-19,18.447893
2009-03-20,17.884239
2009-03-23,19.372707
2009-03-24,18.957140
2009-03-25,19.168701
2009-03-26,19.780708
2009-03-27,19.365143
2009-03-30,18.473583
2009-03-31,18.715357
2009-04-01,19.115810
2009-04-02,19.954493
2009-04-03,20.339834
2009-04-06,20.045153
2009-04-07,19.440708
2009-04-08,19.841160
2009-04-09,21.042505
2009-04-13,21.102943
2009-04-14,20.558937
2009-04-15,20.936724
2009-04-16,21.420284
2009-04-17,21.760290
2009-04-20,20.513607
2009-04-21,21.118057
2009-04-22,21.163397
2009-04-23,21.405172
2009-04-24,21.918961
2009-04-27,21.518511
2009-04-28,21.427841
2009-04-29,22.100294
2009-04-30,22.213633
2009-05-01,22.326967
2009-05-04,23.369648
2009-05-05,23.339422
2009-05-06,23.792767
2009-05-07,23.248756
2009-05-08,24.215876
2009-05-11,23.505644
2009-05-12,23.158087
2009-05-13,22.138073
2009-05-14,22.553629
2009-05-15,22.236296
2009-05-18,23.188309
2009-05-19,23.233643
2009-05-20,23.074978
2009-05-21,22.614077
2009-05-22,22.568741
2009-05-26,23.286533
2009-05-27,22.818081
2009-05-28,23.142971
2009-05-29,23.649197
2009-06-01,24.502993
2009-06-02,24.502993
2009-06-03,23.966541
2009-06-04,24.457661
2009-06-05,24.450096
2009-06-08,24.155430
2009-06-09,24.397221
2009-06-10,24.661667
2009-06-11,24.427441
2009-06-12,24.412329
2009-06-15,23.686979
2009-06-16,23.294086
2009-06-17,23.173191
2009-06-18,23.248756
2009-06-19,23.419392
2009-06-22,22.585148
2009-06-23,22.577570
2009-06-24,22.835430
2009-06-25,23.411810
2009-06-26,23.328384
2009-06-29,23.571074
2009-06-30,23.366314
2009-07-01,23.517992
2009-07-02,22.767170
2009-07-06,22.698906
2009-07-07,22.168039
2009-07-08,22.084606
2009-07-09,22.259045
2009-07-10,22.183201
2009-07-13,22.698906
2009-07-14,22.941603
2009-07-15,23.669670
2009-07-16,23.935102
2009-07-17,23.882023
2009-07-20,24.268801
2009-07-21,24.253630
2009-07-22,24.329473
2009-07-23,25.012041
2009-07-24,25.201633
2009-07-27,25.368483
2009-07-28,25.277472
2009-07-29,25.110630
2009-07-30,25.504995
2009-07-31,25.512579
2009-08-03,26.051044
2009-08-04,26.210310
2009-08-05,26.164804
2009-08-06,26.028297
2009-08-07,26.627426
2009-08-10,26.483324
2009-08-11,26.126886
2009-08-12,26.490908
2009-08-13,26.756348
2009-08-14,26.407488
2009-08-17,25.664267
2009-08-18,25.967619
2009-08-19,26.149626
2009-08-20,26.452993
2009-08-21,27.014208
2009-08-24,26.938366
2009-08-25,27.090046
2009-08-26,27.173473
2009-08-27,27.218973
2009-08-28,27.317574
2009-08-31,26.953535
2009-09-01,26.217884
2009-09-02,26.088964
2009-09-03,26.460579
2009-09-04,26.771523
2009-09-08,27.082472
2009-09-09,27.446499
2009-09-10,27.810545
2009-09-11,27.833286
2009-09-14,28.075975
2009-09-15,28.333818
2009-09-16,28.887463
2009-09-17,28.713024
2009-09-18,28.751062
2009-09-21,28.674988
2009-09-22,28.872807
2009-09-23,28.553244
2009-09-24,28.081558
2009-09-25,27.868526
2009-09-28,28.446749
2009-09-29,28.469568
2009-09-30,28.378277
2009-10-01,27.472902
2009-10-02,27.320742
2009-10-05,27.792446
2009-10-06,28.188066
2009-10-07,28.241325
2009-10-08,28.583685
2009-10-09,28.728243
2009-10-12,28.849968
2009-10-13,28.789112
2009-10-14,29.321669
2009-10-15,29.420578
2009-10-16,29.169512
2009-10-19,29.466230
2009-10-20,29.253183
2009-10-21,28.948872
2009-10-22,29.344492
2009-10-23,28.888010
2009-10-26,28.515221
2009-10-27,28.271755
2009-10-28,27.495731
2009-10-29,28.172853
2009-10-30,27.328352
2009-11-02,27.495731
2009-11-03,27.739189
2009-11-04,27.693533
2009-11-05,28.317400
2009-11-06,28.355448
2009-11-09,29.108652
2009-11-10,28.994532
2009-11-11,29.169512
2009-11-12,28.811934
2009-11-13,28.994532
2009-11-16,29.466230
2009-11-17,29.473831
2009-11-18,29.390154
2009-11-19,28.926052
2009-11-20,28.781498
2009-11-23,29.101030
2009-11-24,29.093445
2009-11-25,29.329281
2009-11-27,28.743465
2009-11-30,28.842365
2009-12-01,29.207561
2009-12-02,29.374935
2009-12-03,29.078209
2009-12-04,29.374935
2009-12-07,29.352116
2009-12-08,29.101030
2009-12-09,29.154312
2009-12-10,29.367331
2009-12-11,29.542316
2009-12-14,29.915110
2009-12-15,29.793369
2009-12-16,29.922720
2009-12-17,29.557529
2009-12-18,29.684233
2009-12-21,30.073502
2009-12-22,30.226158
2009-12-23,30.416988
2009-12-24,30.569637
2009-12-28,30.577290
2009-12-29,30.500956
2009-12-30,30.508589
2009-12-31,30.172733
2010-01-04,30.668880
2010-01-05,30.844439
2010-01-06,30.958927
2010-01-07,31.111580
2010-01-08,31.218449
2010-01-11,31.241343
2010-01-12,30.882595
2010-01-13,31.210796
2010-01-14,31.256603
2010-01-15,30.890224
2010-01-19,31.325298
2010-01-20,30.951294
2010-01-21,30.432238
2010-01-22,29.691870
2010-01-25,29.875048
2010-01-26,29.768200
2010-01-27,29.852154
2010-01-28,29.539221
2010-01-29,29.172827
2010-02-01,29.668957
2010-02-02,30.119312
2010-02-03,29.920853
2010-02-04,28.920944
2010-02-05,28.997280
2010-02-08,28.775919
2010-02-09,29.218634
2010-02-10,29.149935
2010-02-11,29.470510
2010-02-12,29.447615
2010-02-16,29.981911
2010-02-17,30.172733
2010-02-18,30.378813
2010-02-19,30.516220
2010-02-22,30.493317
2010-02-23,30.058247
2010-02-24,30.363565
2010-02-25,30.416988
2010-02-26,30.394098
2010-03-01,30.897856
2010-03-02,30.981810
2010-03-03,31.081066
2010-03-04,31.111580
2010-03-05,31.638250
2010-03-08,31.699305
2010-03-09,31.699305
2010-03-10,31.913036
2010-03-11,31.997005
2010-03-12,32.012253
2010-03-15,31.997005
2010-03-16,32.325195
2010-03-17,32.584724
2010-03-18,32.439705
2010-03-19,32.275105
2010-03-22,32.489456
2010-03-23,32.742092
2010-03-24,32.497135
2010-03-25,32.359329
2010-03-26,32.412903
2010-03-29,32.673191
2010-03-30,32.696163
2010-03-31,32.588989
2010-04-01,32.856922
2010-04-05,33.285618
2010-04-06,33.354519
2010-04-07,33.147820
2010-04-08,33.193764
2010-04-09,33.438728
2010-04-12,33.492310
2010-04-13,33.545906
2010-04-14,33.982258
2010-04-15,33.982258
2010-04-16,33.423412
2010-04-19,33.431068
2010-04-20,33.882740
2010-04-21,33.951637
2010-04-22,34.227242
2010-04-23,34.510479
2010-04-26,34.387993
2010-04-27,33.461697
2010-04-28,33.645424
2010-04-29,34.112419
2010-04-30,33.454052
2010-05-03,33.943993
2010-05-04,33.025330
2010-05-05,32.780365
2010-05-06,31.578470
2010-05-07,31.073202
2010-05-10,32.680843
2010-05-11,32.566013
2010-05-12,33.163128
2010-05-13,32.757408
2010-05-14,32.060768
2010-05-17,32.091393
2010-05-18,31.670328
2010-05-19,31.387087
2010-05-20,30.139248
2010-05-21,30.636852
2010-05-24,30.246424
2010-05-25,30.330648
2010-05-26,30.238791
2010-05-27,31.364117
2010-05-28,30.989000
2010-06-01,30.238791
2010-06-02,31.134451
2010-06-03,31.318205
2010-06-04,30.047373
2010-06-07,29.557444
2010-06-08,29.833054
2010-06-09,29.802404
2010-06-10,30.820589
2010-06-11,31.027290
2010-06-14,31.027290
2010-06-15,31.815790
2010-06-16,31.785173
2010-06-17,31.785173
2010-06-18,31.784395
2010-06-21,31.638447
2010-06-22,31.047005
2010-06-23,30.962519
2010-06-24,30.386440
2010-06-25,30.563112
2010-06-28,30.470936
2010-06-29,29.372540
2010-06-30,29.034561
2010-07-01,28.973110
2010-07-02,28.796459
2010-07-06,28.873264
2010-07-07,29.848757
2010-07-08,30.156006
2010-07-09,30.432524
2010-07-12,30.371071
2010-07-13,30.954830
2010-07-14,30.893383
2010-07-15,30.947151
2010-07-16,29.971661
2010-07-19,30.209774
2010-07-20,30.655277
2010-07-21,30.186718
2010-07-22,30.947151
2010-07-23,31.323523
2010-07-26,31.753679
2010-07-27,31.577002
2010-07-28,31.292818
2010-07-29,31.139183
2010-07-30,31.169907
2010-08-02,31.868885
2010-08-03,31.607737
2010-08-04,31.884245
2010-08-05,31.838179
2010-08-06,31.692225
2010-08-09,31.914982
2010-08-10,31.661491
2010-08-11,30.670635
2010-08-12,30.486284
2010-08-13,30.378767
2010-08-16,30.355726
2010-08-17,30.854980
2010-08-18,30.916426
2010-08-19,30.378767
2010-08-20,30.317312
2010-08-23,30.163687
2010-08-24,29.718182
2010-08-25,29.833403
2010-08-26,29.641369
2010-08-27,30.179045
2010-08-30,29.695139
2010-08-31,29.687452
2010-09-01,30.616873
2010-09-02,31.016279
2010-09-03,31.454115
2010-09-07,31.054712
2010-09-08,31.262081
2010-09-09,31.369623
2010-09-10,31.538591
2010-09-13,31.914982
2010-09-14,31.922663
2010-09-15,32.030197
2010-09-16,31.961063
2010-09-17,32.001965
2010-09-20,32.588596
2010-09-21,32.418793
2010-09-22,32.202648
2010-09-23,31.955656
2010-09-24,32.696659
2010-09-27,32.573170
2010-09-28,32.804714
2010-09-29,32.766129
2010-09-30,32.712086
2010-10-01,32.804714
2010-10-04,32.542274
2010-10-05,33.236973
2010-10-06,33.121201
2010-10-07,33.105747
2010-10-08,33.360474
2010-10-11,33.453106
2010-10-12,33.568893
2010-10-13,33.839024
2010-10-14,33.669231
2010-10-15,33.700092
2010-10-18,33.815891
2010-10-19,33.321865
2010-10-20,33.653790
2010-10-21,33.676937
2010-10-22,33.800438
2010-10-25,33.923935
2010-10-26,33.862202
2010-10-27,33.777279
2010-10-28,33.754139
2010-10-29,33.877625
2010-11-01,33.823605
2010-11-02,34.147785
2010-11-03,34.232693
2010-11-04,34.927376
2010-11-05,35.104912
2010-11-08,35.066307
2010-11-09,34.718975
2010-11-10,34.865635
2010-11-11,34.850193
2010-11-12,34.387066
2010-11-15,34.333031
2010-11-16,33.746403
2010-11-17,33.823605
2010-11-18,34.309872
2010-11-19,34.471973
2010-11-22,34.526005
2010-11-23,34.047440
2010-11-24,34.634071
2010-11-26,34.379349
2010-11-29,34.294441
2010-11-30,34.155506
2010-12-01,34.919666
2010-12-02,35.429096
2010-12-03,35.568035
2010-12-06,35.544891
2010-12-07,35.552597
2010-12-08,35.645226
2010-12-09,35.799599
2010-12-10,36.031155
2010-12-13,35.977131
2010-12-14,35.977131
2010-12-15,35.830486
2010-12-16,36.085194
2010-12-17,36.217560
2010-12-20,36.333664
2010-12-21,36.589088
2010-12-22,36.674259
2010-12-23,36.589088
2010-12-27,36.612305
2010-12-28,36.612305
2010-12-29,36.627811
2010-12-30,36.643276
2010-12-31,36.620064
2011-01-03,36.991585
2011-01-04,36.813580
2011-01-05,37.007080
2011-01-06,36.929672
2011-01-07,36.860020
2011-01-10,36.844540
2011-01-11,37.022560
2011-01-12,37.363163
2011-01-13,37.316704
2011-01-14,37.533432
2011-01-18,37.695976
2011-01-19,37.200600
2011-01-20,37.123188
2011-01-21,37.130928
2011-01-24,37.370869
2011-01-25,37.347656
2011-01-26,37.626328
2011-01-27,37.804359
2011-01-28,37.053516
2011-01-31,37.394108
2011-02-01,37.928192
2011-02-02,37.858532
2011-02-03,38.059788
2011-02-04,38.237823
2011-02-07,38.485508
2011-02-08,38.648052
2011-02-09,38.555172
2011-02-10,38.663540
2011-02-11,38.965424
2011-02-14,39.027336
2011-02-15,38.888008
2011-02-16,39.205383
2011-02-17,39.391140
2011-02-18,39.437588
2011-02-22,38.508728
2011-02-23,38.160397
2011-02-24,38.175903
2011-02-25,38.709991
2011-02-28,38.895756
2011-03-01,38.214584
2011-03-02,38.330704
2011-03-03,39.027336
2011-03-04,38.771904
2011-03-07,38.392632
2011-03-08,38.748680
2011-03-09,38.679016
2011-03-10,37.935944
2011-03-11,38.291992
2011-03-14,38.052036
2011-03-15,37.703720
2011-03-16,37.076748
2011-03-17,37.479233
2011-03-18,37.704651
2011-03-21,38.256508
2011-03-22,38.077747
2011-03-23,38.225407
2011-03-24,38.637360
2011-03-25,38.777267
2011-03-28,38.621819
2011-03-29,38.886086
2011-03-30,39.251385
2011-03-31,39.220303
2011-04-01,39.422401
2011-04-04,39.430161
2011-04-05,39.531208
2011-04-06,39.616707
2011-04-07,39.531208
2011-04-08,39.290257
2011-04-11,39.134804
2011-04-12,38.878323
2011-04-13,38.917164
2011-04-14,38.963795
2011-04-15,39.220303
2011-04-18,38.730637
2011-04-19,38.932716
2011-04-20,39.546745
2011-04-21,39.764378
2011-04-25,39.709984
2011-04-26,40.028645
2011-04-27,40.230747
2011-04-28,40.370636
2011-04-29,40.448353
2011-05-02,40.370636
2011-05-03,40.145237
2011-05-04,39.857643
2011-05-05,39.655571
2011-05-06,39.818790
2011-05-09,40.028645
2011-05-10,40.471687
2011-05-11,40.044182
2011-05-12,40.308456
2011-05-13,39.974228
2011-05-16,39.741051
2011-05-17,39.671112
2011-05-18,40.083054
2011-05-19,40.184097
2011-05-20,39.904282
2011-05-23,39.375763
2011-05-24,39.313568
2011-05-25,39.445721
2011-05-26,39.663334
2011-05-27,39.857643
2011-05-31,40.199650
2011-06-01,39.251385
2011-06-02,39.212528
2011-06-03,38.722855
2011-06-06,38.225407
2011-06-07,38.318680
2011-06-08,38.038876
2011-06-09,38.318680
2011-06-10,37.751289
2011-06-13,37.727966
2011-06-14,38.334240
2011-06-15,37.650246
2011-06-16,37.650246
2011-06-17,37.814003
2011-06-20,38.071358
2011-06-21,38.679615
2011-06-22,38.461277
2011-06-23,38.383286
2011-06-24,37.962170
2011-06-27,38.219521
2011-06-28,38.765396
2011-06-29,39.108547
2011-06-30,39.475048
2011-07-01,40.075516
2011-07-05,39.981945
2011-07-06,40.005333
2011-07-07,40.488811
2011-07-08,40.130112
2011-07-11,39.280090
2011-07-12,39.116333
2011-07-13,39.202118
2011-07-14,38.804398
2011-07-15,39.022755
2011-07-18,38.554859
2011-07-19,39.233315
2011-07-20,39.217724
2011-07-21,39.732410
2011-07-22,39.771378
2011-07-25,39.521832
2011-07-26,39.342480
2011-07-27,38.406681
2011-07-28,38.235115
2011-07-29,38.047966
2011-08-01,37.759430
2011-08-02,36.613068
2011-08-03,36.839233
2011-08-04,34.889641
2011-08-05,34.757065
2011-08-08,32.207024
2011-08-09,33.836872
2011-08-10,32.386375
2011-08-11,34.047436
2011-08-12,34.234581
2011-08-15,35.068993
2011-08-16,34.655682
2011-08-17,34.593315
2011-08-18,32.916668
2011-08-19,32.370785
2011-08-22,32.417576
2011-08-23,33.595131
2011-08-24,34.102020
2011-08-25,33.454754
2011-08-26,34.055225
2011-08-29,35.232769
2011-08-30,35.380928
2011-08-31,35.630459
2011-09-01,35.139198
2011-09-02,34.117592
2011-09-06,33.891453
2011-09-07,35.022217
2011-09-08,34.554321
2011-09-09,33.610714
2011-09-12,33.821274
2011-09-13,34.226799
2011-09-14,34.757065
2011-09-15,35.334148
2011-09-16,35.482876
2011-09-19,35.021038
2011-09-20,34.872322
2011-09-21,33.635529
2011-09-22,32.516186
2011-09-23,32.743198
2011-09-26,33.557278
2011-09-27,34.011257
2011-09-28,33.071945
2011-09-29,33.345924
2011-09-30,32.406605
2011-10-03,31.224606
2011-10-04,32.140457
2011-10-05,32.868435
2011-10-06,33.627720
2011-10-07,33.251972
2011-10-10,34.410477
2011-10-11,34.457447
2011-10-12,34.825356
2011-10-13,34.723595
2011-10-14,35.326317
2011-10-17,34.520054
2011-10-18,35.341976
2011-10-19,34.895798
2011-10-20,35.060181
2011-10-21,35.905556
2011-10-24,36.578758
2011-10-25,35.749023
2011-10-26,36.140392
2011-10-27,37.604164
2011-10-28,37.627655
2011-10-31,36.641369
2011-11-01,35.506359
2011-11-02,36.179539
2011-11-03,36.899677
2011-11-04,36.758793
2011-11-07,36.930996
2011-11-08,37.345863
2011-11-09,35.811623
2011-11-10,36.132576
2011-11-11,36.930996
2011-11-14,36.594410
2011-11-15,36.750965
2011-11-16,36.116913
2011-11-17,35.435925
2011-11-18,35.365463
2011-11-21,34.715763
2011-11-22,34.520054
2011-11-23,33.698162
2011-11-25,33.627720
2011-11-28,34.684456
2011-11-29,34.754902
2011-11-30,36.320435
2011-12-01,36.296944
2011-12-02,36.257805
2011-12-05,36.688343
2011-12-06,36.664845
2011-12-07,36.711815
2011-12-08,35.788158
2011-12-09,36.461338
2011-12-12,35.889900
2011-12-13,35.349800
2011-12-14,34.942772
2011-12-15,35.107136
2011-12-16,35.198322
2011-12-19,34.710991
2011-12-20,35.858582
2011-12-21,35.992210
2011-12-22,36.400948
2011-12-23,36.691780
2011-12-27,36.676060
2011-12-28,36.157265
2011-12-29,36.542423
2011-12-30,36.377354
2012-01-03,36.935444
2012-01-04,36.904011
2012-01-05,37.053345
2012-01-06,37.006187
2012-01-09,37.108376
2012-01-10,37.587856
2012-01-11,37.642864
2012-01-12,37.800079
2012-01-13,37.572140
2012-01-17,37.650734
2012-01-18,38.200954
2012-01-19,38.491776
2012-01-20,38.444622
2012-01-23,38.468201
2012-01-24,38.531090
2012-01-25,38.916229
2012-01-26,38.656841
2012-01-27,38.672562
2012-01-30,38.452473
2012-01-31,38.444622
2012-02-01,38.947670
2012-02-02,39.002682
2012-02-03,39.647232
2012-02-06,39.584373
2012-02-07,39.662952
2012-02-08,39.788734
2012-02-09,39.835903
2012-02-10,39.529350
2012-02-13,39.765163
2012-02-14,39.702267
2012-02-15,39.584373
2012-02-16,40.079556
2012-02-17,40.189606
2012-02-21,40.071697
2012-02-22,39.890903
2012-02-23,40.126728
2012-02-24,40.173878
2012-02-27,40.221031
2012-02-28,40.260349
2012-02-29,39.985226
2012-03-01,40.228905
2012-03-02,40.040257
2012-03-05,39.788734
2012-03-06,39.097012
2012-03-07,39.419304
2012-03-08,39.890903
2012-03-09,40.158150
2012-03-12,40.055973
2012-03-13,40.810555
2012-03-14,40.708389
2012-03-15,41.038509
2012-03-16,41.086636
2012-03-19,41.197056
2012-03-20,40.991974
2012-03-21,40.944660
2012-03-22,40.589714
2012-03-23,40.755341
2012-03-26,41.268051
2012-03-27,41.173397
2012-03-28,40.834229
2012-03-29,40.794781
2012-03-30,40.913094
2012-04-02,41.228600
2012-04-03,41.078739
2012-04-04,40.605484
2012-04-05,40.487167
2012-04-09,39.958702
2012-04-10,39.225147
2012-04-11,39.587967
2012-04-12,40.234760
2012-04-13,39.761509
2012-04-16,39.769394
2012-04-17,40.329426
2012-04-18,40.163780
2012-04-19,39.998135
2012-04-20,40.069138
2012-04-23,39.643185
2012-04-24,39.793049
2012-04-25,40.282070
2012-04-26,40.605484
2012-04-27,40.723793
2012-04-30,40.605484
2012-05-01,40.865776
2012-05-02,40.755341
2012-05-03,40.345196
2012-05-04,39.706310
2012-05-07,39.666870
2012-05-08,39.438110
2012-05-09,39.272472
2012-05-10,39.296135
2012-05-11,39.248810
2012-05-14,38.783440
2012-05-15,38.507374
2012-05-16,38.254955
2012-05-17,37.505634
2012-05-18,37.150700
2012-05-21,37.892139
2012-05-22,37.963123
2012-05-23,38.089336
2012-05-24,38.128765
2012-05-25,38.128765
2012-05-29,38.594139
2012-05-30,37.892139
2012-05-31,37.765942
2012-06-01,36.716881
2012-06-04,36.637989
2012-06-05,37.000843
2012-06-06,37.884251
2012-06-07,37.844807
2012-06-08,38.136658
2012-06-11,37.552975
2012-06-12,37.994675
2012-06-13,37.655514
2012-06-14,38.034122
2012-06-15,38.471344
2012-06-18,38.574326
2012-06-19,39.041641
2012-06-20,38.994118
2012-06-21,37.988167
2012-06-22,38.273315
2012-06-25,37.592136
2012-06-26,37.798080
2012-06-27,38.154503
2012-06-28,38.170349
2012-06-29,39.223827
2012-07-02,39.318863
2012-07-03,39.675297
2012-07-05,39.508972
2012-07-06,39.073330
2012-07-09,38.851547
2012-07-10,38.439659
2012-07-11,38.447575
2012-07-12,38.225796
2012-07-13,38.835693
2012-07-16,38.685207
2012-07-17,38.962429
2012-07-18,39.303017
2012-07-19,39.429768
2012-07-20,38.994118
2012-07-23,38.526787
2012-07-24,38.106983
2012-07-25,38.122818
2012-07-26,38.788181
2012-07-27,39.596104
2012-07-30,39.556492
2012-07-31,39.271343
2012-08-01,39.128765
2012-08-02,38.827789
2012-08-03,39.643623
2012-08-06,39.833729
2012-08-07,40.229771
2012-08-08,40.340660
2012-08-09,40.404015
2012-08-10,40.459457
2012-08-13,40.411949
2012-08-14,40.332733
2012-08-15,40.483215
2012-08-16,40.831741
2012-08-17,40.910957
2012-08-20,40.871346
2012-08-21,40.831741
2012-08-22,40.776310
2012-08-23,40.404015
2012-08-24,40.617878
2012-08-27,40.538673
2012-08-28,40.514908
2012-08-29,40.609962
2012-08-30,40.293121
2012-08-31,40.475304
2012-09-04,40.443626
2012-09-05,40.404015
2012-09-06,41.275307
2012-09-07,41.560455
2012-09-10,41.346596
2012-09-11,41.576286
2012-09-12,41.734703
2012-09-13,42.344608
2012-09-14,42.669376
2012-09-17,42.360458
2012-09-18,42.225807
2012-09-19,42.320862
2012-09-20,42.209961
2012-09-21,42.192478
2012-09-24,42.057297
2012-09-25,41.516560
2012-09-26,41.254147
2012-09-27,41.627892
2012-09-28,41.492702
2012-10-01,41.548367
2012-10-02,41.627892
2012-10-03,41.715355
2012-10-04,42.089100
2012-10-05,42.120895
2012-10-08,42.025482
2012-10-09,41.627892
2012-10-10,41.341618
2012-10-11,41.516560
2012-10-12,41.317780
2012-10-15,41.619923
2012-10-16,42.105000
2012-10-17,42.335598
2012-10-18,42.351517
2012-10-19,41.675598
2012-10-22,41.643799
2012-10-23,41.150787
2012-10-24,40.951973
2012-10-25,41.111012
2012-10-26,41.071270
2012-10-31,41.150787
2012-11-01,41.739201
2012-11-02,41.333672
2012-11-05,41.484756
2012-11-06,41.850544
2012-11-07,40.999710
2012-11-08,40.458969
2012-11-09,40.482819
2012-11-12,40.514633
2012-11-13,40.387398
2012-11-14,39.838734
2012-11-15,39.838734
2012-11-16,40.069328
2012-11-19,40.792950
2012-11-20,40.816807
2012-11-21,40.912228
2012-11-23,41.405235
2012-11-26,41.285961
2012-11-27,41.126919
2012-11-28,41.492702
2012-11-29,41.627892
2012-11-30,41.675598
2012-12-03,41.500652
2012-12-04,41.460911
2012-12-05,41.627892
2012-12-06,41.747169
2012-12-07,41.953918
2012-12-10,42.049335
2012-12-11,42.287880
2012-12-12,42.311729
2012-12-13,42.097046
2012-12-14,42.017513
2012-12-17,42.518490
2012-12-18,43.051262
2012-12-19,42.844517
2012-12-20,43.051262
2012-12-21,42.724354
2012-12-24,42.580448
2012-12-26,42.340672
2012-12-27,42.252731
2012-12-28,41.821098
2012-12-31,42.620426
2013-01-02,43.643562
2013-01-03,43.619595
2013-01-04,43.971310
2013-01-07,43.803448
2013-01-08,43.619595
2013-01-09,43.771461
2013-01-10,44.035240
2013-01-11,44.051228
2013-01-14,44.075230
2013-01-15,44.259068
2013-01-16,44.195114
2013-01-17,44.586784
2013-01-18,44.714672
2013-01-22,45.042412
2013-01-23,44.994465
2013-01-24,45.194283
2013-01-25,45.522007
2013-01-28,45.418098
2013-01-29,45.545979
2013-01-30,45.410099
2013-01-31,45.394119
2013-02-01,45.809761
2013-02-04,45.354156
2013-02-05,45.737835
2013-02-06,45.889698
2013-02-07,45.793774
2013-02-08,46.017590
2013-02-11,46.033585
2013-02-12,46.185448
2013-02-13,46.193451
2013-02-14,46.305355
2013-02-15,46.265396
2013-02-19,46.585125
2013-02-20,45.841743
2013-02-21,45.418098
2013-02-22,45.865726
2013-02-25,44.954472
2013-02-26,45.258232
2013-02-27,45.889698
2013-02-28,45.833759
2013-03-01,46.025589
2013-03-04,46.201431
2013-03-05,46.689037
2013-03-06,46.736984
2013-03-07,46.872879
2013-03-08,47.176640
2013-03-11,47.320507
2013-03-12,47.312515
2013-03-13,47.432407
2013-03-14,47.704193
2013-03-15,47.641621
2013-03-18,47.328819
2013-03-19,47.136314
2013-03-20,47.537357
2013-03-21,47.112293
2013-03-22,47.352879
2013-03-25,47.256634
2013-03-26,47.601521
2013-03-27,47.601521
2013-03-28,47.834122
2013-04-01,47.585487
2013-04-02,47.585487
2013-04-03,47.048107
2013-04-04,47.296749
2013-04-05,47.128315
2013-04-08,47.537357
2013-04-09,47.713814
2013-04-10,48.283260
2013-04-11,48.523880
2013-04-12,48.323360
2013-04-15,47.040085
2013-04-16,47.745888
2013-04-17,46.959881
2013-04-18,46.735302
2013-04-19,47.160397
2013-04-22,47.368938
2013-04-23,47.858181
2013-04-24,48.082752
2013-04-25,48.347424
2013-04-26,48.187016
2013-04-29,48.459702
2013-04-30,48.644180
2013-05-01,48.146923
2013-05-02,48.644180
2013-05-03,49.221664
2013-05-06,49.390091
2013-05-07,49.702888
2013-05-08,49.943501
2013-05-09,49.799122
2013-05-10,50.111923
2013-05-13,50.047760
2013-05-14,50.633278
2013-05-15,50.962101
2013-05-16,50.641285
2013-05-17,51.226772
2013-05-20,51.250843
2013-05-21,51.298962
2013-05-22,50.665344
2013-05-23,50.593155
2013-05-24,50.424740
2013-05-28,50.777626
2013-05-29,50.416710
2013-05-30,50.657326
2013-05-31,49.951523
2013-06-03,50.071838
2013-06-04,49.839233
2013-06-05,49.109367
2013-06-06,49.566544
2013-06-07,50.272354
2013-06-10,50.248272
2013-06-11,49.694866
2013-06-12,49.205624
2013-06-13,50.087856
2013-06-14,49.823185
2013-06-17,50.240265
2013-06-18,50.633278
2013-06-19,49.895370
2013-06-20,48.628147
2013-06-21,48.716709
2013-06-24,48.112789
2013-06-25,48.668407
2013-06-26,49.103241
2013-06-27,49.570267
2013-06-28,49.336758
2013-07-01,49.771580
2013-07-02,49.642735
2013-07-03,49.602478
2013-07-05,50.166142
2013-07-08,50.391617
2013-07-09,50.818386
2013-07-10,50.890854
2013-07-11,51.631676
2013-07-12,51.760513
2013-07-15,51.881310
2013-07-16,51.623631
2013-07-17,51.744389
2013-07-18,52.122860
2013-07-19,52.219505
2013-07-22,52.332245
2013-07-23,52.211430
2013-07-24,51.841038
2013-07-25,52.114822
2013-07-26,52.098705
2013-07-29,51.913490
2013-07-30,52.018181
2013-07-31,52.114822
2013-08-01,52.879787
2013-08-02,52.960320
2013-08-05,52.920048
2013-08-06,52.589905
2013-08-07,52.324177
2013-08-08,52.630165
2013-08-09,52.565739
2013-08-12,52.525482
2013-08-13,52.589905
2013-08-14,52.316128
2013-08-15,51.518940
2013-08-16,51.365944
2013-08-19,50.947212
2013-08-20,51.357903
2013-08-21,51.003597
2013-08-22,51.535034
2013-08-23,51.712200
2013-08-26,51.543102
2013-08-27,50.576820
2013-08-28,50.713707
2013-08-29,50.858639
2013-08-30,50.592930
2013-09-03,50.890854
2013-09-04,51.365944
2013-09-05,51.502831
2013-09-06,51.551151
2013-09-09,52.155079
2013-09-10,52.605999
2013-09-11,52.758987
2013-09-12,52.533531
2013-09-13,52.702633
2013-09-16,53.073044
2013-09-17,53.322666
2013-09-18,53.974903
2013-09-19,53.846077
2013-09-20,53.391239
2013-09-23,53.116585
2013-09-24,53.116585
2013-09-25,52.979244
2013-09-26,53.156963
2013-09-27,52.833828
2013-09-30,52.672249
2013-10-01,53.100407
2013-10-02,53.084270
2013-10-03,52.607635
2013-10-04,53.019634
2013-10-07,52.551067
2013-10-08,51.856319
2013-10-09,51.864391
2013-10-10,53.035782
2013-10-11,53.383175
2013-10-14,53.552818
2013-10-15,53.076191
2013-10-16,53.827492
2013-10-17,54.287945
2013-10-18,54.538403
2013-10-21,54.562630
2013-10-22,54.942337
2013-10-23,54.635326
2013-10-24,54.788845
2013-10-25,55.063499
2013-10-28,55.071598
2013-10-29,55.435123
2013-10-30,55.031189
2013-10-31,54.926170
2013-11-01,55.095818
2013-11-04,55.386665
2013-11-05,55.176605
2013-11-06,55.281635
2013-11-07,54.498016
2013-11-08,55.200851
2013-11-11,55.289722
2013-11-12,55.128124
2013-11-13,55.661308
2013-11-14,55.952129
2013-11-15,56.186420
2013-11-18,55.879440
2013-11-19,55.628998
2013-11-20,55.475491
2013-11-21,55.960243
2013-11-22,56.186420
2013-11-25,56.065254
2013-11-26,56.113728
2013-11-27,56.234894
2013-11-29,56.146038
2013-12-02,56.024857
2013-12-03,55.830971
2013-12-04,55.742104
2013-12-05,55.548214
2013-12-06,56.178349
2013-12-09,56.234894
2013-12-10,56.105640
2013-12-11,55.378586
2013-12-12,55.265469
2013-12-13,55.322002
2013-12-16,55.725952
2013-12-17,55.661308
2013-12-18,56.485329
2013-12-19,56.396473
2013-12-20,56.849670
2013-12-23,57.125332
2013-12-24,57.303699
2013-12-26,57.498268
2013-12-27,57.514481
2013-12-30,57.619900
2013-12-31,57.765839
2014-01-02,57.238842
2014-01-03,57.190166
2014-01-06,57.011826
2014-01-07,57.352352
2014-01-08,57.441544
2014-01-09,57.506390
2014-01-10,57.757713
2014-01-13,56.930771
2014-01-14,57.587460
2014-01-15,57.798248
2014-01-16,57.741486
2014-01-17,57.546932
2014-01-21,57.725285
2014-01-22,57.863113
2014-01-23,57.295574
2014-01-24,55.974079
2014-01-27,55.706547
2014-01-28,56.209187
2014-01-29,55.698410
2014-01-30,56.322685
2014-01-31,56.055138
2014-02-03,54.676888
2014-02-04,55.130905
2014-02-05,55.033600
2014-02-06,55.828136
2014-02-07,56.517273
2014-02-10,56.614571
2014-02-11,57.190166
2014-02-12,57.263145
2014-02-13,57.619900
2014-02-14,57.911770
2014-02-18,58.122555
2014-02-19,57.863113
2014-02-20,58.276592
2014-02-21,58.309010
2014-02-24,58.617123
2014-02-25,58.568451
2014-02-26,58.641457
2014-02-27,58.884644
2014-02-28,59.046829
2014-03-03,58.633320
2014-03-04,59.508942
2014-03-05,59.476490
2014-03-06,59.630543
2014-03-07,59.630543
2014-03-10,59.492706
2014-03-11,59.184620
2014-03-12,59.208958
2014-03-13,58.536045
2014-03-14,58.503624
2014-03-17,58.990044
2014-03-18,59.444061
2014-03-19,59.119751
2014-03-20,59.371120
2014-03-21,59.283203
2014-03-24,58.859974
2014-03-25,59.055321
2014-03-26,58.599564
2014-03-27,58.485611
2014-03-28,58.868137
2014-03-31,59.405300
2014-04-01,59.901741
2014-04-02,60.137787
2014-04-03,60.064560
2014-04-04,59.380863
2014-04-07,58.591423
2014-04-08,58.908821
2014-04-09,59.478527
2014-04-10,58.233315
2014-04-11,57.574051
2014-04-14,58.086796
2014-04-15,58.453041
2014-04-16,59.055321
2014-04-17,59.161148
2014-04-21,59.315762
2014-04-22,59.584366
2014-04-23,59.535526
2014-04-24,59.616913
2014-04-25,59.071579
2014-04-28,59.055321
2014-04-29,59.315762
2014-04-30,59.633183
2014-05-01,59.657570
2014-05-02,59.616913
2014-05-05,59.698280
2014-05-06,59.193703
2014-05-07,59.551777
2014-05-08,59.470417
2014-05-09,59.559929
2014-05-12,60.219173
2014-05-13,60.194756
2014-05-14,59.844780
2014-05-15,59.332050
2014-05-16,59.576214
2014-05-19,59.795956
2014-05-20,59.275089
2014-05-21,59.706409
2014-05-22,59.885494
2014-05-23,60.194756
2014-05-27,60.544731
2014-05-28,60.479633
2014-05-29,60.837753
2014-05-30,60.919102
2014-06-02,61.024929
2014-06-03,61.008656
2014-06-04,61.195831
2014-06-05,61.610897
2014-06-06,61.936455
2014-06-09,62.025997
2014-06-10,61.912025
2014-06-11,61.692299
2014-06-12,61.334187
2014-06-13,61.545815
2014-06-16,61.651615
2014-06-17,61.936455
2014-06-18,62.400375
2014-06-19,62.489929
2014-06-20,62.677773
2014-06-23,62.620602
2014-06-24,62.171314
2014-06-25,62.465420
2014-06-26,62.473579
2014-06-27,62.636929
2014-06-30,62.661434
2014-07-01,62.988174
2014-07-02,62.947323
2014-07-03,63.306767
2014-07-07,62.898331
2014-07-08,62.571590
2014-07-09,62.824818
2014-07-10,62.530746
2014-07-11,62.547070
2014-07-14,62.767624
2014-07-15,62.612438
2014-07-16,62.824818
2014-07-17,62.065128
2014-07-18,62.669613
2014-07-21,62.538906
2014-07-22,62.816666
2014-07-23,62.841152
2014-07-24,62.971848
2014-07-25,62.685989
2014-07-28,62.694115
2014-07-29,62.400074
2014-07-30,62.391888
2014-07-31,61.199284
2014-08-01,61.068558
2014-08-04,61.493336
2014-08-05,60.929684
2014-08-06,60.937859
2014-08-07,60.594791
2014-08-08,61.403473
2014-08-11,61.583202
2014-08-12,61.452473
2014-08-13,61.860943
2014-08-14,62.155006
2014-08-15,62.130489
2014-08-18,62.677773
2014-08-19,63.012691
2014-08-20,63.233257
2014-08-21,63.339443
2014-08-22,63.233257
2014-08-25,63.543648
2014-08-26,63.600815
2014-08-27,63.568184
2014-08-28,63.543648
2014-08-29,63.772366
2014-09-02,63.723354
2014-09-03,63.772366
2014-09-04,63.690704
2014-09-05,63.976604
2014-09-08,63.788731
2014-09-09,63.331272
2014-09-10,63.461979
2014-09-11,63.576321
2014-09-12,63.118881
2014-09-15,62.980011
2014-09-16,63.412937
2014-09-17,63.470142
2014-09-18,63.707031
2014-09-19,63.566032
2014-09-22,62.975872
2014-09-23,62.533237
2014-09-24,63.025047
2014-09-25,62.090637
2014-09-26,62.525043
2014-09-29,62.410297
2014-09-30,62.123413
2014-10-01,61.295509
2014-10-02,61.361103
2014-10-03,61.967686
2014-10-06,61.869289
2014-10-07,60.869282
2014-10-08,61.885693
2014-10-09,60.508640
2014-10-10,59.770924
2014-10-13,58.754532
2014-10-14,59.074196
2014-10-15,58.844696
2014-10-16,59.033222
2014-10-17,59.688965
2014-10-20,60.320122
2014-10-21,61.574249
2014-10-22,61.057842
2014-10-23,61.787354
2014-10-24,62.229961
2014-10-27,62.123413
2014-10-28,62.910297
2014-10-29,62.779160
2014-10-30,63.229969
2014-10-31,64.000473
2014-11-03,64.016846
2014-11-04,63.697205
2014-11-05,64.188980
2014-11-06,64.475906
2014-11-07,64.557854
2014-11-10,64.721786
2014-11-11,64.738205
2014-11-12,64.746384
2014-11-13,64.623421
2014-11-14,64.656204
2014-11-17,64.746384
2014-11-18,65.156219
2014-11-19,65.016861
2014-11-20,65.246399
2014-11-21,65.639839
2014-11-24,65.869354
2014-11-25,65.820175
2014-11-26,65.861145
2014-11-28,65.705406
2014-12-01,65.189003
2014-12-02,65.541458
2014-12-03,65.934929
2014-12-04,65.795547
2014-12-05,65.918518
2014-12-08,65.426697
2014-12-09,65.492294
2014-12-10,64.418495
2014-12-11,64.746384
2014-12-12,63.738197
2014-12-15,63.418510
2014-12-16,63.025047
2014-12-17,64.320145
2014-12-18,65.738197
2014-12-19,66.046875
2014-12-22,66.318489
2014-12-23,66.540741
2014-12-24,66.548965
2014-12-26,66.713577
2014-12-29,66.894661
2014-12-30,66.499596
2014-12-31,65.890465
2015-01-02,65.874023
2015-01-05,64.565224
2015-01-06,63.865574
2015-01-07,64.631104
2015-01-08,65.767006
2015-01-09,65.231979
2015-01-12,64.581718
2015-01-13,64.417099
2015-01-14,64.079590
2015-01-15,63.486958
2015-01-16,64.359451
2015-01-20,64.392433
2015-01-21,64.836876
2015-01-22,65.742317
2015-01-23,65.388367
2015-01-26,65.709381
2015-01-27,65.182594
2015-01-28,64.186638
2015-01-29,64.779251
2015-01-30,63.964382
2015-02-02,64.655769
2015-02-03,65.981010
2015-02-04,65.610603
2015-02-05,66.384354
2015-02-06,66.104469
2015-02-09,65.874023
2015-02-10,66.516022
2015-02-11,66.450195
2015-02-12,67.158051
2015-02-13,67.421486
2015-02-17,67.594322
2015-02-18,67.660126
2015-02-19,67.627228
2015-02-20,67.997650
2015-02-23,67.915337
2015-02-24,68.038811
2015-02-25,68.030563
2015-02-26,67.750725
2015-02-27,67.627228
2015-03-02,67.956482
2015-03-03,67.701309
2015-03-04,67.380325
2015-03-05,67.503769
2015-03-06,66.491356
2015-03-09,66.655968
2015-03-10,65.643524
2015-03-11,65.643524
2015-03-12,66.483101
2015-03-13,66.022148
2015-03-16,66.927597
2015-03-17,66.680672
2015-03-18,67.627228
2015-03-19,67.232155
2015-03-20,67.889977
2015-03-23,67.848648
2015-03-24,67.443710
2015-03-25,66.542938
2015-03-26,66.369339
2015-03-27,66.658623
2015-03-30,67.443710
2015-03-31,66.980904
2015-04-01,66.807365
2015-04-02,67.104874
2015-04-06,67.625504
2015-04-07,67.377609
2015-04-08,67.600723
2015-04-09,67.865173
2015-04-10,68.046989
2015-04-13,67.708153
2015-04-14,67.889977
2015-04-15,68.311432
2015-04-16,68.179230
2015-04-17,67.410637
2015-04-20,67.939575
2015-04-21,67.856934
2015-04-22,68.088318
2015-04-23,68.303200
2015-04-24,68.220551
2015-04-27,67.848648
2015-04-28,68.038742
2015-04-29,67.757759
2015-04-30,67.253632
2015-05-01,67.939575
2015-05-04,68.179230
2015-05-05,67.344505
2015-05-06,67.113152
2015-05-07,67.270164
2015-05-08,68.096565
2015-05-11,67.823860
2015-05-12,67.625504
2015-05-13,67.625504
2015-05-14,68.179230
2015-05-15,68.327972
2015-05-18,68.584167
2015-05-19,68.435417
2015-05-20,68.435417
2015-05-21,68.617218
2015-05-22,68.501511
2015-05-26,67.716438
2015-05-27,68.270142
2015-05-28,68.146126
2015-05-29,67.741219
2015-06-01,67.848648
2015-06-02,67.856934
2015-06-03,67.980873
2015-06-04,67.369324
2015-06-05,67.361053
2015-06-08,66.931297
2015-06-09,66.890007
2015-06-10,67.650314
2015-06-11,67.790794
2015-06-12,67.369324
2015-06-15,67.055298
2015-06-16,67.410637
2015-06-17,67.567665
2015-06-18,68.179230
2015-06-19,67.845688
2015-06-22,68.252220
2015-06-23,68.202477
2015-06-24,67.679787
2015-06-25,67.414291
2015-06-26,67.488960
2015-06-29,66.037148
2015-06-30,66.203064
2015-07-01,66.617874
2015-07-02,66.592995
2015-07-06,66.294350
2015-07-07,66.841873
2015-07-08,65.655540
2015-07-09,65.813164
2015-07-10,66.526634
2015-07-13,67.198616
2015-07-14,67.397720
2015-07-15,67.165451
2015-07-16,67.580223
2015-07-17,67.240089
2015-07-20,67.107353
2015-07-21,66.858482
2015-07-22,66.875061
2015-07-23,66.559792
2015-07-24,65.821465
2015-07-27,65.423248
2015-07-28,66.244560
2015-07-29,66.800423
2015-07-30,66.833580
2015-07-31,66.841873
2015-08-03,66.584686
2015-08-04,66.510033
2015-08-05,66.742317
2015-08-06,66.294350
2015-08-07,66.178185
2015-08-10,67.115669
2015-08-11,66.559792
2015-08-12,66.675949
2015-08-13,66.568092
2015-08-14,66.833580
2015-08-17,67.173737
2015-08-18,67.032700
2015-08-19,66.518349
2015-08-20,65.141159
2015-08-21,63.365814
2015-08-24,60.835495
2015-08-25,59.956097
2015-08-26,61.922295
2015-08-27,63.515133
2015-08-28,63.656166
2015-08-31,63.191570
2015-09-01,61.391361
2015-09-02,62.370289
2015-09-03,62.635750
2015-09-04,61.681709
2015-09-08,63.241379
2015-09-09,62.436646
2015-09-10,62.660618
2015-09-11,62.901237
2015-09-14,62.635750
2015-09-15,63.382423
2015-09-16,64.029503
2015-09-17,63.913353
2015-09-18,62.790329
2015-09-21,63.056915
2015-09-22,62.107201
2015-09-23,61.848949
2015-09-24,61.615658
2015-09-25,61.657341
2015-09-28,59.949505
2015-09-29,59.999462
2015-09-30,61.282433
2015-10-01,61.149132
2015-10-02,62.165516
2015-10-05,63.440151
2015-10-06,63.256870
2015-10-07,63.906693
2015-10-08,64.673103
2015-10-09,64.656456
2015-10-12,64.556503
2015-10-13,64.031631
2015-10-14,63.806709
2015-10-15,64.639816
2015-10-16,64.731438
2015-10-19,64.639816
2015-10-20,64.731438
2015-10-21,64.223267
2015-10-22,65.214638
2015-10-23,65.472923
2015-10-26,65.231300
2015-10-27,64.914688
2015-10-28,65.681183
2015-10-29,65.597862
2015-10-30,65.564560
2015-11-02,66.422638
2015-11-03,66.530952
2015-11-04,66.306023
2015-11-05,66.206032
2015-11-06,66.089409
2015-11-09,65.456230
2015-11-10,65.672852
2015-11-11,65.281281
2015-11-12,64.289917
2015-11-13,63.598427
2015-11-16,64.589828
2015-11-17,64.448196
2015-11-18,65.472923
2015-11-19,65.406273
2015-11-20,65.639519
2015-11-23,65.639519
2015-11-24,65.856133
2015-11-25,65.897774
2015-11-27,65.881134
2015-11-30,65.764488
2015-12-01,66.372658
2015-12-02,65.497894
2015-12-03,64.564842
2015-12-04,65.589531
2015-12-07,65.064690
2015-12-08,64.606476
2015-12-09,64.156616
2015-12-10,64.248253
2015-12-11,62.998615
2015-12-14,63.090240
2015-12-15,63.748379
2015-12-16,64.664810
2015-12-17,63.573444
2015-12-18,62.600254
2015-12-21,63.093941
2015-12-22,63.788502
2015-12-23,64.893074
2015-12-24,64.775940
2015-12-28,64.474663
2015-12-29,65.152473
2015-12-30,64.625290
2015-12-31,64.131607
2016-01-04,63.420322
2016-01-05,63.570938
2016-01-06,62.407822
2016-01-07,60.993626
2016-01-08,60.248856
2016-01-11,60.056427
2016-01-12,60.340923
2016-01-13,58.826336
2016-01-14,59.629669
2016-01-15,58.491619
2016-01-19,58.315907
2016-01-20,57.696659
2016-01-21,58.223858
2016-01-22,59.370243
2016-01-25,58.240597
2016-01-26,59.311680
2016-01-27,58.859818
2016-01-28,58.901649
2016-01-29,60.566868
2016-02-01,60.541771
2016-02-02,59.286549
2016-02-03,59.863964
2016-02-04,60.207020
2016-02-05,59.186172
2016-02-08,57.939331
2016-02-09,57.763618
2016-02-10,57.797089
2016-02-11,56.977032
2016-02-12,58.215485
2016-02-16,59.378632
2016-02-17,60.474804
2016-02-18,60.349308
2016-02-19,60.165195
2016-02-22,61.219559
2016-02-23,60.491550
2016-02-24,60.851357
2016-02-25,61.529171
2016-02-26,61.637947
2016-02-29,61.169357
2016-03-01,62.583534
2016-03-02,63.035370
2016-03-03,63.612778
2016-03-04,63.939129
2016-03-07,64.248749
2016-03-08,63.194374
2016-03-09,63.529095
2016-03-10,63.621174
2016-03-11,64.817726
2016-03-14,64.725708
2016-03-15,64.357513
2016-03-16,64.968399
2016-03-17,65.570862
2016-03-18,65.875351
2016-03-21,65.892151
2016-03-22,65.841705
2016-03-23,65.168816
2016-03-24,65.093124
2016-03-28,65.185631
2016-03-29,65.850121
2016-03-30,66.051987
2016-03-31,66.051987
2016-04-01,66.312729
2016-04-04,65.883759
2016-04-05,65.143585
2016-04-06,65.833298
2016-04-07,65.009018
2016-04-08,65.294975
2016-04-11,65.219269
2016-04-12,65.925842
2016-04-13,66.758522
2016-04-14,66.623947
2016-04-15,66.607117
2016-04-18,67.086533
2016-04-19,67.380928
2016-04-20,67.507103
2016-04-21,67.052902
2016-04-22,67.473457
2016-04-25,67.187485
2016-04-26,67.658508
2016-04-27,68.095879
2016-04-28,67.288383
2016-04-29,66.876274
2016-05-02,67.271561
2016-05-03,66.514587
2016-05-04,66.085609
2016-05-05,66.068810
2016-05-06,66.279076
2016-05-09,66.253838
2016-05-10,67.069695
2016-05-11,66.396835
2016-05-12,66.380013
2016-05-13,65.740761
2016-05-16,66.413651
2016-05-17,65.959480
2016-05-18,65.799652
2016-05-19,65.606194
2016-05-20,66.094032
2016-05-23,66.051987
2016-05-24,66.901482
2016-05-25,67.422989
2016-05-26,67.372505
2016-05-27,67.759422
2016-05-31,67.784653
2016-06-01,67.927666
2016-06-02,68.222038
2016-06-03,67.986511
2016-06-06,68.449112
2016-06-07,68.701462
2016-06-08,68.894920
2016-06-09,68.718277
2016-06-10,67.801483
2016-06-13,67.195869
2016-06-14,66.985596
2016-06-15,66.994003
2016-06-16,67.069695
2016-06-17,67.185219
2016-06-20,67.741669
2016-06-21,67.783813
2016-06-22,67.716362
2016-06-23,68.702789
2016-06-24,65.861580
2016-06-27,64.192284
2016-06-28,65.448471
2016-06-29,66.704681
2016-06-30,67.741669
2016-07-01,67.952408
2016-07-05,67.134621
2016-07-06,67.539322
2016-07-07,67.530876
2016-07-08,68.795502
2016-07-11,69.065300
2016-07-12,69.883118
2016-07-13,69.840897
2016-07-14,70.135994
2016-07-15,70.093849
2016-07-18,70.220306
2016-07-19,70.034836
2016-07-20,70.380516
2016-07-21,70.119141
2016-07-22,70.565964
2016-07-25,70.405785
2016-07-26,70.717720
2016-07-27,70.346786
2016-07-28,70.481682
2016-07-29,70.549118
2016-08-01,70.287766
2016-08-02,69.571136
2016-08-03,69.967384
2016-08-04,70.009575
2016-08-05,70.591278
2016-08-08,70.641869
2016-08-09,70.532265
2016-08-10,70.346786
2016-08-11,70.869484
2016-08-12,70.802032
2016-08-15,71.139267
2016-08-16,70.734596
2016-08-17,70.785194
2016-08-18,71.164566
2016-08-19,71.189865
2016-08-22,71.105553
2016-08-23,71.417496
2016-08-24,70.920090
2016-08-25,70.911644
2016-08-26,70.692467
2016-08-29,71.088699
2016-08-30,70.979088
2016-08-31,70.658722
2016-09-01,70.641869
2016-09-02,70.995956
2016-09-06,71.113976
2016-09-07,71.316322
2016-09-08,71.198273
2016-09-09,69.276070
2016-09-12,70.254036
2016-09-13,69.073708
2016-09-14,68.972527
2016-09-15,69.663895
2016-09-16,69.359253
2016-09-19,69.520020
2016-09-20,69.350777
2016-09-21,70.290054
2016-09-22,70.840034
2016-09-23,70.484657
2016-09-26,69.943108
2016-09-27,70.256172
2016-09-28,70.746956
2016-09-29,70.154663
2016-09-30,70.730042
2016-10-03,70.433884
2016-10-04,70.002342
2016-10-05,70.416969
2016-10-06,70.450813
2016-10-07,70.070030
2016-10-10,70.383133
2016-10-11,69.333885
2016-10-12,69.426941
2016-10-13,69.173103
2016-10-14,69.122368
2016-10-17,68.885414
2016-10-18,69.359253
2016-10-19,69.697739
2016-10-20,69.562332
2016-10-21,69.520020
2016-10-24,69.740051
2016-10-25,69.342339
2016-10-26,69.308487
2016-10-27,68.902351
2016-10-28,68.893867
2016-10-31,69.003876
2016-11-01,68.436951
2016-11-02,67.946182
2016-11-03,67.726204
2016-11-04,67.734665
2016-11-07,69.198494
2016-11-08,69.460800
2016-11-09,70.281570
2016-11-10,70.797722
2016-11-11,70.797722
2016-11-14,71.390030
2016-11-15,71.914650
2016-11-16,71.601593
2016-11-17,71.982323
2016-11-18,71.813103
2016-11-21,72.380035
2016-11-22,72.600044
2016-11-23,72.777725
2016-11-25,73.040039
2016-11-28,72.549278
2016-11-29,72.600044
2016-11-30,72.616959
2016-12-01,72.396973
2016-12-02,72.413879
2016-12-05,72.955421
2016-12-06,73.327721
2016-12-07,74.376976
2016-12-08,74.681549
2016-12-09,74.893143
2016-12-12,74.503899
2016-12-13,74.816971
2016-12-14,74.038513
2016-12-15,74.300812
2016-12-16,74.094849
2016-12-19,74.205048
2016-12-20,74.450821
2016-12-21,74.281326
2016-12-22,73.984657
2016-12-23,74.137222
2016-12-27,74.383018
2016-12-28,73.620209
2016-12-29,73.645622
2016-12-30,73.433708
2017-01-03,74.018585
2017-01-04,74.739006
2017-01-05,74.535583
2017-01-06,74.739006
2017-01-09,74.332169
2017-01-10,74.399971
2017-01-11,74.594910
2017-01-12,74.476250
2017-01-13,74.628822
2017-01-17,74.433861
2017-01-18,74.654259
2017-01-19,74.281326
2017-01-20,74.561005
2017-01-23,74.340652
2017-01-24,75.078049
2017-01-25,75.645905
2017-01-26,75.442459
2017-01-27,75.213631
2017-01-30,74.789856
2017-01-31,74.908516
2017-02-01,74.722069
2017-02-02,74.883110
2017-02-03,75.400101
2017-02-06,75.196701
2017-02-07,75.120377
2017-02-08,75.281464
2017-02-09,75.747627
2017-02-10,76.171402
2017-02-13,76.510414
2017-02-14,76.713844
2017-02-15,77.086792
2017-02-16,76.891853
2017-02-17,77.044426
2017-02-21,77.586845
2017-02-22,77.400375
2017-02-23,77.264755
2017-02-24,77.476654
2017-02-27,77.654671
2017-02-28,77.256279
2017-03-01,78.205544
2017-03-02,77.697021
2017-03-03,77.688545
2017-03-06,77.341057
2017-03-07,76.993553
2017-03-08,76.815552
2017-03-09,76.747734
2017-03-10,77.052879
2017-03-13,77.205437
2017-03-14,76.840996
2017-03-15,77.680077
2017-03-16,77.502098
2017-03-17,77.476547
2017-03-20,77.255356
2017-03-21,76.242859
2017-03-22,76.378990
2017-03-23,76.413033
2017-03-24,76.413033
2017-03-27,76.276901
2017-03-28,76.906525
2017-03-29,77.170296
2017-03-30,77.323410
2017-03-31,77.272354
2017-04-03,76.966064
2017-04-04,76.872467
2017-04-05,76.659767
2017-04-06,77.068161
2017-04-07,77.000122
2017-04-10,77.178749
2017-04-11,77.204300
2017-04-12,76.727837
2017-04-13,76.191818
2017-04-17,76.812927
2017-04-18,76.591698
2017-04-19,76.617241
2017-04-20,77.246834
2017-04-21,77.000122
2017-04-24,77.757339
2017-04-25,78.165741
2017-04-26,78.182755
2017-04-27,78.148705
2017-04-28,77.782867
2017-05-01,77.748848
2017-05-02,77.816902
2017-05-03,77.570160
2017-05-04,77.638229
2017-05-05,78.148705
2017-05-08,77.970062
2017-05-09,77.918999
2017-05-10,78.216797
2017-05-11,77.893486
2017-05-12,77.544624
2017-05-15,78.012581
2017-05-16,77.808403
2017-05-17,76.608704
2017-05-18,76.778877
2017-05-19,77.400002
2017-05-22,77.799889
2017-05-23,77.816902
2017-05-24,77.987053
2017-05-25,78.301872
2017-05-26,78.284859
2017-05-30,78.140190
2017-05-31,78.216797
2017-06-01,79.025063
2017-06-02,79.135689
2017-06-05,78.965492
2017-06-06,78.650719
2017-06-07,78.727272
2017-06-08,78.786842
2017-06-09,79.025063
2017-06-12,79.127174
2017-06-13,79.629143
2017-06-14,79.450493
2017-06-15,79.280319
2017-06-16,79.298233
2017-06-19,79.793434
2017-06-20,79.144585
2017-06-21,78.922592
2017-06-22,78.948219
2017-06-23,79.127495
2017-06-26,79.358017
2017-06-27,78.828659
2017-06-28,79.443390
2017-06-29,78.879906
2017-06-30,79.127495
2017-07-03,79.460457
2017-07-05,79.340958
2017-07-06,78.470100
2017-07-07,78.973808
2017-07-10,78.990883
2017-07-11,78.922592
2017-07-12,79.469017
2017-07-13,79.699539
2017-07-14,80.049568
2017-07-17,80.143486
2017-07-18,79.972725
2017-07-19,80.544769
2017-07-20,80.502083
2017-07-21,80.519150
2017-07-24,80.459389
2017-07-25,80.775269
2017-07-26,80.613068
2017-07-27,80.527679
2017-07-28,80.425232
2017-07-31,80.391098
2017-08-01,80.476463
2017-08-02,80.220322
2017-08-03,80.015411
2017-08-04,80.134949
2017-08-07,80.220322
2017-08-08,80.023972
2017-08-09,79.912979
2017-08-10,78.768921
2017-08-11,78.785995
2017-08-14,79.528770
2017-08-15,79.383652
2017-08-16,79.588547
2017-08-17,78.367638
2017-08-18,78.188362
2017-08-21,78.256653
2017-08-22,78.999428
2017-08-23,78.768921
2017-08-24,78.666451
2017-08-25,78.939667
2017-08-28,78.845757
2017-08-29,78.768921
2017-08-30,79.144585
2017-08-31,79.588547
2017-09-01,79.912979
2017-09-05,79.366539
2017-09-06,79.648308
2017-09-07,79.614159
2017-09-08,79.682449
2017-09-11,80.485008
2017-09-12,80.800888
2017-09-13,80.809441
2017-09-14,80.800888
2017-09-15,80.920929
2017-09-18,81.049553
2017-09-19,80.938095
2017-09-20,81.075272
2017-09-21,80.903778
2017-09-22,81.075272
2017-09-25,81.169609
2017-09-26,81.263924
2017-09-27,81.589775
2017-09-28,81.641228
2017-09-29,81.924202
2017-10-02,82.275772
2017-10-03,82.412971
2017-10-04,82.584457
2017-10-05,82.910316
2017-10-06,82.738823
2017-10-09,82.447266
2017-10-10,82.653030
2017-10-11,82.670212
2017-10-12,82.695923
2017-10-13,82.781715
2017-10-16,82.807388
2017-10-17,82.798820
2017-10-18,82.867447
2017-10-19,82.970306
2017-10-20,83.527710
2017-10-23,83.244720
2017-10-24,83.330452
2017-10-25,82.773102
2017-10-26,82.936028
2017-10-27,83.064659
2017-10-30,82.661644
2017-10-31,82.815979
2017-11-01,82.841728
2017-11-02,82.824554
2017-11-03,82.944603
2017-11-06,83.287582
2017-11-07,83.158997
2017-11-08,83.261856
2017-11-09,83.038933
2017-11-10,83.090378
2017-11-13,83.218994
2017-11-14,83.176140
2017-11-15,82.721664
2017-11-16,83.433365
2017-11-17,83.579155
2017-11-20,83.707764
2017-11-21,84.016472
2017-11-22,83.982162
2017-11-24,84.025017
2017-11-27,83.939285
2017-11-28,84.908241
2017-11-29,85.302689
2017-11-30,85.962959
2017-12-01,85.791473
2017-12-04,85.971527
2017-12-05,85.422752
2017-12-06,85.268394
2017-12-07,85.654236
2017-12-08,86.185890
2017-12-11,86.263084
2017-12-12,86.271645
2017-12-13,86.194481
2017-12-14,85.671417
2017-12-15,86.436356
2017-12-18,87.091057
2017-12-19,86.798172
2017-12-20,86.806770
2017-12-21,86.979057
2017-12-22,87.065239
2017-12-26,87.168587
2017-12-27,87.168587
2017-12-28,87.383942
2017-12-29,87.030754
2018-01-02,87.676826
2018-01-03,88.124771
2018-01-04,88.426285
2018-01-05,88.848381
2018-01-08,89.141281
2018-01-09,89.184349
2018-01-10,88.917290
2018-01-11,89.770111
2018-01-12,90.347275
2018-01-16,89.735657
2018-01-17,90.485107
2018-01-18,90.235291
2018-01-19,90.829697
2018-01-22,91.475761
2018-01-23,91.725586
2018-01-24,91.768639
2018-01-25,91.691116
2018-01-26,92.543938
2018-01-29,91.880661
2018-01-30,90.864151
2018-01-31,90.846901
2018-02-01,90.631546
2018-02-02,88.770844
2018-02-05,85.480171
2018-02-06,86.651726
2018-02-07,86.419151
2018-02-08,83.378273
2018-02-09,84.523994
2018-02-12,85.566307
2018-02-13,85.773048
2018-02-14,87.073830
2018-02-15,87.978333
2018-02-16,88.021393
2018-02-20,87.461472
2018-02-21,86.935989
2018-02-22,86.979057
2018-02-23,88.305687
2018-02-26,88.968979
2018-02-27,87.814667
2018-02-28,86.858467
2018-03-01,85.928139
2018-03-02,86.496681
2018-03-05,87.538986
2018-03-06,87.926659
2018-03-07,87.849121
2018-03-08,88.150627
2018-03-09,89.520302
2018-03-12,89.399719
2018-03-13,89.020668
2018-03-14,88.486572
2018-03-15,88.253975
2018-03-16,88.616447
2018-03-19,87.621651
2018-03-20,87.716782
2018-03-21,87.742760
2018-03-22,85.796356
2018-03-23,84.161415
2018-03-26,86.099136
2018-03-27,85.078369
2018-03-28,84.974541
2018-03-29,86.055862
2018-04-02,84.170067
2018-04-03,85.182182
2018-04-04,86.177002
2018-04-05,86.730621
2018-04-06,84.896690
2018-04-09,85.069710
2018-04-10,86.280823
2018-04-11,85.978043
2018-04-12,86.384590
2018-04-13,86.202942
2018-04-16,87.033401
2018-04-17,87.742760
2018-04-18,87.976303
2018-04-19,87.362122
2018-04-20,86.747910
2018-04-23,86.860390
2018-04-24,86.029930
2018-04-25,86.272156
2018-04-26,86.938255
2018-04-27,87.171806
2018-04-30,86.375961
2018-05-01,86.410561
2018-05-02,85.692558
2018-05-03,85.407104
2018-05-04,86.358650
2018-05-07,86.505722
2018-05-08,86.445152
2018-05-09,87.145828
2018-05-10,87.907112
2018-05-11,87.993660
2018-05-14,88.028206
2018-05-15,87.587036
2018-05-16,88.071472
2018-05-17,88.183922
2018-05-18,88.002243
2018-05-21,88.573204
2018-05-22,88.235809
2018-05-23,88.400177
2018-05-24,88.382874
2018-05-25,88.192574
2018-05-29,87.258316
2018-05-30,88.417511
2018-05-31,87.630302
2018-06-01,88.374245
2018-06-04,88.676994
2018-06-05,88.841385
2018-06-06,89.516106
2018-06-07,89.559349
2018-06-08,89.983253
2018-06-11,90.173546
2018-06-12,90.433067
2018-06-13,89.983253
2018-06-14,90.216812
2018-06-15,90.218559
2018-06-18,90.053558
2018-06-19,89.688812
2018-06-20,89.940674
2018-06-21,89.419617
2018-06-22,89.654083
2018-06-25,88.672791
2018-06-26,88.759628
2018-06-27,87.969376
2018-06-28,88.325401
2018-06-29,88.481750
2018-07-02,88.446999
2018-07-03,88.403580
2018-07-05,89.063568
2018-07-06,89.740913
2018-07-09,90.426949
2018-07-10,90.661430
2018-07-11,89.949326
2018-07-12,90.453033
2018-07-13,90.539848
2018-07-16,90.270630
2018-07-17,90.557205
2018-07-18,90.765633
2018-07-19,90.748268
2018-07-20,90.453033
2018-07-23,90.461685
2018-07-24,90.418297
2018-07-25,91.217201
2018-07-26,91.538521
2018-07-27,91.000107
2018-07-30,90.609329
2018-07-31,91.225899
2018-08-01,90.635391
2018-08-02,91.000107
2018-08-03,91.460373
2018-08-06,91.677467
2018-08-07,91.859818
2018-08-08,91.694824
2018-08-09,91.590614
2018-08-10,90.974052
2018-08-13,90.505127
2018-08-14,91.269302
2018-08-15,90.661430
2018-08-16,91.382217
2018-08-17,91.868515
2018-08-20,92.302719
2018-08-21,92.537193
2018-08-22,92.337456
2018-08-23,92.111664
2018-08-24,92.606659
2018-08-27,93.127693
2018-08-28,93.214539
2018-08-29,93.579247
2018-08-30,92.980042
2018-08-31,93.014816
2018-09-04,92.927963
2018-09-05,92.971375
2018-09-06,92.797707
2018-09-07,92.467720
2018-09-10,92.815063
2018-09-11,92.884529
2018-09-12,93.049530
2018-09-13,93.440331
2018-09-14,93.561913
2018-09-17,93.249283
2018-09-18,93.683472
2018-09-19,93.640060
2018-09-20,94.230576
2018-09-21,94.291351
2018-09-24,93.624916
2018-09-25,93.371948
2018-09-26,93.014297
2018-09-27,93.023010
2018-09-28,93.171318
2018-10-01,93.171318
2018-10-02,93.040497
2018-10-03,93.049187
2018-10-04,92.403702
2018-10-05,91.950089
2018-10-08,92.063477
2018-10-09,91.627335
2018-10-10,89.001663
2018-10-11,87.030266
2018-10-12,87.789185
2018-10-15,87.754288
2018-10-16,89.516335
2018-10-17,89.333160
2018-10-18,88.190437
2018-10-19,87.928741
2018-10-22,87.344292
2018-10-23,86.786011
2018-10-24,84.483101
2018-10-25,85.590973
2018-10-26,84.256325
2018-10-29,84.291206
2018-10-30,85.922432
2018-10-31,86.419632
2018-11-01,87.675781
2018-11-02,87.361732
2018-11-05,88.015961
2018-11-06,88.626602
2018-11-07,89.987404
2018-11-08,89.917595
2018-11-09,89.123817
2018-11-12,87.762993
2018-11-13,87.728081
2018-11-14,87.169838
2018-11-15,87.911285
2018-11-16,88.190437
2018-11-19,87.038986
2018-11-20,85.512444
2018-11-21,86.044556
2018-11-23,85.791580
2018-11-26,86.951744
2018-11-27,86.995369
2018-11-28,88.582993
2018-11-29,88.321289
2018-11-30,88.678947
2018-12-03,89.751839
2018-12-04,87.056435
2018-12-06,86.794731
2018-12-07,84.910553
2018-12-10,84.753548
2018-12-11,84.692490
2018-12-12,85.119911
2018-12-13,84.718651
2018-12-14,83.514839
2018-12-17,81.709175
2018-12-18,81.595802
2018-12-19,80.313484
2018-12-20,79.048645
2018-12-21,77.644218
2018-12-24,75.636383
2018-12-26,79.058830
2018-12-27,79.769638
2018-12-28,79.567818
2018-12-31,80.208420
2019-01-02,80.252304
2019-01-03,78.699059
2019-01-04,81.314148
2019-01-07,82.165375
2019-01-08,83.051697
2019-01-09,83.639656
2019-01-10,84.148659
2019-01-11,84.210083
2019-01-14,83.753761
2019-01-15,84.394356
2019-01-16,84.604950
2019-01-17,85.394737
2019-01-18,86.693558
2019-01-22,85.535194
2019-01-23,85.464973
2019-01-24,85.859886
2019-01-25,86.772530
2019-01-28,86.430283
2019-01-29,86.579468
2019-01-30,87.500908
2019-01-31,88.080093
2019-02-01,88.299477
2019-02-04,88.782127
2019-02-05,89.124382
2019-02-06,89.045410
2019-02-07,88.404778
2019-02-08,88.571518
2019-02-11,88.817245
2019-02-12,89.914185
2019-02-13,90.309097
2019-02-14,90.098465
2019-02-15,91.107651
2019-02-19,91.274406
2019-02-20,91.599068
2019-02-21,91.248039
2019-02-22,91.730698
2019-02-25,91.748245
2019-02-26,91.502571
2019-02-27,91.528885
2019-02-28,91.309479
2019-03-01,91.923790
2019-03-04,91.484993
2019-03-05,91.204178
2019-03-06,90.405624
2019-03-07,89.703575
2019-03-08,89.422729
2019-03-11,90.581131
2019-03-12,90.879486
2019-03-13,91.423561
2019-03-14,91.291946
2019-03-15,91.625389
2019-03-18,92.056519
2019-03-19,91.897820
2019-03-20,91.254257
2019-03-21,92.426773
2019-03-22,90.531349
2019-03-25,90.557808
2019-03-26,91.315956
2019-03-27,91.016212
2019-03-28,91.527550
2019-03-29,92.074142
2019-04-01,93.246666
2019-04-02,93.176147
2019-04-03,93.431816
2019-04-04,93.740372
2019-04-05,94.348656
2019-04-08,94.410362
2019-04-09,93.669830
2019-04-10,94.128250
2019-04-11,94.251694
2019-04-12,95.009834
2019-04-15,94.745384
2019-04-16,94.780640
2019-04-17,94.225227
2019-04-18,94.445648
2019-04-22,94.207603
2019-04-23,95.080406
2019-04-24,95.053947
2019-04-25,94.498566
2019-04-26,95.071594
2019-04-29,95.062767
2019-04-30,95.380127
2019-05-01,94.419205
2019-05-02,94.428024
2019-05-03,95.274338
2019-05-06,94.824730
2019-05-07,93.299553
2019-05-08,93.149704
2019-05-09,93.035088
2019-05-10,93.440613
2019-05-13,91.113197
2019-05-14,92.012428
2019-05-15,92.303360
2019-05-16,92.929291
2019-05-17,92.312180
2019-05-20,91.730316
2019-05-21,92.717720
2019-05-22,92.250458
2019-05-23,91.095551
2019-05-24,91.263077
2019-05-28,90.266861
2019-05-29,89.649742
2019-05-30,89.790802
2019-05-31,88.768135
2019-06-03,89.279472
2019-06-04,91.280716
2019-06-05,92.003624
2019-06-06,92.462044
2019-06-07,93.061523
2019-06-10,93.352470
2019-06-11,93.255486
2019-06-12,93.140869
2019-06-13,93.687469
2019-06-14,93.431816
2019-06-17,93.281944
2019-06-18,94.198807
2019-06-19,94.542618
2019-06-20,95.371323
2019-06-21,95.150917
2019-06-24,94.743530
2019-06-25,94.167885
2019-06-26,94.008461
2019-06-27,94.601822
2019-06-28,95.469742
2019-07-01,96.151657
2019-07-02,96.045403
2019-07-03,96.922173
2019-07-05,96.798195
2019-07-08,96.266800
2019-07-09,96.231377
2019-07-10,96.337669
2019-07-11,96.532486
2019-07-12,97.187859
2019-07-15,97.108131
2019-07-16,96.913315
2019-07-17,96.107391
2019-07-18,96.479362
2019-07-19,96.071976
2019-07-22,96.098526
2019-07-23,96.931000
2019-07-24,97.577522
2019-07-25,96.948730
2019-07-26,97.435814
2019-07-29,97.152412
2019-07-30,97.240990
2019-07-31,96.275658
2019-08-01,95.044632
2019-08-02,94.283020
2019-08-05,91.608437
2019-08-06,92.626900
2019-08-07,92.750893
2019-08-08,94.424721
2019-08-09,93.556816
2019-08-12,92.361214
2019-08-13,93.556816
2019-08-14,90.687401
2019-08-15,90.713982
2019-08-16,92.184113
2019-08-19,93.246826
2019-08-20,92.494064
2019-08-21,93.246826
2019-08-22,93.308815
2019-08-23,90.784828
2019-08-26,91.581886
2019-08-27,91.068207
2019-08-28,91.856422
2019-08-29,93.096291
2019-08-30,93.131699
2019-09-03,92.609177
2019-09-04,93.707359
2019-09-05,95.080055
2019-09-06,95.310326
2019-09-09,95.832848
2019-09-10,96.275658
2019-09-11,97.010719
2019-09-12,97.125854
2019-09-13,97.143539
2019-09-16,97.214417
2019-09-17,97.232124
2019-09-18,97.125854
2019-09-19,96.860161
2019-09-20,96.426201
2019-09-23,96.533005
2019-09-24,95.749916
2019-09-25,96.292732
2019-09-26,96.061363
2019-09-27,95.723221
2019-09-30,96.177048
2019-10-01,94.682060
2019-10-02,92.893417
2019-10-03,93.569717
2019-10-04,94.610878
2019-10-07,94.103645
2019-10-08,92.475182
2019-10-09,93.293846
2019-10-10,93.996849
2019-10-11,95.278275
2019-10-14,95.064697
2019-10-15,95.874496
2019-10-16,95.714317
2019-10-17,96.079170
2019-10-18,95.963501
2019-10-21,96.693169
2019-10-22,96.702049
2019-10-23,96.977905
2019-10-24,97.022423
2019-10-25,97.378372
2019-10-28,97.680931
2019-10-29,97.858910
2019-10-30,97.867798
2019-10-31,97.360565
2019-11-01,98.561882
2019-11-04,99.131393
2019-11-05,99.131393
2019-11-06,99.024612
2019-11-07,99.264885
2019-11-08,99.496246
2019-11-11,99.229301
2019-11-12,99.282692
2019-11-13,99.211494
2019-11-14,99.433975
2019-11-15,100.163658
2019-11-18,100.039070
2019-11-19,99.958992
2019-11-20,99.576340
2019-11-21,99.371689
2019-11-22,99.665337
2019-11-25,100.564102
2019-11-26,100.679787
2019-11-27,101.106934
2019-11-29,100.670883
2019-12-02,99.825500
2019-12-03,99.015709
2019-12-04,99.736526
2019-12-05,99.905602
2019-12-06,100.831055
2019-12-09,100.519592
2019-12-10,100.412827
2019-12-11,100.706459
2019-12-12,101.765419
2019-12-13,101.480652
2019-12-16,102.121346
2019-12-17,102.139168
2019-12-18,102.290443
2019-12-19,102.637497
2019-12-20,103.162514
2019-12-23,103.215233
2019-12-24,103.286705
2019-12-26,103.510078
2019-12-27,103.367126
2019-12-30,103.009735
2019-12-31,103.393929
2020-01-02,103.688789
2020-01-03,103.099083
2020-01-06,103.233093
2020-01-07,103.143761
2020-01-08,103.447525
2020-01-09,103.921089
2020-01-10,103.599426
2020-01-13,104.242706
2020-01-14,104.448235
2020-01-15,104.609039
2020-01-16,105.582954
2020-01-17,105.788460
2020-01-21,105.350677
2020-01-22,105.216637
2020-01-23,105.448929
2020-01-24,104.367813
2020-01-27,102.652328
2020-01-28,103.608360
2020-01-29,103.286705
2020-01-30,103.510078
2020-01-31,101.446152
2020-02-03,102.125191
2020-02-04,103.626259
2020-02-05,105.136223
2020-02-06,105.109421
2020-02-07,104.260628
2020-02-10,104.716286
2020-02-11,105.341728
2020-02-12,106.065453
2020-02-13,105.967140
2020-02-14,105.985039
2020-02-18,105.663391
2020-02-19,106.038643
2020-02-20,106.011864
2020-02-21,105.046867
2020-02-24,101.866066
2020-02-25,98.444038
2020-02-26,97.505859
2020-02-27,93.440544
2020-02-28,92.448776
2020-03-02,95.978004
2020-03-03,93.583488
2020-03-04,97.273552
2020-03-05,93.788994
2020-03-06,91.867996
2020-03-09,83.907059
2020-03-10,87.945602
2020-03-11,83.201202
2020-03-12,74.802444
2020-03-13,80.878143
2020-03-16,71.139153
2020-03-17,75.168777
2020-03-18,70.272507
2020-03-19,70.460121
2020-03-20,67.038086
2020-03-23,64.656128
2020-03-24,71.558395
2020-03-25,73.353912
2020-03-26,77.576523
2020-03-27,75.266716
2020-03-30,77.242668
2020-03-31,75.808060
2020-04-01,72.072693
2020-04-02,73.209549
2020-04-03,72.027588
2020-04-06,77.477257
2020-04-07,78.099808
2020-04-08,81.329918
2020-04-09,83.206604
2020-04-13,81.411095
2020-04-14,83.567528
2020-04-15,80.869751
2020-04-16,80.869751
2020-04-17,83.892349
2020-04-20,82.169014
2020-04-21,79.768997
2020-04-22,81.266762
2020-04-23,81.338928
2020-04-24,82.502853
2020-04-27,84.875786
2020-04-28,86.048729
2020-04-29,89.035248
2020-04-30,86.743484
2020-05-01,83.612633
2020-05-04,83.675797
2020-05-05,84.054741
2020-05-06,82.845695
2020-05-07,84.334450
2020-05-08,86.644218
2020-05-11,85.615669
2020-05-12,83.378059
2020-05-13,80.932899
2020-05-14,82.187065
2020-05-15,82.340446
2020-05-18,86.842735
2020-05-19,85.642708
2020-05-20,87.203636
2020-05-21,86.815674
2020-05-22,86.887863
2020-05-26,89.702888
2020-05-27,91.922478
2020-05-28,91.002174
2020-05-29,90.866814
2020-06-01,91.931511
2020-06-02,93.095398
2020-06-03,95.612724
2020-06-04,96.099945
2020-06-05,99.645836
2020-06-08,102.036835
2020-06-09,99.483429
2020-06-10,97.029289
2020-06-11,90.316437
2020-06-12,92.120972
2020-06-15,93.140533
2020-06-16,95.080406
2020-06-17,94.015724
2020-06-18,93.952545
2020-06-19,92.978127
2020-06-22,93.082321
2020-06-23,93.191025
2020-06-24,90.110641
2020-06-25,91.034737
2020-06-26,89.186516
2020-06-29,90.962273
2020-06-30,92.194427
2020-07-01,92.067589
2020-07-02,92.620247
2020-07-06,93.634956
2020-07-07,92.140068
2020-07-08,92.411850
2020-07-09,90.944130
2020-07-10,92.475281
2020-07-13,92.040405
2020-07-14,93.535316
2020-07-15,95.700645
2020-07-16,95.564751
2020-07-17,95.890900
2020-07-20,95.383545
2020-07-21,96.334839
2020-07-22,97.104942
2020-07-23,96.941872
2020-07-24,96.235176
2020-07-27,96.624763
2020-07-28,96.035851
2020-07-29,97.612320
2020-07-30,96.842201
2020-07-31,96.796890
2020-08-03,97.032471
2020-08-04,97.512642
2020-08-05,98.300873
2020-08-06,98.228401
2020-08-07,99.224968
2020-08-10,100.266884
2020-08-11,100.158150
2020-08-12,100.747063
2020-08-13,100.257820
2020-08-14,100.547737
2020-08-17,100.593033
2020-08-18,100.013191
2020-08-19,99.623619
2020-08-20,99.161552
2020-08-21,98.980354
2020-08-24,100.602097
2020-08-25,100.602097
2020-08-26,100.429939
2020-08-27,100.946373
2020-08-28,101.779900
2020-08-31,100.928276
2020-09-01,101.444687
2020-09-02,103.247620
2020-09-03,100.873901
2020-09-04,100.638344
2020-09-08,98.545479
2020-09-09,99.687027
2020-09-10,98.255547
2020-09-11,98.771973
2020-09-14,100.366524
2020-09-15,100.466202
2020-09-16,101.136635
2020-09-17,100.701759
2020-09-18,99.487732
2020-09-21,96.982155
2020-09-22,97.437218
2020-09-23,95.343964
2020-09-24,95.498672
2020-09-25,96.827438
2020-09-28,98.693192
2020-09-29,97.901375
2020-09-30,98.392853
2020-10-01,98.747787
2020-10-02,99.184654
2020-10-05,100.922966
2020-10-06,99.885460
2020-10-07,101.705696
2020-10-08,103.207375
2020-10-09,103.362099
2020-10-12,104.162987
2020-10-13,103.107254
2020-10-14,102.825127
2020-10-15,103.298386
2020-10-16,103.207375
2020-10-19,101.833115
2020-10-20,102.388268
2020-10-21,102.042435
2020-10-22,103.343895
2020-10-23,103.889954
2020-10-26,101.469032
2020-10-27,100.249474
2020-10-28,97.182388
2020-10-29,98.165321
2020-10-30,97.846786
2020-11-02,100.031082
2020-11-03,102.115234
2020-11-04,102.197136
2020-11-05,104.181198
2020-11-06,103.753433
2020-11-09,108.203934
2020-11-10,108.795486
2020-11-11,108.595276
2020-11-12,106.902451
2020-11-13,109.259651
2020-11-16,111.544044
2020-11-17,111.280113
2020-11-18,109.960449
2020-11-19,110.515617
2020-11-20,109.887619
2020-11-23,111.516739
2020-11-24,113.946762
2020-11-25,113.100357
2020-11-27,113.045738
2020-11-30,111.835289
2020-12-01,112.872810
2020-12-02,113.191391
2020-12-03,113.828445
2020-12-04,115.657776
2020-12-07,115.084404
2020-12-08,115.402946
2020-12-09,115.029808
2020-12-10,115.129921
2020-12-11,114.420029
2020-12-14,113.600922
2020-12-15,115.484863
2020-12-16,115.239136
2020-12-17,115.894424
2020-12-18,115.621376
2020-12-21,114.700790
2020-12-22,114.262421
2020-12-23,114.929108
2020-12-24,115.148293
2020-12-28,115.495354
2020-12-29,114.919975
2020-12-30,115.741943
2020-12-31,116.481705
2021-01-04,114.801247
2021-01-05,115.778450
2021-01-06,118.545761
2021-01-07,119.723885
2021-01-08,119.933975
2021-01-11,119.796959
2021-01-12,120.737671
2021-01-13,120.344971
2021-01-14,120.746826
2021-01-15,119.842644
2021-01-19,120.418022
2021-01-20,121.166924
2021-01-21,120.555016
2021-01-22,120.043564
2021-01-25,119.933975
2021-01-26,119.340340
2021-01-27,116.591309
2021-01-28,117.623329
2021-01-29,115.531876
2021-02-01,117.066208
2021-02-02,118.609688
2021-02-03,118.920212
2021-02-04,120.436287
2021-02-05,121.057312
2021-02-08,122.472946
2021-02-09,122.427238
2021-02-10,122.801735
2021-02-11,122.838249
2021-02-12,123.578003
2021-02-16,123.669357
2021-02-17,123.605400
2021-02-18,122.911301
2021-02-19,123.842888
2021-02-22,124.052925
2021-02-23,124.381699
2021-02-24,126.345322
2021-02-25,123.404510
2021-02-26,122.564232
2021-03-01,125.340660
2021-03-02,124.719627
2021-03-03,124.080315
2021-03-04,122.390724
2021-03-05,125.185432
2021-03-08,126.007355
2021-03-09,126.190041
2021-03-10,127.486916
2021-03-11,128.345459
2021-03-12,129.322632
2021-03-15,130.418594
2021-03-16,129.213028
2021-03-17,129.879807
2021-03-18,128.610260
2021-03-19,128.372818
2021-03-22,128.543457
2021-03-23,126.690094
2021-03-24,126.524918
2021-03-25,128.048019
2021-03-26,130.442734
2021-03-29,129.763794
2021-03-30,130.011490
2021-03-31,129.974792
2021-04-01,131.277664
2021-04-05,132.470398
2021-04-06,132.644760
2021-04-07,132.149307
2021-04-08,132.397003
2021-04-09,133.158539
2021-04-12,133.387939
2021-04-13,133.158539
2021-04-14,133.369568
2021-04-15,134.415527
2021-04-16,135.011948
2021-04-19,134.378860
2021-04-20,133.378738
2021-04-21,135.140366
2021-04-22,134.287079
2021-04-23,135.736771
2021-04-26,135.966156
2021-04-27,136.112946
2021-04-28,136.149643
2021-04-29,137.039612
2021-04-30,136.048752
2021-05-03,136.856155
2021-05-04,136.700150
2021-05-05,136.984573
2021-05-06,137.681915
2021-05-07,139.131561
2021-05-10,138.663651
2021-05-11,136.993790
2021-05-12,133.956818
2021-05-13,135.764267
2021-05-14,137.892899
2021-05-17,137.746124
2021-05-18,136.525833
2021-05-19,135.819336
2021-05-20,136.846954
2021-05-21,137.030457
2021-05-24,137.819519
2021-05-25,137.241501
2021-05-26,137.709412
2021-05-27,138.388397
2021-05-28,138.654434
2021-06-01,139.113190
2021-06-02,139.214111
2021-06-03,139.012253
2021-06-04,139.700409
2021-06-07,139.452744
2021-06-08,139.626999
2021-06-09,138.993973
2021-06-10,139.260040
2021-06-11,139.626999
2021-06-14,139.195831
2021-06-15,139.214111
2021-06-16,138.269089
2021-06-17,136.911194
2021-06-18,134.553177
2021-06-21,137.147980
2021-06-22,137.433212
2021-06-23,137.203186
2021-06-24,138.104904
2021-06-25,139.071136
2021-06-28,138.491394
2021-06-29,138.390152
2021-06-30,138.693817
2021-07-01,139.660004
2021-07-02,140.074036
2021-07-06,138.850281
2021-07-07,139.181503
2021-07-08,137.902496
2021-07-09,139.862411
2021-07-12,140.313293
2021-07-13,138.988281
2021-07-14,138.785873
2021-07-15,138.417831
2021-07-16,137.387238
2021-07-19,134.902786
2021-07-20,137.460831
2021-07-21,138.841034
2021-07-22,138.454590
2021-07-23,139.604767
2021-07-26,140.000427
2021-07-27,139.752014
2021-07-28,139.825607
2021-07-29,140.874588
2021-07-30,140.488098
2021-08-02,140.276443
2021-08-03,141.454254
2021-08-04,140.120071
2021-08-05,141.178177
2021-08-06,141.757935
2021-08-09,141.435883
2021-08-10,142.098389
2021-08-11,143.009354
2021-08-12,142.935699
2021-08-13,142.917313
2021-08-16,142.963303
2021-08-17,141.886719
2021-08-18,140.423691
2021-08-19,140.110870
2021-08-20,141.123016
2021-08-23,142.181198
2021-08-24,142.760849
2021-08-25,143.515396
2021-08-26,142.530869
2021-08-27,144.058289
2021-08-30,143.846634
2021-08-31,143.819077
2021-09-01,143.846634
2021-09-02,144.822067
2021-09-03,144.352722
2021-09-07,143.147324
2021-09-08,143.055328
2021-09-09,142.650497
2021-09-10,141.711929
2021-09-13,142.107605
2021-09-14,141.095398
2021-09-15,142.346817
2021-09-16,142.079971
2021-09-17,140.819351
2021-09-20,138.692520
2021-09-21,138.193817
2021-09-22,139.745316
2021-09-23,141.795532
2021-09-24,142.035629
2021-09-27,142.506622
2021-09-28,140.373337
2021-09-29,140.678101
2021-09-30,138.360062
2021-10-01,140.225555
2021-10-04,139.339020
2021-10-05,140.336380
2021-10-06,140.530319
2021-10-07,141.721634
2021-10-08,141.389191
2021-10-11,140.613449
2021-10-12,140.650391
2021-10-13,140.881256
2021-10-14,143.300827
2021-10-15,143.790298
2021-10-18,143.845718
2021-10-19,144.686081
2021-10-20,145.794312
2021-10-21,145.969803
2021-10-22,146.385330
2021-10-25,146.717819
2021-10-26,146.431519
2021-10-27,144.482941
2021-10-28,145.951324
2021-10-29,145.692749
2021-11-01,146.856354
2021-11-02,147.262680
2021-11-03,148.130783
2021-11-04,147.826050
2021-11-05,148.952728
2021-11-08,149.174347
2021-11-09,149.155884
2021-11-10,148.204697
2021-11-11,148.564850
2021-11-12,149.285172
2021-11-15,149.543762
2021-11-16,149.737701
2021-11-17,148.943481
2021-11-18,148.398636
2021-11-19,147.438171
2021-11-22,147.669083
2021-11-23,148.278549
2021-11-24,148.352448
2021-11-26,144.492172
2021-11-29,145.701965
2021-11-30,141.841736
2021-12-01,140.077789
2021-12-02,143.467102
2021-12-03,142.682068
2021-12-06,144.796921
2021-12-07,147.244217
2021-12-08,147.622849
2021-12-09,146.570068
2021-12-10,147.521301
2021-12-13,146.450012
2021-12-14,145.572678
2021-12-15,147.161133
2021-12-16,146.902527
2021-12-17,144.953918
2021-12-20,143.466461
2021-12-21,146.374664
2021-12-22,147.402771
2021-12-23,148.403046
2021-12-27,150.301743
2021-12-28,150.533310
2021-12-29,150.977859
2021-12-30,150.737061
2021-12-31,150.737061
2022-01-03,150.866669
2022-01-04,152.080002
2022-01-05,149.736755
2022-01-06,150.070175
2022-01-07,149.829391
2022-01-10,149.079163
2022-01-11,150.486984
2022-01-12,150.607361
2022-01-13,149.912750
2022-01-14,149.653412
2022-01-18,147.273087
2022-01-19,145.744904
2022-01-20,143.892517
2022-01-21,141.790070
2022-01-24,142.855225
2022-01-25,141.502930
2022-01-26,140.363724
2022-01-27,139.576508
2022-01-28,141.966049
2022-01-31,144.151840
2022-02-01,145.272552
2022-02-02,146.217270
2022-02-03,144.364838
2022-02-04,144.235214
2022-02-07,144.327805
2022-02-08,145.652267
2022-02-09,148.115906
2022-02-10,145.781937
2022-02-11,143.855515
2022-02-14,142.707001
2022-02-15,144.883560
2022-02-16,145.365143
2022-02-17,142.753311
2022-02-18,142.216095
2022-02-22,140.799072
2022-02-23,138.622498
2022-02-24,139.946976
2022-02-25,143.707260
2022-02-28,142.864456
2022-03-01,140.410049
2022-03-02,143.401657
2022-03-03,143.105240
2022-03-04,142.243896
2022-03-07,138.307602
2022-03-08,137.316544
2022-03-09,140.224823
2022-03-10,139.956223
2022-03-11,138.483597
2022-03-14,137.974167
2022-03-15,140.197021
2022-03-16,142.845932
2022-03-17,144.642731
2022-03-18,145.568924
2022-03-21,145.163422
2022-03-22,146.381744
2022-03-23,144.289139
2022-03-24,145.972580
2022-03-25,146.967712
2022-03-28,147.404861
2022-03-29,149.850922
2022-03-30,148.706924
2022-03-31,146.679428
2022-04-01,147.153763
2022-04-04,147.469955
2022-04-05,145.898163
2022-04-06,145.163422
2022-04-07,145.609833
2022-04-08,145.916733
2022-04-11,144.503098
2022-04-12,144.019440
2022-04-13,145.647049
2022-04-14,144.651901
2022-04-18,144.344940
2022-04-19,146.902603
2022-04-20,147.841995
2022-04-21,145.702866
2022-04-22,141.731491
2022-04-25,142.159363
2022-04-26,138.755295
2022-04-27,139.015747
2022-04-28,141.433914
2022-04-29,137.137024
2022-05-02,137.509033
2022-05-03,138.643692
2022-05-04,142.503433
2022-05-05,138.215881
2022-05-06,136.950989
2022-05-09,132.886673
2022-05-10,132.542526
2022-05-11,130.831223
2022-05-12,131.389252
2022-05-13,134.393311
2022-05-16,133.919052
2022-05-17,136.755692
2022-05-18,131.612457
2022-05-19,131.314835
2022-05-20,131.314835
2022-05-23,133.165649
2022-05-24,132.337921
2022-05-25,133.863220
2022-05-26,136.690567
2022-05-27,139.824844
2022-05-31,138.513489
2022-06-01,137.044037
2022-06-02,139.452866
2022-06-03,137.806625
2022-06-06,138.308899
2022-06-07,139.629578
2022-06-08,137.657806
2022-06-09,134.532852
2022-06-10,130.868454
2022-06-13,125.604309
2022-06-14,124.953278
2022-06-15,126.153046
2022-06-16,121.688759
2022-06-17,121.967743
2022-06-21,124.074478
2022-06-22,124.009041
2022-06-23,125.037582
2022-06-24,129.105209
2022-06-27,129.039703
2022-06-28,127.076065
2022-06-29,126.299942
2022-06-30,125.514473
2022-07-01,127.047974
2022-07-05,126.748779
2022-07-06,126.776886
2022-07-07,128.618927
2022-07-08,128.142059
2022-07-11,126.963860
2022-07-12,126.356056
2022-07-13,125.654755
2022-07-14,124.663574
2022-07-15,127.029305
2022-07-18,126.477585
2022-07-19,130.105667
2022-07-20,130.975327
2022-07-21,131.994537
2022-07-22,131.227753
2022-07-25,131.555038
2022-07-26,130.526459
2022-07-27,133.060501
2022-07-28,135.164429
2022-07-29,136.370667
2022-08-01,136.108826
2022-08-02,135.145691
2022-08-03,136.548325
2022-08-04,136.258453
2022-08-05,136.408051
2022-08-08,136.791428
2022-08-09,135.996643
2022-08-10,138.904694
2022-08-11,139.521881
2022-08-12,141.775345
2022-08-15,142.083923
2022-08-16,142.495377
2022-08-17,141.158234
2022-08-18,141.607056
2022-08-19,139.736908
2022-08-22,136.819504
2022-08-23,136.464157
2022-08-24,137.146774
2022-08-25,139.260010
2022-08-26,134.771683
2022-08-29,133.986237
2022-08-30,132.574265
2022-08-31,131.620483
2022-09-01,131.732681
2022-09-02,130.778931
2022-09-06,130.414261
2022-09-07,133.275604
2022-09-08,134.425705
2022-09-09,136.277161
2022-09-12,137.548859
2022-09-13,132.106735
2022-09-14,132.097397
2022-09-15,131.050125
2022-09-16,129.740982
2022-09-19,130.708511
2022-09-20,128.604416
2022-09-21,126.472115
2022-09-22,124.659218
2022-09-23,122.564491
2022-09-26,120.789146
2022-09-27,120.404015
2022-09-28,123.203224
2022-09-29,120.873680
2022-09-30,119.558624
2022-10-03,122.893265
2022-10-04,127.129654
2022-10-05,126.631805
2022-10-06,125.222794
2022-10-07,122.254494
2022-10-10,121.427910
2022-10-11,120.883072
2022-10-12,120.253731
2022-10-13,123.146889
2022-10-14,120.422791
2022-10-17,123.043541
2022-10-18,124.865852
2022-10-19,123.391106
2022-10-20,122.019669
2022-10-21,124.809479
2022-10-24,126.199722
2022-10-25,128.623199
2022-10-26,128.876816
2022-10-27,128.998947
2022-10-28,131.676041
2022-10-31,131.093674
2022-11-01,131.413040
2022-11-02,128.209915
2022-11-03,127.561729
2022-11-04,129.543732
2022-11-07,130.576996
2022-11-08,131.356674
2022-11-09,128.998947
2022-11-10,135.912430
2022-11-11,137.218140
2022-11-14,135.724594
2022-11-15,137.002060
2022-11-16,135.546112
2022-11-17,134.757080
2022-11-18,135.762131
2022-11-21,135.705795
2022-11-22,137.509308
2022-11-23,138.082306
2022-11-25,138.551971
2022-11-28,136.081528
2022-11-29,136.513626
2022-11-30,139.791870
2022-12-01,139.989166
2022-12-02,139.904617
2022-12-05,137.199326
2022-12-06,135.696396
2022-12-07,135.470932
2022-12-08,136.344543
2022-12-09,135.292480
2022-12-12,137.283875
2022-12-13,138.242004
2022-12-14,137.424759
2022-12-15,134.409515
2022-12-16,132.784454
2022-12-19,131.697906
2022-12-20,131.829956
2022-12-21,133.867249
2022-12-22,132.414719
2022-12-23,133.263596
2022-12-27,133.348480
2022-12-28,131.433823
2022-12-29,133.772934
2022-12-30,133.225861
2023-01-03,133.103271
2023-01-04,135.178314
2023-01-05,133.772934
2023-01-06,136.979782
2023-01-09,137.036346
2023-01-10,138.064468
2023-01-11,139.743347
2023-01-12,140.271530
2023-01-13,140.601654
2023-01-17,140.290405
2023-01-18,138.130478
2023-01-19,136.706268
2023-01-20,139.083115
2023-01-23,140.846848
2023-01-24,140.516754
2023-01-25,140.837418
2023-01-26,141.969269
2023-01-27,142.233368
2023-01-30,140.724274
2023-01-31,143.110519
2023-02-01,144.572464
2023-02-02,146.157013
2023-02-03,144.364990
2023-02-06,143.346329
2023-02-07,144.685654
2023-02-08,143.261414
2023-02-09,141.950394
2023-02-10,142.384247
2023-02-13,143.978241
2023-02-14,143.704712
2023-02-15,144.383835
2023-02-16,142.752106
2023-02-17,142.450302
2023-02-21,139.356644
2023-02-22,139.186874
2023-02-23,139.705612
2023-02-24,138.507782
2023-02-27,138.677521
2023-02-28,138.271973
2023-03-01,138.017303
2023-03-02,139.101959
2023-03-03,141.054382
2023-03-06,140.375275
2023-03-07,138.111603
2023-03-08,138.403976
2023-03-09,135.348083
2023-03-10,132.490204
2023-03-13,130.867874
2023-03-14,132.707153
2023-03-15,130.849014
2023-03-16,132.424164
2023-03-17,130.188782
2023-03-20,131.877029
2023-03-21,133.640244
2023-03-22,130.635254
2023-03-23,130.199219
2023-03-24,131.308304
2023-03-27,132.180420
2023-03-28,132.445816
2023-03-29,134.436493
2023-03-30,135.100037
2023-03-31,137.090729
2023-04-03,137.204483
2023-04-04,135.829941
2023-04-05,135.545593
2023-04-06,135.640411
2023-04-10,136.465103
2023-04-11,137.356140
2023-04-12,136.692566
2023-04-13,137.744781
2023-04-14,137.119186
2023-04-17,138.048126
2023-04-18,138.057602
2023-04-19,138.095520
2023-04-20,137.337204
2023-04-21,137.375107
2023-04-24,137.631058
2023-04-25,135.289658
2023-04-26,133.877228
2023-04-27,136.076431
2023-04-28,137.583664
2023-05-01,137.460419
2023-05-02,135.403381
2023-05-03,134.616638
2023-05-04,133.336884
2023-05-05,135.583511
2023-05-08,135.337036
2023-05-09,134.834625
2023-05-10,134.815659
2023-05-11,134.142654
2023-05-12,134.152115
2023-05-15,134.910492
2023-05-16,133.005127
2023-05-17,134.692459
2023-05-18,135.782593
2023-05-19,135.422363
2023-05-22,135.630890
2023-05-23,134.180557
2023-05-24,132.720764
2023-05-25,132.635422
2023-05-26,133.744507
2023-05-30,133.507507
2023-05-31,132.341553
2023-06-01,133.336884
2023-06-02,136.247055
2023-06-05,135.782593
2023-06-06,136.702103
2023-06-07,137.706909
2023-06-08,137.763779
2023-06-09,137.602631
2023-06-12,138.512619
2023-06-13,139.849213
2023-06-14,139.583817
2023-06-15,141.195312
2023-06-16,141.081558
2023-06-20,139.798172
2023-06-21,139.598236
2023-06-22,139.027039
2023-06-23,137.827454
2023-06-26,138.665268
2023-06-27,140.359894
2023-06-28,140.121872
2023-06-29,141.216736
2023-06-30,142.463928
2023-07-03,142.816162
2023-07-05,142.206879
2023-07-06,141.045349
2023-07-07,141.397629
2023-07-10,142.663849
2023-07-11,144.272766
2023-07-12,144.939209
2023-07-13,145.624725
2023-07-14,144.767868
2023-07-17,145.043976
2023-07-18,145.938873
2023-07-19,146.662430
2023-07-20,146.510117
2023-07-21,146.719559
2023-07-24,147.128922
2023-07-25,147.233658
2023-07-26,147.566864
2023-07-27,146.272079
2023-07-28,146.995636
2023-07-31,147.452637
2023-08-01,146.852814
2023-08-02,145.453354
2023-08-03,144.729782
2023-08-04,144.082382
2023-08-07,145.301010
2023-08-08,144.577469
2023-08-09,144.158554
2023-08-10,143.987167
2023-08-11,144.015732
2023-08-14,143.987167
2023-08-15,142.092606
2023-08-16,141.054916
2023-08-17,139.969559
2023-08-18,140.217072
2023-08-21,140.188522
2023-08-22,139.636322
2023-08-23,140.797867
2023-08-24,139.445923
2023-08-25,140.150452
2023-08-28,141.197678
2023-08-29,142.787567
2023-08-30,143.235062
2023-08-31,142.730469
2023-09-01,143.320755
2023-09-05,141.549942
2023-09-06,141.064407
2023-09-07,140.502686
2023-09-08,140.569336
2023-09-11,140.797867
2023-09-12,140.616959
2023-09-13,140.055267
2023-09-14,141.692780
2023-09-15,140.502686
2023-09-18,140.166092
2023-09-19,139.936615
2023-09-20,139.296005
2023-09-21,136.982040
2023-09-22,136.437012
2023-09-25,136.781265
2023-09-26,134.859360
2023-09-27,134.907135
2023-09-28,135.844177
2023-09-29,135.480850
2023-10-02,133.950974
2023-10-03,132.344574
2023-10-04,133.099976
2023-10-05,132.717514
2023-10-06,133.864914
2023-10-09,134.821106
2023-10-10,135.853775
2023-10-11,136.140594
2023-10-12,134.438629
2023-10-13,134.142197
2023-10-16,135.815506
2023-10-17,136.484863
2023-10-18,134.323883
2023-10-19,132.660141
2023-10-20,131.005936
2023-10-23,130.174057
2023-10-24,131.005936
2023-10-25,129.562103
2023-10-26,129.294357
2023-10-27,127.802750
2023-10-30,128.806732
2023-10-31,129.877670
2023-11-01,130.317490
2023-11-02,133.205124
2023-11-03,135.385223
2023-11-06,134.677689
2023-11-07,134.390823
2023-11-08,134.170898
2023-11-09,133.033081
2023-11-10,134.591599
2023-11-13,134.419495
2023-11-14,138.253784
2023-11-15,138.903976
2023-11-16,138.444992
2023-11-17,139.114349
2023-11-20,139.668915
2023-11-21,139.410767
2023-11-22,140.060944
2023-11-24,140.472107
2023-11-27,140.185242
2023-11-28,140.051376
2023-11-29,140.605972
2023-11-30,141.801193
2023-12-01,143.933441
2023-12-04,144.000427
2023-12-05,142.719116
2023-12-06,142.766937
2023-12-07,143.522324
2023-12-08,143.971710
2023-12-11,145.252991
2023-12-12,145.511185
2023-12-13,148.599609
2023-12-14,150.626709
2023-12-15,149.555801
2023-12-18,149.622009
2023-12-19,150.879501
2023-12-20,148.383743
2023-12-21,150.207565
2023-12-22,150.716309
2023-12-26,151.580261
2023-12-27,151.724243
2023-12-28,152.060226
2023-12-29,151.474670
2024-01-02,151.522659
2024-01-03,149.286041
2024-01-04,149.036469
2024-01-05,149.468430
2024-01-08,151.071503
2024-01-09,150.303543
2024-01-10,150.562744
2024-01-11,150.130798
2024-01-12,149.794800
2024-01-16,148.844467
2024-01-17,147.673401
2024-01-18,148.431732
2024-01-19,149.574051
2024-01-22,150.361160
2024-01-23,150.437958
2024-01-24,149.660416
2024-01-25,151.167465
2024-01-26,151.186691
2024-01-29,152.108231
2024-01-30,152.137024
2024-01-31,150.188385
2024-02-01,151.935410
2024-02-02,151.801025
2024-02-05,150.495544
2024-02-06,151.445877
2024-02-07,152.040985
2024-02-08,152.376999
2024-02-09,152.559357
2024-02-12,153.596085
2024-02-13,151.042679
2024-02-14,152.424988
2024-02-15,154.315994
2024-02-16,153.615265
2024-02-20,153.260132
2024-02-21,153.567276
2024-02-22,155.093536
2024-02-23,155.506317
2024-02-26,154.882385
2024-02-27,155.563889
2024-02-28,155.621490
2024-02-29,156.264648
2024-03-01,157.358917
2024-03-04,157.646912
2024-03-05,156.926987
2024-03-06,157.819672
2024-03-07,159.057983
2024-03-08,158.875595
2024-03-11,159.077209
2024-03-12,159.489944
2024-03-13,159.566742
2024-03-14,158.136459
2024-03-15,157.829300
2024-03-18,158.263062
2024-03-19,159.207687
2024-03-20,160.566772
2024-03-21,161.665649
2024-03-22,160.624634
2024-03-25,160.277588
2024-03-26,160.123367
2024-03-27,162.687363
2024-03-28,163.256073
2024-04-01,162.292160
2024-04-02,160.894485
2024-04-03,161.068039
2024-04-04,159.429367
2024-04-05,160.383652
2024-04-08,160.875198
2024-04-09,161.511414
2024-04-10,158.764297
2024-04-11,158.648605
2024-04-12,156.132812
2024-04-15,154.783386
2024-04-16,153.925491
2024-04-17,153.607407
2024-04-18,153.462830
2024-04-19,154.041138
2024-04-22,155.217133
2024-04-23,156.595520
2024-04-24,156.817200
2024-04-25,156.489502
2024-04-26,156.566589
2024-04-29,157.655792
2024-04-30,155.380966
2024-05-01,154.850830
2024-05-02,155.805115
2024-05-03,156.913605
2024-05-06,158.118469
2024-05-07,158.561844
2024-05-08,158.523346
2024-05-09,159.853470
2024-05-10,160.113754
2024-05-13,160.075195
2024-05-14,160.711365
2024-05-15,161.993347
2024-05-16,161.733093
2024-05-17,161.974060
2024-05-20,161.839142
2024-05-21,161.771652
2024-05-22,161.154770
2024-05-23,158.899231
2024-05-24,159.949890
2024-05-28,158.841400
2024-05-29,156.981064
2024-05-30,157.703995
2024-05-31,159.795654
2024-06-03,158.947433
2024-06-04,158.465485
2024-06-05,159.429367
2024-06-06,159.120941
2024-06-07,158.619705
2024-06-10,159.043823
2024-06-11,158.388367
2024-06-12,159.236603
2024-06-13,158.783554
2024-06-14,157.771469
2024-06-17,158.918488
2024-06-18,159.313705
2024-06-20,159.410110
2024-06-21,159.612503
2024-06-24,160.379974
2024-06-25,159.276703
2024-06-26,158.676712
2024-06-27,158.870255
2024-06-28,158.986359
2024-07-01,157.699234
2024-07-02,158.405701
2024-07-03,158.473450
2024-07-05,158.405701
2024-07-08,158.715424
2024-07-09,158.444412
2024-07-10,159.750900
2024-07-11,161.676804
2024-07-12,163.099426
2024-07-15,163.283295
2024-07-16,166.176971
2024-07-17,165.499481
2024-07-18,164.076889
2024-07-19,162.973618
2024-07-22,164.260757
2024-07-23,163.680084
2024-07-24,161.763870
2024-07-25,161.957474
2024-07-26,164.270447
2024-07-29,164.493011
2024-07-30,165.286591
2024-07-31,166.070511
2024-08-01,164.222046
2024-08-02,161.396164
2024-08-05,157.583099
2024-08-06,159.199265
2024-08-07,158.076675
2024-08-08,160.941269
2024-08-09,161.279984
2024-08-12,160.505814
2024-08-13,162.334900
2024-08-14,162.673599
2024-08-15,164.880096
2024-08-16,165.276917
2024-08-19,166.535049
2024-08-20,165.876938
2024-08-21,167.038269
2024-08-22,166.564056
2024-08-23,168.683487
2024-08-26,168.654449
2024-08-27,168.731873
2024-08-28,168.267349
2024-08-29,168.896408
2024-08-30,170.202896
2024-09-03,168.015732
2024-09-04,167.773788
2024-09-05,166.747925
2024-09-06,164.957535
2024-09-09,166.554367
2024-09-10,166.651184
2024-09-11,166.728561
2024-09-12,167.764114
2024-09-13,169.370605
2024-09-16,170.599686
2024-09-17,170.851334
2024-09-18,170.531952
2024-09-19,172.351349
2024-09-20,171.722336
2024-09-23,172.601562
2024-09-24,172.854202
2024-09-25,171.785446
2024-09-26,173.223389
2024-09-27,173.845200
2024-09-30,174.068680
2024-10-01,173.145676
2024-10-02,172.961090
2024-10-03,172.144943
2024-10-04,173.495438
2024-10-07,172.144943
2024-10-08,172.553024
2024-10-09,173.738327
2024-10-10,173.087387
2024-10-11,174.787643
2024-10-14,176.070114
2024-10-15,175.273438
2024-10-16,176.458771
2024-10-17,176.177002
2024-10-18,176.701675
2024-10-21,175.195709
2024-10-22,174.408737
2024-10-23,173.835495
2024-10-24,173.874359
2024-10-25,173.048523
2024-10-28,174.029816
2024-10-29,173.505157
2024-10-30,173.126266
2024-10-31,171.280228
2024-11-01,171.387115
2024-11-04,171.591141
2024-11-05,173.592621
2024-11-06,177.702393
2024-11-07,177.877289
2024-11-08,178.868301
2024-11-11,179.762177
2024-11-12,178.392227
2024-11-13,178.489395
2024-11-14,177.061172
2024-11-15,175.798111
2024-11-18,176.507339
2024-11-19,176.031265
2024-11-20,176.623932
2024-11-21,178.848846
2024-11-22,180.257660
2024-11-25,181.889923
2024-11-26,181.909332
2024-11-27,181.734451
2024-11-29,182.288254
2024-12-02,181.831619
2024-12-03,181.025223
2024-12-04,181.034927
2024-12-05,180.131348
2024-12-06,179.927353
2024-12-09,179.188919
2024-12-10,178.091049
2024-12-11,178.256210
2024-12-12,177.605240
2024-12-13,176.983429
2024-12-16,176.400497
2024-12-17,175.011124
2024-12-18,169.832581
2024-12-19,169.269058
2024-12-20,171.639725
2024-12-23,171.873718
2024-12-24,173.170486
2024-12-26,173.453217
2024-12-27,172.273499
2024-12-30,170.537979
2024-12-31,170.849960
2025-01-02,170.352737
2025-01-03,171.912735
2025-01-06,171.795715
2025-01-07,171.220474
2025-01-08,171.425247
2025-01-10,168.919479
2025-01-13,170.303986
2025-01-14,171.678726
2025-01-15,173.326492
2025-01-16,174.691498
2025-01-17,175.539749
2025-01-21,177.577499
2025-01-22,176.953506
2025-01-23,177.792023
2025-01-24,177.635986
2025-01-27,177.753006
2025-01-28,176.875473
2025-01-29,176.290482
2025-01-30,178.172241
2025-01-31,176.709747
2025-02-03,175.744507
2025-02-04,175.959000
2025-02-05,176.817017
2025-02-06,176.582993
2025-02-07,175.715225
2025-02-10,176.212494
2025-02-11,176.231995
2025-02-12,175.208252
2025-02-13,176.729248
2025-02-14,176.553757
2025-02-18,177.908981
2025-02-19,178.269775
2025-02-20,177.821243
2025-02-21,175.325241
2025-02-24,175.471497
2025-02-25,175.647003
2025-02-26,175.276489
2025-02-27,173.745728
2025-02-28,175.676239
2025-03-03,173.804214
2025-03-04,170.996231
2025-03-05,172.585495
2025-03-06,170.674469
2025-03-07,172.273499
2025-03-10,169.845718
2025-03-11,167.583725
2025-03-12,166.793976
2025-03-13,165.194931
2025-03-14,168.344223
2025-03-17,170.615997
2025-03-18,169.728729
2025-03-19,170.986465
2025-03-20,170.274704
2025-03-21,169.494720
2025-03-24,172.121262
2025-03-25,171.709793
2025-03-26,171.386490
2025-03-27,170.945633
2025-03-28,168.310287
2025-03-31,169.711243
2025-04-01,169.887589
2025-04-02,171.308105
2025-04-03,163.147324
2025-04-04,153.987228
2025-04-07,152.703857
2025-04-08,149.823578
2025-04-09,161.805145
2025-04-10,156.358093
2025-04-11,158.728958
2025-04-14,160.756882
2025-04-15,160.237640
2025-04-16,158.180298
2025-04-17,159.355942
2025-04-21,156.152359
2025-04-22,160.002518
2025-04-23,161.550430
2025-04-24,164.283752
2025-04-25,164.048630
2025-04-28,164.509079
2025-04-29,165.469162
2025-04-30,165.704315
2025-05-01,165.478989
2025-05-02,168.398438
2025-05-05,167.840027
2025-05-06,166.595825
2025-05-07,167.693054
2025-05-08,169.103806
2025-05-09,169.064621
2025-05-12,173.698547
2025-05-13,174.090439
2025-05-14,173.042175
2025-05-15,174.619461
2025-05-16,176.333908
2025-05-19,176.314316
2025-05-20,175.853867
2025-05-21,172.023270
2025-05-22,171.474655
2025-05-23,170.788879
2025-05-27,173.972855
2025-05-28,172.493546
2025-05-29,172.914795
2025-05-30,172.846237
2025-06-02,172.983368
2025-06-03,174.423508
2025-06-04,174.031647
2025-06-05,173.561401
2025-06-06,175.060318
2025-06-09,175.089722
2025-06-10,175.961639
2025-06-11,175.461990
2025-06-12,175.873459
2025-06-13,173.747543
2025-06-16,175.422821
2025-06-17,173.737717
2025-06-18,173.757339
2025-06-20,174.041443
2025-06-23,175.577957
2025-06-24,177.240356
2025-06-25,175.961594
2025-06-26,177.289551
2025-06-27,177.938797
2025-06-30,178.774918
2025-07-01,180.870163
2025-07-02,181.283325
2025-07-03,182.158798
2025-07-07,180.702942
2025-07-08,181.155441
2025-07-09,181.696487
2025-07-10,182.749023
2025-07-11,181.411179
2025-07-14,181.598114
2025-07-15,179.079880
2025-07-16,179.778275
2025-07-17,181.243973
2025-07-18,181.175110
2025-07-21,180.555405
2025-07-22,182.857224
2025-07-23,184.372086
2025-07-24,183.781891
2025-07-25,184.667206
2025-07-28,183.575302
2025-07-29,183.486771
2025-07-30,182.296539
2025-07-31,180.634094
2025-08-01,178.597870
2025-08-04,180.781647
2025-08-05,180.279968
2025-08-06,179.876663
2025-08-07,179.768448
2025-08-08,180.093048
2025-08-11,179.601227
2025-08-12,181.883377
2025-08-13,184.480301
2025-08-14,183.280212
2025-08-15,182.827713
2025-08-18,182.788376
2025-08-19,183.644180
2025-08-20,183.476944
2025-08-21,182.837555
2025-08-22,186.398499
2025-08-25,184.972137
2025-08-26,185.100021
2025-08-27,185.768936
2025-08-28,185.680405
2025-08-29,185.542694
2025-09-02,184.076996
2025-09-03,183.791718
2025-09-04,185.149216
2025-09-05,185.365616
2025-09-08,185.218048
2025-09-09,184.647537
2025-09-10,184.460648
2025-09-11,187.224792
2025-09-12,185.877136
2025-09-15,185.552521
2025-09-16,185.060669
2025-09-17,185.237747
2025-09-18,186.447678
2025-09-19,186.123047
2025-09-22,186.211975
2025-09-23,186.439224
2025-09-24,186.004501
2025-09-25,184.473145
2025-09-26,186.300888
2025-09-29,186.923309
2025-09-30,187.417297
2025-10-01,187.842117
2025-10-02,188.286697
2025-10-03,188.948654
2025-10-06,188.889359
2025-10-07,188.059479
2025-10-08,188.672012
2025-10-09,187.111023
2025-10-10,182.892395
2025-10-13,184.670746
2025-10-14,186.202087
2025-10-15,186.577530
2025-10-16,184.809067
2025-10-17,185.747620
2025-10-20,187.604996
2025-10-21,188.464539
2025-10-22,187.555603
2025-10-23,188.444794
2025-10-24,188.958511
2025-10-27,189.798279
2025-10-28,188.168152
2025-10-29,186.063782
2025-10-30,185.263535
2025-10-31,185.668594
2025-11-03,185.214127
2025-11-04,183.989044
2025-11-05,185.065933
2025-11-06,183.761826
2025-11-07,185.303055
2025-11-10,186.370056
2025-11-11,187.446930
2025-11-12,187.891495
2025-11-13,185.767395
2025-11-14,185.085693
2025-11-17,182.655289
2025-11-18,182.763977
2025-11-19,182.210709
2025-11-20,179.987778
2025-11-21,183.524704
2025-11-24,184.285431
2025-11-25,186.903549
2025-11-26,188.207657
2025-11-28,189.225281
2025-12-01,187.931030
2025-12-02,187.753189
2025-12-03,189.185760
2025-12-04,189.245041
2025-12-05,189.689621
2025-12-08,188.553467
2025-12-09,188.197784
2025-12-10,190.845520
2025-12-11,192.386765
2025-12-12,191.082672
2025-12-15,191.319763
2025-12-16,189.976120
2025-12-17,189.462387
2025-12-18,189.867432
2025-12-19,190.559036
2025-12-22,191.971481
2025-12-23,191.525131
2025-12-24,192.219452
2025-12-26,192.269058
2025-12-29,191.951660
2025-12-30,191.644165
2025-12-31,190.007523
2026-01-02,191.297012
2026-01-05,193.072479
2026-01-06,195.403442
2026-01-07,193.211349
2026-01-08,194.867828
2026-01-09,195.998581
2026-01-12,196.177124
2026-01-13,196.177124
2026-01-14,197.069824
2026-01-15,197.942703
2026-01-16,197.436844
2026-01-20,194.490891
2026-01-21,197.783997
2026-01-22,198.041885
2026-01-23,197.159103
2026-01-26,197.625305
2026-01-27,197.317795
2026-01-28,196.653229
2026-01-29,196.911133
2026-01-30,196.474701
2026-02-02,197.486435
2026-02-03,196.960739
2026-02-04,198.676712
2026-02-05,196.950790
2026-02-06,200.620819
2026-02-09,200.739853
2026-02-10,201.454025
2026-02-11,201.811111
2026-02-12,199.162735
2026-02-13,201.225876
2026-02-17,200.878708
2026-02-18,201.920212
2026-02-19,201.493683
2026-02-20,202.435974
2026-02-23,200.214157
2026-02-24,201.811111
2026-02-25,201.930115
2026-02-26,203.070786
2026-02-27,203.308853
2026-03-02,202.931931
2026-03-03,200.442276
2026-03-04,201.245712
2026-03-05,198.914749
2026-03-06,196.544113
2026-03-09,197.099609
2026-03-10,195.621658
2026-03-11,194.976944
2026-03-12,191.961563
2026-03-13,191.951660
2026-03-16,193.379990
2026-03-17,194.461151
2026-03-18,191.902054
2026-03-19,191.753281
2026-03-20,188.936279
2026-03-23,190.950485
2026-03-24,191.179596
2026-03-25,192.106018
2026-03-26,190.342850
2026-03-27,187.732956
2026-03-30,187.344467
2026-03-31,191.179596
2026-04-01,191.797195
2026-04-02,192.345078
2026-04-06,193.171890
2026-04-07,192.743546
2026-04-08,197.196304
2026-04-09,197.315842
2026-04-10,195.891342
2026-04-13,198.062943
2026-04-14,198.889740
2026-04-15,198.959473
2026-04-16,199.865967
2026-04-17,202.376236
2026-04-20,203.013779
2026-04-21,201.768600
2026-04-22,201.678940
2026-04-23,201.668976
2026-04-24,201.250595
2026-04-27,201.011520
2026-04-28,199.985489
2026-04-29,199.636856
2026-04-30,202.655167
2026-05-01,202.037552
2026-05-04,200.862106
2026-05-05,202.455933
2026-05-06,204.059723
2026-05-07,202.754761
2026-05-08,203.312622
2026-05-11,203.203049
2026-05-12,203.023727
2026-05-13,202.137161
2026-05-14,202.874313
2026-05-15,200.782410
2026-05-18,202.017624
2026-05-19,200.842178
2026-05-20,203.043655
2026-05-21,203.920273
2026-05-22,205.783051
2026-05-26,206.838959
2026-05-27,206.689545
2026-05-28,207.446609
2026-05-29,208.024368
2026-06-01,208.402908
2026-06-02,209.229691
2026-06-03,208.442749
2026-06-04,210.016647
2026-06-05,207.028229
2026-06-08,206.809067
2026-06-09,208.382980
2026-06-10,205.733231
2026-06-11,208.940811
2026-06-12,210.833481
2026-06-15,212.058746
2026-06-16,211.351471
2026-06-17,208.183746
2026-06-18,209.150009
2026-06-22,209.610001
2026-06-23,208.889999
2026-06-24,210.380005
2026-06-25,211.750000
2026-06-26,210.309998
2026-06-29,213.050003
2026-06-30,212.770004
2026-07-01,213.410004
2026-07-02,214.910004
2026-07-06,215.000000
2026-07-07,214.729996
2026-07-08,212.199997
2026-07-09,213.500000
2026-07-10,214.300003
2026-07-13,214.229996
2026-07-14,213.449997
2026-07-15,212.970001
2026-07-16,215.059998
2026-07-17,213.369995
2026-07-20,212.480896
2026-07-21,212.759995
2026-07-22,212.699997
2026-07-23,211.919998
2026-07-24,213.570007
2026-07-27,215.179993
2026-07-28,217.690002
2026-07-29,215.729996
2026-07-30,215.380005
2026-07-31,215.009995
2026-08-03,217.110001
2026-08-04,220.229996
2026-08-05,219.729996
2026-08-06,218.580002
2026-08-07,220.089996
2026-08-10,220.220001
2026-08-11,220.690002
2026-08-12,221.080002
2026-08-13,222.729996
2026-08-14,222.770004
2026-08-17,220.789993
2026-08-18,219.789993
2026-08-19,222.070007
2026-08-20,220.279999
2026-08-21,221.669998
2026-08-24,221.929993
2026-08-25,221.770004
2026-08-26,222.110001
2026-08-27,221.804993
2026-08-28,220.380005
2026-08-31,219.389999
