date,value
1993-01-29,24.113264
1993-02-01,24.284773
1993-02-02,24.336214
1993-02-03,24.593470
1993-02-04,24.696362
1993-02-05,24.679226
1993-02-08,24.679226
1993-02-09,24.507721
1993-02-10,24.542013
1993-02-11,24.662064
1993-02-12,24.473419
1993-02-16,23.856003
1993-02-17,23.838863
1993-02-18,23.821705
1993-02-19,23.907450
1993-02-22,23.993216
1993-02-23,23.976048
1993-02-24,24.284773
1993-02-25,24.336214
1993-02-26,24.370527
1993-03-01,24.301914
1993-03-02,24.662064
1993-03-03,24.764961
1993-03-04,24.627762
1993-03-05,24.559155
1993-03-08,25.107977
1993-03-09,25.022223
1993-03-10,25.073669
1993-03-11,25.005074
1993-03-12,24.747824
1993-03-15,24.867876
1993-03-16,24.867876
1993-03-17,24.713507
1993-03-18,24.867876
1993-03-19,24.830225
1993-03-22,24.692387
1993-03-23,24.744078
1993-03-24,24.744078
1993-03-25,24.899155
1993-03-26,24.761316
1993-03-29,24.864708
1993-03-30,24.933632
1993-03-31,24.916395
1993-04-01,24.830225
1993-04-02,24.313309
1993-04-05,24.433910
1993-04-06,24.364994
1993-04-07,24.451151
1993-04-08,24.416693
1993-04-12,24.761316
1993-04-13,24.812998
1993-04-14,24.778542
1993-04-15,24.778542
1993-04-16,24.778542
1993-04-19,24.675144
1993-04-20,24.554543
1993-04-21,24.537319
1993-04-22,24.227150
1993-04-23,24.123741
1993-04-26,23.934212
1993-04-27,24.192682
1993-04-28,24.140991
1993-04-29,24.244381
1993-04-30,24.278837
1993-05-03,24.433910
1993-05-04,24.520073
1993-05-05,24.589006
1993-05-06,24.502838
1993-05-07,24.451151
1993-05-10,24.502838
1993-05-11,24.606245
1993-05-12,24.571768
1993-05-13,24.278837
1993-05-14,24.261608
1993-05-17,24.347767
1993-05-18,24.330534
1993-05-19,24.830225
1993-05-20,24.899155
1993-05-21,24.675144
1993-05-24,24.778542
1993-05-25,24.830225
1993-05-26,25.140398
1993-05-27,25.054255
1993-05-28,24.933632
1993-06-01,25.174864
1993-06-02,25.140398
1993-06-03,25.054255
1993-06-04,24.968081
1993-06-07,24.881926
1993-06-08,24.657921
1993-06-09,24.744078
1993-06-10,24.761316
1993-06-11,24.864708
1993-06-14,24.830225
1993-06-15,24.778542
1993-06-16,24.830225
1993-06-17,24.916395
1993-06-18,24.711218
1993-06-21,24.763275
1993-06-22,24.780632
1993-06-23,24.555031
1993-06-24,24.884739
1993-06-25,24.867390
1993-06-28,25.145033
1993-06-29,25.023565
1993-06-30,25.023565
1993-07-01,24.954153
1993-07-02,24.815334
1993-07-06,24.555031
1993-07-07,24.624447
1993-07-08,24.902082
1993-07-09,24.971519
1993-07-12,24.954153
1993-07-13,24.936804
1993-07-14,25.023565
1993-07-15,24.919439
1993-07-16,24.850023
1993-07-19,24.832672
1993-07-20,24.902082
1993-07-21,24.884739
1993-07-22,24.711218
1993-07-23,24.832672
1993-07-26,24.971519
1993-07-27,24.954153
1993-07-28,24.902082
1993-07-29,25.040924
1993-07-30,24.902082
1993-08-02,24.971519
1993-08-03,24.988852
1993-08-04,24.988852
1993-08-05,24.936804
1993-08-06,24.971519
1993-08-09,25.110342
1993-08-10,25.092979
1993-08-11,25.092979
1993-08-12,25.023565
1993-08-13,25.058264
1993-08-16,25.197104
1993-08-17,25.283867
1993-08-18,25.422699
1993-08-19,25.422699
1993-08-20,25.440044
1993-08-23,25.388000
1993-08-24,25.665644
1993-08-25,25.683001
1993-08-26,25.700354
1993-08-27,25.683001
1993-08-30,25.787111
1993-08-31,25.856537
1993-09-01,25.821814
1993-09-02,25.735058
1993-09-03,25.752413
1993-09-07,25.578867
1993-09-08,25.492123
1993-09-09,25.544161
1993-09-10,25.769766
1993-09-13,25.787111
1993-09-14,25.683001
1993-09-15,25.752413
1993-09-16,25.648287
1993-09-17,25.598557
1993-09-20,25.389036
1993-09-21,25.301706
1993-09-22,25.511250
1993-09-23,25.650955
1993-09-24,25.581100
1993-09-27,25.860487
1993-09-28,25.808094
1993-09-29,25.720787
1993-09-30,25.668417
1993-10-01,25.790642
1993-10-04,25.825558
1993-10-05,25.790642
1993-10-06,25.773178
1993-10-07,25.703320
1993-10-08,25.738241
1993-10-11,25.790642
1993-10-12,25.825558
1993-10-13,25.825558
1993-10-14,26.157320
1993-10-15,26.297033
1993-10-18,26.227173
1993-10-19,26.035110
1993-10-20,26.070021
1993-10-21,26.035110
1993-10-22,25.912870
1993-10-25,25.982702
1993-10-26,25.965252
1993-10-27,25.982702
1993-10-28,26.174801
1993-10-29,26.174801
1993-11-01,26.244644
1993-11-02,26.227173
1993-11-03,25.895405
1993-11-04,25.616030
1993-11-05,25.738241
1993-11-08,25.773178
1993-11-09,25.790642
1993-11-10,25.982702
1993-11-11,25.912870
1993-11-12,26.035110
1993-11-15,26.017641
1993-11-16,26.139862
1993-11-17,26.000174
1993-11-18,25.930330
1993-11-19,25.877951
1993-11-22,25.720787
1993-11-23,25.860487
1993-11-24,25.965252
1993-11-26,25.982702
1993-11-29,25.877951
1993-11-30,25.895405
1993-12-01,25.930330
1993-12-02,26.000174
1993-12-03,26.104956
1993-12-06,26.192245
1993-12-07,26.174801
1993-12-08,26.174801
1993-12-09,26.087477
1993-12-10,26.035110
1993-12-13,26.192245
1993-12-14,26.000174
1993-12-15,25.965252
1993-12-16,26.052555
1993-12-17,26.195742
1993-12-20,26.230898
1993-12-21,26.142996
1993-12-22,26.318802
1993-12-23,26.301212
1993-12-27,26.441895
1993-12-28,26.494617
1993-12-29,26.459448
1993-12-30,26.353975
1993-12-31,26.213337
1994-01-03,26.142996
1994-01-04,26.248484
1994-01-05,26.301212
1994-01-06,26.301212
1994-01-07,26.459448
1994-01-10,26.775915
1994-01-11,26.723169
1994-01-12,26.635265
1994-01-13,26.564949
1994-01-14,26.670431
1994-01-17,26.670431
1994-01-18,26.705589
1994-01-19,26.635265
1994-01-20,26.705589
1994-01-21,26.652843
1994-01-24,26.547361
1994-01-25,26.547361
1994-01-26,26.617685
1994-01-27,26.863819
1994-01-28,26.934137
1994-01-31,27.127525
1994-02-01,26.986891
1994-02-02,27.162691
1994-02-03,27.039631
1994-02-04,26.424303
1994-02-07,26.547361
1994-02-08,26.564949
1994-02-09,26.670431
1994-02-10,26.441895
1994-02-11,26.529772
1994-02-14,26.564949
1994-02-15,26.705589
1994-02-16,26.688011
1994-02-17,26.529772
1994-02-18,26.371542
1994-02-22,26.635265
1994-02-23,26.564949
1994-02-24,26.213337
1994-02-25,26.336384
1994-02-28,26.336384
1994-03-01,26.230898
1994-03-02,26.266056
1994-03-03,26.195742
1994-03-04,26.266056
1994-03-07,26.406713
1994-03-08,26.301212
1994-03-09,26.424303
1994-03-10,26.213337
1994-03-11,26.353975
1994-03-14,26.389128
1994-03-15,26.371542
1994-03-16,26.582527
1994-03-17,26.582527
1994-03-18,26.576733
1994-03-21,26.506002
1994-03-22,26.576733
1994-03-23,26.559040
1994-03-24,26.240757
1994-03-25,25.993208
1994-03-28,26.028561
1994-03-29,25.515774
1994-03-30,25.162123
1994-03-31,25.232864
1994-04-04,24.843847
1994-04-05,25.356630
1994-04-06,25.356630
1994-04-07,25.480400
1994-04-08,25.285912
1994-04-11,25.391989
1994-04-12,25.356630
1994-04-13,25.224018
1994-04-14,25.232864
1994-04-15,25.232864
1994-04-18,25.064873
1994-04-19,25.100229
1994-04-20,25.073706
1994-04-21,25.409681
1994-04-22,25.383160
1994-04-25,25.648396
1994-04-26,25.621862
1994-04-28,25.436214
1994-04-29,25.515774
1994-05-02,25.674921
1994-05-03,25.648396
1994-05-04,25.604187
1994-05-05,25.568819
1994-05-06,25.321259
1994-05-09,25.100229
1994-05-10,25.294739
1994-05-11,25.064873
1994-05-12,25.188656
1994-05-13,25.188656
1994-05-16,25.197498
1994-05-17,25.568819
1994-05-18,25.754492
1994-05-19,25.878256
1994-05-20,25.781013
1994-05-23,25.736814
1994-05-24,25.842897
1994-05-25,25.913628
1994-05-26,25.931303
1994-05-27,25.957827
1994-05-31,25.922466
1994-06-01,26.037413
1994-06-02,26.010881
1994-06-03,26.161192
1994-06-06,26.152346
1994-06-07,26.116983
1994-06-08,25.904789
1994-06-09,26.046244
1994-06-10,26.090448
1994-06-13,26.125813
1994-06-14,26.329165
1994-06-15,26.223076
1994-06-16,26.276114
1994-06-17,26.129450
1994-06-20,25.906971
1994-06-21,25.684467
1994-06-22,25.782364
1994-06-23,25.631065
1994-06-24,25.097084
1994-06-27,25.533171
1994-06-28,25.408590
1994-06-29,25.488659
1994-06-30,25.328489
1994-07-01,25.381886
1994-07-05,25.515371
1994-07-06,25.479782
1994-07-07,25.586578
1994-07-08,25.577673
1994-07-11,25.488659
1994-07-12,25.524275
1994-07-13,25.568775
1994-07-14,25.844666
1994-07-15,25.853552
1994-07-18,25.898062
1994-07-19,25.844666
1994-07-20,25.728952
1994-07-21,25.782364
1994-07-22,25.826874
1994-07-25,25.862452
1994-07-26,25.835764
1994-07-27,25.835764
1994-07-28,25.889149
1994-07-29,26.147259
1994-08-01,26.271852
1994-08-02,26.307444
1994-08-03,26.316347
1994-08-04,26.165056
1994-08-05,26.076054
1994-08-08,26.138355
1994-08-09,26.182856
1994-08-10,26.280752
1994-08-11,26.182856
1994-08-12,26.387539
1994-08-15,26.378649
1994-08-16,26.565536
1994-08-17,26.547743
1994-08-18,26.458738
1994-08-19,26.440943
1994-08-22,26.414251
1994-08-23,26.565536
1994-08-24,26.850325
1994-08-25,26.779129
1994-08-26,27.161808
1994-08-29,27.144020
1994-08-30,27.215223
1994-08-31,27.144020
1994-09-01,27.055012
1994-09-02,26.939323
1994-09-06,26.948231
1994-09-07,26.921522
1994-09-08,27.055012
1994-09-09,26.770243
1994-09-12,26.690136
1994-09-13,26.770243
1994-09-14,26.796946
1994-09-15,27.135122
1994-09-16,26.941998
1994-09-19,26.968868
1994-09-20,26.458504
1994-09-21,26.458504
1994-09-22,26.395817
1994-09-23,26.306293
1994-09-26,26.440584
1994-09-27,26.422676
1994-09-28,26.628620
1994-09-29,26.494310
1994-09-30,26.458504
1994-10-03,26.395817
1994-10-04,26.001848
1994-10-05,26.010798
1994-10-06,25.930220
1994-10-07,26.046619
1994-10-10,26.324192
1994-10-11,26.718161
1994-10-12,26.753967
1994-10-13,26.843506
1994-10-14,26.959919
1994-10-17,26.906202
1994-10-18,26.843506
1994-10-19,26.968868
1994-10-20,26.789780
1994-10-21,26.682344
1994-10-24,26.458504
1994-10-25,26.485355
1994-10-26,26.583857
1994-10-27,26.745014
1994-10-28,27.309107
1994-10-31,27.210613
1994-11-01,26.906202
1994-11-02,26.753967
1994-11-03,26.897230
1994-11-04,26.548027
1994-11-07,26.628620
1994-11-08,26.834558
1994-11-09,26.879330
1994-11-10,26.691296
1994-11-11,26.592804
1994-11-14,26.843506
1994-11-15,26.753967
1994-11-16,26.843506
1994-11-17,26.664433
1994-11-18,26.628620
1994-11-21,26.359999
1994-11-22,25.786955
1994-11-23,25.930220
1994-11-25,26.055576
1994-11-28,26.171984
1994-11-29,26.163010
1994-11-30,26.127205
1994-12-01,25.867542
1994-12-02,26.109310
1994-12-05,26.136158
1994-12-06,26.154060
1994-12-07,25.966034
1994-12-08,25.715326
1994-12-09,25.813828
1994-12-12,25.983952
1994-12-13,26.082436
1994-12-14,26.216753
1994-12-15,26.297338
1994-12-16,26.425781
1994-12-19,26.461855
1994-12-20,26.380665
1994-12-21,26.660418
1994-12-22,26.579206
1994-12-23,26.606281
1994-12-27,26.750685
1994-12-28,26.615286
1994-12-29,26.633356
1994-12-30,26.317465
1995-01-03,26.443830
1995-01-04,26.570179
1995-01-05,26.570179
1995-01-06,26.597258
1995-01-09,26.624311
1995-01-10,26.651405
1995-01-11,26.669460
1995-01-12,26.678478
1995-01-13,26.994366
1995-01-16,27.156809
1995-01-17,27.165840
1995-01-18,27.138771
1995-01-19,26.985348
1995-01-20,26.886053
1995-01-23,26.967285
1995-01-24,27.003380
1995-01-25,27.075575
1995-01-26,27.102652
1995-01-27,27.210966
1995-01-30,27.093641
1995-01-31,27.201937
1995-02-01,27.192911
1995-02-02,27.355366
1995-02-03,27.743458
1995-02-06,27.860769
1995-02-07,27.896885
1995-02-08,27.896885
1995-02-09,27.896885
1995-02-10,27.932983
1995-02-13,27.942011
1995-02-14,27.978113
1995-02-15,28.131527
1995-02-16,28.095432
1995-02-17,27.987110
1995-02-21,27.978113
1995-02-22,28.185684
1995-02-23,28.230799
1995-02-24,28.303020
1995-02-27,28.077381
1995-02-28,28.312035
1995-03-01,28.131527
1995-03-02,28.167645
1995-03-03,28.176668
1995-03-06,28.194719
1995-03-07,27.978113
1995-03-08,28.050318
1995-03-09,28.041279
1995-03-10,28.456434
1995-03-13,28.429375
1995-03-14,28.636944
1995-03-15,28.582788
1995-03-16,28.754282
1995-03-17,28.782858
1995-03-20,28.782858
1995-03-21,28.710278
1995-03-22,28.737503
1995-03-23,28.755636
1995-03-24,29.163988
1995-03-27,29.281946
1995-03-28,29.281946
1995-03-29,29.272882
1995-03-30,29.218433
1995-03-31,29.100479
1995-04-03,29.173073
1995-04-04,29.363613
1995-04-05,29.363613
1995-04-06,29.472492
1995-04-07,29.445282
1995-04-10,29.499727
1995-04-11,29.399900
1995-04-12,29.499727
1995-04-13,29.663078
1995-04-17,29.490665
1995-04-18,29.390837
1995-04-19,29.363613
1995-04-20,29.408974
1995-04-21,29.554159
1995-04-24,29.898981
1995-04-25,29.817314
1995-04-26,29.844545
1995-04-27,29.917122
1995-04-28,29.962500
1995-05-01,29.880836
1995-05-02,29.944357
1995-05-03,30.361748
1995-05-04,30.343622
1995-05-05,30.307322
1995-05-08,30.525089
1995-05-09,30.497862
1995-05-10,30.534161
1995-05-11,30.615831
1995-05-12,30.633970
1995-05-15,30.779173
1995-05-16,30.797306
1995-05-17,30.679350
1995-05-18,30.234724
1995-05-19,30.252872
1995-05-22,30.588610
1995-05-23,30.869917
1995-05-24,30.851761
1995-05-25,30.878988
1995-05-26,30.525089
1995-05-30,30.516037
1995-05-31,31.151199
1995-06-01,31.069534
1995-06-02,31.096756
1995-06-05,31.287319
1995-06-06,31.232876
1995-06-07,31.069534
1995-06-08,30.996920
1995-06-09,30.815479
1995-06-12,30.987865
1995-06-13,31.323597
1995-06-14,31.296381
1995-06-15,31.432499
1995-06-16,31.525822
1995-06-19,31.881792
1995-06-20,31.799658
1995-06-21,31.781378
1995-06-22,32.201244
1995-06-23,32.137348
1995-06-26,31.753996
1995-06-27,31.690105
1995-06-28,31.854406
1995-06-29,31.799658
1995-06-30,31.781378
1995-07-03,31.900026
1995-07-05,32.018677
1995-07-06,32.429417
1995-07-07,32.575455
1995-07-10,32.593693
1995-07-11,32.438545
1995-07-12,32.840160
1995-07-13,32.767132
1995-07-14,32.739754
1995-07-17,32.922310
1995-07-18,32.639343
1995-07-19,32.283398
1995-07-20,32.402039
1995-07-21,32.365532
1995-07-24,32.602821
1995-07-25,32.849270
1995-07-26,32.821884
1995-07-27,33.095718
1995-07-28,32.885780
1995-07-31,32.803658
1995-08-01,32.748878
1995-08-02,32.675877
1995-08-03,32.666744
1995-08-04,32.703251
1995-08-07,32.776268
1995-08-08,32.776268
1995-08-09,32.767132
1995-08-10,32.694107
1995-08-11,32.511559
1995-08-14,32.803658
1995-08-15,32.739754
1995-08-16,32.831020
1995-08-17,32.776268
1995-08-18,32.812767
1995-08-21,32.721493
1995-08-22,32.785385
1995-08-23,32.666744
1995-08-24,32.703251
1995-08-25,32.885780
1995-08-28,32.767132
1995-08-29,32.849270
1995-08-30,32.922310
1995-08-31,32.949669
1995-09-01,33.095718
1995-09-05,33.406048
1995-09-06,33.469933
1995-09-07,33.488205
1995-09-08,33.615997
1995-09-11,33.707249
1995-09-12,33.862408
1995-09-13,34.017570
1995-09-14,34.327923
1995-09-15,34.318451
1995-09-18,34.189964
1995-09-19,34.355141
1995-09-20,34.520325
1995-09-21,34.235851
1995-09-22,34.245029
1995-09-25,34.189964
1995-09-26,34.180817
1995-09-27,34.153278
1995-09-28,34.410202
1995-09-29,34.345970
1995-10-02,34.171619
1995-10-03,34.208328
1995-10-04,34.171619
1995-10-05,34.272564
1995-10-06,34.300091
1995-10-09,34.015625
1995-10-10,33.997272
1995-10-11,34.107399
1995-10-12,34.318451
1995-10-13,34.428558
1995-10-16,34.263374
1995-10-17,34.492786
1995-10-18,34.593719
1995-10-19,34.758884
1995-10-20,34.547852
1995-10-23,34.474426
1995-10-24,34.511135
1995-10-25,34.226677
1995-10-26,33.914692
1995-10-27,34.171619
1995-10-30,34.391850
1995-10-31,34.245029
1995-11-01,34.520325
1995-11-02,34.740536
1995-11-03,34.786419
1995-11-06,34.667122
1995-11-07,34.538666
1995-11-08,34.850643
1995-11-09,34.979115
1995-11-10,34.960758
1995-11-13,34.924046
1995-11-14,34.694660
1995-11-15,35.043343
1995-11-16,35.236034
1995-11-17,35.346142
1995-11-20,35.162624
1995-11-21,35.447090
1995-11-22,35.336975
1995-11-24,35.428738
1995-11-27,35.437935
1995-11-28,35.814121
1995-11-29,35.850849
1995-11-30,35.768242
1995-12-01,35.814121
1995-12-04,36.254581
1995-12-05,36.493172
1995-12-06,36.575733
1995-12-07,36.383038
1995-12-08,36.502338
1995-12-11,36.658337
1995-12-12,36.548218
1995-12-13,36.777611
1995-12-14,36.511501
1995-12-15,36.524879
1995-12-18,35.823196
1995-12-19,36.201725
1995-12-20,35.850895
1995-12-21,36.035557
1995-12-22,36.164795
1995-12-26,36.340237
1995-12-27,36.321774
1995-12-28,36.284840
1995-12-29,36.331024
1996-01-02,36.718792
1996-01-03,36.820332
1996-01-04,36.469471
1996-01-05,36.395634
1996-01-08,36.534115
1996-01-09,35.906288
1996-01-10,35.435417
1996-01-11,35.647778
1996-01-12,35.592369
1996-01-15,35.518517
1996-01-16,35.952454
1996-01-17,35.841660
1996-01-18,35.961689
1996-01-19,36.201725
1996-01-22,36.210972
1996-01-23,36.294056
1996-01-24,36.589508
1996-01-25,36.460262
1996-01-26,36.774162
1996-01-29,36.921890
1996-01-30,37.235821
1996-01-31,37.623585
1996-02-01,37.762081
1996-02-02,37.605106
1996-02-05,37.909805
1996-02-06,38.269863
1996-02-07,38.491459
1996-02-08,38.906925
1996-02-09,38.897717
1996-02-12,39.193157
1996-02-13,39.110065
1996-02-14,38.768448
1996-02-15,38.528412
1996-02-16,38.371441
1996-02-20,37.992901
1996-02-21,38.463764
1996-02-22,39.073128
1996-02-23,38.962330
1996-02-26,38.408386
1996-02-27,38.288338
1996-02-28,38.112942
1996-02-29,37.743603
1996-03-01,38.343742
1996-03-04,38.565338
1996-03-05,38.925411
1996-03-06,38.583797
1996-03-07,38.777691
1996-03-08,37.522022
1996-03-11,37.955963
1996-03-12,37.660522
1996-03-13,37.919025
1996-03-14,38.085220
1996-03-15,38.059631
1996-03-18,38.792255
1996-03-19,38.708790
1996-03-20,38.662430
1996-03-21,38.569683
1996-03-22,38.671703
1996-03-25,38.597500
1996-03-26,38.782982
1996-03-27,38.430595
1996-03-28,38.578949
1996-03-29,38.393490
1996-04-01,38.838612
1996-04-02,38.912815
1996-04-03,38.912815
1996-04-04,38.885006
1996-04-08,38.217278
1996-04-09,38.068890
1996-04-10,37.391937
1996-04-11,37.345535
1996-04-12,37.818516
1996-04-15,38.133812
1996-04-16,38.245110
1996-04-17,38.152382
1996-04-18,38.208008
1996-04-19,38.300751
1996-04-22,38.597500
1996-04-23,38.718075
1996-04-24,38.578949
1996-04-25,38.755169
1996-04-26,38.838612
1996-04-29,38.838612
1996-04-30,38.810802
1996-05-01,38.894276
1996-05-02,38.226582
1996-05-03,38.170914
1996-05-06,38.133812
1996-05-07,37.976151
1996-05-08,38.449127
1996-05-09,38.421299
1996-05-10,38.801540
1996-05-13,39.385792
1996-05-14,39.626892
1996-05-15,39.580532
1996-05-16,39.663990
1996-05-17,39.877308
1996-05-20,40.146225
1996-05-21,40.090580
1996-05-22,40.470825
1996-05-23,40.303898
1996-05-24,40.461544
1996-05-28,40.053478
1996-05-29,39.784557
1996-05-30,39.988575
1996-05-31,39.691811
1996-06-03,39.803112
1996-06-04,40.081322
1996-06-05,40.433731
1996-06-06,40.136940
1996-06-07,40.136940
1996-06-10,40.007133
1996-06-11,39.970043
1996-06-12,39.895840
1996-06-13,39.895840
1996-06-14,39.728893
1996-06-17,39.701084
1996-06-18,39.376503
1996-06-19,39.552719
1996-06-20,39.524887
1996-06-21,39.864838
1996-06-24,39.939411
1996-06-25,39.892803
1996-06-26,39.622452
1996-06-27,39.902119
1996-06-28,40.042011
1996-07-01,40.386913
1996-07-02,40.237762
1996-07-03,40.153854
1996-07-05,39.128323
1996-07-08,38.969837
1996-07-09,39.128323
1996-07-10,39.286800
1996-07-11,38.494370
1996-07-12,38.522350
1996-07-15,37.384937
1996-07-16,37.478176
1996-07-17,37.925667
1996-07-18,38.447750
1996-07-19,38.168064
1996-07-22,37.888378
1996-07-23,37.403580
1996-07-24,37.478176
1996-07-25,37.813808
1996-07-26,38.018894
1996-07-29,37.599384
1996-07-30,37.962959
1996-07-31,38.242645
1996-08-01,38.876614
1996-08-02,39.715664
1996-08-05,39.482586
1996-08-06,39.603790
1996-08-07,39.706352
1996-08-08,39.641090
1996-08-09,39.510563
1996-08-12,39.799576
1996-08-13,39.482586
1996-08-14,39.622452
1996-08-15,39.547863
1996-08-16,39.883492
1996-08-19,39.902119
1996-08-20,39.874149
1996-08-21,39.734314
1996-08-22,40.107239
1996-08-23,39.892803
1996-08-26,39.697033
1996-08-27,39.846180
1996-08-28,39.780952
1996-08-29,39.389378
1996-08-30,38.979149
1996-09-03,39.230873
1996-09-04,39.268169
1996-09-05,38.792709
1996-09-06,39.342762
1996-09-09,39.808895
1996-09-10,39.790272
1996-09-11,40.013988
1996-09-12,40.293701
1996-09-13,40.909000
1996-09-16,41.058167
1996-09-17,40.964939
1996-09-18,40.862400
1996-09-19,41.020901
1996-09-20,41.166412
1996-09-23,41.157028
1996-09-24,41.147655
1996-09-25,41.175770
1996-09-26,41.157028
1996-09-27,41.194504
1996-09-30,41.157028
1996-10-01,41.381912
1996-10-02,41.663033
1996-10-03,41.625568
1996-10-04,42.187813
1996-10-07,42.234692
1996-10-08,42.066032
1996-10-09,41.738010
1996-10-10,41.653687
1996-10-11,42.169106
1996-10-14,42.225311
1996-10-15,42.169106
1996-10-16,42.375244
1996-10-17,42.487690
1996-10-18,42.712589
1996-10-21,42.656384
1996-10-22,42.356491
1996-10-23,42.497063
1996-10-24,42.131599
1996-10-25,42.169106
1996-10-28,41.887962
1996-10-29,42.225311
1996-10-30,42.084751
1996-10-31,42.487690
1996-11-01,42.337765
1996-11-04,42.618889
1996-11-05,42.862537
1996-11-06,43.687176
1996-11-07,43.790245
1996-11-08,44.033875
1996-11-11,43.987007
1996-11-12,43.855839
1996-11-13,44.052635
1996-11-14,44.343132
1996-11-15,44.399364
1996-11-18,44.408730
1996-11-19,44.727337
1996-11-20,44.802330
1996-11-21,44.736725
1996-11-22,45.083447
1996-11-25,45.655045
1996-11-26,45.505123
1996-11-27,45.420795
1996-11-29,45.589458
1996-12-02,45.608204
1996-12-03,44.830418
1996-12-04,44.952221
1996-12-05,44.830418
1996-12-06,44.568047
1996-12-09,45.223995
1996-12-10,45.008457
1996-12-11,44.596157
1996-12-12,43.855839
1996-12-13,43.968288
1996-12-16,43.406055
1996-12-17,43.752777
1996-12-18,44.099468
1996-12-19,45.008457
1996-12-20,45.107254
1996-12-23,44.994205
1996-12-24,45.323814
1996-12-26,45.672256
1996-12-27,45.728722
1996-12-30,45.333229
1996-12-31,44.504547
1997-01-02,44.617546
1997-01-03,45.257912
1997-01-06,44.862389
1997-01-07,45.408585
1997-01-08,45.013050
1997-01-09,45.389725
1997-01-10,45.879417
1997-01-13,45.813499
1997-01-14,46.387920
1997-01-15,46.274921
1997-01-16,46.463261
1997-01-17,46.745785
1997-01-20,46.802292
1997-01-21,47.178955
1997-01-22,47.517952
1997-01-23,46.858803
1997-01-24,46.256081
1997-01-27,46.124275
1997-01-28,46.256081
1997-01-29,46.708115
1997-01-30,47.310799
1997-01-31,47.254311
1997-02-03,47.395554
1997-02-04,47.687485
1997-02-05,46.792862
1997-02-06,47.103622
1997-02-07,47.743973
1997-02-10,47.291946
1997-02-11,47.838142
1997-02-12,48.516148
1997-02-13,49.043526
1997-02-14,48.930489
1997-02-18,49.344864
1997-02-19,49.015247
1997-02-20,48.421993
1997-02-21,48.440826
1997-02-24,49.015247
1997-02-25,49.052959
1997-02-26,48.572678
1997-02-27,47.847565
1997-02-28,47.706318
1997-03-03,48.026482
1997-03-04,47.762825
1997-03-05,48.572678
1997-03-06,48.290157
1997-03-07,48.723328
1997-03-10,49.231861
1997-03-11,48.968185
1997-03-12,48.535011
1997-03-13,47.781639
1997-03-14,48.026482
1997-03-17,48.158337
1997-03-18,47.640377
1997-03-19,47.480309
1997-03-20,47.235432
1997-03-21,47.454182
1997-03-24,48.115849
1997-03-25,47.643223
1997-03-26,47.851196
1997-03-27,46.584492
1997-03-31,45.601368
1997-04-01,45.894417
1997-04-02,45.072021
1997-04-03,45.317795
1997-04-04,45.884964
1997-04-07,46.064587
1997-04-08,46.395470
1997-04-09,46.017315
1997-04-10,45.847168
1997-04-11,44.391407
1997-04-14,44.986942
1997-04-15,45.752617
1997-04-16,46.281979
1997-04-17,46.092949
1997-04-18,46.319805
1997-04-21,46.017315
1997-04-22,47.028782
1997-04-23,47.076050
1997-04-24,46.839706
1997-04-25,46.300911
1997-04-28,46.754639
1997-04-29,48.229309
1997-04-30,48.456223
1997-05-01,48.399452
1997-05-02,49.269154
1997-05-05,50.441299
1997-05-06,50.403500
1997-05-07,49.306957
1997-05-08,49.647263
1997-05-09,49.987568
1997-05-12,50.819447
1997-05-13,50.611477
1997-05-14,50.705982
1997-05-15,51.046329
1997-05-16,50.346813
1997-05-19,50.498047
1997-05-20,51.103039
1997-05-21,50.989605
1997-05-22,50.819447
1997-05-23,51.292103
1997-05-27,51.500084
1997-05-28,51.490604
1997-05-29,51.188087
1997-05-30,51.518963
1997-06-02,51.292103
1997-06-03,51.121941
1997-06-04,51.065235
1997-06-05,51.254276
1997-06-06,52.256306
1997-06-09,52.520966
1997-06-10,52.681664
1997-06-11,52.804558
1997-06-12,53.825512
1997-06-13,54.279209
1997-06-16,54.298130
1997-06-17,54.222504
1997-06-18,54.033497
1997-06-19,54.591187
1997-06-20,54.405186
1997-06-23,53.086090
1997-06-24,54.433643
1997-06-25,54.054070
1997-06-26,53.788357
1997-06-27,53.997120
1997-06-30,53.636528
1997-07-01,54.262867
1997-07-02,55.154900
1997-07-03,55.914089
1997-07-07,55.344692
1997-07-08,55.923580
1997-07-09,55.306732
1997-07-10,55.553463
1997-07-11,55.743279
1997-07-14,55.914089
1997-07-15,56.198765
1997-07-16,56.939007
1997-07-17,56.654289
1997-07-18,55.449055
1997-07-21,55.458549
1997-07-22,56.929470
1997-07-23,56.882069
1997-07-24,57.147778
1997-07-25,57.109795
1997-07-28,57.071857
1997-07-29,57.261631
1997-07-30,57.944901
1997-07-31,57.887943
1997-08-01,57.660206
1997-08-04,57.812031
1997-08-05,57.850002
1997-08-06,58.324543
1997-08-07,57.887943
1997-08-08,56.711227
1997-08-11,57.128780
1997-08-12,56.217758
1997-08-13,56.046921
1997-08-14,56.255707
1997-08-15,54.528553
1997-08-18,55.743279
1997-08-19,56.388577
1997-08-20,57.242676
1997-08-21,56.236721
1997-08-22,56.217758
1997-08-25,56.008965
1997-08-26,55.183372
1997-08-27,55.515495
1997-08-28,54.670902
1997-08-29,54.889156
1997-09-02,56.673286
1997-09-03,56.369579
1997-09-04,56.730202
1997-09-05,56.568890
1997-09-08,56.815609
1997-09-09,56.844090
1997-09-10,55.667351
1997-09-11,55.382633
1997-09-12,56.274696
1997-09-15,56.179798
1997-09-16,57.584270
1997-09-17,57.584270
1997-09-18,57.831043
1997-09-19,57.928883
1997-09-22,58.252701
1997-09-23,57.986008
1997-09-24,57.509796
1997-09-25,57.109749
1997-09-26,57.585960
1997-09-29,58.138390
1997-09-30,57.528809
1997-10-01,58.290779
1997-10-02,58.614662
1997-10-03,58.909904
1997-10-06,59.300385
1997-10-07,59.852856
1997-10-08,59.433781
1997-10-09,59.224236
1997-10-10,59.052818
1997-10-13,59.109932
1997-10-14,59.128983
1997-10-15,58.995617
1997-10-16,58.062206
1997-10-17,57.471684
1997-10-20,58.290779
1997-10-21,59.424244
1997-10-22,59.033730
1997-10-23,57.871681
1997-10-24,57.300232
1997-10-27,53.147491
1997-10-28,56.214420
1997-10-29,56.062038
1997-10-30,54.823803
1997-10-31,56.119167
1997-11-03,57.300232
1997-11-04,57.300232
1997-11-05,57.490726
1997-11-06,57.271652
1997-11-07,56.652557
1997-11-10,56.309689
1997-11-11,56.328724
1997-11-12,55.166710
1997-11-13,55.966759
1997-11-14,56.728783
1997-11-17,57.776489
1997-11-18,57.414536
1997-11-19,57.700264
1997-11-20,58.576523
1997-11-21,58.976566
1997-11-24,57.909821
1997-11-25,58.062206
1997-11-26,58.233643
1997-11-28,58.290779
1997-12-01,59.795685
1997-12-02,59.433781
1997-12-03,59.605179
1997-12-04,59.548107
1997-12-05,60.310020
1997-12-08,60.138569
1997-12-09,59.776657
1997-12-10,59.262302
1997-12-11,58.252701
1997-12-12,58.367004
1997-12-15,58.957500
1997-12-16,59.319500
1997-12-17,59.014664
1997-12-18,58.443172
1997-12-19,58.006374
1997-12-22,58.379292
1997-12-23,57.337006
1997-12-24,57.164883
1997-12-26,57.394375
1997-12-29,58.522766
1997-12-30,59.440758
1997-12-31,59.402508
1998-01-02,59.708500
1998-01-05,59.842369
1998-01-06,58.886116
1998-01-07,59.039104
1998-01-08,58.522766
1998-01-09,56.495518
1998-01-12,57.528244
1998-01-13,58.331509
1998-01-14,58.599247
1998-01-15,58.111588
1998-01-16,58.943493
1998-01-20,59.899757
1998-01-21,59.326000
1998-01-22,58.800053
1998-01-23,58.714005
1998-01-26,58.675770
1998-01-27,59.268639
1998-01-28,59.804123
1998-01-29,60.129276
1998-01-30,60.167503
1998-02-02,61.161995
1998-02-03,61.620991
1998-02-04,61.544518
1998-02-05,61.506248
1998-02-06,62.194786
1998-02-09,61.984409
1998-02-10,62.577267
1998-02-11,62.519905
1998-02-12,62.787643
1998-02-13,62.424259
1998-02-17,62.730255
1998-02-18,63.303997
1998-02-19,62.969345
1998-02-20,63.437870
1998-02-23,63.686539
1998-02-24,63.189247
1998-02-25,63.973408
1998-02-26,64.336769
1998-02-27,64.336769
1998-03-02,64.202927
1998-03-03,64.566277
1998-03-04,64.145493
1998-03-05,63.552628
1998-03-06,64.834038
1998-03-09,64.604530
1998-03-10,65.216522
1998-03-11,65.522514
1998-03-12,65.790321
1998-03-13,65.541634
1998-03-16,66.249290
1998-03-17,66.440536
1998-03-18,66.689186
1998-03-19,66.861275
1998-03-20,67.436981
1998-03-23,67.283554
1998-03-24,67.858948
1998-03-25,67.609604
1998-03-26,67.571266
1998-03-27,67.283554
1998-03-30,67.245186
1998-03-31,67.475357
1998-04-01,68.021957
1998-04-02,68.760429
1998-04-03,69.105675
1998-04-06,68.549454
1998-04-07,68.089104
1998-04-08,67.705505
1998-04-09,68.242531
1998-04-13,68.050789
1998-04-14,68.626205
1998-04-15,68.817955
1998-04-16,68.012390
1998-04-17,68.913849
1998-04-20,68.894714
1998-04-21,69.220741
1998-04-22,69.412537
1998-04-23,68.741241
1998-04-24,68.012390
1998-04-27,66.727295
1998-04-28,66.631447
1998-04-29,67.091789
1998-04-30,68.338448
1998-05-01,69.105675
1998-05-04,68.933060
1998-05-05,68.453537
1998-05-06,67.647972
1998-05-07,67.110962
1998-05-08,68.204193
1998-05-11,67.974030
1998-05-12,68.702850
1998-05-13,68.875526
1998-05-14,68.530266
1998-05-15,68.146614
1998-05-18,67.878113
1998-05-19,68.338448
1998-05-20,68.990585
1998-05-21,68.549454
1998-05-22,68.280930
1998-05-26,67.187630
1998-05-27,67.283554
1998-05-28,67.590439
1998-05-29,66.919121
1998-06-01,67.226013
1998-06-02,67.283554
1998-06-03,66.209480
1998-06-04,67.436981
1998-06-05,68.741241
1998-06-08,68.664528
1998-06-09,68.875526
1998-06-10,68.434387
1998-06-11,67.149315
1998-06-12,67.782242
1998-06-15,65.998466
1998-06-16,67.015045
1998-06-17,68.415176
1998-06-18,68.108307
1998-06-19,67.767021
1998-06-22,68.094116
1998-06-23,68.902267
1998-06-24,69.825836
1998-06-25,69.710365
1998-06-26,69.998985
1998-06-29,70.249161
1998-06-30,69.768082
1998-07-01,70.576225
1998-07-02,70.710892
1998-07-06,71.422859
1998-07-07,71.288147
1998-07-08,71.807663
1998-07-09,71.326599
1998-07-10,71.711464
1998-07-13,71.730682
1998-07-14,72.538834
1998-07-15,72.404160
1998-07-16,72.904373
1998-07-17,73.000557
1998-07-20,73.000557
1998-07-21,71.730682
1998-07-22,71.730682
1998-07-23,70.306870
1998-07-24,70.249161
1998-07-27,70.749390
1998-07-28,69.556458
1998-07-29,69.287086
1998-07-30,70.326111
1998-07-31,68.825317
1998-08-03,68.536652
1998-08-04,65.881416
1998-08-05,66.785744
1998-08-06,67.074326
1998-08-07,67.189827
1998-08-10,66.804970
1998-08-11,65.804474
1998-08-12,66.920425
1998-08-13,66.112282
1998-08-14,65.342674
1998-08-17,66.728027
1998-08-18,67.959450
1998-08-19,67.786285
1998-08-20,67.382225
1998-08-21,66.843468
1998-08-24,67.266754
1998-08-25,67.420692
1998-08-26,67.035889
1998-08-27,63.880344
1998-08-28,63.649456
1998-08-31,59.108566
1998-09-01,61.609905
1998-09-02,61.167377
1998-09-03,60.686317
1998-09-04,60.186089
1998-09-08,63.418556
1998-09-09,61.879295
1998-09-10,60.647869
1998-09-11,62.610428
1998-09-14,63.687901
1998-09-15,64.072769
1998-09-16,64.649956
1998-09-17,62.802883
1998-09-18,63.082603
1998-09-21,63.043980
1998-09-22,63.565304
1998-09-23,66.114075
1998-09-24,64.492172
1998-09-25,64.414917
1998-09-28,64.994179
1998-09-29,64.839699
1998-09-30,62.870220
1998-10-01,61.055141
1998-10-02,62.233002
1998-10-05,60.977913
1998-10-06,60.920002
1998-10-07,60.012447
1998-10-08,59.684208
1998-10-09,60.881393
1998-10-12,61.769604
1998-10-13,61.557167
1998-10-14,62.136440
1998-10-15,65.476898
1998-10-16,65.496208
1998-10-19,65.727928
1998-10-20,66.114075
1998-10-21,65.882362
1998-10-22,66.867142
1998-10-23,66.017563
1998-10-26,66.500290
1998-10-27,66.114075
1998-10-28,65.998245
1998-10-29,67.600891
1998-10-30,67.967781
1998-11-02,69.126312
1998-11-03,68.624283
1998-11-04,69.358047
1998-11-05,70.304169
1998-11-06,70.516586
1998-11-09,70.014534
1998-11-10,69.821434
1998-11-11,69.358047
1998-11-12,69.280762
1998-11-13,69.956635
1998-11-16,70.477959
1998-11-17,70.477959
1998-11-18,70.902733
1998-11-19,71.520607
1998-11-20,72.061287
1998-11-23,73.760452
1998-11-24,73.297066
1998-11-25,73.297066
1998-11-27,73.837730
1998-11-30,71.752342
1998-12-01,72.679161
1998-12-02,72.466766
1998-12-03,71.269630
1998-12-04,73.142586
1998-12-07,73.490143
1998-12-08,73.161911
1998-12-09,73.297066
1998-12-10,72.225449
1998-12-11,72.370239
1998-12-14,70.284882
1998-12-15,72.099884
1998-12-16,72.003334
1998-12-17,73.152199
1998-12-18,73.463066
1998-12-21,74.489845
1998-12-22,74.819191
1998-12-23,76.388451
1998-12-24,76.059090
1998-12-28,75.865379
1998-12-29,77.066475
1998-12-30,76.446571
1998-12-31,76.446571
1999-01-04,76.272186
1999-01-05,77.143944
1999-01-06,79.003792
1999-01-07,78.616325
1999-01-08,79.197548
1999-01-11,78.441978
1999-01-12,77.027740
1999-01-13,76.485306
1999-01-14,75.148506
1999-01-15,77.105225
1999-01-19,77.608948
1999-01-20,78.228882
1999-01-21,76.155922
1999-01-22,75.981598
1999-01-25,76.756523
1999-01-26,78.151382
1999-01-27,77.240837
1999-01-28,78.538849
1999-01-29,79.139389
1999-02-01,78.674477
1999-02-02,78.190140
1999-02-03,78.984459
1999-02-04,77.802658
1999-02-05,76.911507
1999-02-08,77.066475
1999-02-09,75.342270
1999-02-10,75.826637
1999-02-11,77.570183
1999-02-12,76.640251
1999-02-16,76.175316
1999-02-17,76.097824
1999-02-18,76.698395
1999-02-19,77.027740
1999-02-22,79.081276
1999-02-23,79.042557
1999-02-24,77.647667
1999-02-25,76.911507
1999-02-26,76.601494
1999-03-01,76.814644
1999-03-02,76.136574
1999-03-03,76.543388
1999-03-04,77.512070
1999-03-05,79.071602
1999-03-08,79.584984
1999-03-09,79.391258
1999-03-10,80.088669
1999-03-11,80.979843
1999-03-12,80.204956
1999-03-15,81.347969
1999-03-16,81.037971
1999-03-17,80.689262
1999-03-18,81.987282
1999-03-19,80.593697
1999-03-22,80.749046
1999-03-23,78.418602
1999-03-24,78.865326
1999-03-25,80.477150
1999-03-26,79.894569
1999-03-29,81.506439
1999-03-30,81.079185
1999-03-31,79.778015
1999-04-01,80.380051
1999-04-05,82.283226
1999-04-06,82.089035
1999-04-07,82.749329
1999-04-08,83.797997
1999-04-09,83.817444
1999-04-12,84.710747
1999-04-13,84.166969
1999-04-14,82.749329
1999-04-15,82.438560
1999-04-16,81.739487
1999-04-19,80.477150
1999-04-20,81.487007
1999-04-21,83.817444
1999-04-22,84.613655
1999-04-23,84.400002
1999-04-26,84.885559
1999-04-27,85.293350
1999-04-28,84.128113
1999-04-29,83.487282
1999-04-30,82.807564
1999-05-03,84.322365
1999-05-04,83.118317
1999-05-05,83.778580
1999-05-06,83.263954
1999-05-07,83.895073
1999-05-10,83.477570
1999-05-11,84.322365
1999-05-12,84.982628
1999-05-13,85.351616
1999-05-14,83.137695
1999-05-17,83.390213
1999-05-18,83.234840
1999-05-19,83.836815
1999-05-20,83.331924
1999-05-21,82.865829
1999-05-24,81.487007
1999-05-25,80.166435
1999-05-26,81.059738
1999-05-27,79.894569
1999-05-28,80.914124
1999-06-01,80.632500
1999-06-02,80.710190
1999-06-03,81.156868
1999-06-04,82.788139
1999-06-07,83.001762
1999-06-08,82.186142
1999-06-09,82.108444
1999-06-10,81.351036
1999-06-11,80.671356
1999-06-14,80.749046
1999-06-15,81.292770
1999-06-16,82.846397
1999-06-17,83.623238
1999-06-18,83.719826
1999-06-21,83.914619
1999-06-22,83.330299
1999-06-23,82.921173
1999-06-24,82.297859
1999-06-25,82.093353
1999-06-28,83.096466
1999-06-29,83.875648
1999-06-30,85.394997
1999-07-01,86.037834
1999-07-02,86.894867
1999-07-06,86.875397
1999-07-07,86.992264
1999-07-08,87.060448
1999-07-09,87.576637
1999-07-12,87.187073
1999-07-13,86.875397
1999-07-14,87.362411
1999-07-15,87.917534
1999-07-16,88.394722
1999-07-19,87.810371
1999-07-20,86.008591
1999-07-21,85.911209
1999-07-22,84.781471
1999-07-23,84.615845
1999-07-26,83.992531
1999-07-27,84.693741
1999-07-28,84.966461
1999-07-29,83.778259
1999-07-30,82.745834
1999-08-02,82.940674
1999-08-03,82.551132
1999-08-04,81.421318
1999-08-05,82.161522
1999-08-06,81.265488
1999-08-09,81.090210
1999-08-10,80.194176
1999-08-11,81.168129
1999-08-12,81.119385
1999-08-13,82.999107
1999-08-16,83.369247
1999-08-17,83.914619
1999-08-18,83.310783
1999-08-19,82.629044
1999-08-20,83.466621
1999-08-23,85.063881
1999-08-24,85.375542
1999-08-25,86.252075
1999-08-26,85.219749
1999-08-27,84.187286
1999-08-30,82.629044
1999-08-31,82.317368
1999-09-01,83.330299
1999-09-02,82.346581
1999-09-03,84.752251
1999-09-07,84.440582
1999-09-08,84.031487
1999-09-09,83.992531
1999-09-10,84.693741
1999-09-13,84.119156
1999-09-14,83.564026
1999-09-15,82.239471
1999-09-16,82.560844
1999-09-17,83.604042
1999-09-20,83.486801
1999-09-21,81.728813
1999-09-22,81.640884
1999-09-23,79.931702
1999-09-24,79.853531
1999-09-27,80.380966
1999-09-28,80.224701
1999-09-29,79.267532
1999-09-30,80.478638
1999-10-01,80.302818
1999-10-04,81.728813
1999-10-05,81.650673
1999-10-06,82.900818
1999-10-07,82.431992
1999-10-08,83.682159
1999-10-11,83.545425
1999-10-12,82.256165
1999-10-13,80.127060
1999-10-14,80.107460
1999-10-15,78.056458
1999-10-18,78.622948
1999-10-19,79.384735
1999-10-20,80.166077
1999-10-21,80.634895
1999-10-22,81.318604
1999-10-25,80.908371
1999-10-26,79.892601
1999-10-27,81.338142
1999-10-28,84.111900
1999-10-29,85.635536
1999-11-01,84.736923
1999-11-02,84.131409
1999-11-03,84.697884
1999-11-04,85.342529
1999-11-05,86.182449
1999-11-08,86.260590
1999-11-09,85.449944
1999-11-10,86.084801
1999-11-11,86.573128
1999-11-12,87.354462
1999-11-15,87.559563
1999-11-16,88.292099
1999-11-17,88.526512
1999-11-18,89.151596
1999-11-19,89.073425
1999-11-22,89.053894
1999-11-23,88.272591
1999-11-24,88.741356
1999-11-26,88.409294
1999-11-29,88.096741
1999-11-30,87.061470
1999-12-01,87.764694
1999-12-02,88.292099
1999-12-03,89.913422
1999-12-06,89.249268
1999-12-07,88.526512
1999-12-08,87.960014
1999-12-09,88.389778
1999-12-10,88.682762
1999-12-13,88.839043
1999-12-14,87.979546
1999-12-15,88.448357
1999-12-16,88.839043
1999-12-17,89.409576
1999-12-20,88.763359
1999-12-21,90.114517
1999-12-22,90.349480
1999-12-23,91.788750
1999-12-27,91.661461
1999-12-28,91.602692
1999-12-29,91.994301
1999-12-30,91.886627
1999-12-31,92.033508
2000-01-03,91.132767
2000-01-04,87.568886
2000-01-05,87.725548
2000-01-06,86.315689
2000-01-07,91.328552
2000-01-10,91.641884
2000-01-11,90.545296
2000-01-12,89.644531
2000-01-13,90.858620
2000-01-14,92.092262
2000-01-18,91.367744
2000-01-19,92.111847
2000-01-20,90.701942
2000-01-21,90.506142
2000-01-24,87.940941
2000-01-25,88.939590
2000-01-26,88.234657
2000-01-27,87.882210
2000-01-28,85.140770
2000-01-31,87.451431
2000-02-01,88.312965
2000-02-02,88.391327
2000-02-03,89.722855
2000-02-04,89.350800
2000-02-07,89.213760
2000-02-08,90.427795
2000-02-09,88.528419
2000-02-10,88.704613
2000-02-11,86.903130
2000-02-14,87.412231
2000-02-15,88.401115
2000-02-16,87.098938
2000-02-17,86.648552
2000-02-18,84.788315
2000-02-22,84.572922
2000-02-23,85.571594
2000-02-24,83.848373
2000-02-25,83.544891
2000-02-28,85.297470
2000-02-29,86.119888
2000-03-01,86.746452
2000-03-02,86.805206
2000-03-03,88.430473
2000-03-06,87.568886
2000-03-07,85.875092
2000-03-08,85.767395
2000-03-09,88.273827
2000-03-10,87.803871
2000-03-13,86.844391
2000-03-14,85.610748
2000-03-15,87.608055
2000-03-16,91.700607
2000-03-17,92.306671
2000-03-20,91.835526
2000-03-21,93.720123
2000-03-22,94.289436
2000-03-23,95.899231
2000-03-24,96.468567
2000-03-27,95.447647
2000-03-28,94.898033
2000-03-29,94.996208
2000-03-30,93.406021
2000-03-31,94.466118
2000-04-03,95.015839
2000-04-04,94.309090
2000-04-05,93.720123
2000-04-06,94.534828
2000-04-07,95.133636
2000-04-10,94.760551
2000-04-11,94.485741
2000-04-12,91.894379
2000-04-13,90.618393
2000-04-14,85.435707
2000-04-17,88.419655
2000-04-18,90.755791
2000-04-19,89.911636
2000-04-20,90.343552
2000-04-24,89.361961
2000-04-25,93.072296
2000-04-26,92.022018
2000-04-27,91.717781
2000-04-28,91.148438
2000-05-01,92.385208
2000-05-02,90.539864
2000-05-03,88.419655
2000-05-04,89.087135
2000-05-05,90.166771
2000-05-08,89.489555
2000-05-09,88.773018
2000-05-10,86.770645
2000-05-11,88.753372
2000-05-12,89.715355
2000-05-15,91.266235
2000-05-16,92.149612
2000-05-17,91.187683
2000-05-18,90.068695
2000-05-19,88.655212
2000-05-22,87.987816
2000-05-23,86.692131
2000-05-24,88.105576
2000-05-25,86.593948
2000-05-26,86.692131
2000-05-30,89.519028
2000-05-31,89.715355
2000-06-01,91.285843
2000-06-02,92.876038
2000-06-05,92.424469
2000-06-06,92.012192
2000-06-07,92.650208
2000-06-08,92.287056
2000-06-09,92.090714
2000-06-12,91.010979
2000-06-13,92.718895
2000-06-14,92.876038
2000-06-15,93.072296
2000-06-16,92.307518
2000-06-19,93.488228
2000-06-20,93.153679
2000-06-21,93.114349
2000-06-22,91.697571
2000-06-23,90.910461
2000-06-26,92.081261
2000-06-27,91.402382
2000-06-28,91.658203
2000-06-29,90.792381
2000-06-30,91.481125
2000-07-03,92.740448
2000-07-05,91.067841
2000-07-06,91.776260
2000-07-07,93.252068
2000-07-10,93.094719
2000-07-11,93.291443
2000-07-12,93.901489
2000-07-13,94.314651
2000-07-14,95.239525
2000-07-17,95.082069
2000-07-18,94.304810
2000-07-19,93.547234
2000-07-20,94.846016
2000-07-21,92.996269
2000-07-24,92.465027
2000-07-25,92.760147
2000-07-26,91.854965
2000-07-27,91.540123
2000-07-28,89.473953
2000-07-31,90.044609
2000-08-01,90.595627
2000-08-02,91.048187
2000-08-03,91.677864
2000-08-04,92.169800
2000-08-07,93.271767
2000-08-08,93.625954
2000-08-09,92.838829
2000-08-10,92.386269
2000-08-11,92.819168
2000-08-14,93.999847
2000-08-15,93.921112
2000-08-16,93.586563
2000-08-17,94.570496
2000-08-18,94.255608
2000-08-21,94.767235
2000-08-22,94.609795
2000-08-23,94.983696
2000-08-24,95.278847
2000-08-25,95.239525
2000-08-28,95.564163
2000-08-29,95.583855
2000-08-30,94.668839
2000-08-31,95.928230
2000-09-01,96.026619
2000-09-05,95.259201
2000-09-06,94.176941
2000-09-07,94.983696
2000-09-08,94.334389
2000-09-11,94.196602
2000-09-12,93.507904
2000-09-13,93.753891
2000-09-14,94.226105
2000-09-15,92.164688
2000-09-18,91.316422
2000-09-19,92.144928
2000-09-20,91.464310
2000-09-21,90.073586
2000-09-22,91.710953
2000-09-25,91.059952
2000-09-26,89.896019
2000-09-27,90.369530
2000-09-28,91.533379
2000-09-29,90.665421
2000-10-02,90.803482
2000-10-03,89.955215
2000-10-04,90.704819
2000-10-05,91.020493
2000-10-06,89.047783
2000-10-09,88.377037
2000-10-10,86.917282
2000-10-11,86.187363
2000-10-12,84.037109
2000-10-13,86.838348
2000-10-16,87.232887
2000-10-17,85.062881
2000-10-18,84.747261
2000-10-19,87.943039
2000-10-20,88.317886
2000-10-23,88.712402
2000-10-24,88.120598
2000-10-25,86.049271
2000-10-26,86.286003
2000-10-27,87.923317
2000-10-30,88.712402
2000-10-31,90.241249
2000-11-01,89.935486
2000-11-02,90.083473
2000-11-03,90.132767
2000-11-06,90.764069
2000-11-07,90.744301
2000-11-08,88.732155
2000-11-09,88.396782
2000-11-10,86.246536
2000-11-13,85.575775
2000-11-14,87.824661
2000-11-15,88.100899
2000-11-16,86.719994
2000-11-17,86.256409
2000-11-20,85.023460
2000-11-21,85.457481
2000-11-22,83.415710
2000-11-24,85.122093
2000-11-27,85.871735
2000-11-28,84.392204
2000-11-29,84.234398
2000-11-30,83.504471
2000-12-01,83.465012
2000-12-04,84.175186
2000-12-05,86.937004
2000-12-06,85.546249
2000-12-07,84.372475
2000-12-08,84.569733
2000-12-11,87.509048
2000-12-12,87.134254
2000-12-13,85.940742
2000-12-14,84.845909
2000-12-15,82.929527
2000-12-18,84.037628
2000-12-19,82.326027
2000-12-20,79.941628
2000-12-21,80.495705
2000-12-22,82.909714
2000-12-26,83.800201
2000-12-27,84.413589
2000-12-28,84.670883
2000-12-29,83.068047
2001-01-02,81.564240
2001-01-03,85.482124
2001-01-04,84.561996
2001-01-05,81.801636
2001-01-08,82.434807
2001-01-09,82.217186
2001-01-10,83.661667
2001-01-11,83.740837
2001-01-12,83.582520
2001-01-16,84.116783
2001-01-17,84.502647
2001-01-18,85.343597
2001-01-19,84.858810
2001-01-22,85.422760
2001-01-23,86.095528
2001-01-24,86.352753
2001-01-25,86.135117
2001-01-26,86.036194
2001-01-29,86.495224
2001-01-30,87.255127
2001-01-31,86.761177
2001-02-01,87.337364
2001-02-02,85.355530
2001-02-05,85.982323
2001-02-06,85.729103
2001-02-07,85.285828
2001-02-08,84.291687
2001-02-09,83.481232
2001-02-12,84.437340
2001-02-13,83.747154
2001-02-14,83.620514
2001-02-15,84.431007
2001-02-16,82.569389
2001-02-20,81.296700
2001-02-21,79.542702
2001-02-22,79.663048
2001-02-23,79.124786
2001-02-26,80.809097
2001-02-27,80.061935
2001-02-28,78.485268
2001-03-01,78.896820
2001-03-02,78.269974
2001-03-05,78.985481
2001-03-06,79.833977
2001-03-07,80.403885
2001-03-08,80.492508
2001-03-09,78.111664
2001-03-12,74.768364
2001-03-13,75.996758
2001-03-14,74.496078
2001-03-15,74.515099
2001-03-16,73.020523
2001-03-19,74.506233
2001-03-20,72.506248
2001-03-21,71.274529
2001-03-22,70.550743
2001-03-23,72.684006
2001-03-26,73.610985
2001-03-27,75.115700
2001-03-28,73.039604
2001-03-29,73.318924
2001-03-30,74.087151
2001-04-02,72.506248
2001-04-03,70.087250
2001-04-04,70.379295
2001-04-05,73.045914
2001-04-06,71.934868
2001-04-09,72.734810
2001-04-10,74.061737
2001-04-11,74.112572
2001-04-12,75.458565
2001-04-16,74.664932
2001-04-17,75.718857
2001-04-18,78.728348
2001-04-19,79.775948
2001-04-20,79.045738
2001-04-23,77.610878
2001-04-24,77.191856
2001-04-25,78.201378
2001-04-26,78.550545
2001-04-27,79.858452
2001-04-30,80.417183
2001-05-01,80.664787
2001-05-02,80.518784
2001-05-03,79.496536
2001-05-04,80.848953
2001-05-07,80.150482
2001-05-08,80.112434
2001-05-09,79.775948
2001-05-10,80.010803
2001-05-11,79.458466
2001-05-14,79.617195
2001-05-15,79.985428
2001-05-16,81.871094
2001-05-17,81.998116
2001-05-18,82.372726
2001-05-21,83.585342
2001-05-22,83.477425
2001-05-23,82.061569
2001-05-24,82.302856
2001-05-25,81.331459
2001-05-29,80.683800
2001-05-30,79.553711
2001-05-31,79.966385
2001-06-01,80.461609
2001-06-04,80.848953
2001-06-05,81.775864
2001-06-06,81.096519
2001-06-07,81.388596
2001-06-08,80.633049
2001-06-11,80.061607
2001-06-12,79.921936
2001-06-13,79.236275
2001-06-14,77.458511
2001-06-15,77.583298
2001-06-18,77.207649
2001-06-19,77.545090
2001-06-20,77.952576
2001-06-21,78.837662
2001-06-22,78.220001
2001-06-25,77.500542
2001-06-26,77.392303
2001-06-27,77.347717
2001-06-28,77.774338
2001-06-29,78.060837
2001-07-02,79.034981
2001-07-03,79.015869
2001-07-05,77.475060
2001-07-06,75.800499
2001-07-09,76.214386
2001-07-10,75.297485
2001-07-11,75.373917
2001-07-12,77.163055
2001-07-13,77.831619
2001-07-16,76.857437
2001-07-17,77.576912
2001-07-18,77.048447
2001-07-19,77.723373
2001-07-20,77.258560
2001-07-23,75.736847
2001-07-24,75.004631
2001-07-25,75.832329
2001-07-26,76.628265
2001-07-27,76.921127
2001-07-30,76.946602
2001-07-31,77.264931
2001-08-01,77.748863
2001-08-02,78.067200
2001-08-03,77.640617
2001-08-06,76.596397
2001-08-07,76.895638
2001-08-08,75.469414
2001-08-09,75.692284
2001-08-10,75.953308
2001-08-13,75.972427
2001-08-14,75.940559
2001-08-15,75.284775
2001-08-16,75.545845
2001-08-17,74.336075
2001-08-20,75.023727
2001-08-21,73.743942
2001-08-22,74.507980
2001-08-23,74.240570
2001-08-24,75.781395
2001-08-27,75.329323
2001-08-28,74.227867
2001-08-29,73.565651
2001-08-30,72.152122
2001-08-31,72.680626
2001-09-04,72.215820
2001-09-05,72.394081
2001-09-06,70.528542
2001-09-07,69.223251
2001-09-10,70.070091
2001-09-17,66.409019
2001-09-18,66.249817
2001-09-19,64.912735
2001-09-20,62.849792
2001-09-21,62.171692
2001-09-24,64.357445
2001-09-25,65.028473
2001-09-26,64.798439
2001-09-27,65.360840
2001-09-28,66.747665
2001-10-01,66.639030
2001-10-02,67.476242
2001-10-03,68.607460
2001-10-04,68.664978
2001-10-05,68.530754
2001-10-08,68.083366
2001-10-09,67.719109
2001-10-10,69.227371
2001-10-11,70.301048
2001-10-12,69.981522
2001-10-15,69.853706
2001-10-16,70.294724
2001-10-17,68.799210
2001-10-18,68.652161
2001-10-19,68.607460
2001-10-22,69.962364
2001-10-23,69.604439
2001-10-24,69.419113
2001-10-25,70.665344
2001-10-26,70.505585
2001-10-29,68.671364
2001-10-30,67.846916
2001-10-31,67.616844
2001-11-01,69.348816
2001-11-02,69.821739
2001-11-05,70.735672
2001-11-06,71.834862
2001-11-07,71.739059
2001-11-08,71.962730
2001-11-09,72.039421
2001-11-12,71.598457
2001-11-13,73.208977
2001-11-14,73.279274
2001-11-15,73.413506
2001-11-16,73.087555
2001-11-19,73.988693
2001-11-20,73.368790
2001-11-21,72.883057
2001-11-23,73.931145
2001-11-26,74.090927
2001-11-27,73.771385
2001-11-28,72.435654
2001-11-29,73.413506
2001-11-30,72.889450
2001-12-03,72.454849
2001-12-04,73.681915
2001-12-05,75.030457
2001-12-06,74.992058
2001-12-07,74.493553
2001-12-10,73.100342
2001-12-11,72.953354
2001-12-12,73.036415
2001-12-13,71.617607
2001-12-14,72.301468
2001-12-17,73.049232
2001-12-18,73.483788
2001-12-19,74.001465
2001-12-20,73.272903
2001-12-21,73.717323
2001-12-24,73.576241
2001-12-26,73.980247
2001-12-27,74.429176
2001-12-28,74.390686
2001-12-31,73.300476
2002-01-02,74.089256
2002-01-03,74.929337
2002-01-04,75.429588
2002-01-07,74.897285
2002-01-08,74.724144
2002-01-09,74.114899
2002-01-10,74.441986
2002-01-11,73.710892
2002-01-14,73.249161
2002-01-15,73.845566
2002-01-16,72.351349
2002-01-17,72.896461
2002-01-18,72.562950
2002-01-22,72.062767
2002-01-23,72.614288
2002-01-24,72.838715
2002-01-25,72.819527
2002-01-28,73.018311
2002-01-29,70.722450
2002-01-30,71.742111
2002-01-31,72.582230
2002-02-01,72.242332
2002-02-04,70.446678
2002-02-05,70.010635
2002-02-06,69.709198
2002-02-07,69.273094
2002-02-08,70.600616
2002-02-11,71.466362
2002-02-12,71.241890
2002-02-13,71.998672
2002-02-14,71.863968
2002-02-15,71.113678
2002-02-19,69.747643
2002-02-20,70.921272
2002-02-21,69.452705
2002-02-22,70.312012
2002-02-25,71.472755
2002-02-26,71.325264
2002-02-27,71.601013
2002-02-28,71.280380
2002-03-01,72.941345
2002-03-04,74.230301
2002-03-05,73.993050
2002-03-06,74.871643
2002-03-07,74.711304
2002-03-08,75.025558
2002-03-11,75.185875
2002-03-12,75.140991
2002-03-13,74.416344
2002-03-14,74.313744
2002-03-15,75.021820
2002-03-18,75.034676
2002-03-19,75.536293
2002-03-20,74.114975
2002-03-21,74.147141
2002-03-22,73.986351
2002-03-25,73.066658
2002-03-26,73.491150
2002-03-27,73.684105
2002-03-28,73.651939
2002-04-01,73.684105
2002-04-02,73.278885
2002-04-03,72.764420
2002-04-04,72.462128
2002-04-05,72.474991
2002-04-08,72.629372
2002-04-09,72.121292
2002-04-10,72.938026
2002-04-11,71.124428
2002-04-12,71.658226
2002-04-15,71.111519
2002-04-16,72.802979
2002-04-17,72.648651
2002-04-18,72.333527
2002-04-19,72.597183
2002-04-22,71.388084
2002-04-23,71.079353
2002-04-24,70.365501
2002-04-25,70.404144
2002-04-26,69.066360
2002-04-29,68.725525
2002-04-30,69.368645
2002-05-01,70.217567
2002-05-02,69.947449
2002-05-03,69.188568
2002-05-06,67.831528
2002-05-07,67.593575
2002-05-08,70.108276
2002-05-09,69.297913
2002-05-10,67.992325
2002-05-13,69.375069
2002-05-14,70.886467
2002-05-15,70.609886
2002-05-16,70.976532
2002-05-17,71.323792
2002-05-20,70.552017
2002-05-21,69.908882
2002-05-22,70.063240
2002-05-23,70.809265
2002-05-24,69.902458
2002-05-28,69.522964
2002-05-29,69.008499
2002-05-30,68.815559
2002-05-31,68.957054
2002-06-03,67.124100
2002-06-04,67.291306
2002-06-05,67.921570
2002-06-06,66.538849
2002-06-07,66.461624
2002-06-10,66.718910
2002-06-11,65.574150
2002-06-12,65.972908
2002-06-13,65.310471
2002-06-14,65.213959
2002-06-17,66.963287
2002-06-18,67.509964
2002-06-19,65.934288
2002-06-20,65.091797
2002-06-21,64.074020
2002-06-24,64.409592
2002-06-25,62.963940
2002-06-26,63.067181
2002-06-27,64.170853
2002-06-28,63.867496
2002-07-01,62.621891
2002-07-02,61.292381
2002-07-03,61.640923
2002-07-05,64.093376
2002-07-08,63.293098
2002-07-09,61.698967
2002-07-10,59.453087
2002-07-11,59.937103
2002-07-12,59.278805
2002-07-15,59.595028
2002-07-16,58.446255
2002-07-17,58.562450
2002-07-18,56.664951
2002-07-19,54.670727
2002-07-22,53.050804
2002-07-23,51.598698
2002-07-24,54.677208
2002-07-25,54.212490
2002-07-26,55.245136
2002-07-29,57.936398
2002-07-30,58.691486
2002-07-31,58.833511
2002-08-01,57.297459
2002-08-02,56.013149
2002-08-05,54.064034
2002-08-06,55.884052
2002-08-07,56.858589
2002-08-08,58.697926
2002-08-09,58.917374
2002-08-12,58.484962
2002-08-13,57.420082
2002-08-14,59.517593
2002-08-15,60.343693
2002-08-16,60.162975
2002-08-19,61.569950
2002-08-20,60.918087
2002-08-21,61.795811
2002-08-22,62.396046
2002-08-23,61.053589
2002-08-26,61.479580
2002-08-27,60.769646
2002-08-28,59.440159
2002-08-29,59.465942
2002-08-30,59.233601
2002-09-03,56.974724
2002-09-04,57.787971
2002-09-05,57.297459
2002-09-06,58.084839
2002-09-09,58.510807
2002-09-10,59.181965
2002-09-11,58.814114
2002-09-12,57.729877
2002-09-13,57.871830
2002-09-16,58.013836
2002-09-17,56.684345
2002-09-18,56.116398
2002-09-19,54.664295
2002-09-20,54.682426
2002-09-23,54.235107
2002-09-24,53.359947
2002-09-25,54.682426
2002-09-26,55.577049
2002-09-27,53.645164
2002-09-30,53.022842
2002-10-01,55.570564
2002-10-02,53.904510
2002-10-03,53.359947
2002-10-04,52.381058
2002-10-07,51.298405
2002-10-08,52.102261
2002-10-09,50.630661
2002-10-10,52.270809
2002-10-11,54.559235
2002-10-14,54.863911
2002-10-15,57.502434
2002-10-16,56.108631
2002-10-17,57.223663
2002-10-18,57.463551
2002-10-21,58.455399
2002-10-22,58.034039
2002-10-23,58.474819
2002-10-24,57.282028
2002-10-25,58.474819
2002-10-28,58.092373
2002-10-29,57.418190
2002-10-30,57.975666
2002-10-31,57.385750
2002-11-01,58.520267
2002-11-04,59.077774
2002-11-05,59.544506
2002-11-06,60.315983
2002-11-07,58.837910
2002-11-08,58.118343
2002-11-11,57.217205
2002-11-12,57.671017
2002-11-13,57.729340
2002-11-14,58.818451
2002-11-15,59.252792
2002-11-18,58.656384
2002-11-19,58.578545
2002-11-20,59.881626
2002-11-21,60.996685
2002-11-22,60.562328
2002-11-25,60.601234
2002-11-26,59.447266
2002-11-27,61.119843
2002-11-29,60.925358
2002-12-02,61.022587
2002-12-03,60.205784
2002-12-04,59.933506
2002-12-05,59.272278
2002-12-06,59.661213
2002-12-09,58.021099
2002-12-10,58.799011
2002-12-11,58.850895
2002-12-12,58.844376
2002-12-13,57.917339
2002-12-16,59.414856
2002-12-17,58.896278
2002-12-18,58.215557
2002-12-19,57.800644
2002-12-20,58.625389
2002-12-23,58.644943
2002-12-24,58.208481
2002-12-26,58.234493
2002-12-27,56.925083
2002-12-30,57.400665
2002-12-31,57.478836
2003-01-02,59.328979
2003-01-03,59.511417
2003-01-06,60.560257
2003-01-07,60.410427
2003-01-08,59.537472
2003-01-09,60.462540
2003-01-10,60.625408
2003-01-13,60.605858
2003-01-14,60.801315
2003-01-15,60.195435
2003-01-16,59.947876
2003-01-17,59.061901
2003-01-21,58.143333
2003-01-22,57.439751
2003-01-23,57.791508
2003-01-24,56.273609
2003-01-27,55.504879
2003-01-28,55.915340
2003-01-29,56.338787
2003-01-30,55.003250
2003-01-31,56.065128
2003-02-03,56.175892
2003-02-04,55.622162
2003-02-05,55.276890
2003-02-06,55.016277
2003-02-07,54.345291
2003-02-10,54.729645
2003-02-11,54.351780
2003-02-12,53.485359
2003-02-13,53.648212
2003-02-14,54.820839
2003-02-18,55.785015
2003-02-19,55.491856
2003-02-20,54.938110
2003-02-21,55.491856
2003-02-24,54.592838
2003-02-25,55.029297
2003-02-26,54.228001
2003-02-27,54.944614
2003-02-28,55.309452
2003-03-03,54.781734
2003-03-04,53.908791
2003-03-05,54.364819
2003-03-06,53.908791
2003-03-07,54.280117
2003-03-10,52.977200
2003-03-11,52.456028
2003-03-12,52.807816
2003-03-13,54.631950
2003-03-14,54.807777
2003-03-17,56.534195
2003-03-18,56.866455
2003-03-19,57.302902
2003-03-20,57.426723
2003-03-21,58.652481
2003-03-24,56.703274
2003-03-25,57.246189
2003-03-26,56.958359
2003-03-27,57.004185
2003-03-28,56.716385
2003-03-31,55.427788
2003-04-01,56.278111
2003-04-02,57.638653
2003-04-03,57.363945
2003-04-04,57.704033
2003-04-07,57.592846
2003-04-08,57.684425
2003-04-09,56.925678
2003-04-10,57.239639
2003-04-11,57.004185
2003-04-14,58.181511
2003-04-15,58.724411
2003-04-16,57.723663
2003-04-17,58.580524
2003-04-21,58.639423
2003-04-22,59.744823
2003-04-23,60.294258
2003-04-24,59.757881
2003-04-25,59.018795
2003-04-28,60.039173
2003-04-29,60.248463
2003-04-30,60.117672
2003-05-01,60.111080
2003-05-02,60.968002
2003-05-05,60.850266
2003-05-06,61.425835
2003-05-07,61.085712
2003-05-08,60.470837
2003-05-09,61.308109
2003-05-12,62.060253
2003-05-13,61.949139
2003-05-14,61.818279
2003-05-15,62.210773
2003-05-16,62.053776
2003-05-19,60.601665
2003-05-20,60.477409
2003-05-21,60.601665
2003-05-22,61.203453
2003-05-23,61.327732
2003-05-27,62.400429
2003-05-28,62.577065
2003-05-29,62.413506
2003-05-30,63.414288
2003-06-02,63.675922
2003-06-03,63.937592
2003-06-04,64.859848
2003-06-05,65.180344
2003-06-06,64.925247
2003-06-09,64.264580
2003-06-10,64.918709
2003-06-11,65.605476
2003-06-12,65.808258
2003-06-13,65.121422
2003-06-16,66.495064
2003-06-17,66.495064
2003-06-18,66.436203
2003-06-19,65.422363
2003-06-20,65.277924
2003-06-23,64.608330
2003-06-24,64.673981
2003-06-25,64.024117
2003-06-26,64.857780
2003-06-27,64.109444
2003-06-30,64.089745
2003-07-01,64.680527
2003-07-02,65.494568
2003-07-03,64.818398
2003-07-07,66.105057
2003-07-08,66.400475
2003-07-09,66.026299
2003-07-10,65.186020
2003-07-11,65.803078
2003-07-14,66.124771
2003-07-15,65.980316
2003-07-16,65.593033
2003-07-17,64.660866
2003-07-18,65.323914
2003-07-21,64.516426
2003-07-22,65.100639
2003-07-23,65.146614
2003-07-24,64.654251
2003-07-25,65.796494
2003-07-28,65.553627
2003-07-29,65.251625
2003-07-30,65.094139
2003-07-31,65.245117
2003-08-01,64.667450
2003-08-04,64.667450
2003-08-05,63.295399
2003-08-06,63.663044
2003-08-07,64.332619
2003-08-08,64.516426
2003-08-11,64.759331
2003-08-12,65.350136
2003-08-13,65.015343
2003-08-14,65.192596
2003-08-15,65.396111
2003-08-18,65.960655
2003-08-19,66.210060
2003-08-20,65.940918
2003-08-21,66.151024
2003-08-22,65.494568
2003-08-25,65.599586
2003-08-26,65.717720
2003-08-27,65.737442
2003-08-28,66.144455
2003-08-29,66.590843
2003-09-02,67.483582
2003-09-03,67.851242
2003-09-04,67.884033
2003-09-05,67.503273
2003-09-08,68.061295
2003-09-09,67.614891
2003-09-10,66.932198
2003-09-11,67.129143
2003-09-12,67.253860
2003-09-15,67.017540
2003-09-16,67.995621
2003-09-17,67.864334
2003-09-18,68.665230
2003-09-19,68.315979
2003-09-22,67.577942
2003-09-23,67.834946
2003-09-24,66.629005
2003-09-25,66.082054
2003-09-26,65.864548
2003-09-29,66.510368
2003-09-30,65.864548
2003-10-01,67.268166
2003-10-02,67.512016
2003-10-03,68.131470
2003-10-06,68.441208
2003-10-07,68.704773
2003-10-08,68.533440
2003-10-09,68.717979
2003-10-10,68.909050
2003-10-13,69.126534
2003-10-14,69.370369
2003-10-15,69.185799
2003-10-16,69.462601
2003-10-17,68.704773
2003-10-20,69.218781
2003-10-21,69.100166
2003-10-22,68.230316
2003-10-23,68.105072
2003-10-24,68.256668
2003-10-27,68.289597
2003-10-28,69.218781
2003-10-29,69.311043
2003-10-30,69.456024
2003-10-31,69.390121
2003-11-03,69.844818
2003-11-04,69.693237
2003-11-05,69.745956
2003-11-06,70.114983
2003-11-07,69.594391
2003-11-10,69.311043
2003-11-11,69.291252
2003-11-12,70.068840
2003-11-13,70.088646
2003-11-14,69.495522
2003-11-17,69.146278
2003-11-18,68.427971
2003-11-19,69.007896
2003-11-20,68.388466
2003-11-21,68.671844
2003-11-24,69.581207
2003-11-25,69.844818
2003-11-26,70.095177
2003-11-28,70.147926
2003-12-01,70.905739
2003-12-02,70.727814
2003-12-03,70.615776
2003-12-04,70.905739
2003-12-05,70.411499
2003-12-08,70.885971
2003-12-09,70.339058
2003-12-10,70.332451
2003-12-11,71.123169
2003-12-12,71.261620
2003-12-15,70.905739
2003-12-16,71.274780
2003-12-17,71.498810
2003-12-18,72.302780
2003-12-19,72.101463
2003-12-22,72.604691
2003-12-23,72.651047
2003-12-24,72.578186
2003-12-26,72.631157
2003-12-29,73.597824
2003-12-30,73.611092
2003-12-31,73.677292
2004-01-02,73.644188
2004-01-05,74.445274
2004-01-06,74.518127
2004-01-07,74.769737
2004-01-08,75.067657
2004-01-09,74.412170
2004-01-12,74.961731
2004-01-13,74.524734
2004-01-14,75.147125
2004-01-15,75.332520
2004-01-16,75.630440
2004-01-20,75.610558
2004-01-21,76.206444
2004-01-22,76.007858
2004-01-23,75.762856
2004-01-26,76.716263
2004-01-27,75.928375
2004-01-28,75.061066
2004-01-29,75.133865
2004-01-30,75.133865
2004-02-02,75.458298
2004-02-03,75.332520
2004-02-04,74.716728
2004-02-05,74.935249
2004-02-06,75.776093
2004-02-09,75.795959
2004-02-10,76.040947
2004-02-11,76.848671
2004-02-12,76.570602
2004-02-13,76.226318
2004-02-17,76.914879
2004-02-18,76.577232
2004-02-19,76.292511
2004-02-20,76.060791
2004-02-23,75.868767
2004-02-24,75.736343
2004-02-25,76.054176
2004-02-26,76.100525
2004-02-27,76.153473
2004-03-01,76.908287
2004-03-02,76.458107
2004-03-03,76.597092
2004-03-04,76.795715
2004-03-05,77.053963
2004-03-08,76.113754
2004-03-09,75.809174
2004-03-10,74.537979
2004-03-11,73.571297
2004-03-12,74.537979
2004-03-15,73.624298
2004-03-16,74.014946
2004-03-17,74.842529
2004-03-18,74.862419
2004-03-19,73.789391
2004-03-22,72.852570
2004-03-23,72.726349
2004-03-24,72.786133
2004-03-25,73.749535
2004-03-26,73.769463
2004-03-29,74.805939
2004-03-30,75.058434
2004-03-31,75.144791
2004-04-01,75.596596
2004-04-02,76.167992
2004-04-05,76.586563
2004-04-06,76.340683
2004-04-07,76.161346
2004-04-08,75.988571
2004-04-12,76.287575
2004-04-13,75.217896
2004-04-14,75.337494
2004-04-15,75.051788
2004-04-16,75.629807
2004-04-19,75.629807
2004-04-20,74.360794
2004-04-21,74.859077
2004-04-22,75.908875
2004-04-23,75.981972
2004-04-26,75.875610
2004-04-27,75.942078
2004-04-28,74.958725
2004-04-29,74.300980
2004-04-30,73.722961
2004-05-03,74.513611
2004-05-04,74.453789
2004-05-05,74.932205
2004-05-06,74.287697
2004-05-07,73.058517
2004-05-10,72.307762
2004-05-11,72.919006
2004-05-12,73.384064
2004-05-13,73.078484
2004-05-14,73.111702
2004-05-17,72.487152
2004-05-18,72.852570
2004-05-19,72.600098
2004-05-20,72.832664
2004-05-21,72.958878
2004-05-24,73.264542
2004-05-25,74.314293
2004-05-26,74.573402
2004-05-27,74.991966
2004-05-28,74.985283
2004-06-01,74.885681
2004-06-02,75.164711
2004-06-03,74.473717
2004-06-04,75.065048
2004-06-07,76.207832
2004-06-08,76.314148
2004-06-09,75.603218
2004-06-10,75.975281
2004-06-14,75.224518
2004-06-15,75.756027
2004-06-16,75.742775
2004-06-17,75.629807
2004-06-18,75.772507
2004-06-21,75.485771
2004-06-22,75.865852
2004-06-23,76.519371
2004-06-24,76.279297
2004-06-25,75.912575
2004-06-28,75.652473
2004-06-29,75.965927
2004-06-30,76.372650
2004-07-01,75.312378
2004-07-02,75.272362
2004-07-06,74.612228
2004-07-07,74.832321
2004-07-08,74.312111
2004-07-09,74.505508
2004-07-12,74.538902
2004-07-13,74.592216
2004-07-14,74.365494
2004-07-15,73.885368
2004-07-16,73.825356
2004-07-19,73.511932
2004-07-20,74.445511
2004-07-21,73.071823
2004-07-22,73.271866
2004-07-23,72.658401
2004-07-26,72.518333
2004-07-27,73.198540
2004-07-28,73.418587
2004-07-29,73.731972
2004-07-30,73.912025
2004-08-02,74.065437
2004-08-03,73.491936
2004-08-04,73.485268
2004-08-05,72.284981
2004-08-06,71.251358
2004-08-09,71.351410
2004-08-10,72.271614
2004-08-11,72.124931
2004-08-12,71.338005
2004-08-13,71.478104
2004-08-16,72.218300
2004-08-17,72.625046
2004-08-18,73.371918
2004-08-19,73.158501
2004-08-20,73.671967
2004-08-23,73.485268
2004-08-24,73.585289
2004-08-25,74.085396
2004-08-26,74.085396
2004-08-27,74.318810
2004-08-30,73.705338
2004-08-31,74.092087
2004-09-01,74.232132
2004-09-02,75.072334
2004-09-03,74.765564
2004-09-07,75.259056
2004-09-08,75.072334
2004-09-09,75.005653
2004-09-10,75.392418
2004-09-13,75.639168
2004-09-14,75.792542
2004-09-15,75.219040
2004-09-16,75.445778
2004-09-17,75.766495
2004-09-20,75.311157
2004-09-21,75.639282
2004-09-22,74.695114
2004-09-23,74.293358
2004-09-24,74.634850
2004-09-27,74.159447
2004-09-28,74.514359
2004-09-29,74.889297
2004-09-30,74.835732
2004-10-01,76.101318
2004-10-04,76.228554
2004-10-05,76.268715
2004-10-06,76.791039
2004-10-07,75.967400
2004-10-08,75.337944
2004-10-11,75.645996
2004-10-12,75.351349
2004-10-13,74.688438
2004-10-14,74.085777
2004-10-15,74.500946
2004-10-18,74.782150
2004-10-19,74.152740
2004-10-20,74.005432
2004-10-21,74.487526
2004-10-22,73.650543
2004-10-25,73.563515
2004-10-26,74.688438
2004-10-27,75.585701
2004-10-28,75.813408
2004-10-29,75.799988
2004-11-01,76.007584
2004-11-02,76.034340
2004-11-03,76.991882
2004-11-04,78.043190
2004-11-05,78.531975
2004-11-08,78.418159
2004-11-09,78.264153
2004-11-10,78.324440
2004-11-11,78.920380
2004-11-12,79.543121
2004-11-15,79.738556
2004-11-16,79.167702
2004-11-17,79.637810
2004-11-18,79.745262
2004-11-19,78.858742
2004-11-22,79.234840
2004-11-23,79.355743
2004-11-24,79.543800
2004-11-26,79.483337
2004-11-29,79.120689
2004-11-30,79.174431
2004-12-01,80.074348
2004-12-02,80.141518
2004-12-03,80.087776
2004-12-06,80.060928
2004-12-07,79.315460
2004-12-08,79.778854
2004-12-09,80.060928
2004-12-10,80.141518
2004-12-13,80.839951
2004-12-14,81.122009
2004-12-15,81.182472
2004-12-16,81.135468
2004-12-17,80.594307
2004-12-20,80.614563
2004-12-21,81.235352
2004-12-22,81.431007
2004-12-23,81.491753
2004-12-27,81.323059
2004-12-28,81.768425
2004-12-29,81.889885
2004-12-30,81.734673
2004-12-31,81.559227
2005-01-03,81.174599
2005-01-04,80.182693
2005-01-05,79.629395
2005-01-06,80.034256
2005-01-07,79.919510
2005-01-10,80.297432
2005-01-11,79.744095
2005-01-12,80.007248
2005-01-13,79.366241
2005-01-14,79.784576
2005-01-18,80.614563
2005-01-19,79.771057
2005-01-20,79.285233
2005-01-21,78.799416
2005-01-24,78.644234
2005-01-25,78.866905
2005-01-26,79.103096
2005-01-27,79.238029
2005-01-28,79.238029
2005-01-31,79.730598
2005-02-01,80.236679
2005-02-02,80.479584
2005-02-03,80.270432
2005-02-04,81.127335
2005-02-07,81.019402
2005-02-08,81.113884
2005-02-09,80.506599
2005-02-10,80.796745
2005-02-11,81.491753
2005-02-14,81.431007
2005-02-15,81.734673
2005-02-16,81.788658
2005-02-17,81.127335
2005-02-18,81.235352
2005-02-22,80.027473
2005-02-23,80.601051
2005-02-24,81.134132
2005-02-25,81.937080
2005-02-28,81.397270
2005-03-01,81.802177
2005-03-02,81.761665
2005-03-03,81.795387
2005-03-04,82.814293
2005-03-07,82.854790
2005-03-08,82.544373
2005-03-09,81.626717
2005-03-10,81.808876
2005-03-11,81.235352
2005-03-14,81.741409
2005-03-15,81.066628
2005-03-16,80.378365
2005-03-17,80.540352
2005-03-18,80.301178
2005-03-21,80.003128
2005-03-22,79.190201
2005-03-23,79.257965
2005-03-24,79.352829
2005-03-28,79.467964
2005-03-29,78.939590
2005-03-30,80.057312
2005-03-31,79.908264
2005-04-01,79.549255
2005-04-04,79.684731
2005-04-05,80.064087
2005-04-06,80.341812
2005-04-07,80.775375
2005-04-08,79.935387
2005-04-11,79.996346
2005-04-12,80.409569
2005-04-13,79.461197
2005-04-14,78.424751
2005-04-15,77.327324
2005-04-18,77.564400
2005-04-19,78.180847
2005-04-20,77.090271
2005-04-21,78.587296
2005-04-22,78.289238
2005-04-25,78.804092
2005-04-26,78.038620
2005-04-27,78.343460
2005-04-28,77.361198
2005-04-29,78.411194
2005-05-02,78.851517
2005-05-03,78.986992
2005-05-04,79.596657
2005-05-05,79.569595
2005-05-06,79.318909
2005-05-09,79.813454
2005-05-10,78.986992
2005-05-11,79.420555
2005-05-12,78.546692
2005-05-13,78.390869
2005-05-16,79.122498
2005-05-17,79.650887
2005-05-18,80.470551
2005-05-19,80.809242
2005-05-20,80.694077
2005-05-23,81.141197
2005-05-24,80.951530
2005-05-25,80.890572
2005-05-26,81.324104
2005-05-27,81.459579
2005-05-31,80.937950
2005-06-01,81.628929
2005-06-02,81.805069
2005-06-03,81.391846
2005-06-06,81.317299
2005-06-07,81.378288
2005-06-08,81.229256
2005-06-09,81.615379
2005-06-10,81.425674
2005-06-13,81.683151
2005-06-14,81.872795
2005-06-15,82.028580
2005-06-16,82.238609
2005-06-17,82.543327
2005-06-20,82.570488
2005-06-21,82.618134
2005-06-22,82.686165
2005-06-23,81.523094
2005-06-24,80.924545
2005-06-27,81.040207
2005-06-28,81.720322
2005-06-29,81.502708
2005-06-30,81.060585
2005-07-01,81.298645
2005-07-05,81.951561
2005-07-06,81.264648
2005-07-07,81.584282
2005-07-08,82.516113
2005-07-11,82.937820
2005-07-12,83.155495
2005-07-13,83.271072
2005-07-14,83.597580
2005-07-15,83.549919
2005-07-18,83.216644
2005-07-19,83.672363
2005-07-20,83.958038
2005-07-21,83.468315
2005-07-22,84.026047
2005-07-25,83.788025
2005-07-26,83.889999
2005-07-27,84.196075
2005-07-28,84.726616
2005-07-29,84.162071
2005-08-01,84.100899
2005-08-02,84.604187
2005-08-03,84.828651
2005-08-04,84.148483
2005-08-05,83.577148
2005-08-08,83.420731
2005-08-09,83.924057
2005-08-10,83.883232
2005-08-11,84.216476
2005-08-12,83.699570
2005-08-15,84.216476
2005-08-16,83.121437
2005-08-17,83.114647
2005-08-18,83.107819
2005-08-19,83.298294
2005-08-22,83.298294
2005-08-23,83.141876
2005-08-24,82.400497
2005-08-25,82.699783
2005-08-26,82.135231
2005-08-29,82.767754
2005-08-30,82.332474
2005-08-31,83.373123
2005-09-01,83.311890
2005-09-02,83.162270
2005-09-06,84.134888
2005-09-07,84.277702
2005-09-08,83.998833
2005-09-09,84.747009
2005-09-12,84.576973
2005-09-13,84.107689
2005-09-14,83.801590
2005-09-15,83.760811
2005-09-16,84.356422
2005-09-19,84.076363
2005-09-20,83.365997
2005-09-21,82.587311
2005-09-22,82.881004
2005-09-23,82.949318
2005-09-26,83.044983
2005-09-27,83.024498
2005-09-28,83.106422
2005-09-29,83.782661
2005-09-30,84.042206
2005-10-03,83.741646
2005-10-04,82.799019
2005-10-05,81.713020
2005-10-06,81.419304
2005-10-07,81.699371
2005-10-10,81.009491
2005-10-11,80.893326
2005-10-12,80.258110
2005-10-13,80.210304
2005-10-14,81.057312
2005-10-17,81.357849
2005-10-18,80.476685
2005-10-19,81.815475
2005-10-20,80.374214
2005-10-21,80.688431
2005-10-24,81.938408
2005-10-25,81.774513
2005-10-26,81.535408
2005-10-27,80.667961
2005-10-28,81.829132
2005-10-31,82.054558
2005-11-01,82.300438
2005-11-02,83.161049
2005-11-03,83.516289
2005-11-04,83.406990
2005-11-07,83.488930
2005-11-08,83.488930
2005-11-09,83.598213
2005-11-10,84.247086
2005-11-11,84.534019
2005-11-14,84.486183
2005-11-15,84.178848
2005-11-16,84.349579
2005-11-17,85.135071
2005-11-18,85.469795
2005-11-21,85.900085
2005-11-22,86.268982
2005-11-23,86.767570
2005-11-25,86.835869
2005-11-28,86.221146
2005-11-29,86.125511
2005-11-30,85.661026
2005-12-01,86.535301
2005-12-02,86.644623
2005-12-05,86.460190
2005-12-06,86.624130
2005-12-07,86.118668
2005-12-08,86.064003
2005-12-09,86.289429
2005-12-12,86.371399
2005-12-13,86.958824
2005-12-14,87.300339
2005-12-15,87.047585
2005-12-16,86.767433
2005-12-19,86.321114
2005-12-20,86.403496
2005-12-21,86.540817
2005-12-22,86.994034
2005-12-23,87.042099
2005-12-27,86.156326
2005-12-28,86.348587
2005-12-29,85.964066
2005-12-30,85.497131
2006-01-03,87.000916
2006-01-04,87.412933
2006-01-05,87.467880
2006-01-06,88.195747
2006-01-09,88.422310
2006-01-10,88.511574
2006-01-11,88.793083
2006-01-12,88.442924
2006-01-13,88.360527
2006-01-17,88.120178
2006-01-18,87.769997
2006-01-19,88.106468
2006-01-20,86.499664
2006-01-23,86.808678
2006-01-24,86.897934
2006-01-25,86.973442
2006-01-26,87.454124
2006-01-27,88.264381
2006-01-30,88.195747
2006-01-31,87.550262
2006-02-01,88.161392
2006-02-02,87.138275
2006-02-03,86.705643
2006-02-06,86.932251
2006-02-07,86.163177
2006-02-08,86.945976
2006-02-09,86.801804
2006-02-10,86.959686
2006-02-13,86.801804
2006-02-14,87.721947
2006-02-15,88.030914
2006-02-16,88.690140
2006-02-17,88.449791
2006-02-21,88.230049
2006-02-22,88.765663
2006-02-23,88.635208
2006-02-24,88.861816
2006-02-27,88.896133
2006-02-28,88.051514
2006-03-01,88.834312
2006-03-02,88.827446
2006-03-03,88.415451
2006-03-06,88.010323
2006-03-07,87.872993
2006-03-08,88.058395
2006-03-09,87.467880
2006-03-10,88.298714
2006-03-13,88.463493
2006-03-14,89.390518
2006-03-15,89.788773
2006-03-16,89.974174
2006-03-17,90.049324
2006-03-20,89.904564
2006-03-21,89.339272
2006-03-22,89.883873
2006-03-23,89.697769
2006-03-24,89.766701
2006-03-27,89.635689
2006-03-28,89.084175
2006-03-29,89.642578
2006-03-30,89.484032
2006-03-31,89.504707
2006-04-03,89.435768
2006-04-04,90.007965
2006-04-05,90.318207
2006-04-06,90.221672
2006-04-07,89.304802
2006-04-10,89.442665
2006-04-11,88.684288
2006-04-12,88.849785
2006-04-13,88.732590
2006-04-17,88.698112
2006-04-18,90.104469
2006-04-19,90.276833
2006-04-20,90.400909
2006-04-21,90.414726
2006-04-24,90.249237
2006-04-25,89.876976
2006-04-26,89.897675
2006-04-27,90.331978
2006-04-28,90.635300
2006-05-01,89.897675
2006-05-02,90.573288
2006-05-03,90.235474
2006-05-04,90.559494
2006-05-05,91.359207
2006-05-08,91.248886
2006-05-09,91.428139
2006-05-10,91.379883
2006-05-11,90.276833
2006-05-12,89.097977
2006-05-15,89.277214
2006-05-16,89.146225
2006-05-17,87.450294
2006-05-18,87.009079
2006-05-19,87.622650
2006-05-22,86.953964
2006-05-23,86.292061
2006-05-24,86.981514
2006-05-25,88.056969
2006-05-26,88.505104
2006-05-30,86.933258
2006-05-31,87.905304
2006-06-01,88.746399
2006-06-02,88.932518
2006-06-05,87.636459
2006-06-06,87.422745
2006-06-07,86.767776
2006-06-08,86.691978
2006-06-09,86.416206
2006-06-12,85.478630
2006-06-13,84.485878
2006-06-14,85.140793
2006-06-15,86.947060
2006-06-16,86.313416
2006-06-19,85.634865
2006-06-20,85.925659
2006-06-21,86.562721
2006-06-22,86.181892
2006-06-23,86.168015
2006-06-26,86.548935
2006-06-27,85.801064
2006-06-28,86.382683
2006-06-29,88.127647
2006-06-30,88.134575
2006-07-03,88.494667
2006-07-05,87.989159
2006-07-06,88.245377
2006-07-07,87.670670
2006-07-10,87.836830
2006-07-11,88.224602
2006-07-12,87.282921
2006-07-13,85.863373
2006-07-14,85.530968
2006-07-17,85.406342
2006-07-18,85.842590
2006-07-19,87.033577
2006-07-20,86.438118
2006-07-21,85.828735
2006-07-24,87.393661
2006-07-25,87.705276
2006-07-26,87.822968
2006-07-27,87.739914
2006-07-28,88.619324
2006-07-31,88.529289
2006-08-01,88.093033
2006-08-02,88.688507
2006-08-03,88.923981
2006-08-04,88.771660
2006-08-07,88.563904
2006-08-08,88.224602
2006-08-09,87.926880
2006-08-10,88.196907
2006-08-11,87.947647
2006-08-14,88.016861
2006-08-15,89.069412
2006-08-16,89.810310
2006-08-17,90.038818
2006-08-18,90.495842
2006-08-21,90.108063
2006-08-22,90.101151
2006-08-23,89.851837
2006-08-24,89.775696
2006-08-25,89.886482
2006-08-28,90.315781
2006-08-29,90.419617
2006-08-30,90.475052
2006-08-31,90.461205
2006-09-01,91.001335
2006-09-05,91.174446
2006-09-06,90.371185
2006-09-07,89.955719
2006-09-08,90.211922
2006-09-11,90.301964
2006-09-12,91.188286
2006-09-13,91.555275
2006-09-14,91.562164
2006-09-15,91.777130
2006-09-18,91.902321
2006-09-19,91.672783
2006-09-20,92.159637
2006-09-21,91.714523
2006-09-22,91.436302
2006-09-25,92.138756
2006-09-26,92.903793
2006-09-27,93.015045
2006-09-28,92.980309
2006-09-29,92.903793
2006-10-02,92.556076
2006-10-03,92.750778
2006-10-04,93.835777
2006-10-05,94.016586
2006-10-06,93.898338
2006-10-09,93.954002
2006-10-10,94.079185
2006-10-11,93.967941
2006-10-12,94.781609
2006-10-13,95.025055
2006-10-16,95.171082
2006-10-17,94.872070
2006-10-18,94.997246
2006-10-19,95.150208
2006-10-20,95.171082
2006-10-23,95.609268
2006-10-24,95.894455
2006-10-25,96.221275
2006-10-26,96.520355
2006-10-27,95.915276
2006-10-30,95.845757
2006-10-31,95.831795
2006-11-01,95.185020
2006-11-02,95.129387
2006-11-03,94.962479
2006-11-06,96.033524
2006-11-07,96.402161
2006-11-08,96.610786
2006-11-09,96.103058
2006-11-10,96.144814
2006-11-13,96.381302
2006-11-14,97.104576
2006-11-15,97.382797
2006-11-16,97.633179
2006-11-17,97.661018
2006-11-20,97.716621
2006-11-21,97.813965
2006-11-22,98.008690
2006-11-24,97.612328
2006-11-27,96.269974
2006-11-28,96.687286
2006-11-29,97.695732
2006-11-30,97.737480
2006-12-01,97.521858
2006-12-04,98.266045
2006-12-05,98.690285
2006-12-06,98.606857
2006-12-07,98.175621
2006-12-08,98.356438
2006-12-11,98.641624
2006-12-12,98.565117
2006-12-13,98.669403
2006-12-14,99.538734
2006-12-15,99.547897
2006-12-18,99.275146
2006-12-19,99.463936
2006-12-20,99.407997
2006-12-21,99.044327
2006-12-22,98.435875
2006-12-26,99.016342
2006-12-27,99.666771
2006-12-28,99.456940
2006-12-29,99.044327
2007-01-03,98.869522
2007-01-04,99.079292
2007-01-05,98.289062
2007-01-08,98.743607
2007-01-09,98.659714
2007-01-10,98.988358
2007-01-11,99.421997
2007-01-12,100.177338
2007-01-16,99.981514
2007-01-17,100.023453
2007-01-18,99.687721
2007-01-19,99.883606
2007-01-22,99.575867
2007-01-23,99.869560
2007-01-24,100.673851
2007-01-25,99.491928
2007-01-26,99.400978
2007-01-29,99.345039
2007-01-30,99.862595
2007-01-31,100.533989
2007-02-01,101.135422
2007-02-02,101.275330
2007-02-05,101.303307
2007-02-06,101.331276
2007-02-07,101.555069
2007-02-08,101.422218
2007-02-09,100.666878
2007-02-12,100.324181
2007-02-13,101.170403
2007-02-14,101.834816
2007-02-15,101.967682
2007-02-16,101.918709
2007-02-20,102.135529
2007-02-21,102.093552
2007-02-22,102.016685
2007-02-23,101.618019
2007-02-26,101.527069
2007-02-27,97.561691
2007-02-28,98.561737
2007-03-01,98.268028
2007-03-02,96.981239
2007-03-05,96.058060
2007-03-06,97.701546
2007-03-07,97.603630
2007-03-08,98.428902
2007-03-09,98.456856
2007-03-12,98.603767
2007-03-13,96.687477
2007-03-14,97.407829
2007-03-15,97.540695
2007-03-16,97.267570
2007-03-19,98.440147
2007-03-20,98.980827
2007-03-21,100.609756
2007-03-22,100.532509
2007-03-23,100.679977
2007-03-26,100.546547
2007-03-27,100.307800
2007-03-28,99.577629
2007-03-29,99.682930
2007-03-30,99.704018
2007-04-02,99.816330
2007-04-03,100.890610
2007-04-04,101.002937
2007-04-05,101.276825
2007-04-09,101.417236
2007-04-10,101.536583
2007-04-11,101.122353
2007-04-12,101.571671
2007-04-13,102.035103
2007-04-16,103.004066
2007-04-17,103.277878
2007-04-18,103.404243
2007-04-19,103.376183
2007-04-20,104.352142
2007-04-23,103.958961
2007-04-24,104.001076
2007-04-25,104.956017
2007-04-26,105.075356
2007-04-27,104.991127
2007-04-30,104.120438
2007-05-01,104.387253
2007-05-02,104.998177
2007-05-03,105.566872
2007-05-04,105.967094
2007-05-07,105.988190
2007-05-08,105.847755
2007-05-09,106.135597
2007-05-10,105.026245
2007-05-11,105.924919
2007-05-14,105.693245
2007-05-15,105.721352
2007-05-16,106.444534
2007-05-17,106.233879
2007-05-18,107.160744
2007-05-21,107.104568
2007-05-22,107.020332
2007-05-23,107.034325
2007-05-24,106.065331
2007-05-25,106.507683
2007-05-29,106.893921
2007-05-30,107.764557
2007-05-31,107.652222
2007-06-01,108.185875
2007-06-04,108.199905
2007-06-05,107.771568
2007-06-06,106.613052
2007-06-07,104.689163
2007-06-08,106.051331
2007-06-11,106.233879
2007-06-12,105.075356
2007-06-13,106.648186
2007-06-14,107.329254
2007-06-15,107.939911
2007-06-18,107.812996
2007-06-19,108.080940
2007-06-20,106.578934
2007-06-21,107.171326
2007-06-22,106.162895
2007-06-25,105.655182
2007-06-26,104.569191
2007-06-27,106.057167
2007-06-28,106.042999
2007-06-29,106.078316
2007-07-02,107.037262
2007-07-03,107.425133
2007-07-05,107.312355
2007-07-06,107.876450
2007-07-09,107.961082
2007-07-10,106.423798
2007-07-11,107.178368
2007-07-12,108.870758
2007-07-13,109.195114
2007-07-16,109.180969
2007-07-17,109.124611
2007-07-18,108.927147
2007-07-19,109.350311
2007-07-20,108.243149
2007-07-23,108.574554
2007-07-24,106.691757
2007-07-25,106.910385
2007-07-26,104.378822
2007-07-27,102.326790
2007-07-30,103.927521
2007-07-31,102.756905
2007-08-01,103.257607
2007-08-02,104.082611
2007-08-03,101.403030
2007-08-06,103.102501
2007-08-07,104.202538
2007-08-08,105.655182
2007-08-09,102.524254
2007-08-10,102.044708
2007-08-13,102.411469
2007-08-14,100.845924
2007-08-15,99.456772
2007-08-16,100.204262
2007-08-17,102.044708
2007-08-20,101.995369
2007-08-21,102.199852
2007-08-22,103.412712
2007-08-23,103.321083
2007-08-24,104.597435
2007-08-27,103.624260
2007-08-28,101.346626
2007-08-29,103.335167
2007-08-30,103.060158
2007-08-31,104.075569
2007-09-04,105.126335
2007-09-05,104.216652
2007-09-06,104.456429
2007-09-07,103.003761
2007-09-10,102.806282
2007-09-11,104.005096
2007-09-12,104.273048
2007-09-13,105.006432
2007-09-14,104.999390
2007-09-17,104.435226
2007-09-18,107.509773
2007-09-19,108.144417
2007-09-20,107.382851
2007-09-21,107.672607
2007-09-24,107.474167
2007-09-25,107.261726
2007-09-26,107.828484
2007-09-27,108.466156
2007-09-28,108.104805
2007-10-01,109.323448
2007-10-02,109.174675
2007-10-03,108.955032
2007-10-04,109.124992
2007-10-05,110.421631
2007-10-08,109.833603
2007-10-09,110.867989
2007-10-10,110.683792
2007-10-11,110.152451
2007-10-12,110.761719
2007-10-15,109.826530
2007-10-16,108.955032
2007-10-17,109.288063
2007-10-18,108.891304
2007-10-19,106.042999
2007-10-22,106.659401
2007-10-23,107.523842
2007-10-24,107.325485
2007-10-25,107.580521
2007-10-26,108.841667
2007-10-29,109.203003
2007-10-30,108.444916
2007-10-31,109.571472
2007-11-01,107.006630
2007-11-02,107.127090
2007-11-05,106.312302
2007-11-06,107.743507
2007-11-07,104.796051
2007-11-08,104.264648
2007-11-09,102.833481
2007-11-12,101.813240
2007-11-13,104.916512
2007-11-14,104.626007
2007-11-15,103.116859
2007-11-16,103.294014
2007-11-19,101.855743
2007-11-20,102.479233
2007-11-21,100.382034
2007-11-23,102.117905
2007-11-26,99.864853
2007-11-27,101.012596
2007-11-28,104.243393
2007-11-29,104.278847
2007-11-30,105.327492
2007-12-03,104.633102
2007-12-04,103.697845
2007-12-05,105.433739
2007-12-06,106.942886
2007-12-07,106.921593
2007-12-10,107.750534
2007-12-11,104.796051
2007-12-12,105.830521
2007-12-13,105.610786
2007-12-14,104.271751
2007-12-17,102.783890
2007-12-18,103.357796
2007-12-19,103.357796
2007-12-20,104.009575
2007-12-21,105.508957
2007-12-24,106.292435
2007-12-26,106.520325
2007-12-27,105.181290
2007-12-28,104.917770
2007-12-31,104.141411
2008-01-02,103.229668
2008-01-03,103.179787
2008-01-04,100.651230
2008-01-07,100.565796
2008-01-08,98.941818
2008-01-09,99.981720
2008-01-10,100.637001
2008-01-11,99.825035
2008-01-14,100.629860
2008-01-15,98.414734
2008-01-16,97.567093
2008-01-17,95.038544
2008-01-18,94.062721
2008-01-22,93.108253
2008-01-23,95.344841
2008-01-24,96.149658
2008-01-25,94.760742
2008-01-28,96.327782
2008-01-29,96.804985
2008-01-30,96.092743
2008-01-31,97.844864
2008-02-01,99.419029
2008-02-04,98.165398
2008-02-05,95.537125
2008-02-06,94.767860
2008-02-07,95.394707
2008-02-08,94.782150
2008-02-11,95.266479
2008-02-12,96.149658
2008-02-13,97.132591
2008-02-14,96.277908
2008-02-15,96.256531
2008-02-19,96.527184
2008-02-20,96.812103
2008-02-21,96.007248
2008-02-22,96.598381
2008-02-25,97.816391
2008-02-26,98.550064
2008-02-27,98.450340
2008-02-28,97.488777
2008-02-29,95.316330
2008-03-03,95.088402
2008-03-04,94.725143
2008-03-05,95.323441
2008-03-06,93.350464
2008-03-07,92.388893
2008-03-10,91.170906
2008-03-11,94.447334
2008-03-12,93.564148
2008-03-13,93.770676
2008-03-14,92.317673
2008-03-17,91.384567
2008-03-18,95.181000
2008-03-19,92.823372
2008-03-20,94.542717
2008-03-24,96.432465
2008-03-25,96.525482
2008-03-26,95.344421
2008-03-27,95.043770
2008-03-28,94.134697
2008-03-31,94.463959
2008-04-01,97.785255
2008-04-02,97.849693
2008-04-03,98.093079
2008-04-04,97.985703
2008-04-07,98.035835
2008-04-08,97.935593
2008-04-09,97.226967
2008-04-10,97.362961
2008-04-11,95.473282
2008-04-14,95.151161
2008-04-15,95.373047
2008-04-16,97.957092
2008-04-17,98.100220
2008-04-18,99.123825
2008-04-21,99.173973
2008-04-22,98.737289
2008-04-23,98.579811
2008-04-24,99.009293
2008-04-25,99.925529
2008-04-28,99.947021
2008-04-29,99.553329
2008-04-30,98.966347
2008-05-01,101.013550
2008-05-02,101.292679
2008-05-05,100.805969
2008-05-06,101.679260
2008-05-07,99.868248
2008-05-08,99.610596
2008-05-09,99.424477
2008-05-12,100.541115
2008-05-13,100.555397
2008-05-14,100.763000
2008-05-15,102.022774
2008-05-16,102.115898
2008-05-19,102.395050
2008-05-20,101.564697
2008-05-21,99.846794
2008-05-22,99.861122
2008-05-23,98.522583
2008-05-27,99.252693
2008-05-28,99.710815
2008-05-29,100.211868
2008-05-30,100.462402
2008-06-02,99.424477
2008-06-03,98.844666
2008-06-04,98.794609
2008-06-05,100.770172
2008-06-06,97.556229
2008-06-09,97.792419
2008-06-10,97.305725
2008-06-11,95.874084
2008-06-12,96.239166
2008-06-13,97.456039
2008-06-16,97.513260
2008-06-17,97.040871
2008-06-18,96.095985
2008-06-19,96.217667
2008-06-20,94.655937
2008-06-23,94.562401
2008-06-24,94.375359
2008-06-25,94.821365
2008-06-26,92.246002
2008-06-27,91.742432
2008-06-30,92.066162
2008-07-01,92.353928
2008-07-02,90.771263
2008-07-03,90.864807
2008-07-07,89.936790
2008-07-08,91.533829
2008-07-09,89.771362
2008-07-10,90.138229
2008-07-11,89.087906
2008-07-14,88.282219
2008-07-15,87.037697
2008-07-16,89.174263
2008-07-17,90.066269
2008-07-18,90.627357
2008-07-21,90.677750
2008-07-22,91.706467
2008-07-23,92.202827
2008-07-24,90.289299
2008-07-25,90.267685
2008-07-28,88.944046
2008-07-29,90.843208
2008-07-30,92.461830
2008-07-31,91.238884
2008-08-01,90.756874
2008-08-04,89.915222
2008-08-05,92.339523
2008-08-06,92.749573
2008-08-07,91.368347
2008-08-08,93.066078
2008-08-11,94.030014
2008-08-12,93.051704
2008-08-13,92.490616
2008-08-14,93.188385
2008-08-15,93.641594
2008-08-18,92.361099
2008-08-19,91.353981
2008-08-20,91.778397
2008-08-21,91.936646
2008-08-22,93.267494
2008-08-25,91.375557
2008-08-26,91.641716
2008-08-27,92.533752
2008-08-28,93.656021
2008-08-29,92.648857
2008-09-02,92.073334
2008-09-03,91.994217
2008-09-04,89.224632
2008-09-05,89.505150
2008-09-08,91.353981
2008-09-09,88.641899
2008-09-10,89.001595
2008-09-11,90.289299
2008-09-12,90.706505
2008-09-15,86.390259
2008-09-16,87.836205
2008-09-17,83.886810
2008-09-18,86.375839
2008-09-19,89.806190
2008-09-22,87.773026
2008-09-23,85.776016
2008-09-24,86.050995
2008-09-25,87.396790
2008-09-26,87.440201
2008-09-29,80.588272
2008-09-30,83.923790
2008-10-01,83.974434
2008-10-02,80.928307
2008-10-03,79.835754
2008-10-06,75.769424
2008-10-07,72.376038
2008-10-08,70.552673
2008-10-09,65.625343
2008-10-10,64.033577
2008-10-13,73.331093
2008-10-14,72.245766
2008-10-15,65.133339
2008-10-16,67.846634
2008-10-17,67.441452
2008-10-20,71.493301
2008-10-21,69.358864
2008-10-22,65.581947
2008-10-23,66.341682
2008-10-24,62.977184
2008-10-27,60.741467
2008-10-28,67.839409
2008-10-29,67.347412
2008-10-30,69.677200
2008-10-31,70.060669
2008-11-03,70.263313
2008-11-04,72.650978
2008-11-05,69.597626
2008-11-06,65.741119
2008-11-07,67.911743
2008-11-10,67.021790
2008-11-11,64.952477
2008-11-12,62.094479
2008-11-13,65.965439
2008-11-14,62.673302
2008-11-17,61.841213
2008-11-18,63.006161
2008-11-19,58.968758
2008-11-20,54.591309
2008-11-21,57.536156
2008-11-24,61.522884
2008-11-25,61.978725
2008-11-26,64.373627
2008-11-28,65.184013
2008-12-01,59.410130
2008-12-02,61.696503
2008-12-03,63.179794
2008-12-04,61.718239
2008-12-05,63.621162
2008-12-08,65.842430
2008-12-09,64.757126
2008-12-10,65.198479
2008-12-11,63.628380
2008-12-12,64.388069
2008-12-15,63.490929
2008-12-16,66.479141
2008-12-17,65.835205
2008-12-18,64.605202
2008-12-19,64.327271
2008-12-22,63.503033
2008-12-23,62.846561
2008-12-24,63.211266
2008-12-26,63.575974
2008-12-29,63.393593
2008-12-30,64.896233
2008-12-31,65.822571
2009-01-02,67.806557
2009-01-05,67.726349
2009-01-06,68.178596
2009-01-07,66.136200
2009-01-08,66.406105
2009-01-09,64.983734
2009-01-12,63.422764
2009-01-13,63.539497
2009-01-14,61.540878
2009-01-15,61.562763
2009-01-16,62.044182
2009-01-20,58.769131
2009-01-21,61.307472
2009-01-22,60.359238
2009-01-23,60.621838
2009-01-26,61.037586
2009-01-27,61.657581
2009-01-28,63.743729
2009-01-29,61.672192
2009-01-30,60.417587
2009-02-02,60.235226
2009-02-03,61.081348
2009-02-04,60.782303
2009-02-05,61.686775
2009-02-06,63.444679
2009-02-09,63.532200
2009-02-10,60.621838
2009-02-11,60.979252
2009-02-12,61.023014
2009-02-13,60.366528
2009-02-17,57.784382
2009-02-18,57.645805
2009-02-19,57.025818
2009-02-20,56.471428
2009-02-23,54.450985
2009-02-24,56.515240
2009-02-25,56.070263
2009-02-26,55.158485
2009-02-27,53.925777
2009-03-02,51.496811
2009-03-03,51.110218
2009-03-04,52.321075
2009-03-05,50.183865
2009-03-06,50.271393
2009-03-09,49.680580
2009-03-10,52.642006
2009-03-11,52.984821
2009-03-12,55.070972
2009-03-13,55.501316
2009-03-16,55.333553
2009-03-17,57.025818
2009-03-18,58.302280
2009-03-19,57.580177
2009-03-20,56.354038
2009-03-23,60.401897
2009-03-24,59.211807
2009-03-25,59.836212
2009-03-26,61.055721
2009-03-27,59.953796
2009-03-30,57.882072
2009-03-31,58.418373
2009-04-01,59.549709
2009-04-02,61.290829
2009-04-03,61.900536
2009-04-06,61.415722
2009-04-07,59.983128
2009-04-08,60.629646
2009-04-09,63.039234
2009-04-13,63.053932
2009-04-14,61.966671
2009-04-15,62.627853
2009-04-16,63.546150
2009-04-17,63.972248
2009-04-20,61.290829
2009-04-21,62.488274
2009-04-22,62.106251
2009-04-23,62.716034
2009-04-24,63.663689
2009-04-27,63.061279
2009-04-28,62.862923
2009-04-29,64.199959
2009-04-30,64.222000
2009-05-01,64.567291
2009-05-04,66.763840
2009-05-05,66.536110
2009-05-06,67.689484
2009-05-07,66.749176
2009-05-08,68.306595
2009-05-11,67.028328
2009-05-12,66.829979
2009-05-13,65.147697
2009-05-14,65.705971
2009-05-15,65.169701
2009-05-18,67.020981
2009-05-19,66.940193
2009-05-20,66.492027
2009-05-21,65.537025
2009-05-22,65.397453
2009-05-26,67.072411
2009-05-27,65.874908
2009-05-28,66.793236
2009-05-29,67.976013
2009-06-01,69.621605
2009-06-02,69.680382
2009-06-03,68.798759
2009-06-04,69.445320
2009-06-05,69.459976
2009-06-08,69.173470
2009-06-09,69.526115
2009-06-10,69.349808
2009-06-11,69.658333
2009-06-12,69.849350
2009-06-15,68.247833
2009-06-16,67.322174
2009-06-17,67.256065
2009-06-18,67.748253
2009-06-19,67.998009
2009-06-22,65.958954
2009-06-23,66.010666
2009-06-24,66.579498
2009-06-25,68.027550
2009-06-26,67.850204
2009-06-29,68.485596
2009-06-30,67.931511
2009-07-01,68.212219
2009-07-02,66.350487
2009-07-06,66.343109
2009-07-07,65.057610
2009-07-08,65.013283
2009-07-09,65.138863
2009-07-10,64.983719
2009-07-13,66.564728
2009-07-14,66.941544
2009-07-15,68.899315
2009-07-16,68.788475
2009-07-17,69.542068
2009-07-20,70.280876
2009-07-21,70.605911
2009-07-22,70.591095
2009-07-23,72.149971
2009-07-24,72.445473
2009-07-27,72.659721
2009-07-28,72.319885
2009-07-29,72.142586
2009-07-30,72.896133
2009-07-31,72.999588
2009-08-03,74.203827
2009-08-04,74.395866
2009-08-05,74.181618
2009-08-06,73.797478
2009-08-07,74.765266
2009-08-10,74.610130
2009-08-11,73.679253
2009-08-12,74.469788
2009-08-13,75.038620
2009-08-14,74.462364
2009-08-17,72.630180
2009-08-18,73.206429
2009-08-19,73.849197
2009-08-20,74.610130
2009-08-21,76.072929
2009-08-24,76.065521
2009-08-25,76.213318
2009-08-26,76.220673
2009-08-27,76.390594
2009-08-28,76.375839
2009-08-31,75.696144
2009-09-01,74.026512
2009-09-02,73.745750
2009-09-03,74.358955
2009-09-04,75.400642
2009-09-08,76.050797
2009-09-09,76.634407
2009-09-10,77.417519
2009-09-11,77.402763
2009-09-14,77.779541
2009-09-15,78.104584
2009-09-16,79.286629
2009-09-17,79.168434
2009-09-18,79.218918
2009-09-21,79.018494
2009-09-22,79.478729
2009-09-23,78.818085
2009-09-24,77.949585
2009-09-25,77.533897
2009-09-28,78.922005
2009-09-29,78.684448
2009-09-30,78.380119
2009-10-01,76.435272
2009-10-02,76.078964
2009-10-05,77.214699
2009-10-06,78.320747
2009-10-07,78.536011
2009-10-08,79.137268
2009-10-09,79.619789
2009-10-12,79.931557
2009-10-13,79.768250
2009-10-14,81.141510
2009-10-15,81.438431
2009-10-16,80.829735
2009-10-19,81.497826
2009-10-20,81.067276
2009-10-21,80.339806
2009-10-22,81.156372
2009-10-23,80.228477
2009-10-26,79.360001
2009-10-27,78.996231
2009-10-28,77.504219
2009-10-29,79.166969
2009-10-30,76.873245
2009-11-02,77.437393
2009-11-03,77.682350
2009-11-04,77.882774
2009-11-05,79.315407
2009-11-06,79.523247
2009-11-09,81.334488
2009-11-10,81.349358
2009-11-11,81.765060
2009-11-12,80.933647
2009-11-13,81.371635
2009-11-16,82.551865
2009-11-17,82.648354
2009-11-18,82.596420
2009-11-19,81.520058
2009-11-20,81.230576
2009-11-23,82.262383
2009-11-24,82.388580
2009-11-25,82.678093
2009-11-27,81.334488
2009-11-30,81.609192
2009-12-01,82.618668
2009-12-02,82.581573
2009-12-03,81.935776
2009-12-04,82.403412
2009-12-07,82.277214
2009-12-08,81.364197
2009-12-09,81.668510
2009-12-10,82.128761
2009-12-11,82.477654
2009-12-14,83.041832
2009-12-15,82.655830
2009-12-16,82.782005
2009-12-17,81.787292
2009-12-18,82.250031
2009-12-21,83.085892
2009-12-22,83.384430
2009-12-23,83.548584
2009-12-24,83.944153
2009-12-28,84.123222
2009-12-29,84.003784
2009-12-30,83.973961
2009-12-31,83.167984
2010-01-04,84.578461
2010-01-05,84.802368
2010-01-06,84.862083
2010-01-07,85.220299
2010-01-08,85.503906
2010-01-11,85.623314
2010-01-12,84.824760
2010-01-13,85.541183
2010-01-14,85.772545
2010-01-15,84.809853
2010-01-19,85.869591
2010-01-20,84.996407
2010-01-21,83.361992
2010-01-22,81.503700
2010-01-25,81.921631
2010-01-26,81.578346
2010-01-27,81.966438
2010-01-28,81.026085
2010-01-29,80.145447
2010-02-01,81.391754
2010-02-02,82.376862
2010-02-03,81.966438
2010-02-04,79.436455
2010-02-05,79.600662
2010-02-08,79.025986
2010-02-09,80.018562
2010-02-10,79.861839
2010-02-11,80.697723
2010-02-12,80.630531
2010-02-16,81.899254
2010-02-17,82.287338
2010-02-18,82.772438
2010-02-19,82.944099
2010-02-22,82.959015
2010-02-23,81.951508
2010-02-24,82.705276
2010-02-25,82.593285
2010-02-26,82.645538
2010-03-01,83.503822
2010-03-02,83.735146
2010-03-03,83.809807
2010-03-04,84.063522
2010-03-05,85.265091
2010-03-08,85.280006
2010-03-09,85.421776
2010-03-10,85.802429
2010-03-11,86.160637
2010-03-12,86.168121
2010-03-15,86.190498
2010-03-16,86.877090
2010-03-17,87.392067
2010-03-18,87.347252
2010-03-19,86.905128
2010-03-22,87.369751
2010-03-23,87.984245
2010-03-24,87.557083
2010-03-25,87.414726
2010-03-26,87.362267
2010-03-29,87.916763
2010-03-30,87.976753
2010-03-31,87.676956
2010-04-01,88.276527
2010-04-05,88.995911
2010-04-06,89.205719
2010-04-07,88.696144
2010-04-08,89.003380
2010-04-09,89.587906
2010-04-12,89.730293
2010-04-13,89.797714
2010-04-14,90.816864
2010-04-15,90.891792
2010-04-16,89.445518
2010-04-19,89.782738
2010-04-20,90.584564
2010-04-21,90.419708
2010-04-22,90.689461
2010-04-23,91.281479
2010-04-26,90.936752
2010-04-27,88.786079
2010-04-28,89.460495
2010-04-29,90.569588
2010-04-30,89.033363
2010-05-03,90.187401
2010-05-04,88.066643
2010-05-05,87.542084
2010-05-06,84.634521
2010-05-07,83.375580
2010-05-10,87.047523
2010-05-11,86.800224
2010-05-12,88.014183
2010-05-13,86.920113
2010-05-14,85.346443
2010-05-17,85.391380
2010-05-18,84.229851
2010-05-19,83.750267
2010-05-20,80.587898
2010-05-21,81.764412
2010-05-24,80.715271
2010-05-25,80.797684
2010-05-26,80.310638
2010-05-27,83.000847
2010-05-28,81.959229
2010-06-01,80.580399
2010-06-02,82.678612
2010-06-03,82.963387
2010-06-04,80.048302
2010-06-07,79.051651
2010-06-08,79.898460
2010-06-09,79.471352
2010-06-10,81.794388
2010-06-11,82.191544
2010-06-14,82.064156
2010-06-15,83.930092
2010-06-16,83.900131
2010-06-17,84.035042
2010-06-18,84.126152
2010-06-21,83.885193
2010-06-22,82.499763
2010-06-23,82.243759
2010-06-24,80.880951
2010-06-25,81.219780
2010-06-28,80.963783
2010-06-29,78.464020
2010-06-30,77.718582
2010-07-01,77.372253
2010-07-02,76.950569
2010-07-06,77.455070
2010-07-07,79.894600
2010-07-08,80.685165
2010-07-09,81.287529
2010-07-12,81.340225
2010-07-13,82.567513
2010-07-14,82.560043
2010-07-15,82.582581
2010-07-16,80.308716
2010-07-19,80.783066
2010-07-20,81.679085
2010-07-21,80.617439
2010-07-22,82.416946
2010-07-23,83.132263
2010-07-26,83.998100
2010-07-27,83.990593
2010-07-28,83.448486
2010-07-29,83.041885
2010-07-30,83.026840
2010-08-02,84.901627
2010-08-03,84.495064
2010-08-04,85.059761
2010-08-05,84.969398
2010-08-06,84.623070
2010-08-09,85.074814
2010-08-10,84.615532
2010-08-11,82.296471
2010-08-12,81.792000
2010-08-13,81.551064
2010-08-16,81.513420
2010-08-17,82.514839
2010-08-18,82.665436
2010-08-19,81.227295
2010-08-20,80.963783
2010-08-23,80.655083
2010-08-24,79.457878
2010-08-25,79.766594
2010-08-26,79.231987
2010-08-27,80.459297
2010-08-30,79.292259
2010-08-31,79.292259
2010-09-01,81.664017
2010-09-02,82.424461
2010-09-03,83.493683
2010-09-07,82.552498
2010-09-08,83.132263
2010-09-09,83.516266
2010-09-10,83.937866
2010-09-13,84.871521
2010-09-14,84.818825
2010-09-15,85.142609
2010-09-16,85.120010
2010-09-17,85.151772
2010-09-20,86.453812
2010-09-21,86.279709
2010-09-22,85.855789
2010-09-23,85.159355
2010-09-24,86.915550
2010-09-27,86.499207
2010-09-28,86.802002
2010-09-29,86.650612
2010-09-30,86.393257
2010-10-01,86.756569
2010-10-04,86.105560
2010-10-05,87.839058
2010-10-06,87.831497
2010-10-07,87.725517
2010-10-08,88.217552
2010-10-11,88.300812
2010-10-12,88.573311
2010-10-13,89.262146
2010-10-14,88.913948
2010-10-15,89.095627
2010-10-18,89.534683
2010-10-19,88.361366
2010-10-20,89.224327
2010-10-21,89.421135
2010-10-22,89.587646
2010-10-25,89.852592
2010-10-26,89.867737
2010-10-27,89.610336
2010-10-28,89.625526
2010-10-29,89.693649
2010-11-01,89.723900
2010-11-02,90.435463
2010-11-03,90.798820
2010-11-04,92.547424
2010-11-05,92.895645
2010-11-08,92.721527
2010-11-09,92.055420
2010-11-10,92.426300
2010-11-11,92.078110
2010-11-12,90.988068
2010-11-15,90.859383
2010-11-16,89.443825
2010-11-17,89.489243
2010-11-18,90.806374
2010-11-19,91.056190
2010-11-22,90.980492
2010-11-23,89.663345
2010-11-24,90.988068
2010-11-26,89.928291
2010-11-29,90.200798
2010-11-30,89.693649
2010-12-01,91.601212
2010-12-02,92.774506
2010-12-03,93.024330
2010-12-06,92.925941
2010-12-07,92.978905
2010-12-08,93.319519
2010-12-09,93.682877
2010-12-10,94.227913
2010-12-13,94.288460
2010-12-14,94.371727
2010-12-15,93.940239
2010-12-16,94.485252
2010-12-17,94.586479
2010-12-20,94.814781
2010-12-21,95.415909
2010-12-22,95.712669
2010-12-23,95.575714
2010-12-27,95.613747
2010-12-28,95.750740
2010-12-29,95.819221
2010-12-30,95.667061
2010-12-31,95.689880
2011-01-03,96.679115
2011-01-04,96.625854
2011-01-05,97.128044
2011-01-06,96.937859
2011-01-07,96.747620
2011-01-10,96.625854
2011-01-11,96.968254
2011-01-12,97.843361
2011-01-13,97.683563
2011-01-14,98.391266
2011-01-18,98.558655
2011-01-19,97.592247
2011-01-20,97.462875
2011-01-21,97.683563
2011-01-24,98.239113
2011-01-25,98.292328
2011-01-26,98.672783
2011-01-27,98.916328
2011-01-28,97.188950
2011-01-31,97.919449
2011-02-01,99.487007
2011-02-02,99.296799
2011-02-03,99.517456
2011-02-04,99.799011
2011-02-07,100.422989
2011-02-08,100.879585
2011-02-09,100.651314
2011-02-10,100.689346
2011-02-11,101.290474
2011-02-14,101.533981
2011-02-15,101.214378
2011-02-16,101.853607
2011-02-17,102.157982
2011-02-18,102.371017
2011-02-22,100.316444
2011-02-23,99.700073
2011-02-24,99.631599
2011-02-25,100.696930
2011-02-28,101.320885
2011-03-01,99.631599
2011-03-02,99.844673
2011-03-03,101.564453
2011-03-04,100.803497
2011-03-07,100.012070
2011-03-08,100.887169
2011-03-09,100.742584
2011-03-10,98.878258
2011-03-11,99.563126
2011-03-14,98.961952
2011-03-15,97.828178
2011-03-16,96.017075
2011-03-17,97.287865
2011-03-18,97.641685
2011-03-21,99.154976
2011-03-22,98.811028
2011-03-23,99.093826
2011-03-24,100.041481
2011-03-25,100.347183
2011-03-28,100.102623
2011-03-29,100.775185
2011-03-30,101.470657
2011-03-31,101.333069
2011-04-01,101.761063
2011-04-04,101.845139
2011-04-05,101.829834
2011-04-06,102.150856
2011-04-07,101.890961
2011-04-08,101.539444
2011-04-11,101.233704
2011-04-12,100.477135
2011-04-13,100.469490
2011-04-14,100.545906
2011-04-15,100.912773
2011-04-18,99.781639
2011-04-19,100.354836
2011-04-20,101.722824
2011-04-21,102.242546
2011-04-25,102.135529
2011-04-26,103.014481
2011-04-27,103.687019
2011-04-28,104.023293
2011-04-29,104.267830
2011-05-02,104.107361
2011-05-03,103.732849
2011-05-04,103.044983
2011-05-05,102.112610
2011-05-06,102.563530
2011-05-09,102.960953
2011-05-10,103.839867
2011-05-11,102.747002
2011-05-12,103.236107
2011-05-13,102.441269
2011-05-16,101.791626
2011-05-17,101.776344
2011-05-18,102.685860
2011-05-19,102.930405
2011-05-20,102.112610
2011-05-23,100.928024
2011-05-24,100.843964
2011-05-25,101.180222
2011-05-26,101.646400
2011-05-27,102.036201
2011-05-31,103.098465
2011-06-01,100.782799
2011-06-02,100.675812
2011-06-03,99.674652
2011-06-06,98.619965
2011-06-07,98.558830
2011-06-08,98.146133
2011-06-09,98.895103
2011-06-10,97.519455
2011-06-13,97.595856
2011-06-14,98.833977
2011-06-15,97.076157
2011-06-16,97.290169
2011-06-17,97.580490
2011-06-20,98.079704
2011-06-21,99.423798
2011-06-22,98.824707
2011-06-23,98.540520
2011-06-24,97.396156
2011-06-27,98.264053
2011-06-28,99.546669
2011-06-29,100.399193
2011-06-30,101.359253
2011-07-01,102.856964
2011-07-05,102.772484
2011-07-06,102.895348
2011-07-07,103.962975
2011-07-08,103.225639
2011-07-11,101.359253
2011-07-12,100.921455
2011-07-13,101.259468
2011-07-14,100.560509
2011-07-15,101.144249
2011-07-18,100.314720
2011-07-19,101.943008
2011-07-20,101.881546
2011-07-21,103.294762
2011-07-22,103.363861
2011-07-25,102.787872
2011-07-26,102.403816
2011-07-27,100.307091
2011-07-28,100.015205
2011-07-29,99.331627
2011-08-01,98.909218
2011-08-02,96.382324
2011-08-03,96.904610
2011-08-04,92.365440
2011-08-05,92.227180
2011-08-08,86.221062
2011-08-09,90.230286
2011-08-10,86.244087
2011-08-11,90.115067
2011-08-12,90.721840
2011-08-15,92.641922
2011-08-16,91.850830
2011-08-17,91.912285
2011-08-18,87.949150
2011-08-19,86.512917
2011-08-22,86.582039
2011-08-23,89.431480
2011-08-24,90.691086
2011-08-25,89.308594
2011-08-26,90.606606
2011-08-29,93.210281
2011-08-30,93.456070
2011-08-31,93.870834
2011-09-01,92.887741
2011-09-02,90.514427
2011-09-06,89.853905
2011-09-07,92.388474
2011-09-08,91.428413
2011-09-09,89.032120
2011-09-12,89.608154
2011-09-13,90.429993
2011-09-14,91.681892
2011-09-15,93.264030
2011-09-16,93.816055
2011-09-19,92.881882
2011-09-20,92.773788
2011-09-21,90.040848
2011-09-22,87.130348
2011-09-23,87.655304
2011-09-26,89.739754
2011-09-27,90.743408
2011-09-28,88.890541
2011-09-29,89.593071
2011-09-30,87.354248
2011-10-03,84.868340
2011-10-04,86.728882
2011-10-05,88.334694
2011-10-06,89.932785
2011-10-07,89.330612
2011-10-10,92.318352
2011-10-11,92.410950
2011-10-12,93.221588
2011-10-13,93.036316
2011-10-14,94.626694
2011-10-17,92.820129
2011-10-18,94.634407
2011-10-19,93.514977
2011-10-20,93.924141
2011-10-21,95.707497
2011-10-24,96.880974
2011-10-25,94.997223
2011-10-26,95.962265
2011-10-27,99.305130
2011-10-28,99.281952
2011-10-31,96.888687
2011-11-01,94.186615
2011-11-02,95.722954
2011-11-03,97.467697
2011-11-04,96.873260
2011-11-07,97.475433
2011-11-08,98.726082
2011-11-09,95.082161
2011-11-10,95.977684
2011-11-11,97.784248
2011-11-14,96.857803
2011-11-15,97.336472
2011-11-16,95.792404
2011-11-17,94.271515
2011-11-18,94.171196
2011-11-21,92.380081
2011-11-22,92.017235
2011-11-23,89.986801
2011-11-25,89.816948
2011-11-28,92.418671
2011-11-29,92.681190
2011-11-30,96.494972
2011-12-01,96.479523
2011-12-02,96.394585
2011-12-05,97.444550
2011-12-06,97.475433
2011-12-07,97.838280
2011-12-08,95.692055
2011-12-09,97.313309
2011-12-12,95.892799
2011-12-13,94.997223
2011-12-14,93.985893
2011-12-15,94.325592
2011-12-16,94.465408
2011-12-19,93.455429
2011-12-20,96.283447
2011-12-21,96.469879
2011-12-22,97.324478
2011-12-23,98.194641
2011-12-27,98.272324
2011-12-28,96.982651
2011-12-29,97.984856
2011-12-30,97.503166
2012-01-03,99.057007
2012-01-04,99.212372
2012-01-05,99.476532
2012-01-06,99.220123
2012-01-09,99.461006
2012-01-10,100.323380
2012-01-11,100.377777
2012-01-12,100.618599
2012-01-13,100.098045
2012-01-17,100.486519
2012-01-18,101.597527
2012-01-19,102.133591
2012-01-20,102.514297
2012-01-23,102.250137
2012-01-24,102.133591
2012-01-25,102.988213
2012-01-26,102.459885
2012-01-27,102.413284
2012-01-30,102.063683
2012-01-31,102.024834
2012-02-01,102.918297
2012-02-02,103.081429
2012-02-03,104.526512
2012-02-06,104.456543
2012-02-07,104.720764
2012-02-08,105.031494
2012-02-09,105.163605
2012-02-10,104.386681
2012-02-13,105.163605
2012-02-14,105.031494
2012-02-15,104.542046
2012-02-16,105.699631
2012-02-17,105.979324
2012-02-21,106.025963
2012-02-22,105.684097
2012-02-23,106.150269
2012-02-24,106.383362
2012-02-27,106.562057
2012-02-28,106.872803
2012-02-29,106.453278
2012-03-01,107.004890
2012-03-02,106.678558
2012-03-05,106.243515
2012-03-06,104.689690
2012-03-07,105.419983
2012-03-08,106.468811
2012-03-09,106.880562
2012-03-12,106.888344
2012-03-13,108.815094
2012-03-14,108.698563
2012-03-15,109.327866
2012-03-16,109.479279
2012-03-19,109.908424
2012-03-20,109.588478
2012-03-21,109.409027
2012-03-22,108.620872
2012-03-23,108.972046
2012-03-26,110.501465
2012-03-27,110.158119
2012-03-28,109.611916
2012-03-29,109.424622
2012-03-30,109.877190
2012-04-02,110.680939
2012-04-03,110.228355
2012-04-04,109.135925
2012-04-05,109.081276
2012-04-09,107.856171
2012-04-10,106.045845
2012-04-11,106.904175
2012-04-12,108.300987
2012-04-13,107.013435
2012-04-16,106.943207
2012-04-17,108.527252
2012-04-18,108.160469
2012-04-19,107.466019
2012-04-20,107.645477
2012-04-23,106.740311
2012-04-24,107.146072
2012-04-25,108.613091
2012-04-26,109.369980
2012-04-27,109.549423
2012-04-30,109.143723
2012-05-01,109.822639
2012-05-02,109.494873
2012-05-03,108.659927
2012-05-04,106.904175
2012-05-07,106.982254
2012-05-08,106.553055
2012-05-09,105.920975
2012-05-10,106.139404
2012-05-11,105.819557
2012-05-14,104.649033
2012-05-15,104.048218
2012-05-16,103.650246
2012-05-17,102.112976
2012-05-18,101.239059
2012-05-21,102.979149
2012-05-22,103.158646
2012-05-23,103.213295
2012-05-24,103.416130
2012-05-25,103.080612
2012-05-29,104.329086
2012-05-30,102.815292
2012-05-31,102.589005
2012-06-01,100.006134
2012-06-04,99.959335
2012-06-05,100.716255
2012-06-06,102.979149
2012-06-07,103.041588
2012-06-08,103.860878
2012-06-11,102.542175
2012-06-12,103.720467
2012-06-13,103.057182
2012-06-14,104.149643
2012-06-15,105.214821
2012-06-18,105.418755
2012-06-19,106.438416
2012-06-20,106.265877
2012-06-21,103.881401
2012-06-22,104.681465
2012-06-25,103.002892
2012-06-26,103.520576
2012-06-27,104.453972
2012-06-28,104.155899
2012-06-29,106.752159
2012-07-02,107.073761
2012-07-03,107.779716
2012-07-05,107.293381
2012-07-06,106.273720
2012-07-09,106.140388
2012-07-10,105.214821
2012-07-11,105.230499
2012-07-12,104.720657
2012-07-13,106.477631
2012-07-16,106.226654
2012-07-17,106.956093
2012-07-18,107.748253
2012-07-19,108.030685
2012-07-20,107.042389
2012-07-23,105.959969
2012-07-24,105.050087
2012-07-25,105.073616
2012-07-26,106.807083
2012-07-27,108.775856
2012-07-30,108.775856
2012-07-31,108.015007
2012-08-01,107.920860
2012-08-02,107.175735
2012-08-03,109.301361
2012-08-06,109.513123
2012-08-07,110.062202
2012-08-08,110.195564
2012-08-09,110.289680
2012-08-10,110.470085
2012-08-13,110.415138
2012-08-14,110.430847
2012-08-15,110.556343
2012-08-16,111.372093
2012-08-17,111.521133
2012-08-20,111.528976
2012-08-21,111.191704
2012-08-22,111.238739
2012-08-23,110.328873
2012-08-24,110.995583
2012-08-27,111.019096
2012-08-28,110.909279
2012-08-29,110.995583
2012-08-30,110.195564
2012-08-31,110.721092
2012-09-04,110.619087
2012-09-05,110.524994
2012-09-06,112.768250
2012-09-07,113.207527
2012-09-10,112.564354
2012-09-11,112.878067
2012-09-12,113.254570
2012-09-13,114.980164
2012-09-14,115.490028
2012-09-17,115.097839
2012-09-18,115.003685
2012-09-19,115.066460
2012-09-20,115.074280
2012-09-21,115.026230
2012-09-24,114.852684
2012-09-25,113.630470
2012-09-26,112.991722
2012-09-27,114.056313
2012-09-28,113.527962
2012-10-01,113.827606
2012-10-02,113.945831
2012-10-03,114.411110
2012-10-04,115.231201
2012-10-05,115.239113
2012-10-08,114.844826
2012-10-09,113.709312
2012-10-10,112.983833
2012-10-11,113.046921
2012-10-12,112.676300
2012-10-15,113.614716
2012-10-16,114.765953
2012-10-17,115.286423
2012-10-18,114.986755
2012-10-19,113.070572
2012-10-22,113.086372
2012-10-23,111.517113
2012-10-24,111.201714
2012-10-25,111.525002
2012-10-26,111.461929
2012-10-31,111.461929
2012-11-01,112.628990
2012-11-02,111.627518
2012-11-05,111.856201
2012-11-06,112.731514
2012-11-07,110.176575
2012-11-08,108.851830
2012-11-09,108.946449
2012-11-12,109.033195
2012-11-13,108.654671
2012-11-14,107.187943
2012-11-15,107.006599
2012-11-16,107.534920
2012-11-19,109.711357
2012-11-20,109.758652
2012-11-21,109.963692
2012-11-23,111.461929
2012-11-26,111.225449
2012-11-27,110.657608
2012-11-28,111.548706
2012-11-29,112.069054
2012-11-30,112.092773
2012-12-03,111.540771
2012-12-04,111.383049
2012-12-05,111.580223
2012-12-06,111.958710
2012-12-07,112.297852
2012-12-10,112.345093
2012-12-11,113.110001
2012-12-12,113.165237
2012-12-13,112.471268
2012-12-14,112.053375
2012-12-17,113.370224
2012-12-18,114.631935
2012-12-19,113.780220
2012-12-20,114.434776
2012-12-21,113.396027
2012-12-24,113.046623
2012-12-26,112.570076
2012-12-27,112.419212
2012-12-28,111.204216
2012-12-31,113.094307
2013-01-02,115.992912
2013-01-03,115.730812
2013-01-04,116.239037
2013-01-07,115.921432
2013-01-08,115.587860
2013-01-09,115.881699
2013-01-10,116.802895
2013-01-11,116.795013
2013-01-14,116.715561
2013-01-15,116.795013
2013-01-16,116.779099
2013-01-17,117.533546
2013-01-18,117.795609
2013-01-22,118.430931
2013-01-23,118.621452
2013-01-24,118.653290
2013-01-25,119.320328
2013-01-28,119.177429
2013-01-29,119.645973
2013-01-30,119.177429
2013-01-31,118.883553
2013-02-01,120.106544
2013-02-04,118.756508
2013-02-05,119.955681
2013-02-06,120.042992
2013-02-07,119.884193
2013-02-08,120.551315
2013-02-11,120.527458
2013-02-12,120.726028
2013-02-13,120.829254
2013-02-14,120.940399
2013-02-15,120.797508
2013-02-19,121.702766
2013-02-20,120.185959
2013-02-21,119.455360
2013-02-22,120.622780
2013-02-25,118.327675
2013-02-26,119.137726
2013-02-27,120.638603
2013-02-28,120.400391
2013-03-01,120.797508
2013-03-04,121.440735
2013-03-05,122.528702
2013-03-06,122.695457
2013-03-07,122.917847
2013-03-08,123.442017
2013-03-11,123.910515
2013-03-12,123.632561
2013-03-13,123.807297
2013-03-14,124.466423
2013-03-15,124.302124
2013-03-18,123.616112
2013-03-19,123.328896
2013-03-20,124.190414
2013-03-21,123.129539
2013-03-22,124.118652
2013-03-25,123.600136
2013-03-26,124.589249
2013-03-27,124.589249
2013-03-28,124.972191
2013-04-01,124.477600
2013-04-02,125.091774
2013-04-03,123.823456
2013-04-04,124.326035
2013-04-05,123.767677
2013-04-08,124.605202
2013-04-09,125.035927
2013-04-10,126.567505
2013-04-11,126.982307
2013-04-12,126.671227
2013-04-15,123.735718
2013-04-16,125.562439
2013-04-17,123.727753
2013-04-18,122.954018
2013-04-19,124.022926
2013-04-22,124.573303
2013-04-23,125.857574
2013-04-24,125.937370
2013-04-25,126.447876
2013-04-26,126.224495
2013-04-29,127.070053
2013-04-30,127.373123
2013-05-01,126.256401
2013-05-02,127.429016
2013-05-03,128.721252
2013-05-06,129.048233
2013-05-07,129.702362
2013-05-08,130.292664
2013-05-09,129.925751
2013-05-10,130.348480
2013-05-13,130.452179
2013-05-14,131.800232
2013-05-15,132.510193
2013-05-16,131.888016
2013-05-17,133.164276
2013-05-20,133.156281
2013-05-21,133.347763
2013-05-22,132.358658
2013-05-23,131.975754
2013-05-24,131.864120
2013-05-28,132.653793
2013-05-29,131.792267
2013-05-30,132.278839
2013-05-31,130.380402
2013-06-03,131.098328
2013-06-04,130.468170
2013-06-05,128.641434
2013-06-06,129.806107
2013-06-07,131.457291
2013-06-10,131.457291
2013-06-11,130.101257
2013-06-12,129.024368
2013-06-13,130.986633
2013-06-14,130.165039
2013-06-17,131.170074
2013-06-18,132.207016
2013-06-19,130.380402
2013-06-20,127.149818
2013-06-21,127.558014
2013-06-24,125.946121
2013-06-25,127.156990
2013-06-26,128.416016
2013-06-27,129.169815
2013-06-28,128.640549
2013-07-01,129.394318
2013-07-02,129.274017
2013-07-03,129.330185
2013-07-05,130.725479
2013-07-08,131.471252
2013-07-09,132.417450
2013-07-10,132.465637
2013-07-11,134.269836
2013-07-12,134.325989
2013-07-15,134.839157
2013-07-16,134.334045
2013-07-17,134.678848
2013-07-18,135.416534
2013-07-19,135.657150
2013-07-22,135.921783
2013-07-23,135.633102
2013-07-24,135.135925
2013-07-25,135.464676
2013-07-26,135.609070
2013-07-29,135.192093
2013-07-30,135.192093
2013-07-31,135.288269
2013-08-01,136.852036
2013-08-02,137.084564
2013-08-05,136.884064
2013-08-06,136.106232
2013-08-07,135.665131
2013-08-08,136.162369
2013-08-09,135.769394
2013-08-12,135.609070
2013-08-13,136.010056
2013-08-14,135.312317
2013-08-15,133.419861
2013-08-16,132.978760
2013-08-19,132.128799
2013-08-20,132.778351
2013-08-21,131.960403
2013-08-22,133.163223
2013-08-23,133.612305
2013-08-26,133.115143
2013-08-27,130.974121
2013-08-28,131.439194
2013-08-29,131.647690
2013-08-30,131.230637
2013-09-03,131.824066
2013-09-04,132.914658
2013-09-05,133.083038
2013-09-06,133.147125
2013-09-09,134.422241
2013-09-10,135.416534
2013-09-11,135.841599
2013-09-12,135.480728
2013-09-13,135.785461
2013-09-16,136.571274
2013-09-17,137.180771
2013-09-18,138.768570
2013-09-19,138.536011
2013-09-20,137.567398
2013-09-23,136.930801
2013-09-24,136.608490
2013-09-25,136.213593
2013-09-26,136.737427
2013-09-27,136.108902
2013-09-30,135.383621
2013-10-01,136.455383
2013-10-02,136.326416
2013-10-03,135.069427
2013-10-04,136.092728
2013-10-07,134.916275
2013-10-08,133.344971
2013-10-09,133.441650
2013-10-10,136.318375
2013-10-11,137.196701
2013-10-14,137.744690
2013-10-15,136.745483
2013-10-16,138.655273
2013-10-17,139.581924
2013-10-18,140.524719
2013-10-21,140.532791
2013-10-22,141.346588
2013-10-23,140.669754
2013-10-24,141.137100
2013-10-25,141.781784
2013-10-28,142.007385
2013-10-29,142.764832
2013-10-30,142.055771
2013-10-31,141.652847
2013-11-01,141.991287
2013-11-04,142.490891
2013-11-05,142.039642
2013-11-06,142.764832
2013-11-07,140.959808
2013-11-08,142.861572
2013-11-11,142.885773
2013-11-12,142.595657
2013-11-13,143.739883
2013-11-14,144.457062
2013-11-15,145.085526
2013-11-18,144.577896
2013-11-19,144.263641
2013-11-20,143.812424
2013-11-21,144.972763
2013-11-22,145.697998
2013-11-25,145.552933
2013-11-26,145.593231
2013-11-27,145.947815
2013-11-29,145.851044
2013-12-02,145.472397
2013-12-03,144.843842
2013-12-04,144.827698
2013-12-05,144.191116
2013-12-06,145.802719
2013-12-09,146.173447
2013-12-10,145.649689
2013-12-11,144.013840
2013-12-12,143.538422
2013-12-13,143.522339
2013-12-16,144.416748
2013-12-17,143.957443
2013-12-18,146.415207
2013-12-19,146.245972
2013-12-20,147.096634
2013-12-23,147.882538
2013-12-24,148.206589
2013-12-26,148.960037
2013-12-27,148.951981
2013-12-30,148.927658
2013-12-31,149.632492
2014-01-02,148.198502
2014-01-03,148.174164
2014-01-06,147.744751
2014-01-07,148.652145
2014-01-08,148.684631
2014-01-09,148.781799
2014-01-10,149.186890
2014-01-13,147.201965
2014-01-14,148.806122
2014-01-15,149.608185
2014-01-16,149.413757
2014-01-17,148.781799
2014-01-21,149.219284
2014-01-22,149.316513
2014-01-23,148.093140
2014-01-24,144.933411
2014-01-27,144.220444
2014-01-28,145.079300
2014-01-29,143.685730
2014-01-30,145.208908
2014-01-31,144.358231
2014-02-03,141.109360
2014-02-04,142.097794
2014-02-05,141.919540
2014-02-06,143.791153
2014-02-07,145.573502
2014-02-10,145.840866
2014-02-11,147.436905
2014-02-12,147.509766
2014-02-13,148.271408
2014-02-14,149.089676
2014-02-18,149.267944
2014-02-19,148.279434
2014-02-20,149.154526
2014-02-21,148.984375
2014-02-24,149.810730
2014-02-25,149.753983
2014-02-26,149.762115
2014-02-27,150.548019
2014-02-28,150.928772
2014-03-03,149.867432
2014-03-04,151.973969
2014-03-05,152.111649
2014-03-06,152.460022
2014-03-07,152.524887
2014-03-10,152.443878
2014-03-11,151.690384
2014-03-12,151.730896
2014-03-13,150.029495
2014-03-14,149.608185
2014-03-17,150.961182
2014-03-18,152.038712
2014-03-19,151.228531
2014-03-20,152.111649
2014-03-21,151.521652
2014-03-24,150.895096
2014-03-25,151.611115
2014-03-26,150.520691
2014-03-27,150.203400
2014-03-28,150.943878
2014-03-31,152.180832
2014-04-01,153.189926
2014-04-02,153.702576
2014-04-03,153.499176
2014-04-04,151.684433
2014-04-07,150.008057
2014-04-08,150.626541
2014-04-09,152.245895
2014-04-10,149.047821
2014-04-11,147.705109
2014-04-14,148.868881
2014-04-15,149.894135
2014-04-16,151.464706
2014-04-17,151.676315
2014-04-21,152.205261
2014-04-22,152.896942
2014-04-23,152.538925
2014-04-24,152.848083
2014-04-25,151.594894
2014-04-28,152.075012
2014-04-29,152.782990
2014-04-30,153.238724
2014-05-01,153.254913
2014-05-02,153.035248
2014-05-05,153.328232
2014-05-06,151.993637
2014-05-07,152.888794
2014-05-08,152.726013
2014-05-09,152.953842
2014-05-12,154.443085
2014-05-13,154.581436
2014-05-14,153.849075
2014-05-15,152.498199
2014-05-16,153.027100
2014-05-19,153.588593
2014-05-20,152.620300
2014-05-21,153.905991
2014-05-22,154.280289
2014-05-23,154.898712
2014-05-27,155.850830
2014-05-28,155.736938
2014-05-29,156.542572
2014-05-30,156.794800
2014-06-02,156.973816
2014-06-03,156.892532
2014-06-04,157.209869
2014-06-05,158.235184
2014-06-06,158.991943
2014-06-09,159.154739
2014-06-10,159.170990
2014-06-11,158.617661
2014-06-12,157.494659
2014-06-13,157.974762
2014-06-16,158.104965
2014-06-17,158.544403
2014-06-18,159.708115
2014-06-19,159.887054
2014-06-20,160.211716
2014-06-23,160.162689
2014-06-24,159.197784
2014-06-25,159.917374
2014-06-26,159.802887
2014-06-27,160.113571
2014-06-30,160.031799
2014-07-01,161.102982
2014-07-02,161.266449
2014-07-03,162.059616
2014-07-07,161.495407
2014-07-08,160.457031
2014-07-09,161.176575
2014-07-10,160.538788
2014-07-11,160.759583
2014-07-14,161.569000
2014-07-15,161.266449
2014-07-16,161.863419
2014-07-17,160.023712
2014-07-18,161.658920
2014-07-21,161.356461
2014-07-22,162.059616
2014-07-23,162.419388
2014-07-24,162.427521
2014-07-25,161.667175
2014-07-28,161.732559
2014-07-29,161.037506
2014-07-30,161.062073
2014-07-31,157.881363
2014-08-01,157.398987
2014-08-04,158.535477
2014-08-05,156.998276
2014-08-06,157.047394
2014-08-07,156.196991
2014-08-08,158.004059
2014-08-11,158.461929
2014-08-12,158.241180
2014-08-13,159.312241
2014-08-14,160.064514
2014-08-15,160.031799
2014-08-18,161.372772
2014-08-19,162.214966
2014-08-20,162.648315
2014-08-21,163.122559
2014-08-22,162.869080
2014-08-25,163.694901
2014-08-26,163.801208
2014-08-27,163.735779
2014-08-28,163.645889
2014-08-29,164.111954
2014-09-02,164.030136
2014-09-03,163.940231
2014-09-04,163.703125
2014-09-05,164.438995
2014-09-08,164.013748
2014-09-09,162.975388
2014-09-10,163.588638
2014-09-11,163.776703
2014-09-12,162.820053
2014-09-15,162.697372
2014-09-16,163.923828
2014-09-17,164.144653
2014-09-18,165.019516
2014-09-19,164.870850
2014-09-22,163.597549
2014-09-23,162.661057
2014-09-24,163.934341
2014-09-25,161.289230
2014-09-26,162.570663
2014-09-29,162.274933
2014-09-30,161.847839
2014-10-01,159.654434
2014-10-02,159.679123
2014-10-03,161.437073
2014-10-06,161.248154
2014-10-07,158.759033
2014-10-08,161.535675
2014-10-09,158.331894
2014-10-10,156.524658
2014-10-13,153.953384
2014-10-14,154.191605
2014-10-15,153.148331
2014-10-16,153.016922
2014-10-17,154.824142
2014-10-20,156.327423
2014-10-21,159.424454
2014-10-22,158.290848
2014-10-23,160.130920
2014-10-24,161.363174
2014-10-27,161.141403
2014-10-28,162.989716
2014-10-29,162.743225
2014-10-30,163.786530
2014-10-31,165.659439
2014-11-03,165.749817
2014-11-04,165.174805
2014-11-05,166.218094
2014-11-06,166.883423
2014-11-07,167.039505
2014-11-10,167.565308
2014-11-11,167.729599
2014-11-12,167.548889
2014-11-13,167.737808
2014-11-14,167.778915
2014-11-17,167.885666
2014-11-18,168.855026
2014-11-19,168.584000
2014-11-20,168.879700
2014-11-21,169.783279
2014-11-24,170.259735
2014-11-25,170.136520
2014-11-26,170.571945
2014-11-28,170.210419
2014-12-01,169.027542
2014-12-02,170.120087
2014-12-03,170.777252
2014-12-04,170.588379
2014-12-05,170.867661
2014-12-08,169.725784
2014-12-09,169.610794
2014-12-10,166.891724
2014-12-11,167.737808
2014-12-12,165.026901
2014-12-15,163.893250
2014-12-16,162.578903
2014-12-17,165.766190
2014-12-18,169.865433
2014-12-19,170.588226
2014-12-22,171.372910
2014-12-23,171.604202
2014-12-24,171.620697
2014-12-26,172.174133
2014-12-29,172.405457
2014-12-30,171.480331
2014-12-31,169.778717
2015-01-02,169.687851
2015-01-05,166.623291
2015-01-06,165.053940
2015-01-07,167.110703
2015-01-08,170.076065
2015-01-09,168.713150
2015-01-12,167.391556
2015-01-13,166.920746
2015-01-14,165.912964
2015-01-15,164.393112
2015-01-16,166.548981
2015-01-20,166.904221
2015-01-21,167.746719
2015-01-22,170.241257
2015-01-23,169.307907
2015-01-26,169.704361
2015-01-27,167.465881
2015-01-28,165.318283
2015-01-29,166.846375
2015-01-30,164.748337
2015-02-02,166.788559
2015-02-03,169.200470
2015-02-04,168.556198
2015-02-05,170.257782
2015-02-06,169.786972
2015-02-09,169.027039
2015-02-10,170.827728
2015-02-11,170.926819
2015-02-12,172.570618
2015-02-13,173.281036
2015-02-17,173.553543
2015-02-18,173.570053
2015-02-19,173.446182
2015-02-20,174.486984
2015-02-23,174.462234
2015-02-24,174.957809
2015-02-25,174.809128
2015-02-26,174.602661
2015-02-27,174.007889
2015-03-02,175.106461
2015-03-03,174.387848
2015-03-04,173.652710
2015-03-05,173.842667
2015-03-06,171.397659
2015-03-09,172.108032
2015-03-10,169.316132
2015-03-11,168.919647
2015-03-12,171.067245
2015-03-13,170.018234
2015-03-16,172.289734
2015-03-17,171.777679
2015-03-18,173.842667
2015-03-19,173.049759
2015-03-20,174.577240
2015-03-23,174.237061
2015-03-24,173.257965
2015-03-25,170.719101
2015-03-26,170.312576
2015-03-27,170.702499
2015-03-30,172.785019
2015-03-31,171.274994
2015-04-01,170.669327
2015-04-02,171.283264
2015-04-06,172.436569
2015-04-07,171.980255
2015-04-08,172.561005
2015-04-09,173.324341
2015-04-10,174.270157
2015-04-13,173.481995
2015-04-14,173.813843
2015-04-15,174.593750
2015-04-16,174.544052
2015-04-17,172.536148
2015-04-20,174.112549
2015-04-21,173.905136
2015-04-22,174.759781
2015-04-23,175.199524
2015-04-24,175.606018
2015-04-27,174.875870
2015-04-28,175.431824
2015-04-29,174.709961
2015-04-30,172.959290
2015-05-01,174.834351
2015-05-04,175.332214
2015-05-05,173.324341
2015-05-06,172.610794
2015-05-07,173.299469
2015-05-08,175.581146
2015-05-11,174.743134
2015-05-12,174.220413
2015-05-13,174.253647
2015-05-14,176.070663
2015-05-15,176.261536
2015-05-18,176.809097
2015-05-19,176.751038
2015-05-20,176.626587
2015-05-21,177.140961
2015-05-22,176.717819
2015-05-26,174.817810
2015-05-27,176.477249
2015-05-28,176.278122
2015-05-29,175.182846
2015-06-01,175.539673
2015-06-02,175.365448
2015-06-03,175.830063
2015-06-04,174.344894
2015-06-05,174.046188
2015-06-08,172.975876
2015-06-09,172.950989
2015-06-10,175.025238
2015-06-11,175.589447
2015-06-12,174.245346
2015-06-15,173.498581
2015-06-16,174.444427
2015-06-17,174.726562
2015-06-18,176.543579
2015-06-19,175.759888
2015-06-22,176.660324
2015-06-23,176.785400
2015-06-24,175.501434
2015-06-25,174.967819
2015-06-26,174.934448
2015-06-29,171.266037
2015-06-30,171.624573
2015-07-01,173.000183
2015-07-02,172.841812
2015-07-06,172.349899
2015-07-07,173.433807
2015-07-08,170.524048
2015-07-09,170.832489
2015-07-10,172.983521
2015-07-13,174.892776
2015-07-14,175.651505
2015-07-15,175.593170
2015-07-16,177.002121
2015-07-17,177.152176
2015-07-20,177.243912
2015-07-21,176.543579
2015-07-22,176.226776
2015-07-23,175.234619
2015-07-24,173.417084
2015-07-27,172.408264
2015-07-28,174.525970
2015-07-29,175.726562
2015-07-30,175.768234
2015-07-31,175.501434
2015-08-03,174.909485
2015-08-04,174.567673
2015-08-05,175.142944
2015-08-06,173.708862
2015-08-07,173.375397
2015-08-10,175.559784
2015-08-11,173.975647
2015-08-12,174.184128
2015-08-13,173.967346
2015-08-14,174.600967
2015-08-17,175.576447
2015-08-18,175.067856
2015-08-19,173.683884
2015-08-20,170.057114
2015-08-21,164.938004
2015-08-24,157.992966
2015-08-25,156.133743
2015-08-26,162.128250
2015-08-27,166.138565
2015-08-28,166.146851
2015-08-31,164.804611
2015-09-01,159.885529
2015-09-02,162.920349
2015-09-03,163.037064
2015-09-04,160.569199
2015-09-08,164.604492
2015-09-09,162.403473
2015-09-10,163.287170
2015-09-11,164.029205
2015-09-14,163.420624
2015-09-15,165.463226
2015-09-16,166.897263
2015-09-17,166.522079
2015-09-18,163.800858
2015-09-21,164.647308
2015-09-22,162.510193
2015-09-23,162.250412
2015-09-24,161.663773
2015-09-25,161.621872
2015-09-28,157.565628
2015-09-29,157.657776
2015-09-30,160.599442
2015-10-01,161.018524
2015-10-02,163.423706
2015-10-05,166.331787
2015-10-06,165.761932
2015-10-07,167.119644
2015-10-08,168.628159
2015-10-09,168.728760
2015-10-12,168.887985
2015-10-13,167.823639
2015-10-14,167.019012
2015-10-15,169.583572
2015-10-16,170.354599
2015-10-19,170.438385
2015-10-20,170.220505
2015-10-21,169.164520
2015-10-22,172.022354
2015-10-23,173.907974
2015-10-26,173.480560
2015-10-27,173.145416
2015-10-28,175.114868
2015-10-29,175.014206
2015-10-30,174.260040
2015-11-02,176.321671
2015-11-03,176.832855
2015-11-04,176.296494
2015-11-05,176.120499
2015-11-06,176.028275
2015-11-09,174.385696
2015-11-10,174.787933
2015-11-11,174.100754
2015-11-12,171.670319
2015-11-13,169.742783
2015-11-16,172.324051
2015-11-17,172.198349
2015-11-18,174.930466
2015-11-19,174.779617
2015-11-20,175.416519
2015-11-23,175.215393
2015-11-24,175.450043
2015-11-25,175.424973
2015-11-27,175.626038
2015-11-30,174.896957
2015-12-01,176.564682
2015-12-02,174.762817
2015-12-03,172.315674
2015-12-04,175.676346
2015-12-07,174.611954
2015-12-08,173.438675
2015-12-09,172.089432
2015-12-10,172.533585
2015-12-11,169.189651
2015-12-14,170.044464
2015-12-15,171.829590
2015-12-16,174.343781
2015-12-17,171.687103
2015-12-18,168.628494
2015-12-21,170.019501
2015-12-22,171.562347
2015-12-23,173.686890
2015-12-24,173.400238
2015-12-28,173.003983
2015-12-29,174.850266
2015-12-30,173.610916
2015-12-31,171.874252
2016-01-04,169.471542
2016-01-05,169.758194
2016-01-06,167.616852
2016-01-07,163.595459
2016-01-08,161.799683
2016-01-11,161.959869
2016-01-12,163.266693
2016-01-13,159.194672
2016-01-14,161.808167
2016-01-15,158.334763
2016-01-19,158.545532
2016-01-20,156.513748
2016-01-21,157.390564
2016-01-22,160.619461
2016-01-25,158.191437
2016-01-26,160.349625
2016-01-27,158.604492
2016-01-28,159.430740
2016-01-29,163.317230
2016-02-01,163.258163
2016-02-02,160.315994
2016-02-03,161.277039
2016-02-04,161.529938
2016-02-05,158.452835
2016-02-08,156.319839
2016-02-09,156.328293
2016-02-10,156.193390
2016-02-11,154.161636
2016-02-12,157.339981
2016-02-16,159.995575
2016-02-17,162.609070
2016-02-18,161.943039
2016-02-19,161.867172
2016-02-22,164.210892
2016-02-23,162.136948
2016-02-24,162.878860
2016-02-25,164.851593
2016-02-26,164.472229
2016-02-29,163.182388
2016-03-01,167.018265
2016-03-02,167.768600
2016-03-03,168.426193
2016-03-04,168.974152
2016-03-07,169.109055
2016-03-08,167.262726
2016-03-09,168.088959
2016-03-10,168.223801
2016-03-11,170.938461
2016-03-14,170.719299
2016-03-15,170.441055
2016-03-16,171.427460
2016-03-17,172.514969
2016-03-18,173.192917
2016-03-21,173.438690
2016-03-22,173.345428
2016-03-23,172.201447
2016-03-24,172.125183
2016-03-28,172.226868
2016-03-29,173.819962
2016-03-30,174.582703
2016-03-31,174.158905
2016-04-01,175.345291
2016-04-04,174.777573
2016-04-05,173.031876
2016-04-06,174.921585
2016-04-07,172.828522
2016-04-08,173.294632
2016-04-11,172.887848
2016-04-12,174.497910
2016-04-13,176.260529
2016-04-14,176.269012
2016-04-15,176.074112
2016-04-18,177.311310
2016-04-19,177.870560
2016-04-20,178.040115
2016-04-21,177.082520
2016-04-22,177.082520
2016-04-25,176.777390
2016-04-26,177.040131
2016-04-27,177.404526
2016-04-28,175.794434
2016-04-29,174.845383
2016-05-02,176.235107
2016-05-03,174.701294
2016-05-04,173.726700
2016-05-05,173.692841
2016-05-06,174.328400
2016-05-09,174.472473
2016-05-10,176.641876
2016-05-11,174.989410
2016-05-12,175.040268
2016-05-13,173.514908
2016-05-16,175.226654
2016-05-17,173.591187
2016-05-18,173.641998
2016-05-19,173.040344
2016-05-20,174.133514
2016-05-23,173.896271
2016-05-24,176.150375
2016-05-25,177.345230
2016-05-26,177.396072
2016-05-27,178.158691
2016-05-31,177.819778
2016-06-01,178.184174
2016-06-02,178.726456
2016-06-03,178.192627
2016-06-06,179.099319
2016-06-07,179.378967
2016-06-08,179.963699
2016-06-09,179.717941
2016-06-10,178.014633
2016-06-13,176.641876
2016-06-14,176.294373
2016-06-15,176.048691
2016-06-16,176.574036
2016-06-17,175.916458
2016-06-20,177.049377
2016-06-21,177.551971
2016-06-22,177.262299
2016-06-23,179.570786
2016-06-24,173.122513
2016-06-27,170.021912
2016-06-28,173.088455
2016-06-29,176.035706
2016-06-30,178.437805
2016-07-01,178.812622
2016-07-05,177.526367
2016-07-06,178.591141
2016-07-07,178.480438
2016-07-08,181.138092
2016-07-11,181.776932
2016-07-12,183.097275
2016-07-13,183.071686
2016-07-14,184.093918
2016-07-15,183.846878
2016-07-18,184.340897
2016-07-19,184.153519
2016-07-20,184.920151
2016-07-21,184.221649
2016-07-22,185.047913
2016-07-25,184.545364
2016-07-26,184.630508
2016-07-27,184.434616
2016-07-28,184.647552
2016-07-29,184.945694
2016-08-01,184.792358
2016-08-02,183.608353
2016-08-03,184.144974
2016-08-04,184.340897
2016-08-05,185.848587
2016-08-08,185.737885
2016-08-09,185.848587
2016-08-10,185.388657
2016-08-11,186.248962
2016-08-12,186.087097
2016-08-15,186.623749
2016-08-16,185.661224
2016-08-17,186.010452
2016-08-18,186.427826
2016-08-19,186.155273
2016-08-22,186.146744
2016-08-23,186.521561
2016-08-24,185.567520
2016-08-25,185.439697
2016-08-26,185.090500
2016-08-29,186.001953
2016-08-30,185.695267
2016-08-31,185.167130
2016-09-01,185.175705
2016-09-02,186.010452
2016-09-06,186.572662
2016-09-07,186.555618
2016-09-08,186.129730
2016-09-09,181.674698
2016-09-12,184.281296
2016-09-13,181.632095
2016-09-14,181.563965
2016-09-15,183.378357
2016-09-16,182.669479
2016-09-19,182.703690
2016-09-20,182.712311
2016-09-21,184.766983
2016-09-22,185.931259
2016-09-23,184.912521
2016-09-26,183.414322
2016-09-27,184.552902
2016-09-28,185.468994
2016-09-29,183.790955
2016-09-30,185.177917
2016-10-03,184.732712
2016-10-04,183.790955
2016-10-05,184.604294
2016-10-06,184.732712
2016-10-07,184.099213
2016-10-10,185.058060
2016-10-11,182.720825
2016-10-12,182.960602
2016-10-13,182.361252
2016-10-14,182.455460
2016-10-17,181.821915
2016-10-18,182.960602
2016-10-19,183.448517
2016-10-20,183.106094
2016-10-21,183.191711
2016-10-24,183.970734
2016-10-25,183.354401
2016-10-26,182.986298
2016-10-27,182.498276
2016-10-28,181.958862
2016-10-31,181.967484
2016-11-01,180.649033
2016-11-02,179.561783
2016-11-03,178.739838
2016-11-04,178.542969
2016-11-07,182.481140
2016-11-08,183.303040
2016-11-09,185.246414
2016-11-10,185.708710
2016-11-11,185.280624
2016-11-14,185.426208
2016-11-15,186.873016
2016-11-16,186.521988
2016-11-17,187.480865
2016-11-18,187.061356
2016-11-21,188.473938
2016-11-22,188.842072
2016-11-23,188.944824
2016-11-25,189.646851
2016-11-28,188.756424
2016-11-29,189.124588
2016-11-30,188.670868
2016-12-01,187.977402
2016-12-02,188.071564
2016-12-05,189.201645
2016-12-06,189.800995
2016-12-07,192.283661
2016-12-08,192.754547
2016-12-09,193.918884
2016-12-12,193.696259
2016-12-13,194.988983
2016-12-14,193.379486
2016-12-15,194.175659
2016-12-16,193.795898
2016-12-19,194.217911
2016-12-20,194.967102
2016-12-21,194.424606
2016-12-22,194.088699
2016-12-23,194.372894
2016-12-27,194.855164
2016-12-28,193.244797
2016-12-29,193.201721
2016-12-30,192.495544
2017-01-03,193.968155
2017-01-04,195.122055
2017-01-05,194.967102
2017-01-06,195.664597
2017-01-09,195.018784
2017-01-10,195.018784
2017-01-11,195.569870
2017-01-12,195.079071
2017-01-13,195.526886
2017-01-17,194.837921
2017-01-18,195.268555
2017-01-19,194.545135
2017-01-20,195.259888
2017-01-23,194.751831
2017-01-24,196.000504
2017-01-25,197.697006
2017-01-26,197.490295
2017-01-27,197.180283
2017-01-30,195.957458
2017-01-31,195.940186
2017-02-01,196.017715
2017-02-02,196.146881
2017-02-03,197.498871
2017-02-06,197.145798
2017-02-07,197.154449
2017-02-08,197.412827
2017-02-09,198.584000
2017-02-10,199.367661
2017-02-13,200.452713
2017-02-14,201.253571
2017-02-15,202.304230
2017-02-16,202.131912
2017-02-17,202.450607
2017-02-21,203.656219
2017-02-22,203.475357
2017-02-23,203.613190
2017-02-24,203.871490
2017-02-27,204.190140
2017-02-28,203.638977
2017-03-01,206.489426
2017-03-02,205.189087
2017-03-03,205.318222
2017-03-06,204.706863
2017-03-07,204.095459
2017-03-08,203.716507
2017-03-09,203.974854
2017-03-10,204.689575
2017-03-13,204.792923
2017-03-14,204.009308
2017-03-15,205.774658
2017-03-16,205.369919
2017-03-17,205.009277
2017-03-20,204.784424
2017-03-21,202.155075
2017-03-22,202.630783
2017-03-23,202.414551
2017-03-24,202.267532
2017-03-27,202.059921
2017-03-28,203.530258
2017-03-29,203.720505
2017-03-30,204.369186
2017-03-31,203.893524
2017-04-03,203.538925
2017-04-04,203.668671
2017-04-05,203.063248
2017-04-06,203.634079
2017-04-07,203.426498
2017-04-10,203.547562
2017-04-11,203.305389
2017-04-12,202.414551
2017-04-13,201.099808
2017-04-17,202.881638
2017-04-18,202.276169
2017-04-19,201.904251
2017-04-20,203.547562
2017-04-21,202.898834
2017-04-24,205.130341
2017-04-25,206.323898
2017-04-26,206.194122
2017-04-27,206.367126
2017-04-28,205.917389
2017-05-01,206.436340
2017-05-02,206.514206
2017-05-03,206.263367
2017-05-04,206.505554
2017-05-05,207.318649
2017-05-08,207.283981
2017-05-09,207.093719
2017-05-10,207.465637
2017-05-11,207.041809
2017-05-12,206.695816
2017-05-15,207.837524
2017-05-16,207.647217
2017-05-17,203.962753
2017-05-18,204.784424
2017-05-19,206.116364
2017-05-22,207.162857
2017-05-23,207.621307
2017-05-24,208.105621
2017-05-25,209.100266
2017-05-26,209.056992
2017-05-30,208.875458
2017-05-31,208.823502
2017-06-01,210.484116
2017-06-02,211.184692
2017-06-05,211.029037
2017-06-06,210.354401
2017-06-07,210.743591
2017-06-08,210.847366
2017-06-09,210.527405
2017-06-12,210.484116
2017-06-13,211.513382
2017-06-14,211.245255
2017-06-15,210.838745
2017-06-16,210.884827
2017-06-19,212.640472
2017-06-20,211.206390
2017-06-21,211.154236
2017-06-22,211.058640
2017-06-23,211.310715
2017-06-26,211.449783
2017-06-27,209.746201
2017-06-28,211.623611
2017-06-29,209.763672
2017-06-30,210.154800
2017-07-03,210.511139
2017-07-05,210.997803
2017-07-06,209.068344
2017-07-07,210.424179
2017-07-10,210.650146
2017-07-11,210.493713
2017-07-12,212.075516
2017-07-13,212.431839
2017-07-14,213.422653
2017-07-17,213.396606
2017-07-18,213.509583
2017-07-19,214.665497
2017-07-20,214.761124
2017-07-21,214.569916
2017-07-24,214.517776
2017-07-25,215.039169
2017-07-26,215.047913
2017-07-27,214.848022
2017-07-28,214.595963
2017-07-31,214.474274
2017-08-01,214.952316
2017-08-02,215.056625
2017-08-03,214.639450
2017-08-04,215.030533
2017-08-07,215.430298
2017-08-08,214.900162
2017-08-09,214.891479
2017-08-10,211.858231
2017-08-11,212.171158
2017-08-14,214.274399
2017-08-15,214.248291
2017-08-16,214.622070
2017-08-17,211.275925
2017-08-18,210.945618
2017-08-21,211.110794
2017-08-22,213.318329
2017-08-23,212.553513
2017-08-24,212.058105
2017-08-25,212.553513
2017-08-28,212.562225
2017-08-29,212.805603
2017-08-30,213.813766
2017-08-31,215.100021
2017-09-01,215.404251
2017-09-05,213.857239
2017-09-06,214.587280
2017-09-07,214.561172
2017-09-08,214.309219
2017-09-11,216.594955
2017-09-12,217.325027
2017-09-13,217.429337
2017-09-14,217.359802
2017-09-15,217.652420
2017-09-18,218.115341
2017-09-19,218.333725
2017-09-20,218.412277
2017-09-21,217.827118
2017-09-22,217.870789
2017-09-25,217.425293
2017-09-26,217.556351
2017-09-27,218.403549
2017-09-28,218.665588
2017-09-29,219.434204
2017-10-02,220.386337
2017-10-03,220.857895
2017-10-04,221.119934
2017-10-05,222.430161
2017-10-06,222.176773
2017-10-09,221.809998
2017-10-10,222.395203
2017-10-11,222.744614
2017-10-12,222.412659
2017-10-13,222.683426
2017-10-16,222.980347
2017-10-17,223.137650
2017-10-18,223.355988
2017-10-19,223.417053
2017-10-20,224.570068
2017-10-23,223.696594
2017-10-24,224.089691
2017-10-25,222.980347
2017-10-26,223.268616
2017-10-27,225.094101
2017-10-30,224.255585
2017-10-31,224.604996
2017-11-01,224.901947
2017-11-02,224.989319
2017-11-03,225.740479
2017-11-06,226.089828
2017-11-07,225.932617
2017-11-08,226.316910
2017-11-09,225.495926
2017-11-10,225.426025
2017-11-13,225.635620
2017-11-14,225.111633
2017-11-15,223.984894
2017-11-16,225.888916
2017-11-17,225.225067
2017-11-20,225.609421
2017-11-21,227.085602
2017-11-22,226.884674
2017-11-24,227.408676
2017-11-27,227.295212
2017-11-28,229.601013
2017-11-29,229.461334
2017-11-30,231.470230
2017-12-01,230.989822
2017-12-04,230.710388
2017-12-05,229.880539
2017-12-06,229.924286
2017-12-07,230.649185
2017-12-08,231.906891
2017-12-11,232.605728
2017-12-12,233.016190
2017-12-13,232.989990
2017-12-14,232.037933
2017-12-15,233.970200
2017-12-18,235.453934
2017-12-19,234.549683
2017-12-20,234.426712
2017-12-21,234.909607
2017-12-22,234.848175
2017-12-26,234.567230
2017-12-27,234.681351
2017-12-28,235.164185
2017-12-29,234.277466
2018-01-02,235.954300
2018-01-03,237.446716
2018-01-04,238.447540
2018-01-05,240.036469
2018-01-08,240.475510
2018-01-09,241.019806
2018-01-10,240.651077
2018-01-11,242.406921
2018-01-12,243.987228
2018-01-16,243.153137
2018-01-17,245.470779
2018-01-18,245.058182
2018-01-19,246.173065
2018-01-22,248.174728
2018-01-23,248.701477
2018-01-24,248.604919
2018-01-25,248.710297
2018-01-26,251.589691
2018-01-29,249.921692
2018-01-30,247.358276
2018-01-31,247.481125
2018-02-01,247.200165
2018-02-02,241.818726
2018-02-05,231.705231
2018-02-06,236.270401
2018-02-07,234.988602
2018-02-08,226.174469
2018-02-09,229.571945
2018-02-12,232.943130
2018-02-13,233.522430
2018-02-14,236.674210
2018-02-15,239.694229
2018-02-16,239.764359
2018-02-20,238.263153
2018-02-21,237.078079
2018-02-22,237.385269
2018-02-23,241.169067
2018-02-26,243.969467
2018-02-27,240.923218
2018-02-28,238.482666
2018-03-01,235.014908
2018-03-02,236.226440
2018-03-05,238.956726
2018-03-06,239.562515
2018-03-07,239.474716
2018-03-08,240.633453
2018-03-09,244.821106
2018-03-12,244.513824
2018-03-13,242.933624
2018-03-14,241.686981
2018-03-15,241.423630
2018-03-16,241.685425
2018-03-19,238.415390
2018-03-20,238.820770
2018-03-21,238.362427
2018-03-22,232.404068
2018-03-23,227.450485
2018-03-26,233.673355
2018-03-27,229.698120
2018-03-28,229.019409
2018-03-29,231.945740
2018-04-02,226.939240
2018-04-03,229.847961
2018-04-04,232.307083
2018-04-05,234.140472
2018-04-06,228.922470
2018-04-09,230.050690
2018-04-10,233.708618
2018-04-11,232.483398
2018-04-12,234.396042
2018-04-13,233.708618
2018-04-16,235.630081
2018-04-17,238.150925
2018-04-18,238.327194
2018-04-19,237.005127
2018-04-20,234.995438
2018-04-23,234.960220
2018-04-24,231.795959
2018-04-25,232.368866
2018-04-26,234.731064
2018-04-27,234.951370
2018-04-30,233.144470
2018-05-01,233.558731
2018-05-02,231.989792
2018-05-03,231.478531
2018-05-04,234.475342
2018-05-07,235.268707
2018-05-08,235.268707
2018-05-09,237.542725
2018-05-10,239.763901
2018-05-11,240.495483
2018-05-14,240.610107
2018-05-15,238.953049
2018-05-16,239.957840
2018-05-17,239.755157
2018-05-18,239.155777
2018-05-21,240.953781
2018-05-22,240.283966
2018-05-23,240.945023
2018-05-24,240.451492
2018-05-25,239.878510
2018-05-29,237.119598
2018-05-30,240.283966
2018-05-31,238.812012
2018-06-01,241.156616
2018-06-04,242.302399
2018-06-05,242.478699
2018-06-06,244.505905
2018-06-07,244.479462
2018-06-08,245.202286
2018-06-11,245.528412
2018-06-12,245.845779
2018-06-13,245.061203
2018-06-14,245.678268
2018-06-15,245.364822
2018-06-18,244.860168
2018-06-19,243.921707
2018-06-20,244.337738
2018-06-21,242.806076
2018-06-22,243.248810
2018-06-25,239.937515
2018-06-26,240.468704
2018-06-27,238.476578
2018-06-28,239.840118
2018-06-29,240.185440
2018-07-02,240.698868
2018-07-03,239.848923
2018-07-05,241.805588
2018-07-06,243.850906
2018-07-09,246.046509
2018-07-10,246.932022
2018-07-11,245.125763
2018-07-12,247.348083
2018-07-13,247.542862
2018-07-16,247.321442
2018-07-17,248.322021
2018-07-18,248.844391
2018-07-19,247.905838
2018-07-20,247.622528
2018-07-23,248.082977
2018-07-24,249.331345
2018-07-25,251.456207
2018-07-26,250.863083
2018-07-27,249.163193
2018-07-30,247.861649
2018-07-31,249.083374
2018-08-01,248.667297
2018-08-02,250.022003
2018-08-03,251.093292
2018-08-06,252.013962
2018-08-07,252.846298
2018-08-08,252.740021
2018-08-09,252.394714
2018-08-10,250.703720
2018-08-13,249.765137
2018-08-14,251.358810
2018-08-15,249.481812
2018-08-16,251.500626
2018-08-17,252.385849
2018-08-20,252.925995
2018-08-21,253.519180
2018-08-22,253.368698
2018-08-23,253.032227
2018-08-24,254.554977
2018-08-27,256.564819
2018-08-28,256.688843
2018-08-29,258.070007
2018-08-30,257.025330
2018-08-31,257.034058
2018-09-04,256.591461
2018-09-05,255.900803
2018-09-06,255.130508
2018-09-07,254.634842
2018-09-10,255.077438
2018-09-11,255.918579
2018-09-12,255.980484
2018-09-13,257.494507
2018-09-14,257.538818
2018-09-17,256.175262
2018-09-18,257.565399
2018-09-19,257.839752
2018-09-20,259.929352
2018-09-21,259.691803
2018-09-24,258.829102
2018-09-25,258.588989
2018-09-26,257.815247
2018-09-27,258.535675
2018-09-28,258.562347
2018-10-01,259.460602
2018-10-02,259.309448
2018-10-03,259.451752
2018-10-04,257.423828
2018-10-05,255.983215
2018-10-08,255.983215
2018-10-09,255.609482
2018-10-10,247.516159
2018-10-11,242.064224
2018-10-12,245.426117
2018-10-15,244.047546
2018-10-16,249.383835
2018-10-17,249.428345
2018-10-18,245.826279
2018-10-19,245.692886
2018-10-22,244.590103
2018-10-23,243.344864
2018-10-24,235.971863
2018-10-25,240.205368
2018-10-26,235.980759
2018-10-29,234.673401
2018-10-30,238.150848
2018-10-31,240.694550
2018-11-01,243.256042
2018-11-02,241.815109
2018-11-05,243.149216
2018-11-06,244.687881
2018-11-07,249.926346
2018-11-08,249.472794
2018-11-09,247.035828
2018-11-12,242.420013
2018-11-13,241.966370
2018-11-14,240.312164
2018-11-15,242.820190
2018-11-16,243.451645
2018-11-19,239.333817
2018-11-20,234.904648
2018-11-21,235.705170
2018-11-23,234.130844
2018-11-26,237.910873
2018-11-27,238.711227
2018-11-28,244.207581
2018-11-29,243.673996
2018-11-30,245.159286
2018-12-03,248.405502
2018-12-04,240.356506
2018-12-06,239.991913
2018-12-07,234.415527
2018-12-10,234.860184
2018-12-11,234.913589
2018-12-12,236.096420
2018-12-13,236.016403
2018-12-14,231.658386
2018-12-17,227.113586
2018-12-18,226.864594
2018-12-19,223.467133
2018-12-20,219.829514
2018-12-21,215.325348
2018-12-24,209.635834
2018-12-26,220.227615
2018-12-27,221.918427
2018-12-28,221.632126
2018-12-31,223.573380
2019-01-02,223.805969
2019-01-03,218.465332
2019-01-04,225.782974
2019-01-07,227.563156
2019-01-08,229.701218
2019-01-09,230.774780
2019-01-10,231.588760
2019-01-11,231.678284
2019-01-14,230.264816
2019-01-15,232.903793
2019-01-16,233.467438
2019-01-17,235.238708
2019-01-18,238.369736
2019-01-22,235.149170
2019-01-23,235.641251
2019-01-24,235.766434
2019-01-25,237.761383
2019-01-28,235.954330
2019-01-29,235.641251
2019-01-30,239.371613
2019-01-31,241.473892
2019-02-01,241.590195
2019-02-04,243.289886
2019-02-05,244.309708
2019-02-06,243.987717
2019-02-07,241.661774
2019-02-08,241.956985
2019-02-11,242.091141
2019-02-12,245.204285
2019-02-13,246.000427
2019-02-14,245.454834
2019-02-15,248.129593
2019-02-19,248.558945
2019-02-20,249.059967
2019-02-21,248.174255
2019-02-22,249.713028
2019-02-25,250.052948
2019-02-26,249.874008
2019-02-27,249.766724
2019-02-28,249.301468
2019-03-01,250.858047
2019-03-04,249.945541
2019-03-05,249.605652
2019-03-06,248.093781
2019-03-07,246.018417
2019-03-08,245.526337
2019-03-11,249.086792
2019-03-12,250.026062
2019-03-13,251.681030
2019-03-14,251.520020
2019-03-15,252.762634
2019-03-18,253.679184
2019-03-19,253.742004
2019-03-20,252.978333
2019-03-21,255.835648
2019-03-22,250.911713
2019-03-25,250.723099
2019-03-26,252.592010
2019-03-27,251.271164
2019-03-28,252.223587
2019-03-29,253.813904
2019-04-01,256.824066
2019-04-02,256.949860
2019-04-03,257.354187
2019-04-04,258.036957
2019-04-05,259.285980
2019-04-08,259.483704
2019-04-09,258.153809
2019-04-10,259.034271
2019-04-11,258.962494
2019-04-12,260.714661
2019-04-15,260.543884
2019-04-16,260.714661
2019-04-17,260.076691
2019-04-18,260.588776
2019-04-22,260.813416
2019-04-23,263.158569
2019-04-24,262.574585
2019-04-25,262.412811
2019-04-26,263.634766
2019-04-29,264.048126
2019-04-30,264.182800
2019-05-01,262.197174
2019-05-02,261.631073
2019-05-03,264.191864
2019-05-06,263.104584
2019-05-07,258.710846
2019-05-08,258.351532
2019-05-09,257.569794
2019-05-10,258.863647
2019-05-13,252.358368
2019-05-14,254.640610
2019-05-15,256.132172
2019-05-16,258.504181
2019-05-17,256.832947
2019-05-20,255.134842
2019-05-21,257.434967
2019-05-22,256.644287
2019-05-23,253.508575
2019-05-24,254.083450
2019-05-28,251.720398
2019-05-29,250.031143
2019-05-30,250.714081
2019-05-31,247.335602
2019-06-03,246.706619
2019-06-04,252.061813
2019-06-05,254.245224
2019-06-06,255.898483
2019-06-07,258.459259
2019-06-10,259.645325
2019-06-11,259.582520
2019-06-12,259.124268
2019-06-13,260.193481
2019-06-14,259.905914
2019-06-17,260.004761
2019-06-18,262.727325
2019-06-19,263.320282
2019-06-20,265.836121
2019-06-21,265.449677
2019-06-24,265.124664
2019-06-25,262.524353
2019-06-26,262.262512
2019-06-27,263.192535
2019-06-28,264.546783
2019-07-01,266.948547
2019-07-02,267.643768
2019-07-03,269.783539
2019-07-05,269.476654
2019-07-08,267.995819
2019-07-09,268.329956
2019-07-10,269.612061
2019-07-11,270.244049
2019-07-12,271.453918
2019-07-15,271.544220
2019-07-16,270.668427
2019-07-17,268.826538
2019-07-18,269.810608
2019-07-19,268.311920
2019-07-22,268.971069
2019-07-23,270.894135
2019-07-24,272.167236
2019-07-25,270.867096
2019-07-26,272.681854
2019-07-29,272.185272
2019-07-30,271.517090
2019-07-31,268.546600
2019-08-01,266.208069
2019-08-02,264.203735
2019-08-05,256.258301
2019-08-06,259.851776
2019-08-07,260.005280
2019-08-08,265.106598
2019-08-09,263.300751
2019-08-12,260.095581
2019-08-13,264.140533
2019-08-14,256.330475
2019-08-15,257.007660
2019-08-16,260.799896
2019-08-19,263.941833
2019-08-20,261.919464
2019-08-21,264.050262
2019-08-22,263.968964
2019-08-23,257.188263
2019-08-26,260.032379
2019-08-27,259.012177
2019-08-28,260.835938
2019-08-29,264.167603
2019-08-30,264.050262
2019-09-03,262.506287
2019-09-04,265.485870
2019-09-05,268.898773
2019-09-06,269.106415
2019-09-09,269.241852
2019-09-10,269.178680
2019-09-11,271.092804
2019-09-12,272.031769
2019-09-13,271.851257
2019-09-16,271.011505
2019-09-17,271.697723
2019-09-18,271.860199
2019-09-19,271.842255
2019-09-20,270.557770
2019-09-23,270.494263
2019-09-24,268.371796
2019-09-25,269.959167
2019-09-26,269.396759
2019-09-27,267.945465
2019-09-30,269.188049
2019-10-01,265.986237
2019-10-02,261.287628
2019-10-03,263.428284
2019-10-04,266.993042
2019-10-07,265.841064
2019-10-08,261.713959
2019-10-09,264.199371
2019-10-10,265.986237
2019-10-11,268.743622
2019-10-14,268.444366
2019-10-15,271.101929
2019-10-16,270.666656
2019-10-17,271.464844
2019-10-18,270.276550
2019-10-21,272.108856
2019-10-22,271.220001
2019-10-23,272.009125
2019-10-24,272.453491
2019-10-25,273.569244
2019-10-28,275.111206
2019-10-29,275.029633
2019-10-30,275.873169
2019-10-31,275.138428
2019-11-01,277.687317
2019-11-04,278.802948
2019-11-05,278.494568
2019-11-06,278.558075
2019-11-07,279.537689
2019-11-08,280.227081
2019-11-11,279.691803
2019-11-12,280.281494
2019-11-13,280.372162
2019-11-14,280.780426
2019-11-15,282.812164
2019-11-18,283.020813
2019-11-19,282.939209
2019-11-20,281.886932
2019-11-21,281.433502
2019-11-22,282.059326
2019-11-25,284.245270
2019-11-26,284.889282
2019-11-27,286.159241
2019-11-29,285.097931
2019-12-02,282.676056
2019-12-03,280.780426
2019-12-04,282.512848
2019-12-05,283.020813
2019-12-06,285.605927
2019-12-09,284.707886
2019-12-10,284.390503
2019-12-11,285.197845
2019-12-12,287.655792
2019-12-13,287.828247
2019-12-16,289.805542
2019-12-17,289.869141
2019-12-18,289.887177
2019-12-19,291.075409
2019-12-20,292.351624
2019-12-23,292.798340
2019-12-24,292.807373
2019-12-26,294.365997
2019-12-27,294.293182
2019-12-30,292.670563
2019-12-31,293.381622
2020-01-02,296.125275
2020-01-03,293.883026
2020-01-06,295.004120
2020-01-07,294.174622
2020-01-08,295.742493
2020-01-09,297.747803
2020-01-10,296.890991
2020-01-13,298.932831
2020-01-14,298.476990
2020-01-15,299.151520
2020-01-16,301.640015
2020-01-17,302.578857
2020-01-21,301.986328
2020-01-22,302.022858
2020-01-23,302.369171
2020-01-24,299.680267
2020-01-27,294.876526
2020-01-28,297.966644
2020-01-29,297.720428
2020-01-30,298.686676
2020-01-31,293.263245
2020-02-03,295.441742
2020-02-04,299.944550
2020-02-05,303.408325
2020-02-06,304.429291
2020-02-07,302.806763
2020-02-10,305.067230
2020-02-11,305.595978
2020-02-12,307.564911
2020-02-13,307.236694
2020-02-14,307.728882
2020-02-18,306.935913
2020-02-19,308.403473
2020-02-20,307.136414
2020-02-21,303.973511
2020-02-24,293.892120
2020-02-25,284.986572
2020-02-26,283.938263
2020-02-27,271.186127
2020-02-28,270.046753
2020-03-02,281.741516
2020-03-03,273.674530
2020-03-04,285.177948
2020-03-05,275.698120
2020-03-06,271.140533
2020-03-09,249.966003
2020-03-10,262.900421
2020-03-11,250.084457
2020-03-12,226.157043
2020-03-13,245.490417
2020-03-16,218.627914
2020-03-17,230.432114
2020-03-18,218.764633
2020-03-19,219.229538
2020-03-20,209.781982
2020-03-23,204.418259
2020-03-24,222.939194
2020-03-25,226.276672
2020-03-26,239.488907
2020-03-27,232.355515
2020-03-30,239.901535
2020-03-31,236.325653
2020-04-01,225.689850
2020-04-02,230.897751
2020-04-03,227.560272
2020-04-06,242.844666
2020-04-07,243.092239
2020-04-08,251.252502
2020-04-09,255.075806
2020-04-13,252.747009
2020-04-14,260.201172
2020-04-15,254.672394
2020-04-16,255.901047
2020-04-17,262.814331
2020-04-20,258.184052
2020-04-21,250.344727
2020-04-22,255.901047
2020-04-23,255.882629
2020-04-24,259.449341
2020-04-27,263.190216
2020-04-28,261.979919
2020-04-29,268.838226
2020-04-30,266.335175
2020-05-01,259.284271
2020-05-04,259.999512
2020-05-05,262.401703
2020-05-06,260.622955
2020-05-07,263.767822
2020-05-08,268.132294
2020-05-11,268.187256
2020-05-12,262.841797
2020-05-13,258.193237
2020-05-14,261.283112
2020-05-15,262.484161
2020-05-18,270.479462
2020-05-19,267.701263
2020-05-20,272.248993
2020-05-21,270.369385
2020-05-22,270.882843
2020-05-26,274.220276
2020-05-27,278.300354
2020-05-28,277.786926
2020-05-29,279.024689
2020-06-01,280.152405
2020-06-02,282.472198
2020-06-03,286.231384
2020-06-04,285.479584
2020-06-05,292.796265
2020-06-08,296.335449
2020-06-09,294.125763
2020-06-10,292.484436
2020-06-11,275.623138
2020-06-12,278.923828
2020-06-15,281.527863
2020-06-16,286.946533
2020-06-17,285.754700
2020-06-18,285.864716
2020-06-19,284.230927
2020-06-22,286.054352
2020-06-23,287.371185
2020-06-24,280.040894
2020-06-25,283.042908
2020-06-26,276.320221
2020-06-29,280.381531
2020-06-30,283.972992
2020-07-01,285.962219
2020-07-02,287.537048
2020-07-06,291.975830
2020-07-07,288.964478
2020-07-08,291.174561
2020-07-09,289.516998
2020-07-10,292.473236
2020-07-13,289.940674
2020-07-14,293.697998
2020-07-15,296.396240
2020-07-16,295.420044
2020-07-17,296.276459
2020-07-20,298.670898
2020-07-21,299.306366
2020-07-22,301.009979
2020-07-23,297.418396
2020-07-24,295.502930
2020-07-27,297.657867
2020-07-28,295.769958
2020-07-29,299.407593
2020-07-30,298.339417
2020-07-31,300.696869
2020-08-03,302.787354
2020-08-04,303.956940
2020-08-05,305.844727
2020-08-06,307.889313
2020-08-07,308.110260
2020-08-10,309.031158
2020-08-11,306.480164
2020-08-12,310.753235
2020-08-13,310.191467
2020-08-14,310.200684
2020-08-17,311.186127
2020-08-18,311.858368
2020-08-19,310.559845
2020-08-20,311.526855
2020-08-21,312.631989
2020-08-24,315.799866
2020-08-25,316.904999
2020-08-26,320.082123
2020-08-27,320.781982
2020-08-28,322.854095
2020-08-31,321.684509
2020-09-01,324.714294
2020-09-02,329.411041
2020-09-03,318.074615
2020-09-04,315.477600
2020-09-08,306.857758
2020-09-09,312.917328
2020-09-10,307.484039
2020-09-11,307.640594
2020-09-14,311.692627
2020-09-15,313.267365
2020-09-16,312.024170
2020-09-17,309.279846
2020-09-18,305.719116
2020-09-21,302.316711
2020-09-22,305.395538
2020-09-23,298.313141
2020-09-24,299.108307
2020-09-25,303.943970
2020-09-28,308.992218
2020-09-29,307.309540
2020-09-30,309.639496
2020-10-01,311.627380
2020-10-02,308.668610
2020-10-05,314.142242
2020-10-06,309.676514
2020-10-07,315.066833
2020-10-08,317.859100
2020-10-09,320.697723
2020-10-12,325.856964
2020-10-13,323.730316
2020-10-14,321.696259
2020-10-15,321.298676
2020-10-16,321.104492
2020-10-19,316.222656
2020-10-20,317.489319
2020-10-21,316.888336
2020-10-22,318.626556
2020-10-23,319.708313
2020-10-26,313.800140
2020-10-27,312.718475
2020-10-28,302.030029
2020-10-29,305.099762
2020-10-30,301.919067
2020-11-02,305.303070
2020-11-03,310.693512
2020-11-04,317.637207
2020-11-05,323.832062
2020-11-06,323.758087
2020-11-09,327.826355
2020-11-10,327.345581
2020-11-11,329.777252
2020-11-12,326.578186
2020-11-13,331.099518
2020-11-16,335.232422
2020-11-17,333.429443
2020-11-18,329.416718
2020-11-19,330.803589
2020-11-20,328.538391
2020-11-23,330.507751
2020-11-24,335.833344
2020-11-25,335.315674
2020-11-27,336.249451
2020-11-30,334.760803
2020-12-01,338.422302
2020-12-02,339.134308
2020-12-03,339.041687
2020-12-04,341.963562
2020-12-07,341.260834
2020-12-08,342.259369
2020-12-09,339.189697
2020-12-10,339.078796
2020-12-11,338.681152
2020-12-14,337.164795
2020-12-15,341.723053
2020-12-16,342.259369
2020-12-17,344.173279
2020-12-18,342.799042
2020-12-21,341.573334
2020-12-22,340.997650
2020-12-23,341.304138
2020-12-24,342.631897
2020-12-28,345.575378
2020-12-29,344.916168
2020-12-30,345.408234
2020-12-31,347.163147
2021-01-04,342.436981
2021-01-05,344.795410
2021-01-06,346.856781
2021-01-07,352.010101
2021-01-08,354.015869
2021-01-11,351.629456
2021-01-12,351.703766
2021-01-13,352.650848
2021-01-14,351.415894
2021-01-15,348.853149
2021-01-19,351.592346
2021-01-20,356.457886
2021-01-21,356.782898
2021-01-22,355.520111
2021-01-25,356.922211
2021-01-26,356.365082
2021-01-27,347.655334
2021-01-28,350.645294
2021-01-29,343.625366
2021-02-01,349.345367
2021-02-02,354.285065
2021-02-03,354.563721
2021-02-04,358.593567
2021-02-05,360.004913
2021-02-08,362.604919
2021-02-09,362.363434
2021-02-10,362.205597
2021-02-11,362.790588
2021-02-12,364.582733
2021-02-16,364.266907
2021-02-17,364.350494
2021-02-18,362.799866
2021-02-19,362.159180
2021-02-22,359.373566
2021-02-23,359.809998
2021-02-24,363.774780
2021-02-25,355.009369
2021-02-26,353.180115
2021-03-01,361.741302
2021-03-02,358.918518
2021-03-03,354.164398
2021-03-04,349.781708
2021-03-05,356.216461
2021-03-08,354.442963
2021-03-09,359.503510
2021-03-10,361.741302
2021-03-11,365.409088
2021-03-12,365.901123
2021-03-15,368.083282
2021-03-16,367.618988
2021-03-17,368.872528
2021-03-18,363.505615
2021-03-19,362.832977
2021-03-22,365.730164
2021-03-23,362.851532
2021-03-24,361.007050
2021-03-25,363.037933
2021-03-26,368.888214
2021-03-29,368.701904
2021-03-30,367.723755
2021-03-31,369.214294
2021-04-01,373.201447
2021-04-05,378.558014
2021-04-06,378.334442
2021-04-07,378.772369
2021-04-08,380.570374
2021-04-09,383.337036
2021-04-12,383.476868
2021-04-13,384.613342
2021-04-14,383.299896
2021-04-15,387.417389
2021-04-16,388.712280
2021-04-19,386.802551
2021-04-20,383.970581
2021-04-21,387.603729
2021-04-22,384.063690
2021-04-23,388.227905
2021-04-26,389.038330
2021-04-27,388.954498
2021-04-28,388.842834
2021-04-29,391.320709
2021-04-30,388.749573
2021-05-03,389.587982
2021-05-04,387.184540
2021-05-05,387.305634
2021-05-06,390.398468
2021-05-07,393.239807
2021-05-10,389.345917
2021-05-11,385.870972
2021-05-12,377.673096
2021-05-13,382.209839
2021-05-14,388.078857
2021-05-17,387.091309
2021-05-18,383.756348
2021-05-19,382.750214
2021-05-20,386.867798
2021-05-21,386.550995
2021-05-24,390.491669
2021-05-25,389.625275
2021-05-26,390.398468
2021-05-27,390.603455
2021-05-28,391.302155
2021-06-01,390.957367
2021-06-02,391.572235
2021-06-03,390.118988
2021-06-04,393.686981
2021-06-07,393.304993
2021-06-08,393.388947
2021-06-09,392.801971
2021-06-10,394.627869
2021-06-11,395.279968
2021-06-14,396.165039
2021-06-15,395.438354
2021-06-16,393.230530
2021-06-17,393.100098
2021-06-18,387.796997
2021-06-21,393.348663
2021-06-22,395.451599
2021-06-23,394.974976
2021-06-24,397.311615
2021-06-25,398.722809
2021-06-28,399.526520
2021-06-29,399.741577
2021-06-30,400.078033
2021-07-01,402.293121
2021-07-02,405.368011
2021-07-06,404.629669
2021-07-07,406.059692
2021-07-08,402.751068
2021-07-09,407.050354
2021-07-12,408.508484
2021-07-13,407.115845
2021-07-14,407.723358
2021-07-15,406.330688
2021-07-16,403.143646
2021-07-19,397.190063
2021-07-20,402.881958
2021-07-21,406.143799
2021-07-22,406.994354
2021-07-23,411.181427
2021-07-26,412.190948
2021-07-27,410.312256
2021-07-28,410.144012
2021-07-29,411.845001
2021-07-30,409.844910
2021-08-02,408.985077
2021-08-03,412.312286
2021-08-04,410.284149
2021-08-05,412.882538
2021-08-06,413.564697
2021-08-09,413.228271
2021-08-10,413.742249
2021-08-11,414.770477
2021-08-12,416.013489
2021-08-13,416.770538
2021-08-16,417.751862
2021-08-17,415.013397
2021-08-18,410.471130
2021-08-19,411.106659
2021-08-20,414.377838
2021-08-23,418.022949
2021-08-24,418.686615
2021-08-25,419.565063
2021-08-26,417.088348
2021-08-27,420.817413
2021-08-30,422.668091
2021-08-31,422.041901
2021-09-01,422.266205
2021-09-02,423.565308
2021-09-03,423.462433
2021-09-07,421.948364
2021-09-08,421.434296
2021-09-09,419.630524
2021-09-10,416.321869
2021-09-13,417.387360
2021-09-14,415.134979
2021-09-15,418.602386
2021-09-16,417.938843
2021-09-17,413.867584
2021-09-20,406.966766
2021-09-21,406.582336
2021-09-22,410.548492
2021-09-23,415.536682
2021-09-24,416.221008
2021-09-27,415.030304
2021-09-28,406.666687
2021-09-29,407.351196
2021-09-30,402.372437
2021-10-01,407.154297
2021-10-04,401.903564
2021-10-05,406.085358
2021-10-06,407.773132
2021-10-07,411.298584
2021-10-08,410.548492
2021-10-11,407.576263
2021-10-12,406.572937
2021-10-13,408.035675
2021-10-14,414.899109
2021-10-15,418.058899
2021-10-18,419.296509
2021-10-19,422.531342
2021-10-20,424.190979
2021-10-21,425.297333
2021-10-22,424.856659
2021-10-25,427.135040
2021-10-26,427.519440
2021-10-27,425.625519
2021-10-28,429.732239
2021-10-29,430.604309
2021-11-01,431.345032
2021-11-02,433.088989
2021-11-03,435.733002
2021-11-04,437.786530
2021-11-05,439.305450
2021-11-08,439.680481
2021-11-09,438.227142
2021-11-10,434.701691
2021-11-11,434.842346
2021-11-12,438.124023
2021-11-15,438.274078
2021-11-16,440.008606
2021-11-17,438.939758
2021-11-18,440.430573
2021-11-19,439.642975
2021-11-22,438.405273
2021-11-23,438.986633
2021-11-24,440.158630
2021-11-26,430.341827
2021-11-29,435.620575
2021-11-30,427.144470
2021-12-01,422.399994
2021-12-02,428.869659
2021-12-03,425.137939
2021-12-06,430.173035
2021-12-07,439.071045
2021-12-08,440.233704
2021-12-09,437.261444
2021-12-10,441.377533
2021-12-13,437.467682
2021-12-14,434.457855
2021-12-15,441.246307
2021-12-16,437.355194
2021-12-17,432.700439
2021-12-20,428.099396
2021-12-21,435.701935
2021-12-22,440.058472
2021-12-23,442.796478
2021-12-27,449.062988
2021-12-28,448.696014
2021-12-29,449.270050
2021-12-30,448.028015
2021-12-31,446.898926
2022-01-03,449.486389
2022-01-04,449.335999
2022-01-05,440.707672
2022-01-06,440.293701
2022-01-07,438.552948
2022-01-10,438.007233
2022-01-11,441.996735
2022-01-12,443.191711
2022-01-13,437.085175
2022-01-14,437.263885
2022-01-18,429.520111
2022-01-19,425.060181
2022-01-20,420.355530
2022-01-21,412.103760
2022-01-24,413.853821
2022-01-25,408.801147
2022-01-26,407.775452
2022-01-27,405.761932
2022-01-28,415.839203
2022-01-31,423.328888
2022-02-01,426.189270
2022-02-02,430.329315
2022-02-03,420.214478
2022-02-04,422.190430
2022-02-07,420.835480
2022-02-08,424.298096
2022-02-09,430.508087
2022-02-10,422.773804
2022-02-11,414.437225
2022-02-14,413.082306
2022-02-15,419.744049
2022-02-16,420.214478
2022-02-17,411.238037
2022-02-18,408.575317
2022-02-22,404.190582
2022-02-23,397.020874
2022-02-24,402.995605
2022-02-25,411.887329
2022-02-28,410.833527
2022-03-01,404.576447
2022-03-02,412.019043
2022-03-03,409.967834
2022-03-04,406.637024
2022-03-07,394.649658
2022-03-08,391.657562
2022-03-09,402.158234
2022-03-10,400.342224
2022-03-11,395.251892
2022-03-14,392.363190
2022-03-15,400.991577
2022-03-16,409.883148
2022-03-17,415.011230
2022-03-18,419.556702
2022-03-21,419.433960
2022-03-22,424.342041
2022-03-23,418.877197
2022-03-24,425.191498
2022-03-25,427.267914
2022-03-28,430.307068
2022-03-29,435.630371
2022-03-30,432.940369
2022-03-31,426.276886
2022-04-01,427.484955
2022-04-04,431.147064
2022-04-05,425.701141
2022-04-06,421.444397
2022-04-07,423.568054
2022-04-08,422.435394
2022-04-11,415.215088
2022-04-12,413.676575
2022-04-13,418.414642
2022-04-14,413.204681
2022-04-18,413.374542
2022-04-19,420.047516
2022-04-20,419.736023
2022-04-21,413.459503
2022-04-22,402.114563
2022-04-25,404.445740
2022-04-26,392.732727
2022-04-27,393.836975
2022-04-28,403.785095
2022-04-29,388.862976
2022-05-02,391.203705
2022-05-03,392.997009
2022-05-04,404.964905
2022-05-05,390.571350
2022-05-06,388.240051
2022-05-09,375.809723
2022-05-10,376.678009
2022-05-11,370.694031
2022-05-12,370.307068
2022-05-13,379.160309
2022-05-16,377.621796
2022-05-17,385.389709
2022-05-18,369.853943
2022-05-19,367.588776
2022-05-20,367.749207
2022-05-23,374.629852
2022-05-24,371.769928
2022-05-25,375.054596
2022-05-26,382.548645
2022-05-27,391.939819
2022-05-31,389.740723
2022-06-01,386.588257
2022-06-02,393.950317
2022-06-03,387.484955
2022-06-06,388.664734
2022-06-07,392.392975
2022-06-08,388.126831
2022-06-09,378.895996
2022-06-10,367.909637
2022-06-13,353.940826
2022-06-14,352.874268
2022-06-15,357.904968
2022-06-16,346.059662
2022-06-17,346.805695
2022-06-21,355.536102
2022-06-22,354.891510
2022-06-23,358.370331
2022-06-24,369.764313
2022-06-27,368.351959
2022-06-28,360.825531
2022-06-29,360.531677
2022-06-30,357.602600
2022-07-01,361.384735
2022-07-05,362.067261
2022-07-06,363.290039
2022-07-07,368.731140
2022-07-08,368.427826
2022-07-11,364.218994
2022-07-12,360.996033
2022-07-13,359.100189
2022-07-14,358.228180
2022-07-15,365.072144
2022-07-18,362.057800
2022-07-19,371.840271
2022-07-20,374.210083
2022-07-21,378.020752
2022-07-22,374.513428
2022-07-25,374.968445
2022-07-26,370.532227
2022-07-27,380.153534
2022-07-28,384.921600
2022-07-29,390.533234
2022-08-01,389.376862
2022-08-02,386.807983
2022-08-03,392.865173
2022-08-04,392.599762
2022-08-05,391.936157
2022-08-08,391.481140
2022-08-09,389.926697
2022-08-10,398.116638
2022-08-11,398.116638
2022-08-12,404.856293
2022-08-15,406.524628
2022-08-16,407.320892
2022-08-17,404.429779
2022-08-18,405.605225
2022-08-19,400.154694
2022-08-22,391.822449
2022-08-23,390.874542
2022-08-24,392.125763
2022-08-25,397.661621
2022-08-26,384.201141
2022-08-29,381.660736
2022-08-30,377.470917
2022-08-31,374.598694
2022-09-01,375.774139
2022-09-02,371.811859
2022-09-06,370.408905
2022-09-07,377.063324
2022-09-08,379.527954
2022-09-09,385.423950
2022-09-12,389.566376
2022-09-13,372.627167
2022-09-14,374.048950
2022-09-15,369.802246
2022-09-16,366.981079
2022-09-19,369.826965
2022-09-20,365.581909
2022-09-21,359.204834
2022-09-22,356.187531
2022-09-23,350.219666
2022-09-26,346.755035
2022-09-27,345.869843
2022-09-28,352.675293
2022-09-29,345.308380
2022-09-30,339.968628
2022-10-03,348.944214
2022-10-04,359.756805
2022-10-05,358.919159
2022-10-06,355.216705
2022-10-07,345.308380
2022-10-10,342.671753
2022-10-11,340.501648
2022-10-12,339.378510
2022-10-13,348.335083
2022-10-14,340.396942
2022-10-17,349.144135
2022-10-18,353.246429
2022-10-19,350.743103
2022-10-20,347.802124
2022-10-21,356.254120
2022-10-24,360.613434
2022-10-25,366.371887
2022-10-26,363.611664
2022-10-27,361.669952
2022-10-28,370.274353
2022-10-31,367.599762
2022-11-01,365.991150
2022-11-02,356.806152
2022-11-03,353.132202
2022-11-04,358.214874
2022-11-07,361.641449
2022-11-08,363.592712
2022-11-09,356.101837
2022-11-10,375.671112
2022-11-11,379.307129
2022-11-14,376.080444
2022-11-15,379.288086
2022-11-16,376.394531
2022-11-17,375.242889
2022-11-18,376.946564
2022-11-21,375.575958
2022-11-22,380.630066
2022-11-23,383.028687
2022-11-25,382.942993
2022-11-28,376.832336
2022-11-29,376.185120
2022-11-30,388.035187
2022-12-01,387.749634
2022-12-02,387.302307
2022-12-05,380.335022
2022-12-06,374.852570
2022-12-07,374.214905
2022-12-08,377.146393
2022-12-09,374.329102
2022-12-12,379.725861
2022-12-13,382.600342
2022-12-14,380.154205
2022-12-15,370.854919
2022-12-16,366.476593
2022-12-19,363.368958
2022-12-20,363.866211
2022-12-21,369.306915
2022-12-22,364.038361
2022-12-23,366.132355
2022-12-27,364.688507
2022-12-28,360.156281
2022-12-29,366.639130
2022-12-30,365.673401
2023-01-03,364.133911
2023-01-04,366.945160
2023-01-05,362.757050
2023-01-06,371.075806
2023-01-09,370.865540
2023-01-10,373.466309
2023-01-11,378.189911
2023-01-12,379.566803
2023-01-13,381.039307
2023-01-17,380.341248
2023-01-18,374.336395
2023-01-19,371.611359
2023-01-20,378.534119
2023-01-23,383.075958
2023-01-24,382.664825
2023-01-25,382.808319
2023-01-26,387.015442
2023-01-27,387.904694
2023-01-30,383.037720
2023-01-31,388.669678
2023-02-01,392.800323
2023-02-02,398.518280
2023-02-03,394.282471
2023-02-06,391.872864
2023-02-07,396.997955
2023-02-08,392.656891
2023-02-09,389.252899
2023-02-10,390.161285
2023-02-13,394.741425
2023-02-14,394.559753
2023-02-15,395.841064
2023-02-16,390.390808
2023-02-17,389.415527
2023-02-21,381.603424
2023-02-22,381.077545
2023-02-23,383.104645
2023-02-24,379.012146
2023-02-27,380.303070
2023-02-28,378.897491
2023-03-01,377.444061
2023-03-02,380.379517
2023-03-03,386.479950
2023-03-06,386.747681
2023-03-07,380.819366
2023-03-08,381.440857
2023-03-09,374.403381
2023-03-10,369.000977
2023-03-13,368.475006
2023-03-14,374.565918
2023-03-15,372.223297
2023-03-16,378.753998
2023-03-17,374.325348
2023-03-20,377.924744
2023-03-21,382.887024
2023-03-22,376.360229
2023-03-23,377.377625
2023-03-24,379.854004
2023-03-27,380.564178
2023-03-28,379.710022
2023-03-29,385.229034
2023-03-30,387.484711
2023-03-31,392.946106
2023-04-03,394.443512
2023-04-04,392.255005
2023-04-05,391.228058
2023-04-06,392.754150
2023-04-10,393.157288
2023-04-11,393.262817
2023-04-12,391.659912
2023-04-13,396.862183
2023-04-14,395.892853
2023-04-17,397.313385
2023-04-18,397.572510
2023-04-19,397.505310
2023-04-20,395.336090
2023-04-21,395.643250
2023-04-24,396.055969
2023-04-25,389.769135
2023-04-26,388.118134
2023-04-27,395.844879
2023-04-28,399.223389
2023-05-01,398.820343
2023-05-02,394.337891
2023-05-03,391.631134
2023-05-04,388.857239
2023-05-05,396.055969
2023-05-08,396.161591
2023-05-09,394.424225
2023-05-10,396.267151
2023-05-11,395.576019
2023-05-12,395.057739
2023-05-15,396.420715
2023-05-16,393.771576
2023-05-17,398.551575
2023-05-18,402.390869
2023-05-19,401.805328
2023-05-22,401.968597
2023-05-23,397.457336
2023-05-24,394.577820
2023-05-25,397.994873
2023-05-26,403.149109
2023-05-30,403.302704
2023-05-31,401.066315
2023-06-01,404.876862
2023-06-02,410.731873
2023-06-05,409.944763
2023-06-06,410.837402
2023-06-07,409.416870
2023-06-08,411.893250
2023-06-09,412.632294
2023-06-12,416.375671
2023-06-13,419.120728
2023-06-14,419.619873
2023-06-15,424.822144
2023-06-16,423.375122
2023-06-20,421.178589
2023-06-21,419.020630
2023-06-22,420.533112
2023-06-23,417.353882
2023-06-26,415.648743
2023-06-27,420.205536
2023-06-28,420.417572
2023-06-29,422.074554
2023-06-30,427.055328
2023-07-03,427.546631
2023-07-05,426.910767
2023-07-06,423.567871
2023-07-07,422.498474
2023-07-10,423.567871
2023-07-11,426.265350
2023-07-12,429.695038
2023-07-13,433.105469
2023-07-14,432.835724
2023-07-17,434.338623
2023-07-18,437.566040
2023-07-19,438.539093
2023-07-20,435.629608
2023-07-21,435.629608
2023-07-24,437.575684
2023-07-25,438.770264
2023-07-26,438.837708
2023-07-27,435.928192
2023-07-28,440.196136
2023-07-31,441.034302
2023-08-01,439.772217
2023-08-02,433.654572
2023-08-03,432.411835
2023-08-04,430.456146
2023-08-07,434.213348
2023-08-08,432.325043
2023-08-09,429.434937
2023-08-10,429.589081
2023-08-11,429.338623
2023-08-14,431.708527
2023-08-15,426.679626
2023-08-16,423.548584
2023-08-17,420.321167
2023-08-18,420.523468
2023-08-21,423.259521
2023-08-22,422.113098
2023-08-23,426.814484
2023-08-24,420.899231
2023-08-25,423.866486
2023-08-28,426.554352
2023-08-29,432.720123
2023-08-30,434.502411
2023-08-31,433.866547
2023-09-01,434.675812
2023-09-05,432.797211
2023-09-06,429.887726
2023-09-07,428.567902
2023-09-08,429.213348
2023-09-11,432.036133
2023-09-12,429.666168
2023-09-13,430.167084
2023-09-14,433.876190
2023-09-15,428.648682
2023-09-18,428.900146
2023-09-19,428.010620
2023-09-20,424.075806
2023-09-21,417.066528
2023-09-22,416.128693
2023-09-25,417.878632
2023-09-26,411.739441
2023-09-27,411.903778
2023-09-28,414.291748
2023-09-29,413.286316
2023-10-02,413.121979
2023-10-03,407.591858
2023-10-04,410.559937
2023-10-05,410.405243
2023-10-06,415.277893
2023-10-09,417.936615
2023-10-10,420.111908
2023-10-11,421.832794
2023-10-12,419.261169
2023-10-13,417.172882
2023-10-16,421.562073
2023-10-17,421.542755
2023-10-18,415.925629
2023-10-19,412.271179
2023-10-20,407.205139
2023-10-23,406.499329
2023-10-24,409.564148
2023-10-25,403.686005
2023-10-26,398.851990
2023-10-27,397.044098
2023-10-30,401.791107
2023-10-31,404.314484
2023-11-01,408.626343
2023-11-02,416.457428
2023-11-03,420.256866
2023-11-06,421.223724
2023-11-07,422.422516
2023-11-08,422.731903
2023-11-09,419.435120
2023-11-10,425.980347
2023-11-13,425.574280
2023-11-14,433.830750
2023-11-15,434.749146
2023-11-16,435.280945
2023-11-17,435.822357
2023-11-20,439.177155
2023-11-21,438.220001
2023-11-22,439.911835
2023-11-24,440.182587
2023-11-27,439.389862
2023-11-28,439.824890
2023-11-29,439.515442
2023-11-30,441.246063
2023-12-01,443.856384
2023-12-04,441.526459
2023-12-05,441.439514
2023-12-06,439.660553
2023-12-07,443.015289
2023-12-08,444.919952
2023-12-11,446.650421
2023-12-12,448.690399
2023-12-13,454.877899
2023-12-14,456.337769
2023-12-15,455.586426
2023-12-18,458.149109
2023-12-19,460.935089
2023-12-20,454.547760
2023-12-21,458.857788
2023-12-22,459.779907
2023-12-26,461.721375
2023-12-27,462.556213
2023-12-28,462.730896
2023-12-29,461.391296
2024-01-02,458.809204
2024-01-03,455.062286
2024-01-04,453.596466
2024-01-05,454.217773
2024-01-08,460.702087
2024-01-09,460.003204
2024-01-10,462.604736
2024-01-11,462.400879
2024-01-12,462.721191
2024-01-16,461.022400
2024-01-17,458.459747
2024-01-18,462.536804
2024-01-19,468.302826
2024-01-22,469.292999
2024-01-23,470.661591
2024-01-24,471.176178
2024-01-25,473.738800
2024-01-26,473.137024
2024-01-29,476.883942
2024-01-30,476.515076
2024-01-31,468.739716
2024-02-01,474.874603
2024-02-02,479.873779
2024-02-05,478.126434
2024-02-06,479.514618
2024-02-07,483.513977
2024-02-08,483.727509
2024-02-09,486.523163
2024-02-12,486.309601
2024-02-13,479.611694
2024-02-14,483.970245
2024-02-15,487.309509
2024-02-16,484.882660
2024-02-20,482.213196
2024-02-21,482.650055
2024-02-22,492.638702
2024-02-23,492.978485
2024-02-26,491.172943
2024-02-27,492.085358
2024-02-28,491.435059
2024-02-29,493.201721
2024-03-01,497.831970
2024-03-04,497.298096
2024-03-05,492.328064
2024-03-06,494.822784
2024-03-07,499.734589
2024-03-08,496.735107
2024-03-11,496.308014
2024-03-12,501.646973
2024-03-13,500.860626
2024-03-14,499.870544
2024-03-15,496.438110
2024-03-18,499.388519
2024-03-19,502.163727
2024-03-20,506.808380
2024-03-21,508.483215
2024-03-22,507.519196
2024-03-25,506.117096
2024-03-26,505.182281
2024-03-27,509.427673
2024-03-28,509.330292
2024-04-01,508.444244
2024-04-02,505.211487
2024-04-03,505.766479
2024-04-04,499.593048
2024-04-05,504.812195
2024-04-08,505.094513
2024-04-09,505.678833
2024-04-10,500.615448
2024-04-11,504.393555
2024-04-12,497.431366
2024-04-15,491.199493
2024-04-16,490.303558
2024-04-17,487.401886
2024-04-18,486.398895
2024-04-19,482.153473
2024-04-22,486.593689
2024-04-23,492.367920
2024-04-24,492.134247
2024-04-25,490.264618
2024-04-26,494.909424
2024-04-29,496.662048
2024-04-30,488.794342
2024-05-01,487.207123
2024-05-02,491.764221
2024-05-03,497.859833
2024-05-06,503.001099
2024-05-07,503.556152
2024-05-08,503.604828
2024-05-09,506.506500
2024-05-10,507.158966
2024-05-13,507.227051
2024-05-14,509.554291
2024-05-15,515.864075
2024-05-16,514.802673
2024-05-17,515.542786
2024-05-20,516.136841
2024-05-21,517.402588
2024-05-22,515.912903
2024-05-23,512.144531
2024-05-24,515.533081
2024-05-28,515.893250
2024-05-29,512.280823
2024-05-30,508.882477
2024-05-31,513.517395
2024-06-03,513.936157
2024-06-04,514.510559
2024-06-05,520.625671
2024-06-06,520.615845
2024-06-07,519.983032
2024-06-10,521.589600
2024-06-11,522.845764
2024-06-12,527.139832
2024-06-13,528.201294
2024-06-14,528.522766
2024-06-17,532.729126
2024-06-18,534.082642
2024-06-20,532.631836
2024-06-21,531.917664
2024-06-24,530.188599
2024-06-25,532.230347
2024-06-26,532.894592
2024-06-27,533.734619
2024-06-28,531.634399
2024-07-01,532.728577
2024-07-02,536.313721
2024-07-03,538.706970
2024-07-05,541.813477
2024-07-08,542.438721
2024-07-09,542.966187
2024-07-10,548.338867
2024-07-11,543.610779
2024-07-12,547.039673
2024-07-15,548.544006
2024-07-16,551.797119
2024-07-17,544.060242
2024-07-18,539.879150
2024-07-19,536.294189
2024-07-22,541.823242
2024-07-23,540.973267
2024-07-24,528.713501
2024-07-25,525.958862
2024-07-26,531.849243
2024-07-29,532.161926
2024-07-30,529.465698
2024-07-31,538.071960
2024-08-01,530.452393
2024-08-02,520.576294
2024-08-05,505.415100
2024-08-06,510.074768
2024-08-07,506.665405
2024-08-08,518.378113
2024-08-09,520.664062
2024-08-12,520.937744
2024-08-13,529.504761
2024-08-14,531.175293
2024-08-15,540.279785
2024-08-16,541.491089
2024-08-19,546.668457
2024-08-20,545.779480
2024-08-21,547.655090
2024-08-22,543.356873
2024-08-23,549.130188
2024-08-26,547.821228
2024-08-27,548.573425
2024-08-28,545.388733
2024-08-29,545.437622
2024-08-30,550.644409
2024-09-03,539.312683
2024-09-04,538.208740
2024-09-05,536.899719
2024-09-06,527.863647
2024-09-09,533.773682
2024-09-10,536.098633
2024-09-11,541.598511
2024-09-12,546.160522
2024-09-13,549.012939
2024-09-16,549.823853
2024-09-17,550.048523
2024-09-18,548.417114
2024-09-19,557.775513
2024-09-20,556.811401
2024-09-23,558.202698
2024-09-24,559.799927
2024-09-25,558.565247
2024-09-26,560.779846
2024-09-27,559.966492
2024-09-30,562.210449
2024-10-01,557.173950
2024-10-02,557.408997
2024-10-03,556.390015
2024-10-04,561.446106
2024-10-07,556.370361
2024-10-08,561.632324
2024-10-09,565.522400
2024-10-10,564.532715
2024-10-11,567.913269
2024-10-14,572.557861
2024-10-15,568.109253
2024-10-16,570.578491
2024-10-17,570.627502
2024-10-18,572.822388
2024-10-21,571.881775
2024-10-22,571.578003
2024-10-23,566.355225
2024-10-24,567.580200
2024-10-25,567.384033
2024-10-28,569.138184
2024-10-29,570.059204
2024-10-30,568.334656
2024-10-31,557.193481
2024-11-01,559.545166
2024-11-04,558.339966
2024-11-05,565.091248
2024-11-06,579.142517
2024-11-07,583.620605
2024-11-08,586.148682
2024-11-11,586.707214
2024-11-12,584.884583
2024-11-13,585.168823
2024-11-14,581.406006
2024-11-15,573.958984
2024-11-18,576.310791
2024-11-19,578.417480
2024-11-20,578.613403
2024-11-21,581.719604
2024-11-22,583.522644
2024-11-25,585.502075
2024-11-26,588.559204
2024-11-27,586.775757
2024-11-29,590.420959
2024-12-02,591.479187
2024-12-03,591.753479
2024-12-04,595.428040
2024-12-05,594.448242
2024-12-06,595.574951
2024-12-09,592.508057
2024-12-10,590.665955
2024-12-11,595.232056
2024-12-12,592.165100
2024-12-13,592.047485
2024-12-16,594.575439
2024-12-17,592.125793
2024-12-18,574.478455
2024-12-19,574.302002
2024-12-20,581.199951
2024-12-23,584.680359
2024-12-24,591.179077
2024-12-26,591.218445
2024-12-27,584.994995
2024-12-30,578.319275
2024-12-31,576.215210
2025-01-02,574.799622
2025-01-03,581.986511
2025-01-06,585.339050
2025-01-07,578.722290
2025-01-08,579.567871
2025-01-10,570.719299
2025-01-13,571.604309
2025-01-14,572.390747
2025-01-15,582.802551
2025-01-16,581.681763
2025-01-17,587.521667
2025-01-21,592.899658
2025-01-22,596.232605
2025-01-23,599.486877
2025-01-24,597.736816
2025-01-27,589.281677
2025-01-28,594.344910
2025-01-29,591.680481
2025-01-30,594.856140
2025-01-31,591.690369
2025-02-03,587.708557
2025-02-04,591.651062
2025-02-05,594.049866
2025-02-06,596.114624
2025-02-07,590.658020
2025-02-10,594.669373
2025-02-11,595.121521
2025-02-12,593.204407
2025-02-13,599.467224
2025-02-14,599.437744
2025-02-18,601.197571
2025-02-19,602.613342
2025-02-20,600.106201
2025-02-21,589.841980
2025-02-24,587.157959
2025-02-25,584.237854
2025-02-26,584.532837
2025-02-27,575.202637
2025-02-28,584.178894
2025-03-03,573.944153
2025-03-04,567.150452
2025-03-05,573.246094
2025-03-06,563.070251
2025-03-07,566.226196
2025-03-10,551.144531
2025-03-11,546.562866
2025-03-12,549.463318
2025-03-13,542.138611
2025-03-14,553.336914
2025-03-17,557.603943
2025-03-18,551.577026
2025-03-19,557.584290
2025-03-20,555.971863
2025-03-21,556.155273
2025-03-24,566.115173
2025-03-25,567.475952
2025-03-26,560.701294
2025-03-27,559.212280
2025-03-28,547.950684
2025-03-31,551.628967
2025-04-01,553.187012
2025-04-02,556.687744
2025-04-03,529.253784
2025-04-04,498.269684
2025-04-07,497.382172
2025-04-08,489.591797
2025-04-09,541.008423
2025-04-10,517.301880
2025-04-11,526.531982
2025-04-14,531.640198
2025-04-15,530.151062
2025-04-16,518.366943
2025-04-17,519.106506
2025-04-21,506.750366
2025-04-22,519.934937
2025-04-23,527.991455
2025-04-24,539.105164
2025-04-25,543.000366
2025-04-28,543.207397
2025-04-29,546.629272
2025-04-30,546.846252
2025-05-01,550.721680
2025-05-02,558.896667
2025-05-05,555.691833
2025-05-06,551.047119
2025-05-07,553.364563
2025-05-08,557.220337
2025-05-09,556.510254
2025-05-12,574.901550
2025-05-13,578.698181
2025-05-14,579.437744
2025-05-15,582.267883
2025-05-16,585.955994
2025-05-19,586.596924
2025-05-20,584.624695
2025-05-21,574.773376
2025-05-22,575.000183
2025-05-23,571.075317
2025-05-27,582.948364
2025-05-28,579.575745
2025-05-29,581.863647
2025-05-30,581.212769
2025-06-02,584.486633
2025-06-03,587.819763
2025-06-04,587.661987
2025-06-05,584.821960
2025-06-06,590.827454
2025-06-09,591.360046
2025-06-10,594.712769
2025-06-11,593.016724
2025-06-12,595.373474
2025-06-13,588.717102
2025-06-16,594.318359
2025-06-17,589.239929
2025-06-18,589.151062
2025-06-20,587.767395
2025-06-23,593.573059
2025-06-24,600.130432
2025-06-25,600.466614
2025-06-26,605.164612
2025-06-27,608.171204
2025-06-30,611.079041
2025-07-01,610.881287
2025-07-02,613.650635
2025-07-03,618.487000
2025-07-07,613.877991
2025-07-08,613.541809
2025-07-09,617.221008
2025-07-10,618.961792
2025-07-11,616.785828
2025-07-14,617.962769
2025-07-15,615.322083
2025-07-16,617.379211
2025-07-17,621.157349
2025-07-18,620.702515
2025-07-21,621.879395
2025-07-22,621.968445
2025-07-23,627.259766
2025-07-24,627.467468
2025-07-25,630.118103
2025-07-28,629.959900
2025-07-29,628.298279
2025-07-30,627.507080
2025-07-31,625.153198
2025-08-01,614.906616
2025-08-04,624.253052
2025-08-05,621.088074
2025-08-06,625.845520
2025-08-07,625.321228
2025-08-08,630.197205
2025-08-11,628.951050
2025-08-12,635.646851
2025-08-13,637.822815
2025-08-14,637.882080
2025-08-15,636.388672
2025-08-18,636.250122
2025-08-19,632.798401
2025-08-20,631.117004
2025-08-21,628.585144
2025-08-22,638.238159
2025-08-25,635.429260
2025-08-26,638.089783
2025-08-27,639.543640
2025-08-28,641.808533
2025-08-29,637.981018
2025-09-02,633.253357
2025-09-03,636.685364
2025-09-04,642.006348
2025-09-05,640.147034
2025-09-08,641.719543
2025-09-09,643.203186
2025-09-10,645.062561
2025-09-11,650.423096
2025-09-12,650.205566
2025-09-15,653.667175
2025-09-16,652.767151
2025-09-17,651.956116
2025-09-18,655.002380
2025-09-19,658.246521
2025-09-22,661.360718
2025-09-23,657.760559
2025-09-24,655.667786
2025-09-25,652.642944
2025-09-26,656.381958
2025-09-29,658.226685
2025-09-30,660.706116
2025-10-01,662.957458
2025-10-02,663.721069
2025-10-03,663.711243
2025-10-06,666.091492
2025-10-07,663.621948
2025-10-08,667.579163
2025-10-09,665.645203
2025-10-10,647.654236
2025-10-13,657.591919
2025-10-14,656.788574
2025-10-15,659.704407
2025-10-16,655.211731
2025-10-17,658.930847
2025-10-20,665.784058
2025-10-21,665.774109
2025-10-22,662.312805
2025-10-23,666.240295
2025-10-24,671.685181
2025-10-27,679.609497
2025-10-28,681.414490
2025-10-29,681.741882
2025-10-30,674.244019
2025-10-31,676.455627
2025-11-03,677.725159
2025-11-04,669.691711
2025-11-05,672.012451
2025-11-06,664.802185
2025-11-07,665.456726
2025-11-10,675.840759
2025-11-11,677.387878
2025-11-12,677.764771
2025-11-13,666.518005
2025-11-14,666.408875
2025-11-17,660.200256
2025-11-18,654.656189
2025-11-19,657.185303
2025-11-20,647.168335
2025-11-21,653.614868
2025-11-24,663.235168
2025-11-25,669.473450
2025-11-26,674.095215
2025-11-28,677.774719
2025-12-01,674.680298
2025-12-02,675.930054
2025-12-03,678.270630
2025-12-04,678.766541
2025-12-05,680.055786
2025-12-08,678.012756
2025-12-09,677.427612
2025-12-10,681.920410
2025-12-11,683.507263
2025-12-12,676.158142
2025-12-15,675.136536
2025-12-16,673.291870
2025-12-17,665.883240
2025-12-18,670.911499
2025-12-19,676.992310
2025-12-22,681.209839
2025-12-23,684.323303
2025-12-24,686.730530
2025-12-26,686.660889
2025-12-29,684.213867
2025-12-30,683.378296
2025-12-31,678.315247
2026-01-02,679.558594
2026-01-05,684.084595
2026-01-06,688.152954
2026-01-07,685.934753
2026-01-08,685.865112
2026-01-09,690.401001
2026-01-12,691.485229
2026-01-13,690.102600
2026-01-14,686.710571
2026-01-15,688.580688
2026-01-16,688.003723
2026-01-20,673.998169
2026-01-21,681.776855
2026-01-22,685.337952
2026-01-23,685.586548
2026-01-26,689.068115
2026-01-27,691.813477
2026-01-28,691.743835
2026-01-29,690.371155
2026-01-30,688.312134
2026-02-02,691.733887
2026-02-03,685.885010
2026-02-04,682.562683
2026-02-05,674.037964
2026-02-06,686.969238
2026-02-09,690.281616
2026-02-10,688.461304
2026-02-11,688.302185
2026-02-12,677.668701
2026-02-13,678.146118
2026-02-17,679.240295
2026-02-18,682.662109
2026-02-19,680.861694
2026-02-20,685.785583
2026-02-23,678.782776
2026-02-24,683.716492
2026-02-25,689.485901
2026-02-26,685.656189
2026-02-27,682.363708
2026-03-02,682.751648
2026-03-03,676.733704
2026-03-04,681.508301
2026-03-05,677.708435
2026-03-06,668.825623
2026-03-09,674.684509
2026-03-10,673.600281
2026-03-11,672.754822
2026-03-12,662.539062
2026-03-13,658.789001
2026-03-16,665.493408
2026-03-17,667.244019
2026-03-18,657.933533
2026-03-19,656.312134
2026-03-20,646.903442
2026-03-23,653.695923
2026-03-24,651.501587
2026-03-25,655.132202
2026-03-26,643.432373
2026-03-27,632.460632
2026-03-30,630.346069
2026-03-31,648.668884
2026-04-01,653.556274
2026-04-02,654.144775
2026-04-06,657.236816
2026-04-07,657.526001
2026-04-08,674.272949
2026-04-09,678.162842
2026-04-10,677.714050
2026-04-13,684.336975
2026-04-14,692.675537
2026-04-15,698.141418
2026-04-16,699.856995
2026-04-17,708.315247
2026-04-20,706.898804
2026-04-21,702.270813
2026-04-22,709.382507
2026-04-23,706.629578
2026-04-24,712.105469
2026-04-27,713.332275
2026-04-28,709.861206
2026-04-29,709.751526
2026-04-30,716.813293
2026-05-01,718.798218
2026-05-04,716.164978
2026-05-05,721.910217
2026-05-06,731.944336
2026-05-07,729.700134
2026-05-08,735.724609
2026-05-11,737.400269
2026-05-12,736.283142
2026-05-13,740.402527
2026-05-14,746.247498
2026-05-15,737.270630
2026-05-18,736.751953
2026-05-19,731.844604
2026-05-20,739.345276
2026-05-21,740.811462
2026-05-22,743.723999
2026-05-26,748.661316
2026-05-27,748.531616
2026-05-28,752.660950
2026-05-29,754.536133
2026-06-01,756.590820
2026-06-02,757.618225
2026-06-03,752.301880
2026-06-04,755.144592
2026-06-05,735.654785
2026-06-08,737.320435
2026-06-09,735.156067
2026-06-10,723.565918
2026-06-11,735.864258
2026-06-12,739.843994
2026-06-15,752.890381
2026-06-16,748.401978
2026-06-17,739.056030
2026-06-18,746.739990
2026-06-22,744.390015
2026-06-23,733.580017
2026-06-24,733.239990
2026-06-25,734.299988
2026-06-26,728.989990
2026-06-29,741.000000
2026-06-30,746.770020
2026-07-01,745.760010
2026-07-02,744.780029
2026-07-06,751.280029
2026-07-07,747.710022
2026-07-08,745.400024
2026-07-09,751.710022
2026-07-10,754.950012
2026-07-13,749.169983
2026-07-14,751.830017
2026-07-15,754.809998
2026-07-16,750.719971
2026-07-17,743.289978
2026-07-20,742.539978
2026-07-21,748.280029
2026-07-22,747.409973
2026-07-23,738.179993
2026-07-24,738.929993
2026-07-27,739.090027
2026-07-28,740.859985
2026-07-29,729.460022
2026-07-30,741.690002
2026-07-31,747.030029
2026-08-03,757.669983
2026-08-04,771.330017
2026-08-05,769.789978
2026-08-06,768.559998
2026-08-07,773.260010
2026-08-10,773.030029
