date,value
2006-07-17,18.049999
2006-07-18,17.219999
2006-07-19,15.600000
2006-07-20,16.309999
2006-07-21,17.040001
2006-07-24,15.410000
2006-07-25,14.610000
2006-07-26,14.580000
2006-07-27,15.160000
2006-07-28,14.630000
2006-07-31,15.250000
2006-08-01,15.390000
2006-08-02,15.060000
2006-08-03,15.050000
2006-08-04,15.090000
2006-08-07,15.350000
2006-08-08,15.470000
2006-08-09,15.580000
2006-08-10,15.280000
2006-08-11,15.280000
2006-08-14,15.280000
2006-08-15,14.520000
2006-08-16,14.030000
2006-08-17,13.380000
2006-08-18,13.100000
2006-08-21,13.420000
2006-08-22,13.430000
2006-08-23,13.560000
2006-08-24,13.580000
2006-08-25,13.510000
2006-08-28,13.360000
2006-08-29,13.380000
2006-08-30,13.320000
2006-08-31,13.300000
2006-09-01,13.190000
2006-09-05,13.360000
2006-09-06,14.320000
2006-09-07,14.470000
2006-09-08,14.190000
2006-09-11,14.200000
2006-09-12,13.520000
2006-09-13,13.340000
2006-09-14,13.550000
2006-09-15,13.410000
2006-09-18,13.400000
2006-09-19,13.550000
2006-09-20,13.280000
2006-09-21,13.610000
2006-09-22,14.090000
2006-09-25,13.460000
2006-09-26,13.100000
2006-09-27,13.220000
2006-09-28,13.290000
2006-09-29,13.450000
2006-10-02,13.590000
2006-10-03,13.500000
2006-10-04,13.240000
2006-10-05,13.280000
2006-10-06,13.080000
2006-10-09,13.060000
2006-10-10,13.050000
2006-10-11,13.100000
2006-10-12,12.420000
2006-10-13,12.200000
2006-10-16,12.350000
2006-10-17,12.630000
2006-10-18,12.470000
2006-10-19,12.310000
2006-10-20,12.060000
2006-10-23,12.210000
2006-10-24,11.510000
2006-10-25,11.360000
2006-10-26,11.230000
2006-10-27,11.370000
2006-10-30,12.040000
2006-10-31,11.400000
2006-11-01,12.080000
2006-11-02,12.120000
2006-11-03,12.080000
2006-11-06,11.400000
2006-11-07,11.350000
2006-11-08,11.190000
2006-11-09,11.370000
2006-11-10,11.490000
2006-11-13,11.380000
2006-11-14,11.170000
2006-11-15,11.120000
2006-11-16,11.030000
2006-11-17,11.060000
2006-11-20,11.180000
2006-11-21,11.190000
2006-11-22,11.520000
2006-11-24,12.280000
2006-11-27,13.270000
2006-11-28,12.630000
2006-11-29,12.200000
2006-11-30,12.310000
2006-12-01,12.590000
2006-12-04,12.400000
2006-12-05,12.440000
2006-12-06,12.510000
2006-12-07,13.480000
2006-12-08,13.310000
2006-12-11,13.250000
2006-12-12,13.170000
2006-12-13,13.060000
2006-12-14,13.010000
2006-12-15,13.130000
2006-12-18,13.190000
2006-12-19,12.630000
2006-12-20,12.530000
2006-12-21,13.100000
2006-12-22,13.300000
2006-12-26,13.130000
2006-12-27,12.590000
2006-12-28,13.100000
2006-12-29,13.290000
2007-01-03,13.380000
2007-01-04,13.130000
2007-01-05,13.410000
2007-01-08,13.280000
2007-01-09,13.260000
2007-01-10,13.020000
2007-01-11,12.380000
2007-01-12,12.070000
2007-01-16,12.220000
2007-01-17,12.080000
2007-01-18,12.100000
2007-01-19,11.610000
2007-01-22,12.170000
2007-01-23,11.540000
2007-01-24,11.230000
2007-01-25,12.120000
2007-01-26,12.090000
2007-01-29,12.170000
2007-01-30,11.600000
2007-01-31,11.330000
2007-02-01,11.290000
2007-02-02,11.240000
2007-02-05,11.420000
2007-02-06,11.400000
2007-02-07,11.310000
2007-02-08,11.420000
2007-02-09,12.150000
2007-02-12,12.370000
2007-02-13,11.450000
2007-02-14,11.260000
2007-02-15,11.260000
2007-02-16,11.200000
2007-02-20,11.360000
2007-02-21,11.380000
2007-02-22,11.340000
2007-02-23,12.000000
2007-02-26,12.180000
2007-02-27,17.059999
2007-02-28,14.470000
2007-03-01,14.580000
2007-03-02,16.469999
2007-03-05,17.360001
2007-03-06,15.340000
2007-03-07,15.030000
2007-03-08,14.300000
2007-03-09,14.260000
2007-03-12,14.150000
2007-03-13,16.379999
2007-03-14,16.160000
2007-03-15,16.020000
2007-03-16,16.549999
2007-03-19,15.130000
2007-03-20,14.290000
2007-03-21,13.110000
2007-03-22,13.360000
2007-03-23,13.450000
2007-03-26,13.580000
2007-03-27,14.120000
2007-03-28,15.130000
2007-03-29,15.240000
2007-03-30,15.100000
2007-04-02,15.040000
2007-04-03,14.240000
2007-04-04,14.250000
2007-04-05,14.060000
2007-04-09,14.030000
2007-04-10,13.500000
2007-04-11,14.190000
2007-04-12,13.540000
2007-04-13,13.310000
2007-04-16,13.170000
2007-04-17,13.090000
2007-04-18,13.180000
2007-04-19,13.300000
2007-04-20,12.580000
2007-04-23,13.080000
2007-04-24,13.100000
2007-04-25,13.050000
2007-04-26,12.600000
2007-04-27,12.490000
2007-04-30,14.010000
2007-05-01,13.390000
2007-05-02,13.250000
2007-05-03,13.220000
2007-05-04,13.260000
2007-05-07,13.330000
2007-05-08,13.420000
2007-05-09,13.240000
2007-05-10,14.090000
2007-05-11,13.440000
2007-05-14,14.240000
2007-05-15,14.240000
2007-05-16,14.040000
2007-05-17,14.170000
2007-05-18,13.500000
2007-05-21,13.610000
2007-05-22,13.520000
2007-05-23,13.600000
2007-05-24,14.370000
2007-05-25,14.140000
2007-05-29,14.080000
2007-05-30,13.450000
2007-05-31,13.470000
2007-06-01,13.490000
2007-06-04,14.080000
2007-06-05,14.260000
2007-06-06,15.260000
2007-06-07,16.450001
2007-06-08,15.130000
2007-06-11,15.100000
2007-06-12,16.020000
2007-06-13,15.080000
2007-06-14,14.460000
2007-06-15,15.010000
2007-06-18,14.560000
2007-06-19,14.290000
2007-06-20,15.470000
2007-06-21,15.290000
2007-06-22,16.260000
2007-06-25,16.480000
2007-06-26,18.059999
2007-06-27,16.040001
2007-06-28,16.010000
2007-06-29,16.400000
2007-07-02,16.100000
2007-07-03,15.610000
2007-07-05,16.110001
2007-07-06,15.530000
2007-07-09,16.080000
2007-07-10,17.379999
2007-07-11,17.040001
2007-07-12,16.350000
2007-07-13,16.320000
2007-07-16,16.450001
2007-07-17,16.500000
2007-07-18,17.049999
2007-07-19,16.400000
2007-07-20,17.440001
2007-07-23,17.190001
2007-07-24,18.330000
2007-07-25,18.070000
2007-07-26,19.010000
2007-07-27,21.150000
2007-07-30,19.330000
2007-07-31,21.350000
2007-08-01,21.600000
2007-08-02,20.480000
2007-08-03,22.620001
2007-08-06,21.320000
2007-08-07,20.610001
2007-08-08,20.389999
2007-08-09,24.440001
2007-08-10,25.400000
2007-08-13,23.540001
2007-08-14,24.540001
2007-08-15,26.480000
2007-08-16,27.059999
2007-08-17,26.160000
2007-08-20,23.230000
2007-08-21,22.600000
2007-08-22,21.240000
2007-08-23,21.170000
2007-08-24,20.290001
2007-08-27,21.420000
2007-08-28,25.030001
2007-08-29,23.170000
2007-08-30,23.410000
2007-08-31,22.440001
2007-09-04,22.010000
2007-09-05,23.230000
2007-09-06,23.129999
2007-09-07,24.520000
2007-09-10,25.260000
2007-09-11,23.600000
2007-09-12,23.469999
2007-09-13,23.420000
2007-09-14,23.480000
2007-09-17,24.320000
2007-09-18,20.629999
2007-09-19,20.280001
2007-09-20,20.510000
2007-09-21,20.010000
2007-09-24,19.590000
2007-09-25,19.450001
2007-09-26,19.010000
2007-09-27,18.230000
2007-09-28,18.629999
2007-10-01,18.610001
2007-10-02,19.219999
2007-10-03,19.530001
2007-10-04,19.430000
2007-10-05,18.340000
2007-10-08,18.600000
2007-10-09,17.629999
2007-10-10,18.320000
2007-10-11,19.580000
2007-10-12,19.150000
2007-10-15,20.389999
2007-10-16,21.200001
2007-10-17,20.360001
2007-10-18,20.230000
2007-10-19,23.219999
2007-10-22,21.520000
2007-10-23,21.010000
2007-10-24,21.290001
2007-10-25,21.379999
2007-10-26,20.389999
2007-10-29,20.400000
2007-10-30,21.290001
2007-10-31,19.520000
2007-11-01,22.629999
2007-11-02,23.139999
2007-11-05,24.030001
2007-11-06,22.170000
2007-11-07,25.240000
2007-11-08,25.360001
2007-11-09,27.030001
2007-11-12,27.350000
2007-11-13,24.660000
2007-11-14,25.650000
2007-11-15,27.440001
2007-11-16,26.440001
2007-11-19,25.660000
2007-11-20,26.090000
2007-11-21,27.420000
2007-11-23,25.969999
2007-11-26,28.440001
2007-11-27,26.590000
2007-11-28,24.250000
2007-11-29,24.500000
2007-11-30,23.930000
2007-12-03,24.299999
2007-12-04,24.650000
2007-12-05,23.330000
2007-12-06,22.100000
2007-12-07,22.180000
2007-12-10,21.930000
2007-12-11,24.120001
2007-12-12,23.290001
2007-12-13,23.520000
2007-12-14,24.209999
2007-12-17,25.530001
2007-12-18,24.670000
2007-12-19,23.809999
2007-12-20,22.870001
2007-12-21,21.500000
2007-12-24,21.139999
2007-12-26,20.930000
2007-12-27,22.049999
2007-12-28,22.559999
2007-12-31,23.309999
2008-01-02,23.600000
2008-01-03,22.809999
2008-01-04,23.690001
2008-01-07,23.219999
2008-01-08,25.490000
2008-01-09,24.500000
2008-01-10,23.950001
2008-01-11,24.500000
2008-01-14,23.670000
2008-01-15,24.389999
2008-01-16,24.360001
2008-01-17,26.440001
2008-01-18,25.990000
2008-01-22,27.389999
2008-01-23,26.250000
2008-01-24,26.000000
2008-01-25,26.860001
2008-01-28,25.969999
2008-01-29,25.650000
2008-01-30,26.080000
2008-01-31,25.209999
2008-02-01,24.110001
2008-02-04,25.360001
2008-02-05,26.990000
2008-02-06,27.610001
2008-02-07,26.740000
2008-02-08,27.059999
2008-02-11,26.670000
2008-02-12,26.110001
2008-02-13,25.290001
2008-02-14,25.469999
2008-02-15,25.440001
2008-02-19,25.469999
2008-02-20,24.670000
2008-02-21,25.090000
2008-02-22,24.400000
2008-02-25,23.930000
2008-02-26,23.110001
2008-02-27,23.690001
2008-02-28,24.290001
2008-02-29,26.389999
2008-03-03,26.080000
2008-03-04,25.760000
2008-03-05,24.910000
2008-03-06,27.000000
2008-03-07,27.110001
2008-03-10,28.330000
2008-03-11,26.090000
2008-03-12,27.370001
2008-03-13,27.180000
2008-03-14,29.360001
2008-03-17,29.580000
2008-03-18,26.010000
2008-03-19,28.780001
2008-03-20,27.290001
2008-03-24,25.959999
2008-03-25,26.180000
2008-03-26,26.610001
2008-03-27,26.280001
2008-03-28,26.240000
2008-03-31,25.639999
2008-04-01,23.610001
2008-04-02,24.299999
2008-04-03,24.120001
2008-04-04,23.520000
2008-04-07,23.200001
2008-04-08,23.070000
2008-04-09,23.549999
2008-04-10,23.059999
2008-04-11,24.190001
2008-04-14,24.410000
2008-04-15,23.700001
2008-04-16,21.820000
2008-04-17,21.750000
2008-04-18,21.370001
2008-04-21,21.459999
2008-04-22,21.799999
2008-04-23,21.580000
2008-04-24,21.180000
2008-04-25,20.580000
2008-04-28,20.410000
2008-04-29,20.820000
2008-04-30,21.250000
2008-05-01,19.780001
2008-05-02,19.530001
2008-05-05,20.020000
2008-05-06,19.750000
2008-05-07,20.959999
2008-05-08,20.879999
2008-05-09,20.870001
2008-05-12,20.240000
2008-05-13,20.150000
2008-05-14,20.000000
2008-05-15,19.280001
2008-05-16,19.570000
2008-05-19,19.840000
2008-05-20,20.809999
2008-05-21,22.110001
2008-05-22,21.520000
2008-05-23,22.510000
2008-05-27,22.160000
2008-05-28,21.660000
2008-05-29,20.799999
2008-05-30,20.530001
2008-06-02,21.719999
2008-06-03,22.110001
2008-06-04,22.590000
2008-06-05,21.080000
2008-06-06,24.200001
2008-06-09,23.850000
2008-06-10,23.840000
2008-06-11,24.320000
2008-06-12,23.700001
2008-06-13,22.600000
2008-06-16,22.430000
2008-06-17,22.480000
2008-06-18,23.549999
2008-06-19,22.840000
2008-06-20,23.570000
2008-06-23,23.299999
2008-06-24,23.209999
2008-06-25,22.320000
2008-06-26,24.309999
2008-06-27,23.930000
2008-06-30,23.770000
2008-07-01,23.670000
2008-07-02,25.020000
2008-07-03,24.420000
2008-07-07,24.750000
2008-07-08,23.059999
2008-07-09,24.360001
2008-07-10,24.389999
2008-07-11,25.520000
2008-07-14,25.879999
2008-07-15,25.969999
2008-07-16,24.559999
2008-07-17,24.370001
2008-07-18,23.799999
2008-07-21,23.180000
2008-07-22,22.059999
2008-07-23,22.200001
2008-07-24,23.760000
2008-07-25,23.290001
2008-07-28,23.990000
2008-07-29,22.219999
2008-07-30,21.440001
2008-07-31,22.670000
2008-08-01,22.750000
2008-08-04,23.090000
2008-08-05,21.500000
2008-08-06,21.180000
2008-08-07,21.860001
2008-08-08,21.650000
2008-08-11,21.440001
2008-08-12,22.200001
2008-08-13,22.540001
2008-08-14,21.660000
2008-08-15,21.379999
2008-08-18,22.110001
2008-08-19,22.420000
2008-08-20,22.459999
2008-08-21,22.080000
2008-08-22,21.480000
2008-08-25,22.809999
2008-08-26,22.520000
2008-08-27,21.940001
2008-08-28,21.540001
2008-08-29,22.520000
2008-09-02,23.110001
2008-09-03,22.799999
2008-09-04,24.350000
2008-09-05,23.730000
2008-09-08,23.150000
2008-09-09,25.150000
2008-09-10,24.540001
2008-09-11,24.360001
2008-09-12,25.020000
2008-09-15,27.930000
2008-09-16,26.879999
2008-09-17,30.240000
2008-09-18,28.580000
2008-09-19,28.040001
2008-09-22,29.730000
2008-09-23,31.260000
2008-09-24,30.559999
2008-09-25,29.100000
2008-09-26,29.740000
2008-09-29,36.270000
2008-09-30,33.029999
2008-10-01,33.439999
2008-10-02,36.490002
2008-10-03,37.299999
2008-10-06,39.130001
2008-10-07,40.549999
2008-10-08,42.220001
2008-10-09,48.009998
2008-10-10,50.910000
2008-10-13,42.380001
2008-10-14,42.990002
2008-10-15,49.450001
2008-10-16,48.740002
2008-10-17,51.130001
2008-10-20,43.619999
2008-10-21,43.790001
2008-10-22,49.830002
2008-10-23,49.759998
2008-10-24,55.299999
2008-10-27,62.840000
2008-10-28,54.380001
2008-10-29,57.820000
2008-10-30,53.750000
2008-10-31,53.570000
2008-11-03,51.200001
2008-11-04,46.259998
2008-11-05,49.720001
2008-11-06,56.139999
2008-11-07,52.610001
2008-11-10,54.049999
2008-11-11,55.630001
2008-11-12,59.099998
2008-11-13,54.099998
2008-11-14,59.290001
2008-11-17,62.509998
2008-11-18,61.389999
2008-11-19,66.489998
2008-11-20,69.239998
2008-11-21,64.349998
2008-11-24,59.500000
2008-11-25,57.990002
2008-11-26,53.730000
2008-11-28,54.180000
2008-12-01,62.389999
2008-12-02,59.650002
2008-12-03,58.500000
2008-12-04,61.290001
2008-12-05,58.060001
2008-12-08,56.599998
2008-12-09,57.770000
2008-12-10,56.160000
2008-12-11,56.090000
2008-12-12,55.139999
2008-12-15,56.410000
2008-12-16,52.910000
2008-12-17,51.570000
2008-12-18,49.799999
2008-12-19,43.400002
2008-12-22,43.709999
2008-12-23,44.480000
2008-12-24,43.959999
2008-12-26,46.110001
2008-12-29,46.540001
2008-12-30,44.410000
2008-12-31,43.180000
2009-01-02,40.560001
2009-01-05,40.820000
2009-01-06,40.310001
2009-01-07,43.810001
2009-01-08,43.169998
2009-01-09,44.880001
2009-01-12,47.349998
2009-01-13,47.139999
2009-01-14,50.680000
2009-01-15,51.709999
2009-01-16,48.950001
2009-01-20,54.869999
2009-01-21,49.959999
2009-01-22,50.130001
2009-01-23,49.360001
2009-01-26,47.470001
2009-01-27,45.180000
2009-01-28,42.200001
2009-01-29,43.529999
2009-01-30,44.599998
2009-02-02,43.910000
2009-02-03,42.240002
2009-02-04,42.130001
2009-02-05,42.599998
2009-02-06,43.380001
2009-02-09,43.430000
2009-02-10,46.060001
2009-02-11,45.070000
2009-02-12,42.660000
2009-02-13,42.470001
2009-02-17,46.000000
2009-02-18,46.970001
2009-02-19,45.630001
2009-02-20,47.029999
2009-02-23,50.430000
2009-02-24,45.110001
2009-02-25,44.400002
2009-02-26,44.180000
2009-02-27,45.209999
2009-03-02,48.669998
2009-03-03,48.509998
2009-03-04,44.720001
2009-03-05,46.700001
2009-03-06,46.480000
2009-03-09,46.529999
2009-03-10,42.410000
2009-03-11,42.500000
2009-03-12,40.700001
2009-03-13,41.830002
2009-03-16,42.240002
2009-03-17,39.980000
2009-03-18,39.900002
2009-03-19,43.150002
2009-03-20,46.279999
2009-03-23,42.330002
2009-03-24,43.639999
2009-03-25,41.900002
2009-03-26,40.680000
2009-03-27,42.090000
2009-03-30,44.990002
2009-03-31,44.590000
2009-04-01,43.029999
2009-04-02,42.240002
2009-04-03,41.070000
2009-04-06,41.169998
2009-04-07,41.669998
2009-04-08,40.200001
2009-04-09,38.529999
2009-04-13,38.549999
2009-04-14,38.689999
2009-04-15,37.970001
2009-04-16,36.959999
2009-04-17,36.590000
2009-04-20,39.410000
2009-04-21,37.779999
2009-04-22,38.500000
2009-04-23,37.980000
2009-04-24,37.810001
2009-04-27,38.630001
2009-04-28,38.400002
2009-04-29,36.490002
2009-04-30,36.730000
2009-05-01,35.840000
2009-05-04,34.799999
2009-05-05,34.180000
2009-05-06,33.360001
2009-05-07,34.040001
2009-05-08,32.820000
2009-05-11,33.389999
2009-05-12,32.770000
2009-05-13,33.830002
2009-05-14,32.250000
2009-05-15,33.220001
2009-05-18,31.230000
2009-05-19,30.420000
2009-05-20,30.740000
2009-05-21,32.389999
2009-05-22,33.040001
2009-05-26,31.530001
2009-05-27,32.470001
2009-05-28,32.049999
2009-05-29,30.430000
2009-06-01,30.600000
2009-06-02,30.580000
2009-06-03,32.189999
2009-06-04,31.580000
2009-06-05,31.600000
2009-06-08,31.770000
2009-06-09,30.670000
2009-06-10,30.610001
2009-06-11,29.930000
2009-06-12,29.500000
2009-06-15,31.340000
2009-06-16,32.790001
2009-06-17,32.889999
2009-06-18,31.510000
2009-06-19,30.639999
2009-06-22,33.009998
2009-06-23,32.419998
2009-06-24,31.070000
2009-06-25,29.410000
2009-06-26,29.280001
2009-06-29,28.200001
2009-06-30,28.760000
2009-07-01,28.959999
2009-07-02,30.530001
2009-07-06,30.790001
2009-07-07,32.090000
2009-07-08,32.419998
2009-07-09,31.670000
2009-07-10,31.709999
2009-07-13,30.100000
2009-07-14,29.580000
2009-07-15,29.110001
2009-07-16,28.610001
2009-07-17,28.650000
2009-07-20,27.590000
2009-07-21,27.440001
2009-07-22,27.219999
2009-07-23,26.959999
2009-07-24,26.370001
2009-07-27,26.990000
2009-07-28,27.959999
2009-07-29,28.420000
2009-07-30,28.190001
2009-07-31,28.400000
2009-08-03,27.709999
2009-08-04,27.219999
2009-08-05,27.170000
2009-08-06,27.980000
2009-08-07,27.110001
2009-08-10,27.059999
2009-08-11,28.100000
2009-08-12,27.740000
2009-08-13,27.280001
2009-08-14,27.110001
2009-08-17,29.930000
2009-08-18,28.900000
2009-08-19,28.480000
2009-08-20,28.290001
2009-08-21,27.770000
2009-08-24,28.160000
2009-08-25,28.160000
2009-08-26,28.360001
2009-08-27,28.410000
2009-08-28,28.500000
2009-08-31,29.170000
2009-09-01,30.879999
2009-09-02,31.040001
2009-09-03,29.600000
2009-09-04,28.480000
2009-09-08,28.209999
2009-09-09,27.290001
2009-09-10,26.510000
2009-09-11,26.559999
2009-09-14,26.410000
2009-09-15,26.330000
2009-09-16,25.870001
2009-09-17,25.940001
2009-09-18,26.540001
2009-09-21,26.230000
2009-09-22,25.690001
2009-09-23,26.090000
2009-09-24,27.129999
2009-09-25,27.209999
2009-09-28,26.270000
2009-09-29,26.480000
2009-09-30,26.660000
2009-10-01,28.330000
2009-10-02,28.799999
2009-10-05,27.610001
2009-10-06,26.730000
2009-10-07,26.120001
2009-10-08,25.740000
2009-10-09,25.080000
2009-10-12,25.170000
2009-10-13,25.090000
2009-10-14,24.580000
2009-10-15,24.219999
2009-10-16,24.400000
2009-10-19,24.150000
2009-10-20,23.719999
2009-10-21,24.549999
2009-10-22,23.350000
2009-10-23,24.309999
2009-10-26,25.370001
2009-10-27,25.459999
2009-10-28,27.420000
2009-10-29,25.660000
2009-10-30,29.070000
2009-11-02,28.820000
2009-11-03,28.870001
2009-11-04,28.180000
2009-11-05,26.610001
2009-11-06,25.879999
2009-11-09,24.410000
2009-11-10,24.709999
2009-11-11,24.969999
2009-11-12,26.070000
2009-11-13,25.600000
2009-11-16,25.150000
2009-11-17,25.040001
2009-11-18,24.719999
2009-11-19,25.110001
2009-11-20,24.660000
2009-11-23,24.110001
2009-11-24,23.740000
2009-11-25,23.660000
2009-11-27,26.150000
2009-11-30,26.240000
2009-12-01,24.940001
2009-12-02,24.799999
2009-12-03,25.510000
2009-12-04,24.760000
2009-12-07,25.299999
2009-12-08,26.129999
2009-12-09,25.799999
2009-12-10,25.340000
2009-12-11,25.120001
2009-12-14,24.559999
2009-12-15,24.730000
2009-12-16,24.250000
2009-12-17,24.780001
2009-12-18,24.520000
2009-12-21,23.530001
2009-12-22,22.760000
2009-12-23,22.680000
2009-12-24,22.430000
2009-12-28,22.490000
2009-12-29,22.629999
2009-12-30,22.660000
2009-12-31,23.889999
2010-01-04,22.770000
2010-01-05,22.389999
2010-01-06,21.799999
2010-01-07,21.600000
2010-01-08,21.000000
2010-01-11,21.270000
2010-01-12,21.790001
2010-01-13,21.290001
2010-01-14,20.709999
2010-01-15,21.480000
2010-01-19,20.889999
2010-01-20,21.400000
2010-01-21,23.150000
2010-01-22,26.290001
2010-01-25,25.190001
2010-01-26,25.170000
2010-01-27,24.129999
2010-01-28,24.670000
2010-01-29,25.379999
2010-02-01,23.639999
2010-02-02,22.930000
2010-02-03,23.000000
2010-02-04,25.980000
2010-02-05,26.000000
2010-02-08,26.430000
2010-02-09,26.040001
2010-02-10,25.870001
2010-02-11,24.570000
2010-02-12,24.459999
2010-02-16,23.570000
2010-02-17,23.290001
2010-02-18,22.780001
2010-02-19,22.309999
2010-02-22,21.730000
2010-02-23,22.620001
2010-02-24,22.080000
2010-02-25,22.070000
2010-02-26,21.650000
2010-03-01,21.440001
2010-03-02,21.180000
2010-03-03,20.969999
2010-03-04,21.030001
2010-03-05,20.230000
2010-03-08,20.260000
2010-03-09,20.160000
2010-03-10,20.510000
2010-03-11,20.700001
2010-03-12,20.270000
2010-03-15,20.719999
2010-03-16,20.160000
2010-03-17,19.719999
2010-03-18,19.480000
2010-03-19,19.950001
2010-03-22,20.110001
2010-03-23,19.680000
2010-03-24,20.080000
2010-03-25,20.580000
2010-03-26,20.059999
2010-03-29,19.850000
2010-03-30,19.540001
2010-03-31,19.920000
2010-04-01,19.900000
2010-04-05,19.350000
2010-04-06,18.840000
2010-04-07,19.190001
2010-04-08,19.080000
2010-04-09,18.620001
2010-04-12,18.959999
2010-04-13,18.990000
2010-04-14,18.770000
2010-04-15,18.900000
2010-04-16,20.230000
2010-04-19,19.790001
2010-04-20,18.990000
2010-04-21,19.299999
2010-04-22,19.590000
2010-04-23,19.389999
2010-04-26,19.860001
2010-04-27,22.719999
2010-04-28,22.309999
2010-04-29,20.959999
2010-04-30,23.670000
2010-05-03,22.580000
2010-05-04,25.070000
2010-05-05,26.370001
2010-05-06,26.370001
2010-05-07,36.619999
2010-05-10,28.980000
2010-05-11,28.870001
2010-05-12,26.650000
2010-05-13,27.610001
2010-05-14,30.799999
2010-05-17,30.510000
2010-05-18,32.810001
2010-05-19,34.180000
2010-05-20,40.830002
2010-05-21,37.400002
2010-05-24,36.910000
2010-05-25,34.900002
2010-05-26,33.950001
2010-05-27,30.639999
2010-05-28,32.000000
2010-06-01,34.020000
2010-06-02,30.590000
2010-06-03,30.240000
2010-06-04,34.369999
2010-06-07,35.299999
2010-06-08,33.650002
2010-06-09,33.799999
2010-06-10,31.469999
2010-06-11,30.950001
2010-06-14,30.680000
2010-06-15,28.450001
2010-06-16,28.780001
2010-06-17,28.209999
2010-06-18,27.959999
2010-06-21,27.540001
2010-06-22,29.090000
2010-06-23,29.260000
2010-06-24,31.360001
2010-06-25,30.700001
2010-06-28,30.959999
2010-06-29,34.380001
2010-06-30,35.230000
2010-07-01,34.490002
2010-07-02,33.290001
2010-07-06,32.009998
2010-07-07,29.719999
2010-07-08,28.830000
2010-07-09,28.170000
2010-07-12,28.389999
2010-07-13,28.320000
2010-07-14,28.830000
2010-07-15,29.230000
2010-07-16,30.600000
2010-07-19,30.080000
2010-07-20,28.219999
2010-07-21,29.080000
2010-07-22,27.900000
2010-07-23,26.990000
2010-07-26,26.440001
2010-07-27,26.370001
2010-07-28,26.709999
2010-07-29,27.120001
2010-07-30,27.139999
2010-08-02,25.400000
2010-08-03,26.010000
2010-08-04,25.959999
2010-08-05,26.160000
2010-08-06,26.120001
2010-08-09,26.030001
2010-08-10,26.309999
2010-08-11,28.690001
2010-08-12,29.250000
2010-08-13,29.969999
2010-08-16,29.799999
2010-08-17,28.570000
2010-08-18,28.580000
2010-08-19,29.629999
2010-08-20,29.540001
2010-08-23,29.290001
2010-08-24,30.309999
2010-08-25,29.850000
2010-08-26,30.370001
2010-08-27,28.400000
2010-08-30,30.010000
2010-08-31,29.040001
2010-09-01,27.290001
2010-09-02,26.620001
2010-09-03,25.309999
2010-09-07,26.770000
2010-09-08,26.299999
2010-09-09,26.100000
2010-09-10,25.590000
2010-09-13,24.750000
2010-09-14,24.740000
2010-09-15,24.930000
2010-09-16,24.959999
2010-09-17,25.120001
2010-09-20,24.590000
2010-09-21,24.940001
2010-09-22,25.160000
2010-09-23,26.160000
2010-09-24,24.750000
2010-09-27,25.200001
2010-09-28,25.340000
2010-09-29,25.910000
2010-09-30,26.400000
2010-10-01,25.700001
2010-10-04,26.320000
2010-10-05,25.080000
2010-10-06,24.910000
2010-10-07,24.889999
2010-10-08,24.059999
2010-10-11,23.980000
2010-10-12,23.370001
2010-10-13,22.980000
2010-10-14,23.559999
2010-10-15,23.200001
2010-10-18,22.799999
2010-10-19,23.590000
2010-10-20,22.660000
2010-10-21,22.219999
2010-10-22,21.650000
2010-10-25,21.910000
2010-10-26,22.200001
2010-10-27,22.600000
2010-10-28,22.809999
2010-10-29,22.950001
2010-11-01,23.290001
2010-11-02,23.020000
2010-11-03,21.650000
2010-11-04,20.570000
2010-11-05,20.660000
2010-11-08,20.730000
2010-11-09,21.530001
2010-11-10,21.280001
2010-11-11,21.469999
2010-11-12,22.930000
2010-11-15,22.809999
2010-11-16,24.080000
2010-11-17,23.830000
2010-11-18,22.430000
2010-11-19,21.400000
2010-11-22,21.330000
2010-11-23,22.590000
2010-11-24,21.809999
2010-11-26,21.809999
2010-11-29,23.350000
2010-11-30,25.190001
2010-12-01,23.990000
2010-12-02,21.990000
2010-12-03,21.000000
2010-12-06,21.040001
2010-12-07,20.969999
2010-12-08,20.379999
2010-12-09,19.980000
2010-12-10,19.840000
2010-12-13,20.459999
2010-12-14,20.389999
2010-12-15,20.740000
2010-12-16,20.820000
2010-12-17,20.290001
2010-12-20,20.100000
2010-12-21,19.910000
2010-12-22,19.570000
2010-12-23,20.440001
2010-12-27,21.040001
2010-12-28,21.180000
2010-12-29,20.840000
2010-12-30,21.010000
2010-12-31,20.900000
2011-01-03,20.620001
2011-01-04,20.610001
2011-01-05,20.049999
2011-01-06,20.350000
2011-01-07,20.290001
2011-01-10,20.480000
2011-01-11,20.139999
2011-01-12,19.230000
2011-01-13,19.200001
2011-01-14,18.370001
2011-01-18,18.379999
2011-01-19,19.639999
2011-01-20,19.900000
2011-01-21,19.969999
2011-01-24,19.580000
2011-01-25,19.340000
2011-01-26,18.820000
2011-01-27,18.480000
2011-01-28,20.590000
2011-01-31,20.150000
2011-02-01,18.969999
2011-02-02,19.090000
2011-02-03,18.920000
2011-02-04,18.330000
2011-02-07,18.260000
2011-02-08,17.850000
2011-02-09,17.860001
2011-02-10,18.100000
2011-02-11,17.860001
2011-02-14,17.940001
2011-02-15,18.270000
2011-02-16,18.320000
2011-02-17,18.629999
2011-02-18,18.900000
2011-02-22,21.320000
2011-02-23,22.469999
2011-02-24,22.260000
2011-02-25,20.570000
2011-02-28,20.000000
2011-03-01,21.900000
2011-03-02,21.680000
2011-03-03,20.440001
2011-03-04,20.799999
2011-03-07,21.850000
2011-03-08,21.450001
2011-03-09,21.820000
2011-03-10,22.760000
2011-03-11,21.870001
2011-03-14,22.490000
2011-03-15,24.030001
2011-03-16,26.910000
2011-03-17,25.440001
2011-03-18,24.340000
2011-03-21,21.950001
2011-03-22,21.700001
2011-03-23,20.930000
2011-03-24,20.080000
2011-03-25,20.030001
2011-03-28,20.860001
2011-03-29,19.969999
2011-03-30,19.750000
2011-03-31,19.840000
2011-04-01,19.590000
2011-04-04,19.389999
2011-04-05,19.400000
2011-04-06,19.379999
2011-04-07,19.500000
2011-04-08,20.049999
2011-04-11,20.010000
2011-04-12,20.330000
2011-04-13,19.990000
2011-04-14,19.959999
2011-04-15,19.170000
2011-04-18,19.920000
2011-04-19,19.180000
2011-04-20,18.480000
2011-04-21,18.350000
2011-04-25,18.549999
2011-04-26,18.270000
2011-04-27,17.900000
2011-04-28,17.520000
2011-04-29,17.500000
2011-05-02,18.389999
2011-05-03,19.110001
2011-05-04,19.440001
2011-05-05,19.840000
2011-05-06,19.910000
2011-05-09,19.200001
2011-05-10,18.370001
2011-05-11,19.049999
2011-05-12,18.440001
2011-05-13,19.070000
2011-05-16,19.870001
2011-05-17,19.450001
2011-05-18,18.530001
2011-05-19,18.170000
2011-05-20,19.049999
2011-05-23,19.790001
2011-05-24,19.170000
2011-05-25,18.870001
2011-05-26,18.190001
2011-05-27,18.129999
2011-05-31,17.559999
2011-06-01,19.360001
2011-06-02,19.320000
2011-06-03,19.469999
2011-06-06,19.959999
2011-06-07,19.500000
2011-06-08,19.950001
2011-06-09,19.260000
2011-06-10,20.110001
2011-06-13,20.440001
2011-06-14,19.430000
2011-06-15,21.379999
2011-06-16,22.610001
2011-06-17,22.440001
2011-06-20,21.219999
2011-06-21,20.500000
2011-06-22,20.719999
2011-06-23,20.930000
2011-06-24,21.920000
2011-06-27,21.500000
2011-06-28,20.520000
2011-06-29,19.420000
2011-06-30,18.910000
2011-07-01,17.930000
2011-07-05,18.110001
2011-07-06,18.410000
2011-07-07,17.770000
2011-07-08,17.959999
2011-07-11,19.980000
2011-07-12,20.930000
2011-07-13,20.850000
2011-07-14,21.590000
2011-07-15,20.940001
2011-07-18,21.840000
2011-07-19,20.500000
2011-07-20,20.370001
2011-07-21,19.200001
2011-07-22,19.200001
2011-07-25,20.260000
2011-07-26,20.889999
2011-07-27,22.690001
2011-07-28,22.950001
2011-07-29,22.910000
2011-08-01,22.379999
2011-08-02,23.600000
2011-08-03,23.120001
2011-08-04,28.559999
2011-08-05,29.590000
2011-08-08,38.099998
2011-08-09,31.070000
2011-08-10,36.580002
2011-08-11,33.820000
2011-08-12,32.750000
2011-08-15,30.080000
2011-08-16,30.440001
2011-08-17,30.030001
2011-08-18,36.599998
2011-08-19,37.900002
2011-08-22,38.259998
2011-08-23,34.790001
2011-08-24,34.799999
2011-08-25,36.610001
2011-08-26,34.410000
2011-08-29,31.980000
2011-08-30,32.470001
2011-08-31,31.670000
2011-09-01,31.990000
2011-09-02,33.790001
2011-09-06,35.380001
2011-09-07,32.959999
2011-09-08,33.709999
2011-09-09,36.639999
2011-09-12,37.060001
2011-09-13,36.060001
2011-09-14,34.959999
2011-09-15,33.520000
2011-09-16,32.950001
2011-09-19,33.810001
2011-09-20,33.619999
2011-09-21,36.189999
2011-09-22,39.150002
2011-09-23,39.549999
2011-09-26,38.029999
2011-09-27,37.209999
2011-09-28,39.520000
2011-09-29,38.180000
2011-09-30,41.240002
2011-10-03,43.380001
2011-10-04,40.450001
2011-10-05,38.310001
2011-10-06,37.040001
2011-10-07,37.310001
2011-10-10,34.790001
2011-10-11,34.060001
2011-10-12,32.970001
2011-10-13,32.709999
2011-10-14,30.389999
2011-10-17,33.599998
2011-10-18,31.980000
2011-10-19,34.389999
2011-10-20,34.200001
2011-10-21,31.969999
2011-10-24,30.469999
2011-10-25,32.360001
2011-10-26,30.940001
2011-10-27,27.030001
2011-10-28,26.520000
2011-10-31,30.370001
2011-11-01,34.020000
2011-11-02,32.880001
2011-11-03,31.620001
2011-11-04,31.230000
2011-11-07,31.379999
2011-11-08,29.520000
2011-11-09,35.490002
2011-11-10,33.750000
2011-11-11,31.600000
2011-11-14,32.720001
2011-11-15,32.520000
2011-11-16,34.389999
2011-11-17,35.320000
2011-11-18,34.200001
2011-11-21,34.779999
2011-11-22,34.240002
2011-11-23,35.869999
2011-11-25,36.450001
2011-11-28,33.939999
2011-11-29,33.209999
2011-11-30,30.580000
2011-12-01,30.030001
2011-12-02,29.850000
2011-12-05,29.900000
2011-12-06,30.160000
2011-12-07,30.620001
2011-12-08,32.090000
2011-12-09,29.530001
2011-12-12,30.170000
2011-12-13,30.170000
2011-12-14,30.420000
2011-12-15,29.459999
2011-12-16,29.030001
2011-12-19,28.740000
2011-12-20,26.870001
2011-12-21,25.559999
2011-12-22,25.280001
2011-12-23,25.219999
2011-12-27,25.540001
2011-12-28,26.750000
2011-12-29,26.250000
2011-12-30,26.860001
2012-01-03,26.049999
2012-01-04,25.309999
2012-01-05,24.700001
2012-01-06,24.090000
2012-01-09,24.120001
2012-01-10,23.680000
2012-01-11,24.110001
2012-01-12,24.040001
2012-01-13,24.670000
2012-01-17,25.000000
2012-01-18,24.180000
2012-01-19,23.650000
2012-01-20,22.820000
2012-01-23,22.320000
2012-01-24,22.030001
2012-01-25,21.360001
2012-01-26,21.680000
2012-01-27,21.400000
2012-01-30,21.920000
2012-01-31,22.090000
2012-02-01,21.540001
2012-02-02,21.010000
2012-02-03,20.049999
2012-02-06,20.389999
2012-02-07,20.139999
2012-02-08,20.680000
2012-02-09,21.340000
2012-02-10,23.280001
2012-02-13,22.120001
2012-02-14,22.820000
2012-02-15,24.120001
2012-02-16,23.170000
2012-02-17,22.389999
2012-02-21,22.350000
2012-02-22,22.090000
2012-02-23,20.780001
2012-02-24,21.180000
2012-02-27,21.870001
2012-02-28,21.600000
2012-02-29,21.799999
2012-03-01,21.030001
2012-03-02,21.260000
2012-03-05,21.990000
2012-03-06,23.900000
2012-03-07,22.719999
2012-03-08,21.840000
2012-03-09,21.219999
2012-03-12,20.809999
2012-03-13,19.600000
2012-03-14,20.750000
2012-03-15,20.540001
2012-03-16,20.370001
2012-03-19,19.940001
2012-03-20,19.959999
2012-03-21,19.250000
2012-03-22,19.549999
2012-03-23,18.639999
2012-03-26,17.430000
2012-03-27,18.570000
2012-03-28,18.790001
2012-03-29,18.840000
2012-03-30,18.610001
2012-04-02,18.459999
2012-04-03,18.809999
2012-04-04,19.450001
2012-04-05,19.820000
2012-04-09,21.209999
2012-04-10,22.620001
2012-04-11,22.469999
2012-04-12,20.250000
2012-04-13,21.990000
2012-04-16,22.040001
2012-04-17,20.850000
2012-04-18,21.120001
2012-04-19,21.230000
2012-04-20,20.480000
2012-04-23,21.389999
2012-04-24,20.510000
2012-04-25,19.459999
2012-04-26,18.549999
2012-04-27,18.740000
2012-04-30,19.320000
2012-05-01,19.129999
2012-05-02,19.010000
2012-05-03,19.500000
2012-05-04,20.719999
2012-05-07,20.450001
2012-05-08,20.809999
2012-05-09,21.530001
2012-05-10,20.870001
2012-05-11,21.549999
2012-05-14,22.969999
2012-05-15,23.920000
2012-05-16,24.920000
2012-05-17,26.410000
2012-05-18,27.660000
2012-05-21,24.709999
2012-05-22,25.230000
2012-05-23,25.110001
2012-05-24,24.780001
2012-05-25,24.930000
2012-05-29,23.889999
2012-05-30,26.190001
2012-05-31,26.219999
2012-06-01,28.469999
2012-06-04,28.120001
2012-06-05,26.870001
2012-06-06,24.709999
2012-06-07,24.469999
2012-06-08,23.639999
2012-06-11,25.500000
2012-06-12,24.940001
2012-06-13,26.500000
2012-06-14,25.000000
2012-06-15,23.670000
2012-06-18,22.129999
2012-06-19,21.920000
2012-06-20,20.840000
2012-06-21,23.160000
2012-06-22,21.510000
2012-06-25,23.030001
2012-06-26,22.469999
2012-06-27,22.360001
2012-06-28,22.250000
2012-06-29,20.320000
2012-07-02,19.790001
2012-07-03,19.320000
2012-07-05,20.110001
2012-07-06,20.040001
2012-07-09,20.370001
2012-07-10,20.870001
2012-07-11,20.250000
2012-07-12,20.690001
2012-07-13,19.389999
2012-07-16,19.610001
2012-07-17,18.920000
2012-07-18,18.940001
2012-07-19,18.610001
2012-07-20,19.639999
2012-07-23,21.180000
2012-07-24,22.260000
2012-07-25,21.879999
2012-07-26,20.240000
2012-07-27,19.660000
2012-07-30,20.129999
2012-07-31,20.780001
2012-08-01,20.670000
2012-08-02,20.230000
2012-08-03,18.680000
2012-08-06,18.740000
2012-08-07,18.809999
2012-08-08,18.580000
2012-08-09,18.230000
2012-08-10,18.139999
2012-08-13,18.070000
2012-08-14,18.510000
2012-08-15,18.860001
2012-08-16,18.549999
2012-08-17,18.350000
2012-08-20,18.590000
2012-08-21,18.799999
2012-08-22,19.420000
2012-08-23,20.090000
2012-08-24,19.240000
2012-08-27,19.920000
2012-08-28,19.820000
2012-08-29,20.459999
2012-08-30,20.920000
2012-08-31,20.620001
2012-09-04,20.680000
2012-09-05,19.990000
2012-09-06,18.620001
2012-09-07,17.590000
2012-09-10,18.299999
2012-09-11,18.290001
2012-09-12,17.600000
2012-09-13,16.450001
2012-09-14,16.900000
2012-09-17,17.129999
2012-09-18,16.629999
2012-09-19,16.490000
2012-09-20,16.750000
2012-09-21,16.790001
2012-09-24,16.590000
2012-09-25,17.600000
2012-09-26,18.500000
2012-09-27,17.070000
2012-09-28,17.610001
2012-10-01,17.920000
2012-10-02,17.740000
2012-10-03,17.580000
2012-10-04,17.059999
2012-10-05,16.930000
2012-10-08,17.360001
2012-10-09,18.010000
2012-10-10,18.129999
2012-10-11,17.570000
2012-10-12,17.740000
2012-10-15,17.110001
2012-10-16,16.969999
2012-10-17,16.610001
2012-10-18,16.580000
2012-10-19,18.120001
2012-10-22,17.870001
2012-10-23,19.450001
2012-10-24,19.270000
2012-10-25,19.110001
2012-10-26,19.020000
2012-10-31,19.309999
2012-11-01,17.730000
2012-11-02,18.549999
2012-11-05,18.969999
2012-11-06,18.240000
2012-11-07,19.809999
2012-11-08,19.830000
2012-11-09,20.070000
2012-11-12,19.150000
2012-11-13,18.969999
2012-11-14,19.870001
2012-11-15,19.790001
2012-11-16,18.930000
2012-11-19,17.590000
2012-11-20,17.280001
2012-11-21,17.580000
2012-11-23,17.580000
2012-11-26,17.309999
2012-11-27,17.620001
2012-11-28,17.200001
2012-11-29,16.820000
2012-11-30,17.270000
2012-12-03,17.820000
2012-12-04,18.190001
2012-12-05,17.830000
2012-12-06,17.840000
2012-12-07,17.290001
2012-12-10,17.350000
2012-12-11,17.000000
2012-12-12,17.430000
2012-12-13,17.879999
2012-12-14,18.030001
2012-12-17,17.500000
2012-12-18,16.809999
2012-12-19,17.860001
2012-12-20,18.139999
2012-12-21,18.870001
2012-12-24,18.870001
2012-12-26,19.930000
2012-12-27,19.920000
2012-12-28,21.879999
2012-12-31,18.730000
2013-01-02,16.690001
2013-01-03,16.740000
2013-01-04,16.340000
2013-01-07,16.450001
2013-01-08,16.450001
2013-01-09,16.500000
2013-01-10,16.120001
2013-01-11,16.010000
2013-01-14,16.290001
2013-01-15,16.330000
2013-01-16,16.240000
2013-01-17,16.080000
2013-01-18,15.290000
2013-01-22,14.720000
2013-01-23,14.500000
2013-01-24,14.670000
2013-01-25,14.660000
2013-01-28,15.070000
2013-01-29,14.740000
2013-01-30,15.420000
2013-01-31,15.550000
2013-02-01,14.790000
2013-02-04,15.790000
2013-02-05,15.300000
2013-02-06,15.140000
2013-02-07,15.190000
2013-02-08,14.800000
2013-02-11,14.680000
2013-02-12,14.530000
2013-02-13,14.630000
2013-02-14,14.430000
2013-02-15,14.260000
2013-02-19,13.990000
2013-02-20,15.410000
2013-02-21,15.710000
2013-02-22,14.980000
2013-02-25,17.940001
2013-02-26,17.250000
2013-02-27,15.660000
2013-02-28,16.180000
2013-03-01,16.290001
2013-03-04,15.420000
2013-03-05,14.950000
2013-03-06,15.030000
2013-03-07,14.740000
2013-03-08,14.520000
2013-03-11,14.300000
2013-03-12,14.580000
2013-03-13,14.510000
2013-03-14,14.100000
2013-03-15,14.260000
2013-03-18,15.390000
2013-03-19,15.710000
2013-03-20,14.930000
2013-03-21,15.530000
2013-03-22,15.260000
2013-03-25,15.300000
2013-03-26,14.750000
2013-03-27,14.930000
2013-03-28,14.640000
2013-04-01,15.280000
2013-04-02,14.710000
2013-04-03,15.490000
2013-04-04,15.300000
2013-04-05,15.380000
2013-04-08,14.710000
2013-04-09,14.460000
2013-04-10,14.120000
2013-04-11,14.170000
2013-04-12,14.020000
2013-04-15,17.030001
2013-04-16,15.100000
2013-04-17,16.930000
2013-04-18,17.520000
2013-04-19,16.170000
2013-04-22,15.660000
2013-04-23,14.830000
2013-04-24,14.970000
2013-04-25,14.960000
2013-04-26,14.890000
2013-04-29,14.920000
2013-04-30,14.780000
2013-05-01,15.610000
2013-05-02,14.870000
2013-05-03,14.450000
2013-05-06,14.310000
2013-05-07,14.350000
2013-05-08,14.400000
2013-05-09,14.810000
2013-05-10,14.710000
2013-05-13,15.050000
2013-05-14,14.980000
2013-05-15,15.050000
2013-05-16,15.450000
2013-05-17,15.170000
2013-05-20,15.310000
2013-05-21,15.780000
2013-05-22,15.820000
2013-05-23,16.000000
2013-05-24,15.920000
2013-05-28,15.870000
2013-05-29,16.150000
2013-05-30,16.010000
2013-05-31,17.129999
2013-06-03,17.219999
2013-06-04,17.260000
2013-06-05,18.000000
2013-06-06,17.549999
2013-06-07,16.719999
2013-06-10,16.730000
2013-06-11,17.910000
2013-06-12,19.070000
2013-06-13,17.830000
2013-06-14,18.299999
2013-06-17,17.990000
2013-06-18,17.750000
2013-06-19,17.780001
2013-06-20,20.340000
2013-06-21,19.490000
2013-06-24,20.730000
2013-06-25,19.670000
2013-06-26,18.820000
2013-06-27,18.559999
2013-06-28,18.389999
2013-07-01,17.920000
2013-07-02,18.020000
2013-07-03,17.809999
2013-07-05,16.879999
2013-07-08,16.410000
2013-07-09,15.910000
2013-07-10,15.770000
2013-07-11,15.500000
2013-07-12,15.650000
2013-07-15,15.620000
2013-07-16,16.010000
2013-07-17,15.560000
2013-07-18,15.560000
2013-07-19,15.040000
2013-07-22,14.690000
2013-07-23,14.880000
2013-07-24,15.190000
2013-07-25,15.000000
2013-07-26,14.800000
2013-07-29,15.110000
2013-07-30,14.980000
2013-07-31,14.920000
2013-08-01,14.550000
2013-08-02,14.030000
2013-08-05,13.860000
2013-08-06,14.560000
2013-08-07,14.810000
2013-08-08,14.670000
2013-08-09,15.100000
2013-08-12,15.170000
2013-08-13,14.860000
2013-08-14,15.240000
2013-08-15,16.240000
2013-08-16,15.940000
2013-08-19,16.400000
2013-08-20,16.309999
2013-08-21,16.790001
2013-08-22,15.990000
2013-08-23,15.550000
2013-08-26,16.209999
2013-08-27,17.680000
2013-08-28,17.620001
2013-08-29,17.900000
2013-08-30,18.049999
2013-09-03,17.639999
2013-09-04,17.299999
2013-09-05,17.139999
2013-09-06,17.170000
2013-09-09,16.830000
2013-09-10,16.110001
2013-09-11,15.610000
2013-09-12,15.850000
2013-09-13,15.700000
2013-09-16,15.580000
2013-09-17,15.660000
2013-09-18,15.180000
2013-09-19,15.020000
2013-09-20,15.320000
2013-09-23,15.920000
2013-09-24,15.640000
2013-09-25,15.560000
2013-09-26,15.410000
2013-09-27,16.040001
2013-09-30,16.799999
2013-10-01,16.129999
2013-10-02,16.809999
2013-10-03,17.700001
2013-10-04,17.209999
2013-10-07,19.070000
2013-10-08,19.840000
2013-10-09,19.290001
2013-10-10,17.209999
2013-10-11,16.570000
2013-10-14,16.920000
2013-10-15,18.410000
2013-10-16,16.260000
2013-10-17,15.440000
2013-10-18,14.920000
2013-10-21,15.140000
2013-10-22,15.020000
2013-10-23,15.110000
2013-10-24,14.900000
2013-10-25,14.870000
2013-10-28,14.870000
2013-10-29,15.030000
2013-10-30,15.130000
2013-10-31,15.250000
2013-11-01,15.060000
2013-11-04,14.680000
2013-11-05,14.920000
2013-11-06,14.660000
2013-11-07,15.360000
2013-11-08,14.630000
2013-11-11,14.730000
2013-11-12,14.880000
2013-11-13,14.830000
2013-11-14,14.880000
2013-11-15,14.800000
2013-11-18,14.930000
2013-11-19,15.250000
2013-11-20,14.990000
2013-11-21,14.520000
2013-11-22,14.150000
2013-11-25,14.430000
2013-11-26,14.550000
2013-11-27,14.600000
2013-11-29,15.030000
2013-12-02,15.190000
2013-12-03,15.490000
2013-12-04,15.570000
2013-12-05,15.780000
2013-12-06,14.950000
2013-12-09,14.930000
2013-12-10,15.220000
2013-12-11,15.990000
2013-12-12,16.120001
2013-12-13,16.270000
2013-12-16,16.389999
2013-12-17,16.500000
2013-12-18,14.990000
2013-12-19,15.280000
2013-12-20,15.010000
2013-12-23,14.520000
2013-12-24,14.240000
2013-12-26,14.030000
2013-12-27,13.980000
2013-12-30,14.770000
2013-12-31,14.770000
2014-01-02,15.260000
2014-01-03,15.090000
2014-01-06,14.820000
2014-01-07,14.410000
2014-01-08,14.290000
2014-01-09,14.290000
2014-01-10,13.940000
2014-01-13,14.980000
2014-01-14,14.490000
2014-01-15,14.460000
2014-01-16,14.690000
2014-01-17,14.630000
2014-01-21,14.620000
2014-01-22,14.470000
2014-01-23,14.980000
2014-01-24,17.400000
2014-01-27,17.129999
2014-01-28,16.200001
2014-01-29,17.240000
2014-01-30,17.370001
2014-01-31,18.090000
2014-02-03,20.139999
2014-02-04,19.080000
2014-02-05,19.670000
2014-02-06,17.790001
2014-02-07,16.340000
2014-02-10,16.320000
2014-02-11,15.750000
2014-02-12,15.650000
2014-02-13,15.500000
2014-02-14,15.170000
2014-02-18,15.220000
2014-02-19,16.290001
2014-02-20,15.720000
2014-02-21,15.640000
2014-02-24,15.500000
2014-02-25,15.500000
2014-02-26,15.910000
2014-02-27,15.630000
2014-02-28,15.800000
2014-03-03,16.920000
2014-03-04,15.690000
2014-03-05,15.770000
2014-03-06,15.830000
2014-03-07,15.870000
2014-03-10,15.970000
2014-03-11,16.350000
2014-03-12,16.080000
2014-03-13,17.129999
2014-03-14,17.930000
2014-03-17,16.690001
2014-03-18,16.160000
2014-03-19,16.320000
2014-03-20,15.860000
2014-03-21,16.180000
2014-03-24,16.100000
2014-03-25,15.530000
2014-03-26,16.080000
2014-03-27,15.870000
2014-03-28,15.460000
2014-03-31,15.080000
2014-04-01,14.400000
2014-04-02,14.450000
2014-04-03,14.500000
2014-04-04,14.960000
2014-04-07,15.900000
2014-04-08,15.530000
2014-04-09,14.830000
2014-04-10,16.070000
2014-04-11,16.790001
2014-04-14,16.370001
2014-04-15,15.990000
2014-04-16,15.230000
2014-04-17,14.840000
2014-04-21,14.750000
2014-04-22,14.610000
2014-04-23,14.830000
2014-04-24,14.770000
2014-04-25,15.180000
2014-04-28,14.930000
2014-04-29,14.830000
2014-04-30,14.700000
2014-05-01,14.670000
2014-05-02,14.680000
2014-05-05,14.750000
2014-05-06,15.120000
2014-05-07,14.620000
2014-05-08,14.580000
2014-05-09,14.380000
2014-05-12,13.880000
2014-05-13,14.040000
2014-05-14,14.180000
2014-05-15,14.860000
2014-05-16,14.330000
2014-05-19,14.110000
2014-05-20,14.410000
2014-05-21,13.870000
2014-05-22,13.830000
2014-05-23,13.620000
2014-05-27,13.640000
2014-05-28,13.770000
2014-05-29,13.710000
2014-05-30,13.750000
2014-06-02,13.880000
2014-06-03,13.820000
2014-06-04,13.770000
2014-06-05,13.580000
2014-06-06,12.830000
2014-06-09,13.020000
2014-06-10,13.010000
2014-06-11,13.290000
2014-06-12,14.110000
2014-06-13,13.790000
2014-06-16,13.970000
2014-06-17,13.660000
2014-06-18,12.620000
2014-06-19,12.700000
2014-06-20,12.870000
2014-06-23,12.920000
2014-06-24,13.380000
2014-06-25,13.110000
2014-06-26,13.070000
2014-06-27,12.820000
2014-06-30,13.010000
2014-07-01,12.740000
2014-07-02,12.490000
2014-07-03,12.240000
2014-07-07,12.870000
2014-07-08,13.210000
2014-07-09,12.990000
2014-07-10,13.650000
2014-07-11,13.280000
2014-07-14,12.930000
2014-07-15,13.160000
2014-07-16,12.630000
2014-07-17,14.970000
2014-07-18,13.360000
2014-07-21,13.800000
2014-07-22,13.500000
2014-07-23,13.380000
2014-07-24,13.450000
2014-07-25,14.000000
2014-07-28,13.920000
2014-07-29,14.220000
2014-07-30,14.260000
2014-07-31,16.379999
2014-08-01,16.780001
2014-08-04,15.810000
2014-08-05,17.139999
2014-08-06,16.930000
2014-08-07,17.219999
2014-08-08,16.690001
2014-08-11,15.760000
2014-08-12,15.700000
2014-08-13,14.850000
2014-08-14,14.430000
2014-08-15,14.420000
2014-08-18,13.910000
2014-08-19,13.790000
2014-08-20,13.760000
2014-08-21,13.530000
2014-08-22,13.510000
2014-08-25,13.570000
2014-08-26,13.710000
2014-08-27,13.920000
2014-08-28,14.130000
2014-08-29,14.260000
2014-09-02,14.460000
2014-09-03,14.390000
2014-09-04,14.540000
2014-09-05,14.080000
2014-09-08,14.390000
2014-09-09,14.840000
2014-09-10,14.630000
2014-09-11,14.680000
2014-09-12,15.040000
2014-09-15,15.580000
2014-09-16,14.850000
2014-09-17,14.620000
2014-09-18,14.230000
2014-09-19,14.380000
2014-09-22,15.260000
2014-09-23,16.070000
2014-09-24,15.220000
2014-09-25,16.590000
2014-09-26,16.020000
2014-09-29,16.820000
2014-09-30,17.080000
2014-10-01,17.620001
2014-10-02,17.240000
2014-10-03,16.040001
2014-10-06,16.549999
2014-10-07,17.680000
2014-10-08,16.280001
2014-10-09,18.090000
2014-10-10,19.930000
2014-10-13,22.120001
2014-10-14,21.370001
2014-10-15,22.770000
2014-10-16,22.850000
2014-10-17,21.250000
2014-10-20,19.670000
2014-10-21,17.870001
2014-10-22,19.059999
2014-10-23,18.219999
2014-10-24,17.920000
2014-10-27,17.860001
2014-10-28,16.459999
2014-10-29,16.889999
2014-10-30,16.740000
2014-10-31,16.510000
2014-11-03,16.809999
2014-11-04,16.930000
2014-11-05,16.570000
2014-11-06,16.260000
2014-11-07,15.830000
2014-11-10,15.040000
2014-11-11,15.360000
2014-11-12,15.740000
2014-11-13,15.890000
2014-11-14,15.960000
2014-11-17,15.930000
2014-11-18,15.700000
2014-11-19,15.970000
2014-11-20,16.010000
2014-11-21,15.790000
2014-11-24,15.550000
2014-11-25,15.410000
2014-11-26,15.320000
2014-11-28,15.930000
2014-12-01,16.660000
2014-12-02,15.960000
2014-12-03,15.530000
2014-12-04,15.640000
2014-12-05,15.300000
2014-12-08,16.780001
2014-12-09,17.230000
2014-12-10,19.139999
2014-12-11,20.719999
2014-12-12,21.000000
2014-12-15,21.059999
2014-12-16,23.090000
2014-12-17,20.430000
2014-12-18,18.480000
2014-12-19,18.469999
2014-12-22,17.590000
2014-12-23,17.940001
2014-12-24,17.260000
2014-12-26,17.160000
2014-12-29,17.270000
2014-12-30,18.020000
2014-12-31,19.740000
2015-01-02,19.459999
2015-01-05,20.790001
2015-01-06,21.420000
2015-01-07,20.080000
2015-01-08,18.660000
2015-01-09,19.320000
2015-01-12,20.480000
2015-01-13,21.270000
2015-01-14,20.930000
2015-01-15,22.110001
2015-01-16,21.150000
2015-01-20,20.870001
2015-01-21,20.040001
2015-01-22,18.600000
2015-01-23,19.000000
2015-01-26,18.030001
2015-01-27,19.110001
2015-01-28,21.440001
2015-01-29,20.000000
2015-01-30,21.820000
2015-02-02,20.910000
2015-02-03,19.490000
2015-02-04,20.430000
2015-02-05,19.270000
2015-02-06,19.879999
2015-02-09,20.670000
2015-02-10,19.730000
2015-02-11,19.709999
2015-02-12,18.340000
2015-02-13,18.129999
2015-02-17,18.379999
2015-02-18,18.660000
2015-02-19,18.010000
2015-02-20,17.290001
2015-02-23,17.540001
2015-02-24,16.709999
2015-02-25,16.870001
2015-02-26,16.850000
2015-02-27,16.889999
2015-03-02,16.459999
2015-03-03,16.780001
2015-03-04,16.910000
2015-03-05,16.639999
2015-03-06,17.510000
2015-03-09,17.309999
2015-03-10,18.260000
2015-03-11,18.530001
2015-03-12,17.389999
2015-03-13,17.889999
2015-03-16,17.400000
2015-03-17,17.480000
2015-03-18,16.430000
2015-03-19,16.969999
2015-03-20,16.709999
2015-03-23,16.530001
2015-03-24,16.590000
2015-03-25,17.570000
2015-03-26,17.570000
2015-03-27,17.389999
2015-03-30,16.920000
2015-03-31,17.540001
2015-04-01,17.340000
2015-04-02,17.219999
2015-04-06,16.820000
2015-04-07,16.799999
2015-04-08,16.400000
2015-04-09,16.020000
2015-04-10,15.460000
2015-04-13,16.320000
2015-04-14,15.850000
2015-04-15,15.690000
2015-04-16,15.330000
2015-04-17,16.139999
2015-04-20,15.580000
2015-04-21,15.520000
2015-04-22,15.460000
2015-04-23,15.170000
2015-04-24,15.260000
2015-04-27,15.930000
2015-04-28,15.310000
2015-04-29,15.970000
2015-04-30,16.480000
2015-05-01,15.380000
2015-05-04,15.430000
2015-05-05,16.320000
2015-05-06,16.719999
2015-05-07,16.740000
2015-05-08,15.560000
2015-05-11,16.100000
2015-05-12,16.400000
2015-05-13,16.290001
2015-05-14,15.910000
2015-05-15,15.570000
2015-05-18,15.230000
2015-05-19,15.280000
2015-05-20,15.150000
2015-05-21,14.610000
2015-05-22,14.480000
2015-05-26,15.480000
2015-05-27,14.990000
2015-05-28,15.010000
2015-05-29,15.380000
2015-06-01,15.410000
2015-06-02,15.710000
2015-06-03,15.360000
2015-06-04,16.280001
2015-06-05,15.960000
2015-06-08,16.600000
2015-06-09,16.250000
2015-06-10,15.330000
2015-06-11,15.100000
2015-06-12,15.610000
2015-06-15,16.620001
2015-06-16,16.200001
2015-06-17,16.219999
2015-06-18,15.440000
2015-06-19,15.910000
2015-06-22,14.990000
2015-06-23,14.540000
2015-06-24,15.180000
2015-06-25,15.520000
2015-06-26,15.460000
2015-06-29,18.719999
2015-06-30,18.469999
2015-07-01,16.790001
2015-07-02,17.680000
2015-07-06,18.040001
2015-07-07,17.020000
2015-07-08,19.250000
2015-07-09,19.780001
2015-07-10,17.730000
2015-07-13,15.940000
2015-07-14,15.460000
2015-07-15,15.600000
2015-07-16,14.730000
2015-07-17,14.610000
2015-07-20,14.850000
2015-07-21,14.750000
2015-07-22,14.810000
2015-07-23,14.920000
2015-07-24,15.650000
2015-07-27,16.780001
2015-07-28,15.430000
2015-07-29,14.920000
2015-07-30,14.710000
2015-07-31,14.900000
2015-08-03,14.840000
2015-08-04,15.130000
2015-08-05,14.880000
2015-08-06,15.550000
2015-08-07,15.420000
2015-08-10,14.990000
2015-08-11,15.940000
2015-08-12,15.870000
2015-08-13,15.750000
2015-08-14,15.510000
2015-08-17,15.210000
2015-08-18,15.610000
2015-08-19,16.500000
2015-08-20,18.830000
2015-08-21,23.469999
2015-08-24,31.139999
2015-08-25,29.580000
2015-08-26,25.650000
2015-08-27,24.860001
2015-08-28,25.340000
2015-08-31,26.530001
2015-09-01,29.530001
2015-09-02,26.190001
2015-09-03,26.200001
2015-09-04,28.070000
2015-09-08,25.690001
2015-09-09,26.309999
2015-09-10,25.650000
2015-09-11,24.680000
2015-09-14,23.700001
2015-09-15,23.120001
2015-09-16,22.330000
2015-09-17,21.139999
2015-09-18,23.200001
2015-09-21,21.590000
2015-09-22,23.280001
2015-09-23,22.879999
2015-09-24,23.459999
2015-09-25,24.400000
2015-09-28,26.379999
2015-09-29,26.000000
2015-09-30,24.750000
2015-10-01,23.830000
2015-10-02,22.600000
2015-10-05,21.330000
2015-10-06,21.590000
2015-10-07,20.709999
2015-10-08,20.090000
2015-10-09,19.850000
2015-10-12,19.260000
2015-10-13,20.500000
2015-10-14,20.809999
2015-10-15,19.430000
2015-10-16,18.670000
2015-10-19,17.860001
2015-10-20,18.600000
2015-10-21,19.459999
2015-10-22,17.160000
2015-10-23,17.480000
2015-10-26,17.990000
2015-10-27,18.139999
2015-10-28,17.490000
2015-10-29,17.809999
2015-10-30,18.400000
2015-11-02,17.420000
2015-11-03,17.469999
2015-11-04,18.309999
2015-11-05,17.809999
2015-11-06,17.450001
2015-11-09,18.850000
2015-11-10,18.020000
2015-11-11,18.450001
2015-11-12,20.170000
2015-11-13,21.580000
2015-11-16,19.980000
2015-11-17,20.430000
2015-11-18,19.219999
2015-11-19,19.639999
2015-11-20,18.940001
2015-11-23,18.629999
2015-11-24,18.709999
2015-11-25,18.190001
2015-11-27,17.350000
2015-11-30,18.490000
2015-12-01,17.580000
2015-12-02,18.330000
2015-12-03,20.110001
2015-12-04,18.170000
2015-12-07,18.650000
2015-12-08,20.059999
2015-12-09,21.049999
2015-12-10,20.760000
2015-12-11,24.379999
2015-12-14,23.299999
2015-12-15,21.860001
2015-12-16,19.570000
2015-12-17,20.370001
2015-12-18,21.260000
2015-12-21,21.110001
2015-12-22,19.840000
2015-12-23,19.330000
2015-12-24,19.690001
2015-12-28,19.680000
2015-12-29,19.100000
2015-12-30,19.590000
2015-12-31,19.799999
2016-01-04,22.010000
2016-01-05,20.520000
2016-01-06,21.270000
2016-01-07,24.620001
2016-01-08,26.230000
2016-01-11,24.730000
2016-01-12,22.530001
2016-01-13,24.889999
2016-01-14,23.530001
2016-01-15,26.879999
2016-01-19,26.440001
2016-01-20,27.809999
2016-01-21,26.709999
2016-01-22,24.280001
2016-01-25,25.250000
2016-01-26,23.290001
2016-01-27,24.469999
2016-01-28,24.020000
2016-01-29,22.660000
2016-02-01,22.010000
2016-02-02,23.410000
2016-02-03,23.200001
2016-02-04,23.660000
2016-02-05,24.480000
2016-02-08,25.980000
2016-02-09,26.799999
2016-02-10,26.719999
2016-02-11,27.719999
2016-02-12,26.230000
2016-02-16,25.010000
2016-02-17,23.549999
2016-02-18,23.200001
2016-02-19,22.799999
2016-02-22,21.620001
2016-02-23,22.440001
2016-02-24,22.340000
2016-02-25,21.240000
2016-02-26,21.860001
2016-02-29,22.389999
2016-03-01,20.280001
2016-03-02,19.920000
2016-03-03,19.490000
2016-03-04,19.629999
2016-03-07,19.900000
2016-03-08,21.040001
2016-03-09,20.750000
2016-03-10,20.709999
2016-03-11,19.469999
2016-03-14,19.420000
2016-03-15,19.330000
2016-03-16,18.480000
2016-03-17,18.139999
2016-03-18,17.930000
2016-03-21,17.590000
2016-03-22,17.750000
2016-03-23,18.299999
2016-03-24,18.270000
2016-03-28,18.299999
2016-03-29,17.240000
2016-03-30,16.920000
2016-03-31,17.080000
2016-04-01,16.500000
2016-04-04,17.230000
2016-04-05,18.379999
2016-04-06,17.280001
2016-04-07,18.860001
2016-04-08,18.320000
2016-04-11,18.889999
2016-04-12,17.969999
2016-04-13,17.260000
2016-04-14,17.240000
2016-04-15,17.160000
2016-04-18,16.510000
2016-04-19,16.469999
2016-04-20,16.600000
2016-04-21,17.139999
2016-04-22,16.639999
2016-04-25,17.219999
2016-04-26,16.920000
2016-04-27,16.770000
2016-04-28,17.780001
2016-04-29,18.450001
2016-05-02,17.780001
2016-05-03,18.570000
2016-05-04,18.910000
2016-05-05,18.920000
2016-05-06,18.270000
2016-05-09,18.049999
2016-05-10,17.180000
2016-05-11,18.020000
2016-05-12,17.750000
2016-05-13,18.250000
2016-05-16,17.700001
2016-05-17,18.430000
2016-05-18,18.540001
2016-05-19,18.770000
2016-05-20,18.049999
2016-05-23,18.150000
2016-05-24,17.080000
2016-05-25,16.770000
2016-05-26,16.559999
2016-05-27,16.309999
2016-05-31,16.629999
2016-06-01,16.700001
2016-06-02,16.370001
2016-06-03,16.490000
2016-06-06,16.440001
2016-06-07,16.629999
2016-06-08,16.790001
2016-06-09,17.320000
2016-06-10,18.940001
2016-06-13,21.870001
2016-06-14,21.940001
2016-06-15,21.809999
2016-06-16,21.160000
2016-06-17,21.309999
2016-06-20,19.809999
2016-06-21,19.690001
2016-06-22,21.080000
2016-06-23,18.420000
2016-06-24,23.930000
2016-06-27,23.680000
2016-06-28,20.260000
2016-06-29,18.730000
2016-06-30,18.090000
2016-07-01,17.650000
2016-07-05,18.240000
2016-07-06,17.740000
2016-07-07,17.760000
2016-07-08,16.490000
2016-07-11,16.490000
2016-07-12,16.170000
2016-07-13,15.970000
2016-07-14,15.860000
2016-07-15,15.990000
2016-07-18,15.770000
2016-07-19,15.740000
2016-07-20,15.440000
2016-07-21,16.100000
2016-07-22,15.800000
2016-07-25,16.270000
2016-07-26,16.320000
2016-07-27,16.100000
2016-07-28,16.000000
2016-07-29,15.420000
2016-08-01,15.700000
2016-08-02,16.389999
2016-08-03,16.080000
2016-08-04,15.710000
2016-08-05,15.140000
2016-08-08,15.160000
2016-08-09,15.110000
2016-08-10,15.410000
2016-08-11,15.300000
2016-08-12,15.260000
2016-08-15,15.380000
2016-08-16,16.020000
2016-08-17,15.520000
2016-08-18,15.160000
2016-08-19,15.130000
2016-08-22,15.500000
2016-08-23,15.420000
2016-08-24,16.000000
2016-08-25,16.129999
2016-08-26,16.240000
2016-08-29,15.930000
2016-08-30,16.030001
2016-08-31,16.139999
2016-09-01,16.309999
2016-09-02,15.650000
2016-09-06,15.560000
2016-09-07,15.490000
2016-09-08,15.810000
2016-09-09,18.830000
2016-09-12,17.270000
2016-09-13,19.049999
2016-09-14,19.350000
2016-09-15,18.190001
2016-09-16,17.879999
2016-09-19,17.780001
2016-09-20,17.990000
2016-09-21,16.660000
2016-09-22,15.940000
2016-09-23,16.049999
2016-09-26,17.280001
2016-09-27,16.450001
2016-09-28,16.010000
2016-09-29,16.870001
2016-09-30,16.370001
2016-10-03,16.400000
2016-10-04,16.469999
2016-10-05,16.219999
2016-10-06,16.070000
2016-10-07,16.440001
2016-10-10,15.950000
2016-10-11,16.940001
2016-10-12,17.020000
2016-10-13,17.590000
2016-10-14,17.420000
2016-10-17,17.469999
2016-10-18,16.920000
2016-10-19,16.459999
2016-10-20,16.230000
2016-10-21,16.040001
2016-10-24,15.610000
2016-10-25,15.810000
2016-10-26,16.250000
2016-10-27,16.930000
2016-10-28,17.370001
2016-10-31,17.850000
2016-11-01,18.740000
2016-11-02,19.180000
2016-11-03,20.700001
2016-11-04,21.129999
2016-11-07,18.150000
2016-11-08,18.100000
2016-11-09,16.280001
2016-11-10,16.750000
2016-11-11,16.490000
2016-11-14,16.700001
2016-11-15,15.750000
2016-11-16,16.070000
2016-11-17,15.640000
2016-11-18,15.520000
2016-11-21,15.320000
2016-11-22,15.350000
2016-11-23,15.430000
2016-11-25,15.510000
2016-11-28,16.020000
2016-11-29,15.900000
2016-11-30,16.100000
2016-12-01,16.670000
2016-12-02,16.780001
2016-12-05,15.770000
2016-12-06,15.480000
2016-12-07,15.480000
2016-12-08,15.720000
2016-12-09,15.220000
2016-12-12,15.730000
2016-12-13,15.700000
2016-12-14,15.870000
2016-12-15,15.750000
2016-12-16,15.570000
2016-12-19,15.310000
2016-12-20,15.140000
2016-12-21,15.090000
2016-12-22,15.290000
2016-12-23,15.250000
2016-12-27,15.360000
2016-12-28,15.930000
2016-12-29,16.160000
2016-12-30,16.540001
2017-01-03,15.560000
2017-01-04,14.840000
2017-01-05,14.700000
2017-01-06,14.560000
2017-01-09,14.630000
2017-01-10,14.660000
2017-01-11,14.470000
2017-01-12,14.580000
2017-01-13,14.540000
2017-01-17,14.890000
2017-01-18,14.940000
2017-01-19,15.020000
2017-01-20,14.490000
2017-01-23,14.540000
2017-01-24,13.870000
2017-01-25,13.610000
2017-01-26,13.630000
2017-01-27,13.680000
2017-01-30,14.410000
2017-01-31,14.480000
2017-02-01,14.290000
2017-02-02,14.590000
2017-02-03,14.050000
2017-02-06,14.240000
2017-02-07,14.350000
2017-02-08,14.560000
2017-02-09,14.170000
2017-02-10,13.910000
2017-02-13,13.680000
2017-02-14,13.190000
2017-02-15,13.410000
2017-02-16,13.630000
2017-02-17,13.720000
2017-02-21,14.040000
2017-02-22,14.390000
2017-02-23,14.740000
2017-02-24,14.760000
2017-02-27,14.910000
2017-02-28,15.280000
2017-03-01,14.860000
2017-03-02,14.770000
2017-03-03,14.260000
2017-03-06,14.340000
2017-03-07,14.410000
2017-03-08,14.540000
2017-03-09,14.780000
2017-03-10,14.380000
2017-03-13,14.360000
2017-03-14,14.630000
2017-03-15,14.200000
2017-03-16,13.780000
2017-03-17,13.920000
2017-03-20,13.900000
2017-03-21,14.620000
2017-03-22,14.680000
2017-03-23,14.910000
2017-03-24,14.550000
2017-03-27,14.230000
2017-03-28,13.680000
2017-03-29,13.430000
2017-03-30,13.370000
2017-03-31,13.600000
2017-04-03,13.670000
2017-04-04,13.370000
2017-04-05,14.120000
2017-04-06,13.660000
2017-04-07,14.060000
2017-04-10,14.580000
2017-04-11,15.160000
2017-04-12,15.280000
2017-04-13,15.750000
2017-04-17,14.860000
2017-04-18,14.760000
2017-04-19,15.080000
2017-04-20,14.530000
2017-04-21,14.750000
2017-04-24,12.900000
2017-04-25,12.850000
2017-04-26,12.980000
2017-04-27,12.800000
2017-04-28,12.930000
2017-05-01,12.630000
2017-05-02,12.830000
2017-05-03,13.090000
2017-05-04,12.830000
2017-05-05,12.850000
2017-05-08,12.590000
2017-05-09,12.710000
2017-05-10,12.910000
2017-05-11,13.010000
2017-05-12,12.970000
2017-05-15,12.780000
2017-05-16,12.650000
2017-05-17,15.600000
2017-05-18,14.970000
2017-05-19,13.490000
2017-05-22,12.960000
2017-05-23,12.900000
2017-05-24,12.590000
2017-05-25,12.510000
2017-05-26,12.440000
2017-05-30,12.740000
2017-05-31,12.630000
2017-06-01,12.420000
2017-06-02,12.460000
2017-06-05,12.850000
2017-06-06,13.080000
2017-06-07,13.090000
2017-06-08,12.760000
2017-06-09,12.960000
2017-06-12,13.300000
2017-06-13,12.730000
2017-06-14,12.770000
2017-06-15,12.910000
2017-06-16,12.710000
2017-06-19,12.400000
2017-06-20,12.690000
2017-06-21,12.760000
2017-06-22,12.620000
2017-06-23,12.360000
2017-06-26,12.270000
2017-06-27,12.960000
2017-06-28,12.400000
2017-06-29,13.150000
2017-06-30,13.140000
2017-07-03,13.310000
2017-07-05,13.310000
2017-07-06,14.110000
2017-07-07,13.520000
2017-07-10,13.350000
2017-07-11,13.160000
2017-07-12,12.780000
2017-07-13,12.550000
2017-07-14,12.230000
2017-07-17,12.280000
2017-07-18,12.250000
2017-07-19,12.000000
2017-07-20,12.040000
2017-07-21,12.060000
2017-07-24,12.040000
2017-07-25,12.050000
2017-07-26,12.110000
2017-07-27,12.420000
2017-07-28,12.580000
2017-07-31,12.470000
2017-08-01,12.400000
2017-08-02,12.560000
2017-08-03,12.740000
2017-08-04,12.750000
2017-08-07,12.660000
2017-08-08,13.200000
2017-08-09,13.490000
2017-08-10,16.209999
2017-08-11,16.389999
2017-08-14,13.920000
2017-08-15,13.900000
2017-08-16,13.580000
2017-08-17,16.139999
2017-08-18,15.650000
2017-08-21,14.990000
2017-08-22,13.630000
2017-08-23,14.330000
2017-08-24,14.390000
2017-08-25,13.990000
2017-08-28,13.990000
2017-08-29,14.120000
2017-08-30,14.140000
2017-08-31,13.800000
2017-09-01,13.590000
2017-09-05,14.580000
2017-09-06,14.400000
2017-09-07,14.320000
2017-09-08,14.690000
2017-09-11,13.860000
2017-09-12,13.560000
2017-09-13,13.230000
2017-09-14,13.160000
2017-09-15,12.960000
2017-09-18,12.690000
2017-09-19,12.730000
2017-09-20,12.660000
2017-09-21,12.660000
2017-09-22,12.850000
2017-09-25,13.060000
2017-09-26,13.020000
2017-09-27,12.910000
2017-09-28,12.760000
2017-09-29,12.490000
2017-10-02,12.360000
2017-10-03,12.310000
2017-10-04,12.380000
2017-10-05,12.180000
2017-10-06,12.440000
2017-10-09,12.730000
2017-10-10,12.470000
2017-10-11,12.240000
2017-10-12,12.260000
2017-10-13,11.980000
2017-10-16,11.940000
2017-10-17,12.050000
2017-10-18,11.920000
2017-10-19,11.960000
2017-10-20,11.850000
2017-10-23,12.550000
2017-10-24,12.670000
2017-10-25,12.950000
2017-10-26,12.930000
2017-10-27,12.230000
2017-10-30,12.570000
2017-10-31,12.380000
2017-11-01,12.570000
2017-11-02,12.680000
2017-11-03,12.420000
2017-11-06,12.570000
2017-11-07,12.760000
2017-11-08,12.880000
2017-11-09,13.140000
2017-11-10,13.610000
2017-11-13,13.750000
2017-11-14,13.930000
2017-11-15,14.660000
2017-11-16,13.960000
2017-11-17,13.800000
2017-11-20,13.280000
2017-11-21,12.550000
2017-11-22,12.440000
2017-11-24,12.420000
2017-11-27,12.570000
2017-11-28,12.270000
2017-11-29,12.820000
2017-11-30,13.040000
2017-12-01,13.280000
2017-12-04,13.550000
2017-12-05,13.540000
2017-12-06,13.450000
2017-12-07,12.930000
2017-12-08,12.460000
2017-12-11,12.280000
2017-12-12,12.480000
2017-12-13,12.500000
2017-12-14,12.800000
2017-12-15,12.080000
2017-12-18,12.070000
2017-12-19,12.510000
2017-12-20,12.370000
2017-12-21,12.350000
2017-12-22,12.490000
2017-12-26,12.620000
2017-12-27,12.650000
2017-12-28,12.760000
2017-12-29,13.090000
2018-01-02,12.610000
2018-01-03,12.320000
2018-01-04,12.240000
2018-01-05,12.060000
2018-01-08,12.150000
2018-01-09,12.410000
2018-01-10,12.360000
2018-01-11,12.160000
2018-01-12,12.200000
2018-01-16,13.230000
2018-01-17,13.250000
2018-01-18,13.580000
2018-01-19,13.040000
2018-01-22,12.990000
2018-01-23,13.220000
2018-01-24,13.530000
2018-01-25,13.680000
2018-01-26,13.460000
2018-01-29,14.990000
2018-01-30,15.830000
2018-01-31,14.900000
2018-02-01,14.720000
2018-02-02,17.030001
2018-02-05,28.129999
2018-02-06,23.750000
2018-02-07,23.030001
2018-02-08,27.330000
2018-02-09,24.920000
2018-02-12,22.860001
2018-02-13,22.650000
2018-02-14,19.340000
2018-02-15,19.080000
2018-02-16,19.170000
2018-02-20,20.010000
2018-02-21,20.030001
2018-02-22,19.059999
2018-02-23,17.500000
2018-02-26,16.920000
2018-02-27,19.020000
2018-02-28,19.889999
2018-03-01,21.420000
2018-03-02,19.860001
2018-03-05,19.209999
2018-03-06,19.240000
2018-03-07,18.840000
2018-03-08,18.180000
2018-03-09,17.010000
2018-03-12,17.799999
2018-03-13,18.049999
2018-03-14,18.780001
2018-03-15,18.209999
2018-03-16,17.740000
2018-03-19,19.379999
2018-03-20,18.879999
2018-03-21,18.709999
2018-03-22,21.660000
2018-03-23,22.790001
2018-03-26,20.700001
2018-03-27,21.940001
2018-03-28,22.309999
2018-03-29,20.549999
2018-04-02,22.570000
2018-04-03,21.020000
2018-04-04,20.420000
2018-04-05,19.610001
2018-04-06,21.200001
2018-04-09,21.230000
2018-04-10,20.400000
2018-04-11,20.370001
2018-04-12,19.280001
2018-04-13,18.549999
2018-04-16,17.820000
2018-04-17,16.799999
2018-04-18,16.799999
2018-04-19,17.120001
2018-04-20,17.719999
2018-04-23,17.350000
2018-04-24,18.230000
2018-04-25,18.230000
2018-04-26,17.290001
2018-04-27,17.080000
2018-04-30,17.340000
2018-05-01,16.910000
2018-05-02,17.260000
2018-05-03,17.030001
2018-05-04,16.650000
2018-05-07,16.650000
2018-05-08,16.480000
2018-05-09,15.780000
2018-05-10,15.240000
2018-05-11,14.820000
2018-05-14,14.530000
2018-05-15,15.790000
2018-05-16,15.140000
2018-05-17,15.020000
2018-05-18,15.190000
2018-05-21,14.690000
2018-05-22,14.880000
2018-05-23,14.480000
2018-05-24,14.430000
2018-05-25,14.830000
2018-05-29,17.129999
2018-05-30,16.000000
2018-05-31,16.330000
2018-06-01,15.270000
2018-06-04,14.900000
2018-06-05,14.720000
2018-06-06,14.190000
2018-06-07,14.430000
2018-06-08,14.600000
2018-06-11,14.550000
2018-06-12,14.590000
2018-06-13,14.920000
2018-06-14,14.400000
2018-06-15,14.420000
2018-06-18,14.480000
2018-06-19,15.170000
2018-06-20,14.790000
2018-06-21,15.870000
2018-06-22,15.500000
2018-06-25,17.520000
2018-06-26,16.870001
2018-06-27,18.049999
2018-06-28,17.520000
2018-06-29,17.139999
2018-07-02,16.950001
2018-07-03,17.350000
2018-07-05,16.530001
2018-07-06,15.710000
2018-07-09,14.870000
2018-07-10,14.710000
2018-07-11,15.380000
2018-07-12,14.760000
2018-07-13,14.540000
2018-07-16,14.850000
2018-07-17,14.400000
2018-07-18,14.390000
2018-07-19,14.970000
2018-07-20,15.080000
2018-07-23,14.860000
2018-07-24,14.700000
2018-07-25,14.550000
2018-07-26,14.400000
2018-07-27,15.000000
2018-07-30,15.660000
2018-07-31,14.870000
2018-08-01,15.220000
2018-08-02,14.760000
2018-08-03,14.490000
2018-08-06,14.230000
2018-08-07,13.930000
2018-08-08,13.960000
2018-08-09,14.130000
2018-08-10,15.220000
2018-08-13,16.209999
2018-08-14,15.350000
2018-08-15,16.190001
2018-08-16,15.510000
2018-08-17,15.170000
2018-08-20,15.000000
2018-08-21,15.190000
2018-08-22,15.080000
2018-08-23,15.060000
2018-08-24,14.820000
2018-08-27,14.790000
2018-08-28,15.110000
2018-08-29,14.950000
2018-08-30,15.540000
2018-08-31,15.150000
2018-09-04,15.450000
2018-09-05,15.920000
2018-09-06,16.340000
2018-09-07,16.590000
2018-09-10,16.170000
2018-09-11,15.540000
2018-09-12,15.320000
2018-09-13,14.770000
2018-09-14,14.370000
2018-09-17,15.280000
2018-09-18,15.040000
2018-09-19,14.650000
2018-09-20,14.510000
2018-09-21,14.580000
2018-09-24,14.770000
2018-09-25,14.920000
2018-09-26,15.150000
2018-09-27,14.890000
2018-09-28,14.770000
2018-10-01,14.740000
2018-10-02,14.840000
2018-10-03,14.680000
2018-10-04,15.840000
2018-10-05,16.250000
2018-10-08,16.510000
2018-10-09,16.629999
2018-10-10,20.700001
2018-10-11,21.559999
2018-10-12,19.840000
2018-10-15,20.290001
2018-10-16,17.959999
2018-10-17,18.100000
2018-10-18,19.860001
2018-10-19,19.840000
2018-10-22,19.820000
2018-10-23,20.280001
2018-10-24,22.620001
2018-10-25,22.440001
2018-10-26,22.480000
2018-10-29,23.059999
2018-10-30,22.230000
2018-10-31,21.150000
2018-11-01,20.070000
2018-11-02,20.299999
2018-11-05,20.200001
2018-11-06,19.580000
2018-11-07,17.620001
2018-11-08,17.680000
2018-11-09,18.459999
2018-11-12,20.230000
2018-11-13,20.270000
2018-11-14,21.219999
2018-11-15,20.309999
2018-11-16,19.350000
2018-11-19,20.639999
2018-11-20,22.270000
2018-11-21,21.320000
2018-11-23,21.750000
2018-11-26,20.110001
2018-11-27,19.940001
2018-11-28,19.280001
2018-11-29,19.590000
2018-11-30,18.889999
2018-12-03,17.950001
2018-12-04,20.750000
2018-12-06,21.059999
2018-12-07,22.440001
2018-12-10,22.010000
2018-12-11,21.719999
2018-12-12,21.590000
2018-12-13,21.350000
2018-12-14,21.959999
2018-12-17,23.410000
2018-12-18,23.900000
2018-12-19,24.020000
2018-12-20,25.240000
2018-12-21,26.230000
2018-12-24,28.840000
2018-12-26,25.690001
2018-12-27,25.889999
2018-12-28,25.320000
2018-12-31,23.730000
2019-01-02,22.750000
2019-01-03,24.110001
2019-01-04,21.860001
2019-01-07,21.620001
2019-01-08,21.139999
2019-01-09,20.690001
2019-01-10,20.520000
2019-01-11,19.740000
2019-01-14,19.930000
2019-01-15,19.240000
2019-01-16,19.530001
2019-01-17,19.170000
2019-01-18,18.840000
2019-01-22,20.690001
2019-01-23,20.080000
2019-01-24,19.670000
2019-01-25,18.820000
2019-01-28,19.580000
2019-01-29,19.600000
2019-01-30,18.680000
2019-01-31,17.879999
2019-02-01,17.590000
2019-02-04,17.190001
2019-02-05,17.070000
2019-02-06,16.900000
2019-02-07,17.520000
2019-02-08,17.260000
2019-02-11,17.219999
2019-02-12,16.820000
2019-02-13,16.959999
2019-02-14,17.320000
2019-02-15,16.480000
2019-02-19,16.450001
2019-02-20,15.820000
2019-02-21,16.160000
2019-02-22,15.460000
2019-02-25,16.000000
2019-02-26,16.299999
2019-02-27,15.990000
2019-02-28,16.100000
2019-03-01,15.380000
2019-03-04,16.030001
2019-03-05,16.150000
2019-03-06,16.740000
2019-03-07,17.299999
2019-03-08,17.110001
2019-03-11,16.010000
2019-03-12,15.650000
2019-03-13,15.330000
2019-03-14,15.300000
2019-03-15,14.980000
2019-03-18,15.240000
2019-03-19,15.560000
2019-03-20,15.790000
2019-03-21,15.510000
2019-03-22,17.370001
2019-03-25,17.450001
2019-03-26,16.450001
2019-03-27,16.780001
2019-03-28,16.299999
2019-03-29,15.800000
2019-04-01,15.460000
2019-04-02,15.540000
2019-04-03,15.630000
2019-04-04,15.480000
2019-04-05,15.060000
2019-04-08,15.280000
2019-04-09,15.990000
2019-04-10,15.380000
2019-04-11,15.250000
2019-04-12,14.460000
2019-04-15,14.530000
2019-04-16,14.470000
2019-04-17,14.820000
2019-04-18,14.570000
2019-04-22,14.720000
2019-04-23,14.540000
2019-04-24,15.040000
2019-04-25,15.210000
2019-04-26,14.890000
2019-04-29,15.230000
2019-04-30,15.230000
2019-05-01,16.190001
2019-05-02,16.030001
2019-05-03,15.070000
2019-05-06,16.400000
2019-05-07,18.780001
2019-05-08,18.750000
2019-05-09,18.440001
2019-05-10,16.900000
2019-05-13,19.790001
2019-05-14,18.290001
2019-05-15,17.490000
2019-05-16,16.740000
2019-05-17,17.059999
2019-05-20,17.290001
2019-05-21,16.420000
2019-05-22,16.420000
2019-05-23,17.690001
2019-05-24,17.090000
2019-05-28,17.900000
2019-05-29,18.240000
2019-05-30,17.959999
2019-05-31,18.830000
2019-06-03,18.770000
2019-06-04,17.590000
2019-06-05,17.129999
2019-06-06,16.920000
2019-06-07,17.150000
2019-06-10,16.879999
2019-06-11,16.990000
2019-06-12,17.049999
2019-06-13,16.860001
2019-06-14,16.600000
2019-06-17,16.610001
2019-06-18,16.500000
2019-06-19,16.100000
2019-06-20,16.139999
2019-06-21,16.670000
2019-06-24,16.469999
2019-06-25,17.120001
2019-06-26,17.049999
2019-06-27,16.760000
2019-06-28,16.059999
2019-07-01,15.430000
2019-07-02,14.720000
2019-07-03,14.530000
2019-07-05,14.980000
2019-07-08,15.480000
2019-07-09,15.570000
2019-07-10,15.190000
2019-07-11,14.980000
2019-07-12,14.800000
2019-07-15,15.040000
2019-07-16,15.220000
2019-07-17,15.820000
2019-07-18,15.540000
2019-07-19,15.930000
2019-07-22,15.470000
2019-07-23,14.930000
2019-07-24,14.560000
2019-07-25,15.050000
2019-07-26,14.690000
2019-07-29,15.000000
2019-07-30,15.700000
2019-07-31,16.910000
2019-08-01,17.990000
2019-08-02,17.889999
2019-08-05,21.900000
2019-08-06,19.690001
2019-08-07,19.500000
2019-08-08,17.860001
2019-08-09,18.559999
2019-08-12,20.500000
2019-08-13,18.530001
2019-08-14,21.299999
2019-08-15,21.070000
2019-08-16,19.700001
2019-08-19,18.360001
2019-08-20,18.870001
2019-08-21,17.719999
2019-08-22,18.230000
2019-08-23,20.360001
2019-08-26,19.820000
2019-08-27,20.639999
2019-08-28,20.049999
2019-08-29,19.030001
2019-08-30,19.540001
2019-09-03,20.120001
2019-09-04,18.809999
2019-09-05,18.080000
2019-09-06,17.459999
2019-09-09,17.549999
2019-09-10,17.410000
2019-09-11,17.100000
2019-09-12,16.809999
2019-09-13,16.670000
2019-09-16,17.200001
2019-09-17,17.230000
2019-09-18,16.860001
2019-09-19,16.790001
2019-09-20,17.709999
2019-09-23,17.870001
2019-09-24,18.549999
2019-09-25,18.000000
2019-09-26,18.120001
2019-09-27,18.750000
2019-09-30,17.959999
2019-10-01,19.350000
2019-10-02,20.740000
2019-10-03,19.780001
2019-10-04,18.590000
2019-10-07,18.910000
2019-10-08,20.389999
2019-10-09,19.510000
2019-10-10,18.790001
2019-10-11,17.549999
2019-10-14,17.120001
2019-10-15,16.480000
2019-10-16,16.480000
2019-10-17,16.440001
2019-10-18,16.650000
2019-10-21,16.280001
2019-10-22,16.549999
2019-10-23,16.290001
2019-10-24,16.250000
2019-10-25,15.710000
2019-10-28,15.990000
2019-10-29,16.090000
2019-10-30,15.690000
2019-10-31,16.049999
2019-11-01,15.420000
2019-11-04,15.620000
2019-11-05,15.910000
2019-11-06,15.830000
2019-11-07,15.800000
2019-11-08,15.530000
2019-11-11,15.600000
2019-11-12,15.490000
2019-11-13,15.620000
2019-11-14,15.600000
2019-11-15,14.990000
2019-11-18,15.170000
2019-11-19,15.500000
2019-11-20,15.640000
2019-11-21,15.820000
2019-11-22,15.400000
2019-11-25,14.990000
2019-11-26,14.850000
2019-11-27,14.960000
2019-11-29,15.510000
2019-12-02,16.840000
2019-12-03,17.629999
2019-12-04,16.980000
2019-12-05,16.780001
2019-12-06,16.209999
2019-12-09,17.299999
2019-12-10,17.129999
2019-12-11,16.910000
2019-12-12,16.090000
2019-12-13,15.280000
2019-12-16,14.980000
2019-12-17,15.150000
2019-12-18,15.200000
2019-12-19,15.140000
2019-12-20,15.320000
2019-12-23,15.500000
2019-12-24,15.520000
2019-12-26,15.520000
2019-12-27,15.950000
2019-12-30,16.680000
2019-12-31,15.870000
2020-01-02,15.190000
2020-01-03,16.010000
2020-01-06,15.920000
2020-01-07,15.860000
2020-01-08,15.400000
2020-01-09,14.950000
2020-01-10,14.950000
2020-01-13,14.640000
2020-01-14,14.640000
2020-01-15,14.630000
2020-01-16,14.450000
2020-01-17,14.410000
2020-01-21,14.870000
2020-01-22,14.980000
2020-01-23,14.990000
2020-01-24,16.070000
2020-01-27,18.160000
2020-01-28,17.030001
2020-01-29,17.030001
2020-01-30,16.590000
2020-01-31,18.629999
2020-02-03,18.040001
2020-02-04,16.700001
2020-02-05,16.110001
2020-02-06,15.890000
2020-02-07,16.290001
2020-02-10,16.129999
2020-02-11,16.139999
2020-02-12,15.360000
2020-02-13,15.680000
2020-02-14,15.500000
2020-02-18,16.100000
2020-02-19,15.820000
2020-02-20,16.600000
2020-02-21,17.610001
2020-02-24,21.920000
2020-02-25,23.860001
2020-02-26,23.700001
2020-02-27,29.920000
2020-02-28,29.850000
2020-03-02,27.700001
2020-03-03,30.170000
2020-03-04,27.510000
2020-03-05,32.570000
2020-03-06,35.459999
2020-03-09,43.049999
2020-03-10,39.439999
2020-03-11,44.369999
2020-03-12,57.240002
2020-03-13,48.310001
2020-03-16,67.699997
2020-03-17,65.269997
2020-03-18,72.980003
2020-03-19,69.470001
2020-03-20,65.589996
2020-03-23,56.639999
2020-03-24,52.110001
2020-03-25,53.849998
2020-03-26,49.790001
2020-03-27,55.750000
2020-03-30,51.259998
2020-03-31,48.320000
2020-04-01,51.169998
2020-04-02,47.299999
2020-04-03,44.840000
2020-04-06,43.090000
2020-04-07,43.419998
2020-04-08,41.590000
2020-04-09,40.610001
2020-04-13,39.970001
2020-04-14,36.459999
2020-04-15,39.279999
2020-04-16,39.209999
2020-04-17,37.279999
2020-04-20,40.970001
2020-04-21,43.279999
2020-04-22,40.919998
2020-04-23,40.860001
2020-04-24,37.810001
2020-04-27,35.330002
2020-04-28,35.369999
2020-04-29,33.330002
2020-04-30,35.049999
2020-05-01,37.970001
2020-05-04,37.000000
2020-05-05,35.520000
2020-05-06,35.680000
2020-05-07,34.009998
2020-05-08,31.639999
2020-05-11,30.389999
2020-05-12,34.259998
2020-05-13,36.509998
2020-05-14,34.900002
2020-05-15,34.509998
2020-05-18,31.770000
2020-05-19,32.810001
2020-05-20,31.110001
2020-05-21,32.380001
2020-05-22,31.540001
2020-05-26,30.850000
2020-05-27,30.190001
2020-05-28,31.209999
2020-05-29,30.270000
2020-06-01,30.920000
2020-06-02,29.930000
2020-06-03,28.910000
2020-06-04,28.850000
2020-06-05,27.420000
2020-06-08,28.080000
2020-06-09,29.670000
2020-06-10,29.570000
2020-06-11,40.430000
2020-06-12,38.049999
2020-06-15,36.430000
2020-06-16,35.799999
2020-06-17,35.720001
2020-06-18,35.139999
2020-06-19,36.680000
2020-06-22,33.750000
2020-06-23,33.060001
2020-06-24,35.389999
2020-06-25,34.090000
2020-06-26,35.799999
2020-06-29,33.910000
2020-06-30,32.520000
2020-07-01,31.680000
2020-07-02,30.870001
2020-07-06,30.980000
2020-07-07,32.070000
2020-07-08,31.190001
2020-07-09,32.060001
2020-07-10,31.020000
2020-07-13,34.540001
2020-07-14,32.560001
2020-07-15,31.559999
2020-07-16,31.549999
2020-07-17,30.370001
2020-07-20,29.100000
2020-07-21,29.469999
2020-07-22,29.049999
2020-07-23,30.250000
2020-07-24,30.559999
2020-07-27,30.000000
2020-07-28,30.100000
2020-07-29,29.290001
2020-07-30,29.760000
2020-07-31,29.709999
2020-08-03,29.660000
2020-08-04,29.090000
2020-08-05,28.600000
2020-08-06,28.200001
2020-08-07,28.280001
2020-08-10,28.049999
2020-08-11,29.170000
2020-08-12,28.120001
2020-08-13,28.170000
2020-08-14,28.370001
2020-08-17,27.450001
2020-08-18,27.350000
2020-08-19,28.110001
2020-08-20,28.129999
2020-08-21,28.170000
2020-08-24,28.100000
2020-08-25,27.910000
2020-08-26,28.700001
2020-08-27,29.930000
2020-08-28,29.620001
2020-08-31,31.850000
2020-09-01,32.099998
2020-09-02,32.669998
2020-09-03,37.630001
2020-09-04,34.750000
2020-09-08,34.310001
2020-09-09,32.119999
2020-09-10,32.919998
2020-09-11,31.129999
2020-09-14,30.480000
2020-09-15,30.270000
2020-09-16,30.570000
2020-09-17,30.750000
2020-09-18,30.459999
2020-09-21,31.639999
2020-09-22,31.670000
2020-09-23,33.279999
2020-09-24,33.060001
2020-09-25,32.029999
2020-09-28,31.740000
2020-09-29,31.090000
2020-09-30,31.639999
2020-10-01,31.719999
2020-10-02,32.389999
2020-10-05,31.280001
2020-10-06,31.879999
2020-10-07,30.700001
2020-10-08,29.490000
2020-10-09,28.280001
2020-10-12,27.980000
2020-10-13,28.350000
2020-10-14,28.240000
2020-10-15,28.719999
2020-10-16,29.209999
2020-10-19,30.400000
2020-10-20,30.110001
2020-10-21,29.610001
2020-10-22,29.299999
2020-10-23,28.990000
2020-10-26,32.070000
2020-10-27,32.720001
2020-10-28,37.750000
2020-10-29,35.840000
2020-10-30,36.270000
2020-11-02,35.060001
2020-11-03,33.520000
2020-11-04,29.980000
2020-11-05,29.049999
2020-11-06,27.370001
2020-11-09,26.879999
2020-11-10,26.490000
2020-11-11,25.620001
2020-11-12,27.219999
2020-11-13,25.690001
2020-11-16,25.350000
2020-11-17,25.379999
2020-11-18,26.389999
2020-11-19,25.799999
2020-11-20,26.059999
2020-11-23,25.430000
2020-11-24,24.840000
2020-11-25,24.420000
2020-11-27,24.430000
2020-11-30,24.330000
2020-12-01,24.490000
2020-12-02,24.540001
2020-12-03,24.559999
2020-12-04,24.290001
2020-12-07,24.520000
2020-12-08,23.870001
2020-12-09,24.730000
2020-12-10,25.049999
2020-12-11,26.049999
2020-12-14,27.110001
2020-12-15,25.870001
2020-12-16,25.469999
2020-12-17,25.150000
2020-12-18,25.170000
2020-12-21,27.580000
2020-12-22,27.250000
2020-12-23,26.260000
2020-12-24,25.370001
2020-12-28,25.150000
2020-12-29,26.240000
2020-12-30,25.440001
2020-12-31,25.280001
2021-01-04,28.260000
2021-01-05,27.250000
2021-01-06,26.790001
2021-01-07,25.020000
2021-01-08,24.900000
2021-01-11,26.700001
2021-01-12,26.200001
2021-01-13,25.549999
2021-01-14,26.320000
2021-01-15,27.260000
2021-01-19,26.690001
2021-01-20,25.719999
2021-01-21,25.700001
2021-01-22,25.990000
2021-01-25,26.879999
2021-01-26,26.889999
2021-01-27,35.730000
2021-01-28,31.770000
2021-01-29,33.880001
2021-02-01,32.529999
2021-02-02,29.360001
2021-02-03,27.570000
2021-02-04,26.790001
2021-02-05,26.520000
2021-02-08,26.650000
2021-02-09,27.110001
2021-02-10,27.490000
2021-02-11,27.219999
2021-02-12,26.500000
2021-02-16,27.549999
2021-02-17,27.520000
2021-02-18,27.860001
2021-02-19,27.090000
2021-02-22,27.809999
2021-02-23,27.120001
2021-02-24,25.889999
2021-02-25,30.240000
2021-02-26,29.600000
2021-03-01,26.780001
2021-03-02,27.160000
2021-03-03,28.790001
2021-03-04,30.080000
2021-03-05,27.889999
2021-03-08,28.129999
2021-03-09,27.280001
2021-03-10,26.680000
2021-03-11,26.090000
2021-03-12,25.740000
2021-03-15,24.889999
2021-03-16,24.709999
2021-03-17,23.879999
2021-03-18,25.280001
2021-03-19,24.990000
2021-03-22,22.940001
2021-03-23,23.799999
2021-03-24,24.400000
2021-03-25,23.370001
2021-03-26,22.320000
2021-03-29,23.200001
2021-03-30,22.309999
2021-03-31,22.150000
2021-04-01,20.969999
2021-04-05,20.959999
2021-04-06,21.160000
2021-04-07,20.660000
2021-04-08,20.590000
2021-04-09,20.740000
2021-04-12,20.820000
2021-04-13,20.780001
2021-04-14,21.059999
2021-04-15,20.760000
2021-04-16,20.530001
2021-04-19,21.370001
2021-04-20,22.350000
2021-04-21,21.490000
2021-04-22,22.520000
2021-04-23,21.570000
2021-04-26,21.540001
2021-04-27,21.320000
2021-04-28,21.129999
2021-04-29,21.309999
2021-04-30,22.070000
2021-05-03,21.740000
2021-05-04,22.670000
2021-05-05,22.260000
2021-05-06,21.879999
2021-05-07,20.790001
2021-05-10,22.400000
2021-05-11,24.230000
2021-05-12,28.180000
2021-05-13,25.260000
2021-05-14,22.260000
2021-05-17,23.139999
2021-05-18,24.219999
2021-05-19,25.270000
2021-05-20,23.809999
2021-05-21,23.490000
2021-05-24,22.230000
2021-05-25,22.400000
2021-05-26,21.299999
2021-05-27,20.309999
2021-05-28,20.480000
2021-06-01,21.340000
2021-06-02,21.420000
2021-06-03,21.820000
2021-06-04,20.620001
2021-06-07,20.549999
2021-06-08,20.850000
2021-06-09,21.280001
2021-06-10,20.080000
2021-06-11,19.639999
2021-06-14,20.139999
2021-06-15,20.680000
2021-06-16,21.260000
2021-06-17,20.980000
2021-06-18,22.930000
2021-06-21,21.120001
2021-06-22,20.070000
2021-06-23,19.700001
2021-06-24,19.260000
2021-06-25,19.000000
2021-06-28,19.020000
2021-06-29,19.490000
2021-06-30,19.510000
2021-07-01,19.450001
2021-07-02,19.299999
2021-07-06,20.260000
2021-07-07,20.410000
2021-07-08,21.980000
2021-07-09,20.440001
2021-07-12,20.459999
2021-07-13,21.129999
2021-07-14,20.620001
2021-07-15,21.090000
2021-07-16,22.070000
2021-07-19,24.900000
2021-07-20,23.200001
2021-07-21,21.870001
2021-07-22,21.860001
2021-07-23,21.650000
2021-07-26,21.740000
2021-07-27,23.000000
2021-07-28,22.350000
2021-07-29,21.879999
2021-07-30,22.180000
2021-08-02,23.049999
2021-08-03,22.180000
2021-08-04,22.170000
2021-08-05,21.520000
2021-08-06,20.870001
2021-08-09,21.270000
2021-08-10,21.209999
2021-08-11,20.820000
2021-08-12,20.250000
2021-08-13,20.260000
2021-08-16,20.639999
2021-08-17,21.700001
2021-08-18,23.799999
2021-08-19,24.200001
2021-08-20,22.410000
2021-08-23,21.200001
2021-08-24,21.219999
2021-08-25,20.790001
2021-08-26,21.860001
2021-08-27,20.610001
2021-08-30,20.400000
2021-08-31,20.420000
2021-09-01,20.080000
2021-09-02,20.129999
2021-09-03,20.320000
2021-09-07,21.530001
2021-09-08,21.590000
2021-09-09,22.059999
2021-09-10,23.309999
2021-09-13,22.469999
2021-09-14,22.549999
2021-09-15,21.760000
2021-09-16,21.809999
2021-09-17,23.219999
2021-09-20,26.400000
2021-09-21,25.469999
2021-09-22,23.049999
2021-09-23,21.370001
2021-09-24,20.820000
2021-09-27,21.400000
2021-09-28,24.030001
2021-09-29,23.719999
2021-09-30,23.870001
2021-10-01,22.950001
2021-10-04,24.110001
2021-10-05,23.110001
2021-10-06,22.840000
2021-10-07,22.120001
2021-10-08,21.879999
2021-10-11,22.389999
2021-10-12,22.330000
2021-10-13,21.540001
2021-10-14,20.370001
2021-10-15,20.299999
2021-10-18,20.290001
2021-10-19,19.980000
2021-10-20,19.870001
2021-10-21,19.480000
2021-10-22,20.010000
2021-10-25,19.559999
2021-10-26,20.110001
2021-10-27,20.889999
2021-10-28,20.480000
2021-10-29,20.370001
2021-11-01,20.389999
2021-11-02,20.100000
2021-11-03,19.500000
2021-11-04,19.700001
2021-11-05,20.490000
2021-11-08,20.980000
2021-11-09,21.410000
2021-11-10,22.000000
2021-11-11,21.379999
2021-11-12,20.690001
2021-11-15,20.870001
2021-11-16,20.900000
2021-11-17,21.580000
2021-11-18,21.900000
2021-11-19,21.920000
2021-11-22,22.629999
2021-11-23,22.450001
2021-11-24,21.900000
2021-11-26,29.170000
2021-11-29,25.040001
2021-11-30,28.129999
2021-12-01,30.790001
2021-12-02,29.150000
2021-12-03,31.780001
2021-12-06,28.879999
2021-12-07,24.959999
2021-12-08,23.629999
2021-12-09,24.660000
2021-12-10,23.180000
2021-12-13,24.320000
2021-12-14,25.350000
2021-12-15,23.299999
2021-12-16,24.370001
2021-12-17,25.379999
2021-12-20,26.309999
2021-12-21,25.000000
2021-12-22,23.559999
2021-12-23,23.240000
2021-12-27,22.740000
2021-12-28,22.330000
2021-12-29,21.830000
2021-12-30,21.879999
2021-12-31,21.879999
2022-01-03,21.530001
2022-01-04,21.620001
2022-01-05,23.469999
2022-01-06,23.500000
2022-01-07,22.870001
2022-01-10,22.680000
2022-01-11,21.980000
2022-01-12,21.580000
2022-01-13,23.410000
2022-01-14,22.820000
2022-01-18,25.120001
2022-01-19,25.809999
2022-01-20,27.250000
2022-01-21,29.950001
2022-01-24,30.820000
2022-01-25,31.760000
2022-01-26,31.950001
2022-01-27,30.870001
2022-01-28,28.820000
2022-01-31,26.850000
2022-02-01,24.760000
2022-02-02,25.139999
2022-02-03,26.670000
2022-02-04,26.250000
2022-02-07,25.690001
2022-02-08,24.540001
2022-02-09,23.490000
2022-02-10,26.070000
2022-02-11,28.830000
2022-02-14,29.440001
2022-02-15,27.280001
2022-02-16,26.260000
2022-02-17,29.320000
2022-02-18,29.219999
2022-02-22,29.110001
2022-02-23,30.879999
2022-02-24,30.049999
2022-02-25,28.040001
2022-02-28,29.650000
2022-03-01,32.590000
2022-03-02,30.969999
2022-03-03,30.799999
2022-03-04,32.340000
2022-03-07,35.740002
2022-03-08,35.000000
2022-03-09,33.060001
2022-03-10,31.520000
2022-03-11,32.340000
2022-03-14,33.320000
2022-03-15,31.959999
2022-03-16,28.959999
2022-03-17,28.219999
2022-03-18,26.549999
2022-03-21,26.379999
2022-03-22,25.850000
2022-03-23,26.410000
2022-03-24,25.299999
2022-03-25,24.719999
2022-03-28,24.180000
2022-03-29,23.190001
2022-03-30,23.570000
2022-03-31,24.459999
2022-04-01,24.209999
2022-04-04,23.030001
2022-04-05,24.900000
2022-04-06,25.799999
2022-04-07,25.230000
2022-04-08,25.170000
2022-04-11,27.000000
2022-04-12,27.170000
2022-04-13,25.540001
2022-04-14,26.030001
2022-04-18,25.750000
2022-04-19,25.059999
2022-04-20,24.150000
2022-04-21,26.110001
2022-04-22,29.870001
2022-04-25,29.070000
2022-04-26,33.139999
2022-04-27,32.200001
2022-04-28,31.150000
2022-04-29,33.180000
2022-05-02,33.009998
2022-05-03,30.809999
2022-05-04,28.090000
2022-05-05,32.680000
2022-05-06,32.310001
2022-05-09,35.049999
2022-05-10,33.970001
2022-05-11,33.630001
2022-05-12,33.080002
2022-05-13,30.700001
2022-05-16,29.510000
2022-05-17,28.370001
2022-05-18,32.799999
2022-05-19,30.790001
2022-05-20,31.139999
2022-05-23,30.290001
2022-05-24,30.740000
2022-05-25,29.730000
2022-05-26,29.280001
2022-05-27,28.020000
2022-05-31,27.990000
2022-06-01,27.719999
2022-06-02,27.059999
2022-06-03,27.330000
2022-06-06,27.219999
2022-06-07,26.520000
2022-06-08,26.540001
2022-06-09,28.010000
2022-06-10,29.719999
2022-06-13,34.240002
2022-06-14,33.279999
2022-06-15,30.780001
2022-06-16,33.490002
2022-06-17,32.360001
2022-06-21,31.250000
2022-06-22,30.240000
2022-06-23,30.190001
2022-06-24,28.950001
2022-06-27,28.180000
2022-06-28,29.150000
2022-06-29,29.000000
2022-06-30,29.709999
2022-07-01,28.520000
2022-07-05,28.900000
2022-07-06,28.389999
2022-07-07,28.030001
2022-07-08,27.299999
2022-07-11,28.250000
2022-07-12,28.820000
2022-07-13,28.559999
2022-07-14,28.610001
2022-07-15,27.080000
2022-07-18,27.820000
2022-07-19,27.309999
2022-07-20,26.700001
2022-07-21,26.219999
2022-07-22,25.969999
2022-07-25,25.799999
2022-07-26,26.420000
2022-07-27,25.309999
2022-07-28,24.330000
2022-07-29,23.790001
2022-08-01,24.860001
2022-08-02,25.660000
2022-08-03,24.370001
2022-08-04,24.320000
2022-08-05,24.180000
2022-08-08,24.480000
2022-08-09,24.690001
2022-08-10,23.459999
2022-08-11,23.709999
2022-08-12,23.309999
2022-08-15,23.320000
2022-08-16,23.320000
2022-08-17,23.600000
2022-08-18,23.389999
2022-08-19,24.320000
2022-08-22,26.000000
2022-08-23,25.920000
2022-08-24,24.889999
2022-08-25,24.129999
2022-08-26,26.559999
2022-08-29,26.820000
2022-08-30,26.910000
2022-08-31,26.650000
2022-09-01,26.430000
2022-09-02,26.480000
2022-09-06,27.590000
2022-09-07,26.100000
2022-09-08,25.520000
2022-09-09,25.139999
2022-09-12,25.370001
2022-09-13,27.950001
2022-09-14,27.459999
2022-09-15,27.600000
2022-09-16,27.629999
2022-09-19,27.010000
2022-09-20,27.879999
2022-09-21,28.760000
2022-09-22,28.219999
2022-09-23,30.320000
2022-09-26,31.770000
2022-09-27,32.119999
2022-09-28,30.580000
2022-09-29,31.740000
2022-09-30,31.860001
2022-10-03,30.690001
2022-10-04,29.670000
2022-10-05,29.430000
2022-10-06,30.790001
2022-10-07,32.099998
2022-10-10,32.730000
2022-10-11,33.360001
2022-10-12,33.130001
2022-10-13,31.799999
2022-10-14,32.450001
2022-10-17,31.740000
2022-10-18,30.980000
2022-10-19,31.350000
2022-10-20,30.809999
2022-10-21,30.469999
2022-10-24,30.330000
2022-10-25,29.290001
2022-10-26,28.459999
2022-10-27,28.280001
2022-10-28,26.900000
2022-10-31,26.920000
2022-11-01,26.690001
2022-11-02,27.219999
2022-11-03,26.700001
2022-11-04,26.389999
2022-11-07,26.260000
2022-11-08,27.100000
2022-11-09,27.910000
2022-11-10,26.180000
2022-11-11,25.740000
2022-11-14,26.129999
2022-11-15,26.590000
2022-11-16,26.030001
2022-11-17,25.830000
2022-11-18,25.330000
2022-11-21,24.719999
2022-11-22,23.830000
2022-11-23,23.379999
2022-11-25,23.590000
2022-11-28,24.900000
2022-11-29,24.650000
2022-11-30,23.530001
2022-12-01,23.309999
2022-12-02,22.959999
2022-12-05,23.889999
2022-12-06,24.719999
2022-12-07,25.180000
2022-12-08,24.730000
2022-12-09,25.209999
2022-12-12,25.670000
2022-12-13,24.290001
2022-12-14,23.459999
2022-12-15,25.080000
2022-12-16,25.150000
2022-12-19,25.080000
2022-12-20,24.400000
2022-12-21,23.350000
2022-12-22,24.780001
2022-12-23,24.129999
2022-12-27,24.430000
2022-12-28,24.580000
2022-12-29,23.950001
2022-12-30,24.290001
2023-01-03,24.580000
2023-01-04,23.809999
2023-01-05,24.070000
2023-01-06,23.180000
2023-01-09,23.740000
2023-01-10,22.740000
2023-01-11,22.740000
2023-01-12,21.580000
2023-01-13,21.139999
2023-01-17,21.450001
2023-01-18,22.270000
2023-01-19,22.450001
2023-01-20,21.719999
2023-01-23,21.600000
2023-01-24,20.910000
2023-01-25,20.940001
2023-01-26,20.700001
2023-01-27,20.469999
2023-01-30,21.370001
2023-01-31,20.809999
2023-02-01,19.969999
2023-02-02,20.840000
2023-02-03,20.780001
2023-02-06,21.430000
2023-02-07,20.780001
2023-02-08,21.820000
2023-02-09,22.500000
2023-02-10,22.549999
2023-02-13,21.969999
2023-02-14,21.139999
2023-02-15,20.680000
2023-02-16,21.879999
2023-02-17,21.770000
2023-02-21,23.379999
2023-02-22,22.680000
2023-02-23,21.740000
2023-02-24,22.430000
2023-02-27,21.590000
2023-02-28,21.320000
2023-03-01,21.360001
2023-03-02,20.629999
2023-03-03,19.980000
2023-03-06,19.990000
2023-03-07,20.590000
2023-03-08,20.190001
2023-03-09,22.870001
2023-03-10,25.389999
2023-03-13,26.639999
2023-03-14,24.870001
2023-03-15,27.200001
2023-03-16,24.559999
2023-03-17,27.420000
2023-03-20,25.850000
2023-03-21,23.570000
2023-03-22,24.379999
2023-03-23,24.530001
2023-03-24,23.959999
2023-03-27,22.870001
2023-03-28,22.379999
2023-03-29,21.490000
2023-03-30,21.450001
2023-03-31,21.230000
2023-04-03,20.830000
2023-04-04,21.340000
2023-04-05,21.480000
2023-04-06,21.000000
2023-04-10,21.070000
2023-04-11,21.010000
2023-04-12,21.049999
2023-04-13,20.260000
2023-04-14,20.030001
2023-04-17,19.650000
2023-04-18,19.820000
2023-04-19,20.020000
2023-04-20,20.549999
2023-04-21,20.389999
2023-04-24,20.400000
2023-04-25,21.650000
2023-04-26,21.540001
2023-04-27,20.370001
2023-04-28,19.540001
2023-05-01,19.670000
2023-05-02,20.750000
2023-05-03,21.290001
2023-05-04,22.770000
2023-05-05,20.780001
2023-05-08,20.709999
2023-05-09,21.170000
2023-05-10,20.690001
2023-05-11,20.620001
2023-05-12,20.660000
2023-05-15,20.309999
2023-05-16,20.900000
2023-05-17,20.049999
2023-05-18,19.330000
2023-05-19,20.040001
2023-05-22,20.360001
2023-05-23,21.059999
2023-05-24,22.020000
2023-05-25,21.379999
2023-05-26,20.440001
2023-05-30,20.129999
2023-05-31,20.209999
2023-06-01,18.750000
2023-06-02,17.920000
2023-06-05,17.900000
2023-06-06,17.040001
2023-06-07,17.139999
2023-06-08,16.860001
2023-06-09,16.959999
2023-06-12,17.280001
2023-06-13,17.230000
2023-06-14,16.860001
2023-06-15,17.180000
2023-06-16,16.750000
2023-06-20,17.299999
2023-06-21,16.889999
2023-06-22,16.559999
2023-06-23,16.870001
2023-06-26,17.049999
2023-06-27,16.440001
2023-06-28,15.900000
2023-06-29,16.100000
2023-06-30,16.020000
2023-07-03,16.070000
2023-07-05,16.510000
2023-07-06,17.520000
2023-07-07,17.240000
2023-07-10,17.250000
2023-07-11,16.969999
2023-07-12,16.110001
2023-07-13,16.120001
2023-07-14,16.040001
2023-07-17,16.270000
2023-07-18,16.129999
2023-07-19,16.559999
2023-07-20,16.660000
2023-07-21,16.400000
2023-07-24,16.260000
2023-07-25,16.219999
2023-07-26,15.790000
2023-07-27,16.629999
2023-07-28,15.920000
2023-07-31,16.010000
2023-08-01,16.340000
2023-08-02,17.959999
2023-08-03,17.719999
2023-08-04,18.610001
2023-08-07,17.719999
2023-08-08,18.129999
2023-08-09,18.049999
2023-08-10,18.160000
2023-08-11,17.559999
2023-08-14,17.410000
2023-08-15,18.590000
2023-08-16,18.969999
2023-08-17,19.830000
2023-08-18,19.240000
2023-08-21,18.770000
2023-08-22,18.719999
2023-08-23,17.940001
2023-08-24,18.750000
2023-08-25,17.719999
2023-08-28,17.120001
2023-08-29,16.559999
2023-08-30,16.180000
2023-08-31,15.920000
2023-09-01,15.740000
2023-09-05,16.240000
2023-09-06,16.610001
2023-09-07,16.580000
2023-09-08,16.139999
2023-09-11,16.020000
2023-09-12,16.250000
2023-09-13,15.920000
2023-09-14,15.340000
2023-09-15,16.020000
2023-09-18,16.129999
2023-09-19,16.129999
2023-09-20,16.809999
2023-09-21,18.240000
2023-09-22,18.090000
2023-09-25,18.020000
2023-09-26,19.719999
2023-09-27,19.110001
2023-09-28,18.379999
2023-09-29,18.510000
2023-10-02,18.620001
2023-10-03,20.410000
2023-10-04,19.520000
2023-10-05,19.500000
2023-10-06,18.730000
2023-10-09,18.809999
2023-10-10,18.270000
2023-10-11,17.629999
2023-10-12,18.090000
2023-10-13,20.570000
2023-10-16,18.790001
2023-10-17,19.260000
2023-10-18,20.469999
2023-10-19,22.190001
2023-10-20,22.440001
2023-10-23,21.330000
2023-10-24,20.209999
2023-10-25,21.330000
2023-10-26,21.570000
2023-10-27,22.270000
2023-10-30,20.799999
2023-10-31,19.490000
2023-11-01,18.549999
2023-11-02,17.799999
2023-11-03,17.219999
2023-11-06,17.030001
2023-11-07,16.920000
2023-11-08,16.639999
2023-11-09,17.299999
2023-11-10,16.520000
2023-11-13,16.610001
2023-11-14,16.290001
2023-11-15,16.280001
2023-11-16,16.139999
2023-11-17,15.850000
2023-11-20,15.690000
2023-11-21,15.500000
2023-11-22,15.480000
2023-11-24,15.120000
2023-11-27,15.340000
2023-11-28,15.240000
2023-11-29,15.510000
2023-11-30,15.440000
2023-12-01,15.360000
2023-12-04,15.680000
2023-12-05,15.570000
2023-12-06,15.740000
2023-12-07,15.650000
2023-12-08,15.160000
2023-12-11,15.190000
2023-12-12,14.830000
2023-12-13,14.660000
2023-12-14,14.790000
2023-12-15,15.130000
2023-12-18,15.470000
2023-12-19,15.640000
2023-12-20,16.580000
2023-12-21,16.299999
2023-12-22,15.990000
2023-12-26,15.880000
2023-12-27,15.270000
2023-12-28,15.230000
2023-12-29,15.260000
2024-01-02,15.480000
2024-01-03,16.040001
2024-01-04,16.040001
2024-01-05,15.510000
2024-01-08,15.140000
2024-01-09,14.900000
2024-01-10,14.730000
2024-01-11,14.560000
2024-01-12,14.940000
2024-01-16,15.740000
2024-01-17,16.379999
2024-01-18,15.840000
2024-01-19,15.260000
2024-01-22,14.970000
2024-01-23,14.520000
2024-01-24,14.970000
2024-01-25,15.100000
2024-01-26,15.030000
2024-01-29,15.220000
2024-01-30,15.140000
2024-01-31,15.960000
2024-02-01,15.500000
2024-02-02,15.610000
2024-02-05,15.330000
2024-02-06,14.990000
2024-02-07,14.850000
2024-02-08,14.930000
2024-02-09,15.080000
2024-02-12,15.670000
2024-02-13,16.820000
2024-02-14,15.930000
2024-02-15,15.760000
2024-02-16,15.860000
2024-02-20,16.410000
2024-02-21,16.230000
2024-02-22,15.770000
2024-02-23,15.250000
2024-02-26,15.220000
2024-02-27,14.890000
2024-02-28,15.220000
2024-02-29,14.930000
2024-03-01,14.930000
2024-03-04,15.230000
2024-03-05,15.910000
2024-03-06,15.970000
2024-03-07,15.910000
2024-03-08,16.299999
2024-03-11,16.459999
2024-03-12,15.660000
2024-03-13,15.600000
2024-03-14,16.120001
2024-03-15,16.410000
2024-03-18,16.219999
2024-03-19,15.770000
2024-03-20,15.280000
2024-03-21,15.180000
2024-03-22,15.300000
2024-03-25,15.380000
2024-03-26,15.290000
2024-03-27,15.010000
2024-03-28,15.190000
2024-04-01,15.520000
2024-04-02,16.090000
2024-04-03,15.910000
2024-04-04,17.160000
2024-04-05,17.180000
2024-04-08,16.559999
2024-04-09,16.420000
2024-04-10,17.040001
2024-04-11,16.490000
2024-04-12,18.200001
2024-04-15,19.549999
2024-04-16,18.840000
2024-04-17,18.770000
2024-04-18,18.660000
2024-04-19,19.250000
2024-04-22,17.629999
2024-04-23,16.680000
2024-04-24,16.840000
2024-04-25,16.370001
2024-04-26,16.270000
2024-04-29,16.000000
2024-04-30,16.590000
2024-05-01,16.570000
2024-05-02,16.049999
2024-05-03,15.270000
2024-05-06,15.020000
2024-05-07,14.950000
2024-05-08,14.900000
2024-05-09,14.710000
2024-05-10,14.660000
2024-05-13,14.890000
2024-05-14,14.700000
2024-05-15,14.080000
2024-05-16,14.220000
2024-05-17,13.990000
2024-05-20,14.110000
2024-05-21,13.950000
2024-05-22,14.310000
2024-05-23,14.670000
2024-05-24,14.170000
2024-05-28,14.720000
2024-05-29,15.450000
2024-05-30,15.590000
2024-05-31,14.660000
2024-06-03,14.800000
2024-06-04,14.880000
2024-06-05,14.540000
2024-06-06,14.540000
2024-06-07,14.410000
2024-06-10,14.600000
2024-06-11,14.490000
2024-06-12,14.120000
2024-06-13,14.170000
2024-06-14,14.840000
2024-06-17,14.790000
2024-06-18,14.690000
2024-06-20,15.410000
2024-06-21,15.170000
2024-06-24,15.230000
2024-06-25,14.860000
2024-06-26,14.710000
2024-06-27,14.420000
2024-06-28,14.520000
2024-07-01,14.190000
2024-07-02,14.010000
2024-07-03,14.020000
2024-07-05,14.350000
2024-07-08,14.290000
2024-07-09,14.390000
2024-07-10,14.500000
2024-07-11,14.670000
2024-07-12,14.370000
2024-07-15,14.870000
2024-07-16,14.910000
2024-07-17,15.790000
2024-07-18,16.559999
2024-07-19,17.160000
2024-07-22,16.090000
2024-07-23,16.010000
2024-07-24,18.430000
2024-07-25,18.690001
2024-07-26,17.240000
2024-07-29,17.160000
2024-07-30,18.010000
2024-07-31,16.969999
2024-08-01,19.139999
2024-08-02,23.340000
2024-08-05,33.709999
2024-08-06,26.760000
2024-08-07,27.010000
2024-08-08,24.129999
2024-08-09,21.180000
2024-08-12,21.629999
2024-08-13,19.860001
2024-08-14,18.450001
2024-08-15,17.879999
2024-08-16,17.809999
2024-08-19,17.590000
2024-08-20,18.280001
2024-08-21,18.580000
2024-08-22,19.360001
2024-08-23,18.190001
2024-08-26,18.250000
2024-08-27,17.730000
2024-08-28,18.900000
2024-08-29,18.000000
2024-08-30,17.430000
2024-09-03,21.700001
2024-09-04,22.070000
2024-09-05,20.930000
2024-09-06,22.740000
2024-09-09,20.879999
2024-09-10,20.549999
2024-09-11,19.590000
2024-09-12,19.480000
2024-09-13,19.280001
2024-09-16,19.809999
2024-09-17,20.129999
2024-09-18,20.350000
2024-09-19,19.070000
2024-09-20,18.940001
2024-09-23,18.700001
2024-09-24,18.469999
2024-09-25,18.570000
2024-09-26,18.450001
2024-09-27,19.540001
2024-09-30,19.219999
2024-10-01,20.889999
2024-10-02,20.590000
2024-10-03,21.629999
2024-10-04,20.650000
2024-10-07,22.590000
2024-10-08,21.520000
2024-10-09,20.910000
2024-10-10,21.020000
2024-10-11,20.770000
2024-10-14,20.120001
2024-10-15,20.799999
2024-10-16,20.320000
2024-10-17,19.809999
2024-10-18,19.190001
2024-10-21,19.240000
2024-10-22,19.170000
2024-10-23,20.040001
2024-10-24,19.850000
2024-10-25,20.940001
2024-10-28,20.170000
2024-10-29,19.959999
2024-10-30,20.760000
2024-10-31,22.639999
2024-11-01,21.910000
2024-11-04,21.570000
2024-11-05,20.190001
2024-11-06,17.670000
2024-11-07,16.950001
2024-11-08,16.830000
2024-11-11,16.799999
2024-11-12,16.709999
2024-11-13,16.510000
2024-11-14,16.680000
2024-11-15,17.809999
2024-11-18,17.190001
2024-11-19,17.690001
2024-11-20,18.260000
2024-11-21,18.180000
2024-11-22,17.299999
2024-11-25,16.870001
2024-11-26,16.530001
2024-11-27,16.600000
2024-11-29,16.260000
2024-12-02,16.340000
2024-12-03,16.240000
2024-12-04,16.389999
2024-12-05,16.580000
2024-12-06,16.320000
2024-12-09,17.090000
2024-12-10,16.980000
2024-12-11,16.879999
2024-12-12,17.350000
2024-12-13,17.150000
2024-12-16,17.570000
2024-12-17,18.129999
2024-12-18,24.240000
2024-12-19,24.139999
2024-12-20,20.100000
2024-12-23,18.650000
2024-12-24,17.200001
2024-12-26,17.360001
2024-12-27,18.070000
2024-12-30,18.940001
2024-12-31,18.980000
2025-01-02,19.330000
2025-01-03,18.139999
2025-01-06,18.030001
2025-01-07,19.190001
2025-01-08,19.340000
2025-01-10,20.969999
2025-01-13,20.430000
2025-01-14,19.990000
2025-01-15,18.230000
2025-01-16,18.350000
2025-01-17,18.190001
2025-01-21,17.500000
2025-01-22,17.809999
2025-01-23,17.520000
2025-01-24,17.549999
2025-01-27,18.969999
2025-01-28,18.129999
2025-01-29,18.150000
2025-01-30,17.910000
2025-01-31,18.430000
2025-02-03,19.549999
2025-02-04,18.639999
2025-02-05,17.959999
2025-02-06,17.940001
2025-02-07,18.629999
2025-02-10,18.230000
2025-02-11,18.280001
2025-02-12,18.309999
2025-02-13,17.840000
2025-02-14,17.809999
2025-02-18,17.820000
2025-02-19,17.930000
2025-02-20,18.010000
2025-02-21,19.480000
2025-02-24,19.860001
2025-02-25,20.030001
2025-02-26,19.750000
2025-02-27,21.219999
2025-02-28,20.180000
2025-03-03,22.180000
2025-03-04,22.780001
2025-03-05,21.719999
2025-03-06,23.700001
2025-03-07,22.590000
2025-03-10,25.719999
2025-03-11,25.340000
2025-03-12,23.670000
2025-03-13,24.059999
2025-03-14,22.170000
2025-03-17,21.299999
2025-03-18,21.969999
2025-03-19,20.830000
2025-03-20,20.709999
2025-03-21,20.350000
2025-03-24,19.040001
2025-03-25,19.049999
2025-03-26,19.840000
2025-03-27,19.889999
2025-03-28,22.010000
2025-03-31,21.969999
2025-04-01,21.820000
2025-04-02,21.450001
2025-04-03,27.379999
2025-04-04,36.709999
2025-04-07,36.880001
2025-04-08,41.500000
2025-04-09,29.920000
2025-04-10,35.709999
2025-04-11,33.910000
2025-04-14,29.629999
2025-04-15,29.000000
2025-04-16,30.940001
2025-04-17,29.350000
2025-04-21,31.830000
2025-04-22,29.450001
2025-04-23,28.020000
2025-04-24,26.440001
2025-04-25,25.370001
2025-04-28,25.730000
2025-04-29,25.219999
2025-04-30,25.540001
2025-05-01,25.490000
2025-05-02,24.000000
2025-05-05,24.549999
2025-05-06,25.410000
2025-05-07,24.700001
2025-05-08,23.760000
2025-05-09,23.379999
2025-05-12,20.219999
2025-05-13,20.090000
2025-05-14,20.580000
2025-05-15,20.250000
2025-05-16,20.080000
2025-05-19,20.690001
2025-05-20,20.719999
2025-05-21,22.660000
2025-05-22,22.320000
2025-05-23,23.799999
2025-05-27,21.290001
2025-05-28,21.670000
2025-05-29,21.620001
2025-05-30,21.379999
2025-06-02,21.090000
2025-06-03,20.719999
2025-06-04,20.660000
2025-06-05,21.110001
2025-06-06,20.020000
2025-06-09,20.090000
2025-06-10,19.940001
2025-06-11,20.299999
2025-06-12,20.650000
2025-06-13,22.620001
2025-06-16,21.230000
2025-06-17,22.910000
2025-06-18,21.969999
2025-06-20,22.480000
2025-06-23,21.820000
2025-06-24,20.049999
2025-06-25,19.670000
2025-06-26,19.450001
2025-06-27,19.450001
2025-06-30,19.440001
2025-07-01,19.510000
2025-07-02,19.350000
2025-07-03,19.209999
2025-07-07,20.209999
2025-07-08,19.580000
2025-07-09,19.020000
2025-07-10,18.920000
2025-07-11,19.370001
2025-07-14,19.840000
2025-07-15,20.059999
2025-07-16,20.090000
2025-07-17,19.690001
2025-07-18,19.580000
2025-07-21,19.510000
2025-07-22,19.530001
2025-07-23,18.559999
2025-07-24,18.559999
2025-07-25,18.320000
2025-07-28,18.160000
2025-07-29,18.770000
2025-07-30,18.350000
2025-07-31,19.139999
2025-08-01,21.240000
2025-08-04,19.610001
2025-08-05,20.030001
2025-08-06,19.469999
2025-08-07,19.350000
2025-08-08,18.700001
2025-08-11,19.250000
2025-08-12,18.340000
2025-08-13,18.330000
2025-08-14,18.490000
2025-08-15,18.639999
2025-08-18,18.450001
2025-08-19,18.900000
2025-08-20,19.100000
2025-08-21,19.410000
2025-08-22,17.760000
2025-08-25,18.020000
2025-08-26,17.900000
2025-08-27,17.940001
2025-08-28,17.719999
2025-08-29,18.350000
2025-09-02,19.379999
2025-09-03,18.930000
2025-09-04,18.389999
2025-09-05,18.420000
2025-09-08,18.290001
2025-09-09,18.270000
2025-09-10,18.440001
2025-09-11,18.030001
2025-09-12,18.059999
2025-09-15,18.530001
2025-09-16,18.910000
2025-09-17,18.440001
2025-09-18,18.520000
2025-09-19,18.480000
2025-09-22,18.950001
2025-09-23,19.440001
2025-09-24,19.139999
2025-09-25,19.459999
2025-09-26,18.410000
2025-09-29,18.760000
2025-09-30,18.770000
2025-10-01,18.760000
2025-10-02,18.889999
2025-10-03,19.080000
2025-10-06,19.120001
2025-10-07,19.709999
2025-10-08,19.260000
2025-10-09,19.379999
2025-10-10,22.809999
2025-10-13,20.930000
2025-10-14,22.030001
2025-10-15,21.940001
2025-10-16,24.870001
2025-10-17,22.090000
2025-10-20,20.309999
2025-10-21,19.990000
2025-10-22,20.309999
2025-10-23,19.650000
2025-10-24,19.200001
2025-10-27,18.990000
2025-10-28,19.549999
2025-10-29,19.830000
2025-10-30,19.980000
2025-10-31,20.490000
2025-11-03,20.379999
2025-11-04,21.290001
2025-11-05,20.600000
2025-11-06,21.350000
2025-11-07,21.190001
2025-11-10,20.240000
2025-11-11,20.190001
2025-11-12,20.340000
2025-11-13,21.850000
2025-11-14,21.580000
2025-11-17,23.180000
2025-11-18,24.540001
2025-11-19,23.990000
2025-11-20,25.760000
2025-11-21,23.959999
2025-11-24,21.850000
2025-11-25,20.730000
2025-11-26,20.020000
2025-11-28,19.639999
2025-12-01,20.219999
2025-12-02,19.840000
2025-12-03,19.709999
2025-12-04,19.490000
2025-12-05,19.270000
2025-12-08,19.910000
2025-12-09,20.080000
2025-12-10,19.350000
2025-12-11,19.049999
2025-12-12,19.250000
2025-12-15,19.680000
2025-12-16,19.670000
2025-12-17,20.080000
2025-12-18,19.590000
2025-12-19,18.250000
2025-12-22,17.790001
2025-12-23,17.840000
2025-12-24,17.770000
2025-12-26,17.770000
2025-12-29,17.820000
2025-12-30,17.770000
2025-12-31,18.180000
2026-01-02,18.020000
2026-01-05,18.320000
2026-01-06,18.150000
2026-01-07,18.590000
2026-01-08,18.389999
2026-01-09,17.879999
2026-01-12,18.230000
2026-01-13,18.850000
2026-01-14,19.370001
2026-01-15,18.900000
2026-01-16,18.990000
2026-01-20,21.280001
2026-01-21,19.360001
2026-01-22,18.750000
2026-01-23,19.150000
2026-01-26,19.070000
2026-01-27,19.219999
2026-01-28,19.299999
2026-01-29,19.670000
2026-01-30,20.070000
2026-02-02,19.370001
2026-02-03,20.350000
2026-02-04,20.620001
2026-02-05,22.450001
2026-02-06,20.370001
2026-02-09,20.090000
2026-02-10,20.430000
2026-02-11,20.370001
2026-02-12,22.170000
2026-02-13,22.170000
2026-02-17,21.600000
2026-02-18,21.389999
2026-02-19,21.879999
2026-02-20,21.090000
2026-02-23,22.139999
2026-02-24,21.340000
2026-02-25,20.360001
2026-02-26,20.809999
2026-02-27,21.559999
2026-03-02,22.440001
2026-03-03,23.540001
2026-03-04,22.290001
2026-03-05,23.860001
2026-03-06,27.559999
2026-03-09,25.340000
2026-03-10,25.510000
2026-03-11,24.969999
2026-03-12,26.950001
2026-03-13,27.280001
2026-03-16,24.920000
2026-03-17,24.330000
2026-03-18,26.559999
2026-03-19,25.540001
2026-03-20,27.430000
2026-03-23,26.100000
2026-03-24,26.559999
2026-03-25,25.629999
2026-03-26,27.160000
2026-03-27,29.270000
2026-03-30,29.129999
2026-03-31,25.549999
2026-04-01,24.860001
2026-04-02,24.719999
2026-04-06,24.770000
2026-04-07,25.570000
2026-04-08,22.680000
2026-04-09,21.809999
2026-04-10,21.860001
2026-04-13,21.340000
2026-04-14,20.820000
2026-04-15,20.780001
2026-04-16,20.770000
2026-04-17,20.510000
2026-04-20,21.240000
2026-04-21,21.510000
2026-04-22,21.240000
2026-04-23,21.480000
2026-04-24,21.299999
2026-04-27,20.770000
2026-04-28,20.490000
2026-04-29,21.190001
2026-04-30,20.080000
2026-05-01,20.370001
2026-05-04,21.049999
2026-05-05,20.820000
2026-05-06,20.570000
2026-05-07,20.350000
2026-05-08,20.500000
2026-05-11,21.240000
2026-05-12,21.040001
2026-05-13,21.180000
2026-05-14,20.850000
2026-05-15,21.360001
2026-05-18,20.920000
2026-05-19,21.120001
2026-05-20,20.760000
2026-05-21,20.000000
2026-05-22,20.030001
2026-05-26,19.889999
2026-05-27,19.450001
2026-05-28,19.110001
2026-05-29,18.660000
2026-06-01,19.430000
2026-06-02,19.490000
2026-06-03,19.760000
2026-06-04,19.230000
2026-06-05,21.820000
2026-06-08,20.790001
2026-06-09,21.309999
2026-06-10,22.889999
2026-06-11,21.420000
2026-06-12,20.510000
2026-06-15,19.360001
2026-06-16,19.530001
2026-06-17,20.620001
2026-06-18,19.570000
2026-06-22,19.760000
2026-06-23,21.059999
2026-06-24,20.370001
2026-06-25,20.330000
2026-06-26,20.129999
2026-06-29,19.530001
2026-06-30,19.000000
2026-07-01,19.160000
2026-07-02,19.040001
2026-07-06,18.780001
2026-07-07,19.010000
2026-07-08,19.459999
2026-07-09,18.990000
2026-07-10,18.570000
2026-07-13,19.639999
2026-07-14,19.299999
2026-07-15,18.910000
2026-07-16,19.500000
2026-07-17,20.540001
2026-07-20,20.200001
2026-08-11,18.910000
2026-08-12,18.530001
2026-08-13,18.610001
2026-08-18,19.270000
2026-08-19,18.570000
2026-08-20,19.059999
2026-08-21,18.500000
2026-08-24,18.559999
2026-08-25,18.209999
2026-08-27,17.570000
2026-08-28,17.639999
2026-08-31,17.530001
