date,value
1998-12-22,11.909106
1998-12-23,12.193625
1998-12-24,12.147171
1998-12-28,12.182014
1998-12-29,12.216849
1998-12-30,12.170396
1998-12-31,12.123948
1999-01-04,12.263298
1999-01-05,12.576852
1999-01-06,12.948473
1999-01-07,12.907825
1999-01-08,12.960086
1999-01-11,13.087821
1999-01-12,12.733627
1999-01-13,12.727823
1999-01-14,12.553626
1999-01-15,12.925241
1999-01-19,13.372334
1999-01-20,13.494279
1999-01-21,13.145890
1999-01-22,12.913630
1999-01-25,13.140079
1999-01-26,13.668475
1999-01-27,13.378143
1999-01-28,13.848475
1999-01-29,14.051693
1999-02-01,14.063313
1999-02-02,13.825248
1999-02-03,13.923954
1999-02-04,13.447823
1999-02-05,13.122661
1999-02-08,13.343309
1999-02-09,12.820724
1999-02-10,12.913630
1999-02-11,13.459438
1999-02-12,12.925241
1999-02-16,12.867180
1999-02-17,12.576852
1999-02-18,12.646528
1999-02-19,12.762662
1999-02-22,13.215565
1999-02-23,13.389762
1999-02-24,13.018143
1999-02-25,13.052989
1999-02-26,12.658139
1999-03-01,12.600082
1999-03-02,12.263298
1999-03-03,12.472336
1999-03-04,12.600082
1999-03-05,12.890401
1999-03-08,13.262015
1999-03-09,13.122661
1999-03-10,13.122661
1999-03-11,13.099435
1999-03-12,12.983302
1999-03-15,13.192335
1999-03-16,13.418792
1999-03-17,13.331693
1999-03-18,13.517508
1999-03-19,13.192335
1999-03-22,13.192335
1999-03-23,12.809118
1999-03-24,13.058791
1999-03-25,13.366535
1999-03-26,13.296853
1999-03-29,13.796212
1999-03-30,13.772991
1999-03-31,13.598793
1999-04-01,13.813639
1999-04-05,14.289761
1999-04-06,14.411695
1999-04-07,14.376865
1999-04-08,14.516217
1999-04-09,14.492999
1999-04-12,14.272348
1999-04-13,14.051693
1999-04-14,13.703303
1999-04-15,13.819441
1999-04-16,13.447823
1999-04-19,12.797495
1999-04-20,13.122661
1999-04-21,13.471052
1999-04-22,14.092345
1999-04-23,14.121381
1999-04-26,14.481378
1999-04-27,14.121381
1999-04-28,13.935573
1999-04-29,13.790407
1999-04-30,13.680085
1999-05-03,13.796212
1999-05-04,13.587186
1999-05-05,13.865892
1999-05-06,13.517508
1999-05-07,13.749759
1999-05-10,13.865892
1999-05-11,14.074930
1999-05-12,14.353642
1999-05-13,14.312992
1999-05-14,13.935573
1999-05-17,14.132993
1999-05-18,14.260726
1999-05-19,14.307184
1999-05-20,14.121381
1999-05-21,13.958794
1999-05-24,13.656858
1999-05-25,13.372334
1999-05-26,13.651057
1999-05-27,13.552341
1999-05-28,13.726541
1999-06-01,13.418792
1999-06-02,13.563954
1999-06-03,13.471052
1999-06-04,13.871698
1999-06-07,14.121381
1999-06-08,13.796212
1999-06-09,14.005253
1999-06-10,13.796212
1999-06-11,13.610403
1999-06-14,13.546534
1999-06-15,13.668475
1999-06-16,14.231691
1999-06-17,14.388474
1999-06-18,14.516217
1999-06-21,14.882026
1999-06-22,14.568481
1999-06-23,14.678803
1999-06-24,14.376865
1999-06-25,14.394274
1999-06-28,14.632348
1999-06-29,14.818151
1999-06-30,15.044604
1999-07-01,15.213005
1999-07-02,15.410422
1999-07-06,15.323323
1999-07-07,15.503325
1999-07-08,15.712349
1999-07-09,15.880743
1999-07-12,15.903967
1999-07-13,15.834288
1999-07-14,16.031702
1999-07-15,16.147839
1999-07-16,16.293007
1999-07-19,16.095585
1999-07-20,15.427833
1999-07-21,15.561385
1999-07-22,15.079443
1999-07-23,15.120088
1999-07-26,14.777507
1999-07-27,15.143321
1999-07-28,15.282673
1999-07-29,15.027192
1999-07-30,14.870415
1999-08-02,14.841382
1999-08-03,14.783317
1999-08-04,14.603322
1999-08-05,14.719444
1999-08-06,14.725250
1999-08-09,14.556870
1999-08-10,14.312992
1999-08-11,14.771702
1999-08-12,14.585902
1999-08-13,15.050413
1999-08-16,15.096869
1999-08-17,15.166543
1999-08-18,14.992351
1999-08-19,14.841382
1999-08-20,14.887833
1999-08-23,15.230417
1999-08-24,15.468480
1999-08-25,15.793643
1999-08-26,15.602030
1999-08-27,15.514936
1999-08-30,15.259452
1999-08-31,15.392989
1999-09-01,15.474289
1999-09-02,15.416229
1999-09-03,15.979456
1999-09-07,15.985258
1999-09-08,15.874929
1999-09-09,16.014286
1999-09-10,16.188484
1999-09-13,15.967842
1999-09-14,16.142031
1999-09-15,15.805253
1999-09-16,15.735588
1999-09-17,16.049131
1999-09-20,16.118809
1999-09-21,15.787840
1999-09-22,15.816868
1999-09-23,15.236226
1999-09-24,15.271064
1999-09-27,15.427833
1999-09-28,15.497508
1999-09-29,15.213005
1999-09-30,15.329126
1999-10-01,15.236226
1999-10-04,15.607836
1999-10-05,15.700737
1999-10-06,15.892354
1999-10-07,15.811066
1999-10-08,15.799448
1999-10-11,15.956230
1999-10-12,15.671715
1999-10-13,15.259452
1999-10-14,15.172349
1999-10-15,14.812348
1999-10-18,14.678803
1999-10-19,14.446548
1999-10-20,15.027192
1999-10-21,14.783317
1999-10-22,14.818151
1999-10-25,14.858799
1999-10-26,14.864603
1999-10-27,14.847180
1999-10-28,15.230417
1999-10-29,15.793643
1999-11-01,15.770415
1999-11-02,15.700737
1999-11-03,15.933000
1999-11-04,16.054937
1999-11-05,16.229136
1999-11-08,16.391708
1999-11-09,16.211708
1999-11-10,16.496229
1999-11-11,16.722681
1999-11-12,16.815592
1999-11-15,16.740095
1999-11-16,17.094296
1999-11-17,16.931719
1999-11-18,17.506563
1999-11-19,17.669146
1999-11-22,17.779461
1999-11-23,17.622686
1999-11-24,17.895596
1999-11-26,18.034950
1999-11-29,17.878178
1999-11-30,17.343979
1999-12-01,17.512365
1999-12-02,17.930433
1999-12-03,18.441412
1999-12-06,18.569145
1999-12-07,18.615597
1999-12-08,18.418180
1999-12-09,18.371723
1999-12-10,18.464626
1999-12-13,18.586565
1999-12-14,18.232363
1999-12-15,18.603985
1999-12-16,18.952377
1999-12-17,19.161779
1999-12-20,19.347588
1999-12-21,19.719213
1999-12-22,19.719213
1999-12-23,19.823734
1999-12-27,19.974710
1999-12-28,19.788900
1999-12-29,20.108253
1999-12-30,20.090839
1999-12-31,20.021160
2000-01-03,20.601820
2000-01-04,19.556633
2000-01-05,19.266293
2000-01-06,18.627577
2000-01-07,18.952749
2000-01-10,19.672770
2000-01-11,19.115332
2000-01-12,19.034048
2000-01-13,19.208239
2000-01-14,19.649536
2000-01-18,19.754055
2000-01-19,19.788900
2000-01-20,19.905029
2000-01-21,19.928253
2000-01-24,19.277924
2000-01-25,19.690184
2000-01-26,19.045652
2000-01-27,18.859840
2000-01-28,18.186279
2000-01-31,18.790165
2000-02-01,19.185011
2000-02-02,19.324373
2000-02-03,19.881798
2000-02-04,20.114067
2000-02-07,20.346321
2000-02-08,20.532139
2000-02-09,20.276653
2000-02-10,20.758600
2000-02-11,20.206968
2000-02-14,20.218582
2000-02-15,20.276653
2000-02-16,20.172131
2000-02-17,20.625053
2000-02-18,19.928253
2000-02-22,19.881798
2000-02-23,20.485693
2000-02-24,20.741177
2000-02-25,20.543753
2000-02-28,20.299871
2000-02-29,20.764402
2000-03-01,20.973442
2000-03-02,21.182484
2000-03-03,21.768944
2000-03-06,21.734106
2000-03-07,21.136034
2000-03-08,21.507658
2000-03-09,22.157988
2000-03-10,22.204437
2000-03-13,21.879276
2000-03-14,21.379898
2000-03-15,21.008276
2000-03-16,21.739910
2000-03-17,22.250902
2000-03-20,22.157988
2000-03-21,22.738644
2000-03-22,23.133501
2000-03-23,23.574799
2000-03-24,23.778025
2000-03-27,23.969650
2000-03-28,23.388985
2000-03-29,22.703810
2000-03-30,22.088318
2000-03-31,22.506386
2000-04-03,21.554111
2000-04-04,21.345062
2000-04-05,21.484421
2000-04-06,21.763140
2000-04-07,22.506386
2000-04-10,21.693457
2000-04-11,21.159258
2000-04-12,19.788900
2000-04-13,19.411474
2000-04-14,18.395311
2000-04-17,19.394049
2000-04-18,20.497303
2000-04-19,19.823734
2000-04-20,19.649536
2000-04-24,19.045652
2000-04-25,20.148901
2000-04-26,19.765676
2000-04-27,20.381166
2000-04-28,20.439238
2000-05-01,20.729574
2000-05-02,20.346321
2000-05-03,19.463722
2000-05-04,19.324373
2000-05-05,19.852781
2000-05-08,19.150177
2000-05-09,18.795965
2000-05-10,17.884329
2000-05-11,18.389505
2000-05-12,18.627577
2000-05-15,18.975979
2000-05-16,19.545025
2000-05-17,19.266293
2000-05-18,18.778551
2000-05-19,18.046917
2000-05-22,17.965630
2000-05-23,17.094633
2000-05-24,17.768200
2000-05-25,17.477873
2000-05-26,17.535944
2000-05-30,18.674032
2000-05-31,18.314026
2000-06-01,19.138556
2000-06-02,20.009546
2000-06-05,20.067612
2000-06-06,19.788900
2000-06-07,20.160507
2000-06-08,20.067612
2000-06-09,20.114067
2000-06-12,19.695992
2000-06-13,20.114067
2000-06-14,19.742445
2000-06-15,20.137293
2000-06-16,20.206968
2000-06-19,20.845692
2000-06-20,20.903763
2000-06-21,21.089571
2000-06-22,20.439238
2000-06-23,20.003738
2000-06-26,20.137293
2000-06-27,19.939873
2000-06-28,20.137293
2000-06-29,19.742445
2000-06-30,20.137293
2000-07-03,20.276653
2000-07-05,19.626316
2000-07-06,19.928253
2000-07-07,20.253426
2000-07-10,20.032768
2000-07-11,19.870182
2000-07-12,20.381166
2000-07-13,20.776020
2000-07-14,21.159258
2000-07-17,21.333456
2000-07-18,20.903763
2000-07-19,20.439238
2000-07-20,20.868916
2000-07-21,20.416016
2000-07-24,19.916641
2000-07-25,20.253426
2000-07-26,19.986319
2000-07-27,19.405666
2000-07-28,18.685646
2000-07-31,19.068878
2000-08-01,18.848236
2000-08-02,18.766935
2000-08-03,19.126942
2000-08-04,19.126942
2000-08-07,19.521795
2000-08-08,19.556633
2000-08-09,19.626316
2000-08-10,19.208239
2000-08-11,19.277924
2000-08-14,19.672770
2000-08-15,19.719213
2000-08-16,19.742445
2000-08-17,20.114067
2000-08-18,20.137293
2000-08-21,20.230198
2000-08-22,20.230198
2000-08-23,20.427628
2000-08-24,20.619240
2000-08-25,20.549557
2000-08-28,20.717955
2000-08-29,20.741177
2000-08-30,20.601820
2000-08-31,21.008276
2000-09-01,21.019886
2000-09-05,20.543753
2000-09-06,20.021160
2000-09-07,20.346321
2000-09-08,19.695992
2000-09-11,19.185011
2000-09-12,18.906301
2000-09-13,19.092108
2000-09-14,19.196625
2000-09-15,18.865648
2000-09-18,18.441767
2000-09-19,19.161779
2000-09-20,19.231457
2000-09-21,18.836622
2000-09-22,18.302408
2000-09-25,17.919174
2000-09-26,17.541742
2000-09-27,17.419798
2000-09-28,18.023680
2000-09-29,17.233994
2000-10-02,17.106243
2000-10-03,16.653336
2000-10-04,17.100439
2000-10-05,16.856573
2000-10-06,16.508173
2000-10-09,16.415268
2000-10-10,15.933311
2000-10-11,15.422331
2000-10-12,14.888126
2000-10-13,16.142351
2000-10-16,15.886849
2000-10-17,15.468782
2000-10-18,15.224906
2000-10-19,16.577850
2000-10-20,16.827528
2000-10-23,16.723007
2000-10-24,16.397842
2000-10-25,15.242330
2000-10-26,15.608149
2000-10-27,15.741696
2000-10-30,15.526854
2000-10-31,16.246872
2000-11-01,15.933311
2000-11-02,16.345581
2000-11-03,16.467518
2000-11-06,16.212034
2000-11-07,16.328167
2000-11-08,15.468782
2000-11-09,15.242330
2000-11-10,14.400368
2000-11-13,14.353917
2000-11-14,15.132008
2000-11-15,15.236528
2000-11-16,14.748767
2000-11-17,14.864899
2000-11-20,14.261012
2000-11-21,14.330696
2000-11-22,13.808096
2000-11-24,14.353917
2000-11-27,14.272625
2000-11-28,13.697774
2000-11-29,13.633897
2000-11-30,12.913883
2000-12-01,13.082269
2000-12-04,13.006785
2000-12-05,14.237787
2000-12-06,13.842936
2000-12-07,13.384218
2000-12-08,14.005519
2000-12-11,14.533925
2000-12-12,14.237787
2000-12-13,13.633897
2000-12-14,13.424859
2000-12-15,12.890655
2000-12-18,12.635164
2000-12-19,12.263536
2000-12-20,11.346099
2000-12-21,11.380935
2000-12-22,12.164827
2000-12-26,11.961598
2000-12-27,12.077733
2000-12-28,12.019670
2000-12-29,11.636425
2001-01-02,10.962864
2001-01-03,12.728072
2001-01-04,12.855817
2001-01-05,12.077733
2001-01-08,12.042890
2001-01-09,12.309992
2001-01-10,12.681617
2001-01-11,13.215826
2001-01-12,13.018402
2001-01-16,12.867428
2001-01-17,13.262276
2001-01-18,13.959072
2001-01-19,14.150682
2001-01-22,13.889392
2001-01-23,14.121654
2001-01-24,14.295852
2001-01-25,13.796484
2001-01-26,13.889392
2001-01-29,14.181115
2001-01-30,14.214561
2001-01-31,13.861514
2001-02-01,13.854091
2001-02-02,13.244629
2001-02-05,13.162866
2001-02-06,13.240914
2001-02-07,12.899013
2001-02-08,12.709488
2001-02-09,12.122324
2001-02-12,12.226377
2001-02-13,12.018273
2001-02-14,12.300700
2001-02-15,12.672324
2001-02-16,11.888204
2001-02-20,11.249007
2001-02-21,10.962864
2001-02-22,10.981442
2001-02-23,10.899686
2001-02-26,11.074349
2001-02-27,10.650702
2001-02-28,10.409149
2001-03-01,10.702725
2001-03-02,10.331105
2001-03-05,10.554079
2001-03-06,11.000027
2001-03-07,11.014894
2001-03-08,10.795631
2001-03-09,10.089552
2001-03-12,9.550699
2001-03-13,10.026376
2001-03-14,9.781109
2001-03-15,9.665905
2001-03-16,9.454074
2001-03-19,9.747658
2001-03-20,9.279413
2001-03-21,9.324011
2001-03-22,9.751376
2001-03-23,9.959482
2001-03-26,9.829415
2001-03-27,10.145293
2001-03-28,9.394616
2001-03-29,9.271980
2001-03-30,9.216240
2001-04-02,8.993265
2001-04-03,8.391233
2001-04-04,8.231440
2001-04-05,9.101036
2001-04-06,8.677388
2001-04-09,8.699683
2001-04-10,9.283127
2001-04-11,9.621307
2001-04-12,9.862862
2001-04-16,9.625028
2001-04-17,9.725360
2001-04-18,10.609820
2001-04-19,11.278740
2001-04-20,11.148672
2001-04-23,10.531783
2001-04-24,10.368269
2001-04-25,10.550362
2001-04-26,10.401718
2001-04-27,10.542933
2001-04-30,10.706444
2001-05-01,10.962864
2001-05-02,11.182122
2001-05-03,10.825362
2001-05-04,10.981442
2001-05-07,10.970297
2001-05-08,11.018607
2001-05-09,10.866238
2001-05-10,10.706444
2001-05-11,10.591242
2001-05-14,10.442587
2001-05-15,10.424008
2001-05-16,10.847659
2001-05-17,10.910836
2001-05-18,10.959146
2001-05-21,11.445971
2001-05-22,11.423673
2001-05-23,11.144958
2001-05-24,11.230428
2001-05-25,11.018607
2001-05-29,10.606107
2001-05-30,10.175024
2001-05-31,10.267927
2001-06-01,10.442587
2001-06-04,10.420291
2001-06-05,10.832792
2001-06-06,10.728741
2001-06-07,11.033471
2001-06-08,10.788198
2001-06-11,10.609820
2001-06-12,10.528062
2001-06-13,10.290228
2001-06-14,9.922323
2001-06-15,9.829415
2001-06-18,9.584146
2001-06-19,9.621307
2001-06-20,9.721642
2001-06-21,9.903738
2001-06-22,9.810836
2001-06-25,9.952051
2001-06-26,10.007796
2001-06-27,10.030088
2001-06-28,10.227051
2001-06-29,10.468601
2001-07-02,10.461172
2001-07-03,10.424008
2001-07-05,10.089552
2001-07-06,9.625028
2001-07-09,9.747658
2001-07-10,9.450359
2001-07-11,9.498670
2001-07-12,10.130430
2001-07-13,10.160161
2001-07-16,9.914886
2001-07-17,10.033806
2001-07-18,9.651037
2001-07-19,9.829415
2001-07-20,9.773665
2001-07-23,9.535832
2001-07-24,9.409481
2001-07-25,9.610154
2001-07-26,9.792254
2001-07-27,9.777386
2001-07-30,9.747658
2001-07-31,9.743942
2001-08-01,10.004077
2001-08-02,10.141578
2001-08-03,9.996641
2001-08-06,9.874007
2001-08-07,9.818266
2001-08-08,9.502388
2001-08-09,9.506103
2001-08-10,9.491240
2001-08-13,9.528397
2001-08-14,9.405765
2001-08-15,9.193940
2001-08-16,9.242255
2001-08-17,8.967248
2001-08-20,9.026712
2001-08-21,8.762857
2001-08-22,8.852045
2001-08-23,8.844615
2001-08-24,9.275698
2001-08-27,9.253399
2001-08-28,8.996982
2001-08-29,8.826033
2001-08-30,8.484142
2001-08-31,8.554748
2001-09-04,8.368934
2001-09-05,8.298327
2001-09-06,7.904412
2001-09-07,7.811505
2001-09-10,7.978733
2001-09-17,7.469611
2001-09-18,7.402719
2001-09-19,7.335828
2001-09-20,7.016232
2001-09-21,6.815557
2001-09-24,7.198328
2001-09-25,7.265221
2001-09-26,7.019946
2001-09-27,6.964205
2001-09-28,7.153734
2001-10-01,7.060827
2001-10-02,7.053393
2001-10-03,7.525358
2001-10-04,7.685151
2001-10-05,7.681438
2001-10-08,7.733464
2001-10-09,7.555084
2001-10-10,7.789207
2001-10-11,8.164547
2001-10-12,8.145966
2001-10-15,8.090220
2001-10-16,8.175694
2001-10-17,7.804074
2001-10-18,7.785493
2001-10-19,7.889545
2001-10-22,8.075358
2001-10-23,8.082789
2001-10-24,8.183129
2001-10-25,8.380085
2001-10-26,8.391233
2001-10-29,7.989882
2001-10-30,7.826368
2001-10-31,7.934141
2001-11-01,8.209144
2001-11-02,8.220286
2001-11-05,8.472992
2001-11-06,8.770288
2001-11-07,8.733124
2001-11-08,8.777724
2001-11-09,8.744280
2001-11-12,8.811171
2001-11-13,9.123333
2001-11-14,9.171641
2001-11-15,9.115899
2001-11-16,9.086166
2001-11-19,9.275698
2001-11-20,9.015557
2001-11-21,8.926373
2001-11-23,9.063872
2001-11-26,9.219952
2001-11-27,9.190223
2001-11-28,8.900359
2001-11-29,9.138197
2001-11-30,9.119617
2001-12-03,8.989552
2001-12-04,9.271980
2001-12-05,9.717927
2001-12-06,9.691908
2001-12-07,9.513536
2001-12-10,9.305428
2001-12-11,9.372318
2001-12-12,9.409481
2001-12-13,9.075023
2001-12-14,9.112183
2001-12-17,9.286847
2001-12-18,9.324011
2001-12-19,9.190223
2001-12-20,8.874344
2001-12-21,8.993265
2001-12-24,8.959820
2001-12-26,9.030424
2001-12-27,9.108468
2001-12-28,9.127050
2001-12-31,8.918941
2002-01-02,9.141912
2002-01-03,9.543262
2002-01-04,9.602725
2002-01-07,9.498670
2002-01-08,9.569278
2002-01-09,9.494951
2002-01-10,9.416913
2002-01-11,9.327725
2002-01-14,9.182794
2002-01-15,9.242255
2002-01-16,9.015557
2002-01-17,9.238533
2002-01-18,8.930089
2002-01-22,8.610495
2002-01-23,8.740563
2002-01-24,8.870626
2002-01-25,8.837181
2002-01-28,8.900359
2002-01-29,8.584479
2002-01-30,8.695964
2002-01-31,8.822318
2002-02-01,8.658800
2002-02-04,8.413532
2002-02-05,8.283463
2002-02-06,8.235155
2002-02-07,8.112521
2002-02-08,8.268600
2002-02-11,8.454412
2002-02-12,8.316913
2002-02-13,8.450697
2002-02-14,8.361504
2002-02-15,8.119951
2002-02-19,7.833803
2002-02-20,7.930429
2002-02-21,7.562515
2002-02-22,7.610827
2002-02-25,7.867247
2002-02-26,7.818939
2002-02-27,7.763192
2002-02-28,7.674005
2002-03-01,8.060493
2002-03-04,8.354067
2002-03-05,8.380085
2002-03-06,8.461844
2002-03-07,8.432113
2002-03-08,8.655088
2002-03-11,8.681096
2002-03-12,8.495288
2002-03-13,8.272315
2002-03-14,8.175694
2002-03-15,8.235155
2002-03-18,8.261162
2002-03-19,8.294614
2002-03-20,8.041907
2002-03-21,8.201705
2002-03-22,8.082789
2002-03-25,7.900694
2002-03-26,7.960156
2002-03-27,7.956437
2002-03-28,8.053061
2002-04-01,8.142247
2002-04-02,7.904412
2002-04-03,7.781778
2002-04-04,7.815217
2002-04-05,7.692584
2002-04-08,7.655424
2002-04-09,7.462180
2002-04-10,7.484478
2002-04-11,7.235491
2002-04-12,7.358127
2002-04-15,7.376706
2002-04-16,7.711165
2002-04-17,7.740894
2002-04-18,7.659136
2002-04-19,7.636839
2002-04-22,7.447312
2002-04-23,7.294947
2002-04-24,7.183463
2002-04-25,7.231772
2002-04-26,6.986501
2002-04-29,6.941909
2002-04-30,7.079406
2002-05-01,7.019946
2002-05-02,6.841568
2002-05-03,6.678057
2002-05-06,6.488528
2002-05-07,6.488528
2002-05-08,7.161163
2002-05-09,6.927045
2002-05-10,6.689205
2002-05-13,6.953055
2002-05-14,7.287518
2002-05-15,7.265221
2002-05-16,7.372991
2002-05-17,7.410156
2002-05-20,7.216908
2002-05-21,7.038528
2002-05-22,7.124001
2002-05-23,7.179746
2002-05-24,7.023666
2002-05-28,6.960489
2002-05-29,6.830420
2002-05-30,6.863868
2002-05-31,6.785824
2002-06-03,6.585152
2002-06-04,6.678057
2002-06-05,6.759814
2002-06-06,6.596298
2002-06-07,6.451365
2002-06-10,6.391906
2002-06-11,6.250690
2002-06-12,6.377041
2002-06-13,6.269274
2002-06-14,6.258123
2002-06-17,6.469945
2002-06-18,6.399337
2002-06-19,6.146636
2002-06-20,6.005419
2002-06-21,5.834473
2002-06-24,5.934814
2002-06-25,5.730418
2002-06-26,5.734134
2002-06-27,5.886500
2002-06-28,5.879067
2002-07-01,5.630079
2002-07-02,5.462850
2002-07-03,5.663526
2002-07-05,5.968257
2002-07-08,5.789879
2002-07-09,5.704405
2002-07-10,5.552040
2002-07-11,5.756431
2002-07-12,5.730418
2002-07-15,5.841907
2002-07-16,5.775014
2002-07-17,5.815890
2002-07-18,5.693255
2002-07-19,5.514878
2002-07-22,5.225012
2002-07-23,4.964876
2002-07-24,5.221293
2002-07-25,4.909133
2002-07-26,4.976026
2002-07-29,5.269607
2002-07-30,5.351363
2002-07-31,5.321633
2002-08-01,5.087512
2002-08-02,4.979741
2002-08-05,4.764198
2002-08-06,4.964876
2002-08-07,5.054066
2002-08-08,5.239877
2002-08-09,5.221293
2002-08-12,5.172986
2002-08-13,5.054066
2002-08-14,5.369944
2002-08-15,5.444268
2002-08-16,5.574336
2002-08-19,5.778729
2002-08-20,5.615214
2002-08-21,5.789879
2002-08-22,5.856769
2002-08-23,5.644946
2002-08-26,5.682107
2002-08-27,5.492581
2002-08-28,5.340215
2002-08-29,5.414541
2002-08-30,5.277040
2002-09-03,5.016903
2002-09-04,5.172986
2002-09-05,4.998321
2002-09-06,5.165553
2002-09-09,5.221293
2002-09-10,5.310485
2002-09-11,5.340215
2002-09-12,5.143255
2002-09-13,5.165553
2002-09-16,5.080081
2002-09-17,5.016903
2002-09-18,4.964876
2002-09-19,4.741904
2002-09-20,4.767916
2002-09-23,4.619267
2002-09-24,4.544940
2002-09-25,4.719607
2002-09-26,4.663863
2002-09-27,4.548658
2002-09-30,4.396293
2002-10-01,4.634133
2002-10-02,4.530078
2002-10-03,4.518928
2002-10-04,4.422307
2002-10-07,4.344267
2002-10-08,4.344267
2002-10-09,4.303390
2002-10-10,4.530078
2002-10-11,4.816227
2002-10-14,4.823659
2002-10-15,5.128391
2002-10-16,4.849672
2002-10-17,5.054066
2002-10-18,5.120958
2002-10-21,5.225012
2002-10-22,5.202714
2002-10-23,5.343932
2002-10-24,5.258457
2002-10-25,5.399674
2002-10-28,5.388528
2002-10-29,5.299334
2002-10-30,5.481432
2002-10-31,5.485148
2002-11-01,5.648661
2002-11-04,5.867920
2002-11-05,5.830758
2002-11-06,5.923662
2002-11-07,5.689540
2002-11-08,5.648661
2002-11-11,5.451700
2002-11-12,5.604067
2002-11-13,5.630079
2002-11-14,5.856769
2002-11-15,5.867920
2002-11-18,5.801027
2002-11-19,5.708121
2002-11-20,5.945958
2002-11-21,6.254406
2002-11-22,6.232109
2002-11-25,6.325015
2002-11-26,6.142920
2002-11-27,6.391906
2002-11-29,6.354744
2002-12-02,6.373325
2002-12-03,6.150350
2002-12-04,6.057446
2002-12-05,5.923662
2002-12-06,5.979408
2002-12-09,5.696974
2002-12-10,5.789879
2002-12-11,5.834473
2002-12-12,5.808458
2002-12-13,5.678391
2002-12-16,5.871635
2002-12-17,5.841907
2002-12-18,5.682107
2002-12-19,5.659811
2002-12-20,5.719804
2002-12-23,5.790603
2002-12-24,5.730981
2002-12-26,5.701172
2002-12-27,5.600565
2002-12-30,5.544668
2002-12-31,5.514859
2003-01-02,5.812958
2003-01-03,5.835317
2003-01-06,6.092428
2003-01-07,6.155776
2003-01-08,5.954557
2003-01-09,6.129690
2003-01-10,6.163229
2003-01-13,6.129690
2003-01-14,6.215394
2003-01-15,6.092428
2003-01-16,5.962008
2003-01-17,5.671363
2003-01-21,5.634099
2003-01-22,5.596837
2003-01-23,5.693719
2003-01-24,5.470144
2003-01-27,5.410525
2003-01-28,5.485049
2003-01-29,5.563299
2003-01-30,5.391891
2003-01-31,5.384439
2003-02-03,5.432882
2003-02-04,5.339726
2003-02-05,5.321094
2003-02-06,5.291283
2003-02-07,5.231663
2003-02-10,5.287557
2003-02-11,5.268928
2003-02-12,5.198127
2003-02-13,5.213029
2003-02-14,5.376987
2003-02-18,5.552122
2003-02-19,5.514859
2003-02-20,5.429156
2003-02-21,5.496228
2003-02-24,5.403073
2003-02-25,5.417976
2003-02-26,5.276376
2003-02-27,5.328547
2003-02-28,5.410525
2003-03-03,5.317369
2003-03-04,5.257747
2003-03-05,5.309915
2003-03-06,5.242843
2003-03-07,5.216757
2003-03-10,5.108696
2003-03-11,5.082613
2003-03-12,5.149687
2003-03-13,5.425429
2003-03-14,5.444061
2003-03-17,5.693719
2003-03-18,5.719804
2003-03-19,5.708623
2003-03-20,5.701172
2003-03-21,5.786874
2003-03-24,5.552122
2003-03-25,5.630372
2003-03-26,5.611742
2003-03-27,5.548396
2003-03-28,5.477595
2003-03-31,5.328547
2003-04-01,5.391891
2003-04-02,5.622921
2003-04-03,5.608015
2003-04-04,5.544668
2003-04-07,5.559574
2003-04-08,5.503682
2003-04-09,5.384439
2003-04-10,5.417976
2003-04-11,5.369534
2003-04-14,5.499954
2003-04-15,5.511132
2003-04-16,5.552122
2003-04-17,5.667635
2003-04-21,5.645277
2003-04-22,5.768245
2003-04-23,5.865129
2003-04-24,5.812958
2003-04-25,5.704897
2003-04-28,5.824137
2003-04-29,5.883759
2003-04-30,5.816686
2003-05-01,5.872578
2003-05-02,5.995548
2003-05-05,5.980641
2003-05-06,6.088702
2003-05-07,6.014177
2003-05-08,5.917295
2003-05-09,6.081252
2003-05-12,6.174406
2003-05-13,6.163229
2003-05-14,6.140869
2003-05-15,6.204215
2003-05-16,6.148320
2003-05-19,5.924748
2003-05-20,5.935927
2003-05-21,5.943377
2003-05-22,6.006724
2003-05-23,6.014177
2003-05-27,6.170681
2003-05-28,6.211670
2003-05-29,6.226574
2003-05-30,6.316003
2003-06-02,6.282469
2003-06-03,6.338359
2003-06-04,6.472508
2003-06-05,6.472508
2003-06-06,6.409159
2003-06-09,6.316003
2003-06-10,6.405437
2003-06-11,6.446425
2003-06-12,6.476234
2003-06-13,6.334635
2003-06-16,6.491137
2003-06-17,6.520947
2003-06-18,6.584294
2003-06-19,6.535853
2003-06-20,6.528401
2003-06-23,6.397982
2003-06-24,6.371897
2003-06-25,6.308554
2003-06-26,6.427791
2003-06-27,6.379353
2003-06-30,6.360721
2003-07-01,6.450148
2003-07-02,6.584294
2003-07-03,6.506042
2003-07-07,6.729618
2003-07-08,6.781787
2003-07-09,6.774333
2003-07-10,6.617832
2003-07-11,6.710989
2003-07-14,6.740798
2003-07-15,6.751976
2003-07-16,6.729618
2003-07-17,6.524673
2003-07-18,6.539580
2003-07-21,6.394255
2003-07-22,6.532130
2003-07-23,6.569391
2003-07-24,6.476234
2003-07-25,6.614103
2003-07-28,6.625283
2003-07-29,6.561935
2003-07-30,6.513494
2003-07-31,6.558212
2003-08-01,6.524673
2003-08-04,6.580569
2003-08-05,6.416611
2003-08-06,6.356994
2003-08-07,6.338359
2003-08-08,6.330910
2003-08-11,6.360721
2003-08-12,6.457600
2003-08-13,6.446425
2003-08-14,6.502316
2003-08-15,6.472508
2003-08-18,6.662543
2003-08-19,6.751976
2003-08-20,6.714712
2003-08-21,6.778062
2003-08-22,6.766880
2003-08-25,6.725891
2003-08-26,6.763156
2003-08-27,6.807872
2003-08-28,6.848856
2003-08-29,6.871217
2003-09-02,7.020271
2003-09-03,7.094790
2003-09-04,7.161864
2003-09-05,7.124602
2003-09-08,7.255022
2003-09-09,7.176769
2003-09-10,6.964373
2003-09-11,7.046350
2003-09-12,7.053803
2003-09-15,7.012812
2003-09-16,7.191674
2003-09-17,7.180493
2003-09-18,7.281106
2003-09-19,7.288553
2003-09-22,7.150685
2003-09-23,7.191674
2003-09-24,6.945743
2003-09-25,6.893572
2003-09-26,6.856312
2003-09-29,6.968100
2003-09-30,6.811597
2003-10-01,6.960648
2003-10-02,6.945743
2003-10-03,7.158137
2003-10-06,7.195403
2003-10-07,7.243843
2003-10-08,7.191674
2003-10-09,7.221482
2003-10-10,7.281106
2003-10-13,7.303465
2003-10-14,7.284832
2003-10-15,7.329544
2003-10-16,7.355630
2003-10-17,7.236388
2003-10-20,7.322096
2003-10-21,7.363082
2003-10-22,7.255022
2003-10-23,7.199126
2003-10-24,7.091063
2003-10-27,7.128329
2003-10-28,7.299734
2003-10-29,7.310916
2003-10-30,7.303465
2003-10-31,7.310916
2003-11-03,7.482322
2003-11-04,7.418977
2003-11-05,7.441333
2003-11-06,7.500953
2003-11-07,7.471145
2003-11-10,7.374262
2003-11-11,7.355630
2003-11-12,7.512130
2003-11-13,7.448787
2003-11-14,7.348177
2003-11-17,7.247570
2003-11-18,7.158137
2003-11-19,7.236388
2003-11-20,7.124602
2003-11-21,7.184218
2003-11-24,7.366811
2003-11-25,7.359356
2003-11-26,7.389166
2003-11-28,7.415248
2003-12-01,7.489774
2003-12-02,7.456241
2003-12-03,7.430158
2003-12-04,7.523310
2003-12-05,7.389166
2003-12-08,7.407796
2003-12-09,7.247570
2003-12-10,7.288553
2003-12-11,7.426427
2003-12-12,7.433883
2003-12-15,7.340723
2003-12-16,7.377988
2003-12-17,7.366811
2003-12-18,7.489774
2003-12-19,7.463883
2003-12-22,7.475140
2003-12-23,7.535182
2003-12-24,7.520167
2003-12-26,7.535182
2003-12-29,7.670277
2003-12-30,7.659015
2003-12-31,7.647758
2004-01-02,7.685284
2004-01-05,7.872913
2004-01-06,7.944215
2004-01-07,7.981742
2004-01-08,8.139347
2004-01-09,8.030519
2004-01-12,8.154358
2004-01-13,8.038029
2004-01-14,8.135594
2004-01-15,8.169369
2004-01-16,8.274435
2004-01-20,8.293198
2004-01-21,8.229410
2004-01-22,8.150603
2004-01-23,8.124340
2004-01-26,8.274435
2004-01-27,8.146853
2004-01-28,8.011756
2004-01-29,7.970482
2004-01-30,7.974231
2004-02-02,7.974231
2004-02-03,7.985492
2004-02-04,7.790357
2004-02-05,7.801614
2004-02-06,7.966729
2004-02-09,7.906683
2004-02-10,7.970482
2004-02-11,8.034275
2004-02-12,7.959222
2004-02-13,7.910438
2004-02-17,8.026772
2004-02-18,7.989247
2004-02-19,7.869161
2004-02-20,7.831634
2004-02-23,7.726563
2004-02-24,7.734066
2004-02-25,7.794109
2004-02-26,7.812871
2004-02-27,7.771594
2004-03-01,7.865408
2004-03-02,7.835387
2004-03-03,7.797862
2004-03-04,7.865408
2004-03-05,7.805366
2004-03-08,7.636500
2004-03-09,7.636500
2004-03-10,7.501408
2004-03-11,7.418853
2004-03-12,7.565200
2004-03-15,7.422600
2004-03-16,7.467631
2004-03-17,7.561450
2004-03-18,7.512665
2004-03-19,7.411349
2004-03-22,7.291267
2004-03-23,7.280003
2004-03-24,7.317535
2004-03-25,7.550193
2004-03-26,7.505161
2004-03-29,7.602728
2004-03-30,7.613986
2004-03-31,7.565200
2004-04-01,7.644007
2004-04-02,7.835387
2004-04-05,7.902930
2004-04-06,7.820372
2004-04-07,7.771594
2004-04-08,7.786603
2004-04-12,7.805366
2004-04-13,7.707801
2004-04-14,7.700294
2004-04-15,7.610232
2004-04-16,7.538934
2004-04-19,7.625244
2004-04-20,7.460127
2004-04-21,7.572705
2004-04-22,7.689036
2004-04-23,7.790357
2004-04-26,7.696543
2004-04-27,7.674028
2004-04-28,7.542685
2004-04-29,7.430109
2004-04-30,7.276254
2004-05-03,7.317535
2004-05-04,7.388828
2004-05-05,7.426356
2004-05-06,7.392581
2004-05-07,7.355060
2004-05-10,7.325036
2004-05-11,7.422600
2004-05-12,7.400089
2004-05-13,7.400089
2004-05-14,7.298769
2004-05-17,7.219960
2004-05-18,7.291267
2004-05-19,7.325036
2004-05-20,7.321286
2004-05-21,7.343801
2004-05-24,7.355060
2004-05-25,7.493903
2004-05-26,7.478892
2004-05-27,7.523924
2004-05-28,7.561450
2004-06-01,7.508914
2004-06-02,7.508914
2004-06-03,7.411349
2004-06-04,7.482648
2004-06-07,7.655263
2004-06-08,7.696543
2004-06-09,7.610232
2004-06-10,7.651512
2004-06-14,7.546438
2004-06-15,7.659015
2004-06-16,7.625244
2004-06-17,7.538934
2004-06-18,7.553941
2004-06-21,7.520167
2004-06-22,7.598978
2004-06-23,7.704050
2004-06-24,7.666523
2004-06-25,7.696543
2004-06-28,7.636500
2004-06-29,7.715302
2004-06-30,7.767841
2004-07-01,7.625244
2004-07-02,7.542685
2004-07-06,7.381323
2004-07-07,7.430109
2004-07-08,7.306275
2004-07-09,7.366313
2004-07-12,7.355060
2004-07-13,7.321286
2004-07-14,7.204955
2004-07-15,7.167426
2004-07-16,7.092378
2004-07-19,7.114890
2004-07-20,7.231220
2004-07-21,7.122395
2004-07-22,7.197447
2004-07-23,7.073617
2004-07-26,7.114890
2004-07-27,7.182435
2004-07-28,7.178686
2004-07-29,7.280003
2004-07-30,7.295015
2004-08-02,7.313777
2004-08-03,7.193695
2004-08-04,7.204955
2004-08-05,7.096128
2004-08-06,6.882232
2004-08-09,6.927265
2004-08-10,7.047347
2004-08-11,6.870975
2004-08-12,6.735880
2004-08-13,6.773407
2004-08-16,6.833449
2004-08-17,6.878480
2004-08-18,6.991055
2004-08-19,6.968541
2004-08-20,7.002316
2004-08-23,7.036087
2004-08-24,6.998561
2004-08-25,7.077368
2004-08-26,7.039838
2004-08-27,7.069865
2004-08-30,6.998561
2004-08-31,6.972296
2004-09-01,7.024829
2004-09-02,7.107384
2004-09-03,6.953531
2004-09-07,6.983552
2004-09-08,6.991055
2004-09-09,7.096128
2004-09-10,7.216212
2004-09-13,7.249983
2004-09-14,7.280003
2004-09-15,7.163677
2004-09-16,7.178686
2004-09-17,7.227469
2004-09-20,7.253737
2004-09-21,7.280003
2004-09-22,7.159922
2004-09-23,7.178686
2004-09-24,7.118645
2004-09-27,7.054849
2004-09-28,7.073617
2004-09-29,7.148664
2004-09-30,7.174934
2004-10-01,7.355060
2004-10-04,7.415098
2004-10-05,7.467631
2004-10-06,7.516419
2004-10-07,7.437615
2004-10-08,7.332544
2004-10-11,7.355060
2004-10-12,7.336296
2004-10-13,7.310026
2004-10-14,7.253737
2004-10-15,7.298769
2004-10-18,7.373821
2004-10-19,7.373821
2004-10-20,7.385076
2004-10-21,7.448870
2004-10-22,7.287508
2004-10-25,7.276254
2004-10-26,7.291267
2004-10-27,7.467631
2004-10-28,7.486400
2004-10-29,7.490150
2004-11-01,7.550193
2004-11-02,7.561450
2004-11-03,7.602728
2004-11-04,7.689036
2004-11-05,7.756585
2004-11-08,7.767841
2004-11-09,7.764085
2004-11-10,7.696543
2004-11-11,7.794109
2004-11-12,7.902930
2004-11-15,7.947967
2004-11-16,7.887924
2004-11-17,7.977985
2004-11-18,8.008008
2004-11-19,7.884171
2004-11-22,7.895428
2004-11-23,7.861658
2004-11-24,7.925448
2004-11-26,7.914191
2004-11-29,7.917944
2004-11-30,7.872913
2004-12-01,8.034275
2004-12-02,8.056788
2004-12-03,8.113078
2004-12-06,8.146853
2004-12-07,8.038029
2004-12-08,8.030519
2004-12-09,8.026772
2004-12-10,7.985492
2004-12-13,8.079305
2004-12-14,8.094318
2004-12-15,8.094318
2004-12-16,8.060540
2004-12-17,8.021505
2004-12-20,7.975580
2004-12-21,8.063606
2004-12-22,8.078912
2004-12-23,8.098043
2004-12-27,8.048291
2004-12-28,8.090391
2004-12-29,8.090391
2004-12-30,8.094218
2004-12-31,8.078912
2005-01-03,8.010024
2005-01-04,7.860768
2005-01-05,7.833979
2005-01-06,7.811018
2005-01-07,7.826327
2005-01-10,7.826327
2005-01-11,7.749782
2005-01-12,7.791886
2005-01-13,7.715344
2005-01-14,7.738303
2005-01-18,7.822499
2005-01-19,7.657936
2005-01-20,7.604360
2005-01-21,7.550778
2005-01-24,7.489547
2005-01-25,7.501029
2005-01-26,7.577570
2005-01-27,7.569911
2005-01-28,7.569911
2005-01-31,7.623491
2005-02-01,7.669416
2005-02-02,7.673246
2005-02-03,7.623491
2005-02-04,7.753615
2005-02-07,7.730646
2005-02-08,7.768919
2005-02-09,7.634973
2005-02-10,7.650282
2005-02-11,7.723001
2005-02-14,7.738303
2005-02-15,7.776574
2005-02-16,7.749782
2005-02-17,7.623491
2005-02-18,7.608184
2005-02-22,7.566088
2005-02-23,7.543118
2005-02-24,7.608184
2005-02-25,7.657936
2005-02-28,7.634973
2005-03-01,7.726822
2005-03-02,7.707689
2005-03-03,7.650282
2005-03-04,7.700034
2005-03-07,7.757437
2005-03-08,7.692379
2005-03-09,7.677070
2005-03-10,7.711514
2005-03-11,7.612013
2005-03-14,7.642630
2005-03-15,7.566088
2005-03-16,7.489547
2005-03-17,7.485718
2005-03-18,7.443621
2005-03-21,7.443621
2005-03-22,7.378560
2005-03-23,7.409176
2005-03-24,7.413001
2005-03-28,7.420660
2005-03-29,7.363248
2005-03-30,7.474239
2005-03-31,7.485718
2005-04-01,7.420660
2005-04-04,7.447445
2005-04-05,7.462758
2005-04-06,7.451278
2005-04-07,7.550778
2005-04-08,7.497197
2005-04-11,7.455103
2005-04-12,7.501029
2005-04-13,7.393870
2005-04-14,7.290534
2005-04-15,7.068570
2005-04-18,7.076222
2005-04-19,7.164248
2005-04-20,7.099188
2005-04-21,7.290534
2005-04-22,7.202514
2005-04-25,7.252269
2005-04-26,7.202514
2005-04-27,7.229305
2005-04-28,7.156591
2005-04-29,7.221649
2005-05-02,7.213997
2005-05-03,7.263748
2005-05-04,7.313506
2005-05-05,7.302021
2005-05-06,7.321156
2005-05-09,7.351770
2005-05-10,7.275229
2005-05-11,7.309674
2005-05-12,7.317329
2005-05-13,7.409176
2005-05-16,7.478065
2005-05-17,7.504855
2005-05-18,7.612013
2005-05-19,7.654109
2005-05-20,7.665587
2005-05-23,7.692379
2005-05-24,7.730646
2005-05-25,7.696210
2005-05-26,7.784225
2005-05-27,7.772748
2005-05-31,7.723001
2005-06-01,7.799536
2005-06-02,7.833979
2005-06-03,7.749782
2005-06-06,7.738303
2005-06-07,7.707689
2005-06-08,7.723001
2005-06-09,7.761267
2005-06-10,7.719172
2005-06-13,7.749782
2005-06-14,7.703859
2005-06-15,7.749782
2005-06-16,7.765095
2005-06-17,7.768919
2005-06-20,7.757437
2005-06-21,7.791886
2005-06-22,7.807190
2005-06-23,7.745958
2005-06-24,7.650282
2005-06-27,7.589049
2005-06-28,7.684724
2005-06-29,7.696210
2005-06-30,7.623491
2005-07-01,7.642630
2005-07-05,7.692379
2005-07-06,7.673246
2005-07-07,7.688554
2005-07-08,7.826327
2005-07-11,7.906692
2005-07-12,7.948792
2005-07-13,7.983233
2005-07-14,8.052125
2005-07-15,8.048291
2005-07-18,8.002370
2005-07-19,8.121013
2005-07-20,8.094218
2005-07-21,8.040643
2005-07-22,8.021505
2005-07-25,7.979411
2005-07-26,8.040643
2005-07-27,8.094218
2005-07-28,8.098043
2005-07-29,8.055948
2005-08-01,8.059778
2005-08-02,8.140142
2005-08-03,8.193721
2005-08-04,8.117183
2005-08-05,8.098043
2005-08-08,8.032985
2005-08-09,8.094218
2005-08-10,8.002370
2005-08-11,8.063606
2005-08-12,7.956445
2005-08-15,7.998541
2005-08-16,7.922003
2005-08-17,7.990888
2005-08-18,7.937312
2005-08-19,7.944967
2005-08-22,7.960275
2005-08-23,7.956445
2005-08-24,7.906692
2005-08-25,7.910523
2005-08-26,7.883735
2005-08-29,7.937312
2005-08-30,7.937312
2005-08-31,7.979411
2005-09-01,7.960275
2005-09-02,7.937312
2005-09-06,8.029158
2005-09-07,8.029158
2005-09-08,8.048291
2005-09-09,8.055948
2005-09-12,8.075083
2005-09-13,8.082743
2005-09-14,7.998541
2005-09-15,7.979411
2005-09-16,8.029158
2005-09-19,7.964102
2005-09-20,7.933482
2005-09-21,7.837806
2005-09-22,7.868424
2005-09-23,7.872253
2005-09-26,7.860768
2005-09-27,7.833979
2005-09-28,7.883735
2005-09-29,7.944967
2005-09-30,7.998541
2005-10-03,7.987065
2005-10-04,7.914349
2005-10-05,7.803362
2005-10-06,7.715344
2005-10-07,7.734478
2005-10-10,7.680901
2005-10-11,7.623491
2005-10-12,7.573740
2005-10-13,7.627316
2005-10-14,7.657936
2005-10-17,7.650282
2005-10-18,7.634973
2005-10-19,7.730646
2005-10-20,7.673246
2005-10-21,7.719172
2005-10-24,7.818674
2005-10-25,7.765095
2005-10-26,7.745958
2005-10-27,7.661765
2005-10-28,7.734478
2005-10-31,7.814843
2005-11-01,7.799536
2005-11-02,7.887557
2005-11-03,7.960275
2005-11-04,7.994712
2005-11-07,8.010024
2005-11-08,8.013853
2005-11-09,8.006201
2005-11-10,8.075083
2005-11-11,8.094218
2005-11-14,8.101877
2005-11-15,8.075083
2005-11-16,8.105700
2005-11-17,8.201378
2005-11-18,8.247297
2005-11-21,8.243473
2005-11-22,8.297056
2005-11-23,8.342980
2005-11-25,8.365940
2005-11-28,8.335325
2005-11-29,8.335325
2005-11-30,8.308533
2005-12-01,8.434827
2005-12-02,8.427172
2005-12-05,8.385078
2005-12-06,8.396557
2005-12-07,8.381250
2005-12-08,8.320015
2005-12-09,8.350634
2005-12-12,8.373597
2005-12-13,8.346807
2005-12-14,8.358287
2005-12-15,8.323844
2005-12-16,8.311514
2005-12-19,8.211329
2005-12-20,8.180501
2005-12-21,8.188209
2005-12-22,8.226738
2005-12-23,8.242154
2005-12-27,8.172795
2005-12-28,8.153526
2005-12-29,8.107291
2005-12-30,8.053345
2006-01-03,8.211329
2006-01-04,8.307656
2006-01-05,8.346190
2006-01-06,8.477203
2006-01-09,8.504177
2006-01-10,8.496468
2006-01-11,8.577387
2006-01-12,8.531146
2006-01-13,8.527295
2006-01-17,8.442523
2006-01-18,8.342337
2006-01-19,8.415551
2006-01-20,8.195916
2006-01-23,8.165088
2006-01-24,8.192062
2006-01-25,8.219032
2006-01-26,8.272979
2006-01-27,8.365460
2006-01-30,8.392436
2006-01-31,8.323073
2006-02-01,8.373169
2006-02-02,8.257567
2006-02-03,8.199766
2006-02-06,8.176645
2006-02-07,8.153526
2006-02-08,8.311514
2006-02-09,8.272979
2006-02-10,8.338484
2006-02-13,8.261421
2006-02-14,8.373169
2006-02-15,8.419407
2006-02-16,8.496468
2006-02-17,8.450228
2006-02-21,8.357747
2006-02-22,8.400141
2006-02-23,8.357747
2006-02-24,8.361605
2006-02-27,8.438667
2006-02-28,8.342337
2006-03-01,8.508029
2006-03-02,8.527295
2006-03-03,8.477203
2006-03-06,8.442523
2006-03-07,8.388578
2006-03-08,8.380871
2006-03-09,8.330780
2006-03-10,8.369312
2006-03-13,8.400141
2006-03-14,8.496468
2006-03-15,8.546566
2006-03-16,8.492620
2006-03-17,8.519587
2006-03-20,8.535003
2006-03-21,8.500323
2006-03-22,8.504177
2006-03-23,8.484910
2006-03-24,8.511887
2006-03-27,8.523444
2006-03-28,8.427114
2006-03-29,8.554270
2006-03-30,8.581240
2006-03-31,8.531146
2006-04-03,8.581240
2006-04-04,8.612067
2006-04-05,8.685282
2006-04-06,8.677572
2006-04-07,8.577387
2006-04-10,8.565826
2006-04-11,8.488762
2006-04-12,8.504177
2006-04-13,8.515738
2006-04-17,8.423260
2006-04-18,8.592800
2006-04-19,8.585096
2006-04-20,8.592800
2006-04-21,8.500323
2006-04-24,8.488762
2006-04-25,8.484910
2006-04-26,8.515738
2006-04-27,8.600509
2006-04-28,8.419407
2006-05-01,8.350049
2006-05-02,8.388578
2006-05-03,8.369312
2006-05-04,8.400141
2006-05-05,8.446376
2006-05-08,8.457939
2006-05-09,8.423260
2006-05-10,8.334631
2006-05-11,8.161235
2006-05-12,8.084168
2006-05-15,8.091876
2006-05-16,8.014811
2006-05-17,7.906921
2006-05-18,7.879945
2006-05-19,7.937746
2006-05-22,7.868390
2006-05-23,7.810586
2006-05-24,7.887656
2006-05-25,7.960868
2006-05-26,7.999399
2006-05-30,7.841413
2006-05-31,7.872244
2006-06-01,8.007104
2006-06-02,7.980132
2006-06-05,7.860675
2006-06-06,7.860675
2006-06-07,7.752789
2006-06-08,7.714255
2006-06-09,7.683430
2006-06-12,7.540859
2006-06-13,7.548564
2006-06-14,7.598656
2006-06-15,7.791320
2006-06-16,7.779762
2006-06-19,7.745083
2006-06-20,7.733521
2006-06-21,7.833707
2006-06-22,7.741228
2006-06-23,7.718110
2006-06-26,7.733521
2006-06-27,7.629484
2006-06-28,7.679577
2006-06-29,7.876094
2006-06-30,7.833707
2006-07-03,7.891503
2006-07-05,7.768199
2006-07-06,7.775908
2006-07-07,7.698843
2006-07-10,7.610216
2006-07-11,7.641041
2006-07-12,7.502325
2006-07-13,7.379021
2006-07-14,7.359755
2006-07-17,7.382875
2006-07-18,7.398288
2006-07-19,7.506183
2006-07-20,7.398288
2006-07-21,7.321223
2006-07-24,7.432968
2006-07-25,7.513886
2006-07-26,7.533150
2006-07-27,7.510033
2006-07-28,7.641041
2006-07-31,7.629484
2006-08-01,7.521589
2006-08-02,7.614069
2006-08-03,7.637191
2006-08-04,7.614069
2006-08-07,7.587095
2006-08-08,7.560122
2006-08-09,7.606368
2006-08-10,7.637191
2006-08-11,7.594803
2006-08-14,7.660306
2006-08-15,7.837559
2006-08-16,7.960868
2006-08-17,7.995545
2006-08-18,8.026372
2006-08-21,7.972426
2006-08-22,7.976277
2006-08-23,7.937746
2006-08-24,7.968571
2006-08-25,7.991690
2006-08-28,8.064905
2006-08-29,8.138116
2006-08-30,8.195916
2006-08-31,8.165088
2006-09-01,8.199766
2006-09-05,8.242154
2006-09-06,8.107291
2006-09-07,8.061050
2006-09-08,8.126550
2006-09-11,8.195916
2006-09-12,8.338484
2006-09-13,8.338484
2006-09-14,8.357747
2006-09-15,8.378601
2006-09-18,8.374736
2006-09-19,8.336134
2006-09-20,8.471271
2006-09-21,8.390189
2006-09-22,8.339990
2006-09-25,8.490573
2006-09-26,8.544628
2006-09-27,8.478990
2006-09-28,8.521462
2006-09-29,8.494435
2006-10-02,8.432659
2006-10-03,8.478990
2006-10-04,8.610270
2006-10-05,8.606410
2006-10-06,8.610270
2006-10-09,8.633438
2006-10-10,8.641156
2006-10-11,8.637297
2006-10-12,8.764715
2006-10-13,8.807186
2006-10-16,8.803317
2006-10-17,8.729963
2006-10-18,8.706797
2006-10-19,8.733829
2006-10-20,8.787876
2006-10-23,8.841939
2006-10-24,8.780156
2006-10-25,8.857382
2006-10-26,8.903712
2006-10-27,8.787876
2006-10-30,8.818769
2006-10-31,8.830350
2006-11-01,8.791742
2006-11-02,8.737683
2006-11-03,8.737683
2006-11-06,8.841939
2006-11-07,8.888265
2006-11-08,8.895991
2006-11-09,8.892129
2006-11-10,8.915297
2006-11-13,8.992518
2006-11-14,9.058155
2006-11-15,9.077465
2006-11-16,9.112207
2006-11-17,9.127658
2006-11-20,9.127658
2006-11-21,9.123793
2006-11-22,9.193298
2006-11-24,9.173989
2006-11-27,8.957768
2006-11-28,9.004099
2006-11-29,9.062018
2006-11-30,9.081326
2006-12-01,9.004099
2006-12-04,9.119935
2006-12-05,9.123793
2006-12-06,9.065883
2006-12-07,9.031128
2006-12-08,9.031128
2006-12-11,9.085182
2006-12-12,9.054293
2006-12-13,9.069744
2006-12-14,9.146965
2006-12-15,9.148905
2006-12-18,9.113952
2006-12-19,9.055704
2006-12-20,9.059592
2006-12-21,9.016870
2006-12-22,8.946978
2006-12-26,8.997461
2006-12-27,9.063476
2006-12-28,9.059592
2006-12-29,9.032408
2007-01-03,9.059592
2007-01-04,9.199389
2007-01-05,9.125604
2007-01-08,9.152785
2007-01-09,9.164435
2007-01-10,9.211033
2007-01-11,9.304238
2007-01-12,9.327536
2007-01-16,9.308117
2007-01-17,9.187734
2007-01-18,9.082890
2007-01-19,9.079005
2007-01-22,9.012989
2007-01-23,9.012989
2007-01-24,9.176091
2007-01-25,9.063476
2007-01-26,9.067353
2007-01-29,9.106189
2007-01-30,9.160554
2007-01-31,9.214915
2007-02-01,9.176091
2007-02-02,9.222685
2007-02-05,9.199389
2007-02-06,9.187734
2007-02-07,9.230457
2007-02-08,9.242100
2007-02-09,9.141140
2007-02-12,9.102304
2007-02-13,9.137252
2007-02-14,9.265406
2007-02-15,9.300352
2007-02-16,9.280934
2007-02-20,9.284818
2007-02-21,9.269283
2007-02-22,9.319768
2007-02-23,9.311999
2007-02-26,9.288703
2007-02-27,8.931438
2007-02-28,8.966394
2007-03-01,8.958620
2007-03-02,8.791646
2007-03-05,8.811061
2007-03-06,8.946978
2007-03-07,8.834363
2007-03-08,8.908144
2007-03-09,8.931438
2007-03-12,8.985806
2007-03-13,8.842131
2007-03-14,8.923674
2007-03-15,8.927558
2007-03-16,8.912027
2007-03-19,8.970276
2007-03-20,9.028525
2007-03-21,9.211033
2007-03-22,9.176091
2007-03-23,9.152785
2007-03-26,9.164435
2007-03-27,9.168323
2007-03-28,9.063476
2007-03-29,9.075123
2007-03-30,9.055704
2007-04-02,9.102304
2007-04-03,9.176091
2007-04-04,9.230457
2007-04-05,9.265406
2007-04-09,9.265406
2007-04-10,9.257634
2007-04-11,9.172202
2007-04-12,9.269283
2007-04-13,9.277050
2007-04-16,9.354717
2007-04-17,9.374133
2007-04-18,9.350831
2007-04-19,9.354717
2007-04-20,9.409078
2007-04-23,9.389665
2007-04-24,9.440146
2007-04-25,9.510048
2007-04-26,9.564409
2007-04-27,9.556644
2007-04-30,9.482862
2007-05-01,9.529461
2007-05-02,9.579941
2007-05-03,9.673141
2007-05-04,9.711975
2007-05-07,9.700322
2007-05-08,9.739158
2007-05-09,9.727506
2007-05-10,9.677023
2007-05-11,9.781870
2007-05-14,9.735271
2007-05-15,9.719743
2007-05-16,9.805171
2007-05-17,9.777987
2007-05-18,9.828469
2007-05-21,9.871186
2007-05-22,9.859533
2007-05-23,9.824589
2007-05-24,9.700322
2007-05-25,9.781870
2007-05-29,9.840122
2007-05-30,9.913899
2007-05-31,9.960502
2007-06-01,9.960502
2007-06-04,9.995448
2007-06-05,9.960502
2007-06-06,9.844005
2007-06-07,9.704207
2007-06-08,9.840122
2007-06-11,9.859533
2007-06-12,9.743040
2007-06-13,9.867306
2007-06-14,9.960502
2007-06-15,10.018014
2007-06-18,10.045213
2007-06-19,10.041329
2007-06-20,9.983040
2007-06-21,10.033550
2007-06-22,9.920861
2007-06-25,9.885891
2007-06-26,9.850917
2007-06-27,9.948063
2007-06-28,9.983040
2007-06-29,9.948063
2007-07-02,10.033550
2007-07-03,10.103504
2007-07-05,10.142365
2007-07-06,10.161794
2007-07-09,10.220082
2007-07-10,10.103504
2007-07-11,10.161794
2007-07-12,10.332774
2007-07-13,10.356094
2007-07-16,10.387175
2007-07-17,10.422158
2007-07-18,10.367746
2007-07-19,10.453238
2007-07-20,10.414374
2007-07-23,10.429924
2007-07-24,10.325002
2007-07-25,10.336663
2007-07-26,10.181221
2007-07-27,9.963608
2007-07-30,9.998580
2007-07-31,9.928638
2007-08-01,10.025781
2007-08-02,10.045213
2007-08-03,9.850917
2007-08-06,10.006352
2007-08-07,10.025781
2007-08-08,10.181221
2007-08-09,9.948063
2007-08-10,9.808168
2007-08-13,9.944179
2007-08-14,9.742109
2007-08-15,9.617756
2007-08-16,9.555583
2007-08-17,9.648847
2007-08-20,9.683820
2007-08-21,9.714909
2007-08-22,9.843146
2007-08-23,9.870344
2007-08-24,10.010243
2007-08-27,9.955838
2007-08-28,9.777081
2007-08-29,10.010243
2007-08-30,10.052992
2007-08-31,10.119044
2007-09-04,10.274488
2007-09-05,10.165685
2007-09-06,10.216193
2007-09-07,10.006352
2007-09-10,9.986927
2007-09-11,10.130703
2007-09-12,10.103504
2007-09-13,10.103504
2007-09-14,10.052992
2007-09-17,10.049099
2007-09-18,10.247287
2007-09-19,10.286144
2007-09-20,10.325002
2007-09-21,10.404047
2007-09-24,10.376793
2007-09-25,10.481918
2007-09-26,10.548119
2007-09-27,10.540326
2007-09-28,10.501391
2007-10-01,10.614306
2007-10-02,10.653249
2007-10-03,10.528644
2007-10-04,10.555902
2007-10-05,10.668818
2007-10-08,10.688293
2007-10-09,10.766164
2007-10-10,10.801208
2007-10-11,10.684396
2007-10-12,10.789526
2007-10-15,10.711649
2007-10-16,10.711649
2007-10-17,10.801208
2007-10-18,10.828466
2007-10-19,10.571475
2007-10-22,10.637671
2007-10-23,10.754483
2007-10-24,10.645453
2007-10-25,10.735013
2007-10-26,10.879082
2007-10-29,10.910233
2007-10-30,10.929702
2007-10-31,11.058193
2007-11-01,10.937489
2007-11-02,10.960851
2007-11-05,10.945277
2007-11-06,11.003683
2007-11-07,10.707756
2007-11-08,10.326170
2007-11-09,10.112019
2007-11-12,9.948482
2007-11-13,10.287238
2007-11-14,10.228830
2007-11-15,10.104228
2007-11-16,10.248299
2007-11-19,10.045819
2007-11-20,10.131486
2007-11-21,9.940690
2007-11-23,10.038037
2007-11-26,9.827772
2007-11-27,9.936799
2007-11-28,10.228830
2007-11-29,10.279446
2007-11-30,10.224935
2007-12-03,10.162637
2007-12-04,10.123698
2007-12-05,10.357324
2007-12-06,10.462450
2007-12-07,10.474131
2007-12-10,10.524751
2007-12-11,10.361217
2007-12-12,10.540326
2007-12-13,10.485814
2007-12-14,10.419621
2007-12-17,10.221038
2007-12-18,10.221038
2007-12-19,10.287238
2007-12-20,10.435190
2007-12-21,10.569368
2007-12-24,10.647601
2007-12-26,10.706275
2007-12-27,10.557629
2007-12-28,10.506781
2007-12-31,10.428548
2008-01-02,10.217313
2008-01-03,10.232961
2008-01-04,9.833969
2008-01-07,9.747912
2008-01-08,9.489741
2008-01-09,9.622740
2008-01-10,9.638385
2008-01-11,9.497567
2008-01-14,9.689240
2008-01-15,9.485829
2008-01-16,9.278512
2008-01-17,9.196368
2008-01-18,9.035985
2008-01-22,8.867785
2008-01-23,8.946020
2008-01-24,9.075101
2008-01-25,8.934285
2008-01-28,8.973401
2008-01-29,9.051635
2008-01-30,8.981226
2008-01-31,9.094666
2008-02-01,9.251132
2008-02-04,9.059458
2008-02-05,8.832583
2008-02-06,8.734787
2008-02-07,8.789547
2008-02-08,8.723050
2008-02-11,8.875607
2008-02-12,8.895169
2008-02-13,9.098574
2008-02-14,8.918633
2008-02-15,8.887343
2008-02-19,8.805197
2008-02-20,8.820843
2008-02-21,8.805197
2008-02-22,8.797374
2008-02-25,8.848230
2008-02-26,8.949930
2008-02-27,8.957752
2008-02-28,8.844314
2008-02-29,8.664379
2008-03-03,8.660463
2008-03-04,8.672202
2008-03-05,8.734787
2008-03-06,8.613525
2008-03-07,8.613525
2008-03-10,8.519650
2008-03-11,8.820843
2008-03-12,8.730875
2008-03-13,8.695668
2008-03-14,8.586144
2008-03-17,8.547030
2008-03-18,8.930375
2008-03-19,8.664379
2008-03-20,8.760633
2008-03-24,9.069738
2008-03-25,9.077559
2008-03-26,8.901488
2008-03-27,8.831063
2008-03-28,8.776280
2008-03-31,8.764544
2008-04-01,9.018869
2008-04-02,9.128430
2008-04-03,9.124516
2008-04-04,9.093211
2008-04-07,9.101040
2008-04-08,9.046260
2008-04-09,9.007131
2008-04-10,9.081475
2008-04-11,8.838890
2008-04-14,8.803672
2008-04-15,8.803672
2008-04-16,9.163646
2008-04-17,9.159733
2008-04-18,9.320151
2008-04-21,9.378845
2008-04-22,9.331894
2008-04-23,9.390581
2008-04-24,9.504051
2008-04-25,9.390581
2008-04-28,9.390581
2008-04-29,9.480577
2008-04-30,9.312326
2008-05-01,9.703602
2008-05-02,9.699692
2008-05-05,9.656646
2008-05-06,9.774029
2008-05-07,9.601873
2008-05-08,9.617522
2008-05-09,9.586220
2008-05-12,9.742726
2008-05-13,9.742726
2008-05-14,9.762296
2008-05-15,9.950106
2008-05-16,9.926627
2008-05-19,9.977496
2008-05-20,9.820983
2008-05-21,9.562745
2008-05-22,9.597957
2008-05-23,9.578391
2008-05-27,9.734904
2008-05-28,9.789681
2008-05-29,9.860114
2008-05-30,9.918804
2008-06-02,9.777944
2008-06-03,9.723166
2008-06-04,9.742726
2008-06-05,9.942276
2008-06-06,9.672298
2008-06-09,9.652734
2008-06-10,9.609696
2008-06-11,9.363194
2008-06-12,9.468839
2008-06-13,9.570566
2008-06-16,9.594048
2008-06-17,9.554918
2008-06-18,9.453181
2008-06-19,9.488402
2008-06-20,9.319281
2008-06-23,9.232955
2008-06-24,9.221180
2008-06-25,9.299660
2008-06-26,9.123085
2008-06-27,9.001446
2008-06-30,8.989671
2008-07-01,8.926890
2008-07-02,8.809173
2008-07-03,8.769938
2008-07-07,8.868032
2008-07-08,8.958281
2008-07-09,8.691456
2008-07-10,8.801325
2008-07-11,8.718925
2008-07-14,8.652212
2008-07-15,8.632597
2008-07-16,8.758163
2008-07-17,8.848409
2008-07-18,8.946507
2008-07-21,8.769938
2008-07-22,8.722843
2008-07-23,8.879802
2008-07-24,8.652212
2008-07-25,8.773859
2008-07-28,8.589433
2008-07-29,8.762083
2008-07-30,8.820939
2008-07-31,8.769938
2008-08-01,8.671840
2008-08-04,8.715001
2008-08-05,8.879802
2008-08-06,9.005367
2008-08-07,8.989671
2008-08-08,9.162323
2008-08-11,9.221180
2008-08-12,9.240803
2008-08-13,9.205483
2008-08-14,9.276117
2008-08-15,9.311432
2008-08-18,9.193711
2008-08-19,9.032836
2008-08-20,9.052453
2008-08-21,9.017138
2008-08-22,9.142705
2008-08-25,9.024987
2008-08-26,8.989671
2008-08-27,9.075996
2008-08-28,9.130933
2008-08-29,8.926890
2008-09-02,8.875880
2008-09-03,8.758163
2008-09-04,8.444250
2008-09-05,8.444250
2008-09-08,8.546275
2008-09-09,8.397164
2008-09-10,8.357926
2008-09-11,8.495260
2008-09-12,8.534501
2008-09-15,8.122487
2008-09-16,8.275519
2008-09-17,7.816425
2008-09-18,8.149955
2008-09-19,8.209411
2008-09-22,7.996797
2008-09-23,7.992858
2008-09-24,8.012541
2008-09-25,8.150350
2008-09-26,8.189722
2008-09-29,7.480998
2008-09-30,7.815673
2008-10-01,7.744802
2008-10-02,7.441623
2008-10-03,7.335314
2008-10-06,6.929766
2008-10-07,6.575403
2008-10-08,6.516342
2008-10-09,6.299787
2008-10-10,6.260414
2008-10-13,6.992764
2008-10-14,6.756523
2008-10-15,6.248602
2008-10-16,6.575403
2008-10-17,6.512406
2008-10-20,6.772272
2008-10-21,6.417910
2008-10-22,6.083231
2008-10-23,6.221040
2008-10-24,5.929675
2008-10-27,5.807619
2008-10-28,6.614775
2008-10-29,6.358847
2008-10-30,6.595088
2008-10-31,6.555716
2008-11-03,6.555716
2008-11-04,6.831333
2008-11-05,6.417910
2008-11-06,6.063544
2008-11-07,6.236790
2008-11-10,6.169853
2008-11-11,6.035985
2008-11-12,5.752493
2008-11-13,6.110794
2008-11-14,5.831242
2008-11-17,5.665871
2008-11-18,5.744619
2008-11-19,5.425693
2008-11-20,5.193388
2008-11-21,5.469002
2008-11-24,5.736745
2008-11-25,5.815492
2008-11-26,5.996611
2008-11-28,6.004486
2008-12-01,5.571375
2008-12-02,5.768242
2008-12-03,5.933613
2008-12-04,5.693432
2008-12-05,5.917864
2008-12-08,6.193477
2008-12-09,6.154104
2008-12-10,6.102918
2008-12-11,5.972986
2008-12-12,6.043859
2008-12-15,5.976924
2008-12-16,6.287976
2008-12-17,6.165915
2008-12-18,5.992671
2008-12-19,6.044529
2008-12-22,5.961401
2008-12-23,5.878274
2008-12-24,5.917859
2008-12-26,5.909943
2008-12-29,5.913900
2008-12-30,6.024734
2008-12-31,6.099948
2009-01-02,6.329535
2009-01-05,6.309742
2009-01-06,6.456205
2009-01-07,6.250366
2009-01-08,6.293910
2009-01-09,6.155364
2009-01-12,6.044529
2009-01-13,6.016819
2009-01-14,5.834731
2009-01-15,5.874314
2009-01-16,5.913900
2009-01-20,5.672435
2009-01-21,5.945567
2009-01-22,5.810981
2009-01-23,5.894109
2009-01-26,5.965359
2009-01-27,6.000984
2009-01-28,6.171197
2009-01-29,5.989108
2009-01-30,5.810981
2009-02-02,5.902025
2009-02-03,6.020778
2009-02-04,6.016819
2009-02-05,6.111822
2009-02-06,6.321619
2009-02-09,6.337454
2009-02-10,6.080156
2009-02-11,6.092031
2009-02-12,6.119739
2009-02-13,6.092031
2009-02-17,5.838688
2009-02-18,5.842648
2009-02-19,5.700145
2009-02-20,5.755562
2009-02-23,5.490349
2009-02-24,5.636807
2009-02-25,5.688266
2009-02-26,5.628893
2009-02-27,5.589307
2009-03-02,5.454722
2009-03-03,5.403262
2009-03-04,5.545766
2009-03-05,5.375552
2009-03-06,5.403262
2009-03-09,5.233049
2009-03-10,5.533892
2009-03-11,5.656601
2009-03-12,5.818898
2009-03-13,5.818898
2009-03-16,5.767439
2009-03-17,5.977234
2009-03-18,6.060363
2009-03-19,6.076196
2009-03-20,5.983500
2009-03-23,6.337574
2009-03-24,6.234136
2009-03-25,6.269942
2009-03-26,6.433057
2009-03-27,6.293814
2009-03-30,6.098872
2009-03-31,6.214244
2009-04-01,6.389295
2009-04-02,6.556386
2009-04-03,6.647889
2009-04-06,6.580259
2009-04-07,6.397252
2009-04-08,6.492731
2009-04-09,6.655847
2009-04-13,6.655847
2009-04-14,6.584236
2009-04-15,6.564344
2009-04-16,6.759285
2009-04-17,6.747350
2009-04-20,6.532517
2009-04-21,6.643910
2009-04-22,6.675741
2009-04-23,6.707567
2009-04-24,6.803047
2009-04-27,6.771219
2009-04-28,6.767243
2009-04-29,6.842831
2009-04-30,6.862723
2009-05-01,6.954224
2009-05-04,7.081533
2009-05-05,7.037774
2009-05-06,7.077556
2009-05-07,6.807025
2009-05-08,6.799068
2009-05-11,6.818961
2009-05-12,6.783154
2009-05-13,6.612085
2009-05-14,6.683696
2009-05-15,6.683696
2009-05-18,6.866701
2009-05-19,6.906488
2009-05-20,6.834876
2009-05-21,6.715520
2009-05-22,6.739393
2009-05-26,6.914443
2009-05-27,6.846810
2009-05-28,6.946271
2009-05-29,7.021857
2009-06-01,7.220775
2009-06-02,7.204866
2009-06-03,7.125297
2009-06-04,7.224758
2009-06-05,7.296369
2009-06-08,7.252608
2009-06-09,7.284434
2009-06-10,7.304326
2009-06-11,7.332174
2009-06-12,7.312280
2009-06-15,7.236693
2009-06-16,7.145188
2009-06-17,7.184971
2009-06-18,7.153143
2009-06-19,7.241463
2009-06-22,7.061629
2009-06-23,7.065625
2009-06-24,7.165534
2009-06-25,7.269436
2009-06-26,7.257452
2009-06-29,7.333385
2009-06-30,7.277432
2009-07-01,7.309405
2009-07-02,7.125568
2009-07-06,7.105589
2009-07-07,6.929748
2009-07-08,6.933744
2009-07-09,6.977702
2009-07-10,7.005678
2009-07-13,7.137559
2009-07-14,7.145551
2009-07-15,7.413309
2009-07-16,7.521213
2009-07-17,7.593150
2009-07-20,7.661088
2009-07-21,7.705047
2009-07-22,7.749007
2009-07-23,7.900868
2009-07-24,7.852914
2009-07-27,7.852914
2009-07-28,7.868899
2009-07-29,7.860906
2009-07-30,7.900868
2009-07-31,7.872897
2009-08-03,7.980794
2009-08-04,7.956822
2009-08-05,7.884885
2009-08-06,7.828934
2009-08-07,7.908863
2009-08-10,7.872897
2009-08-11,7.760992
2009-08-12,7.916854
2009-08-13,7.952828
2009-08-14,7.876890
2009-08-17,7.689062
2009-08-18,7.804960
2009-08-19,7.824938
2009-08-20,7.912859
2009-08-21,8.028755
2009-08-24,8.004780
2009-08-25,8.024757
2009-08-26,8.060725
2009-08-27,8.076708
2009-08-28,8.104685
2009-08-31,8.000777
2009-09-01,7.836927
2009-09-02,7.852914
2009-09-03,7.888882
2009-09-04,8.028755
2009-09-08,8.088698
2009-09-09,8.148646
2009-09-10,8.260546
2009-09-11,8.268539
2009-09-14,8.240566
2009-09-15,8.296511
2009-09-16,8.360453
2009-09-17,8.328485
2009-09-18,8.379431
2009-09-21,8.343328
2009-09-22,8.387453
2009-09-23,8.387453
2009-09-24,8.307225
2009-09-25,8.255078
2009-09-28,8.391459
2009-09-29,8.347338
2009-09-30,8.371405
2009-10-01,8.122711
2009-10-02,8.122711
2009-10-05,8.190900
2009-10-06,8.339316
2009-10-07,8.323270
2009-10-08,8.375418
2009-10-09,8.431575
2009-10-12,8.435586
2009-10-13,8.467675
2009-10-14,8.567956
2009-10-15,8.551909
2009-10-16,8.471685
2009-10-19,8.563950
2009-10-20,8.535866
2009-10-21,8.539879
2009-10-22,8.579987
2009-10-23,8.555922
2009-10-26,8.499764
2009-10-27,8.455638
2009-10-28,8.331293
2009-10-29,8.491741
2009-10-30,8.267113
2009-11-02,8.315247
2009-11-03,8.283157
2009-11-04,8.331293
2009-11-05,8.511797
2009-11-06,8.523830
2009-11-09,8.720381
2009-11-10,8.716371
2009-11-11,8.768516
2009-11-12,8.704336
2009-11-13,8.784563
2009-11-16,8.880828
2009-11-17,8.920941
2009-11-18,8.872806
2009-11-19,8.744447
2009-11-20,8.700324
2009-11-23,8.852749
2009-11-24,8.836703
2009-11-25,8.852749
2009-11-27,8.708344
2009-11-30,8.724396
2009-12-01,8.864784
2009-12-02,8.852749
2009-12-03,8.856763
2009-12-04,8.912918
2009-12-07,8.896876
2009-12-08,8.816648
2009-12-09,8.900887
2009-12-10,8.940997
2009-12-11,8.920941
2009-12-14,8.993146
2009-12-15,8.936985
2009-12-16,8.965064
2009-12-17,8.856763
2009-12-18,8.989203
2009-12-21,9.069717
2009-12-22,9.142175
2009-12-23,9.178410
2009-12-24,9.262947
2009-12-28,9.291125
2009-12-29,9.279052
2009-12-30,9.311255
2009-12-31,9.230742
2010-01-04,9.367611
2010-01-05,9.355538
2010-01-06,9.250869
2010-01-07,9.214635
2010-01-08,9.275024
2010-01-11,9.238792
2010-01-12,9.138155
2010-01-13,9.226717
2010-01-14,9.250869
2010-01-15,9.122048
2010-01-19,9.279052
2010-01-20,9.130101
2010-01-21,9.033484
2010-01-22,8.719486
2010-01-25,8.791950
2010-01-26,8.767797
2010-01-27,8.840256
2010-01-28,8.586644
2010-01-29,8.437691
2010-02-01,8.534310
2010-02-02,8.618852
2010-02-03,8.638978
2010-02-04,8.397440
2010-02-05,8.481978
2010-02-08,8.445749
2010-02-09,8.518210
2010-02-10,8.494055
2010-02-11,8.582618
2010-02-12,8.598721
2010-02-16,8.727541
2010-02-17,8.751692
2010-02-18,8.808052
2010-02-19,8.783899
2010-02-22,8.767797
2010-02-23,8.659105
2010-02-24,8.743642
2010-02-25,8.719486
2010-02-26,8.731564
2010-03-01,8.844284
2010-03-02,8.832205
2010-03-03,8.836231
2010-03-04,8.872460
2010-03-05,8.981153
2010-03-08,9.029464
2010-03-09,9.069717
2010-03-10,9.130101
2010-03-11,9.166333
2010-03-12,9.158281
2010-03-15,9.150229
2010-03-16,9.218665
2010-03-17,9.246841
2010-03-18,9.258924
2010-03-19,9.203594
2010-03-22,9.272246
2010-03-23,9.361095
2010-03-24,9.316669
2010-03-25,9.332826
2010-03-26,9.288404
2010-03-29,9.316669
2010-03-30,9.357052
2010-03-31,9.328788
2010-04-01,9.312632
2010-04-05,9.421670
2010-04-06,9.429749
2010-04-07,9.393400
2010-04-08,9.409553
2010-04-09,9.482244
2010-04-12,9.502437
2010-04-13,9.530709
2010-04-14,9.668014
2010-04-15,9.712436
2010-04-16,9.583208
2010-04-19,9.603400
2010-04-20,9.655895
2010-04-21,9.676090
2010-04-22,9.700322
2010-04-23,9.724549
2010-04-26,9.712436
2010-04-27,9.522631
2010-04-28,9.550900
2010-04-29,9.647820
2010-04-30,9.445899
2010-05-03,9.575130
2010-05-04,9.300515
2010-05-05,9.260132
2010-05-06,8.981481
2010-05-07,8.783600
2010-05-10,9.187442
2010-05-11,9.126865
2010-05-12,9.365131
2010-05-13,9.227825
2010-05-14,9.050136
2010-05-17,9.094557
2010-05-18,8.957253
2010-05-19,8.888593
2010-05-20,8.605904
2010-05-21,8.670521
2010-05-24,8.630136
2010-05-25,8.605904
2010-05-26,8.521099
2010-05-27,8.811867
2010-05-28,8.739171
2010-06-01,8.654366
2010-06-02,8.848211
2010-06-03,8.937058
2010-06-04,8.650327
2010-06-07,8.525138
2010-06-08,8.541291
2010-06-09,8.496871
2010-06-10,8.702828
2010-06-11,8.779555
2010-06-14,8.763406
2010-06-15,8.993597
2010-06-16,9.017826
2010-06-17,9.050136
2010-06-18,9.049726
2010-06-21,8.984883
2010-06-22,8.907883
2010-06-23,8.891670
2010-06-24,8.713351
2010-06-25,8.705247
2010-06-28,8.721457
2010-06-29,8.397243
2010-06-30,8.267551
2010-07-01,8.235131
2010-07-02,8.222973
2010-07-06,8.304029
2010-07-07,8.571506
2010-07-08,8.624195
2010-07-09,8.668773
2010-07-12,8.709298
2010-07-13,8.834934
2010-07-14,8.887617
2010-07-15,8.915989
2010-07-16,8.660667
2010-07-19,8.745770
2010-07-20,8.802515
2010-07-21,8.697145
2010-07-22,8.932200
2010-07-23,8.992988
2010-07-26,9.049726
2010-07-27,9.074044
2010-07-28,9.001093
2010-07-29,8.920039
2010-07-30,8.883565
2010-08-02,9.069990
2010-08-03,9.021360
2010-08-04,9.094305
2010-08-05,9.053782
2010-08-06,9.029465
2010-08-09,9.090259
2010-08-10,8.997046
2010-08-11,8.782248
2010-08-12,8.660667
2010-08-13,8.620138
2010-08-16,8.636350
2010-08-17,8.729561
2010-08-18,8.778196
2010-08-19,8.672822
2010-08-20,8.652563
2010-08-23,8.575561
2010-08-24,8.458029
2010-08-25,8.510716
2010-08-26,8.425610
2010-08-27,8.526927
2010-08-30,8.413452
2010-08-31,8.385079
2010-09-01,8.599876
2010-09-02,8.676879
2010-09-03,8.806563
2010-09-07,8.733613
2010-09-08,8.782248
2010-09-09,8.806563
2010-09-10,8.810616
2010-09-13,8.968677
2010-09-14,9.005145
2010-09-15,9.061886
2010-09-16,9.114573
2010-09-17,9.163786
2010-09-20,9.298013
2010-09-21,9.281740
2010-09-22,9.236998
2010-09-23,9.224799
2010-09-24,9.403764
2010-09-27,9.407833
2010-09-28,9.420033
2010-09-29,9.399694
2010-09-30,9.363089
2010-10-01,9.367154
2010-10-04,9.289875
2010-10-05,9.472905
2010-10-06,9.428167
2010-10-07,9.428167
2010-10-08,9.481045
2010-10-11,9.497312
2010-10-12,9.554252
2010-10-13,9.631536
2010-10-14,9.635604
2010-10-15,9.798298
2010-10-18,9.863374
2010-10-19,9.688475
2010-10-20,9.769824
2010-10-21,9.777958
2010-10-22,9.806434
2010-10-25,9.834908
2010-10-26,9.859307
2010-10-27,9.887777
2010-10-28,9.887777
2010-10-29,9.904048
2010-11-01,9.912186
2010-11-02,10.009796
2010-11-03,10.066742
2010-11-04,10.217237
2010-11-05,10.209103
2010-11-08,10.217237
2010-11-09,10.188762
2010-11-10,10.196898
2010-11-11,10.042341
2010-11-12,9.899981
2010-11-15,9.871514
2010-11-16,9.692544
2010-11-17,9.696611
2010-11-18,9.859307
2010-11-19,9.887777
2010-11-22,9.944721
2010-11-23,9.798298
2010-11-24,9.960987
2010-11-26,9.863374
2010-11-29,9.838968
2010-11-30,9.741356
2010-12-01,9.948791
2010-12-02,10.066742
2010-12-03,10.091149
2010-12-06,10.091149
2010-12-07,10.103349
2010-12-08,10.188762
2010-12-09,10.196898
2010-12-10,10.245708
2010-12-13,10.225371
2010-12-14,10.241641
2010-12-15,10.200968
2010-12-16,10.217237
2010-12-17,10.237642
2010-12-20,10.245810
2010-12-21,10.307038
2010-12-22,10.294791
2010-12-23,10.290710
2010-12-27,10.311120
2010-12-28,10.298878
2010-12-29,10.319287
2010-12-30,10.294791
2010-12-31,10.282546
2011-01-03,10.396847
2011-01-04,10.437666
2011-01-05,10.498894
2011-01-06,10.560123
2011-01-07,10.511140
2011-01-10,10.519304
2011-01-11,10.502974
2011-01-12,10.596863
2011-01-13,10.588701
2011-01-14,10.682584
2011-01-18,10.694828
2011-01-19,10.617271
2011-01-20,10.560123
2011-01-21,10.498894
2011-01-24,10.645847
2011-01-25,10.694828
2011-01-26,10.756059
2011-01-27,10.792799
2011-01-28,10.543794
2011-01-31,10.609112
2011-02-01,10.788721
2011-02-02,10.809125
2011-02-03,10.825454
2011-02-04,10.894848
2011-02-07,10.947915
2011-02-08,10.992814
2011-02-09,10.972404
2011-02-10,10.923424
2011-02-11,10.980570
2011-02-14,10.996900
2011-02-15,10.956081
2011-02-16,11.017310
2011-02-17,11.037721
2011-02-18,11.021389
2011-02-22,10.751982
2011-02-23,10.625439
2011-02-24,10.662179
2011-02-25,10.796880
2011-02-28,10.841779
2011-03-01,10.633599
2011-03-02,10.698915
2011-03-03,10.870355
2011-03-04,10.784630
2011-03-07,10.645847
2011-03-08,10.735651
2011-03-09,10.690751
2011-03-10,10.490732
2011-03-11,10.531549
2011-03-14,10.482566
2011-03-15,10.327447
2011-03-16,10.074367
2011-03-17,10.180497
2011-03-18,10.198521
2011-03-21,10.370539
2011-03-22,10.354158
2011-03-23,10.411500
2011-03-24,10.575331
2011-03-25,10.599904
2011-03-28,10.575331
2011-03-29,10.649059
2011-03-30,10.694110
2011-03-31,10.673631
2011-04-01,10.653152
2011-04-04,10.616289
2011-04-05,10.599904
2011-04-06,10.677727
2011-04-07,10.681825
2011-04-08,10.620386
2011-04-11,10.604002
2011-04-12,10.517990
2011-04-13,10.583526
2011-04-14,10.563047
2011-04-15,10.542568
2011-04-18,10.448362
2011-04-19,10.477034
2011-04-20,10.698208
2011-04-21,10.792406
2011-04-25,10.800605
2011-04-26,10.890709
2011-04-27,10.956242
2011-04-28,10.960338
2011-04-29,10.952145
2011-05-02,10.911184
2011-05-03,10.915284
2011-05-04,10.882518
2011-05-05,10.825177
2011-05-06,10.845656
2011-05-09,10.890709
2011-05-10,10.989007
2011-05-11,10.890709
2011-05-12,10.972625
2011-05-13,10.837464
2011-05-16,10.681825
2011-05-17,10.681825
2011-05-18,10.759642
2011-05-19,10.780118
2011-05-20,10.718683
2011-05-23,10.567142
2011-05-24,10.534369
2011-05-25,10.567142
2011-05-26,10.636768
2011-05-27,10.690015
2011-05-31,10.837464
2011-06-01,10.612192
2011-06-02,10.620386
2011-06-03,10.460651
2011-06-06,10.382827
2011-06-07,10.350061
2011-06-08,10.280436
2011-06-09,10.288628
2011-06-10,10.145274
2011-06-13,10.153465
2011-06-14,10.280436
2011-06-15,10.087930
2011-06-16,10.063357
2011-06-17,10.054312
2011-06-20,10.091322
2011-06-21,10.272259
2011-06-22,10.198235
2011-06-23,10.268145
2011-06-24,10.091322
2011-06-27,10.227022
2011-06-28,10.354505
2011-06-29,10.436744
2011-06-30,10.568336
2011-07-01,10.741050
2011-07-05,10.757494
2011-07-06,10.806839
2011-07-07,10.938432
2011-07-08,10.884975
2011-07-11,10.704041
2011-07-12,10.609459
2011-07-13,10.634131
2011-07-14,10.543661
2011-07-15,10.658804
2011-07-18,10.621796
2011-07-19,10.876746
2011-07-20,10.843857
2011-07-21,10.893198
2011-07-22,10.987780
2011-07-25,10.958995
2011-07-26,11.008341
2011-07-27,10.716375
2011-07-28,10.699924
2011-07-29,10.613570
2011-08-01,10.605347
2011-08-02,10.383287
2011-08-03,10.490204
2011-08-04,10.066650
2011-08-05,10.004965
2011-08-08,9.441594
2011-08-09,9.873377
2011-08-10,9.486830
2011-08-11,9.848701
2011-08-12,9.918609
2011-08-15,10.095434
2011-08-16,10.021411
2011-08-17,9.976181
2011-08-18,9.490942
2011-08-19,9.260657
2011-08-22,9.310002
2011-08-23,9.651318
2011-08-24,9.737672
2011-08-25,9.597858
2011-08-26,9.787018
2011-08-29,10.033751
2011-08-30,10.074874
2011-08-31,10.050203
2011-09-01,9.939171
2011-09-02,9.712998
2011-09-06,9.667764
2011-09-07,9.918609
2011-09-08,9.869266
2011-09-09,9.659542
2011-09-12,9.774684
2011-09-13,9.889827
2011-09-14,10.037860
2011-09-15,10.198235
2011-09-16,10.311339
2011-09-19,10.286572
2011-09-20,10.261808
2011-09-21,10.109076
2011-09-22,9.795364
2011-09-23,9.906815
2011-09-26,10.030645
2011-09-27,10.158615
2011-09-28,10.014138
2011-09-29,9.993495
2011-09-30,9.741695
2011-10-03,9.522926
2011-10-04,9.716936
2011-10-05,9.919194
2011-10-06,10.067798
2011-10-07,10.030645
2011-10-10,10.340237
2011-10-11,10.385643
2011-10-12,10.431047
2011-10-13,10.546628
2011-10-14,10.732382
2011-10-17,10.563138
2011-10-18,10.658082
2011-10-19,10.451690
2011-10-20,10.406281
2011-10-21,10.538376
2011-10-24,10.703484
2011-10-25,10.534243
2011-10-26,10.579654
2011-10-27,10.893362
2011-10-28,10.930518
2011-10-31,10.736511
2011-11-01,10.439308
2011-11-02,10.567267
2011-11-03,10.819066
2011-11-04,10.753019
2011-11-07,10.819066
2011-11-08,10.942901
2011-11-09,10.563138
2011-11-10,10.596160
2011-11-11,10.798426
2011-11-14,10.715867
2011-11-15,10.860342
2011-11-16,10.699361
2011-11-17,10.492968
2011-11-18,10.406281
2011-11-21,10.224655
2011-11-22,10.208147
2011-11-23,9.964602
2011-11-25,9.910940
2011-11-28,10.237041
2011-11-29,10.183378
2011-11-30,10.575521
2011-12-01,10.633312
2011-12-02,10.625058
2011-12-05,10.744764
2011-12-06,10.740638
2011-12-07,10.753019
2011-12-08,10.583776
2011-12-09,10.748893
2011-12-12,10.612674
2011-12-13,10.513606
2011-12-14,10.352618
2011-12-15,10.327853
2011-12-16,10.356457
2011-12-19,10.256955
2011-12-20,10.547174
2011-12-21,10.373041
2011-12-22,10.493279
2011-12-23,10.596920
2011-12-27,10.613504
2011-12-28,10.505712
2011-12-29,10.584486
2011-12-30,10.551319
2012-01-03,10.700567
2012-01-04,10.729589
2012-01-05,10.762758
2012-01-06,10.766905
2012-01-09,10.750319
2012-01-10,10.787630
2012-01-11,10.820800
2012-01-12,10.874697
2012-01-13,10.812505
2012-01-17,10.862258
2012-01-18,11.019802
2012-01-19,11.098574
2012-01-20,11.111010
2012-01-23,11.148325
2012-01-24,11.140034
2012-01-25,11.227098
2012-01-26,11.152472
2012-01-27,11.152472
2012-01-30,11.185638
2012-01-31,11.206370
2012-02-01,11.318309
2012-02-02,11.347327
2012-02-03,11.492434
2012-02-06,11.496582
2012-02-07,11.525605
2012-02-08,11.596082
2012-02-09,11.708022
2012-02-10,11.620959
2012-02-13,11.695585
2012-02-14,11.716317
2012-02-15,11.654129
2012-02-16,11.824109
2012-02-17,11.824109
2012-02-21,11.873861
2012-02-22,11.832397
2012-02-23,11.878008
2012-02-24,11.948487
2012-02-27,11.969215
2012-02-28,12.056279
2012-02-29,12.002382
2012-03-01,12.072862
2012-03-02,12.056279
2012-03-05,11.952633
2012-03-06,11.836548
2012-03-07,11.923612
2012-03-08,12.043839
2012-03-09,12.097734
2012-03-12,12.114317
2012-03-13,12.354783
2012-03-14,12.400385
2012-03-15,12.433558
2012-03-16,12.427735
2012-03-19,12.519236
2012-03-20,12.506757
2012-03-21,12.502599
2012-03-22,12.473484
2012-03-23,12.473484
2012-03-26,12.656490
2012-03-27,12.652333
2012-03-28,12.606577
2012-03-29,12.581626
2012-03-30,12.544189
2012-04-02,12.677282
2012-04-03,12.668962
2012-04-04,12.519236
2012-04-05,12.548350
2012-04-09,12.461003
2012-04-10,12.286318
2012-04-11,12.357028
2012-04-12,12.510919
2012-04-13,12.315434
2012-04-16,12.186499
2012-04-17,12.452688
2012-04-18,12.361186
2012-04-19,12.223933
2012-04-20,12.178179
2012-04-23,12.082518
2012-04-24,12.057562
2012-04-25,12.398622
2012-04-26,12.494282
2012-04-27,12.490120
2012-04-30,12.402781
2012-05-01,12.444370
2012-05-02,12.452688
2012-05-03,12.348709
2012-05-04,12.090834
2012-05-07,12.057562
2012-05-08,12.015970
2012-05-09,12.015970
2012-05-10,11.924469
2012-05-11,11.932785
2012-05-14,11.828805
2012-05-15,11.795533
2012-05-16,11.699871
2012-05-17,11.533504
2012-05-18,11.425363
2012-05-21,11.708184
2012-05-22,11.670755
2012-05-23,11.683230
2012-05-24,11.616685
2012-05-25,11.591728
2012-05-29,11.745619
2012-05-30,11.670755
2012-05-31,11.616685
2012-06-01,11.313066
2012-06-04,11.379609
2012-06-05,11.450319
2012-06-06,11.712348
2012-06-07,11.654119
2012-06-08,11.783052
2012-06-11,11.616685
2012-06-12,11.733144
2012-06-13,11.662438
2012-06-14,11.720664
2012-06-15,11.845510
2012-06-18,11.933193
2012-06-19,12.025048
2012-06-20,12.045927
2012-06-21,11.762002
2012-06-22,11.891436
2012-06-25,11.649268
2012-06-26,11.695200
2012-06-27,11.766175
2012-06-28,11.670143
2012-06-29,11.995819
2012-07-02,12.062628
2012-07-03,12.158664
2012-07-05,12.158664
2012-07-06,11.979119
2012-07-09,11.954067
2012-07-10,11.820457
2012-07-11,11.766175
2012-07-12,11.649268
2012-07-13,11.803755
2012-07-16,11.791231
2012-07-17,11.837158
2012-07-18,12.041750
2012-07-19,12.146132
2012-07-20,12.008352
2012-07-23,11.891436
2012-07-24,11.770351
2012-07-25,11.724422
2012-07-26,11.903961
2012-07-27,12.162838
2012-07-30,12.167012
2012-07-31,12.217113
2012-08-01,12.175363
2012-08-02,12.096029
2012-08-03,12.334028
2012-08-06,12.421711
2012-08-07,12.505218
2012-08-08,12.509389
2012-08-09,12.551147
2012-08-10,12.580370
2012-08-13,12.617951
2012-08-14,12.592899
2012-08-15,12.597076
2012-08-16,12.768264
2012-08-17,12.839245
2012-08-20,12.851772
2012-08-21,12.768264
2012-08-22,12.789141
2012-08-23,12.684758
2012-08-24,12.764088
2012-08-27,12.776616
2012-08-28,12.747388
2012-08-29,12.772441
2012-08-30,12.630480
2012-08-31,12.730687
2012-09-04,12.730687
2012-09-05,12.718156
2012-09-06,13.002084
2012-09-07,12.981207
2012-09-10,12.843421
2012-09-11,12.876822
2012-09-12,12.947805
2012-09-13,13.123168
2012-09-14,13.185801
2012-09-17,13.198327
2012-09-18,13.206680
2012-09-19,13.219205
2012-09-20,13.194152
2012-09-21,13.210923
2012-09-24,13.127071
2012-09-25,12.942594
2012-09-26,12.850357
2012-09-27,13.018062
2012-09-28,12.925826
2012-10-01,12.896477
2012-10-02,12.913246
2012-10-03,12.980326
2012-10-04,13.018062
2012-10-05,12.950978
2012-10-08,12.816818
2012-10-09,12.653305
2012-10-10,12.602992
2012-10-11,12.552682
2012-10-12,12.544299
2012-10-15,12.607185
2012-10-16,12.779081
2012-10-17,12.712003
2012-10-18,12.565259
2012-10-19,12.280162
2012-10-22,12.364014
2012-10-23,12.229854
2012-10-24,12.158579
2012-10-25,12.133417
2012-10-26,12.154385
2012-10-31,12.104072
2012-11-01,12.301125
2012-11-02,12.141802
2012-11-05,12.208889
2012-11-06,12.263393
2012-11-07,11.957335
2012-11-08,11.785438
2012-11-09,11.839936
2012-11-12,11.823169
2012-11-13,11.764469
2012-11-14,11.647079
2012-11-15,11.579994
2012-11-16,11.596765
2012-11-19,11.915407
2012-11-20,11.865090
2012-11-21,11.902825
2012-11-23,12.095687
2012-11-26,12.150193
2012-11-27,12.095687
2012-11-28,12.166962
2012-11-29,12.225659
2012-11-30,12.213081
2012-12-03,12.196308
2012-12-04,12.175345
2012-12-05,12.053763
2012-12-06,12.125037
2012-12-07,12.062147
2012-12-10,12.091495
2012-12-11,12.255006
2012-12-12,12.234041
2012-12-13,12.145998
2012-12-14,12.028604
2012-12-17,12.175345
2012-12-18,12.355628
2012-12-19,12.292741
2012-12-20,12.313700
2012-12-21,12.207441
2012-12-24,12.173707
2012-12-26,12.106240
2012-12-27,12.093589
2012-12-28,11.958656
2012-12-31,12.165274
2013-01-02,12.570081
2013-01-03,12.489964
2013-01-04,12.439362
2013-01-07,12.422494
2013-01-08,12.376112
2013-01-09,12.397193
2013-01-10,12.460443
2013-01-11,12.477314
2013-01-14,12.397193
2013-01-15,12.317076
2013-01-16,12.359242
2013-01-17,12.409842
2013-01-18,12.392980
2013-01-22,12.426710
2013-01-23,12.557433
2013-01-24,12.342380
2013-01-25,12.355027
2013-01-28,12.397193
2013-01-29,12.414064
2013-01-30,12.376112
2013-01-31,12.397193
2013-02-01,12.536348
2013-02-04,12.371893
2013-02-05,12.515265
2013-02-06,12.511047
2013-02-07,12.511047
2013-02-08,12.620681
2013-02-11,12.645980
2013-02-12,12.603819
2013-02-13,12.599598
2013-02-14,12.565864
2013-02-15,12.557433
2013-02-19,12.641765
2013-02-20,12.468880
2013-02-21,12.367678
2013-02-22,12.519484
2013-02-25,12.342380
2013-02-26,12.414064
2013-02-27,12.519484
2013-02-28,12.494177
2013-03-01,12.515265
2013-03-04,12.553212
2013-03-05,12.726100
2013-03-06,12.717666
2013-03-07,12.747182
2013-03-08,12.772482
2013-03-11,12.801996
2013-03-12,12.755619
2013-03-13,12.747182
2013-03-14,12.839953
2013-03-15,12.786608
2013-03-18,12.790837
2013-03-19,12.773902
2013-03-20,12.837411
2013-03-21,12.693456
2013-03-22,12.773902
2013-03-25,12.744266
2013-03-26,12.824706
2013-03-27,12.790837
2013-03-28,12.816242
2013-04-01,12.731563
2013-04-02,12.782369
2013-04-03,12.680755
2013-04-04,12.684986
2013-04-05,12.587607
2013-04-08,12.642649
2013-04-09,12.731563
2013-04-10,12.955963
2013-04-11,12.913624
2013-04-12,12.858583
2013-04-15,12.646882
2013-04-16,12.803540
2013-04-17,12.541035
2013-04-18,12.409779
2013-04-19,12.426716
2013-04-22,12.524096
2013-04-23,12.659583
2013-04-24,12.680755
2013-04-25,12.723098
2013-04-26,12.718862
2013-04-29,12.900923
2013-04-30,13.040640
2013-05-01,12.926326
2013-05-02,13.091451
2013-05-03,13.214233
2013-05-06,13.277746
2013-05-07,13.269279
2013-05-08,13.375122
2013-05-09,13.337014
2013-05-10,13.375122
2013-05-13,13.341255
2013-05-14,13.383595
2013-05-15,13.425931
2013-05-16,13.497913
2013-05-17,13.633400
2013-05-20,13.633400
2013-05-21,13.591058
2013-05-22,13.442873
2013-05-23,13.438636
2013-05-24,13.417465
2013-05-28,13.480976
2013-05-29,13.447104
2013-05-30,13.531783
2013-05-31,13.404766
2013-06-03,13.472505
2013-06-04,13.413233
2013-06-05,13.281981
2013-06-06,13.311615
2013-06-07,13.434403
2013-06-10,13.464040
2013-06-11,13.324319
2013-06-12,13.235405
2013-06-13,13.387828
2013-06-14,13.286211
2013-06-17,13.408999
2013-06-18,13.514846
2013-06-19,13.358187
2013-06-20,13.061813
2013-06-21,12.983088
2013-06-24,12.825642
2013-06-25,12.932022
2013-06-26,13.008621
2013-06-27,13.072452
2013-06-28,13.017132
2013-07-01,13.085216
2013-07-02,13.106491
2013-07-03,13.183089
2013-07-05,13.268193
2013-07-08,13.259684
2013-07-09,13.310746
2013-07-10,13.353303
2013-07-11,13.578835
2013-07-12,13.587350
2013-07-15,13.625648
2013-07-16,13.634156
2013-07-17,13.646920
2013-07-18,13.612880
2013-07-19,13.383095
2013-07-22,13.421391
2013-07-23,13.366069
2013-07-24,13.455433
2013-07-25,13.463943
2013-07-26,13.502242
2013-07-29,13.480963
2013-07-30,13.549048
2013-07-31,13.502242
2013-08-01,13.646920
2013-08-02,13.706495
2013-08-05,13.736286
2013-08-06,13.663947
2013-08-07,13.629899
2013-08-08,13.672455
2013-08-09,13.604369
2013-08-12,13.693731
2013-08-13,13.787349
2013-08-14,13.774584
2013-08-15,13.553305
2013-08-16,13.540538
2013-08-19,13.497987
2013-08-20,13.519264
2013-08-21,13.489478
2013-08-22,13.549048
2013-08-23,13.646920
2013-08-26,13.583091
2013-08-27,13.344793
2013-08-28,13.353303
2013-08-29,13.425641
2013-08-30,13.361816
2013-09-03,13.374579
2013-09-04,13.502242
2013-09-05,13.510754
2013-09-06,13.519264
2013-09-09,13.680964
2013-09-10,13.766072
2013-09-11,13.702245
2013-09-12,13.715005
2013-09-13,13.727774
2013-09-16,13.706495
2013-09-17,13.774584
2013-09-18,13.949053
2013-09-19,13.957566
2013-09-20,13.858366
2013-09-23,13.901122
2013-09-24,13.841256
2013-09-25,13.819878
2013-09-26,13.871189
2013-09-27,13.785670
2013-09-30,13.700151
2013-10-01,13.819878
2013-10-02,13.824155
2013-10-03,13.704429
2013-10-04,13.760015
2013-10-07,13.700151
2013-10-08,13.482079
2013-10-09,13.533388
2013-10-10,13.760015
2013-10-11,13.875467
2013-10-14,13.922499
2013-10-15,13.836985
2013-10-16,13.969536
2013-10-17,13.973815
2013-10-18,14.213264
2013-10-21,14.290235
2013-10-22,14.285960
2013-10-23,14.217543
2013-10-24,14.251749
2013-10-25,14.324440
2013-10-28,14.371477
2013-10-29,14.465546
2013-10-30,14.435616
2013-10-31,14.388580
2013-11-01,14.392859
2013-11-04,14.448441
2013-11-05,14.409958
2013-11-06,14.555341
2013-11-07,14.367203
2013-11-08,14.495481
2013-11-11,14.512583
2013-11-12,14.551064
2013-11-13,14.675071
2013-11-14,14.636583
2013-11-15,14.666512
2013-11-18,14.610929
2013-11-19,14.559621
2013-11-20,14.512583
2013-11-21,14.636583
2013-11-22,14.606653
2013-11-25,14.606653
2013-11-26,14.657963
2013-11-27,14.773418
2013-11-29,14.833284
2013-12-02,14.786247
2013-12-03,14.820452
2013-12-04,14.833284
2013-12-05,14.786247
2013-12-06,14.888865
2013-12-09,14.935901
2013-12-10,14.905972
2013-12-11,14.769145
2013-12-12,14.670792
2013-12-13,14.623757
2013-12-16,14.769145
2013-12-17,14.764867
2013-12-18,14.880313
2013-12-19,14.905972
2013-12-20,15.022425
2013-12-23,15.220084
2013-12-24,15.263054
2013-12-26,15.301726
2013-12-27,15.288845
2013-12-30,15.258759
2013-12-31,15.357592
2014-01-02,15.207193
2014-01-03,15.134137
2014-01-06,15.108363
2014-01-07,15.245862
2014-01-08,15.245862
2014-01-09,15.147035
2014-01-10,15.177111
2014-01-13,15.013826
2014-01-14,15.267350
2014-01-15,15.452121
2014-01-16,15.447827
2014-01-17,15.361882
2014-01-21,15.439232
2014-01-22,15.422041
2014-01-23,15.391965
2014-01-24,15.095472
2014-01-27,14.953667
2014-01-28,14.863431
2014-01-29,14.747411
2014-01-30,14.927885
2014-01-31,14.962260
2014-02-03,14.648582
2014-02-04,14.704441
2014-02-05,14.717331
2014-02-06,14.880622
2014-02-07,15.082581
2014-02-10,15.112659
2014-02-11,15.297427
2014-02-12,15.357592
2014-02-13,15.469316
2014-02-14,15.499393
2014-02-18,15.507987
2014-02-19,15.456419
2014-02-20,15.507987
2014-02-21,15.447827
2014-02-24,15.507987
2014-02-25,15.465012
2014-02-26,15.477907
2014-02-27,15.602520
2014-02-28,15.619708
2014-03-03,15.452121
2014-03-04,15.654086
2014-03-05,15.675564
2014-03-06,15.697058
2014-03-07,15.649786
2014-03-10,15.624004
2014-03-11,15.589623
2014-03-12,15.615417
2014-03-13,15.404860
2014-03-14,15.310328
2014-03-17,15.490792
2014-03-18,15.692758
2014-03-19,15.628298
2014-03-20,15.748614
2014-03-21,15.669645
2014-03-24,15.656694
2014-03-25,15.751640
2014-03-26,15.561755
2014-03-27,15.505655
2014-03-28,15.566073
2014-03-31,15.686907
2014-04-01,15.872473
2014-04-02,15.881106
2014-04-03,15.803428
2014-04-04,15.501341
2014-04-07,15.380500
2014-04-08,15.518599
2014-04-09,15.725746
2014-04-10,15.363241
2014-04-11,15.190620
2014-04-14,15.341663
2014-04-15,15.419345
2014-04-16,15.570389
2014-04-17,15.548810
2014-04-21,15.609228
2014-04-22,15.673959
2014-04-23,15.505655
2014-04-24,15.626493
2014-04-25,15.427972
2014-04-28,15.574704
2014-04-29,15.682597
2014-04-30,15.730058
2014-05-01,15.747323
2014-05-02,15.704168
2014-05-05,15.786163
2014-05-06,15.609228
2014-05-07,15.617864
2014-05-08,15.661006
2014-05-09,15.678278
2014-05-12,15.889736
2014-05-13,15.898376
2014-05-14,15.825003
2014-05-15,15.730058
2014-05-16,15.829315
2014-05-19,15.932888
2014-05-20,15.842262
2014-05-21,15.950151
2014-05-22,15.980362
2014-05-23,16.114147
2014-05-27,16.252241
2014-05-28,16.209080
2014-05-29,16.304026
2014-05-30,16.321285
2014-06-02,16.295397
2014-06-03,16.269506
2014-06-04,16.299711
2014-06-05,16.407598
2014-06-06,16.480955
2014-06-09,16.532745
2014-06-10,16.541380
2014-06-11,16.502535
2014-06-12,16.360126
2014-06-13,16.455074
2014-06-16,16.455074
2014-06-17,16.493910
2014-06-18,16.580223
2014-06-19,16.550003
2014-06-20,16.513590
2014-06-23,16.561289
2014-06-24,16.474579
2014-06-25,16.539604
2014-06-26,16.522266
2014-06-27,16.621979
2014-06-30,16.626308
2014-07-01,16.795399
2014-07-02,16.812737
2014-07-03,16.886440
2014-07-07,16.903782
2014-07-08,16.752043
2014-07-09,16.834415
2014-07-10,16.786726
2014-07-11,16.873436
2014-07-14,16.994829
2014-07-15,16.964485
2014-07-16,17.120550
2014-07-17,16.899448
2014-07-18,17.103216
2014-07-21,17.081530
2014-07-22,17.224604
2014-07-23,17.254944
2014-07-24,17.241941
2014-07-25,17.220259
2014-07-28,17.250608
2014-07-29,17.215929
2014-07-30,17.233273
2014-07-31,16.908117
2014-08-01,16.817068
2014-08-04,16.938463
2014-08-05,16.778057
2014-08-06,16.726030
2014-08-07,16.656662
2014-08-08,16.765045
2014-08-11,16.847425
2014-08-12,16.838753
2014-08-13,17.003492
2014-08-14,17.033840
2014-08-15,17.033840
2014-08-18,17.194260
2014-08-19,17.302639
2014-08-20,17.302639
2014-08-21,17.385006
2014-08-22,17.389349
2014-08-25,17.406677
2014-08-26,17.415359
2014-08-27,17.411026
2014-08-28,17.385006
2014-08-29,17.463053
2014-09-02,17.467386
2014-09-03,17.372005
2014-09-04,17.363331
2014-09-05,17.467386
2014-09-08,17.493389
2014-09-09,17.367668
2014-09-10,17.471720
2014-09-11,17.510738
2014-09-12,17.437037
2014-09-15,17.332985
2014-09-16,17.463053
2014-09-17,17.497734
2014-09-18,17.601784
2014-09-19,17.564335
2014-09-22,17.446783
2014-09-23,17.407591
2014-09-24,17.520796
2014-09-25,17.137644
2014-09-26,17.324863
2014-09-29,17.320509
2014-09-30,17.372765
2014-10-01,17.102808
2014-10-02,17.094095
2014-10-03,17.233433
2014-10-06,17.237785
2014-10-07,16.967833
2014-10-08,17.290028
2014-10-09,17.002663
2014-10-10,16.567257
2014-10-13,16.384388
2014-10-14,16.410505
2014-10-15,16.297300
2014-10-16,16.201508
2014-10-17,16.393089
2014-10-20,16.510653
2014-10-21,16.832851
2014-10-22,16.754467
2014-10-23,16.941702
2014-10-24,17.089745
2014-10-27,17.107159
2014-10-28,17.342281
2014-10-29,17.324863
2014-10-30,17.381464
2014-10-31,17.651417
2014-11-03,17.725439
2014-11-04,17.721081
2014-11-05,17.768978
2014-11-06,17.760271
2014-11-07,17.782042
2014-11-10,17.829933
2014-11-11,17.838636
2014-11-12,17.895245
2014-11-13,17.991035
2014-11-14,18.117298
2014-11-17,18.082466
2014-11-18,18.143427
2014-11-19,18.025862
2014-11-20,18.117298
2014-11-21,18.143427
2014-11-24,18.239218
2014-11-25,18.247927
2014-11-26,18.413385
2014-11-28,18.500462
2014-12-01,18.291468
2014-12-02,18.295824
2014-12-03,18.361128
2014-12-04,18.361128
2014-12-05,18.339365
2014-12-08,18.152140
2014-12-09,18.147783
2014-12-10,17.873472
2014-12-11,17.951849
2014-12-12,17.686251
2014-12-15,17.577398
2014-12-16,17.342281
2014-12-17,17.668833
2014-12-18,18.173908
2014-12-19,18.194042
2014-12-22,18.412868
2014-12-23,18.461023
2014-12-24,18.443506
2014-12-26,18.522293
2014-12-29,18.430386
2014-12-30,18.299082
2014-12-31,18.097752
2015-01-02,18.062740
2015-01-05,17.787004
2015-01-06,17.572544
2015-01-07,17.721357
2015-01-08,18.110886
2015-01-09,18.053984
2015-01-12,17.843904
2015-01-13,17.830772
2015-01-14,17.730110
2015-01-15,17.502518
2015-01-16,17.673212
2015-01-20,17.822023
2015-01-21,17.852652
2015-01-22,18.145897
2015-01-23,18.141521
2015-01-26,18.067120
2015-01-27,17.546288
2015-01-28,17.515644
2015-01-29,17.681965
2015-01-30,17.463131
2015-02-02,17.642578
2015-02-03,17.843904
2015-02-04,17.878920
2015-02-05,18.045231
2015-02-06,17.988338
2015-02-09,17.962074
2015-02-10,18.229055
2015-02-11,18.299082
2015-02-12,18.548555
2015-02-13,18.666725
2015-02-17,18.675482
2015-02-18,18.692986
2015-02-19,18.758642
2015-02-20,18.854923
2015-02-23,18.868055
2015-02-24,18.924950
2015-02-25,18.806776
2015-02-26,18.924950
2015-02-27,18.859306
2015-03-02,19.008110
2015-03-03,18.881182
2015-03-04,18.806776
2015-03-05,18.784897
2015-03-06,18.552929
2015-03-09,18.640472
2015-03-10,18.259693
2015-03-11,18.141521
2015-03-12,18.259693
2015-03-13,18.159029
2015-03-16,18.373486
2015-03-17,18.377863
2015-03-18,18.627340
2015-03-19,18.574816
2015-03-20,18.694792
2015-03-23,18.694792
2015-03-24,18.633266
2015-03-25,18.154251
2015-03-26,18.167435
2015-03-27,18.180616
2015-03-30,18.400349
2015-03-31,18.211372
2015-04-01,18.185015
2015-04-02,18.180616
2015-04-06,18.356392
2015-04-07,18.316849
2015-04-08,18.373981
2015-04-09,18.422318
2015-04-10,18.492636
2015-04-13,18.439898
2015-04-14,18.382769
2015-04-15,18.545374
2015-04-16,18.479446
2015-04-17,18.224567
2015-04-20,18.536585
2015-04-21,18.527788
2015-04-22,18.716768
2015-04-23,18.791471
2015-04-24,18.954067
2015-04-27,19.006813
2015-04-28,19.068329
2015-04-29,18.976051
2015-04-30,18.712366
2015-05-01,18.940886
2015-05-04,18.958464
2015-05-05,18.664026
2015-05-06,18.505821
2015-05-07,18.642054
2015-05-08,18.910124
2015-05-11,18.813450
2015-05-12,18.712366
2015-05-13,18.791471
2015-05-14,19.094700
2015-05-15,19.033180
2015-05-18,19.125463
2015-05-19,19.077122
2015-05-20,19.090307
2015-05-21,19.173805
2015-05-22,19.160616
2015-05-26,18.883753
2015-05-27,19.239723
2015-05-28,19.200169
2015-05-29,19.059546
2015-06-01,19.112276
2015-06-02,19.072729
2015-06-03,19.112276
2015-06-04,18.936499
2015-06-05,18.874966
2015-06-08,18.664026
2015-06-09,18.620073
2015-06-10,18.910124
2015-06-11,18.918911
2015-06-12,18.751921
2015-06-15,18.637659
2015-06-16,18.760704
2015-06-17,18.769497
2015-06-18,18.936499
2015-06-19,18.778900
2015-06-22,18.933405
2015-06-23,18.946648
2015-06-24,18.858360
2015-06-25,18.814217
2015-06-26,18.655294
2015-06-29,18.257996
2015-06-30,18.275660
2015-07-01,18.399263
2015-07-02,18.425743
2015-07-06,18.350708
2015-07-07,18.377188
2015-07-08,18.077013
2015-07-09,18.006374
2015-07-10,18.293310
2015-07-13,18.571415
2015-07-14,18.642057
2015-07-15,18.646471
2015-07-16,18.884844
2015-07-17,19.176195
2015-07-20,19.277723
2015-07-21,19.149706
2015-07-22,18.840704
2015-07-23,18.800974
2015-07-24,18.699440
2015-07-27,18.531691
2015-07-28,18.699440
2015-07-29,18.823042
2015-07-30,18.858360
2015-07-31,18.796551
2015-08-03,18.695026
2015-08-04,18.584661
2015-08-05,18.765654
2015-08-06,18.580250
2015-08-07,18.593494
2015-08-10,18.884844
2015-08-11,18.602320
2015-08-12,18.686195
2015-08-13,18.633221
2015-08-14,18.725927
2015-08-17,18.831871
2015-08-18,18.734753
2015-08-19,18.611147
2015-08-20,18.156475
2015-08-21,17.463404
2015-08-24,16.774759
2015-08-25,16.642326
2015-08-26,17.481064
2015-08-27,17.887188
2015-08-28,17.922501
2015-08-31,17.759169
2015-09-01,17.189709
2015-09-02,17.604666
2015-09-03,17.617910
2015-09-04,17.348629
2015-09-08,17.834215
2015-09-09,17.600250
2015-09-10,17.776829
2015-09-11,17.860706
2015-09-14,17.816563
2015-09-15,18.046110
2015-09-16,18.121147
2015-09-17,17.997549
2015-09-18,17.763863
2015-09-21,17.941233
2015-09-22,17.639700
2015-09-23,17.684044
2015-09-24,17.684044
2015-09-25,17.653011
2015-09-28,17.249479
2015-09-29,17.174099
2015-09-30,17.515539
2015-10-01,17.524405
2015-10-02,17.772726
2015-10-05,18.123034
2015-10-06,18.145208
2015-10-07,18.229460
2015-10-08,18.313711
2015-10-09,18.393532
2015-10-12,18.415707
2015-10-13,18.375792
2015-10-14,18.340324
2015-10-15,18.575346
2015-10-16,18.610811
2015-10-19,18.681767
2015-10-20,18.632978
2015-10-21,18.491081
2015-10-22,18.907907
2015-10-23,19.435598
2015-10-26,19.360205
2015-10-27,19.249357
2015-10-28,19.537586
2015-10-29,19.484377
2015-10-30,19.355774
2015-11-02,19.528721
2015-11-03,19.630701
2015-11-04,19.652878
2015-11-05,19.595234
2015-11-06,19.661745
2015-11-09,19.471077
2015-11-10,19.342476
2015-11-11,19.333603
2015-11-12,19.165108
2015-11-13,18.788183
2015-11-16,19.076416
2015-11-17,19.080851
2015-11-18,19.369083
2015-11-19,19.457769
2015-11-20,19.599667
2015-11-23,19.484377
2015-11-24,19.488806
2015-11-25,19.426727
2015-11-27,19.471077
2015-11-30,19.493244
2015-12-01,19.666180
2015-12-02,19.542021
2015-12-03,19.289261
2015-12-04,19.763731
2015-12-07,19.666180
2015-12-08,19.617407
2015-12-09,19.329180
2015-12-10,19.382385
2015-12-11,18.978861
2015-12-14,19.125195
2015-12-15,19.209444
2015-12-16,19.471077
2015-12-17,19.165108
2015-12-18,18.793427
2015-12-21,18.985058
2015-12-22,19.123213
2015-12-23,19.283646
2015-12-24,19.274734
2015-12-28,19.261370
2015-12-29,19.524311
2015-12-30,19.359415
2015-12-31,19.087561
2016-01-04,18.837984
2016-01-05,18.788971
2016-01-06,18.557220
2016-01-07,18.009062
2016-01-08,17.866453
2016-01-11,17.982325
2016-01-12,18.196239
2016-01-13,17.706018
2016-01-14,18.040258
2016-01-15,17.532207
2016-01-19,17.550034
2016-01-20,17.411884
2016-01-21,17.509926
2016-01-22,17.995689
2016-01-25,17.786236
2016-01-26,17.960047
2016-01-27,17.590149
2016-01-28,17.817432
2016-01-29,18.378960
2016-02-01,18.445810
2016-02-02,18.116024
2016-02-03,18.093742
2016-02-04,18.111565
2016-02-05,17.603516
2016-02-08,17.349491
2016-02-09,17.269279
2016-02-10,17.296007
2016-02-11,17.260359
2016-02-12,17.501017
2016-02-16,17.812977
2016-02-17,18.178417
2016-02-18,18.107107
2016-02-19,18.120480
2016-02-22,18.361134
2016-02-23,18.071457
2016-02-24,18.209608
2016-02-25,18.436901
2016-02-26,18.387871
2016-02-29,18.258627
2016-03-01,18.802336
2016-03-02,18.855820
2016-03-03,18.855820
2016-03-04,18.904833
2016-03-07,18.788971
2016-03-08,18.673088
2016-03-09,18.833529
2016-03-10,18.815701
2016-03-11,19.105381
2016-03-14,19.127668
2016-03-15,19.198969
2016-03-16,19.421803
2016-03-17,19.493103
2016-03-18,19.524464
2016-03-21,19.591644
2016-03-22,19.596130
2016-03-23,19.484148
2016-03-24,19.537903
2016-03-28,19.488625
2016-03-29,19.793215
2016-03-30,19.909664
2016-03-31,19.869354
2016-04-01,20.021641
2016-04-04,19.945496
2016-04-05,19.752901
2016-04-06,19.945496
2016-04-07,19.658833
2016-04-08,19.658833
2016-04-11,19.605091
2016-04-12,19.739456
2016-04-13,19.941019
2016-04-14,19.936535
2016-04-15,19.860394
2016-04-18,19.945496
2016-04-19,19.833517
2016-04-20,19.873831
2016-04-21,19.802174
2016-04-22,19.457279
2016-04-25,19.461756
2016-04-26,19.367695
2016-04-27,19.278109
2016-04-28,19.036243
2016-04-29,18.870516
2016-05-02,19.009365
2016-05-03,18.834679
2016-05-04,18.776451
2016-05-05,18.785410
2016-05-06,18.924259
2016-05-09,18.924259
2016-05-10,19.170612
2016-05-11,19.031761
2016-05-12,18.978014
2016-05-13,18.906342
2016-05-16,19.170612
2016-05-17,18.978014
2016-05-18,19.013840
2016-05-19,18.910814
2016-05-20,19.139259
2016-05-23,19.103424
2016-05-24,19.461756
2016-05-25,19.596130
2016-05-26,19.658833
2016-05-27,19.752901
2016-05-31,19.793215
2016-06-01,19.743935
2016-06-02,19.726025
2016-06-03,19.681229
2016-06-06,19.717064
2016-06-07,19.797684
2016-06-08,19.837999
2016-06-09,19.842474
2016-06-10,19.690191
2016-06-13,19.470711
2016-06-14,19.515503
2016-06-15,19.466230
2016-06-16,19.506544
2016-06-17,19.376469
2016-06-20,19.457485
2016-06-21,19.592514
2016-06-22,19.524998
2016-06-23,19.790554
2016-06-24,19.029898
2016-06-27,18.647322
2016-06-28,19.016392
2016-06-29,19.308958
2016-06-30,19.520500
2016-07-01,19.565504
2016-07-05,19.421480
2016-07-06,19.556509
2016-07-07,19.556509
2016-07-08,19.862568
2016-07-11,19.979595
2016-07-12,20.141624
2016-07-13,20.146124
2016-07-14,20.276653
2016-07-15,20.258652
2016-07-18,20.393671
2016-07-19,20.348669
2016-07-20,20.614223
2016-07-21,20.506201
2016-07-22,20.627724
2016-07-25,20.600719
2016-07-26,20.645727
2016-07-27,20.816761
2016-07-28,20.830269
2016-07-29,20.906784
2016-08-01,20.947290
2016-08-02,20.789761
2016-08-03,20.861767
2016-08-04,20.974297
2016-08-05,21.176836
2016-08-08,21.172338
2016-08-09,21.217344
2016-08-10,21.149834
2016-08-11,21.226351
2016-08-12,21.203835
2016-08-15,21.307369
2016-08-16,21.149834
2016-08-17,21.140829
2016-08-18,21.149834
2016-08-19,21.163336
2016-08-22,21.163336
2016-08-23,21.239847
2016-08-24,21.122829
2016-08-25,21.167831
2016-08-26,21.176836
2016-08-29,21.257854
2016-08-30,21.185841
2016-08-31,21.149834
2016-09-01,21.217344
2016-09-02,21.311861
2016-09-06,21.419893
2016-09-07,21.473898
2016-09-08,21.298368
2016-09-09,20.776249
2016-09-12,21.122829
2016-09-13,20.969799
2016-09-14,21.068819
2016-09-15,21.415386
2016-09-16,21.336742
2016-09-19,21.296074
2016-09-20,21.282513
2016-09-21,21.522051
2016-09-22,21.653112
2016-09-23,21.463291
2016-09-26,21.336742
2016-09-27,21.571768
2016-09-28,21.612436
2016-09-29,21.481369
2016-09-30,21.594357
2016-10-03,21.531082
2016-10-04,21.454258
2016-10-05,21.531082
2016-10-06,21.580803
2016-10-07,21.522051
2016-10-10,21.671192
2016-10-11,21.427139
2016-10-12,21.463291
2016-10-13,21.327705
2016-10-14,21.409054
2016-10-17,21.363867
2016-10-18,21.481369
2016-10-19,21.522051
2016-10-20,21.422609
2016-10-21,21.481369
2016-10-24,21.689270
2016-10-25,21.612436
2016-10-26,21.490410
2016-10-27,21.463291
2016-10-28,21.440697
2016-10-31,21.431660
2016-11-01,21.246355
2016-11-02,21.110769
2016-11-03,20.907389
2016-11-04,20.871227
2016-11-07,21.323189
2016-11-08,21.427139
2016-11-09,21.400021
2016-11-10,21.056532
2016-11-11,21.119812
2016-11-14,20.798922
2016-11-15,21.092691
2016-11-16,21.287027
2016-11-17,21.422609
2016-11-18,21.404541
2016-11-21,21.621475
2016-11-22,21.689270
2016-11-23,21.603403
2016-11-25,21.693790
2016-11-28,21.711866
2016-11-29,21.725424
2016-11-30,21.467812
2016-12-01,21.024897
2016-12-02,21.101725
2016-12-05,21.305109
2016-12-06,21.368378
2016-12-07,21.775137
2016-12-08,21.829370
2016-12-09,21.987560
2016-12-12,21.919769
2016-12-13,22.195457
2016-12-14,22.118629
2016-12-15,22.218054
2016-12-16,22.057364
2016-12-19,22.216244
2016-12-20,22.297949
2016-12-21,22.252562
2016-12-22,22.207163
2016-12-23,22.229860
2016-12-27,22.320648
2016-12-28,22.120913
2016-12-29,22.125448
2016-12-30,21.952955
2017-01-03,22.148151
2017-01-04,22.225323
2017-01-05,22.261637
2017-01-06,22.425062
2017-01-09,22.420519
2017-01-10,22.425062
2017-01-11,22.529467
2017-01-12,22.474991
2017-01-13,22.543085
2017-01-17,22.456831
2017-01-18,22.515846
2017-01-19,22.484077
2017-01-20,22.606634
2017-01-23,22.647493
2017-01-24,22.788219
2017-01-25,23.006115
2017-01-26,22.942560
2017-01-27,23.033348
2017-01-30,22.847231
2017-01-31,22.733747
2017-02-01,22.906242
2017-02-02,22.860849
2017-02-03,23.010651
2017-02-06,23.024271
2017-02-07,23.115063
2017-02-08,23.155914
2017-02-09,23.228544
2017-02-10,23.296633
2017-02-13,23.401043
2017-02-14,23.478220
2017-02-15,23.555386
2017-02-16,23.609861
2017-02-17,23.691574
2017-02-21,23.814137
2017-02-22,23.841379
2017-02-23,23.836834
2017-02-24,23.891314
2017-02-27,23.877693
2017-02-28,23.764206
2017-03-01,24.100121
2017-03-02,23.941242
2017-03-03,23.995722
2017-03-06,23.959400
2017-03-07,23.959400
2017-03-08,23.986639
2017-03-09,23.982098
2017-03-10,24.109209
2017-03-13,24.131905
2017-03-14,24.077433
2017-03-15,24.240849
2017-03-16,24.254469
2017-03-17,24.306879
2017-03-20,24.329662
2017-03-21,23.974220
2017-03-22,24.124601
2017-03-23,24.060793
2017-03-24,24.079025
2017-03-27,24.079025
2017-03-28,24.252197
2017-03-29,24.293213
2017-03-30,24.338772
2017-03-31,24.293213
2017-04-03,24.270418
2017-04-04,24.288649
2017-04-05,24.188398
2017-04-06,24.192953
2017-04-07,24.179283
2017-04-10,24.133709
2017-04-11,24.042570
2017-04-12,23.960548
2017-04-13,23.864847
2017-04-17,24.083584
2017-04-18,24.079025
2017-04-19,24.060793
2017-04-20,24.279531
2017-04-21,24.229403
2017-04-24,24.516497
2017-04-25,24.644094
2017-04-26,24.616755
2017-04-27,24.717005
2017-04-28,24.780804
2017-05-01,24.967638
2017-05-02,25.022318
2017-05-03,24.976748
2017-05-04,24.958519
2017-05-05,25.049667
2017-05-08,25.159035
2017-05-09,25.190926
2017-05-10,25.286625
2017-05-11,25.254726
2017-05-12,25.318523
2017-05-15,25.459787
2017-05-16,25.578272
2017-05-17,24.881054
2017-05-18,25.026880
2017-05-19,25.172701
2017-05-22,25.373207
2017-05-23,25.418777
2017-05-24,25.523586
2017-05-25,25.705868
2017-05-26,25.692194
2017-05-30,25.801561
2017-05-31,25.760546
2017-06-01,25.824347
2017-06-02,26.061306
2017-06-05,26.084099
2017-06-06,26.033966
2017-06-07,26.115995
2017-06-08,26.175234
2017-06-09,25.528147
2017-06-12,25.377764
2017-06-13,25.560045
2017-06-14,25.437002
2017-06-15,25.323084
2017-06-16,25.278690
2017-06-19,25.653873
2017-06-20,25.447987
2017-06-21,25.589825
2017-06-22,25.598967
2017-06-23,25.759106
2017-06-26,25.621845
2017-06-27,25.200920
2017-06-28,25.516617
2017-06-29,25.059084
2017-06-30,25.036209
2017-07-03,24.862339
2017-07-05,25.109415
2017-07-06,24.880648
2017-07-07,25.168890
2017-07-10,25.351908
2017-07-11,25.406813
2017-07-12,25.736237
2017-07-13,25.786568
2017-07-14,26.015326
2017-07-17,26.019899
2017-07-18,26.138861
2017-07-19,26.271547
2017-07-20,26.326450
2017-07-21,26.294428
2017-07-24,26.358475
2017-07-25,26.308149
2017-07-26,26.408802
2017-07-27,26.308149
2017-07-28,26.280695
2017-07-31,26.152588
2017-08-01,26.285280
2017-08-02,26.358475
2017-08-03,26.298998
2017-08-04,26.358475
2017-08-07,26.518612
2017-08-08,26.482012
2017-08-09,26.468288
2017-08-10,25.946692
2017-08-11,26.125135
2017-08-14,26.541494
2017-08-15,26.582664
2017-08-16,26.660446
2017-08-17,26.138861
2017-08-18,26.111404
2017-08-21,26.102253
2017-08-22,26.491163
2017-08-23,26.427105
2017-08-24,26.404230
2017-08-25,26.399656
2017-08-28,26.449987
2017-08-29,26.564367
2017-08-30,26.756529
2017-08-31,26.916670
2017-09-01,26.893789
2017-09-05,26.655870
2017-09-06,26.678753
2017-09-07,26.770250
2017-09-08,26.550640
2017-09-11,26.925814
2017-09-12,26.989874
2017-09-13,26.953268
2017-09-14,26.861763
2017-09-15,26.971504
2017-09-18,26.994461
2017-09-19,27.113848
2017-09-20,27.003645
2017-09-21,26.856718
2017-09-22,26.870487
2017-09-25,26.553661
2017-09-26,26.650093
2017-09-27,26.920994
2017-09-28,26.953131
2017-09-29,27.136805
2017-10-02,27.178131
2017-10-03,27.242416
2017-10-04,27.224047
2017-10-05,27.485773
2017-10-06,27.527098
2017-10-09,27.595970
2017-10-10,27.623522
2017-10-11,27.715351
2017-10-12,27.646484
2017-10-13,27.779638
2017-10-16,27.880659
2017-10-17,27.880659
2017-10-18,27.949530
2017-10-19,27.866882
2017-10-20,28.055141
2017-10-23,27.921982
2017-10-24,28.000036
2017-10-25,27.848513
2017-10-26,27.963306
2017-10-27,28.716333
2017-10-30,28.780626
2017-10-31,28.904602
2017-11-01,28.909191
2017-11-02,28.922966
2017-11-03,29.152554
2017-11-06,29.216829
2017-11-07,29.230608
2017-11-08,29.391319
2017-11-09,29.157145
2017-11-10,29.157145
2017-11-13,29.147951
2017-11-14,29.088272
2017-11-15,28.872465
2017-11-16,29.276527
2017-11-17,29.088272
2017-11-20,29.198463
2017-11-21,29.506115
2017-11-22,29.451012
2017-11-24,29.616306
2017-11-27,29.616306
2017-11-28,29.712727
2017-11-29,29.056124
2017-11-30,29.313257
2017-12-01,29.161736
2017-12-04,28.693388
2017-12-05,28.702566
2017-12-06,28.886236
2017-12-07,29.065306
2017-12-08,29.203054
2017-12-11,29.455597
2017-12-12,29.446417
2017-12-13,29.455597
2017-12-14,29.418863
2017-12-15,29.754389
2017-12-18,30.017088
2017-12-19,29.832737
2017-12-20,29.823513
2017-12-21,29.763601
2017-12-22,29.745171
2017-12-26,29.546993
2017-12-27,29.579256
2017-12-28,29.629951
2017-12-29,29.473255
2018-01-02,29.837351
2018-01-03,30.086222
2018-01-04,30.238306
2018-01-05,30.556326
2018-01-08,30.671545
2018-01-09,30.593185
2018-01-10,30.487179
2018-01-11,30.611628
2018-01-12,30.791365
2018-01-16,30.671545
2018-01-17,31.132421
2018-01-18,31.187727
2018-01-19,31.247639
2018-01-22,31.551811
2018-01-23,31.690081
2018-01-24,31.445820
2018-01-25,31.390511
2018-01-26,31.888254
2018-01-29,31.597904
2018-01-30,31.312160
2018-01-31,31.547216
2018-02-01,31.574856
2018-02-02,30.639282
2018-02-05,29.358034
2018-02-06,30.201437
2018-02-07,29.814308
2018-02-08,28.579147
2018-02-09,29.279682
2018-02-12,29.805084
2018-02-13,29.878826
2018-02-14,30.427269
2018-02-15,31.007988
2018-02-16,30.961895
2018-02-20,30.989538
2018-02-21,30.791365
2018-02-22,30.828243
2018-02-23,31.473480
2018-02-26,31.966604
2018-02-27,31.643999
2018-02-28,31.418173
2018-03-01,30.897366
2018-03-02,31.192326
2018-03-05,31.510330
2018-03-06,31.579473
2018-03-07,31.754595
2018-03-08,31.892866
2018-03-09,32.496635
2018-03-12,32.598011
2018-03-13,32.224709
2018-03-14,32.197048
2018-03-15,32.215492
2018-03-16,32.182194
2018-03-19,31.544205
2018-03-20,31.530331
2018-03-21,31.340769
2018-03-22,30.531712
2018-03-23,29.718021
2018-03-26,30.846096
2018-03-27,29.856718
2018-03-28,29.657923
2018-03-29,30.245075
2018-04-02,29.523846
2018-04-03,29.815107
2018-04-04,30.231209
2018-04-05,30.356028
2018-04-06,29.611689
2018-04-09,29.842854
2018-04-10,30.577942
2018-04-11,30.397642
2018-04-12,30.762878
2018-04-13,30.661160
2018-04-16,30.896942
2018-04-17,31.470221
2018-04-18,31.386990
2018-04-19,31.040266
2018-04-20,30.610306
2018-04-23,30.499342
2018-04-24,29.967686
2018-04-25,29.972301
2018-04-26,30.517847
2018-04-27,30.462360
2018-04-30,30.263565
2018-05-01,30.642662
2018-05-02,30.610306
2018-05-03,30.679657
2018-05-04,31.262186
2018-05-07,31.479479
2018-05-08,31.548815
2018-05-09,31.937162
2018-05-10,32.353252
2018-05-11,32.307022
2018-05-14,32.302406
2018-05-15,31.997271
2018-05-16,32.140587
2018-05-17,31.974159
2018-05-18,31.840075
2018-05-21,32.117477
2018-05-22,32.071236
2018-05-23,32.307022
2018-05-24,32.270046
2018-05-25,32.246922
2018-05-29,32.071236
2018-05-30,32.307022
2018-05-31,32.316284
2018-06-01,32.866432
2018-06-04,33.129955
2018-06-05,33.245533
2018-06-06,33.462833
2018-06-07,33.194691
2018-06-08,33.139194
2018-06-11,33.176197
2018-06-12,33.337986
2018-06-13,33.166943
2018-06-14,33.402725
2018-06-15,33.275127
2018-06-18,33.312263
2018-06-19,33.140591
2018-06-20,33.210178
2018-06-21,32.955006
2018-06-22,32.848305
2018-06-25,32.166275
2018-06-26,32.296185
2018-06-27,31.855417
2018-06-28,32.245152
2018-06-29,32.231232
2018-07-02,32.518890
2018-07-03,32.133797
2018-07-05,32.588482
2018-07-06,32.968918
2018-07-09,33.219460
2018-07-10,33.298332
2018-07-11,33.168423
2018-07-12,33.692703
2018-07-13,33.655579
2018-07-16,33.576714
2018-07-17,33.827255
2018-07-18,33.771576
2018-07-19,33.650951
2018-07-20,33.660229
2018-07-23,33.831886
2018-07-24,34.017475
2018-07-25,34.444321
2018-07-26,33.915398
2018-07-27,33.335445
2018-07-30,32.815823
2018-07-31,32.903980
2018-08-01,33.200909
2018-08-02,33.618469
2018-08-03,33.739101
2018-08-06,33.920048
2018-08-07,34.049942
2018-08-08,34.142735
2018-08-09,34.156647
2018-08-10,33.882908
2018-08-13,33.836536
2018-08-14,34.045315
2018-08-15,33.739101
2018-08-16,33.887566
2018-08-17,33.938610
2018-08-20,33.887566
2018-08-21,33.943233
2018-08-22,34.045315
2018-08-23,34.119553
2018-08-24,34.462879
2018-08-27,34.778362
2018-08-28,34.838680
2018-08-29,35.154167
2018-08-30,35.047470
2018-08-31,35.075298
2018-09-04,34.940750
2018-09-05,34.504631
2018-09-06,34.254097
2018-09-07,34.138092
2018-09-10,34.244808
2018-09-11,34.537106
2018-09-12,34.393276
2018-09-13,34.796928
2018-09-14,34.769081
2018-09-17,34.332966
2018-09-18,34.551025
2018-09-19,34.462879
2018-09-20,34.871166
2018-09-21,34.733356
2018-09-24,34.905609
2018-09-25,34.863712
2018-09-26,34.733356
2018-09-27,34.938187
2018-09-28,35.068539
2018-10-01,35.236137
2018-10-02,35.240791
2018-10-03,35.347866
2018-10-04,34.710087
2018-10-05,34.272472
2018-10-08,33.886086
2018-10-09,34.007137
2018-10-10,32.359138
2018-10-11,31.949476
2018-10-12,32.973644
2018-10-15,32.433636
2018-10-16,33.411243
2018-10-17,33.257629
2018-10-18,32.605873
2018-10-19,32.591904
2018-10-22,32.861919
2018-10-23,32.736233
2018-10-24,31.269789
2018-10-25,32.345177
2018-10-26,31.698095
2018-10-29,31.162733
2018-10-30,31.511869
2018-10-31,32.261383
2018-11-01,32.638474
2018-11-02,32.000687
2018-11-05,31.968105
2018-11-06,32.168282
2018-11-07,33.113312
2018-11-08,33.085384
2018-11-09,32.512760
2018-11-12,31.367558
2018-11-13,31.404804
2018-11-14,31.027735
2018-11-15,31.805172
2018-11-16,31.753958
2018-11-19,30.543564
2018-11-20,29.887169
2018-11-21,30.105968
2018-11-23,29.831305
2018-11-26,30.506321
2018-11-27,30.566847
2018-11-28,31.637573
2018-11-29,31.330315
2018-11-30,31.628263
2018-12-03,32.326569
2018-12-04,31.102209
2018-12-06,31.172037
2018-12-07,30.073383
2018-12-10,30.487707
2018-12-11,30.524952
2018-12-12,30.762373
2018-12-13,30.813587
2018-12-14,30.059410
2018-12-17,29.421635
2018-12-18,29.654406
2018-12-19,29.067839
2018-12-20,28.546432
2018-12-21,27.679123
2018-12-24,26.940392
2018-12-26,28.567478
2018-12-27,28.773201
2018-12-28,28.707743
2018-12-31,28.978918
2019-01-02,28.997629
2019-01-03,27.534185
2019-01-04,28.754499
2019-01-07,29.011652
2019-01-08,29.254780
2019-01-09,29.633499
2019-01-10,29.764416
2019-01-11,29.708305
2019-01-14,29.432447
2019-01-15,29.876629
2019-01-16,29.904678
2019-01-17,30.096376
2019-01-18,30.554573
2019-01-22,30.040266
2019-01-23,30.143135
2019-01-24,30.395607
2019-01-25,30.825758
2019-01-28,30.414312
2019-01-29,30.087023
2019-01-30,31.022125
2019-01-31,30.989401
2019-02-01,31.171747
2019-02-04,31.672029
2019-02-05,31.938526
2019-02-06,32.046078
2019-02-07,31.606575
2019-02-08,31.788910
2019-02-11,31.774893
2019-02-12,32.195679
2019-02-13,32.237759
2019-02-14,32.293873
2019-02-15,32.551025
2019-02-19,32.560383
2019-02-20,32.597778
2019-02-21,32.611813
2019-02-22,33.027920
2019-02-25,33.186901
2019-02-26,33.257030
2019-02-27,33.224304
2019-02-28,33.130791
2019-03-01,33.355213
2019-03-04,33.228981
2019-03-05,33.130791
2019-03-06,32.957798
2019-03-07,32.644531
2019-03-08,32.639874
2019-03-11,33.341198
2019-03-12,33.537563
2019-03-13,33.757320
2019-03-14,33.827442
2019-03-15,34.236938
2019-03-18,34.382347
2019-03-19,34.452705
2019-03-20,34.358894
2019-03-21,35.221966
2019-03-22,34.391731
2019-03-25,34.241627
2019-03-26,34.429256
2019-03-27,34.232250
2019-03-28,34.372967
2019-03-29,34.710686
2019-04-01,35.184448
2019-04-02,35.306412
2019-04-03,35.592525
2019-04-04,35.442425
2019-04-05,35.611286
2019-04-08,35.747311
2019-04-09,35.578453
2019-04-10,35.827065
2019-04-11,35.780159
2019-04-12,36.028759
2019-04-15,36.014690
2019-04-16,36.197632
2019-04-17,36.399323
2019-04-18,36.502529
2019-04-22,36.586945
2019-04-23,36.985645
2019-04-24,36.999714
2019-04-25,36.990330
2019-04-26,36.849621
2019-04-29,36.859009
2019-04-30,36.919983
2019-05-01,36.826168
2019-05-02,36.633839
2019-05-03,36.980957
2019-05-06,36.694832
2019-05-07,35.906811
2019-05-08,35.864590
2019-05-09,35.620670
2019-05-10,35.733250
2019-05-13,34.387032
2019-05-14,34.940529
2019-05-15,35.320469
2019-05-16,35.644135
2019-05-17,35.357990
2019-05-20,34.743538
2019-05-21,35.170383
2019-05-22,34.987438
2019-05-23,34.372967
2019-05-24,34.382347
2019-05-28,34.283840
2019-05-29,34.082150
2019-05-30,34.293224
2019-05-31,33.720970
2019-06-03,33.129955
2019-06-04,34.236938
2019-06-05,34.682552
2019-06-06,35.085934
2019-06-07,35.737942
2019-06-10,36.103817
2019-06-11,36.103817
2019-06-12,35.902111
2019-06-13,36.010006
2019-06-14,35.695728
2019-06-17,35.723862
2019-06-18,36.371174
2019-06-19,36.502529
2019-06-20,37.037251
2019-06-21,36.862148
2019-06-24,36.932747
2019-06-25,36.254910
2019-06-26,36.645607
2019-06-27,36.739758
2019-06-28,36.735043
2019-07-01,37.318737
2019-07-02,37.417583
2019-07-03,37.704731
2019-07-05,37.634121
2019-07-08,37.346992
2019-07-09,37.478783
2019-07-10,37.775333
2019-07-11,37.916557
2019-07-12,38.194283
2019-07-15,38.321369
2019-07-16,37.963619
2019-07-17,37.864773
2019-07-18,38.147202
2019-07-19,37.982464
2019-07-22,38.420223
2019-07-23,38.632046
2019-07-24,38.952133
2019-07-25,38.792095
2019-07-26,38.876812
2019-07-29,38.853291
2019-07-30,38.603806
2019-07-31,38.020115
2019-08-01,37.827110
2019-08-02,37.210472
2019-08-05,35.657093
2019-08-06,36.250202
2019-08-07,36.476147
2019-08-08,37.370510
2019-08-09,36.946869
2019-08-12,36.462029
2019-08-13,37.375229
2019-08-14,36.226662
2019-08-15,36.160770
2019-08-16,36.848019
2019-08-19,37.408176
2019-08-20,37.219891
2019-08-21,37.657650
2019-08-22,37.568222
2019-08-23,36.325520
2019-08-26,36.829189
2019-08-27,36.772694
2019-08-28,36.805645
2019-08-29,37.445831
2019-08-30,37.436428
2019-09-03,36.979820
2019-09-04,37.610584
2019-09-05,38.396690
2019-09-06,38.363731
2019-09-09,38.076595
2019-09-10,37.883614
2019-09-11,38.279007
2019-09-12,38.486130
2019-09-13,38.203697
2019-09-16,38.109558
2019-09-17,38.264885
2019-09-18,38.260178
2019-09-19,38.344902
2019-09-20,37.897739
2019-09-23,38.015797
2019-09-24,37.647484
2019-09-25,38.096062
2019-09-26,38.138569
2019-09-27,37.628605
2019-09-30,38.025234
2019-10-01,37.671101
2019-10-02,36.962818
2019-10-03,37.416119
2019-10-04,38.034683
2019-10-07,37.874138
2019-10-08,37.180016
2019-10-09,37.732491
2019-10-10,37.992176
2019-10-11,38.516304
2019-10-14,38.492695
2019-10-15,38.917671
2019-10-16,38.648525
2019-10-17,38.572975
2019-10-18,38.204666
2019-10-21,38.615471
2019-10-22,38.096062
2019-10-23,38.129116
2019-10-24,38.686295
2019-10-25,39.153770
2019-10-28,39.649563
2019-10-29,39.290688
2019-10-30,39.531517
2019-10-31,39.507904
2019-11-01,39.980095
2019-11-04,40.187855
2019-11-05,40.140648
2019-11-06,40.121750
2019-11-07,40.438110
2019-11-08,40.664768
2019-11-11,40.683662
2019-11-12,40.820587
2019-11-13,40.910297
2019-11-14,40.863087
2019-11-15,41.193615
2019-11-18,41.316383
2019-11-19,41.396656
2019-11-20,41.146397
2019-11-21,40.938633
2019-11-22,40.886696
2019-11-25,41.481644
2019-11-26,41.519432
2019-11-27,41.750801
2019-11-29,41.628033
2019-12-02,41.033070
2019-12-03,40.669483
2019-12-04,40.834740
2019-12-05,40.985855
2019-12-06,41.439156
2019-12-09,41.221954
2019-12-10,41.254997
2019-12-11,41.533588
2019-12-12,41.977463
2019-12-13,42.256039
2019-12-16,42.633789
2019-12-17,42.534634
2019-12-18,42.529907
2019-12-19,42.836826
2019-12-20,43.085529
2019-12-23,43.208710
2019-12-24,43.222912
2019-12-26,43.545048
2019-12-27,43.540314
2019-12-30,43.289238
2019-12-31,43.426624
2020-01-02,44.241436
2020-01-03,43.744022
2020-01-06,43.848232
2020-01-07,43.829300
2020-01-08,44.298279
2020-01-09,44.800426
2020-01-10,44.696205
2020-01-13,45.255199
2020-01-14,45.042034
2020-01-15,45.094139
2020-01-16,45.700512
2020-01-17,46.008434
2020-01-21,45.989483
2020-01-22,46.155293
2020-01-23,46.373203
2020-01-24,46.155293
2020-01-27,45.056236
2020-01-28,45.918423
2020-01-29,46.036858
2020-01-30,46.434792
2020-01-31,45.160461
2020-02-03,45.757366
2020-02-04,46.955894
2020-02-05,47.230640
2020-02-06,47.661755
2020-02-07,47.225918
2020-02-10,47.865452
2020-02-11,47.704369
2020-02-12,48.220749
2020-02-13,48.092838
2020-02-14,48.301281
2020-02-18,48.121262
2020-02-19,48.694469
2020-02-20,48.187576
2020-02-21,47.107479
2020-02-24,45.160461
2020-02-25,43.715603
2020-02-26,43.914555
2020-02-27,41.545925
2020-02-28,41.863316
2020-03-02,44.284077
2020-03-03,42.602329
2020-03-04,44.430927
2020-03-05,43.028690
2020-03-06,42.119133
2020-03-09,38.921478
2020-03-10,41.517498
2020-03-11,39.556263
2020-03-12,35.695381
2020-03-13,39.883133
2020-03-16,34.373684
2020-03-17,36.713894
2020-03-18,35.330601
2020-03-19,35.458519
2020-03-20,33.833626
2020-03-23,33.524578
2020-03-24,36.957989
2020-03-25,36.910374
2020-03-26,39.196133
2020-03-27,37.424671
2020-03-30,39.000896
2020-03-31,38.272301
2020-04-01,36.448452
2020-04-02,37.300858
2020-04-03,36.724655
2020-04-06,39.858055
2020-04-07,39.500904
2020-04-08,40.562840
2020-04-09,40.572350
2020-04-13,40.662838
2020-04-14,42.367626
2020-04-15,41.443794
2020-04-16,41.948574
2020-04-17,42.505733
2020-04-20,41.824764
2020-04-21,40.072350
2020-04-22,41.615242
2020-04-23,41.329514
2020-04-24,42.205711
2020-04-27,42.567638
2020-04-28,42.000965
2020-04-29,43.724808
2020-04-30,43.529564
2020-05-01,42.334305
2020-05-04,42.896210
2020-05-05,43.486710
2020-05-06,43.824806
2020-05-07,44.481960
2020-05-08,45.134357
2020-05-11,45.434372
2020-05-12,44.496258
2020-05-13,43.729588
2020-05-14,44.286724
2020-05-15,44.510540
2020-05-18,45.601044
2020-05-19,45.434372
2020-05-20,46.429634
2020-05-21,45.781998
2020-05-22,45.948669
2020-05-26,45.901051
2020-05-27,46.162960
2020-05-28,46.072475
2020-05-29,46.653442
2020-06-01,46.639168
2020-06-02,47.077271
2020-06-03,47.443935
2020-06-04,47.053463
2020-06-05,48.291588
2020-06-08,48.534447
2020-06-09,48.763020
2020-06-10,49.577324
2020-06-11,46.734390
2020-06-12,47.339180
2020-06-15,47.796337
2020-06-16,48.815414
2020-06-17,48.805866
2020-06-18,49.024929
2020-06-19,48.686829
2020-06-22,49.604137
2020-06-23,49.962273
2020-06-24,48.835327
2020-06-25,49.460880
2020-06-26,48.486759
2020-06-29,49.016792
2020-06-30,49.895409
2020-07-01,49.976585
2020-07-02,50.267883
2020-07-06,51.146503
2020-07-07,50.611683
2020-07-08,51.437786
2020-07-09,51.624016
2020-07-10,51.609695
2020-07-13,50.540058
2020-07-14,51.122627
2020-07-15,51.399590
2020-07-16,50.764488
2020-07-17,51.012798
2020-07-20,52.316410
2020-07-21,51.791149
2020-07-22,52.206570
2020-07-23,50.850433
2020-07-24,50.234440
2020-07-27,51.027126
2020-07-28,50.430229
2020-07-29,51.160831
2020-07-30,51.447330
2020-07-31,52.731850
2020-08-03,54.030689
2020-08-04,54.169170
2020-08-05,54.369720
2020-08-06,55.133739
2020-08-07,54.312412
2020-08-10,54.159607
2020-08-11,53.185486
2020-08-12,54.393597
2020-08-13,54.417469
2020-08-14,54.379265
2020-08-17,54.742176
2020-08-18,54.947502
2020-08-19,54.880657
2020-08-20,55.611259
2020-08-21,56.317982
2020-08-24,56.805038
2020-08-25,57.091557
2020-08-26,58.251911
2020-08-27,58.299664
2020-08-28,58.810593
2020-08-31,58.996830
2020-09-01,60.123756
2020-09-02,60.658581
2020-09-03,57.201385
2020-09-04,56.403934
2020-09-08,53.854012
2020-09-09,55.611259
2020-09-10,54.355392
2020-09-11,53.939953
2020-09-14,55.071667
2020-09-15,55.616024
2020-09-16,54.756493
2020-09-17,54.302868
2020-09-18,53.366943
2020-09-21,53.810577
2020-09-22,54.662430
2020-09-23,52.958717
2020-09-24,53.255424
2020-09-25,54.528431
2020-09-28,55.571712
2020-09-29,55.385071
2020-09-30,55.849289
2020-10-01,56.437943
2020-10-02,55.007000
2020-10-05,56.213001
2020-10-06,55.341999
2020-10-07,56.356571
2020-10-08,56.648510
2020-10-09,57.514717
2020-10-12,59.084435
2020-10-13,58.706356
2020-10-14,58.395287
2020-10-15,58.132084
2020-10-16,57.964581
2020-10-19,56.902145
2020-10-20,57.098362
2020-10-21,57.012222
2020-10-22,56.744228
2020-10-23,56.682014
2020-10-26,55.452076
2020-10-27,55.729649
2020-10-28,53.365509
2020-10-29,54.255650
2020-10-30,53.054440
2020-11-02,53.188431
2020-11-03,54.126431
2020-11-04,56.232136
2020-11-05,57.978931
2020-11-06,58.184715
2020-11-09,57.763565
2020-11-10,56.686790
2020-11-11,58.031567
2020-11-12,57.514717
2020-11-13,58.002861
2020-11-16,58.562794
2020-11-17,58.237370
2020-11-18,57.615219
2020-11-19,58.079426
2020-11-20,57.481224
2020-11-23,57.466869
2020-11-24,58.266083
2020-11-25,58.390511
2020-11-27,58.701576
2020-11-30,59.094002
2020-12-01,59.850151
2020-12-02,59.759212
2020-12-03,59.720932
2020-12-04,60.319149
2020-12-07,60.491440
2020-12-08,60.687649
2020-12-09,59.524719
2020-12-10,59.610863
2020-12-11,59.486443
2020-12-14,59.701790
2020-12-15,60.697224
2020-12-16,61.108791
2020-12-17,61.592133
2020-12-18,61.376785
2020-12-21,61.438194
2020-12-22,61.970642
2020-12-23,61.500553
2020-12-24,61.908279
2020-12-28,62.608627
2020-12-29,62.311211
2020-12-30,62.277645
2020-12-31,62.368786
2021-01-04,61.351837
2021-01-05,61.749992
2021-01-06,60.685081
2021-01-07,62.320805
2021-01-08,62.723732
2021-01-11,62.205673
2021-01-12,61.908279
2021-01-13,62.301628
2021-01-14,61.754787
2021-01-15,61.121593
2021-01-19,61.917877
2021-01-20,63.145874
2021-01-21,63.961334
2021-01-22,63.716724
2021-01-25,64.249138
2021-01-26,64.292320
2021-01-27,63.078697
2021-01-28,63.337746
2021-01-29,61.845921
2021-02-01,63.395321
2021-02-02,64.253944
2021-02-03,64.033302
2021-02-04,65.055016
2021-02-05,64.911118
2021-02-08,65.592285
2021-02-09,65.515533
2021-02-10,65.419586
2021-02-11,66.139107
2021-02-12,66.479675
2021-02-16,66.263832
2021-02-17,65.678627
2021-02-18,65.357231
2021-02-19,65.261292
2021-02-22,63.822212
2021-02-23,63.644749
2021-02-24,64.618500
2021-02-25,62.359184
2021-02-26,62.690174
2021-03-01,64.709648
2021-03-02,63.683125
2021-03-03,62.080956
2021-03-04,60.709068
2021-03-05,61.855515
2021-03-08,60.358906
2021-03-09,62.411949
2021-03-10,62.162510
2021-03-11,63.491241
2021-03-12,63.035549
2021-03-15,63.707111
2021-03-16,64.186806
2021-03-17,64.134018
2021-03-18,62.354389
2021-03-19,62.167324
2021-03-22,63.389751
2021-03-23,62.995560
2021-03-24,62.231255
2021-03-25,62.192776
2021-03-26,63.774284
2021-03-29,63.442600
2021-03-30,62.841724
2021-03-31,63.841587
2021-04-01,65.125053
2021-04-05,66.470993
2021-04-06,66.187408
2021-04-07,66.538307
2021-04-08,67.499718
2021-04-09,68.148651
2021-04-12,67.821777
2021-04-13,68.461113
2021-04-14,67.735252
2021-04-15,68.898529
2021-04-16,68.884125
2021-04-19,68.312080
2021-04-20,67.706406
2021-04-21,68.388992
2021-04-22,67.586227
2021-04-23,68.595673
2021-04-26,68.946587
2021-04-27,68.778351
2021-04-28,68.139015
2021-04-29,68.081360
2021-04-30,67.153572
2021-05-03,66.966125
2021-05-04,65.764381
2021-05-05,65.605743
2021-05-06,66.264313
2021-05-07,66.831528
2021-05-10,65.144279
2021-05-11,64.947197
2021-05-12,63.120552
2021-05-13,63.956940
2021-05-14,65.365387
2021-05-17,64.884697
2021-05-18,64.365547
2021-05-19,64.591484
2021-05-20,65.826881
2021-05-21,65.466347
2021-05-24,66.629623
2021-05-25,66.648865
2021-05-26,66.644051
2021-05-27,66.293144
2021-05-28,66.528709
2021-06-01,66.201790
2021-06-02,66.658485
2021-06-03,66.038368
2021-06-04,67.307442
2021-06-07,67.293007
2021-06-08,67.297806
2021-06-09,67.345886
2021-06-10,67.840996
2021-06-11,68.244774
2021-06-14,68.937004
2021-06-15,68.513962
2021-06-16,68.143837
2021-06-17,68.932198
2021-06-18,68.302460
2021-06-21,69.034477
2021-06-22,69.660522
2021-06-23,69.583481
2021-06-24,70.021706
2021-06-25,69.939842
2021-06-28,70.671844
2021-06-29,71.187149
2021-06-30,71.110085
2021-07-01,71.230476
2021-07-02,72.169548
2021-07-06,72.444061
2021-07-07,72.838943
2021-07-08,72.150299
2021-07-09,72.814873
2021-07-12,72.872688
2021-07-13,73.171234
2021-07-14,73.710609
2021-07-15,73.103828
2021-07-16,72.381439
2021-07-19,71.384567
2021-07-20,72.444061
2021-07-21,73.142342
2021-07-22,73.681702
2021-07-23,74.413712
2021-07-26,74.375191
2021-07-27,73.672081
2021-07-28,73.580574
2021-07-29,73.922508
2021-07-30,73.874344
2021-08-02,73.609482
2021-08-03,74.081436
2021-08-04,74.230698
2021-08-05,74.640076
2021-08-06,74.577446
2021-08-09,74.336662
2021-08-10,73.802101
2021-08-11,73.811745
2021-08-12,74.235527
2021-08-13,74.640076
2021-08-16,74.977165
2021-08-17,74.355927
2021-08-18,73.330170
2021-08-19,74.047737
2021-08-20,75.001259
2021-08-23,75.969215
2021-08-24,75.882545
2021-08-25,75.839195
2021-08-26,75.362419
2021-08-27,76.089622
2021-08-30,76.908295
2021-08-31,76.503761
2021-09-01,76.523056
2021-09-02,76.441162
2021-09-03,76.744568
2021-09-07,76.763809
2021-09-08,76.470062
2021-09-09,76.181129
2021-09-10,75.429848
2021-09-13,75.453926
2021-09-14,75.357605
2021-09-15,76.017380
2021-09-16,76.060730
2021-09-17,74.876045
2021-09-20,73.512215
2021-09-21,73.541153
2021-09-22,74.549431
2021-09-23,75.548058
2021-09-24,75.601120
2021-09-27,74.867828
2021-09-28,72.648666
2021-09-29,72.556992
2021-09-30,72.035988
2021-10-01,73.121460
2021-10-04,71.428131
2021-10-05,72.446053
2021-10-06,72.918839
2021-10-07,73.584587
2021-10-08,73.309593
2021-10-11,72.904350
2021-10-12,72.528069
2021-10-13,72.971893
2021-10-14,74.616959
2021-10-15,75.215187
2021-10-18,75.851974
2021-10-19,76.604568
2021-10-20,76.392288
2021-10-21,76.686584
2021-10-22,76.421242
2021-10-25,76.672119
2021-10-26,76.889198
2021-10-27,76.821663
2021-10-28,77.593544
2021-10-29,77.926414
2021-11-01,77.810631
2021-11-02,78.495667
2021-11-03,78.953979
2021-11-04,80.188980
2021-11-05,80.603889
2021-11-08,81.038063
2021-11-09,80.705185
2021-11-10,79.373688
2021-11-11,79.745155
2021-11-12,80.714851
2021-11-15,80.632843
2021-11-16,81.481911
2021-11-17,81.235870
2021-11-18,82.046333
2021-11-19,82.644539
2021-11-22,81.723122
2021-11-23,81.534958
2021-11-24,82.128357
2021-11-26,80.078056
2021-11-29,82.080109
2021-11-30,81.395065
2021-12-01,80.280655
2021-12-02,81.018768
2021-12-03,79.663155
2021-12-06,80.420570
2021-12-07,83.228287
2021-12-08,83.609413
2021-12-09,82.707260
2021-12-10,84.366829
2021-12-13,83.112511
2021-12-14,81.747246
2021-12-15,83.913330
2021-12-16,81.534958
2021-12-17,80.989838
2021-12-20,80.026535
2021-12-21,82.051735
2021-12-22,83.124741
2021-12-23,83.588737
2021-12-27,85.381927
2021-12-28,84.937256
2021-12-29,85.009773
2021-12-30,84.449104
2021-12-31,84.038246
2022-01-03,84.835754
2022-01-04,83.936737
2022-01-05,81.355728
2022-01-06,80.944870
2022-01-07,80.200523
2022-01-10,80.215050
2022-01-11,81.176888
2022-01-12,81.558723
2022-01-13,79.446526
2022-01-14,80.118355
2022-01-18,78.194672
2022-01-19,77.102325
2022-01-20,76.106651
2022-01-21,74.593796
2022-01-24,74.980469
2022-01-25,73.245270
2022-01-26,73.675438
2022-01-27,73.167953
2022-01-28,76.367645
2022-01-31,78.286522
2022-02-01,78.489517
2022-02-02,79.127518
2022-02-03,76.831657
2022-02-04,77.141022
2022-02-07,76.628654
2022-02-08,77.576004
2022-02-09,79.296684
2022-02-10,77.223160
2022-02-11,74.864464
2022-02-14,74.840302
2022-02-15,76.807480
2022-02-16,76.730148
2022-02-17,74.434296
2022-02-18,73.680283
2022-02-22,72.998764
2022-02-23,71.171776
2022-02-24,73.602951
2022-02-25,74.603470
2022-02-28,74.468132
2022-03-01,72.979462
2022-03-02,74.559944
2022-03-03,73.670616
2022-03-04,72.380089
2022-03-07,69.731407
2022-03-08,69.393059
2022-03-09,72.138435
2022-03-10,70.876930
2022-03-11,69.629883
2022-03-14,68.339386
2022-03-15,70.635239
2022-03-16,72.931107
2022-03-17,73.448273
2022-03-18,74.951477
2022-03-21,74.809120
2022-03-22,75.884117
2022-03-23,74.717087
2022-03-24,76.658875
2022-03-25,76.615280
2022-03-28,77.525642
2022-03-29,79.172043
2022-03-30,78.116417
2022-03-31,76.959091
2022-04-01,76.731514
2022-04-04,78.189064
2022-04-05,76.542671
2022-04-06,74.731628
2022-04-07,74.847847
2022-04-08,73.801895
2022-04-11,71.942429
2022-04-12,71.622849
2022-04-13,72.775322
2022-04-14,71.007904
2022-04-18,71.240311
2022-04-19,72.576805
2022-04-20,72.508995
2022-04-21,71.279045
2022-04-22,69.283997
2022-04-25,70.325127
2022-04-26,67.705406
2022-04-27,68.707771
2022-04-28,71.458221
2022-04-29,68.480186
2022-05-02,69.521271
2022-05-03,69.642357
2022-05-04,72.087730
2022-05-05,68.620628
2022-05-06,68.068573
2022-05-09,65.434372
2022-05-10,66.431892
2022-05-11,64.335144
2022-05-12,63.671761
2022-05-13,65.787842
2022-05-16,65.206772
2022-05-17,67.095276
2022-05-18,64.025238
2022-05-19,63.323112
2022-05-20,63.463535
2022-05-23,64.921082
2022-05-24,63.957443
2022-05-25,64.703156
2022-05-26,66.257545
2022-05-27,68.499557
2022-05-31,68.010475
2022-06-01,67.807114
2022-06-02,69.448654
2022-06-03,67.787735
2022-06-06,67.792580
2022-06-07,68.601250
2022-06-08,67.826462
2022-06-09,66.015434
2022-06-10,63.478062
2022-06-13,60.664669
2022-06-14,61.047203
2022-06-15,62.335270
2022-06-16,59.797894
2022-06-17,60.345085
2022-06-21,61.880684
2022-06-22,61.618515
2022-06-23,62.540958
2022-06-24,64.788780
2022-06-27,64.351822
2022-06-28,62.424435
2022-06-29,62.550659
2022-06-30,61.715614
2022-07-01,61.856407
2022-07-05,62.633194
2022-07-06,63.172077
2022-07-07,64.478065
2022-07-08,64.507187
2022-07-11,63.618744
2022-07-12,62.749714
2022-07-13,62.584637
2022-07-14,63.157524
2022-07-15,64.269310
2022-07-18,63.647877
2022-07-19,65.589844
2022-07-20,66.614235
2022-07-21,67.551216
2022-07-22,66.619087
2022-07-25,66.196709
2022-07-26,65.123756
2022-07-27,67.925056
2022-07-28,68.959137
2022-07-29,70.017517
2022-08-01,69.867020
2022-08-02,69.371819
2022-08-03,71.216682
2022-08-04,71.541969
2022-08-05,71.376900
2022-08-08,70.770020
2022-08-09,70.061203
2022-08-10,71.974037
2022-08-11,71.692459
2022-08-12,73.119797
2022-08-15,73.581024
2022-08-16,73.381966
2022-08-17,72.857643
2022-08-18,73.236313
2022-08-19,71.906067
2022-08-22,69.900993
2022-08-23,69.716515
2022-08-24,69.760193
2022-08-25,70.939949
2022-08-26,67.910484
2022-08-29,67.012314
2022-08-30,66.313210
2022-08-31,65.667519
2022-09-01,65.347084
2022-09-02,64.497475
2022-09-06,64.070259
2022-09-07,65.094650
2022-09-08,65.317955
2022-09-09,66.609375
2022-09-12,67.677452
2022-09-13,64.084824
2022-09-14,64.317856
2022-09-15,62.837093
2022-09-16,62.487556
2022-09-19,62.997124
2022-09-20,62.627224
2022-09-21,61.648983
2022-09-22,61.021152
2022-09-23,60.222988
2022-09-26,59.804424
2022-09-27,59.882298
2022-09-28,60.514996
2022-09-29,58.938126
2022-09-30,57.808998
2022-10-03,59.600018
2022-10-04,61.600311
2022-10-05,61.804718
2022-10-06,61.298569
2022-10-07,58.777515
2022-10-10,57.789532
2022-10-11,56.903759
2022-10-12,56.728558
2022-10-13,58.490372
2022-10-14,56.845360
2022-10-17,58.577972
2022-10-18,59.074398
2022-10-19,58.904053
2022-10-20,58.938126
2022-10-21,60.514996
2022-10-24,61.352097
2022-10-25,62.525024
2022-10-26,61.133083
2022-10-27,60.437126
2022-10-28,63.065262
2022-10-31,62.233013
2022-11-01,61.712254
2022-11-02,59.580551
2022-11-03,57.828468
2022-11-04,58.884579
2022-11-07,59.867695
2022-11-08,60.441994
2022-11-09,58.869980
2022-11-10,63.707676
2022-11-11,64.797874
2022-11-14,64.243050
2022-11-15,65.021751
2022-11-16,64.131096
2022-11-17,64.213829
2022-11-18,64.286842
2022-11-21,63.595741
2022-11-22,64.827080
2022-11-23,65.401360
2022-11-25,65.021751
2022-11-28,63.629807
2022-11-29,63.006855
2022-11-30,66.170319
2022-12-01,66.262787
2022-12-02,65.878319
2022-12-05,64.783264
2022-12-06,63.396187
2022-12-07,63.074993
2022-12-08,64.106758
2022-12-09,63.712551
2022-12-12,65.104485
2022-12-13,65.873444
2022-12-14,65.318626
2022-12-15,62.875446
2022-12-16,62.043201
2022-12-19,61.215897
2022-12-20,61.308617
2022-12-21,62.323853
2022-12-22,60.752213
2022-12-23,60.815666
2022-12-27,60.239712
2022-12-28,59.268421
2022-12-29,60.820545
2022-12-30,60.737568
2023-01-03,60.161625
2023-01-04,60.317814
2023-01-05,59.146404
2023-01-06,60.879120
2023-01-09,61.586842
2023-01-10,61.967552
2023-01-11,63.041336
2023-01-12,63.509888
2023-01-13,63.690483
2023-01-17,63.978474
2023-01-18,63.153599
2023-01-19,62.416592
2023-01-20,64.105362
2023-01-23,65.564758
2023-01-24,65.535469
2023-01-25,65.398796
2023-01-26,66.443298
2023-01-27,66.721535
2023-01-30,65.447617
2023-01-31,66.360321
2023-02-01,67.922218
2023-02-02,69.776932
2023-02-03,69.196114
2023-02-06,68.351715
2023-02-07,70.060028
2023-02-08,69.215637
2023-02-09,68.834938
2023-02-10,68.517685
2023-02-13,69.703728
2023-02-14,70.001472
2023-02-15,70.328476
2023-02-16,69.108253
2023-02-17,68.244339
2023-02-21,66.623894
2023-02-22,66.526283
2023-02-23,67.629364
2023-02-24,66.423775
2023-02-27,66.780106
2023-02-28,66.633667
2023-03-01,66.145569
2023-03-02,66.960686
2023-03-03,68.400528
2023-03-06,68.727539
2023-03-07,67.873413
2023-03-08,68.434708
2023-03-09,67.453636
2023-03-10,66.267601
2023-03-13,66.628769
2023-03-14,68.166267
2023-03-15,68.205307
2023-03-16,70.118622
2023-03-17,70.020981
2023-03-20,70.209801
2023-03-21,70.777229
2023-03-22,70.072853
2023-03-23,71.212593
2023-03-24,71.398468
2023-03-27,70.845711
2023-03-28,70.513084
2023-03-29,71.990372
2023-03-30,72.826836
2023-03-31,73.868752
2023-04-03,73.751350
2023-04-04,73.345352
2023-04-05,72.508881
2023-04-06,72.919785
2023-04-10,72.880661
2023-04-11,72.195801
2023-04-12,71.784920
2023-04-13,73.120323
2023-04-14,72.714317
2023-04-17,72.978477
2023-04-18,73.203484
2023-04-19,72.993149
2023-04-20,72.513786
2023-04-21,72.278976
2023-04-24,71.960999
2023-04-25,70.425041
2023-04-26,71.471848
2023-04-27,72.988274
2023-04-28,73.780701
2023-05-01,73.824722
2023-05-02,73.135010
2023-05-03,72.518661
2023-05-04,72.171341
2023-05-05,73.981262
2023-05-08,73.942139
2023-05-09,73.374702
2023-05-10,74.269867
2023-05-11,73.937241
2023-05-12,73.839401
2023-05-15,74.450867
2023-05-16,74.529144
2023-05-17,75.522125
2023-05-18,77.067886
2023-05-19,77.033646
2023-05-22,77.180397
2023-05-23,76.040634
2023-05-24,75.483002
2023-05-25,78.378845
2023-05-26,80.604561
2023-05-30,81.035027
2023-05-31,80.359962
2023-06-01,81.176872
2023-06-02,81.641586
2023-06-05,81.171974
2023-06-06,81.152412
2023-06-07,79.939278
2023-06-08,80.805107
2023-06-09,81.206215
2023-06-12,82.972099
2023-06-13,83.475937
2023-06-14,84.336876
2023-06-15,85.422821
2023-06-16,84.718430
2023-06-20,84.145882
2023-06-21,82.900803
2023-06-22,83.577271
2023-06-23,82.670425
2023-06-26,82.077286
2023-06-27,83.694931
2023-06-28,83.743919
2023-06-29,83.891006
2023-06-30,85.224304
2023-07-03,85.042938
2023-07-05,84.518417
2023-07-06,84.292953
2023-07-07,83.925308
2023-07-10,84.145882
2023-07-11,84.327248
2023-07-12,85.283127
2023-07-13,86.395859
2023-07-14,86.268433
2023-07-17,87.371323
2023-07-18,88.361511
2023-07-19,88.140930
2023-07-20,86.381157
2023-07-21,86.337029
2023-07-24,86.488991
2023-07-25,87.479179
2023-07-26,86.302719
2023-07-27,86.052727
2023-07-28,87.224274
2023-07-31,87.425255
2023-08-01,87.572304
2023-08-02,85.405670
2023-08-03,85.057640
2023-08-04,83.900787
2023-08-07,84.136086
2023-08-08,83.489021
2023-08-09,82.410629
2023-08-10,82.420418
2023-08-11,81.812592
2023-08-14,83.116470
2023-08-15,82.297874
2023-08-16,81.513557
2023-08-17,80.739067
2023-08-18,80.861626
2023-08-21,82.405716
2023-08-22,82.312569
2023-08-23,83.797844
2023-08-24,81.866516
2023-08-25,82.699837
2023-08-28,83.376289
2023-08-29,85.047844
2023-08-30,85.689980
2023-08-31,86.106644
2023-09-01,86.371346
2023-09-05,86.680176
2023-09-06,85.763527
2023-09-07,84.523331
2023-09-08,84.699791
2023-09-11,85.140968
2023-09-12,83.596855
2023-09-13,83.807663
2023-09-14,84.415512
2023-09-15,82.792961
2023-09-18,83.190857
2023-09-19,83.146645
2023-09-20,81.839966
2023-09-21,80.592216
2023-09-22,80.764160
2023-09-25,81.024506
2023-09-26,79.565552
2023-09-27,79.688362
2023-09-28,80.253273
2023-09-29,80.528366
2023-10-02,81.392952
2023-10-03,80.012581
2023-10-04,81.009789
2023-10-05,81.117851
2023-10-06,82.635780
2023-10-09,83.063141
2023-10-10,83.190857
2023-10-11,83.962105
2023-10-12,84.040710
2023-10-13,82.837181
2023-10-16,83.632988
2023-10-17,83.244911
2023-10-18,82.390144
2023-10-19,81.918571
2023-10-20,80.533272
2023-10-23,80.626617
2023-10-24,81.181702
2023-10-25,80.223801
2023-10-26,78.691147
2023-10-27,79.148003
2023-10-30,79.997833
2023-10-31,80.567657
2023-11-01,82.124878
2023-11-02,83.515083
2023-11-03,84.374741
2023-11-06,84.929840
2023-11-07,85.858292
2023-11-08,86.344597
2023-11-09,85.941795
2023-11-10,88.186737
2023-11-13,87.670952
2023-11-14,89.424652
2023-11-15,89.537651
2023-11-16,89.984657
2023-11-17,89.797989
2023-11-20,91.099762
2023-11-21,90.362923
2023-11-22,90.765747
2023-11-24,90.588890
2023-11-27,90.583977
2023-11-28,90.755905
2023-11-29,90.824684
2023-11-30,90.957321
2023-12-01,91.163628
2023-12-04,90.053452
2023-12-05,90.593803
2023-12-06,89.827469
2023-12-07,90.917999
2023-12-08,91.694176
2023-12-11,92.494873
2023-12-12,93.108917
2023-12-13,93.929298
2023-12-14,93.698425
2023-12-15,94.169998
2023-12-18,94.451622
2023-12-19,94.811005
2023-12-20,93.378357
2023-12-21,94.426987
2023-12-22,94.550079
2023-12-26,94.943924
2023-12-27,94.939003
2023-12-28,95.052238
2023-12-29,94.761765
2024-01-02,92.280472
2024-01-03,91.340149
2024-01-04,90.670601
2024-01-05,90.645958
2024-01-08,92.920494
2024-01-09,93.068184
2024-01-10,93.860809
2024-01-11,94.338364
2024-01-12,94.643616
2024-01-16,94.879936
2024-01-17,94.412224
2024-01-18,96.327347
2024-01-19,98.547707
2024-01-22,98.980957
2024-01-23,99.379738
2024-01-24,100.064056
2024-01-25,100.482529
2024-01-26,99.325577
2024-01-29,100.236374
2024-01-30,99.409264
2024-01-31,97.321831
2024-02-01,98.547707
2024-02-02,99.566803
2024-02-05,99.793289
2024-02-06,99.335426
2024-02-07,100.649918
2024-02-08,100.965012
2024-02-09,102.323799
2024-02-12,101.545929
2024-02-13,99.822815
2024-02-14,100.866539
2024-02-15,100.654854
2024-02-16,99.729294
2024-02-20,98.715088
2024-02-21,98.094772
2024-02-22,101.304703
2024-02-23,101.068390
2024-02-26,101.166855
2024-02-27,101.255478
2024-02-28,100.777916
2024-02-29,101.900406
2024-03-01,103.761383
2024-03-04,103.761383
2024-03-05,101.211159
2024-03-06,102.013641
2024-03-07,103.623528
2024-03-08,102.082573
2024-03-11,101.801941
2024-03-12,103.889381
2024-03-13,102.766899
2024-03-14,102.786583
2024-03-15,101.235779
2024-03-18,101.733353
2024-03-19,102.261002
2024-03-20,103.405075
2024-03-21,103.479034
2024-03-22,103.513565
2024-03-25,102.828117
2024-03-26,102.404015
2024-03-27,102.926727
2024-03-28,102.704834
2024-04-01,102.990845
2024-04-02,101.999649
2024-04-03,102.270866
2024-04-04,100.653389
2024-04-05,101.807320
2024-04-08,101.688980
2024-04-09,102.201843
2024-04-10,100.949265
2024-04-11,102.966179
2024-04-12,101.299385
2024-04-15,99.376175
2024-04-16,99.494530
2024-04-17,98.059517
2024-04-18,96.940109
2024-04-19,94.942917
2024-04-22,95.791100
2024-04-23,97.211319
2024-04-24,97.655136
2024-04-25,97.443108
2024-04-26,98.542778
2024-04-29,98.966866
2024-04-30,96.787231
2024-05-01,95.796028
2024-05-02,97.176796
2024-05-03,99.884094
2024-05-06,101.057747
2024-05-07,100.727371
2024-05-08,101.013390
2024-05-09,100.983788
2024-05-10,101.358574
2024-05-13,101.836906
2024-05-14,102.739342
2024-05-15,105.052139
2024-05-16,104.687225
2024-05-17,104.455452
2024-05-20,105.683357
2024-05-21,105.855942
2024-05-22,106.092644
2024-05-23,105.229660
2024-05-24,106.117302
2024-05-28,106.566063
2024-05-29,105.890457
2024-05-30,103.474113
2024-05-31,103.636848
2024-06-03,103.898201
2024-06-04,104.115196
2024-06-05,106.427979
2024-06-06,106.072922
2024-06-07,106.319496
2024-06-10,106.590714
2024-06-11,108.573105
2024-06-12,110.974663
2024-06-13,111.852448
2024-06-14,112.271606
2024-06-17,113.972916
2024-06-18,114.115913
2024-06-20,112.833786
2024-06-21,112.636520
2024-06-24,109.875076
2024-06-25,111.890587
2024-06-26,111.762154
2024-06-27,111.816490
2024-06-28,111.757195
2024-07-01,112.601952
2024-07-02,113.165108
2024-07-03,114.691551
2024-07-05,115.042290
2024-07-08,115.827751
2024-07-09,115.733887
2024-07-10,117.413490
2024-07-11,114.474205
2024-07-12,115.496773
2024-07-15,115.704254
2024-07-16,115.318924
2024-07-17,110.833443
2024-07-18,110.843315
2024-07-19,109.109367
2024-07-22,111.692986
2024-07-23,111.248383
2024-07-24,106.644325
2024-07-25,105.503204
2024-07-26,106.841911
2024-07-29,106.367691
2024-07-30,103.695168
2024-07-31,108.086807
2024-08-01,104.055771
2024-08-02,101.131302
2024-08-05,97.762238
2024-08-06,99.091095
2024-08-07,97.485596
2024-08-08,101.126373
2024-08-09,101.580856
2024-08-12,102.410767
2024-08-13,105.557526
2024-08-14,106.135513
2024-08-15,109.188416
2024-08-16,109.371193
2024-08-19,111.174301
2024-08-20,110.784035
2024-08-21,111.436111
2024-08-22,108.872253
2024-08-23,110.635834
2024-08-26,109.247704
2024-08-27,109.909660
2024-08-28,108.393082
2024-08-29,107.414955
2024-08-30,108.842613
2024-09-03,103.843353
2024-09-04,103.576591
2024-09-05,103.418510
2024-09-06,100.736099
2024-09-09,102.386055
2024-09-10,103.917458
2024-09-11,107.464363
2024-09-12,108.353546
2024-09-13,108.896957
2024-09-16,108.482002
2024-09-17,108.269577
2024-09-18,107.281593
2024-09-19,110.467850
2024-09-20,109.929413
2024-09-23,109.909119
2024-09-24,110.661354
2024-09-25,110.978081
2024-09-26,112.447899
2024-09-27,111.398735
2024-09-30,111.725349
2024-10-01,109.003494
2024-10-02,109.810150
2024-10-03,110.265450
2024-10-04,111.492744
2024-10-07,110.725693
2024-10-08,112.794304
2024-10-09,114.056259
2024-10-10,114.026573
2024-10-11,114.224525
2024-10-14,115.714134
2024-10-15,113.170418
2024-10-16,113.521790
2024-10-17,113.868217
2024-10-18,114.274017
2024-10-21,114.808502
2024-10-22,114.689728
2024-10-23,113.046700
2024-10-24,113.378273
2024-10-25,113.967186
2024-10-28,113.932549
2024-10-29,115.466690
2024-10-30,113.630661
2024-10-31,109.983360
2024-11-01,110.809830
2024-11-04,110.725693
2024-11-05,112.284576
2024-11-06,115.481544
2024-11-07,117.495720
2024-11-08,117.367050
2024-11-11,116.718758
2024-11-12,116.867210
2024-11-13,116.461411
2024-11-14,116.065498
2024-11-15,113.185272
2024-11-18,113.551483
2024-11-19,114.481857
2024-11-20,114.382896
2024-11-21,115.545876
2024-11-22,115.605263
2024-11-25,115.600304
2024-11-26,116.179321
2024-11-27,114.605598
2024-11-29,115.669579
2024-12-02,116.768234
2024-12-03,117.188889
2024-12-04,119.331749
2024-12-05,118.727982
2024-12-06,119.188210
2024-12-09,118.411255
2024-12-10,116.768234
2024-12-11,118.460747
2024-12-12,117.797607
2024-12-13,118.302383
2024-12-16,119.485168
2024-12-17,118.762611
2024-12-18,114.932205
2024-12-19,115.055939
2024-12-20,116.773201
2024-12-23,118.010437
2024-12-24,119.229866
2024-12-26,119.309166
2024-12-27,117.722931
2024-12-30,116.225937
2024-12-31,115.259331
2025-01-02,114.986694
2025-01-03,116.860428
2025-01-06,118.347519
2025-01-07,115.973129
2025-01-08,115.933479
2025-01-10,113.405418
2025-01-13,112.602402
2025-01-14,112.899811
2025-01-15,115.145317
2025-01-16,114.258018
2025-01-17,116.047493
2025-01-21,117.014091
2025-01-22,119.656151
2025-01-23,119.869301
2025-01-24,118.620140
2025-01-27,112.805626
2025-01-28,115.814514
2025-01-29,114.872688
2025-01-30,115.085831
2025-01-31,114.411682
2025-02-03,112.870071
2025-02-04,114.495956
2025-02-05,116.087151
2025-02-06,116.404388
2025-02-07,115.408035
2025-02-10,117.093399
2025-02-11,117.147934
2025-02-12,116.895126
2025-02-13,118.550751
2025-02-14,118.952263
2025-02-18,120.037842
2025-02-19,120.047752
2025-02-20,119.666069
2025-02-21,116.424210
2025-02-24,114.758682
2025-02-25,113.271584
2025-02-26,114.505875
2025-02-27,110.337059
2025-02-28,111.794411
2025-03-03,108.393936
2025-03-04,108.309662
2025-03-05,109.831451
2025-03-06,106.782913
2025-03-07,108.329491
2025-03-10,103.724472
2025-03-11,103.303131
2025-03-12,104.929024
2025-03-13,102.936317
2025-03-14,106.049286
2025-03-17,106.787872
2025-03-18,105.161987
2025-03-19,106.530113
2025-03-20,105.771706
2025-03-21,106.059212
2025-03-24,108.067825
2025-03-25,108.425354
2025-03-26,106.007065
2025-03-27,105.028824
2025-03-28,102.481453
2025-03-31,102.531105
2025-04-01,103.280907
2025-04-02,104.045616
2025-04-03,96.944725
2025-04-04,90.558861
2025-04-07,91.100128
2025-04-08,89.247940
2025-04-09,101.230095
2025-04-10,96.517677
2025-04-11,98.494011
2025-04-14,99.392792
2025-04-15,99.755280
2025-04-16,96.289253
2025-04-17,95.767860
2025-04-21,93.294952
2025-04-22,95.569237
2025-04-23,98.340073
2025-04-24,102.009697
2025-04-25,103.519264
2025-04-28,103.350441
2025-04-29,103.832108
2025-04-30,104.264122
2025-05-01,105.793541
2025-05-02,107.561310
2025-05-05,106.990265
2025-05-06,106.101402
2025-05-07,107.164062
2025-05-08,108.186996
2025-05-09,108.052917
2025-05-12,113.068245
2025-05-13,115.511353
2025-05-14,116.261177
2025-05-15,116.420067
2025-05-16,116.638550
2025-05-19,116.469727
2025-05-20,116.032738
2025-05-21,113.852814
2025-05-22,113.882607
2025-05-23,112.626297
2025-05-27,115.302795
2025-05-28,114.826088
2025-05-29,115.019760
2025-05-30,114.662224
2025-06-02,115.675209
2025-06-03,117.413200
2025-06-04,117.586998
2025-06-05,117.254303
2025-06-06,118.361649
2025-06-09,118.942627
2025-06-10,119.608025
2025-06-11,119.344841
2025-06-12,120.452194
2025-06-13,118.763855
2025-06-16,120.685570
2025-06-17,119.831490
2025-06-18,119.975479
2025-06-20,119.444160
2025-06-23,120.806015
2025-06-24,122.974640
2025-06-25,124.024124
2025-06-26,124.879646
2025-06-27,124.730423
2025-06-30,125.953995
2025-07-01,124.829903
2025-07-02,126.147972
2025-07-03,127.809250
2025-07-07,126.794586
2025-07-08,127.476013
2025-07-09,128.241989
2025-07-10,127.819221
2025-07-11,127.257164
2025-07-14,127.152702
2025-07-15,128.281784
2025-07-16,128.679688
2025-07-17,129.848557
2025-07-18,129.764023
2025-07-21,129.933105
2025-07-22,128.729431
2025-07-23,129.465576
2025-07-24,130.012711
2025-07-25,130.311142
2025-07-28,131.350662
2025-07-29,131.355667
2025-07-30,131.649124
2025-07-31,130.684158
2025-08-01,127.863976
2025-08-04,130.460358
2025-08-05,129.381012
2025-08-06,130.838348
2025-08-07,130.957733
2025-08-08,132.265869
2025-08-11,131.370560
2025-08-12,133.404892
2025-08-13,133.454636
2025-08-14,133.166168
2025-08-15,132.156448
2025-08-18,132.439957
2025-08-19,130.127090
2025-08-20,129.246719
2025-08-21,128.779175
2025-08-22,130.525009
2025-08-25,130.231537
2025-08-26,130.828415
2025-08-27,131.534714
2025-08-28,132.574265
2025-08-29,130.539932
2025-09-02,129.221832
2025-09-03,129.992813
2025-09-04,130.634445
2025-09-05,130.743866
2025-09-08,131.723724
2025-09-09,131.977386
2025-09-10,134.369827
2025-09-11,134.822464
2025-09-12,134.732941
2025-09-15,135.946564
2025-09-16,135.474045
2025-09-17,135.006485
2025-09-18,137.339249
2025-09-19,138.731949
2025-09-22,140.772873
2025-09-23,139.557663
2025-09-24,138.696075
2025-09-25,138.452042
2025-09-26,138.870392
2025-09-29,139.612457
2025-09-30,140.374420
2025-10-01,141.749008
2025-10-02,142.515961
2025-10-03,141.798813
2025-10-06,143.233124
2025-10-07,142.276901
2025-10-08,144.772049
2025-10-09,144.528000
2025-10-10,138.646286
2025-10-13,142.022919
2025-10-14,140.200134
2025-10-15,141.589615
2025-10-16,141.694229
2025-10-17,141.943222
2025-10-20,143.526962
2025-10-21,143.601654
2025-10-22,142.182281
2025-10-23,143.975189
2025-10-24,146.211334
2025-10-27,148.910660
2025-10-28,150.384811
2025-10-29,151.465546
2025-10-30,149.602921
2025-10-31,149.747330
2025-11-03,150.359924
2025-11-04,146.390625
2025-11-05,146.963364
2025-11-06,144.010056
2025-11-07,143.512009
2025-11-10,147.182495
2025-11-11,145.927460
2025-11-12,146.380676
2025-11-13,142.730118
2025-11-14,143.507050
2025-11-17,141.260941
2025-11-18,138.965012
2025-11-19,139.931198
2025-11-20,135.538574
2025-11-21,136.061508
2025-11-24,139.303680
2025-11-25,139.677185
2025-11-26,141.330643
2025-11-28,142.545837
2025-12-01,142.610596
2025-12-02,144.079773
2025-12-03,144.423416
2025-12-04,144.961288
2025-12-05,146.022095
2025-12-08,147.048035
2025-12-09,147.436493
2025-12-10,148.143692
2025-12-11,147.386688
2025-12-12,143.123566
2025-12-15,141.739044
2025-12-16,141.998016
2025-12-17,138.840530
2025-12-18,140.982040
2025-12-19,144.029984
2025-12-22,144.807083
2025-12-23,145.595139
2025-12-24,145.944305
2025-12-26,146.173737
2025-12-29,145.515350
2025-12-30,145.056473
2025-12-31,143.619965
2026-01-02,143.949158
2026-01-05,144.268372
2026-01-06,146.293442
2026-01-07,146.173737
2026-01-08,143.889313
2026-01-09,145.794662
2026-01-12,146.433105
2026-01-13,146.123856
2026-01-14,144.348190
2026-01-15,145.106354
2026-01-16,145.265945
2026-01-20,141.495132
2026-01-21,143.460358
2026-01-22,144.527756
2026-01-23,144.737244
2026-01-26,145.724838
2026-01-27,147.690063
2026-01-28,148.867172
2026-01-29,146.512924
2026-01-30,143.530197
2026-02-02,144.906815
2026-02-03,141.734573
2026-02-04,137.784195
2026-02-05,135.300247
2026-02-06,140.786880
2026-02-09,143.001480
2026-02-10,142.203430
2026-02-11,142.622406
2026-02-12,138.871552
2026-02-13,139.220688
2026-02-17,139.140869
2026-02-18,140.567413
2026-02-19,139.869110
2026-02-20,140.537476
2026-02-23,138.183212
2026-02-24,139.978851
2026-02-25,142.662292
2026-02-26,140.667160
2026-02-27,138.422638
2026-03-02,139.200729
2026-03-03,137.165695
2026-03-04,139.500000
2026-03-05,139.839172
2026-03-06,136.956192
2026-03-09,139.420197
2026-03-10,139.420197
2026-03-11,140.088562
2026-03-12,137.504868
2026-03-13,136.467407
2026-03-16,138.442581
2026-03-17,139.200729
2026-03-18,137.624588
2026-03-19,138.093430
2026-03-20,134.961075
2026-03-23,136.786896
2026-03-24,135.987839
2026-03-25,136.597122
2026-03-26,132.342194
2026-03-27,129.765274
2026-03-30,127.348152
2026-03-31,132.741714
2026-04-01,134.749329
2026-04-02,135.828049
2026-04-06,136.617096
2026-04-07,137.266312
2026-04-08,141.521255
2026-04-09,141.900803
2026-04-10,142.450134
2026-04-13,145.436584
2026-04-14,147.763809
2026-04-15,150.121002
2026-04-16,151.838959
2026-04-17,154.166183
2026-04-20,154.375916
2026-04-21,154.505768
2026-04-22,157.901718
2026-04-23,155.654404
2026-04-24,160.029190
2026-04-27,160.378769
2026-04-28,157.662018
2026-04-29,158.920502
2026-04-30,159.310043
2026-05-01,161.677216
2026-05-04,161.857010
2026-05-05,165.432739
2026-05-06,169.827499
2026-05-07,169.487915
2026-05-08,175.310974
2026-05-11,177.668152
2026-05-12,174.991348
2026-05-13,176.639389
2026-05-14,179.286224
2026-05-15,176.050079
2026-05-18,174.152344
2026-05-19,173.033676
2026-05-20,176.929031
2026-05-21,178.387299
2026-05-22,180.175156
2026-05-26,184.919510
2026-05-27,184.210342
2026-05-28,186.627472
2026-05-29,190.792511
2026-06-01,195.526855
2026-06-02,197.973953
2026-06-03,195.996292
2026-06-04,192.939941
2026-06-05,180.085266
2026-06-08,183.960648
2026-06-09,180.554718
2026-06-10,176.419647
2026-06-11,182.991806
2026-06-12,184.579910
2026-06-15,191.561584
2026-06-16,186.217957
2026-06-17,185.578720
2026-06-18,191.212006
2026-06-22,192.149994
2026-06-23,184.190002
2026-06-24,183.050003
2026-06-25,184.570007
2026-06-26,181.110001
2026-06-29,185.410004
2026-06-30,190.520004
2026-07-01,185.619995
2026-07-02,180.589996
2026-07-06,183.570007
2026-07-07,179.179993
2026-07-08,181.399994
2026-07-09,185.350006
2026-07-10,185.779999
2026-07-13,181.279999
2026-07-14,183.619995
2026-07-15,181.580002
2026-07-16,177.520004
2026-07-17,175.589996
2026-07-20,176.289993
2026-07-21,180.779999
2026-07-22,180.270004
2026-07-23,178.449997
2026-07-24,175.880005
2026-07-27,174.300003
2026-07-28,171.089996
2026-07-29,166.570007
2026-07-30,175.729996
2026-07-31,175.350006
2026-08-03,178.039993
2026-08-04,186.899994
2026-08-05,185.910004
2026-08-06,185.330002
2026-08-07,187.970001
2026-08-10,186.320007
2026-08-11,186.089996
2026-08-12,188.860001
2026-08-13,190.770004
2026-08-14,190.009995
