date,value
1998-12-22,5.696743
1998-12-23,5.756572
1998-12-24,5.889057
1998-12-28,5.837771
1998-12-29,5.944612
1998-12-30,5.927516
1998-12-31,5.995897
1999-01-04,5.923247
1999-01-05,6.068548
1999-01-06,6.175388
1999-01-07,6.128379
1999-01-08,6.337786
1999-01-11,6.350608
1999-01-12,6.188207
1999-01-13,6.051449
1999-01-14,5.948885
1999-01-15,6.038632
1999-01-19,5.927516
1999-01-20,5.906147
1999-01-21,5.880509
1999-01-22,5.765120
1999-01-25,5.880509
1999-01-26,5.863412
1999-01-27,5.816406
1999-01-28,5.743752
1999-01-29,5.773668
1999-02-01,5.820678
1999-02-02,5.824951
1999-02-03,5.829223
1999-02-04,6.000171
1999-02-05,6.081369
1999-02-08,6.051449
1999-02-09,5.936064
1999-02-10,5.948885
1999-02-11,5.889057
1999-02-12,5.859139
1999-02-16,5.803583
1999-02-17,5.743752
1999-02-18,5.786488
1999-02-19,5.833499
1999-02-22,5.931793
1999-02-23,5.880509
1999-02-24,5.863412
1999-02-25,5.863412
1999-02-26,5.863412
1999-03-01,5.795034
1999-03-02,5.743752
1999-03-03,5.705291
1999-03-04,5.722382
1999-03-05,5.914696
1999-03-08,5.953158
1999-03-09,5.901877
1999-03-10,5.983075
1999-03-11,6.047179
1999-03-12,6.021536
1999-03-15,6.034358
1999-03-16,6.008716
1999-03-17,5.991624
1999-03-18,6.119830
1999-03-19,6.127549
1999-03-22,6.144699
1999-03-23,5.990334
1999-03-24,5.994619
1999-03-25,6.016064
1999-03-26,5.968892
1999-03-29,6.067516
1999-03-30,6.054653
1999-03-31,5.968892
1999-04-01,6.037498
1999-04-05,6.110395
1999-04-06,6.003197
1999-04-07,6.067516
1999-04-08,6.153276
1999-04-09,6.123260
1999-04-12,6.303356
1999-04-13,6.380540
1999-04-14,6.689275
1999-04-15,6.946555
1999-04-16,7.023738
1999-04-19,7.096640
1999-04-20,7.010876
1999-04-21,7.040889
1999-04-22,6.929405
1999-04-23,7.032313
1999-04-26,6.963709
1999-04-27,7.100921
1999-04-28,7.478269
1999-04-29,7.534010
1999-04-30,7.443966
1999-05-03,7.615483
1999-05-04,7.568317
1999-05-05,7.658365
1999-05-06,7.722683
1999-05-07,7.739836
1999-05-10,7.696956
1999-05-11,7.684091
1999-05-12,7.491132
1999-05-13,7.461115
1999-05-14,7.439673
1999-05-17,7.431098
1999-05-18,7.251002
1999-05-19,7.323900
1999-05-20,7.238141
1999-05-21,7.233854
1999-05-24,7.203835
1999-05-25,7.135231
1999-05-26,7.066620
1999-05-27,6.903677
1999-05-28,6.766459
1999-06-01,7.058043
1999-06-02,7.049469
1999-06-03,7.070908
1999-06-04,7.203835
1999-06-07,7.225277
1999-06-08,7.135231
1999-06-09,7.066620
1999-06-10,7.186684
1999-06-11,7.122366
1999-06-14,7.293883
1999-06-15,7.358203
1999-06-16,7.388219
1999-06-17,7.413947
1999-06-18,7.432771
1999-06-21,7.252109
1999-06-22,7.157487
1999-06-23,7.191895
1999-06-24,7.028443
1999-06-25,7.071457
1999-06-28,7.204800
1999-06-29,7.161782
1999-06-30,7.157487
1999-07-01,7.226305
1999-07-02,7.372549
1999-07-06,7.338140
1999-07-07,7.295126
1999-07-08,7.243510
1999-07-09,7.359643
1999-07-12,7.312332
1999-07-13,7.308029
1999-07-14,7.269320
1999-07-15,7.157487
1999-07-16,7.222003
1999-07-19,7.153184
1999-07-20,7.140276
1999-07-21,7.123069
1999-07-22,7.157487
1999-07-23,7.157487
1999-07-26,7.067153
1999-07-27,7.166084
1999-07-28,7.204800
1999-07-29,7.071457
1999-07-30,7.075758
1999-08-02,7.097263
1999-08-03,7.092960
1999-08-04,7.265018
1999-08-05,7.316634
1999-08-06,7.209100
1999-08-09,7.140276
1999-08-10,7.114472
1999-08-11,7.295126
1999-08-12,7.359643
1999-08-13,7.355347
1999-08-16,7.247813
1999-08-17,7.338140
1999-08-18,7.213405
1999-08-19,7.273618
1999-08-20,7.338140
1999-08-23,7.346744
1999-08-24,7.316634
1999-08-25,7.140276
1999-08-26,7.058549
1999-08-27,7.062850
1999-08-30,6.925209
1999-08-31,6.757457
1999-09-01,6.847784
1999-09-02,6.778963
1999-09-03,6.933814
1999-09-07,6.830578
1999-09-08,6.830578
1999-09-09,6.834883
1999-09-10,6.976826
1999-09-13,7.028443
1999-09-14,6.916605
1999-09-15,6.852087
1999-09-16,6.641319
1999-09-17,6.778530
1999-09-20,6.683601
1999-09-21,6.601624
1999-09-22,6.554163
1999-09-23,6.446285
1999-09-24,6.312532
1999-09-27,6.472181
1999-09-28,6.381570
1999-09-29,6.450603
1999-09-30,6.545527
1999-10-01,6.575734
1999-10-04,6.584364
1999-10-05,6.541218
1999-10-06,6.623199
1999-10-07,6.666343
1999-10-08,6.709496
1999-10-11,6.722434
1999-10-12,6.627511
1999-10-13,6.545527
1999-10-14,6.644769
1999-10-15,6.472181
1999-10-18,6.506698
1999-10-19,6.519639
1999-10-20,6.463546
1999-10-21,6.558472
1999-10-22,6.644769
1999-10-25,6.644769
1999-10-26,6.545527
1999-10-27,6.532584
1999-10-28,6.515326
1999-10-29,6.700860
1999-11-01,6.636142
1999-11-02,6.696550
1999-11-03,6.687917
1999-11-04,6.774215
1999-11-05,6.761268
1999-11-08,6.696550
1999-11-09,6.722434
1999-11-10,6.739699
1999-11-11,6.700860
1999-11-12,6.722434
1999-11-15,6.895026
1999-11-16,6.920922
1999-11-17,6.895026
1999-11-18,6.851881
1999-11-19,6.821677
1999-11-22,6.744008
1999-11-23,6.683601
1999-11-24,6.692233
1999-11-26,6.674977
1999-11-29,6.523954
1999-11-30,6.605940
1999-12-01,6.623199
1999-12-02,6.761268
1999-12-03,6.804419
1999-12-06,6.808730
1999-12-07,6.731064
1999-12-08,6.787158
1999-12-09,6.761268
1999-12-10,6.843249
1999-12-13,6.851881
1999-12-14,6.920922
1999-12-15,7.115081
1999-12-16,6.989952
1999-12-17,7.266325
1999-12-20,6.937021
1999-12-21,6.932690
1999-12-22,6.941355
1999-12-23,7.041013
1999-12-27,7.071344
1999-12-28,7.214327
1999-12-29,7.357316
1999-12-30,7.231666
1999-12-31,7.370315
2000-01-03,7.201328
2000-01-04,7.132000
2000-01-05,7.426641
2000-01-06,7.617290
2000-01-07,7.612959
2000-01-10,7.586958
2000-01-11,7.495968
2000-01-12,7.387646
2000-01-13,7.417979
2000-01-14,7.365981
2000-01-18,7.188333
2000-01-19,7.049679
2000-01-20,6.863363
2000-01-21,6.893693
2000-01-24,6.711709
2000-01-25,6.586054
2000-01-26,6.586054
2000-01-27,6.620717
2000-01-28,6.508065
2000-01-31,6.469068
2000-02-01,6.586054
2000-02-02,6.616384
2000-02-03,6.503727
2000-02-04,6.495064
2000-02-07,6.369409
2000-02-08,6.352075
2000-02-09,6.226424
2000-02-10,6.174428
2000-02-11,6.022774
2000-02-14,6.122430
2000-02-15,6.386741
2000-02-16,6.239421
2000-02-17,6.226424
2000-02-18,6.035773
2000-02-22,6.226424
2000-02-23,6.157096
2000-02-24,5.936116
2000-02-25,5.840792
2000-02-28,5.858122
2000-02-29,5.819129
2000-03-01,5.758464
2000-03-02,5.632810
2000-03-03,5.814793
2000-03-06,5.676139
2000-03-07,5.494155
2000-03-08,5.611146
2000-03-09,5.602480
2000-03-10,5.650143
2000-03-13,5.736800
2000-03-14,5.637143
2000-03-15,5.975110
2000-03-16,6.326077
2000-03-17,6.115242
2000-03-20,6.189080
2000-03-21,6.262909
2000-03-22,6.102213
2000-03-23,6.288970
2000-03-24,6.258570
2000-03-27,6.232509
2000-03-28,6.115242
2000-03-29,6.241193
2000-03-30,6.410581
2000-03-31,6.406240
2000-04-03,6.614715
2000-04-04,6.553907
2000-04-05,6.501786
2000-04-06,6.462699
2000-04-07,6.358460
2000-04-10,6.514819
2000-04-11,6.671171
2000-04-12,6.844901
2000-04-13,6.653801
2000-04-14,6.288970
2000-04-17,6.297656
2000-04-18,6.180394
2000-04-19,6.102213
2000-04-20,6.254223
2000-04-24,6.267255
2000-04-25,6.275941
2000-04-26,6.167360
2000-04-27,6.145647
2000-04-28,6.193421
2000-05-01,6.184739
2000-05-02,6.375836
2000-05-03,6.271597
2000-05-04,6.336746
2000-05-05,6.332402
2000-05-08,6.297656
2000-05-09,6.410581
2000-05-10,6.332402
2000-05-11,6.414923
2000-05-12,6.436638
2000-05-15,6.549566
2000-05-16,6.480073
2000-05-17,6.497444
2000-05-18,6.445326
2000-05-19,6.462699
2000-05-22,6.427954
2000-05-23,6.336746
2000-05-24,6.310686
2000-05-25,6.080495
2000-05-26,5.984947
2000-05-30,6.050096
2000-05-31,5.997978
2000-06-01,6.015347
2000-06-02,6.115242
2000-06-05,6.063124
2000-06-06,6.071809
2000-06-07,5.941515
2000-06-08,5.932829
2000-06-09,5.924139
2000-06-12,5.958886
2000-06-13,5.789503
2000-06-14,5.941515
2000-06-15,5.941515
2000-06-16,5.969440
2000-06-19,5.777442
2000-06-20,5.672713
2000-06-21,5.646531
2000-06-22,5.646531
2000-06-23,5.650899
2000-06-26,5.519988
2000-06-27,5.742530
2000-06-28,5.729442
2000-06-29,5.624713
2000-06-30,5.485077
2000-07-03,5.637804
2000-07-05,5.663988
2000-07-06,5.515624
2000-07-07,5.489441
2000-07-10,5.567988
2000-07-11,5.864713
2000-07-12,5.834168
2000-07-13,5.899622
2000-07-14,5.781805
2000-07-17,5.690168
2000-07-18,5.602896
2000-07-19,5.602896
2000-07-20,5.559263
2000-07-21,5.585444
2000-07-24,5.594171
2000-07-25,5.524351
2000-07-26,5.489441
2000-07-27,5.550531
2000-07-28,5.506897
2000-07-31,5.533078
2000-08-01,5.537442
2000-08-02,5.572350
2000-08-03,5.633442
2000-08-04,5.581078
2000-08-07,5.690168
2000-08-08,5.829805
2000-08-09,5.834168
2000-08-10,5.746897
2000-08-11,5.864713
2000-08-14,5.864713
2000-08-15,5.899622
2000-08-16,5.899622
2000-08-17,5.912712
2000-08-18,5.807986
2000-08-21,5.777442
2000-08-22,5.720716
2000-08-23,5.694533
2000-08-24,5.703262
2000-08-25,5.672713
2000-08-28,5.663988
2000-08-29,5.585444
2000-08-30,5.598531
2000-08-31,5.659625
2000-09-01,5.602896
2000-09-05,5.716351
2000-09-06,5.812349
2000-09-07,5.533078
2000-09-08,5.437076
2000-09-11,5.402170
2000-09-12,5.367261
2000-09-13,5.341079
2000-09-14,5.245080
2000-09-15,5.161857
2000-09-18,5.144300
2000-09-19,5.003841
2000-09-20,4.942390
2000-09-21,4.924834
2000-09-22,4.916056
2000-09-25,4.902886
2000-09-26,4.854604
2000-09-27,4.832657
2000-09-28,4.977508
2000-09-29,5.104795
2000-10-02,4.986279
2000-10-03,5.262813
2000-10-04,5.311094
2000-10-05,5.258421
2000-10-06,5.214530
2000-10-09,5.227698
2000-10-10,5.254035
2000-10-11,5.113575
2000-10-12,5.021399
2000-10-13,4.907275
2000-10-16,4.902886
2000-10-17,4.858993
2000-10-18,4.916056
2000-10-19,4.907275
2000-10-20,4.841439
2000-10-23,4.876552
2000-10-24,5.074069
2000-10-25,5.038954
2000-10-26,5.126741
2000-10-27,5.109187
2000-10-30,5.513001
2000-10-31,5.552509
2000-11-01,5.508616
2000-11-02,5.469110
2000-11-03,5.477889
2000-11-06,5.482279
2000-11-07,5.548119
2000-11-08,5.609567
2000-11-09,5.530560
2000-11-10,5.451552
2000-11-13,5.473501
2000-11-14,5.517394
2000-11-15,5.548119
2000-11-16,5.381325
2000-11-17,5.376934
2000-11-20,5.315483
2000-11-21,5.271589
2000-11-22,5.267200
2000-11-24,5.337431
2000-11-27,5.337431
2000-11-28,5.346210
2000-11-29,5.469110
2000-11-30,5.412049
2000-12-01,5.592014
2000-12-04,5.890488
2000-12-05,5.934379
2000-12-06,5.802698
2000-12-07,5.627131
2000-12-08,5.723692
2000-12-11,5.723692
2000-12-12,5.697356
2000-12-13,5.741247
2000-12-14,5.688577
2000-12-15,5.609567
2000-12-18,5.692652
2000-12-19,5.872798
2000-12-20,5.652121
2000-12-21,5.854786
2000-12-22,6.156531
2000-12-26,6.138518
2000-12-27,6.237599
2000-12-28,6.296146
2000-12-29,6.174548
2001-01-02,6.052948
2001-01-03,6.088975
2001-01-04,6.291642
2001-01-05,6.161035
2001-01-08,6.179050
2001-01-09,5.926845
2001-01-10,5.980891
2001-01-11,5.818758
2001-01-12,5.683647
2001-01-16,5.872798
2001-01-17,5.841274
2001-01-18,5.809750
2001-01-19,5.647615
2001-01-22,5.692652
2001-01-23,5.710668
2001-01-24,5.733188
2001-01-25,5.809750
2001-01-26,5.751202
2001-01-29,5.733006
2001-01-30,5.949181
2001-01-31,6.009713
2001-02-01,6.041420
2001-02-02,6.021240
2001-02-05,6.076006
2001-02-06,6.024126
2001-02-07,6.024126
2001-02-08,5.943419
2001-02-09,5.937656
2001-02-12,5.937656
2001-02-13,5.920358
2001-02-14,5.854065
2001-02-15,6.078891
2001-02-16,5.943419
2001-02-20,5.923242
2001-02-21,5.822360
2001-02-22,5.865591
2001-02-23,5.836771
2001-02-26,6.052948
2001-02-27,6.061595
2001-02-28,6.087537
2001-03-01,6.093301
2001-03-02,6.237418
2001-03-05,6.349828
2001-03-06,6.335420
2001-03-07,6.522771
2001-03-08,6.545829
2001-03-09,6.491068
2001-03-12,6.231652
2001-03-13,6.179773
2001-03-14,6.021240
2001-03-15,5.888652
2001-03-16,5.863751
2001-03-19,6.002743
2001-03-20,6.037491
2001-03-21,5.849273
2001-03-22,5.663947
2001-03-23,5.718965
2001-03-26,5.776881
2001-03-27,5.921664
2001-03-28,5.904290
2001-03-29,5.831899
2001-03-30,5.782670
2001-04-02,5.814528
2001-04-03,5.695799
2001-04-04,5.805833
2001-04-05,5.996953
2001-04-06,5.927456
2001-04-09,6.025908
2001-04-10,6.289414
2001-04-11,6.211234
2001-04-12,6.182274
2001-04-16,6.193857
2001-04-17,6.185172
2001-04-18,6.442888
2001-04-19,6.338644
2001-04-20,6.321270
2001-04-23,6.277833
2001-04-24,6.306787
2001-04-25,6.283624
2001-04-26,6.486322
2001-04-27,6.492111
2001-04-30,6.399453
2001-05-01,6.471842
2001-05-02,6.471842
2001-05-03,6.460256
2001-05-04,6.570295
2001-05-07,6.492111
2001-05-08,6.509484
2001-05-09,6.573186
2001-05-10,6.712183
2001-05-11,6.578984
2001-05-14,6.625312
2001-05-15,6.674542
2001-05-16,7.022023
2001-05-17,7.094414
2001-05-18,7.059662
2001-05-21,7.120477
2001-05-22,6.984381
2001-05-23,6.865652
2001-05-24,6.677438
2001-05-25,6.686123
2001-05-29,6.775890
2001-05-30,6.636897
2001-05-31,6.645584
2001-06-01,6.700603
2001-06-04,6.775890
2001-06-05,6.854074
2001-06-06,6.732456
2001-06-07,6.810637
2001-06-08,6.784576
2001-06-11,6.689020
2001-06-12,6.631103
2001-06-13,6.654272
2001-06-14,6.486322
2001-06-15,6.465673
2001-06-18,6.401686
2001-06-19,6.416227
2001-06-20,6.474395
2001-06-21,6.442401
2001-06-22,6.340603
2001-06-25,6.267889
2001-06-26,6.326061
2001-06-27,6.384232
2001-06-28,6.390050
2001-06-29,6.416227
2001-07-02,6.483120
2001-07-03,6.462759
2001-07-05,6.436585
2001-07-06,6.360963
2001-07-09,6.419129
2001-07-10,6.349331
2001-07-11,6.369688
2001-07-12,6.506391
2001-07-13,6.512207
2001-07-16,6.407498
2001-07-17,6.381320
2001-07-18,6.538383
2001-07-19,6.552925
2001-07-20,6.509302
2001-07-23,6.381320
2001-07-24,6.189358
2001-07-25,6.320242
2001-07-26,6.285340
2001-07-27,6.302796
2001-07-30,6.259165
2001-07-31,6.398775
2001-08-01,6.369688
2001-08-02,6.326061
2001-08-03,6.311521
2001-08-06,6.320242
2001-08-07,6.273705
2001-08-08,6.218445
2001-08-09,6.163183
2001-08-10,6.320242
2001-08-13,6.340603
2001-08-14,6.311521
2001-08-15,6.346425
2001-08-16,6.276616
2001-08-17,6.314425
2001-08-20,6.320242
2001-08-21,6.349331
2001-08-22,6.334787
2001-08-23,6.384232
2001-08-24,6.471489
2001-08-27,6.483120
2001-08-28,6.422043
2001-08-29,6.340603
2001-08-30,6.317335
2001-08-31,6.372597
2001-09-04,6.372597
2001-09-05,6.454036
2001-09-06,6.294070
2001-09-07,6.096290
2001-09-10,5.977035
2001-09-17,5.534942
2001-09-18,5.526215
2001-09-19,5.438960
2001-09-20,5.232451
2001-09-21,5.164281
2001-09-24,5.410056
2001-09-25,5.424686
2001-09-26,5.380798
2001-09-27,5.439316
2001-09-28,5.617799
2001-10-01,5.635352
2001-10-02,5.658762
2001-10-03,5.728984
2001-10-04,5.629502
2001-10-05,5.728984
2001-10-08,5.609020
2001-10-09,5.661687
2001-10-10,5.816758
2001-10-11,6.006947
2001-10-12,5.910393
2001-10-15,5.913317
2001-10-16,5.963060
2001-10-17,5.848946
2001-10-18,5.840167
2001-10-19,5.767022
2001-10-22,5.901612
2001-10-23,5.977688
2001-10-24,5.960131
2001-10-25,5.948431
2001-10-26,6.050837
2001-10-29,5.904538
2001-10-30,5.860651
2001-10-31,5.769945
2001-11-01,5.895762
2001-11-02,5.986468
2001-11-05,6.009877
2001-11-06,6.135690
2001-11-07,6.132767
2001-11-08,6.138614
2001-11-09,6.156172
2001-11-12,6.071320
2001-11-13,6.235172
2001-11-14,6.337580
2001-11-15,6.363913
2001-11-16,6.396098
2001-11-19,6.463394
2001-11-20,6.437061
2001-11-21,6.393173
2001-11-23,6.516060
2001-11-26,6.437061
2001-11-27,6.486801
2001-11-28,6.422430
2001-11-29,6.419502
2001-11-30,6.501430
2001-12-03,6.343431
2001-12-04,6.466321
2001-12-05,6.612620
2001-12-06,6.627247
2001-12-07,6.486801
2001-12-10,6.375618
2001-12-11,6.425357
2001-12-12,6.375618
2001-12-13,6.223466
2001-12-14,6.202984
2001-12-17,6.308320
2001-12-18,6.507283
2001-12-19,6.390244
2001-12-20,6.328800
2001-12-21,6.309660
2001-12-24,6.321440
2001-12-26,6.274333
2001-12-27,6.339106
2001-12-28,6.386217
2001-12-31,6.306721
2002-01-02,6.353826
2002-01-03,6.471599
2002-01-04,6.595256
2002-01-07,6.595256
2002-01-08,6.483377
2002-01-09,6.445103
2002-01-10,6.333220
2002-01-11,6.256664
2002-01-14,6.050561
2002-01-15,6.080008
2002-01-16,5.935736
2002-01-17,5.962236
2002-01-18,5.909238
2002-01-22,5.953401
2002-01-23,6.050561
2002-01-24,6.174225
2002-01-25,6.356772
2002-01-28,6.350881
2002-01-29,6.268445
2002-01-30,6.318497
2002-01-31,6.453933
2002-02-01,6.424494
2002-02-04,6.365607
2002-02-05,6.283167
2002-02-06,6.300828
2002-02-07,6.286106
2002-02-08,6.412713
2002-02-11,6.586430
2002-02-12,6.542262
2002-02-13,6.612927
2002-02-14,6.598208
2002-02-15,6.624700
2002-02-19,6.498095
2002-02-20,6.592318
2002-02-21,6.654150
2002-02-22,6.713034
2002-02-25,6.748367
2002-02-26,6.760142
2002-02-27,6.798420
2002-02-28,6.795475
2002-03-01,6.895580
2002-03-04,7.084016
2002-03-05,6.880857
2002-03-06,7.007465
2002-03-07,6.960355
2002-03-08,6.930912
2002-03-11,6.922080
2002-03-12,6.933856
2002-03-13,6.845526
2002-03-14,6.939745
2002-03-15,7.004444
2002-03-18,7.031032
2002-03-19,7.096028
2002-03-20,7.063528
2002-03-21,6.948312
2002-03-22,6.892182
2002-03-25,6.803556
2002-03-26,6.930586
2002-03-27,7.075345
2002-03-28,7.004444
2002-04-01,6.966036
2002-04-02,6.936498
2002-04-03,6.839006
2002-04-04,6.753336
2002-04-05,6.844915
2002-04-08,6.874455
2002-04-09,6.868548
2002-04-10,7.016256
2002-04-11,6.936498
2002-04-12,6.901046
2002-04-15,6.883319
2002-04-16,7.004444
2002-04-17,7.036939
2002-04-18,6.960130
2002-04-19,6.971946
2002-04-22,6.797649
2002-04-23,6.714931
2002-04-24,6.673572
2002-04-25,6.658799
2002-04-26,6.679476
2002-04-29,6.567222
2002-04-30,6.673572
2002-05-01,6.682436
2002-05-02,6.827191
2002-05-03,6.871506
2002-05-06,6.830144
2002-05-07,6.883319
2002-05-08,6.957175
2002-05-09,6.963083
2002-05-10,6.939455
2002-05-13,6.989669
2002-05-14,7.096028
2002-05-15,7.113750
2002-05-16,7.090114
2002-05-17,7.122612
2002-05-20,7.087166
2002-05-21,7.075345
2002-05-22,7.098979
2002-05-23,7.214193
2002-05-24,7.116704
2002-05-28,7.075345
2002-05-29,7.028076
2002-05-30,6.966036
2002-05-31,7.004444
2002-06-03,6.895138
2002-06-04,6.859687
2002-06-05,6.912863
2002-06-06,6.806511
2002-06-07,6.809466
2002-06-10,6.824236
2002-06-11,6.747426
2002-06-12,6.803556
2002-06-13,6.682436
2002-06-14,6.685390
2002-06-17,6.794694
2002-06-18,6.824236
2002-06-19,6.809466
2002-06-20,6.815371
2002-06-21,6.730753
2002-06-24,6.736695
2002-06-25,6.781229
2002-06-26,6.721848
2002-06-27,6.775294
2002-06-28,6.885147
2002-07-01,6.843580
2002-07-02,6.707005
2002-07-03,6.641687
2002-07-05,6.810919
2002-07-08,6.828736
2002-07-09,6.757479
2002-07-10,6.558554
2002-07-11,6.460577
2002-07-12,6.395257
2002-07-15,6.249775
2002-07-16,6.136954
2002-07-17,6.181489
2002-07-18,6.089452
2002-07-19,5.819266
2002-07-22,5.549089
2002-07-23,5.513463
2002-07-24,5.843023
2002-07-25,6.003348
2002-07-26,6.030068
2002-07-29,6.329939
2002-07-30,6.092419
2002-07-31,6.104293
2002-08-01,6.065696
2002-08-02,5.810362
2002-08-05,5.611440
2002-08-06,5.848961
2002-08-07,5.994443
2002-08-08,6.116171
2002-08-09,6.187426
2002-08-12,6.157737
2002-08-13,6.056791
2002-08-14,6.133986
2002-08-15,6.131017
2002-08-16,6.021162
2002-08-19,6.145862
2002-08-20,6.044913
2002-08-21,6.119139
2002-08-22,6.181489
2002-08-23,6.095386
2002-08-26,6.163672
2002-08-27,6.190396
2002-08-28,6.021162
2002-08-29,6.003348
2002-08-30,6.071635
2002-09-03,5.893495
2002-09-04,5.917245
2002-09-05,5.756922
2002-09-06,5.872713
2002-09-09,5.958813
2002-09-10,5.991472
2002-09-11,6.027100
2002-09-12,5.911308
2002-09-13,5.875682
2002-09-16,5.828175
2002-09-17,5.718322
2002-09-18,5.670818
2002-09-19,5.546121
2002-09-20,5.653942
2002-09-23,5.549404
2002-09-24,5.316435
2002-09-25,5.447856
2002-09-26,5.525509
2002-09-27,5.367212
2002-09-30,5.283583
2002-10-01,5.612126
2002-10-02,5.355266
2002-10-03,5.307477
2002-10-04,5.241766
2002-10-07,5.086456
2002-10-08,5.167101
2002-10-09,4.966986
2002-10-10,5.193981
2002-10-11,5.403054
2002-10-14,5.394096
2002-10-15,5.677837
2002-10-16,5.537460
2002-10-17,5.695759
2002-10-18,5.659914
2002-10-21,5.854055
2002-10-22,5.716662
2002-10-23,5.707705
2002-10-24,5.519539
2002-10-25,5.680822
2002-10-28,5.594205
2002-10-29,5.567325
2002-10-30,5.564339
2002-10-31,5.585247
2002-11-01,5.704714
2002-11-04,5.686798
2002-11-05,5.734584
2002-11-06,5.883924
2002-11-07,5.761463
2002-11-08,5.674848
2002-11-11,5.510577
2002-11-12,5.585247
2002-11-13,5.579272
2002-11-14,5.749520
2002-11-15,5.764450
2002-11-18,5.698743
2002-11-19,5.698743
2002-11-20,5.761463
2002-11-21,5.994433
2002-11-22,5.922752
2002-11-25,5.979499
2002-11-26,5.922752
2002-11-27,6.119876
2002-11-29,6.257269
2002-12-02,6.140783
2002-12-03,6.069103
2002-12-04,6.036248
2002-12-05,5.988457
2002-12-06,6.024297
2002-12-09,5.886910
2002-12-10,5.928723
2002-12-11,5.994433
2002-12-12,5.937681
2002-12-13,5.901843
2002-12-16,6.095980
2002-12-17,6.051178
2002-12-18,5.988457
2002-12-19,5.913790
2002-12-20,6.015808
2002-12-23,5.985713
2002-12-24,5.988723
2002-12-26,5.994746
2002-12-27,5.928539
2002-12-30,5.946593
2002-12-31,5.970667
2003-01-02,6.127159
2003-01-03,6.094055
2003-01-06,6.211417
2003-01-07,6.190357
2003-01-08,6.030858
2003-01-09,6.124149
2003-01-10,6.190357
2003-01-13,6.163271
2003-01-14,6.193364
2003-01-15,6.091046
2003-01-16,6.124149
2003-01-17,6.076000
2003-01-21,5.943584
2003-01-22,5.871357
2003-01-23,5.958630
2003-01-24,5.826216
2003-01-27,5.645650
2003-01-28,5.693803
2003-01-29,5.738946
2003-01-30,5.612549
2003-01-31,5.672738
2003-02-03,5.687786
2003-02-04,5.663710
2003-02-05,5.648661
2003-02-06,5.582453
2003-02-07,5.555368
2003-02-10,5.582453
2003-02-11,5.519256
2003-02-12,5.507221
2003-02-13,5.522269
2003-02-14,5.525277
2003-02-18,5.648661
2003-02-19,5.597501
2003-02-20,5.540322
2003-02-21,5.630604
2003-02-24,5.492173
2003-02-25,5.480135
2003-02-26,5.504209
2003-02-27,5.510228
2003-02-28,5.522269
2003-03-03,5.501199
2003-03-04,5.368786
2003-03-05,5.389853
2003-03-06,5.296562
2003-03-07,5.326655
2003-03-10,5.224334
2003-03-11,5.185211
2003-03-12,5.191232
2003-03-13,5.422955
2003-03-14,5.453052
2003-03-17,5.636622
2003-03-18,5.747970
2003-03-19,5.726906
2003-03-20,5.735934
2003-03-21,5.943319
2003-03-24,5.710540
2003-03-25,5.716587
2003-03-26,5.701470
2003-03-27,5.634964
2003-03-28,5.647058
2003-03-31,5.556366
2003-04-01,5.616826
2003-04-02,5.731705
2003-04-03,5.674264
2003-04-04,5.707518
2003-04-07,5.752864
2003-04-08,5.716587
2003-04-09,5.616826
2003-04-10,5.637989
2003-04-11,5.625896
2003-04-14,5.737749
2003-04-15,5.837509
2003-04-16,5.758908
2003-04-17,5.840530
2003-04-21,5.831462
2003-04-22,5.952383
2003-04-23,5.997730
2003-04-24,5.964477
2003-04-25,5.873783
2003-04-28,5.976569
2003-04-29,6.027964
2003-04-30,6.058193
2003-05-01,6.015869
2003-05-02,6.094469
2003-05-05,6.079353
2003-05-06,6.118652
2003-05-07,6.076328
2003-05-08,6.015869
2003-05-09,6.127722
2003-05-12,6.215390
2003-05-13,6.173068
2003-05-14,6.136792
2003-05-15,6.173068
2003-05-16,6.145862
2003-05-19,6.030985
2003-05-20,6.012847
2003-05-21,6.052147
2003-05-22,6.103539
2003-05-23,6.112604
2003-05-27,6.221437
2003-05-28,6.203300
2003-05-29,6.151907
2003-05-30,6.245620
2003-06-02,6.306083
2003-06-03,6.309104
2003-06-04,6.414911
2003-06-05,6.430027
2003-06-06,6.417939
2003-06-09,6.309104
2003-06-10,6.354448
2003-06-11,6.414911
2003-06-12,6.469325
2003-06-13,6.384683
2003-06-16,6.514672
2003-06-17,6.538855
2003-06-18,6.472350
2003-06-19,6.442120
2003-06-20,6.411416
2003-06-23,6.292851
2003-06-24,6.308056
2003-06-25,6.265493
2003-06-26,6.359733
2003-06-27,6.305010
2003-06-30,6.301972
2003-07-01,6.286775
2003-07-02,6.365815
2003-07-03,6.320213
2003-07-07,6.405337
2003-07-08,6.396217
2003-07-09,6.374936
2003-07-10,6.265493
2003-07-11,6.305010
2003-07-14,6.329332
2003-07-15,6.283730
2003-07-16,6.256374
2003-07-17,6.244212
2003-07-18,6.384055
2003-07-21,6.359733
2003-07-22,6.490454
2003-07-23,6.505653
2003-07-24,6.581656
2003-07-25,6.733657
2003-07-28,6.733657
2003-07-29,6.715416
2003-07-30,6.718456
2003-07-31,6.797499
2003-08-01,6.727577
2003-08-04,6.742776
2003-08-05,6.618133
2003-08-06,6.605974
2003-08-07,6.612057
2003-08-08,6.678937
2003-08-11,6.712378
2003-08-12,6.748855
2003-08-13,6.742776
2003-08-14,6.852218
2003-08-15,6.824860
2003-08-18,6.916058
2003-08-19,6.989016
2003-08-20,6.976858
2003-08-21,7.019421
2003-08-22,6.903899
2003-08-25,6.870461
2003-08-26,6.879580
2003-08-27,6.903899
2003-08-28,6.976858
2003-08-29,6.985979
2003-09-02,7.068060
2003-09-03,7.071098
2003-09-04,7.007264
2003-09-05,6.979898
2003-09-08,7.040699
2003-09-09,7.013340
2003-09-10,6.879580
2003-09-11,6.900858
2003-09-12,7.010299
2003-09-15,6.982937
2003-09-16,7.019421
2003-09-17,6.916058
2003-09-18,6.967737
2003-09-19,6.998302
2003-09-22,6.885229
2003-09-23,6.906615
2003-09-24,6.799661
2003-09-25,6.689641
2003-09-26,6.671303
2003-09-29,6.775208
2003-09-30,6.671303
2003-10-01,6.784377
2003-10-02,6.833274
2003-10-03,6.915785
2003-10-06,6.912730
2003-10-07,6.943287
2003-10-08,6.967737
2003-10-09,6.995243
2003-10-10,6.973852
2003-10-13,7.047196
2003-10-14,7.093039
2003-10-15,7.086927
2003-10-16,7.111372
2003-10-17,7.044141
2003-10-20,7.071645
2003-10-21,7.089982
2003-10-22,6.970793
2003-10-23,7.001353
2003-10-24,6.989133
2003-10-27,7.038030
2003-10-28,7.099149
2003-10-29,7.193884
2003-10-30,7.319180
2003-10-31,7.306955
2003-11-03,7.322239
2003-11-04,7.310014
2003-11-05,7.282509
2003-11-06,7.303901
2003-11-07,7.331404
2003-11-10,7.227500
2003-11-11,7.209164
2003-11-12,7.322239
2003-11-13,7.316125
2003-11-14,7.273338
2003-11-17,7.224442
2003-11-18,7.203054
2003-11-19,7.206107
2003-11-20,7.151097
2003-11-21,7.169435
2003-11-24,7.264174
2003-11-25,7.368079
2003-11-26,7.456702
2003-11-28,7.471986
2003-12-01,7.695075
2003-12-02,7.685907
2003-12-03,7.750079
2003-12-04,7.802035
2003-12-05,7.731746
2003-12-08,7.860100
2003-12-09,7.847874
2003-12-10,7.756196
2003-12-11,7.832594
2003-12-12,7.899827
2003-12-15,7.890657
2003-12-16,7.890657
2003-12-17,7.936498
2003-12-18,8.003730
2003-12-19,8.007725
2003-12-22,8.087653
2003-12-23,8.106098
2003-12-24,8.075356
2003-12-26,8.139907
2003-12-29,8.269016
2003-12-30,8.219835
2003-12-31,8.204462
2004-01-02,8.164501
2004-01-05,8.330496
2004-01-06,8.256719
2004-01-07,8.213685
2004-01-08,8.305905
2004-01-09,8.161427
2004-01-12,8.146059
2004-01-13,8.041544
2004-01-14,8.075356
2004-01-15,8.013878
2004-01-16,8.010802
2004-01-20,8.041544
2004-01-21,8.047692
2004-01-22,7.964692
2004-01-23,7.810993
2004-01-26,7.884766
2004-01-27,7.863251
2004-01-28,7.798701
2004-01-29,7.749511
2004-01-30,7.841733
2004-02-02,7.804843
2004-02-03,7.761809
2004-02-04,7.709552
2004-02-05,7.807915
2004-02-06,7.964692
2004-02-09,7.970838
2004-02-10,8.013878
2004-02-11,8.210612
2004-02-12,8.186021
2004-02-13,8.121467
2004-02-17,8.207534
2004-02-18,8.173721
2004-02-19,8.225983
2004-02-20,8.155276
2004-02-23,8.158355
2004-02-24,8.195240
2004-02-25,8.207534
2004-02-26,8.207534
2004-02-27,8.250574
2004-03-01,8.385829
2004-03-02,8.281309
2004-03-03,8.232128
2004-03-04,8.278241
2004-03-05,8.275167
2004-03-08,8.186021
2004-03-09,8.063058
2004-03-10,7.838661
2004-03-11,7.767957
2004-03-12,7.893993
2004-03-15,7.703407
2004-03-16,7.777181
2004-03-17,7.875550
2004-03-18,7.872474
2004-03-19,7.872161
2004-03-22,7.699421
2004-03-23,7.739521
2004-03-24,7.705588
2004-03-25,7.906096
2004-03-26,7.927692
2004-03-29,8.041822
2004-03-30,8.100435
2004-03-31,8.060332
2004-04-01,8.118940
2004-04-02,8.254670
2004-04-05,8.226908
2004-04-06,8.267007
2004-04-07,8.171379
2004-04-08,8.125111
2004-04-12,8.217650
2004-04-13,8.038739
2004-04-14,8.066503
2004-04-15,8.112770
2004-04-16,8.183717
2004-04-19,8.171379
2004-04-20,8.001723
2004-04-21,7.924603
2004-04-22,8.189888
2004-04-23,8.128198
2004-04-26,8.088094
2004-04-27,8.103517
2004-04-28,7.828979
2004-04-29,7.733353
2004-04-30,7.687079
2004-05-03,7.711759
2004-05-04,7.785793
2004-05-05,7.758029
2004-05-06,7.680914
2004-05-07,7.406375
2004-05-10,7.394033
2004-05-11,7.486576
2004-05-12,7.474238
2004-05-13,7.532846
2004-05-14,7.505085
2004-05-17,7.363187
2004-05-18,7.498915
2004-05-19,7.514339
2004-05-20,7.495829
2004-05-21,7.576031
2004-05-24,7.650064
2004-05-25,7.801219
2004-05-26,7.822809
2004-05-27,7.896840
2004-05-28,7.903015
2004-06-01,7.884501
2004-06-02,7.899927
2004-06-03,7.751861
2004-06-04,7.822809
2004-06-07,7.983214
2004-06-08,7.989386
2004-06-09,7.896840
2004-06-10,7.933859
2004-06-14,7.822809
2004-06-15,7.903015
2004-06-16,7.906096
2004-06-17,7.936942
2004-06-18,8.045417
2004-06-21,8.014421
2004-06-22,8.042315
2004-06-23,8.141489
2004-06-24,8.135288
2004-06-25,8.156983
2004-06-28,8.129090
2004-06-29,8.240659
2004-06-30,8.299542
2004-07-01,8.150785
2004-07-02,8.101201
2004-07-06,8.039215
2004-07-07,8.132194
2004-07-08,8.064010
2004-07-09,8.095001
2004-07-12,8.101201
2004-07-13,8.129090
2004-07-14,8.129090
2004-07-15,8.144589
2004-07-16,8.163183
2004-07-19,8.125993
2004-07-20,8.113596
2004-07-21,7.958638
2004-07-22,7.924549
2004-07-23,7.884258
2004-07-26,7.816078
2004-07-27,7.949341
2004-07-28,8.020621
2004-07-29,8.125993
2004-07-30,8.110493
2004-08-02,8.160083
2004-08-03,8.079505
2004-08-04,8.091901
2004-08-05,7.918352
2004-08-06,7.775785
2004-08-09,7.825373
2004-08-10,7.952438
2004-08-11,7.924549
2004-08-12,7.816078
2004-08-13,7.788185
2004-08-16,8.005125
2004-08-17,8.048516
2004-08-18,8.119795
2004-08-19,8.132194
2004-08-20,8.197273
2004-08-23,8.129090
2004-08-24,8.150785
2004-08-25,8.240659
2004-08-26,8.284052
2004-08-27,8.293348
2004-08-30,8.222064
2004-08-31,8.246860
2004-09-01,8.280950
2004-09-02,8.395616
2004-09-03,8.377023
2004-09-07,8.451402
2004-09-08,8.355332
2004-09-09,8.370824
2004-09-10,8.302639
2004-09-13,8.293348
2004-09-14,8.284052
2004-09-15,8.249960
2004-09-16,8.284052
2004-09-17,8.248235
2004-09-20,8.257581
2004-09-21,8.294948
2004-09-22,8.223330
2004-09-23,8.151721
2004-09-24,8.223330
2004-09-27,8.213986
2004-09-28,8.416382
2004-09-29,8.456858
2004-09-30,8.578294
2004-10-01,8.625001
2004-10-04,8.643688
2004-10-05,8.631226
2004-10-06,8.771348
2004-10-07,8.659252
2004-10-08,8.609435
2004-10-11,8.609435
2004-10-12,8.516025
2004-10-13,8.322974
2004-10-14,8.307405
2004-10-15,8.385247
2004-10-18,8.363447
2004-10-19,8.164169
2004-10-20,8.220222
2004-10-21,8.279377
2004-10-22,8.226447
2004-10-25,8.307405
2004-10-26,8.388357
2004-10-27,8.484885
2004-10-28,8.375903
2004-10-29,8.497339
2004-11-01,8.506680
2004-11-02,8.466203
2004-11-03,8.590751
2004-11-04,8.796254
2004-11-05,8.833619
2004-11-08,8.836733
2004-11-09,8.927032
2004-11-10,8.923916
2004-11-11,8.992419
2004-11-12,9.085832
2004-11-15,9.029786
2004-11-16,8.976853
2004-11-17,9.045353
2004-11-18,9.073378
2004-11-19,9.011103
2004-11-22,9.116971
2004-11-23,9.073378
2004-11-24,9.160558
2004-11-26,9.250861
2004-11-29,9.225951
2004-11-30,9.188584
2004-12-01,9.272655
2004-12-02,9.157449
2004-12-03,9.151218
2004-12-06,9.126310
2004-12-07,8.933262
2004-12-08,8.970624
2004-12-09,9.029786
2004-12-10,9.026670
2004-12-13,9.157449
2004-12-14,9.148104
2004-12-15,9.244634
2004-12-16,9.173014
2004-12-17,9.161113
2004-12-20,9.198697
2004-12-21,9.314578
2004-12-22,9.317716
2004-12-23,9.339636
2004-12-27,9.317716
2004-12-28,9.370961
2004-12-29,9.374090
2004-12-30,9.330240
2004-12-31,9.311450
2005-01-03,9.217491
2005-01-04,9.051494
2005-01-05,8.926213
2005-01-06,8.985726
2005-01-07,9.001383
2005-01-10,9.042099
2005-01-11,8.948138
2005-01-12,9.007647
2005-01-13,8.973194
2005-01-14,9.057758
2005-01-18,9.092211
2005-01-19,9.029570
2005-01-20,8.979457
2005-01-21,8.941879
2005-01-24,8.816593
2005-01-25,8.863571
2005-01-26,8.879235
2005-01-27,8.926213
2005-01-28,8.916815
2005-01-31,9.026442
2005-02-01,9.101606
2005-02-02,9.195564
2005-02-03,9.142323
2005-02-04,9.245682
2005-02-07,9.242547
2005-02-08,9.242547
2005-02-09,9.114132
2005-02-10,9.236284
2005-02-11,9.327112
2005-02-14,9.336507
2005-02-15,9.386621
2005-02-16,9.505632
2005-02-17,9.471184
2005-02-18,9.577672
2005-02-22,9.433598
2005-02-23,9.577672
2005-02-24,9.681024
2005-02-25,9.831364
2005-02-28,9.737407
2005-03-01,9.749929
2005-03-02,9.721742
2005-03-03,9.712347
2005-03-04,10.016152
2005-03-07,9.906534
2005-03-08,9.881474
2005-03-09,9.903399
2005-03-10,9.778119
2005-03-11,9.837628
2005-03-14,9.834493
2005-03-15,9.787516
2005-03-16,9.577672
2005-03-17,9.690424
2005-03-18,9.689164
2005-03-21,9.632598
2005-03-22,9.601166
2005-03-23,9.506885
2005-03-24,9.506885
2005-03-28,9.453460
2005-03-29,9.242889
2005-03-30,9.400031
2005-03-31,9.478601
2005-04-01,9.450313
2005-04-04,9.393744
2005-04-05,9.412601
2005-04-06,9.459744
2005-04-07,9.563452
2005-04-08,9.425171
2005-04-11,9.393744
2005-04-12,9.384317
2005-04-13,9.123467
2005-04-14,8.868906
2005-04-15,8.648909
2005-04-18,8.787190
2005-04-19,8.894043
2005-04-20,8.746334
2005-04-21,8.909758
2005-04-22,8.824908
2005-04-25,8.912901
2005-04-26,8.743195
2005-04-27,8.658340
2005-04-28,8.589191
2005-04-29,8.802905
2005-05-02,8.875191
2005-05-03,8.931756
2005-05-04,9.070043
2005-05-05,9.016618
2005-05-06,9.038611
2005-05-09,9.026038
2005-05-10,8.890903
2005-05-11,8.900330
2005-05-12,8.658340
2005-05-13,8.488626
2005-05-16,8.526339
2005-05-17,8.645766
2005-05-18,8.865759
2005-05-19,8.821762
2005-05-20,8.765187
2005-05-23,8.834332
2005-05-24,8.806050
2005-05-25,8.714909
2005-05-26,8.780908
2005-05-27,8.809191
2005-05-31,8.746334
2005-06-01,8.878332
2005-06-02,8.850044
2005-06-03,8.831187
2005-06-06,8.806050
2005-06-07,8.859472
2005-06-08,8.799759
2005-06-09,8.762049
2005-06-10,8.840618
2005-06-13,8.897187
2005-06-14,8.912901
2005-06-15,8.997758
2005-06-16,9.092040
2005-06-17,9.095515
2005-06-20,9.000768
2005-06-21,8.953398
2005-06-22,8.943920
2005-06-23,8.732325
2005-06-24,8.634423
2005-06-27,8.612316
2005-06-28,8.748114
2005-06-29,8.710216
2005-06-30,8.571258
2005-07-01,8.564940
2005-07-05,8.587044
2005-07-06,8.558625
2005-07-07,8.577572
2005-07-08,8.744955
2005-07-11,8.864966
2005-07-12,8.842861
2005-07-13,8.814438
2005-07-14,8.827069
2005-07-15,8.811279
2005-07-18,8.792329
2005-07-19,8.934445
2005-07-20,9.073405
2005-07-21,9.029195
2005-07-22,9.086041
2005-07-25,9.010242
2005-07-26,8.883916
2005-07-27,8.978662
2005-07-28,9.079721
2005-07-29,9.044981
2005-08-01,9.000768
2005-08-02,9.136568
2005-08-03,9.174464
2005-08-04,9.076562
2005-08-05,9.029195
2005-08-08,9.029195
2005-08-09,9.086041
2005-08-10,9.114462
2005-08-11,9.190256
2005-08-12,9.123936
2005-08-15,9.117620
2005-08-16,8.940763
2005-08-17,8.931288
2005-08-18,8.855494
2005-08-19,8.874440
2005-08-22,8.877602
2005-08-23,8.732325
2005-08-24,8.650211
2005-08-25,8.656530
2005-08-26,8.612316
2005-08-29,8.666004
2005-08-30,8.583888
2005-08-31,8.666004
2005-09-01,8.691266
2005-09-02,8.684956
2005-09-06,8.744955
2005-09-07,8.798643
2005-09-08,8.751271
2005-09-09,8.842861
2005-09-12,8.864966
2005-09-13,8.770222
2005-09-14,8.801801
2005-09-15,8.776538
2005-09-16,8.837505
2005-09-19,8.773997
2005-09-20,8.640630
2005-09-21,8.542188
2005-09-22,8.592993
2005-09-23,8.599349
2005-09-26,8.589817
2005-09-27,8.589817
2005-09-28,8.615220
2005-09-29,8.666027
2005-09-30,8.732718
2005-10-03,8.697786
2005-10-04,8.602520
2005-10-05,8.405633
2005-10-06,8.361181
2005-10-07,8.443745
2005-10-10,8.399285
2005-10-11,8.408808
2005-10-12,8.342129
2005-10-13,8.329424
2005-10-14,8.358000
2005-10-17,8.421513
2005-10-18,8.332599
2005-10-19,8.402458
2005-10-20,8.345304
2005-10-21,8.421513
2005-10-24,8.615220
2005-10-25,8.608871
2005-10-26,8.678733
2005-10-27,8.589817
2005-10-28,8.726362
2005-10-31,8.751768
2005-11-01,8.780347
2005-11-02,8.885139
2005-11-03,8.856563
2005-11-04,8.843858
2005-11-07,8.891492
2005-11-08,8.847034
2005-11-09,8.837505
2005-11-10,8.961351
2005-11-11,9.085197
2005-11-14,9.174115
2005-11-15,9.148711
2005-11-16,9.164587
2005-11-17,9.278909
2005-11-18,9.304313
2005-11-21,9.364650
2005-11-22,9.393228
2005-11-23,9.377344
2005-11-25,9.431332
2005-11-28,9.405933
2005-11-29,9.491666
2005-11-30,9.421803
2005-12-01,9.605989
2005-12-02,9.564705
2005-12-05,9.590113
2005-12-06,9.659969
2005-12-07,9.634569
2005-12-08,9.618688
2005-12-09,9.593287
2005-12-12,9.593287
2005-12-13,9.679025
2005-12-14,9.625042
2005-12-15,9.574230
2005-12-16,9.537744
2005-12-19,9.492937
2005-12-20,9.457730
2005-12-21,9.640162
2005-12-22,9.739379
2005-12-23,9.768185
2005-12-27,9.707376
2005-12-28,9.790592
2005-12-29,9.774590
2005-12-30,9.691371
2006-01-03,9.896212
2006-01-04,9.957023
2006-01-05,9.941021
2006-01-06,10.046638
2006-01-09,10.043439
2006-01-10,9.979427
2006-01-11,9.902614
2006-01-12,9.764987
2006-01-13,9.787393
2006-01-17,9.796991
2006-01-18,9.700976
2006-01-19,9.803396
2006-01-20,9.636960
2006-01-23,9.768185
2006-01-24,9.877009
2006-01-25,9.925018
2006-01-26,10.043439
2006-01-27,10.113854
2006-01-30,10.142657
2006-01-31,10.158657
2006-02-01,10.187466
2006-02-02,10.037037
2006-02-03,9.947420
2006-02-06,10.126651
2006-02-07,9.861004
2006-02-08,9.877009
2006-02-09,9.909013
2006-02-10,9.889810
2006-02-13,9.790592
2006-02-14,10.053041
2006-02-15,10.008228
2006-02-16,10.139454
2006-02-17,10.129853
2006-02-21,10.133053
2006-02-22,10.174664
2006-02-23,10.123458
2006-02-24,10.152258
2006-02-27,10.069043
2006-02-28,9.941021
2006-03-01,10.094647
2006-03-02,10.155461
2006-03-03,10.158657
2006-03-06,10.021032
2006-03-07,9.925018
2006-03-08,9.864207
2006-03-09,9.844999
2006-03-10,10.021032
2006-03-13,10.043439
2006-03-14,10.229074
2006-03-15,10.350697
2006-03-16,10.366695
2006-03-17,10.353189
2006-03-20,10.330672
2006-03-21,10.179510
2006-03-22,10.285645
2006-03-23,10.314592
2006-03-24,10.308160
2006-03-27,10.378917
2006-03-28,10.292079
2006-03-29,10.465755
2006-03-30,10.504350
2006-03-31,10.404650
2006-04-03,10.533298
2006-04-04,10.549380
2006-04-05,10.694116
2006-04-06,10.716632
2006-04-07,10.552598
2006-04-10,10.549380
2006-04-11,10.472197
2006-04-12,10.542952
2006-04-13,10.597627
2006-04-17,10.690900
2006-04-18,10.983576
2006-04-19,11.057549
2006-04-20,10.954634
2006-04-21,11.063992
2006-04-24,11.025389
2006-04-25,10.948198
2006-04-26,10.944984
2006-04-27,10.726274
2006-04-28,10.774520
2006-05-01,10.845281
2006-05-02,10.951418
2006-05-03,10.954634
2006-05-04,11.063992
2006-05-05,11.141175
2006-05-08,11.182986
2006-05-09,11.256960
2006-05-10,11.260176
2006-05-11,11.105795
2006-05-12,10.867791
2006-05-15,10.726274
2006-05-16,10.729494
2006-05-17,10.440025
2006-05-18,10.330672
2006-05-19,10.372485
2006-05-22,10.147344
2006-05-23,10.169862
2006-05-24,10.124833
2006-05-25,10.298509
2006-05-26,10.472197
2006-05-30,10.224535
2006-05-31,10.340326
2006-06-01,10.452894
2006-06-02,10.552598
2006-06-05,10.237401
2006-06-06,10.150563
2006-06-07,9.918989
2006-06-08,9.886828
2006-06-09,9.835368
2006-06-12,9.680986
2006-06-13,9.516960
2006-06-14,9.642391
2006-06-15,9.964022
2006-06-16,9.904767
2006-06-19,9.707253
2006-06-20,9.749348
2006-06-21,9.985714
2006-06-22,9.933906
2006-06-23,10.018089
2006-06-26,10.047233
2006-06-27,9.920958
2006-06-28,9.946861
2006-06-29,10.345119
2006-06-30,10.393690
2006-07-03,10.516730
2006-07-05,10.390453
2006-07-06,10.380739
2006-07-07,10.299788
2006-07-10,10.325694
2006-07-11,10.312740
2006-07-12,10.238275
2006-07-13,9.950095
2006-07-14,9.966290
2006-07-17,9.833534
2006-07-18,9.875626
2006-07-19,10.141135
2006-07-20,9.859435
2006-07-21,9.729918
2006-07-24,9.875626
2006-07-25,10.027807
2006-07-26,10.005144
2006-07-27,9.784964
2006-07-28,9.963045
2006-07-31,10.005144
2006-08-01,9.924195
2006-08-02,10.082847
2006-08-03,10.144372
2006-08-04,10.095802
2006-08-07,10.144372
2006-08-08,10.037519
2006-08-09,10.047233
2006-08-10,10.073140
2006-08-11,9.959808
2006-08-14,9.933906
2006-08-15,10.144372
2006-08-16,10.322454
2006-08-17,10.257698
2006-08-18,10.257698
2006-08-21,10.257698
2006-08-22,10.286841
2006-08-23,10.270652
2006-08-24,10.189703
2006-08-25,10.222082
2006-08-28,10.212370
2006-08-29,10.254457
2006-08-30,10.257698
2006-08-31,10.306268
2006-09-01,10.422829
2006-09-05,10.484350
2006-09-06,10.354838
2006-09-07,10.241508
2006-09-08,10.280360
2006-09-11,10.005144
2006-09-12,10.121707
2006-09-13,10.192942
2006-09-14,10.160562
2006-09-15,10.151769
2006-09-18,10.275527
2006-09-19,10.145255
2006-09-20,10.233194
2006-09-21,10.141994
2006-09-22,10.132228
2006-09-25,10.187594
2006-09-26,10.389524
2006-09-27,10.366725
2006-09-28,10.396036
2006-09-29,10.304839
2006-10-02,10.324381
2006-10-03,10.187594
2006-10-04,10.203878
2006-10-05,10.366725
2006-10-06,10.415580
2006-10-09,10.500254
2006-10-10,10.549109
2006-10-11,10.454658
2006-10-12,10.562138
2006-10-13,10.666357
2006-10-16,10.744522
2006-10-17,10.669615
2006-10-18,10.630532
2006-10-19,10.702183
2006-10-20,10.643559
2006-10-23,10.711958
2006-10-24,10.835717
2006-10-25,10.825948
2006-10-26,10.848746
2006-10-27,10.874802
2006-10-30,10.904113
2006-10-31,10.923653
2006-11-01,10.838972
2006-11-02,10.874802
2006-11-03,10.838972
2006-11-06,10.972503
2006-11-07,10.936683
2006-11-08,10.962733
2006-11-09,11.083239
2006-11-10,10.975765
2006-11-13,11.083239
2006-11-14,11.079984
2006-11-15,11.125584
2006-11-16,11.066958
2006-11-17,11.018102
2006-11-20,11.229802
2006-11-21,11.259110
2006-11-22,11.415443
2006-11-24,11.425218
2006-11-27,11.236320
2006-11-28,11.281911
2006-11-29,11.376361
2006-11-30,11.399160
2006-12-01,11.307966
2006-12-04,11.474069
2006-12-05,11.522923
2006-12-06,11.477323
2006-12-07,11.548981
2006-12-08,11.578292
2006-12-11,11.535951
2006-12-12,11.405675
2006-12-13,11.474069
2006-12-14,11.558748
2006-12-15,11.645672
2006-12-18,11.527141
2006-12-19,11.612743
2006-12-20,11.556770
2006-12-21,11.418489
2006-12-22,11.355931
2006-12-26,11.454709
2006-12-27,11.566651
2006-12-28,11.550192
2006-12-29,11.471171
2007-01-03,11.395438
2007-01-04,11.342756
2007-01-05,11.267030
2007-01-08,11.267030
2007-01-09,11.270323
2007-01-10,11.349343
2007-01-11,11.471171
2007-01-12,11.599576
2007-01-16,11.629208
2007-01-17,11.668721
2007-01-18,11.599576
2007-01-19,11.777372
2007-01-22,11.655553
2007-01-23,11.803714
2007-01-24,11.925537
2007-01-25,11.886026
2007-01-26,11.879439
2007-01-29,11.833347
2007-01-30,11.866270
2007-01-31,11.935407
2007-02-01,12.080289
2007-02-02,12.060526
2007-02-05,12.011143
2007-02-06,12.093454
2007-02-07,12.093454
2007-02-08,12.106624
2007-02-09,12.050657
2007-02-12,12.100039
2007-02-13,12.343690
2007-02-14,12.419420
2007-02-15,12.478680
2007-02-16,12.416120
2007-02-20,12.518193
2007-02-21,12.597209
2007-02-22,12.593924
2007-02-23,12.643311
2007-02-26,12.758545
2007-02-27,12.241617
2007-02-28,12.254789
2007-03-01,12.202113
2007-03-02,12.001266
2007-03-05,11.843222
2007-03-06,12.083579
2007-03-07,12.024315
2007-03-08,12.142846
2007-03-09,12.284425
2007-03-12,12.323934
2007-03-13,12.024315
2007-03-14,12.100039
2007-03-15,12.330517
2007-03-16,12.230957
2007-03-19,12.412276
2007-03-20,12.465029
2007-03-21,12.606785
2007-03-22,12.547443
2007-03-23,12.600192
2007-03-26,12.689199
2007-03-27,12.550743
2007-03-28,12.425467
2007-03-29,12.521070
2007-03-30,12.544144
2007-04-02,12.540857
2007-04-03,12.676016
2007-04-04,12.695797
2007-04-05,12.679314
2007-04-09,12.873819
2007-04-10,12.732061
2007-04-11,12.676016
2007-04-12,12.788111
2007-04-13,12.817779
2007-04-16,12.989212
2007-04-17,12.867231
2007-04-18,12.798001
2007-04-19,12.751842
2007-04-20,12.883717
2007-04-23,12.880420
2007-04-24,12.827672
2007-04-25,13.032067
2007-04-26,12.979321
2007-04-27,12.969432
2007-04-30,12.732061
2007-05-01,12.679314
2007-05-02,12.830966
2007-05-03,12.873819
2007-05-04,12.989212
2007-05-07,13.160642
2007-05-08,13.170535
2007-05-09,13.226574
2007-05-10,12.972731
2007-05-11,13.124372
2007-05-14,13.107895
2007-05-15,13.190313
2007-05-16,13.236467
2007-05-17,13.229878
2007-05-18,13.279321
2007-05-21,13.299103
2007-05-22,13.219984
2007-05-23,13.279321
2007-05-24,13.137567
2007-05-25,13.292515
2007-05-29,13.249650
2007-05-30,13.417793
2007-05-31,13.483721
2007-06-01,13.671637
2007-06-04,13.589220
2007-06-05,13.543063
2007-06-06,13.368334
2007-06-07,13.068331
2007-06-08,13.318886
2007-06-11,13.203500
2007-06-12,13.041958
2007-06-13,13.348561
2007-06-14,13.450751
2007-06-15,13.610704
2007-06-18,13.610704
2007-06-19,13.676941
2007-06-20,13.504734
2007-06-21,13.580900
2007-06-22,13.541167
2007-06-25,13.329217
2007-06-26,13.163634
2007-06-27,13.279547
2007-06-28,13.329217
2007-06-29,13.412005
2007-07-02,13.627261
2007-07-03,13.630576
2007-07-05,13.660378
2007-07-06,13.776286
2007-07-09,13.809405
2007-07-10,13.610704
2007-07-11,13.710054
2007-07-12,14.057772
2007-07-13,14.206797
2007-07-16,14.130630
2007-07-17,14.256470
2007-07-18,14.279652
2007-07-19,14.312761
2007-07-20,14.173676
2007-07-23,14.157122
2007-07-24,13.875636
2007-07-25,13.643827
2007-07-26,13.190130
2007-07-27,12.888776
2007-07-30,13.213314
2007-07-31,13.054356
2007-08-01,13.130520
2007-08-02,13.163634
2007-08-03,12.723200
2007-08-06,12.872213
2007-08-07,12.964945
2007-08-08,13.299414
2007-08-09,12.964945
2007-08-10,12.809292
2007-08-13,12.865594
2007-08-14,12.534431
2007-08-15,12.219832
2007-08-16,12.054256
2007-08-17,12.219832
2007-08-20,12.448332
2007-08-21,12.524499
2007-08-22,12.998052
2007-08-23,12.749686
2007-08-24,13.047736
2007-08-27,12.931827
2007-08-28,12.633781
2007-08-29,12.882156
2007-08-30,12.849035
2007-08-31,12.964945
2007-09-04,13.147085
2007-09-05,13.031178
2007-09-06,13.097404
2007-09-07,12.789426
2007-09-10,12.709947
2007-09-11,12.875529
2007-09-12,12.948391
2007-09-13,12.991439
2007-09-14,13.080853
2007-09-17,13.067599
2007-09-18,13.676941
2007-09-19,13.832583
2007-09-20,13.789536
2007-09-21,13.829452
2007-09-24,13.846089
2007-09-25,13.799516
2007-09-26,13.972509
2007-09-27,14.135522
2007-09-28,14.009099
2007-10-01,14.271920
2007-10-02,14.172112
2007-10-03,13.989137
2007-10-04,14.049031
2007-10-05,14.288554
2007-10-08,14.205381
2007-10-09,14.471523
2007-10-10,14.385020
2007-10-11,14.305185
2007-10-12,14.421624
2007-10-15,14.338449
2007-10-16,14.085615
2007-10-17,14.078961
2007-10-18,14.188746
2007-10-19,13.879358
2007-10-22,13.776219
2007-10-23,13.995798
2007-10-24,14.022406
2007-10-25,14.132186
2007-10-26,14.398336
2007-10-29,14.558018
2007-10-30,14.215362
2007-10-31,14.591292
2007-11-01,14.085615
2007-11-02,14.212033
2007-11-05,14.045694
2007-11-06,14.375044
2007-11-07,13.972509
2007-11-08,14.105573
2007-11-09,13.816147
2007-11-12,13.263904
2007-11-13,13.616545
2007-11-14,13.686401
2007-11-15,13.390316
2007-11-16,13.363708
2007-11-19,13.014387
2007-11-20,13.214001
2007-11-21,12.954513
2007-11-23,13.147460
2007-11-26,12.871343
2007-11-27,12.974467
2007-11-28,13.589923
2007-11-29,13.726318
2007-11-30,13.856068
2007-12-03,13.786206
2007-12-04,13.703042
2007-12-05,13.955873
2007-12-06,14.178766
2007-12-07,14.311840
2007-12-10,14.514771
2007-12-11,13.912625
2007-12-12,14.098922
2007-12-13,14.208706
2007-12-14,13.959198
2007-12-17,13.463505
2007-12-18,13.613212
2007-12-19,13.593250
2007-12-20,13.842768
2007-12-21,14.142334
2007-12-24,14.273313
2007-12-26,14.347204
2007-12-27,14.078526
2007-12-28,14.088595
2007-12-31,14.004643
2008-01-02,13.870303
2008-01-03,14.122180
2008-01-04,13.695661
2008-01-07,13.507594
2008-01-08,13.299369
2008-01-09,13.383330
2008-01-10,13.564684
2008-01-11,13.426991
2008-01-14,13.877017
2008-01-15,13.497514
2008-01-16,13.047489
2008-01-17,12.402674
2008-01-18,12.543722
2008-01-22,12.429535
2008-01-23,12.644472
2008-01-24,12.845984
2008-01-25,12.909790
2008-01-28,13.165030
2008-01-29,13.232202
2008-01-30,13.181819
2008-01-31,13.416914
2008-02-01,13.742682
2008-02-04,13.527740
2008-02-05,13.138160
2008-02-06,13.047489
2008-02-07,13.097862
2008-02-08,13.376609
2008-02-11,13.423626
2008-02-12,13.665439
2008-02-13,13.608339
2008-02-14,13.433708
2008-02-15,13.517663
2008-02-19,13.853509
2008-02-20,13.934114
2008-02-21,13.746041
2008-02-22,13.877017
2008-02-25,14.196067
2008-02-26,14.263237
2008-02-27,14.259878
2008-02-28,14.182638
2008-02-29,13.725889
2008-03-03,13.954259
2008-03-04,13.618417
2008-03-05,14.001281
2008-03-06,13.877017
2008-03-07,13.296009
2008-03-10,13.010546
2008-03-11,13.803130
2008-03-12,13.604986
2008-03-13,13.937466
2008-03-14,13.692304
2008-03-17,13.416914
2008-03-18,13.887092
2008-03-19,12.946731
2008-03-20,12.902936
2008-03-24,13.361108
2008-03-25,13.762009
2008-03-26,13.701372
2008-03-27,13.664310
2008-03-28,13.549771
2008-03-31,13.532928
2008-04-01,13.964146
2008-04-02,14.058482
2008-04-03,14.314512
2008-04-04,14.456004
2008-04-07,14.378528
2008-04-08,14.513282
2008-04-09,14.358308
2008-04-10,14.395365
2008-04-11,14.210076
2008-04-14,14.139327
2008-04-15,14.216818
2008-04-16,14.897335
2008-04-17,14.823215
2008-04-18,14.904073
2008-04-21,14.941133
2008-04-22,14.823215
2008-04-23,14.590759
2008-04-24,14.378528
2008-04-25,14.789531
2008-04-28,14.705305
2008-04-29,14.220180
2008-04-30,14.253880
2008-05-01,14.152808
2008-05-02,14.297668
2008-05-05,14.621084
2008-05-06,14.738994
2008-05-07,14.573909
2008-05-08,14.823215
2008-05-09,14.637929
2008-05-12,14.937760
2008-05-13,15.021972
2008-05-14,15.106208
2008-05-15,15.278028
2008-05-16,15.466685
2008-05-19,15.426257
2008-05-20,15.507105
2008-05-21,15.052304
2008-05-22,14.984935
2008-05-23,14.779412
2008-05-27,14.712046
2008-05-28,15.079258
2008-05-29,14.978188
2008-05-30,14.995035
2008-06-02,14.880494
2008-06-03,14.897335
2008-06-04,14.833323
2008-06-05,15.331925
2008-06-06,14.880494
2008-06-09,15.106208
2008-06-10,14.914181
2008-06-11,14.648042
2008-06-12,14.641291
2008-06-13,15.005136
2008-06-16,14.991659
2008-06-17,15.072517
2008-06-18,14.971449
2008-06-19,14.998399
2008-06-20,14.694824
2008-06-23,14.789589
2008-06-24,14.508689
2008-06-25,14.552685
2008-06-26,14.193943
2008-06-27,14.180406
2008-06-30,14.122879
2008-07-01,13.862279
2008-07-02,13.270015
2008-07-03,13.351243
2008-07-07,13.418925
2008-07-08,13.276789
2008-07-09,13.300470
2008-07-10,13.351243
2008-07-11,13.341088
2008-07-14,13.490004
2008-07-15,13.358011
2008-07-16,13.408776
2008-07-17,13.493388
2008-07-18,13.402008
2008-07-21,13.679522
2008-07-22,13.699826
2008-07-23,13.527225
2008-07-24,13.185406
2008-07-25,13.205709
2008-07-28,13.188793
2008-07-29,13.449387
2008-07-30,13.767511
2008-07-31,13.665985
2008-08-01,13.418925
2008-08-04,12.836816
2008-08-05,12.985730
2008-08-06,13.114335
2008-08-07,13.073724
2008-08-08,13.019574
2008-08-11,13.036500
2008-08-12,13.144797
2008-08-13,13.429082
2008-08-14,13.402008
2008-08-15,13.317402
2008-08-18,13.195561
2008-08-19,13.114335
2008-08-20,13.344474
2008-08-21,13.459540
2008-08-22,13.452768
2008-08-25,13.161715
2008-08-26,13.232798
2008-08-27,13.354623
2008-08-28,13.544147
2008-08-29,13.452768
2008-09-02,13.114335
2008-09-03,13.046644
2008-09-04,12.582992
2008-09-05,12.596528
2008-09-08,12.572844
2008-09-09,12.173487
2008-09-10,12.278403
2008-09-11,12.488231
2008-09-12,12.887589
2008-09-15,12.352858
2008-09-16,12.488231
2008-09-17,12.254714
2008-09-18,12.251329
2008-09-19,13.031953
2008-09-22,12.865142
2008-09-23,12.565553
2008-09-24,12.317035
2008-09-25,12.282989
2008-09-26,11.997022
2008-09-29,11.132311
2008-09-30,11.370618
2008-10-01,11.183372
2008-10-02,10.379947
2008-10-03,10.277816
2008-10-06,9.770562
2008-10-07,9.266709
2008-10-08,9.566296
2008-10-09,8.953510
2008-10-10,8.742438
2008-10-13,9.971421
2008-10-14,9.682047
2008-10-15,8.480302
2008-10-16,8.538172
2008-10-17,8.766269
2008-10-20,9.208835
2008-10-21,8.820739
2008-10-22,8.337315
2008-10-23,8.146673
2008-10-24,7.796026
2008-10-27,7.217278
2008-10-28,8.126246
2008-10-29,8.459877
2008-10-30,8.725415
2008-10-31,8.824142
2008-11-03,8.783290
2008-11-04,9.195219
2008-11-05,8.810525
2008-11-06,8.330511
2008-11-07,8.466685
2008-11-10,8.470092
2008-11-11,8.133055
2008-11-12,7.615588
2008-11-13,8.235188
2008-11-14,7.734741
2008-11-17,7.574739
2008-11-18,7.489629
2008-11-19,7.040246
2008-11-20,6.767901
2008-11-21,6.842794
2008-11-24,7.237706
2008-11-25,7.503246
2008-11-26,7.847085
2008-11-28,7.881129
2008-12-01,7.213873
2008-12-02,7.493034
2008-12-03,7.479413
2008-12-04,7.329621
2008-12-05,7.465797
2008-12-08,8.027518
2008-12-09,7.942410
2008-12-10,8.187526
2008-12-11,7.833472
2008-12-12,7.864110
2008-12-15,7.847085
2008-12-16,8.327105
2008-12-17,8.333913
2008-12-18,8.013900
2008-12-19,7.849535
2008-12-22,7.563536
2008-12-23,7.535969
2008-12-24,7.542863
2008-12-26,7.635893
2008-12-29,7.498065
2008-12-30,7.701366
2008-12-31,7.835757
2009-01-02,8.121752
2009-01-05,8.138988
2009-01-06,8.321612
2009-01-07,8.128649
2009-01-08,8.242356
2009-01-09,8.042506
2009-01-12,7.708258
2009-01-13,7.749609
2009-01-14,7.460163
2009-01-15,7.680693
2009-01-16,7.766837
2009-01-20,7.329222
2009-01-21,7.587656
2009-01-22,7.470496
2009-01-23,7.584214
2009-01-26,7.494619
2009-01-27,7.549750
2009-01-28,7.763395
2009-01-29,7.553198
2009-01-30,7.256858
2009-02-02,7.153488
2009-02-03,7.291314
2009-02-04,7.380908
2009-02-05,7.577318
2009-02-06,7.804740
2009-02-09,7.777176
2009-02-10,7.429147
2009-02-11,7.429147
2009-02-12,7.553198
2009-02-13,7.439485
2009-02-17,7.115581
2009-02-18,7.074232
2009-02-19,7.001870
2009-02-20,7.057003
2009-02-23,6.629723
2009-02-24,6.839918
2009-02-25,6.736544
2009-02-26,6.743433
2009-02-27,6.674519
2009-03-02,6.230010
2009-03-03,6.254129
2009-03-04,6.471218
2009-03-05,6.261022
2009-03-06,6.340278
2009-03-09,6.264466
2009-03-10,6.612495
2009-03-11,6.812352
2009-03-12,6.981193
2009-03-13,7.012208
2009-03-16,7.122475
2009-03-17,7.184498
2009-03-18,7.394691
2009-03-19,7.463606
2009-03-20,7.332215
2009-03-23,7.765561
2009-03-24,7.734360
2009-03-25,7.803697
2009-03-26,8.115705
2009-03-27,7.938903
2009-03-30,7.665026
2009-03-31,7.699693
2009-04-01,7.855700
2009-04-02,8.150372
2009-04-03,8.254375
2009-04-06,8.108774
2009-04-07,7.831430
2009-04-08,7.921567
2009-04-09,8.264776
2009-04-13,8.372250
2009-04-14,8.216242
2009-04-15,8.410380
2009-04-16,8.413847
2009-04-17,8.476250
2009-04-20,8.084506
2009-04-21,8.247443
2009-04-22,8.285581
2009-04-23,8.306379
2009-04-24,8.701588
2009-04-27,8.510918
2009-04-28,8.465849
2009-04-29,8.656524
2009-04-30,8.899195
2009-05-01,8.919994
2009-05-04,9.422679
2009-05-05,9.367211
2009-05-06,9.405344
2009-05-07,9.096801
2009-05-08,9.290941
2009-05-11,9.155737
2009-05-12,9.245873
2009-05-13,8.847197
2009-05-14,8.923463
2009-05-15,8.954666
2009-05-18,9.211205
2009-05-19,9.318678
2009-05-20,9.360279
2009-05-21,9.152274
2009-05-22,9.117603
2009-05-26,9.336009
2009-05-27,8.985866
2009-05-28,9.145340
2009-05-29,9.419213
2009-06-01,9.706952
2009-06-02,9.804025
2009-06-03,9.467749
2009-06-04,9.686153
2009-06-05,9.547484
2009-06-08,9.498947
2009-06-09,9.668818
2009-06-10,9.679219
2009-06-11,9.814422
2009-06-12,9.713885
2009-06-15,9.388009
2009-06-16,9.134935
2009-06-17,9.030936
2009-06-18,9.107203
2009-06-19,9.085944
2009-06-22,8.625895
2009-06-23,8.737421
2009-06-24,8.824553
2009-06-25,9.012753
2009-06-26,8.998814
2009-06-29,9.078975
2009-06-30,8.991843
2009-07-01,9.012753
2009-07-02,8.765301
2009-07-06,8.695600
2009-07-07,8.448151
2009-07-08,8.455119
2009-07-09,8.521338
2009-07-10,8.472548
2009-07-13,8.730452
2009-07-14,8.796669
2009-07-15,9.141706
2009-07-16,9.228837
2009-07-17,9.274142
2009-07-20,9.472800
2009-07-21,9.584326
2009-07-22,9.612209
2009-07-23,9.939822
2009-07-24,10.019979
2009-07-27,10.040888
2009-07-28,9.957247
2009-07-29,9.748130
2009-07-30,10.044374
2009-07-31,10.148928
2009-08-03,10.507909
2009-08-04,10.469572
2009-08-05,10.553216
2009-08-06,10.466087
2009-08-07,10.528820
2009-08-10,10.389411
2009-08-11,10.365015
2009-08-12,10.459114
2009-08-13,10.650802
2009-08-14,10.382441
2009-08-17,9.988615
2009-08-18,10.138476
2009-08-19,10.270913
2009-08-20,10.291829
2009-08-21,10.563672
2009-08-24,10.480027
2009-08-25,10.427748
2009-08-26,10.389411
2009-08-27,10.462602
2009-08-28,10.528820
2009-08-31,10.389411
2009-09-01,10.082713
2009-09-02,10.176813
2009-09-03,10.323193
2009-09-04,10.466087
2009-09-08,10.608981
2009-09-09,10.657775
2009-09-10,10.717020
2009-09-11,10.730962
2009-09-14,10.866885
2009-09-15,11.107366
2009-09-16,11.260713
2009-09-17,11.208435
2009-09-18,11.202484
2009-09-21,11.090495
2009-09-22,11.212986
2009-09-23,11.034504
2009-09-24,10.793025
2009-09-25,10.688032
2009-09-28,10.891017
2009-09-29,10.901513
2009-09-30,10.828019
2009-10-01,10.404559
2009-10-02,10.362563
2009-10-05,10.537543
2009-10-06,10.758027
2009-10-07,10.761524
2009-10-08,11.013504
2009-10-09,11.024003
2009-10-12,11.052000
2009-10-13,11.111493
2009-10-14,11.349472
2009-10-15,11.370475
2009-10-16,11.212986
2009-10-19,11.384472
2009-10-20,11.265481
2009-10-21,11.132492
2009-10-22,11.265481
2009-10-23,11.041500
2009-10-26,10.758027
2009-10-27,10.670539
2009-10-28,10.341563
2009-10-29,10.649537
2009-10-30,10.268070
2009-11-02,10.359064
2009-11-03,10.464053
2009-11-04,10.464053
2009-11-05,10.649537
2009-11-06,10.740529
2009-11-09,11.090495
2009-11-10,11.104493
2009-11-11,11.212986
2009-11-12,11.160492
2009-11-13,11.202484
2009-11-16,11.433468
2009-11-17,11.566457
2009-11-18,11.566457
2009-11-19,11.391468
2009-11-20,11.352972
2009-11-23,11.468464
2009-11-24,11.454462
2009-11-25,11.639945
2009-11-27,11.321475
2009-11-30,11.373974
2009-12-01,11.594451
2009-12-02,11.706436
2009-12-03,11.517455
2009-12-04,11.391468
2009-12-07,11.405465
2009-12-08,11.223484
2009-12-09,11.363476
2009-12-10,11.321475
2009-12-11,11.352972
2009-12-14,11.517455
2009-12-15,11.405465
2009-12-16,11.520953
2009-12-17,11.265481
2009-12-18,11.257384
2009-12-21,11.422781
2009-12-22,11.489640
2009-12-23,11.665593
2009-12-24,11.757088
2009-12-28,11.767649
2009-12-29,11.785243
2009-12-30,11.771161
2009-12-31,11.609292
2010-01-04,11.971749
2010-01-05,12.010466
2010-01-06,12.214566
2010-01-07,12.119550
2010-01-08,12.288462
2010-01-11,12.221600
2010-01-12,11.989346
2010-01-13,12.130111
2010-01-14,11.982306
2010-01-15,11.894334
2010-01-19,12.084355
2010-01-20,11.869699
2010-01-21,11.355921
2010-01-22,11.130706
2010-01-25,11.229233
2010-01-26,11.070879
2010-01-27,10.975864
2010-01-28,10.778794
2010-01-29,10.606365
2010-02-01,11.028647
2010-02-02,11.063842
2010-02-03,10.937154
2010-02-04,10.528948
2010-02-05,10.726011
2010-02-08,10.553581
2010-02-09,10.810468
2010-02-10,10.736569
2010-02-11,10.919558
2010-02-12,10.898444
2010-02-16,11.172928
2010-02-17,11.179970
2010-02-18,11.299614
2010-02-19,11.362960
2010-02-22,11.313693
2010-02-23,11.134217
2010-02-24,11.106066
2010-02-25,11.081432
2010-02-26,11.084955
2010-03-01,11.253867
2010-03-02,11.348883
2010-03-03,11.447416
2010-03-04,11.524833
2010-03-05,11.672630
2010-03-08,11.672630
2010-03-09,11.598732
2010-03-10,11.602250
2010-03-11,11.669114
2010-03-12,11.714859
2010-03-15,11.711341
2010-03-16,11.883775
2010-03-17,11.950635
2010-03-18,11.866179
2010-03-19,11.736750
2010-03-22,11.909556
2010-03-23,12.064727
2010-03-24,12.029464
2010-03-25,11.789653
2010-03-26,11.877819
2010-03-29,12.004778
2010-03-30,12.022413
2010-03-31,11.962459
2010-04-01,12.170529
2010-04-05,12.318647
2010-04-06,12.339808
2010-04-07,12.262224
2010-04-08,12.290437
2010-04-09,12.311601
2010-04-12,12.272802
2010-04-13,12.226958
2010-04-14,12.318647
2010-04-15,12.318647
2010-04-16,12.107048
2010-04-19,12.110573
2010-04-20,12.149371
2010-04-21,12.117629
2010-04-22,12.237538
2010-04-23,12.346858
2010-04-26,12.399763
2010-04-27,11.948354
2010-04-28,12.092946
2010-04-29,12.202273
2010-04-30,11.987144
2010-05-03,11.980094
2010-05-04,11.563944
2010-05-05,11.479304
2010-05-06,11.101952
2010-05-07,10.978520
2010-05-10,11.500463
2010-05-11,11.355868
2010-05-12,11.592158
2010-05-13,11.419352
2010-05-14,11.140743
2010-05-17,11.140743
2010-05-18,10.950302
2010-05-19,10.950302
2010-05-20,10.453046
2010-05-21,10.710488
2010-05-24,10.527104
2010-05-25,10.703438
2010-05-26,10.618795
2010-05-27,11.038474
2010-05-28,10.844502
2010-06-01,10.495366
2010-06-02,10.819816
2010-06-03,10.689330
2010-06-04,10.266130
2010-06-07,10.082744
2010-06-08,10.311976
2010-06-09,10.326084
2010-06-10,10.696381
2010-06-11,10.816290
2010-06-14,10.710488
2010-06-15,10.974993
2010-06-16,10.960882
2010-06-17,10.900931
2010-06-18,10.963276
2010-06-21,11.030573
2010-06-22,10.757821
2010-06-23,10.779077
2010-06-24,10.506323
2010-06-25,10.662183
2010-06-28,10.541746
2010-06-29,10.152101
2010-06-30,10.049371
2010-07-01,9.992697
2010-07-02,9.936020
2010-07-06,9.946645
2010-07-07,10.343379
2010-07-08,10.513405
2010-07-09,10.764910
2010-07-12,10.623218
2010-07-13,10.910142
2010-07-14,10.874718
2010-07-15,10.864092
2010-07-16,10.566542
2010-07-19,10.577168
2010-07-20,10.895972
2010-07-21,10.860550
2010-07-22,11.094338
2010-07-23,11.338754
2010-07-26,11.406054
2010-07-27,11.313958
2010-07-28,11.278536
2010-07-29,11.267907
2010-07-30,11.338754
2010-08-02,11.643388
2010-08-03,11.430856
2010-08-04,11.537120
2010-08-05,11.561918
2010-08-06,11.508781
2010-08-09,11.579625
2010-08-10,11.455648
2010-08-11,11.069545
2010-08-12,11.140388
2010-08-13,11.087256
2010-08-16,11.136847
2010-08-17,11.398973
2010-08-18,11.441478
2010-08-19,11.179349
2010-08-20,11.154554
2010-08-23,11.030573
2010-08-24,10.775534
2010-08-25,10.807414
2010-08-26,10.793242
2010-08-27,11.115587
2010-08-30,10.949105
2010-08-31,10.995155
2010-09-01,11.324586
2010-09-02,11.459189
2010-09-03,11.593794
2010-09-07,11.480444
2010-09-08,11.568996
2010-09-09,11.530033
2010-09-10,11.625673
2010-09-13,11.813416
2010-09-14,11.792160
2010-09-15,11.770905
2010-09-16,11.827583
2010-09-17,11.829753
2010-09-20,11.905654
2010-09-21,11.851438
2010-09-22,11.880354
2010-09-23,11.768311
2010-09-24,12.057451
2010-09-27,11.988786
2010-09-28,11.988786
2010-09-29,11.894811
2010-09-30,11.847824
2010-10-01,12.003241
2010-10-04,11.811682
2010-10-05,12.144194
2010-10-06,12.259860
2010-10-07,12.136972
2010-10-08,12.375516
2010-10-11,12.353831
2010-10-12,12.386361
2010-10-13,12.585151
2010-10-14,12.465880
2010-10-15,12.502024
2010-10-18,12.556238
2010-10-19,12.234557
2010-10-20,12.487557
2010-10-21,12.483952
2010-10-22,12.393596
2010-10-25,12.661053
2010-10-26,12.585151
2010-10-27,12.469492
2010-10-28,12.476719
2010-10-29,12.577925
2010-11-01,12.570695
2010-11-02,12.700808
2010-11-03,12.664665
2010-11-04,13.080316
2010-11-05,13.127298
2010-11-08,13.159834
2010-11-09,12.928515
2010-11-10,12.993569
2010-11-11,13.127298
2010-11-12,12.834539
2010-11-15,12.733336
2010-11-16,12.458649
2010-11-17,12.455032
2010-11-18,12.689968
2010-11-19,12.791166
2010-11-22,12.823695
2010-11-23,12.577925
2010-11-24,12.820086
2010-11-26,12.603220
2010-11-29,12.711653
2010-11-30,12.718883
2010-12-01,13.065857
2010-12-02,13.264655
2010-12-03,13.376691
2010-12-06,13.398380
2010-12-07,13.416449
2010-12-08,13.275492
2010-12-09,13.347779
2010-12-10,13.463436
2010-12-13,13.535716
2010-12-14,13.524881
2010-12-15,13.452591
2010-12-16,13.579093
2010-12-17,13.685857
2010-12-20,13.729582
2010-12-21,13.868046
2010-12-22,13.860755
2010-12-23,13.897190
2010-12-27,13.919057
2010-12-28,13.948203
2010-12-29,14.006509
2010-12-30,14.006509
2010-12-31,13.995573
2011-01-03,14.108531
2011-01-04,14.013797
2011-01-05,14.046582
2011-01-06,13.973712
2011-01-07,13.959141
2011-01-10,13.977354
2011-01-11,14.090307
2011-01-12,14.228773
2011-01-13,14.104888
2011-01-14,14.137677
2011-01-18,14.214197
2011-01-19,13.886263
2011-01-20,13.689500
2011-01-21,13.656704
2011-01-24,13.802458
2011-01-25,13.820674
2011-01-26,14.112171
2011-01-27,13.995573
2011-01-28,13.776954
2011-01-31,14.006509
2011-02-01,14.381810
2011-02-02,14.356304
2011-02-03,14.418246
2011-02-04,14.421894
2011-02-07,14.498411
2011-02-08,14.545776
2011-02-09,14.414607
2011-02-10,14.440112
2011-02-11,14.520265
2011-02-14,14.676951
2011-02-15,14.509340
2011-02-16,14.698815
2011-02-17,14.829992
2011-02-18,14.666022
2011-02-22,14.195978
2011-02-23,14.090307
2011-02-24,14.017439
2011-02-25,14.225132
2011-02-28,14.378173
2011-03-01,14.024728
2011-03-02,14.075737
2011-03-03,14.359946
2011-03-04,14.228773
2011-03-07,13.984645
2011-03-08,14.144969
2011-03-09,13.915412
2011-03-10,13.612981
2011-03-11,13.813389
2011-03-14,13.762374
2011-03-15,13.762374
2011-03-16,13.485451
2011-03-17,13.725935
2011-03-18,13.793203
2011-03-21,14.030828
2011-03-22,13.997930
2011-03-23,14.202649
2011-03-24,14.264795
2011-03-25,14.341568
2011-03-28,14.275765
2011-03-29,14.425650
2011-03-30,14.575536
2011-03-31,14.630377
2011-04-01,14.685210
2011-04-04,14.780253
2011-04-05,14.955737
2011-04-06,14.831446
2011-04-07,14.802192
2011-04-08,14.696180
2011-04-11,14.531669
2011-04-12,14.334258
2011-04-13,14.250177
2011-04-14,14.294044
2011-04-15,14.389091
2011-04-18,14.188025
2011-04-19,14.440273
2011-04-20,14.630377
2011-04-21,14.787568
2011-04-25,14.674242
2011-04-26,14.838750
2011-04-27,14.886279
2011-04-28,14.882622
2011-04-29,14.941124
2011-05-02,14.835101
2011-05-03,14.699830
2011-05-04,14.440273
2011-05-05,14.268456
2011-05-06,14.385439
2011-05-09,14.593820
2011-05-10,14.718115
2011-05-11,14.326944
2011-05-12,14.312323
2011-05-13,14.129530
2011-05-16,14.078351
2011-05-17,13.913848
2011-05-18,14.224586
2011-05-19,14.220931
2011-05-20,14.078351
2011-05-23,13.932123
2011-05-24,14.001580
2011-05-25,14.198989
2011-05-26,14.231894
2011-05-27,14.385439
2011-05-31,14.531669
2011-06-01,14.078351
2011-06-02,14.100288
2011-06-03,13.921155
2011-06-06,13.782234
2011-06-07,13.833421
2011-06-08,13.690836
2011-06-09,13.917501
2011-06-10,13.742023
2011-06-13,13.661595
2011-06-14,13.924815
2011-06-15,13.603107
2011-06-16,13.471497
2011-06-17,13.469656
2011-06-20,13.583618
2011-06-21,13.932860
2011-06-22,13.874043
2011-06-23,13.863008
2011-06-24,13.774787
2011-06-27,13.804190
2011-06-28,14.072555
2011-06-29,14.296807
2011-06-30,14.473268
2011-07-01,14.605609
2011-07-05,14.623989
2011-07-06,14.682812
2011-07-07,14.903387
2011-07-08,14.789419
2011-07-11,14.491646
2011-07-12,14.432823
2011-07-13,14.557819
2011-07-14,14.418121
2011-07-15,14.546790
2011-07-18,14.374004
2011-07-19,14.590904
2011-07-20,14.579880
2011-07-21,14.756326
2011-07-22,14.686484
2011-07-25,14.649725
2011-07-26,14.491646
2011-07-27,14.160794
2011-07-28,14.131378
2011-07-29,13.973296
2011-08-01,13.925511
2011-08-02,13.495391
2011-08-03,13.565239
2011-08-04,12.646193
2011-08-05,12.616779
2011-08-08,11.694045
2011-08-09,12.414584
2011-08-10,11.988140
2011-08-11,12.580013
2011-08-12,12.660888
2011-08-15,12.863082
2011-08-16,12.657215
2011-08-17,12.693974
2011-08-18,11.955057
2011-08-19,11.763893
2011-08-22,11.763893
2011-08-23,12.179308
2011-08-24,12.352086
2011-08-25,12.216068
2011-08-26,12.473406
2011-08-29,12.852054
2011-08-30,12.958661
2011-08-31,12.991750
2011-09-01,12.815290
2011-09-02,12.488111
2011-09-06,12.421935
2011-09-07,12.778529
2011-09-08,12.609420
2011-09-09,12.194009
2011-09-12,12.113136
2011-09-13,12.311655
2011-09-14,12.502810
2011-09-15,12.716034
2011-09-16,12.757793
2011-09-19,12.569313
2011-09-20,12.421480
2011-09-21,11.859721
2011-09-22,11.194488
2011-09-23,11.176006
2011-09-26,11.534496
2011-09-27,11.774718
2011-09-28,11.253616
2011-09-29,11.264706
2011-09-30,10.850780
2011-10-03,10.544031
2011-10-04,10.954262
2011-10-05,11.390362
2011-10-06,11.678632
2011-10-07,11.501237
2011-10-10,11.985382
2011-10-11,12.000165
2011-10-12,12.118427
2011-10-13,12.055597
2011-10-14,12.373438
2011-10-17,11.952119
2011-10-18,12.258869
2011-10-19,11.904075
2011-10-20,12.014947
2011-10-21,12.332785
2011-10-24,12.628445
2011-10-25,12.306908
2011-10-26,12.528657
2011-10-27,13.208682
2011-10-28,13.301073
2011-10-31,12.731922
2011-11-01,12.391913
2011-11-02,12.698668
2011-11-03,12.957372
2011-11-04,12.927799
2011-11-07,13.038672
2011-11-08,13.193897
2011-11-09,12.550831
2011-11-10,12.702358
2011-11-11,12.998016
2011-11-14,12.861279
2011-11-15,12.887149
2011-11-16,12.584088
2011-11-17,12.225606
2011-11-18,12.292129
2011-11-21,12.077779
2011-11-22,11.985382
2011-11-23,11.667544
2011-11-25,11.608410
2011-11-28,12.044512
2011-11-29,12.066688
2011-11-30,12.757793
2011-12-01,12.676487
2011-12-02,12.565613
2011-12-05,12.713449
2011-12-06,12.831712
2011-12-07,12.842795
2011-12-08,12.443656
2011-12-09,12.602572
2011-12-12,12.303215
2011-12-13,12.096258
2011-12-14,11.948424
2011-12-15,12.029734
2011-12-16,12.106022
2011-12-19,11.890173
2011-12-20,12.359082
2011-12-21,12.377690
2011-12-22,12.500501
2011-12-23,12.619588
2011-12-27,12.615862
2011-12-28,12.314425
2011-12-29,12.474451
2011-12-30,12.467009
2012-01-03,12.813101
2012-01-04,12.921028
2012-01-05,12.958241
2012-01-06,12.939632
2012-01-09,12.965688
2012-01-10,13.207584
2012-01-11,13.337838
2012-01-12,13.523911
2012-01-13,13.434597
2012-01-17,13.509031
2012-01-18,13.661607
2012-01-19,13.672769
2012-01-20,13.613229
2012-01-23,13.605787
2012-01-24,13.605787
2012-01-25,13.821637
2012-01-26,13.817909
2012-01-27,13.836514
2012-01-30,13.821637
2012-01-31,13.836514
2012-02-01,13.974209
2012-02-02,13.907222
2012-02-03,14.097015
2012-02-06,14.018868
2012-02-07,14.003983
2012-02-08,14.018868
2012-02-09,14.033751
2012-02-10,13.788137
2012-02-13,13.825357
2012-02-14,13.646718
2012-02-15,13.657887
2012-02-16,13.899787
2012-02-17,13.907222
2012-02-21,13.989098
2012-02-22,13.966769
2012-02-23,13.981655
2012-02-24,13.974209
2012-02-27,13.977935
2012-02-28,14.022588
2012-02-29,13.758368
2012-03-01,13.910949
2012-03-02,13.877451
2012-03-05,13.654160
2012-03-06,13.375051
2012-03-07,13.408545
2012-03-08,13.631836
2012-03-09,13.635554
2012-03-12,13.561123
2012-03-13,13.784410
2012-03-14,13.732314
2012-03-15,13.832792
2012-03-16,13.859316
2012-03-19,13.945239
2012-03-20,13.866787
2012-03-21,13.866787
2012-03-22,13.642647
2012-03-23,13.788341
2012-03-26,13.967656
2012-03-27,13.937762
2012-03-28,13.743511
2012-03-29,13.762191
2012-03-30,13.810754
2012-04-02,14.005005
2012-04-03,13.900407
2012-04-04,13.706156
2012-04-05,13.627706
2012-04-09,13.429717
2012-04-10,13.153276
2012-04-11,13.295232
2012-04-12,13.657591
2012-04-13,13.496955
2012-04-16,13.538045
2012-04-17,13.721099
2012-04-18,13.683743
2012-04-19,13.635178
2012-04-20,13.627706
2012-04-23,13.459605
2012-04-24,13.459605
2012-04-25,13.743511
2012-04-26,13.728570
2012-04-27,13.795809
2012-04-30,13.698682
2012-05-01,13.780869
2012-05-02,13.713624
2012-05-03,13.556732
2012-05-04,13.328855
2012-05-07,13.340060
2012-05-08,13.276555
2012-05-09,13.157012
2012-05-10,13.115917
2012-05-11,13.078561
2012-05-14,12.899255
2012-05-15,12.704996
2012-05-16,12.566776
2012-05-17,12.290339
2012-05-18,12.241775
2012-05-21,12.600394
2012-05-22,12.521953
2012-05-23,12.671374
2012-05-24,12.749825
2012-05-25,12.697521
2012-05-29,12.917933
2012-05-30,12.686317
2012-05-31,12.634014
2012-06-01,12.365049
2012-06-04,12.376262
2012-06-05,12.495797
2012-06-06,12.809596
2012-06-07,12.832006
2012-06-08,12.917933
2012-06-11,12.678847
2012-06-12,12.914192
2012-06-13,12.716201
2012-06-14,12.820801
2012-06-15,12.969164
2012-06-18,13.036768
2012-06-19,13.284652
2012-06-20,13.209534
2012-06-21,12.777610
2012-06-22,12.845217
2012-06-25,12.683709
2012-06-26,12.725025
2012-06-27,12.863993
2012-06-28,12.867751
2012-06-29,13.254606
2012-07-02,13.186999
2012-07-03,13.374798
2012-07-05,13.356019
2012-07-06,13.202026
2012-07-09,13.119396
2012-07-10,12.924089
2012-07-11,12.882773
2012-07-12,12.818927
2012-07-13,13.048033
2012-07-16,12.999207
2012-07-17,13.164469
2012-07-18,13.243342
2012-07-19,13.386066
2012-07-20,13.303433
2012-07-23,13.093106
2012-07-24,12.890285
2012-07-25,12.890285
2012-07-26,12.950381
2012-07-27,13.186999
2012-07-30,13.175736
2012-07-31,13.085596
2012-08-01,13.089349
2012-08-02,12.935354
2012-08-03,13.190760
2012-08-06,13.310947
2012-08-07,13.464942
2012-08-08,13.479962
2012-08-09,13.555082
2012-08-10,13.543817
2012-08-13,13.468696
2012-08-14,13.408604
2012-08-15,13.431135
2012-08-16,13.630205
2012-08-17,13.611422
2012-08-20,13.585130
2012-08-21,13.603910
2012-08-22,13.716586
2012-08-23,13.487475
2012-08-24,13.461187
2012-08-27,13.382309
2012-08-28,13.352266
2012-08-29,13.382309
2012-08-30,13.262126
2012-08-31,13.389823
2012-09-04,13.217052
2012-09-05,13.277147
2012-09-06,13.611422
2012-09-07,13.878091
2012-09-10,13.855556
2012-09-11,13.904384
2012-09-12,13.885605
2012-09-13,14.227390
2012-09-14,14.403919
2012-09-17,14.182320
2012-09-18,14.144756
2012-09-19,14.223633
2012-09-20,14.201099
2012-09-21,14.139559
2012-09-24,14.098026
2012-09-25,13.871492
2012-09-26,13.803533
2012-09-27,13.973432
2012-09-28,13.894145
2012-10-01,13.939447
2012-10-02,13.863946
2012-10-03,13.799756
2012-10-04,13.977210
2012-10-05,14.045174
2012-10-08,14.018739
2012-10-09,13.886598
2012-10-10,13.735572
2012-10-11,13.792208
2012-10-12,13.731796
2012-10-15,13.848837
2012-10-16,14.181087
2012-10-17,14.298131
2012-10-18,14.301908
2012-10-19,14.003636
2012-10-22,14.067816
2012-10-23,13.644958
2012-10-24,13.637404
2012-10-25,13.607200
2012-10-26,13.633630
2012-10-31,13.603429
2012-11-01,13.867719
2012-11-02,13.618526
2012-11-05,13.712915
2012-11-06,13.856389
2012-11-07,13.637404
2012-11-08,13.452400
2012-11-09,13.425972
2012-11-12,13.425972
2012-11-13,13.403321
2012-11-14,13.176784
2012-11-15,13.131480
2012-11-16,13.161681
2012-11-19,13.535466
2012-11-20,13.546796
2012-11-21,13.569448
2012-11-23,13.743125
2012-11-26,13.754446
2012-11-27,13.694044
2012-11-28,13.750668
2012-11-29,13.845059
2012-11-30,13.856389
2012-12-03,13.599651
2012-12-04,13.626079
2012-12-05,13.463730
2012-12-06,13.497707
2012-12-07,13.610978
2012-12-10,13.697817
2012-12-11,13.807305
2012-12-12,13.773326
2012-12-13,13.735572
2012-12-14,13.837515
2012-12-17,13.977210
2012-12-18,14.143330
2012-12-19,14.082919
2012-12-20,14.218842
2012-12-21,14.093158
2012-12-24,14.165522
2012-12-26,14.253122
2012-12-27,14.203610
2012-12-28,14.024589
2012-12-31,14.298830
2013-01-02,14.656877
2013-01-03,14.550225
2013-01-04,14.729244
2013-01-07,14.698772
2013-01-08,14.721628
2013-01-09,14.816853
2013-01-10,14.881599
2013-01-11,14.858753
2013-01-14,14.862561
2013-01-15,14.877799
2013-01-16,14.771144
2013-01-17,14.885413
2013-01-18,14.984444
2013-01-22,15.129190
2013-01-23,15.045387
2013-01-24,15.091087
2013-01-25,15.144421
2013-01-28,14.999680
2013-01-29,15.083485
2013-01-30,14.999680
2013-01-31,14.862561
2013-02-01,15.045387
2013-02-04,14.900653
2013-02-05,14.976829
2013-02-06,14.992062
2013-02-07,14.912083
2013-02-08,14.999680
2013-02-11,14.980638
2013-02-12,14.988252
2013-02-13,15.041577
2013-02-14,14.992062
2013-02-15,14.988252
2013-02-19,14.923498
2013-02-20,14.504519
2013-02-21,14.371201
2013-02-22,14.561646
2013-02-25,14.226465
2013-02-26,14.378822
2013-02-27,14.634015
2013-02-28,14.660686
2013-03-01,14.668302
2013-03-04,14.687347
2013-03-05,14.786378
2013-03-06,14.915881
2013-03-07,14.957782
2013-03-08,15.079673
2013-03-11,15.163467
2013-03-12,15.174897
2013-03-13,15.136798
2013-03-14,15.228222
2013-03-15,15.241226
2013-03-18,15.134134
2013-03-19,15.069118
2013-03-20,15.183853
2013-03-21,14.923779
2013-03-22,14.942896
2013-03-25,14.828159
2013-03-26,14.931425
2013-03-27,14.927603
2013-03-28,14.984967
2013-04-01,14.854936
2013-04-02,14.709596
2013-04-03,14.587211
2013-04-04,14.713421
2013-04-05,14.652225
2013-04-08,14.698125
2013-04-09,14.870234
2013-04-10,14.973503
2013-04-11,15.038519
2013-04-12,14.816688
2013-04-15,14.269758
2013-04-16,14.529839
2013-04-17,14.315660
2013-04-18,14.273591
2013-04-19,14.441872
2013-04-22,14.579556
2013-04-23,14.705777
2013-04-24,14.927603
2013-04-25,15.092066
2013-04-26,14.877882
2013-04-29,15.103532
2013-04-30,15.126482
2013-05-01,14.858756
2013-05-02,14.965849
2013-05-03,15.229750
2013-05-06,15.271819
2013-05-07,15.417153
2013-05-08,15.551023
2013-05-09,15.531900
2013-05-10,15.516603
2013-05-13,15.405681
2013-05-14,15.596920
2013-05-15,15.684883
2013-05-16,15.612213
2013-05-17,15.780495
2013-05-20,15.795800
2013-05-21,15.776685
2013-05-22,15.562486
2013-05-23,15.570140
2013-05-24,15.516603
2013-05-28,15.658104
2013-05-29,15.608383
2013-05-30,15.658104
2013-05-31,15.413336
2013-06-03,15.489824
2013-06-04,15.470702
2013-06-05,15.126482
2013-06-06,15.225926
2013-06-07,15.367437
2013-06-10,15.440104
2013-06-11,15.225926
2013-06-12,15.149430
2013-06-13,15.428632
2013-06-14,15.317712
2013-06-17,15.447757
2013-06-18,15.516603
2013-06-19,15.398038
2013-06-20,15.000271
2013-06-21,14.949400
2013-06-24,14.710445
2013-06-25,14.799091
2013-06-26,14.868467
2013-06-27,14.860755
2013-06-28,14.779822
2013-07-01,14.864611
2013-07-02,14.818364
2013-07-03,14.822221
2013-07-05,14.922421
2013-07-08,15.007212
2013-07-09,15.238447
2013-07-10,15.234592
2013-07-11,15.481238
2013-07-12,15.427290
2013-07-15,15.465829
2013-07-16,15.350205
2013-07-17,15.492800
2013-07-18,15.500510
2013-07-19,15.600711
2013-07-22,15.616131
2013-07-23,15.662371
2013-07-24,15.515923
2013-07-25,15.662371
2013-07-26,15.604569
2013-07-29,15.693212
2013-07-30,15.654668
2013-07-31,15.600711
2013-08-01,15.716331
2013-08-02,15.804971
2013-08-05,15.762579
2013-08-06,15.616131
2013-08-07,15.623843
2013-08-08,15.855069
2013-08-09,15.947562
2013-08-12,15.924444
2013-08-13,15.982256
2013-08-14,15.947562
2013-08-15,15.831953
2013-08-16,15.708620
2013-08-19,15.585299
2013-08-20,15.673942
2013-08-21,15.554468
2013-08-22,15.739453
2013-08-23,15.866629
2013-08-26,15.866629
2013-08-27,15.589151
2013-08-28,15.558319
2013-08-29,15.608418
2013-08-30,15.581441
2013-09-03,15.673942
2013-09-04,15.820381
2013-09-05,15.847363
2013-09-06,15.828096
2013-09-09,16.067043
2013-09-10,16.209641
2013-09-11,16.309837
2013-09-12,16.140266
2013-09-13,16.248169
2013-09-16,16.429308
2013-09-17,16.383059
2013-09-18,16.760746
2013-09-19,16.702942
2013-09-20,16.507721
2013-09-23,16.383781
2013-09-24,16.376034
2013-09-25,16.418638
2013-09-26,16.527092
2013-09-27,16.329561
2013-09-30,16.271461
2013-10-01,16.341173
2013-10-02,16.383781
2013-10-03,16.244345
2013-10-04,16.480610
2013-10-07,16.279211
2013-10-08,16.019697
2013-10-09,16.042933
2013-10-10,16.383781
2013-10-11,16.480610
2013-10-14,16.538706
2013-10-15,16.438005
2013-10-16,16.604555
2013-10-17,16.821459
2013-10-18,16.871807
2013-10-21,16.867933
2013-10-22,17.111956
2013-10-23,16.999626
2013-10-24,17.084839
2013-10-25,17.135191
2013-10-28,17.049974
2013-10-29,17.084839
2013-10-30,16.980265
2013-10-31,16.953148
2013-11-01,16.914412
2013-11-04,16.984138
2013-11-05,16.910536
2013-11-06,17.026739
2013-11-07,16.802090
2013-11-08,17.115824
2013-11-11,17.108078
2013-11-12,17.053844
2013-11-13,17.146809
2013-11-14,17.290119
2013-11-15,17.402439
2013-11-18,17.293997
2013-11-19,17.239763
2013-11-20,17.100327
2013-11-21,17.239763
2013-11-22,17.328854
2013-11-25,17.220404
2013-11-26,17.177797
2013-11-27,17.189413
2013-11-29,17.173925
2013-12-02,17.131313
2013-12-03,16.929913
2013-12-04,17.011246
2013-12-05,16.914412
2013-12-06,17.146809
2013-12-09,17.235893
2013-12-10,17.286243
2013-12-11,16.991873
2013-12-12,16.957020
2013-12-13,17.038359
2013-12-16,17.108078
2013-12-17,17.220404
2013-12-18,17.429556
2013-12-19,17.456663
2013-12-20,17.512011
2013-12-23,17.597767
2013-12-24,17.788742
2013-12-26,17.886189
2013-12-27,17.940752
2013-12-30,17.952444
2013-12-31,18.014811
2014-01-02,17.870594
2014-01-03,17.827717
2014-01-06,17.730280
2014-01-07,17.699100
2014-01-08,17.804337
2014-01-09,17.734180
2014-01-10,17.788742
2014-01-13,17.547083
2014-01-14,17.792641
2014-01-15,17.901779
2014-01-16,17.944649
2014-01-17,17.901779
2014-01-21,18.010912
2014-01-22,17.835512
2014-01-23,17.570471
2014-01-24,17.098862
2014-01-27,17.028706
2014-01-28,17.126141
2014-01-29,17.196306
2014-01-30,17.278151
2014-01-31,17.165127
2014-02-03,16.763672
2014-02-04,16.911779
2014-02-05,16.931265
2014-02-06,17.184620
2014-02-07,17.422367
2014-02-10,17.508116
2014-02-11,17.710796
2014-02-12,17.679611
2014-02-13,17.831619
2014-02-14,17.975826
2014-02-18,17.987528
2014-02-19,17.862803
2014-02-20,18.049885
2014-02-21,18.003120
2014-02-24,17.940752
2014-02-25,18.007015
2014-02-26,18.143436
2014-02-27,18.287634
2014-02-28,18.350002
2014-03-03,18.307135
2014-03-04,18.595549
2014-03-05,18.638428
2014-03-06,18.708593
2014-03-07,18.626740
2014-03-10,18.611149
2014-03-11,18.420153
2014-03-12,18.412369
2014-03-13,18.279846
2014-03-14,18.279846
2014-03-17,18.427956
2014-03-18,18.533188
2014-03-19,18.369499
2014-03-20,18.615044
2014-03-21,18.536768
2014-03-24,18.391994
2014-03-25,18.493729
2014-03-26,18.227640
2014-03-27,18.176767
2014-03-28,18.301985
2014-03-31,18.501562
2014-04-01,18.603296
2014-04-02,18.740265
2014-04-03,18.763741
2014-04-04,18.525036
2014-04-07,18.255026
2014-04-08,18.325466
2014-04-09,18.603296
2014-04-10,18.231550
2014-04-11,18.012407
2014-04-14,18.157196
2014-04-15,18.266769
2014-04-16,18.536768
2014-04-17,18.595472
2014-04-21,18.599394
2014-04-22,18.665915
2014-04-23,18.669821
2014-04-24,18.587650
2014-04-25,18.454597
2014-04-28,18.376345
2014-04-29,18.505474
2014-04-30,18.654175
2014-05-01,18.536768
2014-05-02,18.607210
2014-05-05,18.708960
2014-05-06,18.615042
2014-05-07,18.759827
2014-05-08,18.685484
2014-05-09,18.685484
2014-05-12,18.924191
2014-05-13,18.939833
2014-05-14,18.943750
2014-05-15,18.677652
2014-05-16,18.744175
2014-05-19,18.822437
2014-05-20,18.720697
2014-05-21,18.806782
2014-05-22,18.849836
2014-05-23,19.010277
2014-05-27,19.010277
2014-05-28,19.018099
2014-05-29,19.209846
2014-05-30,19.205935
2014-06-02,19.284191
2014-06-03,19.241152
2014-06-04,19.272459
2014-06-05,19.362467
2014-06-06,19.456377
2014-06-09,19.405502
2014-06-10,19.432896
2014-06-11,19.323330
2014-06-12,19.158972
2014-06-13,19.233330
2014-06-16,19.190285
2014-06-17,19.229408
2014-06-18,19.436806
2014-06-19,19.397676
2014-06-20,19.516018
2014-06-23,19.543535
2014-06-24,19.358755
2014-06-25,19.512081
2014-06-26,19.508162
2014-06-27,19.449188
2014-06-30,19.516018
2014-07-01,19.563194
2014-07-02,19.586792
2014-07-03,19.712591
2014-07-07,19.547474
2014-07-08,19.496361
2014-07-09,19.563194
2014-07-10,19.476700
2014-07-11,19.512081
2014-07-14,19.500292
2014-07-15,19.460981
2014-07-16,19.594648
2014-07-17,19.512081
2014-07-18,19.633963
2014-07-21,19.578922
2014-07-22,19.606441
2014-07-23,19.689005
2014-07-24,19.665413
2014-07-25,19.700794
2014-07-28,19.751904
2014-07-29,19.610371
2014-07-30,19.508162
2014-07-31,19.126797
2014-08-01,19.142517
2014-08-04,19.370552
2014-08-05,19.170046
2014-08-06,19.311579
2014-08-07,19.142517
2014-08-08,19.343023
2014-08-11,19.323374
2014-08-12,19.386282
2014-08-13,19.492428
2014-08-14,19.492428
2014-08-15,19.551399
2014-08-18,19.744047
2014-08-19,19.803022
2014-08-20,19.830542
2014-08-21,19.803022
2014-08-22,19.724386
2014-08-25,19.799082
2014-08-26,19.818745
2014-08-27,19.818745
2014-08-28,19.834471
2014-08-29,19.865925
2014-09-02,19.799082
2014-09-03,19.830542
2014-09-04,19.830542
2014-09-05,19.917036
2014-09-08,19.838402
2014-09-09,19.677214
2014-09-10,19.677214
2014-09-11,19.649687
2014-09-12,19.559267
2014-09-15,19.586792
2014-09-16,19.677214
2014-09-17,19.795162
2014-09-18,19.928823
2014-09-19,19.922510
2014-09-22,19.914608
2014-09-23,19.811918
2014-09-24,20.017305
2014-09-25,19.713173
2014-09-26,19.906712
2014-09-29,19.823771
2014-09-30,19.586781
2014-10-01,19.124659
2014-10-02,19.077261
2014-10-03,19.132557
2014-10-06,19.128611
2014-10-07,18.792879
2014-10-08,19.037764
2014-10-09,18.571692
2014-10-10,18.287315
2014-10-13,17.817293
2014-10-14,17.872589
2014-10-15,17.995031
2014-10-16,18.172771
2014-10-17,18.413704
2014-10-20,18.694143
2014-10-21,19.097010
2014-10-22,18.942970
2014-10-23,18.927172
2014-10-24,19.069361
2014-10-27,18.670435
2014-10-28,18.856075
2014-10-29,18.623045
2014-10-30,18.765228
2014-10-31,19.116760
2014-11-03,18.982462
2014-11-04,18.784981
2014-11-05,18.966667
2014-11-06,19.120710
2014-11-07,19.211555
2014-11-10,19.262899
2014-11-11,19.357693
2014-11-12,19.405092
2014-11-13,19.409044
2014-11-14,19.468288
2014-11-17,19.464334
2014-11-18,19.697371
2014-11-19,19.669724
2014-11-20,19.772417
2014-11-21,20.013350
2014-11-24,19.922510
2014-11-25,19.851419
2014-11-26,19.867212
2014-11-28,19.416941
2014-12-01,19.215504
2014-12-02,19.330046
2014-12-03,19.614424
2014-12-04,19.673672
2014-12-05,19.657869
2014-12-08,19.345844
2014-12-09,19.397190
2014-12-10,18.998264
2014-12-11,19.014063
2014-12-12,18.484795
2014-12-15,18.386061
2014-12-16,18.243868
2014-12-17,18.741528
2014-12-18,19.168108
2014-12-19,19.404203
2014-12-22,19.416122
2014-12-23,19.567160
2014-12-24,19.499592
2014-12-26,19.567160
2014-12-29,19.567160
2014-12-30,19.499592
2014-12-31,19.308811
2015-01-02,19.336632
2015-01-05,18.843773
2015-01-06,18.676842
2015-01-07,18.887493
2015-01-08,19.336632
2015-01-09,19.237265
2015-01-12,19.193548
2015-01-13,18.978914
2015-01-14,18.756336
2015-01-15,18.720558
2015-01-16,19.018658
2015-01-20,19.050455
2015-01-21,19.237265
2015-01-22,19.479717
2015-01-23,19.177641
2015-01-26,19.261110
2015-01-27,19.129948
2015-01-28,18.784153
2015-01-29,19.030581
2015-01-30,18.955069
2015-02-02,19.125971
2015-02-03,19.547283
2015-02-04,19.420101
2015-02-05,19.889107
2015-02-06,19.841404
2015-02-09,19.817554
2015-02-10,19.964622
2015-02-11,19.932829
2015-02-12,20.274645
2015-02-13,20.445557
2015-02-17,20.469406
2015-02-18,20.525059
2015-02-19,20.580700
2015-02-20,20.640318
2015-02-23,20.616467
2015-02-24,20.703907
2015-02-25,20.644289
2015-02-26,20.513124
2015-02-27,20.465431
2015-03-02,20.600573
2015-03-03,20.489279
2015-03-04,20.417734
2015-03-05,20.330288
2015-03-06,20.056040
2015-03-09,20.083866
2015-03-10,19.777821
2015-03-11,19.753973
2015-03-12,20.000393
2015-03-13,19.809614
2015-03-16,19.777821
2015-03-17,19.559208
2015-03-18,19.857306
2015-03-19,19.515484
2015-03-20,19.641163
2015-03-23,19.641163
2015-03-24,19.577324
2015-03-25,19.357899
2015-03-26,19.401781
2015-03-27,19.393805
2015-03-30,19.657122
2015-03-31,19.461628
2015-04-01,19.517488
2015-04-02,19.537432
2015-04-06,19.693039
2015-04-07,19.661110
2015-04-08,19.716969
2015-04-09,19.772825
2015-04-10,19.828682
2015-04-13,19.748888
2015-04-14,19.832668
2015-04-15,20.024181
2015-04-16,19.980289
2015-04-17,19.796764
2015-04-20,19.940388
2015-04-21,19.792774
2015-04-22,19.832668
2015-04-23,19.884537
2015-04-24,20.052103
2015-04-27,20.227648
2015-04-28,20.255575
2015-04-29,20.243605
2015-04-30,20.115940
2015-05-01,20.447075
2015-05-04,20.391228
2015-05-05,20.159821
2015-05-06,20.163824
2015-05-07,20.251583
2015-05-08,20.574747
2015-05-11,20.479002
2015-05-12,20.263556
2015-05-13,20.239614
2015-05-14,20.451067
2015-05-15,20.550814
2015-05-18,20.459049
2015-05-19,20.359314
2015-05-20,20.347338
2015-05-21,20.419155
2015-05-22,20.395212
2015-05-26,20.139875
2015-05-27,20.271534
2015-05-28,20.323399
2015-05-29,20.191738
2015-06-01,20.199717
2015-06-02,20.263556
2015-06-03,20.283501
2015-06-04,20.044117
2015-06-05,19.952356
2015-06-08,19.880545
2015-06-09,19.892509
2015-06-10,20.099981
2015-06-11,20.147854
2015-06-12,20.028166
2015-06-15,19.904480
2015-06-16,20.008217
2015-06-17,20.091993
2015-06-18,20.259567
2015-06-19,20.123695
2015-06-22,20.199852
2015-06-23,20.143740
2015-06-24,19.887230
2015-06-25,19.871197
2015-06-26,19.795048
2015-06-29,19.334145
2015-06-30,19.394257
2015-07-01,19.502470
2015-07-02,19.442354
2015-07-06,19.282040
2015-07-07,19.217911
2015-07-08,18.797077
2015-07-09,18.853189
2015-07-10,19.117710
2015-07-13,19.326124
2015-07-14,19.434334
2015-07-15,19.282040
2015-07-16,19.233946
2015-07-17,19.101683
2015-07-20,18.941364
2015-07-21,18.825144
2015-07-22,18.744972
2015-07-23,18.472439
2015-07-24,18.067633
2015-07-27,17.867239
2015-07-28,18.239979
2015-07-29,18.372246
2015-07-30,18.464420
2015-07-31,18.416334
2015-08-03,18.272041
2015-08-04,18.352203
2015-08-05,18.444378
2015-08-06,18.380257
2015-08-07,18.123758
2015-08-10,18.568630
2015-08-11,18.223951
2015-08-12,18.292084
2015-08-13,18.239979
2015-08-14,18.324154
2015-08-17,18.428356
2015-08-18,18.308113
2015-08-19,18.083677
2015-08-20,17.743002
2015-08-21,17.310143
2015-08-24,16.584717
2015-08-25,16.324200
2015-08-26,16.765076
2015-08-27,17.374269
2015-08-28,17.474472
2015-08-31,17.378281
2015-09-01,16.849239
2015-09-02,17.089710
2015-09-03,17.193916
2015-09-04,16.853243
2015-09-08,17.274076
2015-09-09,17.141815
2015-09-10,17.181890
2015-09-11,17.157843
2015-09-14,16.953440
2015-09-15,17.077688
2015-09-16,17.322174
2015-09-17,17.242008
2015-09-18,16.878489
2015-09-21,16.934906
2015-09-22,16.620556
2015-09-23,16.265898
2015-09-24,16.221563
2015-09-25,16.201412
2015-09-28,15.697634
2015-09-29,15.758090
2015-09-30,16.088570
2015-10-01,16.269926
2015-10-02,16.668919
2015-10-05,17.104176
2015-10-06,17.325840
2015-10-07,17.555561
2015-10-08,17.801403
2015-10-09,17.793348
2015-10-12,17.640198
2015-10-13,17.571684
2015-10-14,17.712734
2015-10-15,17.761105
2015-10-16,17.769165
2015-10-19,17.644228
2015-10-20,17.672436
2015-10-21,17.515259
2015-10-22,17.994856
2015-10-23,18.143967
2015-10-26,17.994856
2015-10-27,17.918280
2015-10-28,18.188305
2015-10-29,18.224583
2015-10-30,18.248755
2015-11-02,18.361599
2015-11-03,18.434141
2015-11-04,18.313246
2015-11-05,18.220545
2015-11-06,18.268906
2015-11-09,18.143967
2015-11-10,18.010973
2015-11-11,18.031128
2015-11-12,17.668417
2015-11-13,17.894098
2015-11-16,18.123823
2015-11-17,18.103666
2015-11-18,18.426092
2015-11-19,18.405935
2015-11-20,18.349510
2015-11-23,18.373692
2015-11-24,18.526838
2015-11-25,18.409960
2015-11-27,18.385786
2015-11-30,18.430113
2015-12-01,18.559086
2015-12-02,18.309212
2015-12-03,18.148005
2015-12-04,18.466387
2015-12-07,18.135910
2015-12-08,17.793348
2015-12-09,18.329365
2015-12-10,18.192333
2015-12-11,17.708708
2015-12-14,17.474957
2015-12-15,17.571684
2015-12-16,17.753042
2015-12-17,17.398382
2015-12-18,17.163284
2015-12-21,17.317585
2015-12-22,17.536846
2015-12-23,17.951008
2015-12-24,17.910397
2015-12-28,17.784525
2015-12-29,17.951008
2015-12-30,17.784525
2015-12-31,17.630228
2016-01-04,17.354126
2016-01-05,17.345999
2016-01-06,16.891243
2016-01-07,16.432413
2016-01-08,16.265936
2016-01-11,15.989833
2016-01-12,16.014196
2016-01-13,15.644704
2016-01-14,15.855847
2016-01-15,15.531006
2016-01-19,15.340170
2016-01-20,15.226481
2016-01-21,15.360471
2016-01-22,15.636576
2016-01-25,15.137148
2016-01-26,15.397015
2016-01-27,15.275205
2016-01-28,15.299559
2016-01-29,15.742152
2016-02-01,15.807117
2016-02-02,15.701545
2016-02-03,16.229399
2016-02-04,16.680103
2016-02-05,16.489265
2016-02-08,16.054802
2016-02-09,16.253757
2016-02-10,16.099466
2016-02-11,15.750270
2016-02-12,16.217218
2016-02-16,16.464901
2016-02-17,16.789728
2016-02-18,16.741005
2016-02-19,16.546108
2016-02-22,16.862816
2016-02-23,16.448652
2016-02-24,16.619198
2016-02-25,16.834391
2016-02-26,17.078024
2016-02-29,16.972446
2016-03-01,17.406916
2016-03-02,17.337885
2016-03-03,17.443455
2016-03-04,17.646475
2016-03-07,17.849491
2016-03-08,17.500305
2016-03-09,17.609926
2016-03-10,17.703320
2016-03-11,18.028154
2016-03-14,17.906340
2016-03-15,17.946943
2016-03-16,18.097181
2016-03-17,18.430126
2016-03-18,18.506323
2016-03-21,18.591892
2016-03-22,18.380014
2016-03-23,18.151838
2016-03-24,18.151838
2016-03-28,18.229261
2016-03-29,18.331116
2016-03-30,18.412607
2016-03-31,18.257782
2016-04-01,18.432978
2016-04-04,18.192591
2016-04-05,18.078506
2016-04-06,18.286303
2016-04-07,18.021461
2016-04-08,18.139622
2016-04-11,18.221117
2016-04-12,18.473722
2016-04-13,18.657076
2016-04-14,18.669306
2016-04-15,18.754868
2016-04-18,18.840429
2016-04-19,19.243807
2016-04-20,19.186756
2016-04-21,19.101202
2016-04-22,19.235653
2016-04-25,19.170462
2016-04-26,19.325296
2016-04-27,19.488277
2016-04-28,19.304924
2016-04-29,19.190834
2016-05-02,19.260101
2016-05-03,18.942295
2016-05-04,18.750793
2016-05-05,18.657076
2016-05-06,18.807837
2016-05-09,18.579662
2016-05-10,18.889326
2016-05-11,18.824135
2016-05-12,18.905624
2016-05-13,18.722277
2016-05-16,19.044153
2016-05-17,18.946371
2016-05-18,18.657076
2016-05-19,18.722277
2016-05-20,18.856730
2016-05-23,19.076754
2016-05-24,19.203056
2016-05-25,19.439384
2016-05-26,19.231583
2016-05-27,19.223433
2016-05-31,19.125650
2016-06-01,19.150097
2016-06-02,19.256029
2016-06-03,19.419010
2016-06-06,19.618664
2016-06-07,19.626808
2016-06-08,19.740894
2016-06-09,19.598289
2016-06-10,19.451607
2016-06-13,19.235653
2016-06-14,19.093046
2016-06-15,19.178612
2016-06-16,19.243807
2016-06-17,19.327755
2016-06-20,19.438313
2016-06-21,19.385080
2016-06-22,19.405560
2016-06-23,19.704475
2016-06-24,18.844557
2016-06-27,18.209852
2016-06-28,18.365465
2016-06-29,18.676666
2016-06-30,18.975594
2016-07-01,18.983782
2016-07-05,18.639814
2016-07-06,18.713522
2016-07-07,18.762657
2016-07-08,19.229473
2016-07-11,19.323654
2016-07-12,19.675817
2016-07-13,19.729052
2016-07-14,19.905123
2016-07-15,19.974737
2016-07-18,20.105774
2016-07-19,19.987024
2016-07-20,19.995214
2016-07-21,19.872358
2016-07-22,19.925598
2016-07-25,19.892845
2016-07-26,20.044353
2016-07-27,20.068918
2016-07-28,20.040249
2016-07-29,19.937883
2016-08-01,19.827326
2016-08-02,19.774096
2016-08-03,19.823223
2016-08-04,19.905123
2016-08-05,19.970648
2016-08-08,20.011589
2016-08-09,19.950171
2016-08-10,19.954262
2016-08-11,20.040249
2016-08-12,19.827326
2016-08-15,20.027975
2016-08-16,19.921505
2016-08-17,19.905123
2016-08-18,20.032066
2016-08-19,20.060736
2016-08-22,20.032066
2016-08-23,20.204048
2016-08-24,19.970648
2016-08-25,20.068918
2016-08-26,19.954262
2016-08-29,20.134439
2016-08-30,20.085302
2016-08-31,19.884655
2016-09-01,19.966551
2016-09-02,20.167198
2016-09-06,20.122152
2016-09-07,20.093487
2016-09-08,20.007494
2016-09-09,19.426027
2016-09-12,19.610298
2016-09-13,19.245852
2016-09-14,19.200804
2016-09-15,19.323654
2016-09-16,19.246277
2016-09-19,19.275087
2016-09-20,19.217461
2016-09-21,19.509695
2016-09-22,19.571434
2016-09-23,19.472658
2016-09-26,19.382103
2016-09-27,19.439732
2016-09-28,19.661989
2016-09-29,19.509695
2016-09-30,19.653759
2016-10-03,19.629063
2016-10-04,19.361528
2016-10-05,19.493235
2016-10-06,19.653759
2016-10-07,19.287434
2016-10-10,19.402681
2016-10-11,19.139261
2016-10-12,19.102215
2016-10-13,19.003435
2016-10-14,19.065174
2016-10-17,19.081636
2016-10-18,19.254505
2016-10-19,19.394451
2016-10-20,19.377987
2016-10-21,19.369761
2016-10-24,19.415031
2016-10-25,19.238039
2016-10-26,19.209230
2016-10-27,19.184542
2016-10-28,19.233929
2016-10-31,19.242165
2016-11-01,19.131029
2016-11-02,19.028130
2016-11-03,19.032246
2016-11-04,19.098101
2016-11-07,19.390335
2016-11-08,19.452068
2016-11-09,19.863670
2016-11-10,20.094166
2016-11-11,19.818396
2016-11-14,19.863670
2016-11-15,19.945990
2016-11-16,19.908943
2016-11-17,19.917175
2016-11-18,19.888363
2016-11-21,20.122976
2016-11-22,20.246454
2016-11-23,20.337009
2016-11-25,20.398745
2016-11-28,20.316429
2016-11-29,20.337009
2016-11-30,20.555151
2016-12-01,20.563383
2016-12-02,20.571619
2016-12-05,20.732138
2016-12-06,20.756840
2016-12-07,21.053183
2016-12-08,21.193127
2016-12-09,21.197243
2016-12-12,21.102583
2016-12-13,21.069653
2016-12-14,20.818573
2016-12-15,20.954405
2016-12-16,20.889776
2016-12-19,20.848343
2016-12-20,20.864908
2016-12-21,20.873199
2016-12-22,20.786184
2016-12-23,20.827625
2016-12-27,20.939487
2016-12-28,20.728189
2016-12-29,20.728189
2016-12-30,20.591461
2017-01-03,20.711609
2017-01-04,21.014069
2017-01-05,20.951916
2017-01-06,20.972628
2017-01-09,20.968487
2017-01-10,20.980921
2017-01-11,21.150787
2017-01-12,21.109360
2017-01-13,21.076210
2017-01-17,20.980921
2017-01-18,21.113499
2017-01-19,20.980921
2017-01-20,21.167356
2017-01-23,21.208796
2017-01-24,21.755688
2017-01-25,21.900700
2017-01-26,21.958704
2017-01-27,21.879984
2017-01-30,21.656254
2017-01-31,21.527815
2017-02-01,21.635538
2017-02-02,21.540249
2017-02-03,21.577536
2017-02-06,21.519527
2017-02-07,21.349659
2017-02-08,21.399376
2017-02-09,21.391092
2017-02-10,21.585815
2017-02-13,21.763971
2017-02-14,21.759834
2017-02-15,21.730831
2017-02-16,21.730831
2017-02-17,21.668680
2017-02-21,21.739120
2017-02-22,21.797119
2017-02-23,21.676970
2017-02-24,21.722544
2017-02-27,21.668680
2017-02-28,21.647966
2017-03-01,22.070560
2017-03-02,21.834406
2017-03-03,21.817841
2017-03-06,21.676970
2017-03-07,21.556818
2017-03-08,21.556818
2017-03-09,21.490524
2017-03-10,21.589964
2017-03-13,21.652115
2017-03-14,21.465670
2017-03-15,21.809547
2017-03-16,21.660389
2017-03-17,21.753498
2017-03-20,21.874027
2017-03-21,21.508280
2017-03-22,21.570621
2017-03-23,21.662056
2017-03-24,21.470875
2017-03-27,21.516592
2017-03-28,21.765970
2017-03-29,21.782591
2017-03-30,21.786743
2017-03-31,21.782591
2017-04-03,21.699463
2017-04-04,21.778435
2017-04-05,21.761808
2017-04-06,21.878176
2017-04-07,21.857397
2017-04-10,21.861559
2017-04-11,21.803370
2017-04-12,21.533218
2017-04-13,21.325407
2017-04-17,21.479187
2017-04-18,21.454256
2017-04-19,21.483341
2017-04-20,21.720245
2017-04-21,21.695312
2017-04-24,21.944675
2017-04-25,22.297958
2017-04-26,22.293793
2017-04-27,22.243931
2017-04-28,22.056898
2017-05-01,22.069368
2017-05-02,22.106770
2017-05-03,21.890644
2017-05-04,21.915592
2017-05-05,22.227299
2017-05-08,22.048586
2017-05-09,21.882336
2017-05-10,21.952993
2017-05-11,21.919743
2017-05-12,21.865709
2017-05-15,22.056898
2017-05-16,22.061054
2017-05-17,21.595560
2017-05-18,21.608034
2017-05-19,21.795057
2017-05-22,21.819998
2017-05-23,21.836618
2017-05-24,21.982086
2017-05-25,21.957151
2017-05-26,21.998711
2017-05-30,21.994551
2017-05-31,22.061054
2017-06-01,22.327051
2017-06-02,22.381077
2017-06-05,22.310427
2017-06-06,22.322893
2017-06-07,22.351984
2017-06-08,22.418484
2017-06-09,22.705265
2017-06-12,22.617987
2017-06-13,22.900600
2017-06-14,22.659544
2017-06-15,22.460041
2017-06-16,22.556923
2017-06-19,22.736479
2017-06-20,22.611210
2017-06-21,22.373192
2017-06-22,22.398243
2017-06-23,22.485937
2017-06-26,22.552750
2017-06-27,22.414949
2017-06-28,22.619555
2017-06-29,22.348145
2017-06-30,22.469231
2017-07-03,22.665491
2017-07-05,22.590330
2017-07-06,22.490110
2017-07-07,22.607031
2017-07-10,22.749004
2017-07-11,22.715597
2017-07-12,22.978666
2017-07-13,22.953613
2017-07-14,23.070534
2017-07-17,23.116468
2017-07-18,23.020422
2017-07-19,23.241735
2017-07-20,23.070534
2017-07-21,23.074703
2017-07-24,23.053829
2017-07-25,23.300192
2017-07-26,23.158218
2017-07-27,23.074703
2017-07-28,22.991192
2017-07-31,22.815815
2017-08-01,22.832516
2017-08-02,22.853395
2017-08-03,22.682198
2017-08-04,22.790762
2017-08-07,22.803286
2017-08-08,22.623735
2017-08-09,22.644613
2017-08-10,22.385719
2017-08-11,22.331438
2017-08-14,22.540222
2017-08-15,22.544395
2017-08-16,22.765711
2017-08-17,22.419125
2017-08-18,22.427473
2017-08-21,22.448355
2017-08-22,22.740652
2017-08-23,22.698900
2017-08-24,22.657139
2017-08-25,22.728127
2017-08-28,22.761528
2017-08-29,22.652964
2017-08-30,22.819986
2017-08-31,22.995365
2017-09-01,23.145691
2017-09-05,22.882626
2017-09-06,22.941084
2017-09-07,22.978666
2017-09-08,22.970310
2017-09-11,23.270956
2017-09-12,23.467216
2017-09-13,23.458864
2017-09-14,23.538204
2017-09-15,23.539042
2017-09-18,23.669184
2017-09-19,23.790928
2017-09-20,23.874899
2017-09-21,23.824516
2017-09-22,23.740551
2017-09-25,23.782528
2017-09-26,23.677584
2017-09-27,23.677584
2017-09-28,23.845509
2017-09-29,23.845509
2017-10-02,24.105793
2017-10-03,24.206545
2017-10-04,24.214939
2017-10-05,24.361879
2017-10-06,24.307306
2017-10-09,24.303110
2017-10-10,24.319902
2017-10-11,24.332497
2017-10-12,24.378672
2017-10-13,24.496218
2017-10-16,24.479437
2017-10-17,24.416458
2017-10-18,24.357685
2017-10-19,24.450048
2017-10-20,24.659948
2017-10-23,24.613770
2017-10-24,24.752310
2017-10-25,24.622164
2017-10-26,24.949621
2017-10-27,24.819477
2017-10-30,24.701929
2017-10-31,24.769102
2017-11-01,24.890850
2017-11-02,24.710323
2017-11-03,24.697733
2017-11-06,24.592779
2017-11-07,24.617966
2017-11-08,24.643156
2017-11-09,24.433252
2017-11-10,24.395473
2017-11-13,24.521412
2017-11-14,24.298910
2017-11-15,24.151966
2017-11-16,24.445845
2017-11-17,24.479437
2017-11-20,24.513014
2017-11-21,24.643156
2017-11-22,24.575983
2017-11-24,24.701929
2017-11-27,24.554996
2017-11-28,24.827881
2017-11-29,24.865658
2017-11-30,25.004200
2017-12-01,24.798489
2017-12-04,25.054571
2017-12-05,24.928629
2017-12-06,24.781698
2017-12-07,24.949621
2017-12-08,24.949621
2017-12-11,24.983212
2017-12-12,24.987404
2017-12-13,25.054571
2017-12-14,24.777498
2017-12-15,24.924316
2017-12-18,25.291338
2017-12-19,25.261810
2017-12-20,25.270248
2017-12-21,25.358841
2017-12-22,25.455866
2017-12-26,25.434782
2017-12-27,25.468523
2017-12-28,25.582430
2017-12-29,25.536028
2018-01-02,25.898838
2018-01-03,26.080244
2018-01-04,26.308058
2018-01-05,26.518993
2018-01-08,26.556967
2018-01-09,26.514771
2018-01-10,26.354465
2018-01-11,26.700403
2018-01-12,26.742590
2018-01-16,26.430397
2018-01-17,26.552744
2018-01-18,26.535870
2018-01-19,26.696178
2018-01-22,26.632902
2018-01-23,26.628681
2018-01-24,26.742590
2018-01-25,26.919773
2018-01-26,27.037895
2018-01-29,26.729935
2018-01-30,26.535870
2018-01-31,26.556967
2018-02-01,26.194155
2018-02-02,25.506493
2018-02-05,24.531967
2018-02-06,25.333525
2018-02-07,25.105724
2018-02-08,24.223999
2018-02-09,24.645866
2018-02-12,25.143686
2018-02-13,25.080404
2018-02-14,25.417898
2018-02-15,25.607752
2018-02-16,25.514936
2018-02-20,25.401028
2018-02-21,25.312433
2018-02-22,25.481182
2018-02-23,25.856651
2018-02-26,25.970556
2018-02-27,25.611959
2018-02-28,25.156343
2018-03-01,24.899000
2018-03-02,24.873684
2018-03-05,25.202749
2018-03-06,25.481182
2018-03-07,25.388378
2018-03-08,25.409460
2018-03-09,25.869308
2018-03-12,25.806025
2018-03-13,25.700556
2018-03-14,25.384157
2018-03-15,25.050871
2018-03-16,25.049181
2018-03-19,24.689219
2018-03-20,24.663813
2018-03-21,24.943312
2018-03-22,24.197975
2018-03-23,23.723669
2018-03-26,24.210680
2018-03-27,23.965055
2018-03-28,23.660145
2018-03-29,24.113274
2018-04-02,23.588152
2018-04-03,23.922710
2018-04-04,24.079395
2018-04-05,24.528294
2018-04-06,23.931177
2018-04-09,24.062460
2018-04-10,24.557936
2018-04-11,24.375835
2018-04-12,24.634161
2018-04-13,24.608757
2018-04-16,24.939074
2018-04-17,25.222809
2018-04-18,25.404913
2018-04-19,25.121174
2018-04-20,24.985653
2018-04-23,24.913662
2018-04-24,24.240322
2018-04-25,24.371605
2018-04-26,24.524055
2018-04-27,24.460535
2018-04-30,24.142921
2018-05-01,24.121748
2018-05-02,24.066694
2018-05-03,24.176805
2018-05-04,24.477468
2018-05-07,24.469002
2018-05-08,24.418180
2018-05-09,24.769674
2018-05-10,24.947542
2018-05-11,24.939074
2018-05-14,25.036474
2018-05-15,24.960251
2018-05-16,25.256681
2018-05-17,25.315977
2018-05-18,25.349854
2018-05-21,25.485376
2018-05-22,25.273623
2018-05-23,25.214336
2018-05-24,25.125406
2018-05-25,24.989889
2018-05-29,24.557936
2018-05-30,24.845903
2018-05-31,24.638401
2018-06-01,25.015299
2018-06-04,25.159285
2018-06-05,25.349854
2018-06-06,25.819923
2018-06-07,25.688637
2018-06-08,25.760637
2018-06-11,25.798746
2018-06-12,25.832632
2018-06-13,25.553127
2018-06-14,25.591238
2018-06-15,25.412542
2018-06-18,25.348732
2018-06-19,24.884985
2018-06-20,24.804150
2018-06-21,24.540363
2018-06-22,24.897751
2018-06-25,24.510578
2018-06-26,24.604181
2018-06-27,24.527597
2018-06-28,24.621197
2018-06-29,24.706289
2018-07-02,24.574396
2018-07-03,24.531853
2018-07-05,24.744583
2018-07-06,24.867964
2018-07-09,25.089209
2018-07-10,25.301931
2018-07-11,24.876467
2018-07-12,24.936039
2018-07-13,24.923273
2018-07-16,24.723310
2018-07-17,25.046659
2018-07-18,24.812654
2018-07-19,24.901999
2018-07-20,24.799892
2018-07-23,24.663742
2018-07-24,24.982836
2018-07-25,25.178547
2018-07-26,25.323202
2018-07-27,25.229601
2018-07-30,25.182804
2018-07-31,25.412542
2018-08-01,25.153021
2018-08-02,24.987089
2018-08-03,25.225349
2018-08-06,25.216839
2018-08-07,25.301931
2018-08-08,25.195568
2018-08-09,25.331711
2018-08-10,24.965816
2018-08-13,24.714798
2018-08-14,24.923273
2018-08-15,24.527597
2018-08-16,24.676508
2018-08-17,24.859455
2018-08-20,25.033890
2018-08-21,25.131746
2018-08-22,25.004107
2018-08-23,24.833925
2018-08-24,25.157276
2018-08-27,25.501894
2018-08-28,25.404039
2018-08-29,25.595493
2018-08-30,25.293423
2018-08-31,25.216839
2018-09-04,25.042402
2018-09-05,25.208332
2018-09-06,25.259384
2018-09-07,25.093456
2018-09-10,25.123238
2018-09-11,25.174294
2018-09-12,25.187057
2018-09-13,25.284908
2018-09-14,25.276402
2018-09-17,25.365746
2018-09-18,25.391272
2018-09-19,25.667824
2018-09-20,25.944368
2018-09-21,25.888367
2018-09-24,25.525009
2018-09-25,25.392494
2018-09-26,25.140278
2018-09-27,24.922258
2018-09-28,24.764091
2018-10-01,25.012032
2018-10-02,25.118904
2018-10-03,24.939360
2018-10-04,24.823938
2018-10-05,24.640121
2018-10-08,24.627295
2018-10-09,23.810804
2018-10-10,23.186680
2018-10-11,22.917362
2018-10-12,22.981487
2018-10-15,22.904543
2018-10-16,23.272171
2018-10-17,23.122555
2018-10-18,22.861792
2018-10-19,22.699352
2018-10-22,22.519804
2018-10-23,22.297516
2018-10-24,21.592163
2018-10-25,21.870026
2018-10-26,21.741785
2018-10-29,21.690493
2018-10-30,22.186369
2018-10-31,22.489880
2018-11-01,23.122555
2018-11-02,23.066982
2018-11-05,23.135386
2018-11-06,23.515841
2018-11-07,23.939051
2018-11-08,23.836451
2018-11-09,23.503016
2018-11-12,23.156752
2018-11-13,23.088354
2018-11-14,23.062712
2018-11-15,23.379051
2018-11-16,23.614159
2018-11-19,23.276453
2018-11-20,22.853243
2018-11-21,23.037060
2018-11-23,22.789124
2018-11-26,23.049885
2018-11-27,22.767748
2018-11-28,23.118284
2018-11-29,23.284996
2018-11-30,23.344845
2018-12-03,23.755232
2018-12-04,23.049885
2018-12-06,22.737822
2018-12-07,22.190643
2018-12-10,22.250486
2018-12-11,22.177822
2018-12-12,22.370192
2018-12-13,22.109421
2018-12-14,21.938431
2018-12-17,21.562241
2018-12-18,21.681940
2018-12-19,21.386974
2018-12-20,21.100563
2018-12-21,20.910812
2018-12-24,20.368683
2018-12-26,21.280838
2018-12-27,21.672384
2018-12-28,21.556215
2018-12-31,21.736919
2019-01-02,21.848789
2019-01-03,21.229210
2019-01-04,22.063923
2019-01-07,22.141365
2019-01-08,22.373711
2019-01-09,22.382317
2019-01-10,22.580235
2019-01-11,22.489883
2019-01-14,22.317780
2019-01-15,22.171482
2019-01-16,22.257542
2019-01-17,22.649076
2019-01-18,23.023405
2019-01-22,22.705015
2019-01-23,22.550121
2019-01-24,22.429651
2019-01-25,22.855598
2019-01-28,22.821182
2019-01-29,23.057829
2019-01-30,23.303080
2019-01-31,22.954565
2019-02-01,23.023405
2019-02-04,22.984684
2019-02-05,23.152487
2019-02-06,23.014803
2019-02-07,22.696407
2019-02-08,22.674900
2019-02-11,22.709316
2019-02-12,23.217026
2019-02-13,23.247145
2019-02-14,23.126667
2019-02-15,23.440763
2019-02-19,23.587057
2019-02-20,23.991499
2019-02-21,23.896843
2019-02-22,24.000111
2019-02-25,24.155005
2019-02-26,24.017321
2019-02-27,23.978592
2019-02-28,23.686016
2019-03-01,23.655897
2019-03-04,23.763458
2019-03-05,23.651588
2019-03-06,23.703228
2019-03-07,23.509609
2019-03-08,23.548330
2019-03-11,23.883934
2019-03-12,23.974293
2019-03-13,24.090466
2019-03-14,23.909756
2019-03-15,23.939568
2019-03-18,23.995741
2019-03-19,23.965496
2019-03-20,23.943892
2019-03-21,24.198845
2019-03-22,23.477196
2019-03-25,23.433990
2019-03-26,23.576584
2019-03-27,23.546335
2019-03-28,23.775362
2019-03-29,23.982782
2019-04-01,24.341448
2019-04-02,24.423550
2019-04-03,24.743315
2019-04-04,24.993944
2019-04-05,24.985312
2019-04-08,24.993944
2019-04-09,24.812454
2019-04-10,24.799494
2019-04-11,24.786530
2019-04-12,25.114943
2019-04-15,24.998270
2019-04-16,25.110619
2019-04-17,24.955055
2019-04-18,24.985312
2019-04-22,24.816776
2019-04-23,24.929131
2019-04-24,24.773567
2019-04-25,24.458111
2019-04-26,24.661215
2019-04-29,24.613682
2019-04-30,24.825420
2019-05-01,24.376013
2019-05-02,24.250698
2019-05-03,24.488363
2019-05-06,24.138340
2019-05-07,23.714865
2019-05-08,23.693260
2019-05-09,23.507441
2019-05-10,23.827217
2019-05-13,23.291386
2019-05-14,23.490164
2019-05-15,23.429667
2019-05-16,23.758078
2019-05-17,23.615475
2019-05-20,23.278419
2019-05-21,23.637085
2019-05-22,23.472876
2019-05-23,23.114214
2019-05-24,23.243851
2019-05-28,23.010506
2019-05-29,23.014828
2019-05-30,23.053713
2019-05-31,22.794451
2019-06-03,23.511765
2019-06-04,24.172913
2019-06-05,24.350086
2019-06-06,24.639606
2019-06-07,24.859991
2019-06-10,24.903202
2019-06-11,24.885918
2019-06-12,24.968019
2019-06-13,25.114943
2019-06-14,25.006912
2019-06-17,24.777891
2019-06-18,24.972345
2019-06-19,24.834061
2019-06-20,25.149506
2019-06-21,25.069523
2019-06-24,25.165165
2019-06-25,25.178202
2019-06-26,25.134737
2019-06-27,25.217325
2019-06-28,25.430336
2019-07-01,25.625954
2019-07-02,25.599871
2019-07-03,25.730276
2019-07-05,25.612911
2019-07-08,25.317310
2019-07-09,25.069523
2019-07-10,25.017365
2019-07-11,25.126040
2019-07-12,25.373821
2019-07-15,25.391209
2019-07-16,25.452066
2019-07-17,25.226019
2019-07-18,25.334696
2019-07-19,25.391209
2019-07-22,25.326006
2019-07-23,25.847645
2019-07-24,25.830263
2019-07-25,25.643339
2019-07-26,25.673767
2019-07-29,25.586824
2019-07-30,25.756361
2019-07-31,25.360777
2019-08-01,25.217325
2019-08-02,24.921726
2019-08-05,24.452242
2019-08-06,24.482672
2019-08-07,24.821741
2019-08-08,25.295572
2019-08-09,25.095608
2019-08-12,24.704378
2019-08-13,24.969543
2019-08-14,24.178371
2019-08-15,24.187069
2019-08-16,24.613081
2019-08-19,24.808702
2019-08-20,24.517448
2019-08-21,24.643513
2019-08-22,24.478321
2019-08-23,23.887123
2019-08-26,23.965370
2019-08-27,23.982761
2019-08-28,24.169680
2019-08-29,24.478321
2019-08-30,24.643513
2019-09-03,24.447895
2019-09-04,24.747841
2019-09-05,24.786963
2019-09-06,24.882599
2019-09-09,24.752192
2019-09-10,24.995628
2019-09-11,25.234713
2019-09-12,25.430336
2019-09-13,25.708544
2019-09-16,25.286879
2019-09-17,25.491184
2019-09-18,25.504227
2019-09-19,25.547701
2019-09-20,25.488285
2019-09-23,25.427124
2019-09-24,25.208675
2019-09-25,25.339743
2019-09-26,25.282944
2019-09-27,25.213043
2019-09-30,25.427124
2019-10-01,24.828579
2019-10-02,24.382946
2019-10-03,24.470327
2019-10-04,24.601393
2019-10-07,24.514017
2019-10-08,24.085861
2019-10-09,24.356731
2019-10-10,24.579550
2019-10-11,25.055761
2019-10-14,24.876631
2019-10-15,25.051390
2019-10-16,25.103821
2019-10-17,25.169353
2019-10-18,25.125668
2019-10-21,25.047022
2019-10-22,24.942173
2019-10-23,25.099451
2019-10-24,25.178099
2019-10-25,25.453333
2019-10-28,25.531975
2019-10-29,25.689257
2019-10-30,25.711100
2019-10-31,25.422749
2019-11-01,25.781000
2019-11-04,25.981970
2019-11-05,26.025661
2019-11-06,26.008188
2019-11-07,26.182947
2019-11-08,26.287798
2019-11-11,26.248470
2019-11-12,26.383917
2019-11-13,26.231005
2019-11-14,26.392654
2019-11-15,26.370808
2019-11-18,26.305273
2019-11-19,26.248470
2019-11-20,25.920807
2019-11-21,25.877115
2019-11-22,25.920807
2019-11-25,26.091196
2019-11-26,26.222265
2019-11-27,26.327112
2019-11-29,26.231005
2019-12-02,25.968866
2019-12-03,25.802847
2019-12-04,25.859644
2019-12-05,25.990711
2019-12-06,26.257212
2019-12-09,26.204782
2019-12-10,26.047506
2019-12-11,26.244108
2019-12-12,26.611099
2019-12-13,26.405756
2019-12-16,26.519350
2019-12-17,26.558668
2019-12-18,26.523718
2019-12-19,26.615465
2019-12-20,26.744623
2019-12-23,26.819298
2019-12-24,26.850056
2019-12-26,26.968666
2019-12-27,26.867624
2019-12-30,26.784161
2019-12-31,26.981842
2020-01-02,26.665546
2020-01-03,26.235035
2020-01-06,26.120815
2020-01-07,26.090059
2020-01-08,26.182312
2020-01-09,26.278961
2020-01-10,26.173536
2020-01-13,26.511791
2020-01-14,26.401960
2020-01-15,26.582075
2020-01-16,26.740229
2020-01-17,26.858843
2020-01-21,26.568899
2020-01-22,26.463467
2020-01-23,26.432716
2020-01-24,26.243816
2020-01-27,25.677122
2020-01-28,25.967062
2020-01-29,26.050529
2020-01-30,25.887981
2020-01-31,25.316898
2020-02-03,25.848450
2020-02-04,26.305321
2020-02-05,26.792948
2020-02-06,26.779768
2020-02-07,26.397575
2020-02-10,26.384392
2020-02-11,26.529367
2020-02-12,26.674330
2020-02-13,26.577682
2020-02-14,26.582075
2020-02-18,26.516186
2020-02-19,26.586472
2020-02-20,26.630405
2020-02-21,26.507395
2020-02-24,25.760588
2020-02-25,24.649158
2020-02-26,24.565691
2020-02-27,23.414719
2020-02-28,23.159931
2020-03-02,24.152752
2020-03-03,23.941883
2020-03-04,24.934698
2020-03-05,24.143959
2020-03-06,23.515762
2020-03-09,21.314859
2020-03-10,22.180290
2020-03-11,21.125967
2020-03-12,19.092003
2020-03-13,20.431870
2020-03-16,18.182650
2020-03-17,19.307261
2020-03-18,18.072830
2020-03-19,18.534094
2020-03-20,17.870749
2020-03-23,16.959740
2020-03-24,18.954224
2020-03-25,19.396456
2020-03-26,20.307470
2020-03-27,19.573357
2020-03-30,20.196909
2020-03-31,19.918301
2020-04-01,19.020565
2020-04-02,19.308016
2020-04-03,18.843664
2020-04-06,20.245552
2020-04-07,20.785082
2020-04-08,21.802225
2020-04-09,22.739763
2020-04-13,22.240040
2020-04-14,22.527491
2020-04-15,21.492662
2020-04-16,21.368834
2020-04-17,22.226776
2020-04-20,21.678398
2020-04-21,21.143297
2020-04-22,21.558996
2020-04-23,21.709360
2020-04-24,22.049877
2020-04-27,22.638056
2020-04-28,23.058174
2020-04-29,23.646351
2020-04-30,22.943192
2020-05-01,22.461159
2020-05-04,22.540756
2020-05-05,22.598248
2020-05-06,22.209087
2020-05-07,22.664587
2020-05-08,23.208532
2020-05-11,22.854750
2020-05-12,22.505377
2020-05-13,22.032192
2020-05-14,22.301950
2020-05-15,22.496532
2020-05-18,23.522524
2020-05-19,23.296986
2020-05-20,23.668461
2020-05-21,23.442919
2020-05-22,23.407537
2020-05-26,24.048780
2020-05-27,24.292013
2020-05-28,24.517555
2020-05-29,24.521978
2020-06-01,24.690027
2020-06-02,25.136683
2020-06-03,25.707169
2020-06-04,25.800037
2020-06-05,26.458965
2020-06-08,26.494347
2020-06-09,26.171511
2020-06-10,25.875212
2020-06-11,23.876310
2020-06-12,24.340662
2020-06-15,24.597155
2020-06-16,25.110147
2020-06-17,24.902294
2020-06-18,24.919989
2020-06-19,24.844807
2020-06-22,24.936852
2020-06-23,24.994658
2020-06-24,24.265409
2020-06-25,24.567780
2020-06-26,24.229832
2020-06-29,24.701178
2020-06-30,25.056906
2020-07-01,25.110270
2020-07-02,25.581617
2020-07-06,25.946243
2020-07-07,25.955137
2020-07-08,25.586067
2020-07-09,25.345942
2020-07-10,25.786165
2020-07-13,25.786165
2020-07-14,26.435377
2020-07-15,26.880041
2020-07-16,26.968975
2020-07-17,27.195755
2020-07-20,26.960079
2020-07-21,27.195755
2020-07-22,27.511465
2020-07-23,27.426981
2020-07-24,27.333599
2020-07-27,27.729353
2020-07-28,27.120167
2020-07-29,27.342491
2020-07-30,26.813339
2020-07-31,26.840017
2020-08-03,26.688835
2020-08-04,27.066805
2020-08-05,27.462557
2020-08-06,27.346941
2020-08-07,27.440319
2020-08-10,27.707123
2020-08-11,27.658207
2020-08-12,27.822733
2020-08-13,27.818283
2020-08-14,27.849413
2020-08-17,27.973919
2020-08-18,27.858303
2020-08-19,27.778269
2020-08-20,27.680443
2020-08-21,27.520357
2020-08-24,28.005041
2020-08-25,27.893881
2020-08-26,28.187359
2020-08-27,28.111765
2020-08-28,28.445269
2020-08-31,28.009491
2020-09-01,28.796549
2020-09-02,29.450212
2020-09-03,28.636475
2020-09-04,28.654261
2020-09-08,28.116209
2020-09-09,28.841021
2020-09-10,28.569767
2020-09-11,28.934397
2020-09-14,29.352383
2020-09-15,29.494680
2020-09-16,29.516907
2020-09-17,29.734797
2020-09-18,29.223429
2020-09-21,28.239664
2020-09-22,28.293280
2020-09-23,27.462309
2020-09-24,27.658880
2020-09-25,27.904600
2020-09-28,28.355824
2020-09-29,28.145847
2020-09-30,28.431770
2020-10-01,28.029688
2020-10-02,28.279877
2020-10-05,28.820450
2020-10-06,28.458576
2020-10-07,29.191261
2020-10-08,29.486122
2020-10-09,29.713970
2020-10-12,29.664827
2020-10-13,29.401239
2020-10-14,29.486122
2020-10-15,29.401239
2020-10-16,29.606749
2020-10-19,29.262751
2020-10-20,29.329762
2020-10-21,29.218071
2020-10-22,29.378906
2020-10-23,29.486122
2020-10-26,28.748970
2020-10-27,28.476448
2020-10-28,27.672279
2020-10-29,28.244133
2020-10-30,28.226263
2020-11-02,29.164461
2020-11-03,29.620153
2020-11-04,29.115311
2020-11-05,30.303698
2020-11-06,30.379641
2020-11-09,31.063179
2020-11-10,31.429535
2020-11-11,30.960430
2020-11-12,30.308155
2020-11-13,30.830873
2020-11-16,31.438469
2020-11-17,31.322298
2020-11-18,31.063179
2020-11-19,31.192753
2020-11-20,31.165934
2020-11-23,31.425060
2020-11-24,32.206879
2020-11-25,31.871820
2020-11-27,32.037121
2020-11-30,31.715450
2020-12-01,32.063911
2020-12-02,31.652910
2020-12-03,31.434002
2020-12-04,32.068390
2020-12-07,31.858414
2020-12-08,32.037121
2020-12-09,32.054996
2020-12-10,31.858414
2020-12-11,31.675245
2020-12-14,31.273167
2020-12-15,31.840551
2020-12-16,31.751194
2020-12-17,32.117531
2020-12-18,32.260490
2020-12-21,32.089439
2020-12-22,31.891874
2020-12-23,31.936775
2020-12-24,32.138828
2020-12-28,32.013096
2020-12-29,31.936775
2020-12-30,32.376797
2020-12-31,32.502510
2021-01-04,32.192699
2021-01-05,32.915581
2021-01-06,34.262558
2021-01-07,34.518478
2021-01-08,34.352360
2021-01-11,34.352360
2021-01-12,34.787872
2021-01-13,34.433167
2021-01-14,34.316433
2021-01-15,33.827026
2021-01-19,33.943771
2021-01-20,34.056023
2021-01-21,33.557629
2021-01-22,33.396004
2021-01-25,33.220894
2021-01-26,32.762924
2021-01-27,31.797594
2021-01-28,32.345360
2021-01-29,31.716782
2021-02-01,32.089439
2021-02-02,32.511494
2021-02-03,32.574341
2021-02-04,32.457603
2021-02-05,33.014359
2021-02-08,33.288239
2021-02-09,33.041298
2021-02-10,33.005375
2021-02-11,33.036812
2021-02-12,33.378040
2021-02-16,33.315174
2021-02-17,33.297222
2021-02-18,33.090687
2021-02-19,33.696835
2021-02-22,33.827026
2021-02-23,33.943771
2021-02-24,34.240112
2021-02-25,33.449879
2021-02-26,33.023331
2021-03-01,33.858463
2021-03-02,34.047039
2021-03-03,33.710297
2021-03-04,33.054764
2021-03-05,33.813572
2021-03-08,34.267044
2021-03-09,34.478058
2021-03-10,35.048283
2021-03-11,35.236866
2021-03-12,35.331158
2021-03-15,35.371571
2021-03-16,35.079723
2021-03-17,35.394012
2021-03-18,35.196457
2021-03-19,35.021355
2021-03-22,35.042992
2021-03-23,34.312553
2021-03-24,34.560532
2021-03-25,35.061028
2021-03-26,35.931240
2021-03-29,35.809494
2021-03-30,35.705795
2021-03-31,35.529949
2021-04-01,35.841057
2021-04-05,36.282928
2021-04-06,36.364094
2021-04-07,35.737358
2021-04-08,35.782448
2021-04-09,36.093555
2021-04-12,36.219818
2021-04-13,36.134144
2021-04-14,36.395664
2021-04-15,36.823994
2021-04-16,37.270367
2021-04-19,37.099033
2021-04-20,36.742844
2021-04-21,37.410152
2021-04-22,36.778912
2021-04-23,37.383106
2021-04-26,37.604038
2021-04-27,37.504841
2021-04-28,37.608543
2021-04-29,37.842999
2021-04-30,37.441715
2021-05-03,38.000813
2021-05-04,38.415627
2021-05-05,38.902596
2021-05-06,39.231747
2021-05-07,39.619503
2021-05-10,39.443653
2021-05-11,39.574417
2021-05-12,38.577942
2021-05-13,39.168610
2021-05-14,39.637543
2021-05-17,39.984730
2021-05-18,39.542843
2021-05-19,38.938663
2021-05-20,38.961216
2021-05-21,39.046879
2021-05-24,39.394058
2021-05-25,39.060402
2021-05-26,39.073933
2021-05-27,39.385029
2021-05-28,39.344460
2021-06-01,39.894550
2021-06-02,39.560886
2021-06-03,39.551868
2021-06-04,39.637543
2021-06-07,39.155079
2021-06-08,39.227230
2021-06-09,38.920628
2021-06-10,38.686169
2021-06-11,38.830456
2021-06-14,38.352509
2021-06-15,38.271355
2021-06-16,37.847511
2021-06-17,37.004356
2021-06-18,36.404659
2021-06-21,37.160473
2021-06-22,37.309914
2021-06-23,37.069912
2021-06-24,37.187653
2021-06-25,37.192169
2021-06-28,37.192169
2021-06-29,37.174057
2021-06-30,37.273682
2021-07-01,37.477470
2021-07-02,37.531807
2021-07-06,36.974804
2021-07-07,37.359726
2021-07-08,36.852531
2021-07-09,37.577091
2021-07-12,37.699348
2021-07-13,37.355194
2021-07-14,37.278221
2021-07-15,37.282738
2021-07-16,36.721207
2021-07-19,35.933262
2021-07-20,36.340820
2021-07-21,36.739326
2021-07-22,36.752914
2021-07-23,37.011028
2021-07-26,37.323502
2021-07-27,37.373314
2021-07-28,37.481991
2021-07-29,37.894077
2021-07-30,38.048046
2021-08-02,37.586140
2021-08-03,37.975597
2021-08-04,37.613316
2021-08-05,37.558975
2021-08-06,38.102379
2021-08-09,38.057110
2021-08-10,38.632221
2021-08-11,39.175632
2021-08-12,39.112236
2021-08-13,39.148464
2021-08-16,38.953735
2021-08-17,38.505417
2021-08-18,38.057110
2021-08-19,37.717480
2021-08-20,37.939362
2021-08-23,38.265419
2021-08-24,38.505417
2021-08-25,38.682030
2021-08-26,38.414852
2021-08-27,38.922035
2021-08-30,38.881287
2021-08-31,38.768074
2021-09-01,38.668446
2021-09-02,38.917503
2021-09-03,38.659389
2021-09-07,38.405796
2021-09-08,38.038986
2021-09-09,38.052574
2021-09-10,38.043518
2021-09-13,38.034462
2021-09-14,37.617847
2021-09-15,38.016342
2021-09-16,37.604259
2021-09-17,36.829899
2021-09-20,36.122185
2021-09-21,36.035774
2021-09-22,36.408737
2021-09-23,36.927231
2021-09-24,36.872650
2021-09-27,37.159191
2021-09-28,36.699814
2021-09-29,36.549725
2021-09-30,35.981201
2021-10-01,36.554276
2021-10-04,36.395081
2021-10-05,36.718002
2021-10-06,36.649788
2021-10-07,37.127350
2021-10-08,36.922680
2021-10-11,36.927231
2021-10-12,36.977261
2021-10-13,37.254707
2021-10-14,38.159801
2021-10-15,38.273510
2021-10-18,38.246212
2021-10-19,38.446339
2021-10-20,38.755627
2021-10-21,38.655552
2021-10-22,38.582794
2021-10-25,38.969387
2021-10-26,39.078537
2021-10-27,38.519112
2021-10-28,38.901165
2021-10-29,38.714691
2021-11-01,38.805649
2021-11-02,39.246834
2021-11-03,39.656181
2021-11-04,39.633434
2021-11-05,39.942711
2021-11-08,40.443024
2021-11-09,40.629498
2021-11-10,40.352062
2021-11-11,40.674988
2021-11-12,40.979713
2021-11-15,40.793240
2021-11-16,40.679535
2021-11-17,40.411190
2021-11-18,40.238350
2021-11-19,40.165588
2021-11-22,40.229259
2021-11-23,40.270191
2021-11-24,39.983654
2021-11-26,39.296864
2021-11-29,39.478794
2021-11-30,38.500927
2021-12-01,38.109772
2021-12-02,38.887527
2021-12-03,38.801094
2021-12-06,39.369640
2021-12-07,39.970005
2021-12-08,40.138290
2021-12-09,39.915428
2021-12-10,40.161034
2021-12-13,39.919968
2021-12-14,39.879047
2021-12-15,39.965466
2021-12-16,40.374794
2021-12-17,39.869942
2021-12-20,39.157738
2021-12-21,39.651432
2021-12-22,39.966858
2021-12-23,40.369133
2021-12-27,40.977108
2021-12-28,41.214825
2021-12-29,41.383961
2021-12-30,41.237675
2021-12-31,41.420525
2022-01-03,40.881119
2022-01-04,41.383961
2022-01-05,41.379383
2022-01-06,40.858253
2022-01-07,40.821690
2022-01-10,40.405701
2022-01-11,40.849113
2022-01-12,41.260536
2022-01-13,40.940544
2022-01-14,40.593121
2022-01-18,40.058285
2022-01-19,39.957718
2022-01-20,39.377159
2022-01-21,38.417187
2022-01-24,38.440041
2022-01-25,38.092625
2022-01-26,37.694912
2022-01-27,37.822914
2022-01-28,38.042336
2022-01-31,38.604610
2022-02-01,39.198875
2022-02-02,39.322308
2022-02-03,38.636600
2022-02-04,37.996635
2022-02-07,37.809208
2022-02-08,38.394321
2022-02-09,39.230877
2022-02-10,39.002312
2022-02-11,38.398899
2022-02-14,38.083488
2022-02-15,38.782887
2022-02-16,39.066315
2022-02-17,38.398899
2022-02-18,38.334904
2022-02-22,37.790916
2022-02-23,37.306355
2022-02-24,37.196648
2022-02-25,38.554314
2022-02-28,38.115482
2022-03-01,37.237793
2022-03-02,38.056053
2022-03-03,38.101761
2022-03-04,37.969196
2022-03-07,36.652660
2022-03-08,36.465240
2022-03-09,37.594360
2022-03-10,37.694912
2022-03-11,37.416061
2022-03-14,37.361221
2022-03-15,37.790916
2022-03-16,38.385189
2022-03-17,39.121166
2022-03-18,39.358871
2022-03-21,39.686039
2022-03-22,39.901699
2022-03-23,39.718159
2022-03-24,40.516552
2022-03-25,40.970814
2022-03-28,40.787273
2022-03-29,41.131413
2022-03-30,40.993755
2022-03-31,40.447731
2022-04-01,40.874458
2022-04-04,40.883636
2022-04-05,40.557850
2022-04-06,40.089821
2022-04-07,40.351372
2022-04-08,40.599148
2022-04-11,40.397255
2022-04-12,40.406429
2022-04-13,41.002937
2022-04-14,40.865280
2022-04-18,40.901985
2022-04-19,41.287422
2022-04-20,41.548965
2022-04-21,40.869869
2022-04-22,39.341896
2022-04-25,39.231777
2022-04-26,38.626083
2022-04-27,39.195061
2022-04-28,39.814514
2022-04-29,39.016109
2022-05-02,38.896809
2022-05-03,39.332718
2022-05-04,40.608330
2022-05-05,39.351070
2022-05-06,38.786678
2022-05-09,37.561550
2022-05-10,37.327538
2022-05-11,37.345894
2022-05-12,37.277065
2022-05-13,37.850628
2022-05-16,37.781799
2022-05-17,38.850929
2022-05-18,37.644142
2022-05-19,37.910278
2022-05-20,37.818508
2022-05-23,38.511368
2022-05-24,38.291130
2022-05-25,38.460907
2022-05-26,39.167522
2022-05-27,40.085239
2022-05-31,39.474957
2022-06-01,39.080357
2022-06-02,40.158649
2022-06-03,39.768620
2022-06-06,40.144886
2022-06-07,40.433968
2022-06-08,39.594265
2022-06-09,38.658207
2022-06-10,37.474377
2022-06-13,36.010635
2022-06-14,35.735321
2022-06-15,35.726151
2022-06-16,34.436779
2022-06-17,34.377132
2022-06-21,34.896904
2022-06-22,34.448738
2022-06-23,33.977482
2022-06-24,35.326599
2022-06-27,35.035522
2022-06-28,34.661263
2022-06-29,34.411785
2022-06-30,34.005199
2022-07-01,34.245453
2022-07-05,33.557026
2022-07-06,33.769566
2022-07-07,34.069874
2022-07-08,33.737225
2022-07-11,33.644806
2022-07-12,33.580128
2022-07-13,33.386082
2022-07-14,32.771580
2022-07-15,33.284431
2022-07-18,33.362976
2022-07-19,34.379433
2022-07-20,34.439499
2022-07-21,34.929241
2022-07-22,34.679756
2022-07-25,34.822987
2022-07-26,34.587349
2022-07-27,35.003178
2022-07-28,35.622284
2022-07-29,36.098175
2022-08-01,35.807106
2022-08-02,35.442101
2022-08-03,35.479057
2022-08-04,35.502163
2022-08-05,35.626904
2022-08-08,35.825581
2022-08-09,35.650013
2022-08-10,36.661854
2022-08-11,36.786602
2022-08-12,37.479637
2022-08-15,37.456535
2022-08-16,37.664452
2022-08-17,37.146984
2022-08-18,37.262489
2022-08-19,36.578682
2022-08-22,35.996532
2022-08-23,36.352295
2022-08-24,36.430836
2022-08-25,37.257870
2022-08-26,36.116657
2022-08-29,35.862545
2022-08-30,35.275768
2022-08-31,34.841465
2022-09-01,34.384056
2022-09-02,34.351707
2022-09-06,34.245453
2022-09-07,35.192612
2022-09-08,35.534500
2022-09-09,36.070454
2022-09-12,36.407726
2022-09-13,35.109436
2022-09-14,34.679756
2022-09-15,34.222343
2022-09-16,33.681782
2022-09-19,34.239349
2022-09-20,33.588844
2022-09-21,32.854713
2022-09-22,32.459774
2022-09-23,31.795332
2022-09-26,31.279583
2022-09-27,31.349276
2022-09-28,32.157757
2022-09-29,31.683826
2022-09-30,31.600189
2022-10-03,32.627037
2022-10-04,33.825813
2022-10-05,33.444813
2022-10-06,33.091686
2022-10-07,32.273918
2022-10-10,32.343613
2022-10-11,32.092705
2022-10-12,31.851091
2022-10-13,32.785019
2022-10-14,31.679174
2022-10-17,32.469070
2022-10-18,33.105618
2022-10-19,32.715324
2022-10-20,32.478355
2022-10-21,33.602783
2022-10-24,33.407642
2022-10-25,34.234699
2022-10-26,34.476303
2022-10-27,34.388035
2022-10-28,34.731861
2022-10-31,34.420559
2022-11-01,34.508831
2022-11-02,33.612076
2022-11-03,33.867630
2022-11-04,35.043163
2022-11-07,35.317310
2022-11-08,35.925987
2022-11-09,35.345184
2022-11-10,37.301323
2022-11-11,37.752029
2022-11-14,37.700912
2022-11-15,37.645153
2022-11-16,37.278095
2022-11-17,36.920319
2022-11-18,37.166576
2022-11-21,37.292030
2022-11-22,38.137676
2022-11-23,38.286362
2022-11-25,38.272430
2022-11-28,37.417484
2022-11-29,37.542942
2022-11-30,38.448986
2022-12-01,38.495449
2022-12-02,38.918278
2022-12-05,38.146965
2022-12-06,37.807781
2022-12-07,37.724144
2022-12-08,38.002926
2022-12-09,37.626572
2022-12-12,37.951817
2022-12-13,38.476864
2022-12-14,38.063332
2022-12-15,36.901737
2022-12-16,36.743755
2022-12-19,36.266289
2022-12-20,36.504787
2022-12-21,36.822788
2022-12-22,36.467377
2022-12-23,36.719906
2022-12-27,36.752636
2022-12-28,36.191460
2022-12-29,36.584286
2022-12-30,36.327084
2023-01-03,36.289669
2023-01-04,36.920990
2023-01-05,36.336430
2023-01-06,37.585056
2023-01-09,37.823563
2023-01-10,38.202362
2023-01-11,38.800949
2023-01-12,38.945919
2023-01-13,39.184425
2023-01-17,38.791592
2023-01-18,38.244442
2023-01-19,37.949821
2023-01-20,38.712093
2023-01-23,38.838360
2023-01-24,38.861744
2023-01-25,38.941250
2023-01-26,39.128300
2023-01-27,39.002045
2023-01-30,38.735477
2023-01-31,39.586605
2023-02-01,39.848484
2023-02-02,39.722221
2023-02-03,39.006718
2023-02-06,38.576473
2023-02-07,39.095570
2023-02-08,38.782238
2023-02-09,38.221066
2023-02-10,38.361362
2023-02-13,38.562443
2023-02-14,38.651302
2023-02-15,38.819653
2023-02-16,38.380074
2023-02-17,38.019974
2023-02-21,37.393314
2023-02-22,37.673912
2023-02-23,37.716000
2023-02-24,37.968529
2023-02-27,38.094799
2023-02-28,38.267830
2023-03-01,38.567123
2023-03-02,39.006718
2023-03-03,39.563225
2023-03-06,38.922550
2023-03-07,38.155590
2023-03-08,38.342651
2023-03-09,37.355911
2023-03-10,36.560902
2023-03-13,36.186779
2023-03-14,36.649757
2023-03-15,35.461929
2023-03-16,35.868782
2023-03-17,35.312283
2023-03-20,36.038879
2023-03-21,36.475689
2023-03-22,35.827518
2023-03-23,35.785252
2023-03-24,36.076450
2023-03-27,36.344177
2023-03-28,36.517963
2023-03-29,37.025219
2023-03-30,37.278847
2023-03-31,37.884739
2023-04-03,38.124279
2023-04-04,37.574749
2023-04-05,37.490204
2023-04-06,37.400955
2023-04-10,37.579449
2023-04-11,37.870647
2023-04-12,37.898834
2023-04-13,38.288670
2023-04-14,38.011555
2023-04-17,38.232304
2023-04-18,38.392002
2023-04-19,38.283974
2023-04-20,38.241703
2023-04-21,37.903519
2023-04-24,38.161854
2023-04-25,37.335209
2023-04-26,36.893703
2023-04-27,37.396267
2023-04-28,37.833076
2023-05-01,37.814289
2023-05-02,37.447941
2023-05-03,37.034607
2023-05-04,36.795074
2023-05-05,37.415058
2023-05-08,37.292938
2023-05-09,36.954769
2023-05-10,36.978256
2023-05-11,36.616589
2023-05-12,36.682350
2023-05-15,36.992340
2023-05-16,36.381748
2023-05-17,36.621284
2023-05-18,36.837345
2023-05-19,36.931286
2023-05-22,36.738708
2023-05-23,36.170391
2023-05-24,35.757069
2023-05-25,35.630253
2023-05-26,35.808739
2023-05-30,35.616169
2023-05-31,35.235718
2023-06-01,35.705399
2023-06-02,36.903099
2023-06-05,36.874924
2023-06-06,37.109760
2023-06-07,37.551254
2023-06-08,37.415058
2023-06-09,37.105064
2023-06-12,37.274147
2023-06-13,38.138363
2023-06-14,37.978676
2023-06-15,38.302761
2023-06-16,38.396694
2023-06-20,37.877037
2023-06-21,37.999752
2023-06-22,37.910080
2023-06-23,37.603287
2023-06-26,37.995037
2023-06-27,38.533104
2023-06-28,38.268791
2023-06-29,38.750214
2023-06-30,39.113651
2023-07-03,39.259964
2023-07-05,38.292381
2023-07-06,38.013908
2023-07-07,38.344303
2023-07-10,38.334862
2023-07-11,38.712456
2023-07-12,39.222202
2023-07-13,39.528996
2023-07-14,39.297726
2023-07-17,39.335484
2023-07-18,39.642273
2023-07-19,39.429882
2023-07-20,39.524277
2023-07-21,39.528996
2023-07-24,39.651711
2023-07-25,40.364403
2023-07-26,40.227539
2023-07-27,39.967941
2023-07-28,40.246418
2023-07-31,40.458809
2023-08-01,40.279453
2023-08-02,39.779144
2023-08-03,39.533714
2023-08-04,39.444035
2023-08-07,39.703625
2023-08-08,39.283562
2023-08-09,39.123077
2023-08-10,39.151405
2023-08-11,39.042850
2023-08-14,39.127804
2023-08-15,38.490620
2023-08-16,38.231030
2023-08-17,38.155506
2023-08-18,38.150791
2023-08-21,38.155506
2023-08-22,38.122467
2023-08-23,38.183826
2023-08-24,38.023350
2023-08-25,38.136639
2023-08-28,38.415100
2023-08-29,39.052284
2023-08-30,39.141964
2023-08-31,39.123077
2023-09-01,39.562035
2023-09-05,38.830452
2023-09-06,38.745487
2023-09-07,38.570862
2023-09-08,38.608624
2023-09-11,38.773811
2023-09-12,38.684139
2023-09-13,38.457588
2023-09-14,39.000362
2023-09-15,38.566139
2023-09-18,38.405842
2023-09-19,38.372639
2023-09-20,37.969513
2023-09-21,37.205948
2023-09-22,37.168011
2023-09-25,37.462055
2023-09-26,36.921394
2023-09-27,36.916649
2023-09-28,37.315029
2023-09-29,37.253376
2023-10-02,36.760155
2023-10-03,36.660553
2023-10-04,37.092129
2023-10-05,36.641579
2023-10-06,36.987793
2023-10-09,37.035210
2023-10-10,37.428856
2023-10-11,37.518967
2023-10-12,36.959335
2023-10-13,36.821793
2023-10-16,37.182240
2023-10-17,37.547421
2023-10-18,36.575184
2023-10-19,36.148338
2023-10-20,35.712021
2023-10-23,35.313641
2023-10-24,35.730991
2023-10-25,35.313641
2023-10-26,35.560261
2023-10-27,35.546032
2023-10-30,35.911221
2023-10-31,36.072464
2023-11-01,36.091434
2023-11-02,36.788601
2023-11-03,37.367207
2023-11-06,37.182240
2023-11-07,36.461361
2023-11-08,36.575184
2023-11-09,36.262165
2023-11-10,36.689007
2023-11-13,36.636837
2023-11-14,37.718159
2023-11-15,37.884140
2023-11-16,37.997978
2023-11-17,38.069107
2023-11-20,38.135517
2023-11-21,38.282528
2023-11-22,38.306244
2023-11-24,38.472237
2023-11-27,38.424805
2023-11-28,38.500690
2023-11-29,38.699883
2023-11-30,39.084030
2023-12-01,39.529835
2023-12-04,39.069801
2023-12-05,38.533897
2023-12-06,38.453270
2023-12-07,38.714108
2023-12-08,38.856388
2023-12-11,39.131462
2023-12-12,39.359100
2023-12-13,39.838112
2023-12-14,40.497337
2023-12-15,40.392998
2023-12-18,40.455563
2023-12-19,40.828072
2023-12-20,40.202450
2023-12-21,40.627495
2023-12-22,40.880600
2023-12-26,41.071629
2023-12-27,41.171925
2023-12-28,41.014324
2023-12-29,40.851952
2024-01-02,40.780315
2024-01-03,40.340939
2024-01-04,40.211990
2024-01-05,40.278858
2024-01-08,40.450794
2024-01-09,39.987534
2024-01-10,39.935001
2024-01-11,39.815609
2024-01-12,39.853813
2024-01-16,39.395348
2024-01-17,39.108795
2024-01-18,39.232960
2024-01-19,39.271172
2024-01-22,39.385788
2024-01-23,39.514729
2024-01-24,38.979847
2024-01-25,39.390572
2024-01-26,39.404896
2024-01-29,39.600700
2024-01-30,39.782177
2024-01-31,39.261623
2024-02-01,39.915901
2024-02-02,39.681881
2024-02-05,38.674206
2024-02-06,39.357132
2024-02-07,39.672340
2024-02-08,39.619804
2024-02-09,39.705761
2024-02-12,40.020969
2024-02-13,39.457424
2024-02-14,39.710548
2024-02-15,40.460342
2024-02-16,40.675247
2024-02-20,40.589283
2024-02-21,40.813747
2024-02-22,41.224464
2024-02-23,41.468025
2024-02-26,41.219685
2024-02-27,41.372505
2024-02-28,41.501461
2024-02-29,41.816666
2024-03-01,42.007690
2024-03-04,42.313335
2024-03-05,42.088875
2024-03-06,42.399300
2024-03-07,42.919861
2024-03-08,42.671520
2024-03-11,43.153877
2024-03-12,43.149097
2024-03-13,43.574139
2024-03-14,43.344906
2024-03-15,43.364006
2024-03-18,43.443092
2024-03-19,43.447891
2024-03-20,43.884041
2024-03-21,44.066174
2024-03-22,43.792984
2024-03-25,43.807354
2024-03-26,43.773811
2024-03-27,44.401676
2024-03-28,44.521500
2024-04-01,44.416054
2024-04-02,44.253101
2024-04-03,44.516708
2024-04-04,44.066174
2024-04-05,44.463985
2024-04-08,44.497540
2024-04-09,44.602978
2024-04-10,43.908005
2024-04-11,43.874454
2024-04-12,43.097996
2024-04-15,42.891903
2024-04-16,42.561195
2024-04-17,42.657051
2024-04-18,42.671432
2024-04-19,42.637886
2024-04-22,42.681019
2024-04-23,42.311958
2024-04-24,42.340717
2024-04-25,42.642670
2024-04-26,42.906281
2024-04-29,43.265755
2024-04-30,42.479717
2024-05-01,42.700188
2024-05-02,42.479717
2024-05-03,42.911076
2024-05-06,43.169891
2024-05-07,43.682739
2024-05-08,43.481434
2024-05-09,43.965523
2024-05-10,44.018246
2024-05-13,43.989479
2024-05-14,44.032619
2024-05-15,44.109303
2024-05-16,43.792984
2024-05-17,44.166824
2024-05-20,44.229137
2024-05-21,44.229137
2024-05-22,43.797764
2024-05-23,43.409542
2024-05-24,43.788185
2024-05-28,43.620426
2024-05-29,42.997349
2024-05-30,43.347233
2024-05-31,43.869667
2024-06-03,43.610840
2024-06-04,43.126759
2024-06-05,43.423916
2024-06-06,43.471851
2024-06-07,43.035698
2024-06-10,42.992550
2024-06-11,42.978176
2024-06-12,43.059650
2024-06-13,43.045273
2024-06-14,42.647465
2024-06-17,42.963802
2024-06-18,42.915871
2024-06-20,42.959007
2024-06-21,42.963802
2024-06-24,43.240711
2024-06-25,42.691708
2024-06-26,42.662819
2024-06-27,42.542416
2024-06-28,42.527977
2024-07-01,41.873028
2024-07-02,41.950081
2024-07-03,42.263103
2024-07-05,42.330524
2024-07-08,42.455746
2024-07-09,42.022320
2024-07-10,42.585766
2024-07-11,43.168472
2024-07-12,43.582623
2024-07-15,43.471863
2024-07-16,44.314617
2024-07-17,44.223122
2024-07-18,43.784885
2024-07-19,43.394814
2024-07-22,43.539280
2024-07-23,43.712646
2024-07-24,43.154022
2024-07-25,43.274410
2024-07-26,43.982334
2024-07-29,44.059383
2024-07-30,43.914913
2024-07-31,44.372406
2024-08-01,44.194225
2024-08-02,43.361103
2024-08-05,42.393127
2024-08-06,42.609848
2024-08-07,42.031952
2024-08-08,42.682079
2024-08-09,42.648365
2024-08-12,42.460552
2024-08-13,42.884342
2024-08-14,42.884342
2024-08-15,43.563362
2024-08-16,43.616337
2024-08-19,43.823414
2024-08-20,43.664490
2024-08-21,44.165325
2024-08-22,44.073830
2024-08-23,44.656540
2024-08-26,44.853985
2024-08-27,44.858799
2024-08-28,44.666176
2024-08-29,44.911774
2024-08-30,45.402981
2024-09-03,44.372406
2024-09-04,44.189407
2024-09-05,43.842674
2024-09-06,43.288860
2024-09-09,43.707832
2024-09-10,43.727097
2024-09-11,43.833042
2024-09-12,44.237564
2024-09-13,44.637276
2024-09-16,45.051434
2024-09-17,45.138119
2024-09-18,44.945484
2024-09-19,45.624496
2024-09-20,45.301853
2024-09-23,45.697536
2024-09-24,46.321545
2024-09-25,46.011963
2024-09-26,46.964897
2024-09-27,46.882668
2024-09-30,46.621456
2024-10-01,46.505363
2024-10-02,46.326385
2024-10-03,45.813637
2024-10-04,46.036144
2024-10-07,45.900700
2024-10-08,45.687862
2024-10-09,45.978100
2024-10-10,46.084518
2024-10-11,46.384430
2024-10-14,46.650478
2024-10-15,46.602108
2024-10-16,46.964897
2024-10-17,47.037460
2024-10-18,47.226109
2024-10-21,46.863316
2024-10-22,46.432804
2024-10-23,46.307037
2024-10-24,45.741074
2024-10-25,45.450840
2024-10-28,45.828136
2024-10-29,45.533073
2024-10-30,45.779774
2024-10-31,45.175117
2024-11-01,45.049351
2024-11-04,45.247673
2024-11-05,45.315395
2024-11-06,45.939404
2024-11-07,46.118385
2024-11-08,45.697536
2024-11-11,45.499207
2024-11-12,44.725250
2024-11-13,44.831673
2024-11-14,44.464039
2024-11-15,44.154457
2024-11-18,44.497902
2024-11-19,44.352783
2024-11-20,44.715584
2024-11-21,45.262188
2024-11-22,45.513721
2024-11-25,45.982933
2024-11-26,45.639496
2024-11-27,45.615307
2024-11-29,45.847488
2024-12-02,45.818474
2024-12-03,45.673351
2024-12-04,45.228325
2024-12-05,44.633343
2024-12-06,44.459202
2024-12-09,44.449532
2024-12-10,43.994823
2024-12-11,43.840034
2024-12-12,43.535290
2024-12-13,43.162819
2024-12-16,42.780674
2024-12-17,42.543652
2024-12-18,41.334335
2024-12-19,40.889305
2024-12-20,41.397221
2024-12-23,41.365131
2024-12-24,41.588799
2024-12-26,41.525589
2024-12-27,41.301914
2024-12-30,40.747593
2024-12-31,40.912922
2025-01-02,40.460705
2025-01-03,40.450985
2025-01-06,40.723282
2025-01-07,40.698971
2025-01-08,40.922642
2025-01-10,40.504467
2025-01-13,41.408890
2025-01-14,41.924313
2025-01-15,42.323040
2025-01-16,42.673134
2025-01-17,42.950298
2025-01-21,43.499756
2025-01-22,43.149658
2025-01-23,43.387920
2025-01-24,43.276085
2025-01-27,43.300396
2025-01-28,43.159382
2025-01-29,43.081581
2025-01-30,43.490032
2025-01-31,43.173969
2025-02-03,43.217731
2025-02-04,43.344158
2025-02-05,43.310120
2025-02-06,43.460854
2025-02-07,42.930843
2025-02-10,43.149658
2025-02-11,43.402512
2025-02-12,43.091309
2025-02-13,43.840134
2025-02-14,43.689392
2025-02-18,44.243713
2025-02-19,43.723427
2025-02-20,43.621319
2025-02-21,42.823872
2025-02-24,42.775246
2025-02-25,43.105892
2025-02-26,43.086441
2025-02-27,42.794697
2025-02-28,43.159382
2025-03-03,42.293861
2025-03-04,41.720089
2025-03-05,42.809284
2025-03-06,42.585613
2025-03-07,42.702309
2025-03-10,41.812477
2025-03-11,41.491558
2025-03-12,41.297054
2025-03-13,41.267883
2025-03-14,41.807617
2025-03-17,42.332764
2025-03-18,42.259827
2025-03-19,42.400837
2025-03-20,42.133404
2025-03-21,41.715221
2025-03-24,42.280502
2025-03-25,42.270729
2025-03-26,42.348900
2025-03-27,42.329353
2025-03-28,41.552540
2025-03-31,42.006901
2025-04-01,42.163242
2025-04-02,42.510124
2025-04-03,40.590061
2025-04-04,38.049519
2025-04-07,37.438812
2025-04-08,36.285797
2025-04-09,39.456589
2025-04-10,38.196087
2025-04-11,39.329556
2025-04-14,39.803467
2025-04-15,39.490791
2025-04-16,39.182991
2025-04-17,39.451702
2025-04-21,38.850769
2025-04-22,39.759495
2025-04-23,39.808353
2025-04-24,40.668232
2025-04-25,40.365318
2025-04-28,40.438602
2025-04-29,40.775711
2025-04-30,40.985798
2025-05-01,40.805023
2025-05-02,41.493904
2025-05-05,41.186111
2025-05-06,40.888084
2025-05-07,40.663349
2025-05-08,41.205654
2025-05-09,41.313133
2025-05-12,42.270729
2025-05-13,42.060642
2025-05-14,41.674679
2025-05-15,42.099728
2025-05-16,42.529671
2025-05-19,42.637150
2025-05-20,42.563869
2025-05-21,41.997131
2025-05-22,41.953159
2025-05-23,41.870106
2025-05-27,42.602951
2025-05-28,42.021561
2025-05-29,42.177902
2025-05-30,42.182781
2025-06-02,42.431953
2025-06-03,42.866779
2025-06-04,43.028000
2025-06-05,42.773952
2025-06-06,42.886322
2025-06-09,43.174580
2025-06-10,43.443283
2025-06-11,43.013351
2025-06-12,43.194122
2025-06-13,42.690895
2025-06-16,43.052437
2025-06-17,42.632267
2025-06-18,42.510124
2025-06-20,42.221867
2025-06-23,42.692303
2025-06-24,43.045856
2025-06-25,42.633373
2025-06-26,43.104786
2025-06-27,43.158802
2025-06-30,43.119514
2025-07-01,44.234211
2025-07-02,44.897133
2025-07-03,44.867672
2025-07-07,44.435543
2025-07-08,44.798923
2025-07-09,45.069004
2025-07-10,45.309616
2025-07-11,44.941330
2025-07-14,44.690891
2025-07-15,43.772617
2025-07-16,43.890469
2025-07-17,44.199837
2025-07-18,44.302956
2025-07-21,44.528847
2025-07-22,45.142666
2025-07-23,45.294891
2025-07-24,44.828384
2025-07-25,45.358730
2025-07-28,44.700714
2025-07-29,44.528847
2025-07-30,43.630219
2025-07-31,43.080238
2025-08-01,42.584267
2025-08-04,43.148983
2025-08-05,43.453434
2025-08-06,42.982021
2025-08-07,43.168625
2025-08-08,43.384689
2025-08-11,43.286476
2025-08-12,43.851192
2025-08-13,44.676163
2025-08-14,44.209660
2025-08-15,44.209660
2025-08-18,43.954311
2025-08-19,44.219482
2025-08-20,44.253853
2025-08-21,44.386436
2025-08-22,45.265427
2025-08-25,45.014988
2025-08-26,45.137753
2025-08-27,45.250698
2025-08-28,45.250698
2025-08-29,45.314529
2025-09-02,44.975700
2025-09-03,44.671249
2025-09-04,44.843117
2025-09-05,45.157394
2025-09-08,45.196678
2025-09-09,44.460098
2025-09-10,44.543575
2025-09-11,45.476582
2025-09-12,45.019897
2025-09-15,44.656525
2025-09-16,44.519024
2025-09-17,44.622143
2025-09-18,44.622143
2025-09-19,44.602505
2025-09-22,44.587212
2025-09-23,44.444126
2025-09-24,43.901405
2025-09-25,43.329075
2025-09-26,43.832329
2025-09-29,44.000080
2025-09-30,44.217167
2025-10-01,43.753387
2025-10-02,44.261574
2025-10-03,44.335583
2025-10-06,44.296116
2025-10-07,44.118492
2025-10-08,44.355316
2025-10-09,43.748455
2025-10-10,42.850494
2025-10-13,43.531364
2025-10-14,43.965542
2025-10-15,43.768188
2025-10-16,43.442558
2025-10-17,43.358677
2025-10-20,43.876736
2025-10-21,43.708981
2025-10-22,43.575768
2025-10-23,44.098759
2025-10-24,43.916206
2025-10-27,43.896469
2025-10-28,43.955673
2025-10-29,43.092255
2025-10-30,42.514988
2025-10-31,42.268299
2025-11-03,42.006802
2025-11-04,41.799583
2025-11-05,42.046276
2025-11-06,41.839050
2025-11-07,42.342308
2025-11-10,42.741951
2025-11-11,43.185993
2025-11-12,43.491894
2025-11-13,43.205730
2025-11-14,42.811020
2025-11-17,42.159748
2025-11-18,42.194290
2025-11-19,42.302834
2025-11-20,41.671303
2025-11-21,42.603802
2025-11-24,42.687672
2025-11-25,43.324142
2025-11-26,43.856998
2025-11-28,44.108624
2025-12-01,44.000080
2025-12-02,43.600441
2025-12-03,43.906338
2025-12-04,43.649776
2025-12-05,43.506695
2025-12-08,42.904762
2025-12-09,42.815952
2025-12-10,43.654713
2025-12-11,44.523067
2025-12-12,44.552673
2025-12-15,44.523067
2025-12-16,44.404659
2025-12-17,44.592140
2025-12-18,44.572407
2025-12-19,44.769760
2025-12-22,45.298420
2025-12-23,45.377769
2025-12-24,45.467041
2025-12-26,45.734844
2025-12-29,45.367855
2025-12-30,45.357937
2025-12-31,44.981026
2026-01-02,45.744762
2026-01-05,46.201023
2026-01-06,47.113533
2026-01-07,46.300205
2026-01-08,47.113533
2026-01-09,47.867348
2026-01-12,48.125233
2026-01-13,48.333527
2026-01-14,48.353367
2026-01-15,48.561657
2026-01-16,48.283936
2026-01-20,47.797916
2026-01-21,48.839378
2026-01-22,49.117100
2026-01-23,49.563442
2026-01-26,49.622948
2026-01-27,49.573357
2026-01-28,49.543602
2026-01-29,49.593197
2026-01-30,48.869133
2026-02-02,49.246044
2026-02-03,50.287498
2026-02-04,51.467815
2026-02-05,50.089127
2026-02-06,51.090908
2026-02-09,51.755459
2026-02-10,52.479515
2026-02-11,53.183739
2026-02-12,52.400169
2026-02-13,52.876266
2026-02-17,52.271229
2026-02-18,52.588627
2026-02-19,52.400169
2026-02-20,52.529110
2026-02-23,52.529110
2026-02-24,52.925858
2026-02-25,52.628300
2026-02-26,52.568787
2026-02-27,52.975449
2026-03-02,52.816753
2026-03-03,51.517410
2026-03-04,51.497570
2026-03-05,50.416443
2026-03-06,49.454334
2026-03-09,49.583275
2026-03-10,49.474171
2026-03-11,49.434494
2026-03-12,49.275799
2026-03-13,48.789783
2026-03-16,48.998077
2026-03-17,49.117100
2026-03-18,48.085560
2026-03-19,47.351585
2026-03-20,46.597767
2026-03-23,47.372868
2026-03-24,48.269516
2026-03-25,49.225941
2026-03-26,48.907131
2026-03-27,48.727802
2026-03-30,48.907131
2026-03-31,49.783855
2026-04-01,50.272026
2026-04-02,50.222214
2026-04-06,50.032925
2026-04-07,49.893444
2026-04-08,51.557224
2026-04-09,51.477520
2026-04-10,51.766438
2026-04-13,51.995583
2026-04-14,51.816254
2026-04-15,51.188602
2026-04-16,51.557224
2026-04-17,51.686741
2026-04-20,52.035435
2026-04-21,51.577148
2026-04-22,51.636925
2026-04-23,51.617001
2026-04-24,51.726585
2026-04-27,51.587109
2026-04-28,51.208527
2026-04-29,50.770164
2026-04-30,51.278267
2026-05-01,51.158710
2026-05-04,50.461323
2026-05-05,51.338039
2026-05-06,52.214764
2026-05-07,51.208527
2026-05-08,51.397820
2026-05-11,52.065319
2026-05-12,51.945770
2026-05-13,51.866070
2026-05-14,51.477520
2026-05-15,50.112621
2026-05-18,50.032925
2026-05-19,48.857319
2026-05-20,49.534786
2026-05-21,49.833668
2026-05-22,50.102661
2026-05-26,50.800056
2026-05-27,50.989346
2026-05-28,51.168674
2026-05-29,50.959457
2026-06-01,50.730312
2026-06-02,51.328079
2026-06-03,51.437672
2026-06-04,51.427704
2026-06-05,50.441395
2026-06-08,49.773888
2026-06-09,50.580875
2026-06-10,49.415230
2026-06-11,51.029198
2026-06-12,51.985622
2026-06-15,52.304428
2026-06-16,52.523609
2026-06-17,51.826218
2026-06-18,51.617001
2026-06-22,51.619999
2026-06-23,50.869999
2026-06-24,51.160000
2026-06-25,51.840000
2026-06-26,51.599998
2026-06-29,50.660000
2026-06-30,50.830002
2026-07-01,51.020000
2026-07-02,52.009998
2026-07-06,51.980000
2026-07-07,51.509998
2026-07-08,50.160000
2026-07-09,50.259998
2026-07-10,50.889999
2026-07-13,50.580002
2026-07-14,50.639999
2026-07-15,50.500000
2026-07-16,50.889999
2026-07-17,50.529999
2026-07-20,49.965000
2026-07-21,50.099998
2026-07-22,50.820000
2026-07-23,50.290001
2026-07-24,51.259998
2026-07-27,51.389999
2026-07-28,52.340000
2026-07-29,51.740002
2026-07-30,51.639999
2026-07-31,50.430000
2026-08-03,51.009998
2026-08-04,52.000000
2026-08-05,52.639999
2026-08-06,52.169998
2026-08-07,52.860001
2026-08-10,53.180000
2026-08-11,53.240002
2026-08-12,52.580002
2026-08-13,52.310001
2026-08-14,52.540001
2026-08-17,52.240002
2026-08-18,51.779999
