date,value
1998-12-22,14.396668
1998-12-23,14.647898
1998-12-24,14.841140
1998-12-28,14.918429
1998-12-29,15.131005
1998-12-30,15.063375
1998-12-31,15.188982
1999-01-04,14.976409
1999-01-05,15.285598
1999-01-06,15.614118
1999-01-07,15.478844
1999-01-08,15.594796
1999-01-11,15.449860
1999-01-12,15.266271
1999-01-13,14.879783
1999-01-14,14.812151
1999-01-15,15.063375
1999-01-19,15.034387
1999-01-20,14.966746
1999-01-21,14.841140
1999-01-22,14.551274
1999-01-25,14.792833
1999-01-26,14.792833
1999-01-27,14.908779
1999-01-28,14.928095
1999-01-29,15.024722
1999-02-01,15.044052
1999-02-02,14.928095
1999-02-03,15.073030
1999-02-04,15.092357
1999-02-05,15.044052
1999-02-08,15.092357
1999-02-09,14.889447
1999-02-10,14.947426
1999-02-11,15.150334
1999-02-12,15.063375
1999-02-16,15.140674
1999-02-17,15.140674
1999-02-18,15.140674
1999-02-19,15.237289
1999-02-22,15.469178
1999-02-23,15.459519
1999-02-24,15.420875
1999-02-25,15.111684
1999-02-26,15.159997
1999-03-01,15.150334
1999-03-02,15.024722
1999-03-03,14.937762
1999-03-04,15.227634
1999-03-05,15.565800
1999-03-08,15.652761
1999-03-09,15.730061
1999-03-10,15.701077
1999-03-11,15.720396
1999-03-12,15.768714
1999-03-15,15.730061
1999-03-16,15.623778
1999-03-17,15.594796
1999-03-18,15.633440
1999-03-19,15.730578
1999-03-22,15.614196
1999-03-23,15.245667
1999-03-24,15.206877
1999-03-25,15.371737
1999-03-26,15.410531
1999-03-29,15.662683
1999-03-30,15.652998
1999-03-31,15.478423
1999-04-01,15.643297
1999-04-05,15.982738
1999-04-06,15.895442
1999-04-07,15.924549
1999-04-08,16.011835
1999-04-09,16.021521
1999-04-12,16.409456
1999-04-13,16.535532
1999-04-14,16.894379
1999-04-15,17.330790
1999-04-16,17.427776
1999-04-19,17.573242
1999-04-20,17.456867
1999-04-21,17.515057
1999-04-22,17.524757
1999-04-23,17.660524
1999-04-26,17.641142
1999-04-27,17.728416
1999-04-28,17.951481
1999-04-29,18.019371
1999-04-30,17.806002
1999-05-03,18.155134
1999-05-04,18.232725
1999-05-05,18.232725
1999-05-06,18.271515
1999-05-07,18.620651
1999-05-10,18.368498
1999-05-11,18.678852
1999-05-12,18.494577
1999-05-13,18.310320
1999-05-14,18.077553
1999-05-17,18.038763
1999-05-18,17.806002
1999-05-19,18.077553
1999-05-20,18.126055
1999-05-21,17.912697
1999-05-24,17.757517
1999-05-25,17.699324
1999-05-26,17.573242
1999-05-27,17.282301
1999-05-28,17.456867
1999-06-01,17.466564
1999-06-02,17.699324
1999-06-03,17.883595
1999-06-04,18.067867
1999-06-07,18.242428
1999-06-08,18.077553
1999-06-09,18.096945
1999-06-10,17.883595
1999-06-11,17.854488
1999-06-14,18.067867
1999-06-15,18.126055
1999-06-16,18.378206
1999-06-17,18.523678
1999-06-18,18.663824
1999-06-21,18.411348
1999-06-22,18.323944
1999-06-23,18.382215
1999-06-24,18.188002
1999-06-25,18.081181
1999-06-28,18.110312
1999-06-29,18.207424
1999-06-30,18.527876
1999-07-01,18.537582
1999-07-02,18.624971
1999-07-06,18.644390
1999-07-07,18.508461
1999-07-08,18.576427
1999-07-09,18.595846
1999-07-12,18.430763
1999-07-13,18.362785
1999-07-14,18.459898
1999-07-15,18.586134
1999-07-16,18.615263
1999-07-19,18.634687
1999-07-20,18.615263
1999-07-21,18.595846
1999-07-22,18.527876
1999-07-23,18.430763
1999-07-26,18.294811
1999-07-27,18.537582
1999-07-28,18.430763
1999-07-29,18.061762
1999-07-30,17.848131
1999-08-02,17.896685
1999-08-03,17.906391
1999-08-04,17.770439
1999-08-05,17.867540
1999-08-06,17.702465
1999-08-09,17.644205
1999-08-10,17.479122
1999-08-11,17.789867
1999-08-12,17.721889
1999-08-13,18.032631
1999-08-16,18.100599
1999-08-17,18.353069
1999-08-18,18.178282
1999-08-19,17.945236
1999-08-20,18.129738
1999-08-23,18.518154
1999-08-24,18.527876
1999-08-25,18.731789
1999-08-26,18.634687
1999-08-27,18.421049
1999-08-30,17.954948
1999-08-31,17.993792
1999-09-01,18.042343
1999-09-02,17.886972
1999-09-03,18.323944
1999-09-07,18.527876
1999-09-08,18.586134
1999-09-09,18.450190
1999-09-10,18.401636
1999-09-13,18.265686
1999-09-14,18.100599
1999-09-15,18.129738
1999-09-16,17.964657
1999-09-17,18.260956
1999-09-20,18.280415
1999-09-21,18.046930
1999-09-22,17.988546
1999-09-23,17.842625
1999-09-24,17.463194
1999-09-27,17.686953
1999-09-28,17.472925
1999-09-29,17.570210
1999-09-30,17.900990
1999-10-01,17.657776
1999-10-04,17.969091
1999-10-05,17.784250
1999-10-06,18.037195
1999-10-07,18.056654
1999-10-08,18.299875
1999-10-11,18.329054
1999-10-12,17.949635
1999-10-13,17.443737
1999-10-14,17.268616
1999-10-15,17.025393
1999-10-18,16.694614
1999-10-19,16.704353
1999-10-20,16.850286
1999-10-21,16.665430
1999-10-22,17.112957
1999-10-25,17.083775
1999-10-26,16.976744
1999-10-27,17.035131
1999-10-28,17.424284
1999-10-29,17.511841
1999-11-01,17.064308
1999-11-02,17.278347
1999-11-03,17.161608
1999-11-04,17.112957
1999-11-05,17.200533
1999-11-08,17.229696
1999-11-09,17.239437
1999-11-10,17.171328
1999-11-11,17.239437
1999-11-12,17.356178
1999-11-15,17.453470
1999-11-16,17.862074
1999-11-17,17.978819
1999-11-18,18.037195
1999-11-19,17.823164
1999-11-22,17.745329
1999-11-23,17.570210
1999-11-24,17.579943
1999-11-26,17.492380
1999-11-29,17.200533
1999-11-30,17.122688
1999-12-01,17.258881
1999-12-02,17.219975
1999-12-03,17.502115
1999-12-06,17.453470
1999-12-07,17.122688
1999-12-08,17.424284
1999-12-09,16.957296
1999-12-10,17.268616
1999-12-13,17.365904
1999-12-14,17.365904
1999-12-15,17.200533
1999-12-16,17.356178
1999-12-17,17.835180
1999-12-20,17.297960
1999-12-21,17.542152
1999-12-22,17.464006
1999-12-23,17.698423
1999-12-27,17.874235
1999-12-28,18.059824
1999-12-29,18.196564
1999-12-30,18.235626
1999-12-31,18.509117
2000-01-03,18.030519
2000-01-04,17.532381
2000-01-05,17.454235
2000-01-06,17.688654
2000-01-07,18.362612
2000-01-10,18.362612
2000-01-11,18.128191
2000-01-12,17.913305
2000-01-13,18.255167
2000-01-14,18.128191
2000-01-18,18.108654
2000-01-19,18.050049
2000-01-20,17.932835
2000-01-21,17.708197
2000-01-24,17.200283
2000-01-25,17.102615
2000-01-26,17.239365
2000-01-27,17.337029
2000-01-28,16.877966
2000-01-31,16.995180
2000-02-01,16.877966
2000-02-02,16.887732
2000-02-03,16.877966
2000-02-04,16.946344
2000-02-07,16.653320
2000-02-08,16.721691
2000-02-09,16.545881
2000-02-10,16.262629
2000-02-11,15.920769
2000-02-14,16.174721
2000-02-15,16.457975
2000-02-16,16.418903
2000-02-17,16.487274
2000-02-18,16.125891
2000-02-22,16.389601
2000-02-23,16.262629
2000-02-24,16.116112
2000-02-25,15.832863
2000-02-28,15.881704
2000-02-29,16.057514
2000-03-01,15.969606
2000-03-02,16.028204
2000-03-03,16.467735
2000-03-06,16.399376
2000-03-07,15.744961
2000-03-08,15.911006
2000-03-09,16.077049
2000-03-10,16.116112
2000-03-13,15.871935
2000-03-14,15.784022
2000-03-15,16.418903
2000-03-16,17.307730
2000-03-17,17.284710
2000-03-20,17.382584
2000-03-21,17.754513
2000-03-22,17.676207
2000-03-23,18.087284
2000-03-24,18.194950
2000-03-27,17.969831
2000-03-28,17.920897
2000-03-29,18.146009
2000-03-30,18.263458
2000-03-31,18.292824
2000-04-03,18.371126
2000-04-04,18.165588
2000-04-05,18.097073
2000-04-06,18.253675
2000-04-07,18.527716
2000-04-10,18.557083
2000-04-11,18.782198
2000-04-12,18.449419
2000-04-13,18.498358
2000-04-14,17.284710
2000-04-17,17.705576
2000-04-18,17.774088
2000-04-19,17.842604
2000-04-20,17.989412
2000-04-24,18.008984
2000-04-25,18.948587
2000-04-26,18.664738
2000-04-27,18.684328
2000-04-28,18.557083
2000-05-01,18.987730
2000-05-02,18.791975
2000-05-03,18.165588
2000-05-04,18.194950
2000-05-05,18.517935
2000-05-08,18.508148
2000-05-09,18.361336
2000-05-10,18.175375
2000-05-11,18.625591
2000-05-12,18.850700
2000-05-15,19.163908
2000-05-16,19.340080
2000-05-17,19.212847
2000-05-18,19.124760
2000-05-19,18.596237
2000-05-22,18.273245
2000-05-23,18.194950
2000-05-24,18.459211
2000-05-25,18.126431
2000-05-26,18.028563
2000-05-30,18.351547
2000-05-31,18.478783
2000-06-01,18.625591
2000-06-02,18.762615
2000-06-05,18.733255
2000-06-06,18.596237
2000-06-07,18.508148
2000-06-08,18.214525
2000-06-09,18.283031
2000-06-12,18.302620
2000-06-13,18.380917
2000-06-14,18.341763
2000-06-15,18.517935
2000-06-16,18.193335
2000-06-19,18.006990
2000-06-20,17.447950
2000-06-21,17.516603
2000-06-22,17.134098
2000-06-23,17.320454
2000-06-26,17.732372
2000-06-27,17.810839
2000-06-28,18.036415
2000-06-29,17.722576
2000-06-30,17.751989
2000-07-03,17.987370
2000-07-05,17.830458
2000-07-06,17.781416
2000-07-07,17.869684
2000-07-10,17.889305
2000-07-11,18.232565
2000-07-12,18.301220
2000-07-13,18.448341
2000-07-14,18.634684
2000-07-17,18.742573
2000-07-18,18.791611
2000-07-19,18.634684
2000-07-20,18.860264
2000-07-21,18.830845
2000-07-24,18.693539
2000-07-25,18.732761
2000-07-26,18.497385
2000-07-27,18.369875
2000-07-28,17.751989
2000-07-31,18.026608
2000-08-01,18.163919
2000-08-02,18.085453
2000-08-03,18.114880
2000-08-04,18.340456
2000-08-07,18.879883
2000-08-08,19.046610
2000-08-09,19.213345
2000-08-10,19.164309
2000-08-11,19.380075
2000-08-14,19.576227
2000-08-15,19.331047
2000-08-16,19.242771
2000-08-17,19.340845
2000-08-18,19.281996
2000-08-21,19.556612
2000-08-22,19.517378
2000-08-23,19.419306
2000-08-24,19.625267
2000-08-25,19.713528
2000-08-28,19.978348
2000-08-29,19.850849
2000-08-30,19.664499
2000-08-31,19.811609
2000-09-01,19.988150
2000-09-05,19.988150
2000-09-06,20.086237
2000-09-07,19.968534
2000-09-08,19.733150
2000-09-11,19.635063
2000-09-12,19.576227
2000-09-13,19.635063
2000-09-14,19.615465
2000-09-15,19.118219
2000-09-18,18.901873
2000-09-19,18.685509
2000-09-20,18.783854
2000-09-21,18.842863
2000-09-22,18.705177
2000-09-25,19.255911
2000-09-26,19.275579
2000-09-27,19.118219
2000-09-28,19.373917
2000-09-29,19.236244
2000-10-02,19.039543
2000-10-03,19.413261
2000-10-04,19.550945
2000-10-05,19.570610
2000-10-06,19.039543
2000-10-09,19.157568
2000-10-10,18.901873
2000-10-11,18.567497
2000-10-12,18.144613
2000-10-13,18.705177
2000-10-16,18.960878
2000-10-17,18.449480
2000-10-18,18.115110
2000-10-19,18.429819
2000-10-20,18.528166
2000-10-23,18.744524
2000-10-24,19.039543
2000-10-25,18.685509
2000-10-26,18.783854
2000-10-27,18.774019
2000-10-30,18.980543
2000-10-31,19.668964
2000-11-01,19.688616
2000-11-02,19.649298
2000-11-03,19.491938
2000-11-06,19.668964
2000-11-07,19.747637
2000-11-08,19.619785
2000-11-09,19.747637
2000-11-10,19.295254
2000-11-13,18.941204
2000-11-14,19.314915
2000-11-15,19.354248
2000-11-16,19.452600
2000-11-17,19.373917
2000-11-20,19.098558
2000-11-21,19.334585
2000-11-22,19.019876
2000-11-24,19.334585
2000-11-27,19.373917
2000-11-28,19.128059
2000-11-29,19.285414
2000-11-30,19.000214
2000-12-01,19.167410
2000-12-04,19.688616
2000-12-05,20.406546
2000-12-06,20.003334
2000-12-07,19.944319
2000-12-08,20.288536
2000-12-11,20.514725
2000-12-12,20.209858
2000-12-13,19.855808
2000-12-14,19.432934
2000-12-15,19.118822
2000-12-18,19.474335
2000-12-19,19.138567
2000-12-20,18.506544
2000-12-21,18.615168
2000-12-22,19.059555
2000-12-26,19.276819
2000-12-27,19.592834
2000-12-28,19.879223
2000-12-29,19.750849
2001-01-02,18.871929
2001-01-03,19.691584
2001-01-04,19.849598
2001-01-05,19.276819
2001-01-08,19.118822
2001-01-09,19.178064
2001-01-10,19.355827
2001-01-11,19.592834
2001-01-12,19.533583
2001-01-16,19.721224
2001-01-17,19.691584
2001-01-18,19.819965
2001-01-19,19.612589
2001-01-22,19.573090
2001-01-23,19.829844
2001-01-24,19.721224
2001-01-25,19.711340
2001-01-26,19.385450
2001-01-29,19.466429
2001-01-30,19.782450
2001-01-31,19.826687
2001-02-01,19.567553
2001-02-02,19.504351
2001-02-05,19.599157
2001-02-06,19.693964
2001-02-07,19.523312
2001-02-08,19.498028
2001-02-09,19.036648
2001-02-12,19.257858
2001-02-13,19.460108
2001-02-14,19.257858
2001-02-15,19.586512
2001-02-16,19.011366
2001-02-20,19.080893
2001-02-21,18.847044
2001-02-22,18.670080
2001-02-23,18.644791
2001-02-26,19.017694
2001-02-27,18.973442
2001-02-28,18.638464
2001-03-01,18.505753
2001-03-02,18.613201
2001-03-05,18.847044
2001-03-06,19.118822
2001-03-07,19.346344
2001-03-08,19.466429
2001-03-09,19.055616
2001-03-12,18.012775
2001-03-13,18.038046
2001-03-14,17.658827
2001-03-15,17.576664
2001-03-16,17.119678
2001-03-19,17.461945
2001-03-20,17.107000
2001-03-21,16.663324
2001-03-22,16.213314
2001-03-23,16.536564
2001-03-26,16.834452
2001-03-27,17.107000
2001-03-28,16.796425
2001-03-29,16.796425
2001-03-30,16.853474
2001-04-02,16.733042
2001-04-03,16.035828
2001-04-04,16.111885
2001-04-05,17.049957
2001-04-06,16.707701
2001-04-09,17.005589
2001-04-10,17.506317
2001-04-11,17.309828
2001-04-12,17.652100
2001-04-16,17.620403
2001-04-17,17.842234
2001-04-18,18.609167
2001-04-19,18.672554
2001-04-20,18.621857
2001-04-23,18.336622
2001-04-24,18.152815
2001-04-25,18.577492
2001-04-26,18.837347
2001-04-27,18.976789
2001-04-30,18.780304
2001-05-01,18.951443
2001-05-02,18.957781
2001-05-03,18.678900
2001-05-04,18.964108
2001-05-07,19.033840
2001-05-08,19.065527
2001-05-09,18.957781
2001-05-10,19.166943
2001-05-11,19.071873
2001-05-14,19.160601
2001-05-15,19.236664
2001-05-16,19.857819
2001-05-17,20.187401
2001-05-18,20.250786
2001-05-21,20.447277
2001-05-22,20.383896
2001-05-23,20.073309
2001-05-24,20.047953
2001-05-25,19.750067
2001-05-29,19.699354
2001-05-30,19.300041
2001-05-31,19.566256
2001-06-01,19.509207
2001-06-04,19.635967
2001-06-05,19.845133
2001-06-06,19.616962
2001-06-07,19.705694
2001-06-08,19.464842
2001-06-11,19.128912
2001-06-12,19.255682
2001-06-13,19.185963
2001-06-14,19.059187
2001-06-15,18.960732
2001-06-18,18.935328
2001-06-19,18.738411
2001-06-20,18.820984
2001-06-21,18.903566
2001-06-22,18.738411
2001-06-25,18.490688
2001-06-26,18.541506
2001-06-27,18.503386
2001-06-28,18.566906
2001-06-29,18.357283
2001-07-02,18.624081
2001-07-03,18.738411
2001-07-05,18.592321
2001-07-06,18.249313
2001-07-09,18.306480
2001-07-10,18.026979
2001-07-11,17.842783
2001-07-12,18.274727
2001-07-13,18.420815
2001-07-16,18.109571
2001-07-17,18.477982
2001-07-18,18.535152
2001-07-19,18.484343
2001-07-20,18.579613
2001-07-23,18.376343
2001-07-24,17.887247
2001-07-25,18.007929
2001-07-26,18.185783
2001-07-27,18.357283
2001-07-30,18.319178
2001-07-31,18.319178
2001-08-01,18.420815
2001-08-02,18.446217
2001-08-03,18.535152
2001-08-06,18.134977
2001-08-07,18.268366
2001-08-08,18.103214
2001-08-09,18.109571
2001-08-10,18.446217
2001-08-13,18.274727
2001-08-14,18.287424
2001-08-15,18.249313
2001-08-16,18.242958
2001-08-17,18.020638
2001-08-20,18.007929
2001-08-21,17.982525
2001-08-22,17.950762
2001-08-23,18.007929
2001-08-24,18.338240
2001-08-27,18.331888
2001-08-28,17.982525
2001-08-29,17.861839
2001-08-30,17.531534
2001-08-31,17.690334
2001-09-04,17.525185
2001-09-05,17.569645
2001-09-06,17.264744
2001-09-07,16.832809
2001-09-10,16.801050
2001-09-17,15.244814
2001-09-18,15.028843
2001-09-19,14.654078
2001-09-20,13.815606
2001-09-21,13.829009
2001-09-24,14.753912
2001-09-25,14.849599
2001-09-26,14.588068
2001-09-27,14.747534
2001-09-28,15.098370
2001-10-01,14.964413
2001-10-02,15.257830
2001-10-03,15.627799
2001-10-04,15.646933
2001-10-05,15.634169
2001-10-08,15.449190
2001-10-09,15.391788
2001-10-10,15.672453
2001-10-11,16.138086
2001-10-12,15.985003
2001-10-15,16.093437
2001-10-16,16.055164
2001-10-17,15.678827
2001-10-18,15.615038
2001-10-19,15.525733
2001-10-22,15.851050
2001-10-23,15.768121
2001-10-24,15.844676
2001-10-25,16.093437
2001-10-26,16.393242
2001-10-29,15.787260
2001-10-30,15.442815
2001-10-31,15.366271
2001-11-01,15.685210
2001-11-02,15.927598
2001-11-05,16.163610
2001-11-06,16.393242
2001-11-07,16.354969
2001-11-08,16.527197
2001-11-09,16.469782
2001-11-12,16.278427
2001-11-13,16.680285
2001-11-14,16.763199
2001-11-15,16.846132
2001-11-16,16.980082
2001-11-19,17.133169
2001-11-20,16.903542
2001-11-21,16.935423
2001-11-23,17.139551
2001-11-26,17.222477
2001-11-27,17.107653
2001-11-28,16.839748
2001-11-29,16.935423
2001-11-30,16.903542
2001-12-03,16.756823
2001-12-04,16.960945
2001-12-05,17.324524
2001-12-06,17.535027
2001-12-07,17.343666
2001-12-10,17.075764
2001-12-11,16.999220
2001-12-12,17.082140
2001-12-13,16.960945
2001-12-14,16.788712
2001-12-17,17.043859
2001-12-18,17.452106
2001-12-19,17.617949
2001-12-20,17.515892
2001-12-21,17.713627
2001-12-24,17.732759
2001-12-26,17.796547
2001-12-27,17.790173
2001-12-28,17.892233
2001-12-31,17.668978
2002-01-02,17.668978
2002-01-03,17.662592
2002-01-04,17.668978
2002-01-07,17.547781
2002-01-08,17.496756
2002-01-09,17.401072
2002-01-10,17.222477
2002-01-11,16.941805
2002-01-14,16.750446
2002-01-15,16.769588
2002-01-16,16.201880
2002-01-17,16.265659
2002-01-18,16.380478
2002-01-22,16.476170
2002-01-23,16.393242
2002-01-24,16.539948
2002-01-25,16.769588
2002-01-28,16.756823
2002-01-29,16.118954
2002-01-30,16.297556
2002-01-31,16.552710
2002-02-01,16.425138
2002-02-04,15.697959
2002-02-05,15.481091
2002-02-06,15.595904
2002-02-07,15.780883
2002-02-08,15.876568
2002-02-11,16.221014
2002-02-12,16.080688
2002-02-13,16.252909
2002-02-14,16.310318
2002-02-15,16.195503
2002-02-19,16.150841
2002-02-20,16.386864
2002-02-21,16.323074
2002-02-22,16.482542
2002-02-25,16.916294
2002-02-26,16.980082
2002-02-27,17.184208
2002-02-28,16.967325
2002-03-01,17.362803
2002-03-04,17.956015
2002-03-05,17.732759
2002-03-06,18.268578
2002-03-07,18.051704
2002-03-08,18.172897
2002-03-11,18.211172
2002-03-12,18.172897
2002-03-13,17.924116
2002-03-14,17.943264
2002-03-15,17.957338
2002-03-18,17.886967
2002-03-19,18.078888
2002-03-20,17.880568
2002-03-21,17.522312
2002-03-22,17.419956
2002-03-25,17.144869
2002-03-26,17.253630
2002-03-27,17.368778
2002-03-28,17.426359
2002-04-01,17.419956
2002-04-02,17.253630
2002-04-03,17.016918
2002-04-04,17.151268
2002-04-05,17.228033
2002-04-08,17.362387
2002-04-09,17.349594
2002-04-10,17.752625
2002-04-11,17.183256
2002-04-12,17.157671
2002-04-15,16.978550
2002-04-16,17.279217
2002-04-17,17.157671
2002-04-18,17.029720
2002-04-19,16.933764
2002-04-22,16.665071
2002-04-23,16.633078
2002-04-24,16.492346
2002-04-25,16.294024
2002-04-26,16.127697
2002-04-29,15.775849
2002-04-30,16.223661
2002-05-01,16.274837
2002-05-02,16.332415
2002-05-03,16.338818
2002-05-06,15.878201
2002-05-07,15.891000
2002-05-08,16.549921
2002-05-09,16.268436
2002-05-10,16.025335
2002-05-13,16.127697
2002-05-14,16.485945
2002-05-15,16.549921
2002-05-16,16.652273
2002-05-17,16.799423
2002-05-20,16.665071
2002-05-21,16.409180
2002-05-22,16.479548
2002-05-23,16.786625
2002-05-24,16.601105
2002-05-28,16.415573
2002-05-29,16.230053
2002-05-30,16.159678
2002-05-31,16.294024
2002-06-03,15.679880
2002-06-04,15.551933
2002-06-05,15.814229
2002-06-06,15.436791
2002-06-07,15.436791
2002-06-10,15.558328
2002-06-11,15.372816
2002-06-12,15.366410
2002-06-13,15.328031
2002-06-14,15.251256
2002-06-17,15.679880
2002-06-18,15.827016
2002-06-19,15.705467
2002-06-20,15.583920
2002-06-21,15.192098
2002-06-24,15.403718
2002-06-25,15.076662
2002-06-26,15.070253
2002-06-27,15.307526
2002-06-28,15.294703
2002-07-01,14.954814
2002-07-02,14.723959
2002-07-03,14.743192
2002-07-05,15.352422
2002-07-08,15.095907
2002-07-09,14.717540
2002-07-10,14.358417
2002-07-11,14.377666
2002-07-12,14.332768
2002-07-15,14.223751
2002-07-16,13.928761
2002-07-17,14.095496
2002-07-18,13.685071
2002-07-19,13.261827
2002-07-22,12.838569
2002-07-23,12.549989
2002-07-24,13.223346
2002-07-25,13.236169
2002-07-26,13.447799
2002-07-29,14.287880
2002-07-30,14.454614
2002-07-31,14.428967
2002-08-01,14.108320
2002-08-02,13.595289
2002-08-05,13.146394
2002-08-06,13.595289
2002-08-07,13.935174
2002-08-08,14.339185
2002-08-09,14.448210
2002-08-12,14.281466
2002-08-13,13.948000
2002-08-14,14.249394
2002-08-15,14.364835
2002-08-16,14.352015
2002-08-19,14.691887
2002-08-20,14.621348
2002-08-21,14.666243
2002-08-22,14.877864
2002-08-23,14.531575
2002-08-26,14.711127
2002-08-27,14.582878
2002-08-28,14.300701
2002-08-29,14.191689
2002-08-30,14.204505
2002-09-03,13.710730
2002-09-04,13.845395
2002-09-05,13.601704
2002-09-06,13.774848
2002-09-09,13.890284
2002-09-10,14.044191
2002-09-11,14.044191
2002-09-12,13.851805
2002-09-13,13.518337
2002-09-16,13.653001
2002-09-17,13.370845
2002-09-18,13.351596
2002-09-19,13.088669
2002-09-20,13.138246
2002-09-23,12.970871
2002-09-24,12.694073
2002-09-25,12.938685
2002-09-26,13.189738
2002-09-27,12.687637
2002-09-30,12.565333
2002-10-01,13.112490
2002-10-02,12.661893
2002-10-03,12.558892
2002-10-04,12.230597
2002-10-07,11.902305
2002-10-08,11.992431
2002-10-09,11.586884
2002-10-10,11.985987
2002-10-11,12.539584
2002-10-14,12.468775
2002-10-15,13.073865
2002-10-16,12.752010
2002-10-17,13.151113
2002-10-18,13.131801
2002-10-21,13.530904
2002-10-22,13.344234
2002-10-23,13.479414
2002-10-24,13.196177
2002-10-25,13.363537
2002-10-28,13.176867
2002-10-29,13.067432
2002-10-30,13.080310
2002-10-31,13.183298
2002-11-01,13.357105
2002-11-04,13.369983
2002-11-05,13.498721
2002-11-06,13.749773
2002-11-07,13.453654
2002-11-08,13.254110
2002-11-11,13.003062
2002-11-12,13.009497
2002-11-13,12.983752
2002-11-14,13.163988
2002-11-15,13.163988
2002-11-18,13.067432
2002-11-19,13.086738
2002-11-20,13.279859
2002-11-21,13.827010
2002-11-22,13.762648
2002-11-25,13.736897
2002-11-26,13.543784
2002-11-27,13.904259
2002-11-29,13.872073
2002-12-02,13.962200
2002-12-03,13.730459
2002-12-04,13.685398
2002-12-05,13.543784
2002-12-06,13.537339
2002-12-09,13.324921
2002-12-10,13.434350
2002-12-11,13.505160
2002-12-12,13.453654
2002-12-13,13.221931
2002-12-16,13.550217
2002-12-17,13.382852
2002-12-18,13.363537
2002-12-19,13.266983
2002-12-20,13.476049
2002-12-23,13.411325
2002-12-24,13.346597
2002-12-26,13.391905
2002-12-27,13.132998
2002-12-30,13.204195
2002-12-31,13.327186
2003-01-02,13.670235
2003-01-03,13.715541
2003-01-06,13.838519
2003-01-07,13.760847
2003-01-08,13.592558
2003-01-09,13.767319
2003-01-10,13.741430
2003-01-13,13.715541
2003-01-14,13.741430
2003-01-15,13.547253
2003-01-16,13.469577
2003-01-17,13.372485
2003-01-21,13.042377
2003-01-22,12.796422
2003-01-23,13.029436
2003-01-24,12.628133
2003-01-27,12.531042
2003-01-28,12.608713
2003-01-29,12.621663
2003-01-30,12.401585
2003-01-31,12.608713
2003-02-03,12.718746
2003-02-04,12.608713
2003-02-05,12.621663
2003-02-06,12.518096
2003-02-07,12.395119
2003-02-10,12.408064
2003-02-11,12.278613
2003-02-12,12.175052
2003-02-13,12.019699
2003-02-14,12.298027
2003-02-18,12.433949
2003-02-19,12.492208
2003-02-20,12.427481
2003-02-21,12.621663
2003-02-24,12.200934
2003-02-25,12.395119
2003-02-26,12.298027
2003-02-27,12.382173
2003-02-28,12.414536
2003-03-03,12.362760
2003-03-04,12.136209
2003-03-05,12.233301
2003-03-06,12.142684
2003-03-07,12.187992
2003-03-10,11.877304
2003-03-11,11.657235
2003-03-12,11.793163
2003-03-13,12.136209
2003-03-14,12.330393
2003-03-17,12.679919
2003-03-18,12.848201
2003-03-19,12.925876
2003-03-20,12.919409
2003-03-21,13.371615
2003-03-24,12.897312
2003-03-25,12.923303
2003-03-26,12.923303
2003-03-27,12.890817
2003-03-28,12.747874
2003-03-31,12.546447
2003-04-01,12.721878
2003-04-02,13.007761
2003-04-03,12.994764
2003-04-04,13.027262
2003-04-07,13.124721
2003-04-08,13.072745
2003-04-09,12.916809
2003-04-10,12.936298
2003-04-11,12.955786
2003-04-14,13.176698
2003-04-15,13.287159
2003-04-16,13.105221
2003-04-17,13.319639
2003-04-21,13.202689
2003-04-22,13.599024
2003-04-23,13.709480
2003-04-24,13.579534
2003-04-25,13.475577
2003-04-28,13.715981
2003-04-29,13.754967
2003-04-30,13.904406
2003-05-01,13.696490
2003-05-02,13.884912
2003-05-05,13.839430
2003-05-06,13.878418
2003-05-07,13.858929
2003-05-08,13.728973
2003-05-09,13.936896
2003-05-12,14.040855
2003-05-13,13.995371
2003-05-14,13.949888
2003-05-15,14.099329
2003-05-16,14.034352
2003-05-19,13.670501
2003-05-20,13.748476
2003-05-21,13.670501
2003-05-22,13.774460
2003-05-23,13.826436
2003-05-27,14.164304
2003-05-28,14.112322
2003-05-29,13.956394
2003-05-30,14.281255
2003-06-02,14.424197
2003-06-03,14.443689
2003-06-04,14.632118
2003-06-05,14.671092
2003-06-06,14.794554
2003-06-09,14.599615
2003-06-10,14.677593
2003-06-11,14.969976
2003-06-12,15.008963
2003-06-13,14.846525
2003-06-16,15.203882
2003-06-17,15.210382
2003-06-18,15.132412
2003-06-19,14.853024
2003-06-20,14.924653
2003-06-23,14.742330
2003-06-24,14.748834
2003-06-25,14.520936
2003-06-26,14.696746
2003-06-27,14.553492
2003-06-30,14.579535
2003-07-01,14.612095
2003-07-02,14.651159
2003-07-03,14.638147
2003-07-07,14.833484
2003-07-08,14.944187
2003-07-09,14.781402
2003-07-10,14.586045
2003-07-11,14.735820
2003-07-14,14.683721
2003-07-15,14.592562
2003-07-16,14.560002
2003-07-17,14.520936
2003-07-18,14.716273
2003-07-21,14.651159
2003-07-22,14.833484
2003-07-23,14.787912
2003-07-24,14.787912
2003-07-25,15.119995
2003-07-28,15.133023
2003-07-29,14.924653
2003-07-30,14.924653
2003-07-31,15.061396
2003-08-01,14.944187
2003-08-04,14.976749
2003-08-05,14.722786
2003-08-06,14.696746
2003-08-07,14.787912
2003-08-08,14.807443
2003-08-11,14.924653
2003-08-12,15.067908
2003-08-13,15.015815
2003-08-14,15.191623
2003-08-15,15.334887
2003-08-18,15.562785
2003-08-19,15.653951
2003-08-20,15.562785
2003-08-21,15.745121
2003-08-22,15.595351
2003-08-25,15.452098
2003-08-26,15.543264
2003-08-27,15.530231
2003-08-28,15.653951
2003-08-29,15.647441
2003-09-02,15.875341
2003-09-03,16.005579
2003-09-04,15.992561
2003-09-05,15.816741
2003-09-08,15.894887
2003-09-09,15.725587
2003-09-10,15.543264
2003-09-11,15.673490
2003-09-12,15.666974
2003-09-15,15.686508
2003-09-16,15.888374
2003-09-17,15.823254
2003-09-18,16.012098
2003-09-19,15.944788
2003-09-22,15.735671
2003-09-23,15.794478
2003-09-24,15.487349
2003-09-25,15.369724
2003-09-26,15.206363
2003-09-29,15.363191
2003-09-30,15.219428
2003-10-01,15.520029
2003-10-02,15.591906
2003-10-03,15.748738
2003-10-06,15.755268
2003-10-07,15.833694
2003-10-08,15.761810
2003-10-09,15.866362
2003-10-10,15.774884
2003-10-13,15.840233
2003-10-14,15.918652
2003-10-15,15.944788
2003-10-16,15.951322
2003-10-17,15.840233
2003-10-20,15.879436
2003-10-21,15.853291
2003-10-22,15.670324
2003-10-23,15.709534
2003-10-24,15.716069
2003-10-27,15.722604
2003-10-28,15.905581
2003-10-29,16.010128
2003-10-30,16.134291
2003-10-31,16.160433
2003-11-03,16.238848
2003-11-04,16.284590
2003-11-05,16.271523
2003-11-06,16.356478
2003-11-07,16.297665
2003-11-10,16.147364
2003-11-11,16.088551
2003-11-12,16.349943
2003-11-13,16.343405
2003-11-14,16.219242
2003-11-17,16.173504
2003-11-18,16.095079
2003-11-19,16.238848
2003-11-20,16.121225
2003-11-21,16.134291
2003-11-24,16.330339
2003-11-25,16.461035
2003-11-26,16.461035
2003-11-28,16.480629
2003-12-01,16.722422
2003-12-02,16.689745
2003-12-03,16.702806
2003-12-04,16.755096
2003-12-05,16.630941
2003-12-08,16.781231
2003-12-09,16.781231
2003-12-10,16.748558
2003-12-11,17.009945
2003-12-12,17.036091
2003-12-15,17.055704
2003-12-16,17.160254
2003-12-17,17.179857
2003-12-18,17.375887
2003-12-19,17.389030
2003-12-22,17.494106
2003-12-23,17.533499
2003-12-24,17.467829
2003-12-26,17.434998
2003-12-29,17.658272
2003-12-30,17.553205
2003-12-31,17.572905
2004-01-02,17.559771
2004-01-05,17.730507
2004-01-06,17.704233
2004-01-07,17.730507
2004-01-08,17.842144
2004-01-09,17.664837
2004-01-12,17.723948
2004-01-13,17.651705
2004-01-14,17.894672
2004-01-15,17.920950
2004-01-16,18.255857
2004-01-20,18.032585
2004-01-21,18.157356
2004-01-22,18.071976
2004-01-23,18.006317
2004-01-26,18.236164
2004-01-27,18.058849
2004-01-28,17.776474
2004-01-29,17.783045
2004-01-30,17.750208
2004-02-02,17.717375
2004-02-03,17.651705
2004-02-04,17.566341
2004-02-05,17.730507
2004-02-06,17.809305
2004-02-09,17.763340
2004-02-10,17.750208
2004-02-11,17.947212
2004-02-12,17.934076
2004-02-13,17.848707
2004-02-17,17.986614
2004-02-18,17.894672
2004-02-19,17.756771
2004-02-20,17.723948
2004-02-23,17.658272
2004-02-24,17.658272
2004-02-25,17.612303
2004-02-26,17.625433
2004-02-27,17.618866
2004-03-01,17.710810
2004-03-02,17.651705
2004-03-03,17.645138
2004-03-04,17.710810
2004-03-05,17.750208
2004-03-08,17.448135
2004-03-09,17.329929
2004-03-10,17.008154
2004-03-11,16.752048
2004-03-12,17.040989
2004-03-15,16.830849
2004-03-16,17.021282
2004-03-17,17.231421
2004-03-18,17.251122
2004-03-19,17.034328
2004-03-22,16.803688
2004-03-23,16.757553
2004-03-24,16.757553
2004-03-25,17.034328
2004-03-26,17.126575
2004-03-29,17.330858
2004-03-30,17.436291
2004-03-31,17.403347
2004-04-01,17.502190
2004-04-02,17.699879
2004-04-05,17.910748
2004-04-06,17.897577
2004-04-07,17.858038
2004-04-08,17.759193
2004-04-12,17.937111
2004-04-13,17.660341
2004-04-14,17.647171
2004-04-15,17.699879
2004-04-16,17.858038
2004-04-19,17.759193
2004-04-20,17.581274
2004-04-21,17.693298
2004-04-22,18.082085
2004-04-23,18.003008
2004-04-26,17.910748
2004-04-27,17.923939
2004-04-28,17.686701
2004-04-29,17.528551
2004-04-30,17.396763
2004-05-03,17.594452
2004-05-04,17.666929
2004-05-05,17.680117
2004-05-06,17.587851
2004-05-07,17.278143
2004-05-10,17.027742
2004-05-11,17.133173
2004-05-12,17.278143
2004-05-13,17.278143
2004-05-14,17.245192
2004-05-17,17.054098
2004-05-18,17.225428
2004-05-19,17.199068
2004-05-20,17.159531
2004-05-21,17.278143
2004-05-24,17.409939
2004-05-25,17.660341
2004-05-26,17.699879
2004-05-27,17.825085
2004-05-28,17.825085
2004-06-01,17.825085
2004-06-02,17.989832
2004-06-03,17.858038
2004-06-04,17.956875
2004-06-07,18.266592
2004-06-08,18.306137
2004-06-09,18.147984
2004-06-10,18.273186
2004-06-14,18.174339
2004-06-15,18.339081
2004-06-16,18.385218
2004-06-17,18.398388
2004-06-18,18.502724
2004-06-21,18.430088
2004-06-22,18.601765
2004-06-23,18.865900
2004-06-24,18.826292
2004-06-25,18.799881
2004-06-28,18.661207
2004-06-29,18.806479
2004-06-30,18.925343
2004-07-01,18.641397
2004-07-02,18.482906
2004-07-06,18.443296
2004-07-07,18.476311
2004-07-08,18.370649
2004-07-09,18.522526
2004-07-12,18.548943
2004-07-13,18.588573
2004-07-14,18.555552
2004-07-15,18.648008
2004-07-16,18.575361
2004-07-19,18.496120
2004-07-20,18.608374
2004-07-21,18.364052
2004-07-22,18.251795
2004-07-23,18.165949
2004-07-26,18.106524
2004-07-27,18.291418
2004-07-28,18.403669
2004-07-29,18.423487
2004-07-30,18.397078
2004-08-02,18.482906
2004-08-03,18.383865
2004-08-04,18.383865
2004-08-05,18.007467
2004-08-06,17.637682
2004-08-09,17.677299
2004-08-10,17.974449
2004-08-11,17.954645
2004-08-12,17.690502
2004-08-13,17.657488
2004-08-16,17.987656
2004-08-17,17.974449
2004-08-18,18.258406
2004-08-19,18.040489
2004-08-20,18.218777
2004-08-23,18.212172
2004-08-24,18.225367
2004-08-25,18.423487
2004-08-26,18.430088
2004-08-27,18.423487
2004-08-30,18.324434
2004-08-31,18.410271
2004-09-01,18.416885
2004-09-02,18.667812
2004-09-03,18.614985
2004-09-07,18.753647
2004-09-08,18.720634
2004-09-09,18.674412
2004-09-10,18.727240
2004-09-13,18.747044
2004-09-14,18.793272
2004-09-15,18.621572
2004-09-16,18.740442
2004-09-17,18.945210
2004-09-20,18.845804
2004-09-21,18.918695
2004-09-22,18.653637
2004-09-23,18.474722
2004-09-24,18.540991
2004-09-27,18.395197
2004-09-28,18.580742
2004-09-29,18.647011
2004-09-30,18.806053
2004-10-01,19.071106
2004-10-04,19.051229
2004-10-05,18.971703
2004-10-06,19.170509
2004-10-07,18.951832
2004-10-08,18.799429
2004-10-11,18.819307
2004-10-12,18.812679
2004-10-13,18.594004
2004-10-14,18.514482
2004-10-15,18.647011
2004-10-18,18.700018
2004-10-19,18.534367
2004-10-20,18.481346
2004-10-21,18.574123
2004-10-22,18.408468
2004-10-25,18.408468
2004-10-26,18.686775
2004-10-27,18.951832
2004-10-28,18.912071
2004-10-29,18.998217
2004-11-01,19.057856
2004-11-02,19.077742
2004-11-03,19.289785
2004-11-04,19.607859
2004-11-05,19.760271
2004-11-08,19.813280
2004-11-09,19.886179
2004-11-10,19.945814
2004-11-11,20.177734
2004-11-12,20.250624
2004-11-15,20.237375
2004-11-16,20.104843
2004-11-17,20.250624
2004-11-18,20.363277
2004-11-19,20.118101
2004-11-22,20.164478
2004-11-23,20.131346
2004-11-24,20.224119
2004-11-26,20.224119
2004-11-29,20.144604
2004-11-30,20.190994
2004-12-01,20.528948
2004-12-02,20.462677
2004-12-03,20.469301
2004-12-06,20.356647
2004-12-07,20.190994
2004-12-08,20.244001
2004-12-09,20.369905
2004-12-10,20.442791
2004-12-13,20.668097
2004-12-14,20.707859
2004-12-15,20.734365
2004-12-16,20.615091
2004-12-17,20.592442
2004-12-20,20.605759
2004-12-21,20.718987
2004-12-22,20.785583
2004-12-23,20.812220
2004-12-27,20.692339
2004-12-28,20.805552
2004-12-29,20.752279
2004-12-30,20.765602
2004-12-31,20.692339
2005-01-03,20.512531
2005-01-04,20.259451
2005-01-05,20.119593
2005-01-06,20.186180
2005-01-07,20.092951
2005-01-10,20.166206
2005-01-11,20.072969
2005-01-12,20.099615
2005-01-13,19.906475
2005-01-14,20.039667
2005-01-18,20.119593
2005-01-19,19.959755
2005-01-20,19.779934
2005-01-21,19.653395
2005-01-24,19.593454
2005-01-25,19.779934
2005-01-26,19.819897
2005-01-27,19.873177
2005-01-28,19.853193
2005-01-31,20.112930
2005-02-01,20.172873
2005-02-02,20.172873
2005-02-03,20.112930
2005-02-04,20.279417
2005-02-07,20.266104
2005-02-08,20.379328
2005-02-09,20.166206
2005-02-10,20.259451
2005-02-11,20.392653
2005-02-14,20.372663
2005-02-15,20.439259
2005-02-16,20.499197
2005-02-17,20.312729
2005-02-18,20.312729
2005-02-22,19.986393
2005-02-23,20.013027
2005-02-24,20.299406
2005-02-25,20.465900
2005-02-28,20.346035
2005-03-01,20.412626
2005-03-02,20.472563
2005-03-03,20.519186
2005-03-04,20.805552
2005-03-07,20.905458
2005-03-08,20.892132
2005-03-09,20.665701
2005-03-10,20.712324
2005-03-11,20.659044
2005-03-14,20.772261
2005-03-15,20.659044
2005-03-16,20.419287
2005-03-17,20.412626
2005-03-18,20.437353
2005-03-21,20.504185
2005-03-22,20.390572
2005-03-23,20.263586
2005-03-24,20.363838
2005-03-28,20.343790
2005-03-29,20.009626
2005-03-30,20.390572
2005-03-31,20.337107
2005-04-01,20.143286
2005-04-04,20.123240
2005-04-05,20.223494
2005-04-06,20.230173
2005-04-07,20.397249
2005-04-08,20.190073
2005-04-11,20.230173
2005-04-12,20.390572
2005-04-13,20.036360
2005-04-14,19.735611
2005-04-15,19.347982
2005-04-18,19.408138
2005-04-19,19.495020
2005-04-20,19.294523
2005-04-21,19.809124
2005-04-22,19.575216
2005-04-25,19.809124
2005-04-26,19.555170
2005-04-27,19.581905
2005-04-28,19.368042
2005-04-29,19.595266
2005-05-02,19.702198
2005-05-03,19.561846
2005-05-04,19.789085
2005-05-05,19.688826
2005-05-06,19.769030
2005-05-09,19.902697
2005-05-10,19.668781
2005-05-11,19.809124
2005-05-12,19.595266
2005-05-13,19.495020
2005-05-16,19.769030
2005-05-17,19.902697
2005-05-18,20.203442
2005-05-19,20.230173
2005-05-20,20.223494
2005-05-23,20.363838
2005-05-24,20.310368
2005-05-25,20.136602
2005-05-26,20.283640
2005-05-27,20.270277
2005-05-31,20.216806
2005-06-01,20.290321
2005-06-02,20.290321
2005-06-03,20.196756
2005-06-06,20.210112
2005-06-07,20.297009
2005-06-08,20.170029
2005-06-09,20.176720
2005-06-10,20.149975
2005-06-13,20.183392
2005-06-14,20.136602
2005-06-15,20.156666
2005-06-16,20.176720
2005-06-17,20.340860
2005-06-20,20.267155
2005-06-21,20.260445
2005-06-22,20.159964
2005-06-23,19.751266
2005-06-24,19.623966
2005-06-27,19.597166
2005-06-28,19.938866
2005-06-29,19.811563
2005-06-30,19.684256
2005-07-01,19.751266
2005-07-05,19.811563
2005-07-06,19.590464
2005-07-07,19.637367
2005-07-08,19.979067
2005-07-11,20.012564
2005-07-12,19.905357
2005-07-13,19.965658
2005-07-14,20.146563
2005-07-15,20.119757
2005-07-18,20.079559
2005-07-19,20.247057
2005-07-20,20.481546
2005-07-21,20.374352
2005-07-22,20.434649
2005-07-25,20.287260
2005-07-26,20.387758
2005-07-27,20.468153
2005-07-28,20.582054
2005-07-29,20.434649
2005-08-01,20.421257
2005-08-02,20.394457
2005-08-03,20.354256
2005-08-04,20.220261
2005-08-05,20.113068
2005-08-08,20.066162
2005-08-09,20.213551
2005-08-10,20.200159
2005-08-11,20.367647
2005-08-12,20.280558
2005-08-15,20.320751
2005-08-16,20.086258
2005-08-17,20.139847
2005-08-18,20.052763
2005-08-19,20.133148
2005-08-22,20.173363
2005-08-23,20.079559
2005-08-24,19.918764
2005-08-25,19.952261
2005-08-26,19.845064
2005-08-29,19.965658
2005-08-30,19.804865
2005-08-31,19.952261
2005-09-01,19.871866
2005-09-02,19.938866
2005-09-06,20.173363
2005-09-07,20.253750
2005-09-08,20.139847
2005-09-09,20.253750
2005-09-12,20.381052
2005-09-13,20.293957
2005-09-14,20.139847
2005-09-15,20.113068
2005-09-16,20.252968
2005-09-19,19.983910
2005-09-20,19.849377
2005-09-21,19.782127
2005-09-22,19.862839
2005-09-23,20.010822
2005-09-26,19.983910
2005-09-27,20.091541
2005-09-28,20.098261
2005-09-29,20.192430
2005-09-30,20.286602
2005-10-03,20.165522
2005-10-04,19.983910
2005-10-05,19.735039
2005-10-06,19.869566
2005-10-07,20.044445
2005-10-10,19.889736
2005-10-11,19.782127
2005-10-12,19.782127
2005-10-13,19.755220
2005-10-14,19.930101
2005-10-17,19.970461
2005-10-18,19.829210
2005-10-19,20.091541
2005-10-20,19.835932
2005-10-21,19.701403
2005-10-24,20.004091
2005-10-25,19.977186
2005-10-26,19.802303
2005-10-27,19.627417
2005-10-28,19.943554
2005-10-31,19.997364
2005-11-01,19.936829
2005-11-02,20.138617
2005-11-03,20.226063
2005-11-04,20.239511
2005-11-07,20.313509
2005-11-08,20.185699
2005-11-09,20.232788
2005-11-10,20.495117
2005-11-11,20.535475
2005-11-14,20.575823
2005-11-15,20.569103
2005-11-16,20.643093
2005-11-17,20.838154
2005-11-18,21.053394
2005-11-21,21.174479
2005-11-22,21.228277
2005-11-23,21.255186
2005-11-25,21.261913
2005-11-28,21.147572
2005-11-29,21.194653
2005-11-30,21.161018
2005-12-01,21.396441
2005-12-02,21.315725
2005-12-05,21.201385
2005-12-06,21.288811
2005-12-07,21.134115
2005-12-08,21.039946
2005-12-09,21.154297
2005-12-12,21.161018
2005-12-13,21.181204
2005-12-14,21.362799
2005-12-15,21.396441
2005-12-16,21.430271
2005-12-19,21.220505
2005-12-20,21.234028
2005-12-21,21.342310
2005-12-22,21.504707
2005-12-23,21.545303
2005-12-27,21.355835
2005-12-28,21.389675
2005-12-29,21.382906
2005-12-30,21.261106
2006-01-03,21.403202
2006-01-04,21.457336
2006-01-05,21.423506
2006-01-06,21.504707
2006-01-09,21.680647
2006-01-10,21.619745
2006-01-11,21.633272
2006-01-12,21.470881
2006-01-13,21.396441
2006-01-17,21.288172
2006-01-18,21.315237
2006-01-19,21.416733
2006-01-20,20.949831
2006-01-23,20.963367
2006-01-24,21.119005
2006-01-25,21.112244
2006-01-26,21.349068
2006-01-27,21.396441
2006-01-30,21.443810
2006-01-31,21.322008
2006-02-01,21.504707
2006-02-02,21.322008
2006-02-03,21.274645
2006-02-06,21.349068
2006-02-07,21.193443
2006-02-08,21.294933
2006-02-09,21.416733
2006-02-10,21.558844
2006-02-13,21.585911
2006-02-14,21.843046
2006-02-15,21.903954
2006-02-16,21.964848
2006-02-17,22.018976
2006-02-21,21.931011
2006-02-22,22.161087
2006-02-23,22.086649
2006-02-24,22.100180
2006-02-27,22.242283
2006-02-28,21.985149
2006-03-01,22.161087
2006-03-02,22.100180
2006-03-03,22.154320
2006-03-06,22.039268
2006-03-07,22.052811
2006-03-08,22.025742
2006-03-09,21.998682
2006-03-10,22.228752
2006-03-13,22.215218
2006-03-14,22.424984
2006-03-15,22.763321
2006-03-16,22.776863
2006-03-17,22.950731
2006-03-20,22.909977
2006-03-21,22.821678
2006-03-22,22.991489
2006-03-23,22.896391
2006-03-24,22.876024
2006-03-27,22.896391
2006-03-28,22.733385
2006-03-29,22.964321
2006-03-30,22.964321
2006-03-31,22.957527
2006-04-03,23.039030
2006-04-04,23.195251
2006-04-05,23.208836
2006-04-06,23.174875
2006-04-07,23.059420
2006-04-10,22.977909
2006-04-11,22.937145
2006-04-12,23.093374
2006-04-13,22.998285
2006-04-17,22.882812
2006-04-18,23.432987
2006-04-19,23.582403
2006-04-20,23.670704
2006-04-21,23.697863
2006-04-24,23.779377
2006-04-25,23.500904
2006-04-26,23.629950
2006-04-27,23.500904
2006-04-28,23.453358
2006-05-01,23.514486
2006-05-02,23.704666
2006-05-03,23.711458
2006-05-04,23.996729
2006-05-05,24.234449
2006-05-08,24.214075
2006-05-09,24.214075
2006-05-10,24.227657
2006-05-11,24.105406
2006-05-12,23.725042
2006-05-15,23.731831
2006-05-16,23.725042
2006-05-17,23.236004
2006-05-18,23.045824
2006-05-19,23.120541
2006-05-22,23.072994
2006-05-23,22.964321
2006-05-24,22.903189
2006-05-25,23.059420
2006-05-26,23.188463
2006-05-30,22.889606
2006-05-31,23.052624
2006-06-01,23.290346
2006-06-02,23.324297
2006-06-05,22.821678
2006-06-06,22.733385
2006-06-07,22.482075
2006-06-08,22.495667
2006-06-09,22.305479
2006-06-12,22.027004
2006-06-13,21.959082
2006-06-14,22.149260
2006-06-15,22.651878
2006-06-16,22.648479
2006-06-19,22.471430
2006-06-20,22.444191
2006-06-21,22.709761
2006-06-22,22.573568
2006-06-23,22.634863
2006-06-26,22.696144
2006-06-27,22.485048
2006-06-28,22.553146
2006-06-29,23.029816
2006-06-30,23.023005
2006-07-03,23.104717
2006-07-05,22.934479
2006-07-06,22.995760
2006-07-07,22.655293
2006-07-10,22.716576
2006-07-11,22.777857
2006-07-12,22.546333
2006-07-13,22.103708
2006-07-14,21.790478
2006-07-17,21.715569
2006-07-18,21.817711
2006-07-19,22.260332
2006-07-20,21.804102
2006-07-21,21.586191
2006-07-24,21.940283
2006-07-25,21.878996
2006-07-26,21.599813
2006-07-27,21.558952
2006-07-28,21.804102
2006-07-31,21.715569
2006-08-01,21.579378
2006-08-02,21.715569
2006-08-03,21.892620
2006-08-04,21.831327
2006-08-07,21.742815
2006-08-08,21.552137
2006-08-09,21.218472
2006-08-10,21.388710
2006-08-11,21.266142
2006-08-14,21.307003
2006-08-15,21.695139
2006-08-16,22.178610
2006-08-17,22.205856
2006-08-18,22.151375
2006-08-21,21.953915
2006-08-22,22.022001
2006-08-23,21.858568
2006-08-24,21.742815
2006-08-25,21.749620
2006-08-28,21.838144
2006-08-29,21.892620
2006-08-30,21.913052
2006-08-31,21.960712
2006-09-01,22.117332
2006-09-05,22.164986
2006-09-06,21.933474
2006-09-07,21.878996
2006-09-08,21.919846
2006-09-11,21.940283
2006-09-12,22.144577
2006-09-13,22.369284
2006-09-14,22.267139
2006-09-15,22.382025
2006-09-18,22.436735
2006-09-19,22.347832
2006-09-20,22.470928
2006-09-21,22.258924
2006-09-22,22.149521
2006-09-25,22.416218
2006-09-26,22.696587
2006-09-27,22.751307
2006-09-28,22.908585
2006-09-29,22.799171
2006-10-02,22.867558
2006-10-03,23.011154
2006-10-04,23.353079
2006-10-05,23.469334
2006-10-06,23.421467
2006-10-09,23.448816
2006-10-10,23.483002
2006-10-11,23.489849
2006-10-12,23.688154
2006-10-13,23.633457
2006-10-16,23.790726
2006-10-17,23.660807
2006-10-18,23.599260
2006-10-19,23.544554
2006-10-20,23.441978
2006-10-23,23.565071
2006-10-24,23.578747
2006-10-25,23.599260
2006-10-26,23.592436
2006-10-27,23.421467
2006-10-30,23.496687
2006-10-31,23.441978
2006-11-01,23.325726
2006-11-02,23.243664
2006-11-03,23.195789
2006-11-06,23.400951
2006-11-07,23.667643
2006-11-08,23.701834
2006-11-09,23.558228
2006-11-10,23.592436
2006-11-13,23.777054
2006-11-14,23.852276
2006-11-15,24.084789
2006-11-16,24.194197
2006-11-17,24.207872
2006-11-20,24.125818
2006-11-21,24.207872
2006-11-22,24.303616
2006-11-24,24.255747
2006-11-27,23.865955
2006-11-28,23.838608
2006-11-29,24.030081
2006-11-30,24.016396
2006-12-01,23.879633
2006-12-04,24.187359
2006-12-05,24.242069
2006-12-06,24.160002
2006-12-07,24.118977
2006-12-08,24.146324
2006-12-11,24.036917
2006-12-12,24.077944
2006-12-13,23.995892
2006-12-14,24.132654
2006-12-15,24.265694
2006-12-18,24.293278
2006-12-19,24.300163
2006-12-20,24.334641
2006-12-21,24.286379
2006-12-22,24.134714
2006-12-26,24.251907
2006-12-27,24.375999
2006-12-28,24.293278
2006-12-29,24.134714
2007-01-03,24.286379
2007-01-04,24.182978
2007-01-05,24.100245
2007-01-08,24.189871
2007-01-09,24.176083
2007-01-10,24.258812
2007-01-11,24.458721
2007-01-12,24.527674
2007-01-16,24.658644
2007-01-17,24.679319
2007-01-18,24.569025
2007-01-19,24.555227
2007-01-22,24.286379
2007-01-23,24.569025
2007-01-24,24.500095
2007-01-25,24.369104
2007-01-26,24.272596
2007-01-29,24.327751
2007-01-30,24.313959
2007-01-31,24.637947
2007-02-01,24.851658
2007-02-02,24.948166
2007-02-05,24.996429
2007-02-06,25.003325
2007-02-07,24.982645
2007-02-08,24.810305
2007-02-09,24.713791
2007-02-12,24.755152
2007-02-13,24.955067
2007-02-14,25.320435
2007-02-15,25.375587
2007-02-16,25.272167
2007-02-20,25.313538
2007-02-21,25.382471
2007-02-22,25.299744
2007-02-23,25.230806
2007-02-26,25.086048
2007-02-27,24.334641
2007-02-28,24.362211
2007-03-01,24.320848
2007-03-02,24.017530
2007-03-05,23.955484
2007-03-06,24.231245
2007-03-07,24.134714
2007-03-08,24.313959
2007-03-09,24.438040
2007-03-12,24.555227
2007-03-13,24.141617
2007-03-14,24.238129
2007-03-15,24.265694
2007-03-16,24.352743
2007-03-19,24.525457
2007-03-20,24.587645
2007-03-21,24.926161
2007-03-22,24.974529
2007-03-23,25.119612
2007-03-26,24.912334
2007-03-27,24.794897
2007-03-28,24.594557
2007-03-29,24.587645
2007-03-30,24.560007
2007-04-02,24.601454
2007-04-03,24.774179
2007-04-04,24.677439
2007-04-05,24.753447
2007-04-09,24.725819
2007-04-10,24.718901
2007-04-11,24.622187
2007-04-12,24.919252
2007-04-13,24.912334
2007-04-16,25.112694
2007-04-17,25.112694
2007-04-18,25.181786
2007-04-19,25.264681
2007-04-20,25.437393
2007-04-23,25.534117
2007-04-24,25.458126
2007-04-25,25.720659
2007-04-26,25.706825
2007-04-27,26.003902
2007-04-30,25.699926
2007-05-01,25.858818
2007-05-02,26.024622
2007-05-03,26.211157
2007-05-04,26.238789
2007-05-07,26.307882
2007-05-08,26.294062
2007-05-09,26.363144
2007-05-10,26.183531
2007-05-11,26.383869
2007-05-14,26.266430
2007-05-15,26.335506
2007-05-16,26.466782
2007-05-17,26.515135
2007-05-18,26.425323
2007-05-21,26.577312
2007-05-22,26.522041
2007-05-23,26.653316
2007-05-24,26.439154
2007-05-25,26.598049
2007-05-29,26.770750
2007-05-30,26.888203
2007-05-31,27.033278
2007-06-01,27.136908
2007-06-04,27.143820
2007-06-05,27.060923
2007-06-06,26.770750
2007-06-07,26.335506
2007-06-08,26.701677
2007-06-11,26.736212
2007-06-12,26.390785
2007-06-13,27.019461
2007-06-14,27.157629
2007-06-15,27.303789
2007-06-18,27.289927
2007-06-19,27.373045
2007-06-20,27.220667
2007-06-21,27.276062
2007-06-22,27.116770
2007-06-25,27.047503
2007-06-26,26.818932
2007-06-27,27.082136
2007-06-28,26.943609
2007-06-29,27.040586
2007-07-02,27.234524
2007-07-03,27.428455
2007-07-05,27.400751
2007-07-06,27.566984
2007-07-09,27.774782
2007-07-10,27.310703
2007-07-11,27.601620
2007-07-12,28.010286
2007-07-13,28.204210
2007-07-16,28.384295
2007-07-17,28.550518
2007-07-18,28.488188
2007-07-19,28.744473
2007-07-20,28.328892
2007-07-23,28.515890
2007-07-24,28.121096
2007-07-25,28.190361
2007-07-26,27.601620
2007-07-27,27.089071
2007-07-30,27.670876
2007-07-31,27.296843
2007-08-01,27.497717
2007-08-02,27.684736
2007-08-03,27.116770
2007-08-06,27.525423
2007-08-07,27.525423
2007-08-08,27.740145
2007-08-09,26.999023
2007-08-10,26.687334
2007-08-13,27.047503
2007-08-14,26.354870
2007-08-15,26.043184
2007-08-16,26.057034
2007-08-17,26.320242
2007-08-20,26.701200
2007-08-21,26.597292
2007-08-22,27.075216
2007-08-23,26.929747
2007-08-24,27.151398
2007-08-27,27.089071
2007-08-28,26.437988
2007-08-29,27.061342
2007-08-30,26.895124
2007-08-31,27.303789
2007-09-04,27.428455
2007-09-05,27.151398
2007-09-06,27.373045
2007-09-07,26.812002
2007-09-10,26.832785
2007-09-11,27.075216
2007-09-12,27.054432
2007-09-13,27.338411
2007-09-14,27.386896
2007-09-17,27.151398
2007-09-18,28.031061
2007-09-19,28.328892
2007-09-20,28.093382
2007-09-21,28.284128
2007-09-24,28.012634
2007-09-25,28.124022
2007-09-26,28.318932
2007-09-27,28.444233
2007-09-28,28.597395
2007-10-01,28.966341
2007-10-02,28.729654
2007-10-03,28.534744
2007-10-04,28.632196
2007-10-05,28.945473
2007-10-08,28.896723
2007-10-09,29.168224
2007-10-10,28.847994
2007-10-11,28.639162
2007-10-12,28.764462
2007-10-15,28.541702
2007-10-16,28.416388
2007-10-17,28.492970
2007-10-18,28.569546
2007-10-19,27.775957
2007-10-22,27.880371
2007-10-23,28.068335
2007-10-24,27.984783
2007-10-25,28.033510
2007-10-26,28.054407
2007-10-29,28.235407
2007-10-30,27.984783
2007-10-31,28.228441
2007-11-01,27.748104
2007-11-02,27.998707
2007-11-05,27.880371
2007-11-06,28.318932
2007-11-07,27.636719
2007-11-08,27.643684
2007-11-09,27.093737
2007-11-12,26.801359
2007-11-13,27.483564
2007-11-14,27.393074
2007-11-15,27.010187
2007-11-16,27.017159
2007-11-19,26.627314
2007-11-20,26.669083
2007-11-21,26.223553
2007-11-23,26.571629
2007-11-26,26.153948
2007-11-27,26.676046
2007-11-28,27.323456
2007-11-29,27.323456
2007-11-30,27.427868
2007-12-03,27.149433
2007-12-04,27.086769
2007-12-05,27.532290
2007-12-06,27.845556
2007-12-07,28.054407
2007-12-10,28.186665
2007-12-11,27.288645
2007-12-12,27.636719
2007-12-13,27.775957
2007-12-14,27.469654
2007-12-17,26.975384
2007-12-18,27.051950
2007-12-19,26.961458
2007-12-20,27.184240
2007-12-21,27.664064
2007-12-24,27.971834
2007-12-26,27.866920
2007-12-27,27.545149
2007-12-28,27.517172
2007-12-31,27.391264
2008-01-02,26.936621
2008-01-03,26.957603
2008-01-04,26.405031
2008-01-07,26.076267
2008-01-08,25.495707
2008-01-09,25.572643
2008-01-10,25.929379
2008-01-11,25.488718
2008-01-14,25.803471
2008-01-15,25.264875
2008-01-16,24.971098
2008-01-17,24.306604
2008-01-18,24.257645
2008-01-22,24.341578
2008-01-23,25.006073
2008-01-24,25.152966
2008-01-25,25.041050
2008-01-28,25.411772
2008-01-29,25.635607
2008-01-30,25.740517
2008-01-31,25.880411
2008-02-01,26.474968
2008-02-04,26.188181
2008-02-05,25.523687
2008-02-06,25.481722
2008-02-07,25.488718
2008-02-08,25.299858
2008-02-11,25.551670
2008-02-12,25.810459
2008-02-13,26.272121
2008-02-14,25.880411
2008-02-15,25.719536
2008-02-19,25.845444
2008-02-20,25.929379
2008-02-21,25.726532
2008-02-22,25.985334
2008-02-25,26.188181
2008-02-26,26.209164
2008-02-27,26.258131
2008-02-28,26.069265
2008-02-29,25.355814
2008-03-03,25.726532
2008-03-04,25.425755
2008-03-05,25.761505
2008-03-06,25.271868
2008-03-07,24.908150
2008-03-10,24.509455
2008-03-11,25.341820
2008-03-12,25.292858
2008-03-13,25.642593
2008-03-14,25.236904
2008-03-17,25.111004
2008-03-18,26.433002
2008-03-19,25.467724
2008-03-20,25.735413
2008-03-24,26.318544
2008-03-25,26.480137
2008-03-26,26.269365
2008-03-27,25.981318
2008-03-28,25.882940
2008-03-31,26.276394
2008-04-01,26.873590
2008-04-02,26.993029
2008-04-03,26.873590
2008-04-04,26.978975
2008-04-07,26.810366
2008-04-08,26.789284
2008-04-09,26.529333
2008-04-10,26.641729
2008-04-11,25.594894
2008-04-14,25.608953
2008-04-15,25.728388
2008-04-16,26.445004
2008-04-17,26.135887
2008-04-18,26.922770
2008-04-21,26.831427
2008-04-22,26.402853
2008-04-23,26.416920
2008-04-24,26.585527
2008-04-25,26.957882
2008-04-28,27.112461
2008-04-29,26.859529
2008-04-30,27.049238
2008-05-01,27.224871
2008-05-02,27.330271
2008-05-05,27.259995
2008-05-06,27.365396
2008-05-07,26.943848
2008-05-08,27.035181
2008-05-09,26.866575
2008-05-12,27.295135
2008-05-13,27.477804
2008-05-14,27.505911
2008-05-15,27.667494
2008-05-16,27.597237
2008-05-19,27.906380
2008-05-20,27.463762
2008-05-21,27.000051
2008-05-22,26.936825
2008-05-23,26.550394
2008-05-27,26.831427
2008-05-28,27.014097
2008-05-29,27.119492
2008-05-30,27.288107
2008-06-02,27.056253
2008-06-03,26.964924
2008-06-04,26.859529
2008-06-05,27.056253
2008-06-06,26.002390
2008-06-09,26.269365
2008-06-10,26.114807
2008-06-11,25.622995
2008-06-12,25.714329
2008-06-13,26.009413
2008-06-16,25.868896
2008-06-17,25.812691
2008-06-18,25.440319
2008-06-19,25.770540
2008-06-20,25.340672
2008-06-23,25.390081
2008-06-24,25.086559
2008-06-25,24.903030
2008-06-26,24.493626
2008-06-27,23.787756
2008-06-30,24.006577
2008-07-01,23.992456
2008-07-02,23.258352
2008-07-03,23.583057
2008-07-07,23.554815
2008-07-08,24.098343
2008-07-09,23.427759
2008-07-10,23.787756
2008-07-11,23.357178
2008-07-14,23.463055
2008-07-15,22.997187
2008-07-16,23.526583
2008-07-17,24.175978
2008-07-18,24.211273
2008-07-21,24.232450
2008-07-22,24.528910
2008-07-23,24.719503
2008-07-24,24.105394
2008-07-25,24.331274
2008-07-28,23.773642
2008-07-29,24.670099
2008-07-30,24.959492
2008-07-31,24.197159
2008-08-01,24.175978
2008-08-04,24.070093
2008-08-05,24.740662
2008-08-06,25.213606
2008-08-07,24.366564
2008-08-08,25.206556
2008-08-11,25.270075
2008-08-12,25.023024
2008-08-13,24.931263
2008-08-14,25.023024
2008-08-15,25.164204
2008-08-18,24.881847
2008-08-19,24.571268
2008-08-20,24.373629
2008-08-21,24.430090
2008-08-22,24.910093
2008-08-25,24.521860
2008-08-26,24.514799
2008-08-27,24.585394
2008-08-28,25.135965
2008-08-29,24.860682
2008-09-02,24.867733
2008-09-03,24.684210
2008-09-04,23.837172
2008-09-05,23.830111
2008-09-08,24.211273
2008-09-09,23.498352
2008-09-10,23.597168
2008-09-11,24.140696
2008-09-12,24.077160
2008-09-15,23.110121
2008-09-16,23.180714
2008-09-17,22.397194
2008-09-18,22.856010
2008-09-19,23.499020
2008-09-22,22.874462
2008-09-23,22.370564
2008-09-24,22.320875
2008-09-25,22.498306
2008-09-26,22.406046
2008-09-29,21.646635
2008-09-30,21.859552
2008-10-01,21.341450
2008-10-02,20.063950
2008-10-03,19.744581
2008-10-06,19.226477
2008-10-07,18.587730
2008-10-08,18.303831
2008-10-09,17.260525
2008-10-10,16.706951
2008-10-13,18.495453
2008-10-14,18.488352
2008-10-15,16.749525
2008-10-16,17.090193
2008-10-17,16.721142
2008-10-20,17.551519
2008-10-21,17.395382
2008-10-22,16.593384
2008-10-23,16.635969
2008-10-24,15.677836
2008-10-27,15.074577
2008-10-28,16.621784
2008-10-29,16.692753
2008-10-30,17.296017
2008-10-31,17.870892
2008-11-03,17.565710
2008-11-04,18.332212
2008-11-05,17.565710
2008-11-06,16.742432
2008-11-07,16.912766
2008-11-10,16.919867
2008-11-11,16.543703
2008-11-12,15.755918
2008-11-13,16.600485
2008-11-14,15.897854
2008-11-17,15.578484
2008-11-18,15.592670
2008-11-19,14.584859
2008-11-20,14.194516
2008-11-21,14.613255
2008-11-24,15.344275
2008-11-25,15.564290
2008-11-26,16.053993
2008-11-28,16.401758
2008-12-01,15.053286
2008-12-02,15.748819
2008-12-03,16.018517
2008-12-04,15.699131
2008-12-05,16.082380
2008-12-08,16.501123
2008-12-09,16.210138
2008-12-10,16.472742
2008-12-11,15.763004
2008-12-12,15.805595
2008-12-15,15.798500
2008-12-16,16.579201
2008-12-17,16.586294
2008-12-18,16.004313
2008-12-19,16.181322
2008-12-22,15.930504
2008-12-23,15.880347
2008-12-24,15.980663
2008-12-26,16.102495
2008-12-29,15.801514
2008-12-30,16.389145
2008-12-31,16.783285
2009-01-02,17.399580
2009-01-05,17.263426
2009-01-06,17.643232
2009-01-07,16.854950
2009-01-08,17.019764
2009-01-09,16.647121
2009-01-12,16.281654
2009-01-13,16.002165
2009-01-14,15.407373
2009-01-15,15.550694
2009-01-16,15.636692
2009-01-20,14.912900
2009-01-21,15.292713
2009-01-22,15.242543
2009-01-23,14.783906
2009-01-26,14.955903
2009-01-27,15.228220
2009-01-28,15.665362
2009-01-29,15.092057
2009-01-30,14.769579
2009-02-02,14.432764
2009-02-03,14.697912
2009-02-04,14.619087
2009-02-05,14.791072
2009-02-06,15.149380
2009-02-09,15.436041
2009-02-10,14.626250
2009-02-11,14.740913
2009-02-12,14.576085
2009-02-13,14.576085
2009-02-17,13.837971
2009-02-18,13.859470
2009-02-19,13.551324
2009-02-20,13.343501
2009-02-23,12.827532
2009-02-24,13.107020
2009-02-25,12.791701
2009-02-26,12.569548
2009-02-27,12.254237
2009-03-02,11.451616
2009-03-03,11.365622
2009-03-04,11.680940
2009-03-05,11.229464
2009-03-06,11.107640
2009-03-09,11.007313
2009-03-10,11.838594
2009-03-11,11.953255
2009-03-12,12.340227
2009-03-13,12.361734
2009-03-16,12.497886
2009-03-17,12.863364
2009-03-18,13.107020
2009-03-19,12.978024
2009-03-20,12.582251
2009-03-23,13.493901
2009-03-24,13.385373
2009-03-25,13.493901
2009-03-26,14.217435
2009-03-27,13.949727
2009-03-30,13.255137
2009-03-31,13.334725
2009-04-01,13.631373
2009-04-02,14.362136
2009-04-03,14.376612
2009-04-06,14.412791
2009-04-07,14.000375
2009-04-08,14.123378
2009-04-09,14.817966
2009-04-13,14.861385
2009-04-14,14.644320
2009-04-15,14.781789
2009-04-16,15.281029
2009-04-17,15.273794
2009-04-20,14.600907
2009-04-21,14.955434
2009-04-22,15.186967
2009-04-23,15.353382
2009-04-24,15.671743
2009-04-27,15.360620
2009-04-28,15.179732
2009-04-29,15.686208
2009-04-30,15.744082
2009-05-01,15.917742
2009-05-04,16.438684
2009-05-05,16.489328
2009-05-06,16.749811
2009-05-07,16.409742
2009-05-08,17.010275
2009-05-11,16.503801
2009-05-12,16.322912
2009-05-13,15.650038
2009-05-14,15.765800
2009-05-15,15.773036
2009-05-18,16.351862
2009-05-19,16.228863
2009-05-20,16.243334
2009-05-21,15.751325
2009-05-22,15.693440
2009-05-26,16.265038
2009-05-27,15.736855
2009-05-28,15.888796
2009-05-29,16.272276
2009-06-01,17.024752
2009-06-02,17.053686
2009-06-03,16.720861
2009-06-04,17.024752
2009-06-05,17.169453
2009-06-08,17.212866
2009-06-09,17.176683
2009-06-10,17.068161
2009-06-11,17.039217
2009-06-12,17.068161
2009-06-15,16.547211
2009-06-16,16.243334
2009-06-17,16.120327
2009-06-18,16.134800
2009-06-19,16.169762
2009-06-22,15.630768
2009-06-23,15.485095
2009-06-24,15.587063
2009-06-25,16.067793
2009-06-26,16.002234
2009-06-29,16.162477
2009-06-30,15.994957
2009-07-01,16.060518
2009-07-02,15.557929
2009-07-06,15.565217
2009-07-07,15.033509
2009-07-08,14.975238
2009-07-09,15.113629
2009-07-10,15.091778
2009-07-13,15.477817
2009-07-14,15.703603
2009-07-15,16.191610
2009-07-16,16.490238
2009-07-17,16.300867
2009-07-20,16.628637
2009-07-21,16.635914
2009-07-22,16.686907
2009-07-23,17.036522
2009-07-24,17.051092
2009-07-27,17.145775
2009-07-28,17.131207
2009-07-29,17.051092
2009-07-30,17.327862
2009-07-31,17.393417
2009-08-03,17.772169
2009-08-04,17.903282
2009-08-05,17.757597
2009-08-06,17.852289
2009-08-07,18.296595
2009-08-10,18.121792
2009-08-11,17.881422
2009-08-12,18.194626
2009-08-13,18.274748
2009-08-14,18.012527
2009-08-17,17.480827
2009-08-18,17.692049
2009-08-19,17.743046
2009-08-20,17.961542
2009-08-21,18.427696
2009-08-24,18.464117
2009-08-25,18.566076
2009-08-26,18.376720
2009-08-27,18.544241
2009-08-28,18.442268
2009-08-31,18.223759
2009-09-01,17.917850
2009-09-02,17.845011
2009-09-03,18.078089
2009-09-04,18.434986
2009-09-08,18.595232
2009-09-09,18.908428
2009-09-10,19.068665
2009-09-11,19.192476
2009-09-14,19.374577
2009-09-15,19.607656
2009-09-16,19.855303
2009-09-17,19.891716
2009-09-18,19.777485
2009-09-21,19.660336
2009-09-22,19.894653
2009-09-23,19.726236
2009-09-24,19.404057
2009-09-25,19.133135
2009-09-28,19.528534
2009-09-29,19.484604
2009-09-30,19.286900
2009-10-01,18.803631
2009-10-02,18.561989
2009-10-05,18.942751
2009-10-06,19.125809
2009-10-07,19.052588
2009-10-08,19.389412
2009-10-09,19.440664
2009-10-12,19.404057
2009-10-13,19.418701
2009-10-14,19.982515
2009-10-15,19.953234
2009-10-16,19.814098
2009-10-19,20.026447
2009-10-20,19.887331
2009-10-21,19.748213
2009-10-22,19.887331
2009-10-23,19.535852
2009-10-26,19.382086
2009-10-27,19.118488
2009-10-28,18.723082
2009-10-29,19.169754
2009-10-30,18.518055
2009-11-02,18.730402
2009-11-03,19.052588
2009-11-04,19.015972
2009-11-05,19.506567
2009-11-06,19.682299
2009-11-09,20.180216
2009-11-10,20.063059
2009-11-11,20.216833
2009-11-12,19.982515
2009-11-13,20.136278
2009-11-16,20.597586
2009-11-17,20.560982
2009-11-18,20.451143
2009-11-19,20.143606
2009-11-20,20.106993
2009-11-23,20.473110
2009-11-24,20.304703
2009-11-25,20.473110
2009-11-27,20.077705
2009-11-30,20.143606
2009-12-01,20.473110
2009-12-02,20.414530
2009-12-03,20.319342
2009-12-04,20.626881
2009-12-07,20.553656
2009-12-08,20.238800
2009-12-09,20.333992
2009-12-10,20.421852
2009-12-11,20.626881
2009-12-14,20.905123
2009-12-15,20.846546
2009-12-16,20.758678
2009-12-17,20.531694
2009-12-18,20.525063
2009-12-21,20.679817
2009-12-22,20.701929
2009-12-23,20.738781
2009-12-24,20.819841
2009-12-28,20.782999
2009-12-29,20.841955
2009-12-30,20.738781
2009-12-31,20.480841
2010-01-04,20.871437
2010-01-05,20.945137
2010-01-06,20.989359
2010-01-07,21.217827
2010-01-08,21.556833
2010-01-11,21.792662
2010-01-12,21.615788
2010-01-13,21.704239
2010-01-14,21.704239
2010-01-15,21.424179
2010-01-19,21.660015
2010-01-20,21.328373
2010-01-21,20.834599
2010-01-22,20.517685
2010-01-25,20.650343
2010-01-26,20.561899
2010-01-27,20.620863
2010-01-28,20.385029
2010-01-29,20.178669
2010-02-01,20.480841
2010-02-02,20.871437
2010-02-03,20.746151
2010-02-04,20.134453
2010-02-05,20.046022
2010-02-08,19.824917
2010-02-09,20.208147
2010-02-10,20.178669
2010-02-11,20.480841
2010-02-12,20.318699
2010-02-16,20.797743
2010-02-17,20.974621
2010-02-18,21.166229
2010-02-19,21.269413
2010-02-22,21.284157
2010-02-23,21.011469
2010-02-24,21.225191
2010-02-25,21.173609
2010-02-26,21.254671
2010-03-01,21.534716
2010-03-02,21.571573
2010-03-03,21.601057
2010-03-04,21.704239
2010-03-05,22.035872
2010-03-08,21.932699
2010-03-09,22.109577
2010-03-10,22.153788
2010-03-11,22.234859
2010-03-12,22.382261
2010-03-15,22.382261
2010-03-16,22.684422
2010-03-17,22.721268
2010-03-18,22.876040
2010-03-19,22.784336
2010-03-22,22.850899
2010-03-23,23.109722
2010-03-24,22.947033
2010-03-25,22.932241
2010-03-26,22.991411
2010-03-29,23.198463
2010-03-30,23.235435
2010-03-31,23.102327
2010-04-01,23.250235
2010-04-05,23.420315
2010-04-06,23.427717
2010-04-07,23.294601
2010-04-08,23.368557
2010-04-09,23.501669
2010-04-12,23.553432
2010-04-13,23.590405
2010-04-14,23.893608
2010-04-15,24.122852
2010-04-16,23.730921
2010-04-19,23.686550
2010-04-20,23.960165
2010-04-21,24.122852
2010-04-22,24.344706
2010-04-23,24.492613
2010-04-26,24.544376
2010-04-27,23.952766
2010-04-28,24.122852
2010-04-29,24.670090
2010-04-30,24.085876
2010-05-03,24.566568
2010-05-04,23.790075
2010-05-05,23.486870
2010-05-06,22.710384
2010-05-07,22.207520
2010-05-10,23.479485
2010-05-11,23.412922
2010-05-12,23.930584
2010-05-13,23.560833
2010-05-14,23.065353
2010-05-17,23.006186
2010-05-18,22.717783
2010-05-19,22.429373
2010-05-20,21.453218
2010-05-21,21.756420
2010-05-24,21.431034
2010-05-25,21.416246
2010-05-26,21.460609
2010-05-27,22.185341
2010-05-28,21.889532
2010-06-01,21.401455
2010-06-02,21.956087
2010-06-03,22.059622
2010-06-04,21.024302
2010-06-07,20.484465
2010-06-08,20.698917
2010-06-09,20.698917
2010-06-10,21.497597
2010-06-11,21.571543
2010-06-14,21.549360
2010-06-15,22.200121
2010-06-16,22.140970
2010-06-17,22.207520
2010-06-18,22.294476
2010-06-21,22.331631
2010-06-22,21.789129
2010-06-23,21.707380
2010-06-24,21.328375
2010-06-25,21.491867
2010-06-28,21.343239
2010-06-29,20.518343
2010-06-30,20.384579
2010-07-01,20.325125
2010-07-02,20.072451
2010-07-06,20.109604
2010-07-07,20.808172
2010-07-08,21.075708
2010-07-09,21.283781
2010-07-12,21.172314
2010-07-13,21.543890
2010-07-14,21.588472
2010-07-15,21.581047
2010-07-16,20.860191
2010-07-19,20.979099
2010-07-20,21.306078
2010-07-21,21.254065
2010-07-22,21.908033
2010-07-23,22.346493
2010-07-26,22.710634
2010-07-27,22.554575
2010-07-28,22.495123
2010-07-29,22.420797
2010-07-30,22.509979
2010-08-02,22.955873
2010-08-03,22.836971
2010-08-04,23.037615
2010-08-05,23.052488
2010-08-06,22.926146
2010-08-09,23.045053
2010-08-10,22.888987
2010-08-11,22.034363
2010-08-12,21.878304
2010-08-13,21.848581
2010-08-16,21.803989
2010-08-17,22.182993
2010-08-18,22.264750
2010-08-19,21.789129
2010-08-20,21.677649
2010-08-23,21.439848
2010-08-24,21.001389
2010-08-25,20.964230
2010-08-26,20.934507
2010-08-27,21.358101
2010-08-30,21.031111
2010-08-31,20.949375
2010-09-01,21.781696
2010-09-02,22.056660
2010-09-03,22.391075
2010-09-07,22.182993
2010-09-08,22.413376
2010-09-09,22.391075
2010-09-10,22.591726
2010-09-13,22.814671
2010-09-14,22.747791
2010-09-15,22.747791
2010-09-16,22.718060
2010-09-17,22.930941
2010-09-20,23.274534
2010-09-21,23.319344
2010-09-22,23.199833
2010-09-23,22.856251
2010-09-24,23.483675
2010-09-27,23.334286
2010-09-28,23.461267
2010-09-29,23.453793
2010-09-30,23.364164
2010-10-01,23.386576
2010-10-04,23.140083
2010-10-05,23.760042
2010-10-06,23.901960
2010-10-07,23.849676
2010-10-08,24.051340
2010-10-11,23.984116
2010-10-12,23.969189
2010-10-13,24.365057
2010-10-14,24.223143
2010-10-15,24.073750
2010-10-18,24.058815
2010-10-19,23.737629
2010-10-20,24.073750
2010-10-21,24.267958
2010-10-22,24.260485
2010-10-25,24.342649
2010-10-26,24.230608
2010-10-27,24.051340
2010-10-28,23.999052
2010-10-29,24.036402
2010-11-01,24.036402
2010-11-02,24.267958
2010-11-03,24.305305
2010-11-04,24.820686
2010-11-05,24.970085
2010-11-08,24.865503
2010-11-09,24.641434
2010-11-10,24.633959
2010-11-11,24.492039
2010-11-12,24.208210
2010-11-15,24.282896
2010-11-16,23.894493
2010-11-17,23.909424
2010-11-18,24.394936
2010-11-19,24.469629
2010-11-22,24.417345
2010-11-23,24.081224
2010-11-24,24.626478
2010-11-26,24.424816
2010-11-29,24.417345
2010-11-30,24.357595
2010-12-01,24.985018
2010-12-02,25.373419
2010-12-03,25.425705
2010-12-06,25.410772
2010-12-07,25.477989
2010-12-08,25.388369
2010-12-09,25.463053
2010-12-10,25.694611
2010-12-13,25.709543
2010-12-14,25.829054
2010-12-15,25.724470
2010-12-16,26.008320
2010-12-17,25.930986
2010-12-20,25.923485
2010-12-21,26.133698
2010-12-22,26.193750
2010-12-23,26.141201
2010-12-27,26.186247
2010-12-28,26.171221
2010-12-29,26.193750
2010-12-30,26.148705
2010-12-31,26.178736
2011-01-03,26.366432
2011-01-04,26.328888
2011-01-05,26.464022
2011-01-06,26.418980
2011-01-07,26.471533
2011-01-10,26.509071
2011-01-11,26.606672
2011-01-12,26.824379
2011-01-13,26.854420
2011-01-14,26.959520
2011-01-18,27.154726
2011-01-19,26.869434
2011-01-20,26.734289
2011-01-21,26.952007
2011-01-24,27.207281
2011-01-25,27.177235
2011-01-26,27.334902
2011-01-27,27.432497
2011-01-28,26.899466
2011-01-31,27.207281
2011-02-01,27.590153
2011-02-02,27.500072
2011-02-03,27.515087
2011-02-04,27.612673
2011-02-07,27.875450
2011-02-08,28.063131
2011-02-09,28.055611
2011-02-10,28.205767
2011-02-11,28.415983
2011-02-14,28.385948
2011-02-15,28.280838
2011-02-16,28.415983
2011-02-17,28.483547
2011-02-18,28.558624
2011-02-22,27.732800
2011-02-23,27.244804
2011-02-24,27.402466
2011-02-25,27.650213
2011-02-28,27.785343
2011-03-01,27.192251
2011-03-02,27.327398
2011-03-03,27.988041
2011-03-04,27.657713
2011-03-07,27.402466
2011-03-08,27.830397
2011-03-09,27.770342
2011-03-10,27.207281
2011-03-11,27.530106
2011-03-14,27.297359
2011-03-15,27.042095
2011-03-16,26.539104
2011-03-17,26.952007
2011-03-18,27.123182
2011-03-21,27.718887
2011-03-22,27.500202
2011-03-23,27.590694
2011-03-24,27.877235
2011-03-25,27.975243
2011-03-28,27.952641
2011-03-29,28.178844
2011-03-30,28.291960
2011-03-31,28.405060
2011-04-01,28.638819
2011-04-04,28.676525
2011-04-05,28.570959
2011-04-06,28.601126
2011-04-07,28.465393
2011-04-08,28.216551
2011-04-11,28.193935
2011-04-12,27.982792
2011-04-13,27.899853
2011-04-14,27.899853
2011-04-15,27.997892
2011-04-18,27.598234
2011-04-19,27.839527
2011-04-20,28.291960
2011-04-21,28.374907
2011-04-25,28.291960
2011-04-26,28.834879
2011-04-27,28.963060
2011-04-28,29.061094
2011-04-29,29.181740
2011-05-02,29.136490
2011-05-03,29.015854
2011-05-04,28.593584
2011-05-05,28.457855
2011-05-06,28.706688
2011-05-09,28.827333
2011-05-10,29.091255
2011-05-11,28.699144
2011-05-12,28.759470
2011-05-13,28.412601
2011-05-16,28.307039
2011-05-17,27.922468
2011-05-18,28.299501
2011-05-19,28.480476
2011-05-20,28.178844
2011-05-23,27.779198
2011-05-24,27.635944
2011-05-25,27.869682
2011-05-26,27.982792
2011-05-27,28.118530
2011-05-31,28.374907
2011-06-01,27.447433
2011-06-02,27.590694
2011-06-03,27.221205
2011-06-06,27.025156
2011-06-07,27.010065
2011-06-08,26.776312
2011-06-09,26.979910
2011-06-10,26.550110
2011-06-13,26.557644
2011-06-14,27.062860
2011-06-15,26.655678
2011-06-16,26.746159
2011-06-17,26.863617
2011-06-20,27.098532
2011-06-21,27.522892
2011-06-22,27.371336
2011-06-23,27.310703
2011-06-24,27.000017
2011-06-27,27.212198
2011-06-28,27.636551
2011-06-29,27.780533
2011-06-30,28.220060
2011-07-01,28.727776
2011-07-05,28.568651
2011-07-06,28.720201
2011-07-07,29.023310
2011-07-08,28.659565
2011-07-11,28.129118
2011-07-12,27.856323
2011-07-13,27.969984
2011-07-14,27.666878
2011-07-15,27.689606
2011-07-18,27.378908
2011-07-19,27.735071
2011-07-20,27.788126
2011-07-21,28.204903
2011-07-22,27.909363
2011-07-25,27.894207
2011-07-26,27.378908
2011-07-27,26.636282
2011-07-28,26.408937
2011-07-29,26.280115
2011-08-01,26.113407
2011-08-02,25.204062
2011-08-03,25.431395
2011-08-04,24.067379
2011-08-05,24.067379
2011-08-08,22.369926
2011-08-09,23.476309
2011-08-10,22.278992
2011-08-11,23.339901
2011-08-12,23.794567
2011-08-15,24.150732
2011-08-16,23.809731
2011-08-17,23.733948
2011-08-18,22.422972
2011-08-19,22.074389
2011-08-22,22.157745
2011-08-23,22.938271
2011-08-24,23.400517
2011-08-25,22.961002
2011-08-26,23.438416
2011-08-29,24.181044
2011-08-30,24.385647
2011-08-31,24.552366
2011-09-01,24.150732
2011-09-02,23.377790
2011-09-06,23.135300
2011-09-07,23.855194
2011-09-08,23.499033
2011-09-09,22.870068
2011-09-12,22.915531
2011-09-13,23.339901
2011-09-14,23.749105
2011-09-15,24.234085
2011-09-16,24.362110
2011-09-19,24.133497
2011-09-20,23.958231
2011-09-21,22.967588
2011-09-22,22.106497
2011-09-23,22.335106
2011-09-26,22.899012
2011-09-27,23.302891
2011-09-28,22.708504
2011-09-29,23.036177
2011-09-30,22.266537
2011-10-03,21.641657
2011-10-04,22.243671
2011-10-05,22.716125
2011-10-06,23.173344
2011-10-07,23.120001
2011-10-10,23.927746
2011-10-11,23.996336
2011-10-12,24.301146
2011-10-13,24.095400
2011-10-14,24.529757
2011-10-17,23.828686
2011-10-18,24.514513
2011-10-19,24.217323
2011-10-20,24.423071
2011-10-21,24.895529
2011-10-24,25.360373
2011-10-25,24.842196
2011-10-26,25.017454
2011-10-27,26.107161
2011-10-28,26.107161
2011-10-31,25.467052
2011-11-01,24.697407
2011-11-02,25.185101
2011-11-03,25.802349
2011-11-04,25.604219
2011-11-07,25.665180
2011-11-08,25.954756
2011-11-09,24.948875
2011-11-10,25.253681
2011-11-11,25.855688
2011-11-14,25.695662
2011-11-15,25.848070
2011-11-16,25.467052
2011-11-17,25.025070
2011-11-18,25.086031
2011-11-21,24.506897
2011-11-22,24.346874
2011-11-23,23.782976
2011-11-25,23.744865
2011-11-28,24.544996
2011-11-29,24.567862
2011-11-30,25.825211
2011-12-01,25.741386
2011-12-02,25.688049
2011-12-05,25.962374
2011-12-06,25.954756
2011-12-07,25.947128
2011-12-08,25.307032
2011-12-09,25.886166
2011-12-12,25.413715
2011-12-13,25.078417
2011-12-14,24.781231
2011-12-15,24.956495
2011-12-16,25.062355
2011-12-19,24.801529
2011-12-20,25.653049
2011-12-21,25.660727
2011-12-22,25.906214
2011-12-23,26.151690
2011-12-27,26.144020
2011-12-28,25.729767
2011-12-29,26.051966
2011-12-30,25.890865
2012-01-03,26.458548
2012-01-04,26.581285
2012-01-05,26.588957
2012-01-06,26.535269
2012-01-09,26.734709
2012-01-10,27.118296
2012-01-11,27.202669
2012-01-12,27.440485
2012-01-13,27.225689
2012-01-17,27.363777
2012-01-18,27.609255
2012-01-19,27.900761
2012-01-20,27.739662
2012-01-23,27.708988
2012-01-24,27.739662
2012-01-25,28.046522
2012-01-26,27.992821
2012-01-27,27.969805
2012-01-30,27.870085
2012-01-31,27.785686
2012-02-01,28.084869
2012-02-02,28.100229
2012-02-03,28.583509
2012-02-06,28.514475
2012-02-07,28.483793
2012-02-08,28.545155
2012-02-09,28.621868
2012-02-10,28.361050
2012-02-13,28.706259
2012-02-14,28.606524
2012-02-15,28.230633
2012-02-16,28.491455
2012-02-17,28.598845
2012-02-21,28.698591
2012-02-22,28.667900
2012-02-23,28.759962
2012-02-24,28.752289
2012-02-27,28.775303
2012-02-28,28.736938
2012-02-29,28.560497
2012-03-01,28.660233
2012-03-02,28.491455
2012-03-05,28.292009
2012-03-06,27.655277
2012-03-07,27.939112
2012-03-08,28.338037
2012-03-09,28.399403
2012-03-12,28.391733
2012-03-13,28.982418
2012-03-14,28.913383
2012-03-15,29.258596
2012-03-16,29.271688
2012-03-19,29.271688
2012-03-20,28.932590
2012-03-21,28.917177
2012-03-22,28.593462
2012-03-23,28.639713
2012-03-26,29.063601
2012-03-27,28.971119
2012-03-28,28.693659
2012-03-29,28.709082
2012-03-30,28.840099
2012-04-02,29.025072
2012-04-03,28.816986
2012-04-04,28.608885
2012-04-05,28.493282
2012-04-09,28.030848
2012-04-10,27.460522
2012-04-11,27.768810
2012-04-12,28.362255
2012-04-13,28.000027
2012-04-16,28.077084
2012-04-17,28.539515
2012-04-18,28.416212
2012-04-19,28.100214
2012-04-20,28.339142
2012-04-23,28.023146
2012-04-24,28.393078
2012-04-25,28.447035
2012-04-26,28.616598
2012-04-27,28.793861
2012-04-30,28.524107
2012-05-01,28.608885
2012-05-02,28.616598
2012-05-03,28.385380
2012-05-04,27.976912
2012-05-07,27.899822
2012-05-08,27.830463
2012-05-09,27.506767
2012-05-10,27.545300
2012-05-11,27.491360
2012-05-14,27.175356
2012-05-15,27.036627
2012-05-16,27.005800
2012-05-17,26.427761
2012-05-18,26.296743
2012-05-21,26.882492
2012-05-22,26.982677
2012-05-23,27.129120
2012-05-24,27.098289
2012-05-25,26.913315
2012-05-29,27.275553
2012-05-30,26.820827
2012-05-31,26.720634
2012-06-01,25.980751
2012-06-04,25.710999
2012-06-05,25.788073
2012-06-06,26.474018
2012-06-07,26.620441
2012-06-08,26.820827
2012-06-11,26.474018
2012-06-12,26.897896
2012-06-13,26.628149
2012-06-14,26.836246
2012-06-15,27.071657
2012-06-18,27.133602
2012-06-19,27.497540
2012-06-20,27.350424
2012-06-21,26.816114
2012-06-22,26.909035
2012-06-25,26.413441
2012-06-26,26.459902
2012-06-27,26.715443
2012-06-28,26.692219
2012-06-29,27.621454
2012-07-02,27.381395
2012-07-03,27.667908
2012-07-05,27.636936
2012-07-06,27.265247
2012-07-09,27.249752
2012-07-10,26.808369
2012-07-11,26.591541
2012-07-12,26.490879
2012-07-13,27.001957
2012-07-16,26.816114
2012-07-17,26.932266
2012-07-18,27.435598
2012-07-19,27.567242
2012-07-20,27.226526
2012-07-23,27.087137
2012-07-24,26.785147
2012-07-25,26.878059
2012-07-26,27.288471
2012-07-27,27.884731
2012-07-30,27.807297
2012-07-31,27.729860
2012-08-01,27.544008
2012-08-02,27.404623
2012-08-03,28.000889
2012-08-06,28.000889
2012-08-07,28.287403
2012-08-08,28.248686
2012-08-09,28.271917
2012-08-10,28.403559
2012-08-13,28.341599
2012-08-14,28.302889
2012-08-15,28.364845
2012-08-16,28.651340
2012-08-17,28.790728
2012-08-20,28.728769
2012-08-21,28.666832
2012-08-22,28.527449
2012-08-23,28.295139
2012-08-24,28.426781
2012-08-27,28.341599
2012-08-28,28.233191
2012-08-29,28.225458
2012-08-30,27.985390
2012-08-31,28.155750
2012-09-04,27.861506
2012-09-05,27.784065
2012-09-06,28.411297
2012-09-07,28.651340
2012-09-10,28.465496
2012-09-11,28.620361
2012-09-12,28.736526
2012-09-13,29.061752
2012-09-14,29.239857
2012-09-17,29.100473
2012-09-18,29.108229
2012-09-19,29.177904
2012-09-20,28.899132
2012-09-21,28.813417
2012-09-24,28.813417
2012-09-25,28.431524
2012-09-26,28.322409
2012-09-27,28.587395
2012-09-28,28.470490
2012-10-01,28.602982
2012-10-02,28.556211
2012-10-03,28.704304
2012-10-04,28.867962
2012-10-05,28.961485
2012-10-08,28.891344
2012-10-09,28.556211
2012-10-10,28.291239
2012-10-11,28.376966
2012-10-12,28.408146
2012-10-15,28.602982
2012-10-16,28.906937
2012-10-17,29.078394
2012-10-18,29.164125
2012-10-19,28.673128
2012-10-22,28.595188
2012-10-23,28.306816
2012-10-24,28.127567
2012-10-25,28.283438
2012-10-26,28.306816
2012-10-31,28.439314
2012-11-01,28.945898
2012-11-02,28.704304
2012-11-05,28.860168
2012-11-06,29.171921
2012-11-07,28.486082
2012-11-08,28.189922
2012-11-09,28.267845
2012-11-12,28.345781
2012-11-13,28.267845
2012-11-14,27.605377
2012-11-15,27.605377
2012-11-16,27.683317
2012-11-19,28.205502
2012-11-20,28.228878
2012-11-21,28.267845
2012-11-23,28.634163
2012-11-26,28.657541
2012-11-27,28.595188
2012-11-28,28.836781
2012-11-29,29.000456
2012-11-30,28.938126
2012-12-03,28.626362
2012-12-04,28.735476
2012-12-05,29.039417
2012-12-06,29.031639
2012-12-07,29.218697
2012-12-10,29.366758
2012-12-11,29.429117
2012-12-12,29.475861
2012-12-13,29.382357
2012-12-14,29.319994
2012-12-17,29.592793
2012-12-18,29.974659
2012-12-19,29.811010
2012-12-20,29.966892
2012-12-21,29.778467
2012-12-24,29.692091
2012-12-26,29.590038
2012-12-27,29.542938
2012-12-28,29.221052
2012-12-31,29.754908
2013-01-02,30.469337
2013-01-03,30.485039
2013-01-04,30.712721
2013-01-07,30.579262
2013-01-08,30.343735
2013-01-09,30.649910
2013-01-10,30.799070
2013-01-11,30.689169
2013-01-14,30.806925
2013-01-15,30.893282
2013-01-16,30.767677
2013-01-17,31.097418
2013-01-18,31.348637
2013-01-22,31.474251
2013-01-23,31.482117
2013-01-24,31.670527
2013-01-25,31.772585
2013-01-28,31.796154
2013-01-29,31.866798
2013-01-30,31.576303
2013-01-31,31.466402
2013-02-01,31.772585
2013-02-04,31.497820
2013-02-05,31.788290
2013-02-06,31.796154
2013-02-07,31.756891
2013-02-08,31.882507
2013-02-11,31.858963
2013-02-12,32.000263
2013-02-13,32.173000
2013-02-14,32.220070
2013-02-15,32.235802
2013-02-19,32.471325
2013-02-20,32.047363
2013-02-21,31.811859
2013-02-22,32.063084
2013-02-25,31.403593
2013-02-26,31.592022
2013-02-27,32.188690
2013-02-28,32.165138
2013-03-01,32.110184
2013-03-04,32.047363
2013-03-05,32.502739
2013-03-06,32.502739
2013-03-07,32.526279
2013-03-08,32.832466
2013-03-11,32.942364
2013-03-12,32.753967
2013-03-13,32.910973
2013-03-14,33.067986
2013-03-15,33.093208
2013-03-18,32.888210
2013-03-19,32.856670
2013-03-20,32.896103
2013-03-21,32.564926
2013-03-22,32.817238
2013-03-25,32.525497
2013-03-26,32.691078
2013-03-27,32.691078
2013-03-28,32.927631
2013-04-01,32.525497
2013-04-02,32.422997
2013-04-03,32.225868
2013-04-04,32.367786
2013-04-05,32.304726
2013-04-08,32.493950
2013-04-09,32.596462
2013-04-10,33.030132
2013-04-11,33.116879
2013-04-12,32.927631
2013-04-15,31.926237
2013-04-16,32.359905
2013-04-17,31.823736
2013-04-18,31.681810
2013-04-19,31.839518
2013-04-22,31.878946
2013-04-23,32.107605
2013-04-24,32.438770
2013-04-25,32.604347
2013-04-26,32.509731
2013-04-29,32.675316
2013-04-30,32.683201
2013-05-01,32.257408
2013-05-02,32.659557
2013-05-03,33.219372
2013-05-06,33.432274
2013-05-07,33.739788
2013-05-08,33.952675
2013-05-09,33.952675
2013-05-10,34.055168
2013-05-13,33.921139
2013-05-14,34.339039
2013-05-15,34.480968
2013-05-16,34.307499
2013-05-17,34.827908
2013-05-20,34.930416
2013-05-21,34.977718
2013-05-22,34.670212
2013-05-23,34.575596
2013-05-24,34.465214
2013-05-28,34.646553
2013-05-29,34.449432
2013-05-30,34.654442
2013-05-31,34.323280
2013-06-03,34.488853
2013-06-04,34.299618
2013-06-05,33.676716
2013-06-06,33.889595
2013-06-07,34.528282
2013-06-10,34.425777
2013-06-11,34.110374
2013-06-12,33.873840
2013-06-13,34.370575
2013-06-14,34.141926
2013-06-17,34.410015
2013-06-18,34.812149
2013-06-19,34.283848
2013-06-20,33.503239
2013-06-21,33.523838
2013-06-24,32.961151
2013-06-25,33.333637
2013-06-26,33.658581
2013-06-27,33.991432
2013-06-28,33.793301
2013-07-01,34.134079
2013-07-02,33.769520
2013-07-03,33.785378
2013-07-05,34.316372
2013-07-08,34.411472
2013-07-09,34.894909
2013-07-10,34.886997
2013-07-11,35.441769
2013-07-12,35.227768
2013-07-15,35.354576
2013-07-16,35.164368
2013-07-17,35.267403
2013-07-18,35.624031
2013-07-19,35.988609
2013-07-22,36.012390
2013-07-23,35.988609
2013-07-24,35.711227
2013-07-25,35.727074
2013-07-26,35.608177
2013-07-29,35.513088
2013-07-30,35.663658
2013-07-31,35.790474
2013-08-01,36.400700
2013-08-02,36.472038
2013-08-05,36.329388
2013-08-06,36.059921
2013-08-07,36.004452
2013-08-08,36.170891
2013-08-09,36.052002
2013-08-12,36.099552
2013-08-13,36.258041
2013-08-14,36.004452
2013-08-15,35.600250
2013-08-16,35.647816
2013-08-19,35.457603
2013-08-20,35.521011
2013-08-21,35.275322
2013-08-22,35.758759
2013-08-23,35.766697
2013-08-26,35.687431
2013-08-27,34.966240
2013-08-28,34.997940
2013-08-29,35.100967
2013-08-30,34.902847
2013-09-03,35.124748
2013-09-04,35.481392
2013-09-05,35.568546
2013-09-06,35.552711
2013-09-09,35.996517
2013-09-10,36.519600
2013-09-11,36.670174
2013-09-12,36.519600
2013-09-13,36.622623
2013-09-16,37.098137
2013-09-17,37.256641
2013-09-18,37.724232
2013-09-19,37.851036
2013-09-20,37.388466
2013-09-23,37.269024
2013-09-24,37.404381
2013-09-25,37.237186
2013-09-26,37.404381
2013-09-27,37.165535
2013-09-30,36.950558
2013-10-01,37.181450
2013-10-02,37.006298
2013-10-03,36.600239
2013-10-04,36.839096
2013-10-07,36.584320
2013-10-08,36.170315
2013-10-09,36.154400
2013-10-10,37.085915
2013-10-11,37.261070
2013-10-14,37.404381
2013-10-15,37.030178
2013-10-16,37.276993
2013-10-17,37.563622
2013-10-18,37.969662
2013-10-21,38.065212
2013-10-22,38.319984
2013-10-23,38.335903
2013-10-24,38.622532
2013-10-25,38.821575
2013-10-28,38.765842
2013-10-29,38.877316
2013-10-30,38.702152
2013-10-31,38.710110
2013-11-01,38.988773
2013-11-04,39.132076
2013-11-05,39.092274
2013-11-06,39.203747
2013-11-07,38.789734
2013-11-08,39.315193
2013-11-11,39.283360
2013-11-12,39.299290
2013-11-13,39.530186
2013-11-14,39.681450
2013-11-15,39.816795
2013-11-18,39.880482
2013-11-19,39.593857
2013-11-20,39.418701
2013-11-21,39.737179
2013-11-22,40.087498
2013-11-25,39.999912
2013-11-26,40.079529
2013-11-27,40.238781
2013-11-29,40.127300
2013-12-02,39.960094
2013-12-03,39.617764
2013-12-04,39.458500
2013-12-05,39.474445
2013-12-06,40.079529
2013-12-09,40.183037
2013-12-10,40.095459
2013-12-11,39.466484
2013-12-12,39.506290
2013-12-13,39.625721
2013-12-16,39.999912
2013-12-17,39.984001
2013-12-18,40.652779
2013-12-19,40.692593
2013-12-20,41.019901
2013-12-23,41.179932
2013-12-24,41.371998
2013-12-26,41.660065
2013-12-27,41.612045
2013-12-30,41.572041
2013-12-31,41.820110
2014-01-02,41.235950
2014-01-03,41.347980
2014-01-06,41.107906
2014-01-07,41.363991
2014-01-08,41.291958
2014-01-09,41.492012
2014-01-10,41.556042
2014-01-13,41.051891
2014-01-14,41.484020
2014-01-15,41.780102
2014-01-16,41.676086
2014-01-17,41.468025
2014-01-21,41.508018
2014-01-22,41.636074
2014-01-23,41.139915
2014-01-24,39.859558
2014-01-27,39.899570
2014-01-28,40.275669
2014-01-29,39.843548
2014-01-30,40.235653
2014-01-31,40.035591
2014-02-03,38.923279
2014-02-04,39.171352
2014-02-05,39.155342
2014-02-06,39.699501
2014-02-07,40.387707
2014-02-10,40.131645
2014-02-11,40.579746
2014-02-12,40.811832
2014-02-13,40.843822
2014-02-14,41.107906
2014-02-18,41.075912
2014-02-19,40.691795
2014-02-20,41.075912
2014-02-21,41.123917
2014-02-24,41.435997
2014-02-25,41.299961
2014-02-26,41.339977
2014-02-27,41.580059
2014-02-28,41.660065
2014-03-03,41.379993
2014-03-04,41.980164
2014-03-05,42.036175
2014-03-06,42.276245
2014-03-07,42.412296
2014-03-10,42.228241
2014-03-11,41.924149
2014-03-12,41.844120
2014-03-13,41.251949
2014-03-14,41.091911
2014-03-17,41.596050
2014-03-18,41.820110
2014-03-19,41.387993
2014-03-20,41.508018
2014-03-21,41.512039
2014-03-24,41.375408
2014-03-25,41.753159
2014-03-26,41.327190
2014-03-27,41.270931
2014-03-28,41.576336
2014-03-31,42.058578
2014-04-01,42.355949
2014-04-02,42.653328
2014-04-03,42.717625
2014-04-04,42.227360
2014-04-07,41.624565
2014-04-08,41.624565
2014-04-09,42.155014
2014-04-10,41.319153
2014-04-11,40.909264
2014-04-14,41.142330
2014-04-15,41.431679
2014-04-16,42.066612
2014-04-17,42.396156
2014-04-21,42.516701
2014-04-22,42.540806
2014-04-23,42.701553
2014-04-24,42.621178
2014-04-25,42.203243
2014-04-28,42.227360
2014-04-29,42.339878
2014-04-30,42.621178
2014-05-01,42.516701
2014-05-02,42.452393
2014-05-05,42.540806
2014-05-06,42.219315
2014-05-07,42.581001
2014-05-08,42.572948
2014-05-09,42.605106
2014-05-12,43.240036
2014-05-13,43.312374
2014-05-14,42.990887
2014-05-15,42.613136
2014-05-16,42.669403
2014-05-19,42.838196
2014-05-20,42.267540
2014-05-21,42.685478
2014-05-22,42.765854
2014-05-23,43.039120
2014-05-27,43.264153
2014-05-28,43.296307
2014-05-29,43.473125
2014-05-30,43.440964
2014-06-02,43.625816
2014-06-03,43.577606
2014-06-04,43.569557
2014-06-05,44.011616
2014-06-06,44.453659
2014-06-09,44.678707
2014-06-10,44.574207
2014-06-11,44.244682
2014-06-12,43.649952
2014-06-13,43.802647
2014-06-16,43.754417
2014-06-17,43.874973
2014-06-18,44.124138
2014-06-19,44.236645
2014-06-20,44.422352
2014-06-23,44.163971
2014-06-24,43.719940
2014-06-25,43.760303
2014-06-26,43.728004
2014-06-27,43.832958
2014-06-30,43.647274
2014-07-01,43.913700
2014-07-02,43.841019
2014-07-03,44.204372
2014-07-07,43.889465
2014-07-08,43.590736
2014-07-09,43.663414
2014-07-10,43.405048
2014-07-11,43.655342
2014-07-14,43.905624
2014-07-15,43.929855
2014-07-16,44.115536
2014-07-17,43.429279
2014-07-18,43.792583
2014-07-21,43.768356
2014-07-22,43.929855
2014-07-23,43.752224
2014-07-24,43.542309
2014-07-25,43.429279
2014-07-28,43.211281
2014-07-29,42.670322
2014-07-30,42.710701
2014-07-31,41.846794
2014-08-01,41.806416
2014-08-04,41.951759
2014-08-05,41.701469
2014-08-06,41.491539
2014-08-07,41.531910
2014-08-08,42.121304
2014-08-11,42.290855
2014-08-12,42.193966
2014-08-13,42.605736
2014-08-14,42.791439
2014-08-15,42.702621
2014-08-18,43.348530
2014-08-19,43.453480
2014-08-20,43.913700
2014-08-21,43.873325
2014-08-22,43.719940
2014-08-25,43.889465
2014-08-26,43.744156
2014-08-27,43.719940
2014-08-28,43.655342
2014-08-29,43.614964
2014-09-02,43.760303
2014-09-03,43.703770
2014-09-04,43.719940
2014-09-05,43.865261
2014-09-08,43.824879
2014-09-09,43.687637
2014-09-10,43.719940
2014-09-11,43.736084
2014-09-12,43.590736
2014-09-15,43.574612
2014-09-16,43.816822
2014-09-17,43.986378
2014-09-18,44.196285
2014-09-19,44.153290
2014-09-22,43.658463
2014-09-23,43.301537
2014-09-24,43.528675
2014-09-25,42.847286
2014-09-26,43.244747
2014-09-29,43.179863
2014-09-30,43.114967
2014-10-01,42.303764
2014-10-02,42.255085
2014-10-03,42.831039
2014-10-06,42.701248
2014-10-07,41.662922
2014-10-08,42.409225
2014-10-09,41.427681
2014-10-10,40.819290
2014-10-13,40.186558
2014-10-14,40.746277
2014-10-15,40.648937
2014-10-16,40.949074
2014-10-17,41.760262
2014-10-20,41.881954
2014-10-21,42.814835
2014-10-22,42.255085
2014-10-23,43.187969
2014-10-24,43.569229
2014-10-27,43.553005
2014-10-28,44.323635
2014-10-29,44.169510
2014-10-30,44.347977
2014-10-31,44.786022
2014-11-03,44.729229
2014-11-04,44.704891
2014-11-05,44.980717
2014-11-06,45.451187
2014-11-07,45.516102
2014-11-10,45.743237
2014-11-11,45.686447
2014-11-12,45.751343
2014-11-13,45.621536
2014-11-14,45.678341
2014-11-17,45.613445
2014-11-18,45.954147
2014-11-19,45.816235
2014-11-20,45.937931
2014-11-21,46.384075
2014-11-24,46.505745
2014-11-25,46.643669
2014-11-26,46.554432
2014-11-28,46.165039
2014-12-01,45.572884
2014-12-02,45.962254
2014-12-03,46.578762
2014-12-04,46.343521
2014-12-05,46.448971
2014-12-08,45.937931
2014-12-09,45.946026
2014-12-10,45.069950
2014-12-11,45.288975
2014-12-12,44.469650
2014-12-15,44.323635
2014-12-16,44.364204
2014-12-17,44.777908
2014-12-18,45.905468
2014-12-19,46.163246
2014-12-22,46.603756
2014-12-23,46.775055
2014-12-24,46.824024
2014-12-26,46.824024
2014-12-29,46.897419
2014-12-30,46.620064
2014-12-31,46.155090
2015-01-02,46.097980
2015-01-05,45.021214
2015-01-06,44.466484
2015-01-07,44.800934
2015-01-08,45.698280
2015-01-09,45.208817
2015-01-12,44.898823
2015-01-13,44.809093
2015-01-14,44.564384
2015-01-15,44.352287
2015-01-16,44.645943
2015-01-20,44.964100
2015-01-21,45.331192
2015-01-22,46.057205
2015-01-23,45.673801
2015-01-26,45.730900
2015-01-27,45.127232
2015-01-28,44.735695
2015-01-29,45.249611
2015-01-30,44.515430
2015-02-02,45.176189
2015-02-03,45.910351
2015-02-04,45.559589
2015-02-05,45.951157
2015-02-06,45.845108
2015-02-09,45.722736
2015-02-10,45.975620
2015-02-11,45.991947
2015-02-12,46.424271
2015-02-13,46.636383
2015-02-17,46.701645
2015-02-18,46.962681
2015-02-19,47.044254
2015-02-20,47.443974
2015-02-23,47.240044
2015-02-24,47.427670
2015-02-25,47.329769
2015-02-26,47.117661
2015-02-27,46.897419
2015-03-02,47.329769
2015-03-03,47.027939
2015-03-04,46.660858
2015-03-05,46.693485
2015-03-06,46.057205
2015-03-09,46.489544
2015-03-10,45.632996
2015-03-11,45.584053
2015-03-12,46.171410
2015-03-13,45.747208
2015-03-16,46.505856
2015-03-17,46.318245
2015-03-18,46.864792
2015-03-19,46.546638
2015-03-20,46.809708
2015-03-23,46.416340
2015-03-24,46.260624
2015-03-25,45.473919
2015-03-26,45.351002
2015-03-27,45.523098
2015-03-30,46.162319
2015-03-31,45.703388
2015-04-01,45.400162
2015-04-02,45.424759
2015-04-06,45.768940
2015-04-07,45.662418
2015-04-08,45.818115
2015-04-09,46.039375
2015-04-10,46.686768
2015-04-13,46.244259
2015-04-14,46.301617
2015-04-15,46.383568
2015-04-16,46.285233
2015-04-17,45.727966
2015-04-20,46.260624
2015-04-21,46.203285
2015-04-22,46.399963
2015-04-23,46.350784
2015-04-24,46.154110
2015-04-27,46.137714
2015-04-28,46.219669
2015-04-29,45.990215
2015-04-30,45.588654
2015-05-01,46.162319
2015-05-04,46.236057
2015-05-05,45.613228
2015-05-06,45.588654
2015-05-07,45.826309
2015-05-08,46.367176
2015-05-11,46.326187
2015-05-12,46.277035
2015-05-13,46.375378
2015-05-14,46.842484
2015-05-15,46.801506
2015-05-18,46.891651
2015-05-19,46.760532
2015-05-20,46.588436
2015-05-21,46.842484
2015-05-22,46.629414
2015-05-26,46.121319
2015-05-27,46.416340
2015-05-28,46.195076
2015-05-29,45.736153
2015-06-01,45.941040
2015-06-02,46.031174
2015-06-03,46.260624
2015-06-04,45.744354
2015-06-05,45.777145
2015-06-08,45.441151
2015-06-09,45.432941
2015-06-10,45.883675
2015-06-11,46.145908
2015-06-12,45.875481
2015-06-15,45.490322
2015-06-16,45.531300
2015-06-17,45.654213
2015-06-18,46.113129
2015-06-19,45.889133
2015-06-22,46.169125
2015-06-23,46.053833
2015-06-24,45.625576
2015-06-25,45.271442
2015-06-26,45.353790
2015-06-29,44.497307
2015-06-30,44.522011
2015-07-01,44.744370
2015-07-02,44.662014
2015-07-06,44.489059
2015-07-07,44.851429
2015-07-08,44.044331
2015-07-09,44.151398
2015-07-10,44.612598
2015-07-13,45.106731
2015-07-14,45.230263
2015-07-15,45.040844
2015-07-16,45.246742
2015-07-17,45.230263
2015-07-20,45.238491
2015-07-21,44.752605
2015-07-22,44.554943
2015-07-23,44.143162
2015-07-24,43.566673
2015-07-27,43.352543
2015-07-28,44.192566
2015-07-29,44.736130
2015-07-30,44.694958
2015-07-31,44.653782
2015-08-03,44.439632
2015-08-04,44.414940
2015-08-05,44.662014
2015-08-06,44.431416
2015-08-07,44.217285
2015-08-10,45.082035
2015-08-11,44.530239
2015-08-12,44.538467
2015-08-13,44.505516
2015-08-14,44.785549
2015-08-17,45.007912
2015-08-18,44.925549
2015-08-19,44.505516
2015-08-20,43.583141
2015-08-21,42.380733
2015-08-24,40.873604
2015-08-25,40.338287
2015-08-26,41.598347
2015-08-27,42.603100
2015-08-28,42.619560
2015-08-31,42.240730
2015-09-01,41.120674
2015-09-02,42.034828
2015-09-03,42.059544
2015-09-04,41.474804
2015-09-08,42.619560
2015-09-09,42.166607
2015-09-10,42.191311
2015-09-11,42.421898
2015-09-14,42.207783
2015-09-15,42.940746
2015-09-16,43.253708
2015-09-17,43.064289
2015-09-18,42.112919
2015-09-21,42.319912
2015-09-22,41.707176
2015-09-23,41.417377
2015-09-24,41.160679
2015-09-25,41.243488
2015-09-28,40.432041
2015-09-29,40.696983
2015-09-30,41.309734
2015-10-01,41.218628
2015-10-02,41.740288
2015-10-05,42.924355
2015-10-06,42.882946
2015-10-07,43.446003
2015-10-08,44.050457
2015-10-09,44.199501
2015-10-12,44.207775
2015-10-13,43.735813
2015-10-14,43.263840
2015-10-15,43.735813
2015-10-16,43.512249
2015-10-19,43.570198
2015-10-20,43.860001
2015-10-21,43.868290
2015-10-22,45.093754
2015-10-23,45.259350
2015-10-26,45.160000
2015-10-27,44.663200
2015-10-28,45.019238
2015-10-29,44.994408
2015-10-30,44.936432
2015-11-02,45.458084
2015-11-03,45.491207
2015-11-04,45.367004
2015-11-05,45.424961
2015-11-06,45.424961
2015-11-09,45.077194
2015-11-10,45.068916
2015-11-11,45.126877
2015-11-12,44.514145
2015-11-13,44.315434
2015-11-16,44.886753
2015-11-17,44.795666
2015-11-18,45.416679
2015-11-19,45.615406
2015-11-20,45.847256
2015-11-23,45.615406
2015-11-24,45.540882
2015-11-25,45.540882
2015-11-27,45.623692
2015-11-30,45.325603
2015-12-01,45.540882
2015-12-02,45.077194
2015-12-03,44.514145
2015-12-04,45.176559
2015-12-07,44.952988
2015-12-08,44.232613
2015-12-09,44.100143
2015-12-10,44.307140
2015-12-11,43.561924
2015-12-14,43.719254
2015-12-15,43.727539
2015-12-16,44.505871
2015-12-17,43.768936
2015-12-18,43.101662
2015-12-21,43.434872
2015-12-22,44.034672
2015-12-23,44.551151
2015-12-24,44.534504
2015-12-28,44.434532
2015-12-29,44.859386
2015-12-30,44.484512
2015-12-31,44.159622
2016-01-04,43.568165
2016-01-05,43.684795
2016-01-06,43.010033
2016-01-07,41.843765
2016-01-08,41.418919
2016-01-11,41.443913
2016-01-12,41.777130
2016-01-13,40.769138
2016-01-14,41.252308
2016-01-15,40.527554
2016-01-19,40.519218
2016-01-20,39.994419
2016-01-21,40.169357
2016-01-22,40.519218
2016-01-25,40.019413
2016-01-26,40.777466
2016-01-27,40.319305
2016-01-28,40.552555
2016-01-29,41.643841
2016-02-01,41.543865
2016-02-02,40.710815
2016-02-03,41.368942
2016-02-04,42.085346
2016-02-05,41.685497
2016-02-08,41.335609
2016-02-09,41.585522
2016-02-10,41.368942
2016-02-11,40.560883
2016-02-12,41.377262
2016-02-16,42.210312
2016-02-17,42.860081
2016-02-18,42.835087
2016-02-19,42.751785
2016-02-22,43.476524
2016-02-23,43.043350
2016-02-24,43.068344
2016-02-25,43.634811
2016-02-26,43.693119
2016-02-29,43.418221
2016-03-01,44.267937
2016-03-02,44.301250
2016-03-03,44.617817
2016-03-04,44.801071
2016-03-07,44.934372
2016-03-08,44.301250
2016-03-09,44.442871
2016-03-10,44.376221
2016-03-11,45.017651
2016-03-14,45.059319
2016-03-15,45.034325
2016-03-16,45.192608
2016-03-17,46.183926
2016-03-18,46.579987
2016-03-21,46.856289
2016-03-22,46.588348
2016-03-23,46.286911
2016-03-24,46.152931
2016-03-28,46.169682
2016-03-29,46.471119
2016-03-30,46.554848
2016-03-31,46.446014
2016-04-01,46.663704
2016-04-04,46.136192
2016-04-05,45.851509
2016-04-06,46.077587
2016-04-07,45.633801
2016-04-08,45.809643
2016-04-11,45.826385
2016-04-12,46.094326
2016-04-13,46.780933
2016-04-14,46.864677
2016-04-15,46.931644
2016-04-18,46.973511
2016-04-19,47.308445
2016-04-20,47.233078
2016-04-21,47.115856
2016-04-22,47.233078
2016-04-25,47.007000
2016-04-26,47.425667
2016-04-27,47.760586
2016-04-28,47.300079
2016-04-29,47.023758
2016-05-02,47.266586
2016-05-03,46.881416
2016-05-04,46.303658
2016-05-05,46.278549
2016-05-06,46.588348
2016-05-09,46.379017
2016-05-10,47.174469
2016-05-11,46.780933
2016-05-12,46.680458
2016-05-13,46.094326
2016-05-16,46.663704
2016-05-17,46.437622
2016-05-18,46.278549
2016-05-19,45.843132
2016-05-20,46.077587
2016-05-23,45.993851
2016-05-24,46.471119
2016-05-25,46.789299
2016-05-26,46.655327
2016-05-27,46.831169
2016-05-31,46.822803
2016-06-01,46.864677
2016-06-02,46.923279
2016-06-03,46.881416
2016-06-06,47.325191
2016-06-07,47.551258
2016-06-08,47.852699
2016-06-09,47.844326
2016-06-10,47.283321
2016-06-13,46.772568
2016-06-14,46.780933
2016-06-15,46.797672
2016-06-16,46.881416
2016-06-17,46.920975
2016-06-20,47.350372
2016-06-21,47.316692
2016-06-22,47.181992
2016-06-23,47.729229
2016-06-24,45.784374
2016-06-27,44.706692
2016-06-28,45.464439
2016-06-29,46.272697
2016-06-30,47.156727
2016-07-01,47.308273
2016-07-05,46.878880
2016-07-06,47.114624
2016-07-07,47.240929
2016-07-08,48.183872
2016-07-11,48.486984
2016-07-12,48.933189
2016-07-13,49.051075
2016-07-14,49.421516
2016-07-15,49.413113
2016-07-18,49.371014
2016-07-19,49.396267
2016-07-20,49.488880
2016-07-21,48.983723
2016-07-22,49.076336
2016-07-25,48.815331
2016-07-26,49.219463
2016-07-27,49.025810
2016-07-28,49.008972
2016-07-29,48.865837
2016-08-01,48.806919
2016-08-02,48.352268
2016-08-03,48.588001
2016-08-04,48.604851
2016-08-05,49.093174
2016-08-08,49.160530
2016-08-09,49.143684
2016-08-10,49.118443
2016-08-11,49.438358
2016-08-12,49.303650
2016-08-15,49.632015
2016-08-16,49.413113
2016-08-17,49.556232
2016-08-18,49.707771
2016-08-19,49.690956
2016-08-22,49.648857
2016-08-23,49.690956
2016-08-24,49.539394
2016-08-25,49.530983
2016-08-26,49.387836
2016-08-29,49.741459
2016-08-30,49.606747
2016-08-31,49.328918
2016-09-01,49.371014
2016-09-02,49.615173
2016-09-06,49.472050
2016-09-07,49.530983
2016-09-08,49.488880
2016-09-09,48.091267
2016-09-12,48.705879
2016-09-13,47.990234
2016-09-14,47.948135
2016-09-15,48.327011
2016-09-16,47.922363
2016-09-19,48.134003
2016-09-20,48.176319
2016-09-21,48.802776
2016-09-22,49.149849
2016-09-23,48.862015
2016-09-26,48.650394
2016-09-27,48.989002
2016-09-28,49.369946
2016-09-29,48.980537
2016-09-30,49.420734
2016-10-03,49.463066
2016-10-04,49.048264
2016-10-05,49.361485
2016-10-06,49.361485
2016-10-07,48.726570
2016-10-10,48.777363
2016-10-11,48.269459
2016-10-12,48.362564
2016-10-13,48.345642
2016-10-14,48.447216
2016-10-17,48.320232
2016-10-18,48.421822
2016-10-19,48.574196
2016-10-20,48.311768
2016-10-21,48.244045
2016-10-24,48.337170
2016-10-25,48.210194
2016-10-26,48.379490
2016-10-27,48.049335
2016-10-28,48.337170
2016-10-31,48.430283
2016-11-01,48.015491
2016-11-02,47.837715
2016-11-03,47.761513
2016-11-04,47.803852
2016-11-07,48.980537
2016-11-08,49.276821
2016-11-09,50.512764
2016-11-10,51.587856
2016-11-11,51.680988
2016-11-14,51.901081
2016-11-15,52.095791
2016-11-16,51.799500
2016-11-17,51.909542
2016-11-18,51.892616
2016-11-21,52.171978
2016-11-22,52.408997
2016-11-23,52.798409
2016-11-25,53.086220
2016-11-28,52.722218
2016-11-29,52.764561
2016-11-30,52.832268
2016-12-01,53.179356
2016-12-02,53.170895
2016-12-05,53.128551
2016-12-06,53.230148
2016-12-07,54.220596
2016-12-08,53.915840
2016-12-09,54.161339
2016-12-12,53.966629
2016-12-13,53.890442
2016-12-14,53.348656
2016-12-15,53.407909
2016-12-16,53.300594
2016-12-19,53.598713
2016-12-20,53.905319
2016-12-21,53.700901
2016-12-22,53.598713
2016-12-23,53.649792
2016-12-27,53.760529
2016-12-28,53.198395
2016-12-29,53.181355
2016-12-30,52.993984
2017-01-03,53.309120
2017-01-04,53.624249
2017-01-05,53.470943
2017-01-06,53.777561
2017-01-09,53.360226
2017-01-10,53.581661
2017-01-11,53.862728
2017-01-12,53.641281
2017-01-13,53.845711
2017-01-17,53.428364
2017-01-18,53.632767
2017-01-19,54.024563
2017-01-20,54.033085
2017-01-23,53.734966
2017-01-24,54.271564
2017-01-25,54.842213
2017-01-26,54.969967
2017-01-27,54.927376
2017-01-30,54.458939
2017-01-31,53.981968
2017-02-01,53.888287
2017-02-02,53.786079
2017-02-03,54.186390
2017-02-06,54.263031
2017-02-07,54.356731
2017-02-08,54.280060
2017-02-09,54.697414
2017-02-10,55.131794
2017-02-13,55.685410
2017-02-14,55.710983
2017-02-15,56.009075
2017-02-16,56.026093
2017-02-17,56.119793
2017-02-21,56.400856
2017-02-22,56.247551
2017-02-23,55.881302
2017-02-24,56.119793
2017-02-27,56.324196
2017-02-28,56.094238
2017-03-01,57.039635
2017-03-02,56.426407
2017-03-03,56.486023
2017-03-06,56.349762
2017-03-07,56.187923
2017-03-08,55.992035
2017-03-09,55.736519
2017-03-10,56.077206
2017-03-13,56.043129
2017-03-14,55.515068
2017-03-15,56.145348
2017-03-16,55.889835
2017-03-17,56.195274
2017-03-20,56.092598
2017-03-21,55.236996
2017-03-22,55.433784
2017-03-23,55.356792
2017-03-24,55.211338
2017-03-27,55.014572
2017-03-28,55.596359
2017-03-29,55.587795
2017-03-30,55.895817
2017-03-31,55.664795
2017-04-03,55.545013
2017-04-04,55.690472
2017-04-05,55.510792
2017-04-06,55.664795
2017-04-07,55.724686
2017-04-10,55.861588
2017-04-11,55.938587
2017-04-12,55.168560
2017-04-13,54.774982
2017-04-17,55.373913
2017-04-18,55.194233
2017-04-19,55.245564
2017-04-20,55.912930
2017-04-21,55.964268
2017-04-24,56.759972
2017-04-25,57.033752
2017-04-26,57.042313
2017-04-27,57.025200
2017-04-28,56.759972
2017-05-01,56.588844
2017-05-02,56.862637
2017-05-03,56.905415
2017-05-04,56.965305
2017-05-05,57.256207
2017-05-08,57.102196
2017-05-09,57.179207
2017-05-10,57.059429
2017-05-11,57.042313
2017-05-12,56.725739
2017-05-15,56.990990
2017-05-16,56.931087
2017-05-17,55.793152
2017-05-18,55.870155
2017-05-19,56.605953
2017-05-22,57.042313
2017-05-23,57.162083
2017-05-24,57.230534
2017-05-25,57.607002
2017-05-26,57.675449
2017-05-30,57.658333
2017-05-31,57.769566
2017-06-01,58.128914
2017-06-02,58.359921
2017-06-05,58.154575
2017-06-06,57.761024
2017-06-07,57.692562
2017-06-08,57.880795
2017-06-09,58.103237
2017-06-12,58.317142
2017-06-13,58.556717
2017-06-14,58.496815
2017-06-15,58.847603
2017-06-16,59.040169
2017-06-19,59.401196
2017-06-20,58.765083
2017-06-21,58.369640
2017-06-22,58.249313
2017-06-23,58.464214
2017-06-26,58.481400
2017-06-27,58.042973
2017-06-28,58.567356
2017-06-29,58.068783
2017-06-30,58.550179
2017-07-03,58.911228
2017-07-05,59.083141
2017-07-06,58.567356
2017-07-07,59.022964
2017-07-10,59.194897
2017-07-11,59.143330
2017-07-12,59.469994
2017-07-13,59.426994
2017-07-14,59.684895
2017-07-17,59.650513
2017-07-18,59.512978
2017-07-19,59.573147
2017-07-20,59.237896
2017-07-21,59.126122
2017-07-24,58.997181
2017-07-25,58.919830
2017-07-26,58.997181
2017-07-27,58.661911
2017-07-28,58.799480
2017-07-31,58.722088
2017-08-01,58.550179
2017-08-02,58.808071
2017-08-03,59.100357
2017-08-04,59.212086
2017-08-07,59.212086
2017-08-08,59.031559
2017-08-09,59.048748
2017-08-10,58.300873
2017-08-11,58.335258
2017-08-14,58.945591
2017-08-15,58.816666
2017-08-16,58.979992
2017-08-17,57.957008
2017-08-18,57.724918
2017-08-21,57.819489
2017-08-22,58.481400
2017-08-23,57.931236
2017-08-24,57.750717
2017-08-25,58.025787
2017-08-28,57.991405
2017-08-29,58.412621
2017-08-30,58.653336
2017-08-31,58.851059
2017-09-01,58.902626
2017-09-05,58.309467
2017-09-06,58.369640
2017-09-07,58.489990
2017-09-08,58.687721
2017-09-11,59.194897
2017-09-12,59.478592
2017-09-13,59.392624
2017-09-14,59.676300
2017-09-15,59.923279
2017-09-18,60.260094
2017-09-19,60.320522
2017-09-20,60.760944
2017-09-21,60.942314
2017-09-22,61.097733
2017-09-25,61.097733
2017-09-26,61.097733
2017-09-27,61.166828
2017-09-28,61.132290
2017-09-29,61.313637
2017-10-02,61.736786
2017-10-03,62.004486
2017-10-04,61.987232
2017-10-05,62.134041
2017-10-06,62.125397
2017-10-09,61.952671
2017-10-10,62.047657
2017-10-11,62.013142
2017-10-12,62.341278
2017-10-13,62.229023
2017-10-16,62.298088
2017-10-17,62.134041
2017-10-18,62.159931
2017-10-19,62.332638
2017-10-20,63.006226
2017-10-23,62.608997
2017-10-24,62.963078
2017-10-25,62.341278
2017-10-26,62.427643
2017-10-27,62.453560
2017-10-30,62.021767
2017-10-31,61.771339
2017-11-01,61.736786
2017-11-02,62.090839
2017-11-03,62.030411
2017-11-06,62.064941
2017-11-07,62.159931
2017-11-08,62.056313
2017-11-09,61.279087
2017-11-10,61.365459
2017-11-13,61.158211
2017-11-14,60.994110
2017-11-15,60.648712
2017-11-16,61.218628
2017-11-17,60.881840
2017-11-20,61.158211
2017-11-21,61.598618
2017-11-22,61.667679
2017-11-24,61.667679
2017-11-27,61.771339
2017-11-28,62.712601
2017-11-29,63.265312
2017-11-30,64.344780
2017-12-01,63.550259
2017-12-04,64.085693
2017-12-05,63.541668
2017-12-06,63.636623
2017-12-07,64.223892
2017-12-08,64.500229
2017-12-11,64.370674
2017-12-12,64.439758
2017-12-13,64.690224
2017-12-14,64.249794
2017-12-15,64.702995
2017-12-18,65.163200
2017-12-19,65.180557
2017-12-20,65.397636
2017-12-21,65.449707
2017-12-22,65.467087
2017-12-26,65.536537
2017-12-27,65.692833
2017-12-28,65.823059
2017-12-29,65.701515
2018-01-02,66.092224
2018-01-03,66.448204
2018-01-04,66.934448
2018-01-05,67.394653
2018-01-08,67.672485
2018-01-09,68.106613
2018-01-10,68.097939
2018-01-11,68.966171
2018-01-12,69.608696
2018-01-16,68.983543
2018-01-17,69.365570
2018-01-18,68.992256
2018-01-19,69.191948
2018-01-22,69.191948
2018-01-23,69.226677
2018-01-24,69.165894
2018-01-25,69.235359
2018-01-26,70.034157
2018-01-29,69.565300
2018-01-30,69.018288
2018-01-31,69.226677
2018-02-01,69.105110
2018-02-02,67.715874
2018-02-05,64.642242
2018-02-06,65.823059
2018-02-07,65.944633
2018-02-08,63.400604
2018-02-09,64.086555
2018-02-12,65.119781
2018-02-13,65.267387
2018-02-14,66.092224
2018-02-15,67.090729
2018-02-16,67.108093
2018-02-20,66.430855
2018-02-21,66.448204
2018-02-22,66.891045
2018-02-23,67.446732
2018-02-26,68.375763
2018-02-27,67.516190
2018-02-28,66.552422
2018-03-01,65.250031
2018-03-02,65.232666
2018-03-05,66.014084
2018-03-06,66.309296
2018-03-07,66.300629
2018-03-08,66.647896
2018-03-09,68.115280
2018-03-12,67.273079
2018-03-13,66.943138
2018-03-14,66.213799
2018-03-15,66.404808
2018-03-16,66.759628
2018-03-19,66.245255
2018-03-20,66.471947
2018-03-21,66.550407
2018-03-22,64.353554
2018-03-23,63.412067
2018-03-26,64.946358
2018-03-27,64.048416
2018-03-28,63.830494
2018-03-29,64.763275
2018-04-02,63.429466
2018-04-03,64.309967
2018-04-04,64.588913
2018-04-05,65.242744
2018-04-06,63.438206
2018-04-09,63.246422
2018-04-10,64.214081
2018-04-11,63.743328
2018-04-12,64.658669
2018-04-13,64.501762
2018-04-16,65.146851
2018-04-17,65.696045
2018-04-18,66.376053
2018-04-19,66.192978
2018-04-20,65.905312
2018-04-23,65.826828
2018-04-24,63.987396
2018-04-25,64.170486
2018-04-26,63.935101
2018-04-27,63.804352
2018-04-30,62.958736
2018-05-01,62.671051
2018-05-02,62.121834
2018-05-03,62.270050
2018-05-04,62.993591
2018-05-07,63.412067
2018-05-08,63.865360
2018-05-09,64.554070
2018-05-10,64.989937
2018-05-11,65.129410
2018-05-14,65.016098
2018-05-15,64.798157
2018-05-16,65.033516
2018-05-17,65.286346
2018-05-18,65.669930
2018-05-21,66.663719
2018-05-22,65.844238
2018-05-23,65.783241
2018-05-24,66.105789
2018-05-25,65.983772
2018-05-29,64.928917
2018-05-30,65.844238
2018-05-31,64.894066
2018-06-01,65.608879
2018-06-04,65.513016
2018-06-05,65.591446
2018-06-06,66.140678
2018-06-07,66.419647
2018-06-08,66.637589
2018-06-11,66.768326
2018-06-12,66.698601
2018-06-13,66.166809
2018-06-14,65.914009
2018-06-15,65.749466
2018-06-18,65.478127
2018-06-19,64.095230
2018-06-20,64.138985
2018-06-21,63.333775
2018-06-22,63.552547
2018-06-25,62.747326
2018-06-26,62.983624
2018-06-27,62.476009
2018-06-28,62.563515
2018-06-29,62.694801
2018-07-02,62.834846
2018-07-03,62.633533
2018-07-05,62.939880
2018-07-06,63.158684
2018-07-09,64.331551
2018-07-10,64.532845
2018-07-11,63.473774
2018-07-12,64.217743
2018-07-13,64.550362
2018-07-16,64.287773
2018-07-17,64.541588
2018-07-18,65.250549
2018-07-19,65.224319
2018-07-20,65.154289
2018-07-23,64.751656
2018-07-24,65.022995
2018-07-25,66.012039
2018-07-26,66.519684
2018-07-27,66.528427
2018-07-30,65.871994
2018-07-31,67.324921
2018-08-01,66.414650
2018-08-02,66.327133
2018-08-03,66.388390
2018-08-06,66.484688
2018-08-07,66.957329
2018-08-08,66.659721
2018-08-09,66.292137
2018-08-10,65.705696
2018-08-13,65.390602
2018-08-14,65.845749
2018-08-15,65.530647
2018-08-16,66.362129
2018-08-17,66.764740
2018-08-20,67.211143
2018-08-21,67.710045
2018-08-22,67.053612
2018-08-23,66.861046
2018-08-24,67.149887
2018-08-27,67.998894
2018-08-28,67.858826
2018-08-29,67.911339
2018-08-30,67.438728
2018-08-31,67.482475
2018-09-04,67.429955
2018-09-05,67.911339
2018-09-06,68.121414
2018-09-07,67.911339
2018-09-10,68.261444
2018-09-11,68.243965
2018-09-12,68.454025
2018-09-13,68.865387
2018-09-14,69.206734
2018-09-17,69.232964
2018-09-18,69.863167
2018-09-19,69.801903
2018-09-20,69.906975
2018-09-21,70.358994
2018-09-24,69.154083
2018-09-25,68.943031
2018-09-26,68.899025
2018-09-27,68.995773
2018-09-28,68.951805
2018-10-01,69.558670
2018-10-02,69.716957
2018-10-03,70.007195
2018-10-04,69.778534
2018-10-05,69.417976
2018-10-08,69.593849
2018-10-09,68.520859
2018-10-10,66.313332
2018-10-11,64.563194
2018-10-12,64.994133
2018-10-15,65.117249
2018-10-16,66.216599
2018-10-17,65.732880
2018-10-18,64.598351
2018-10-19,64.360878
2018-10-22,64.140984
2018-10-23,63.085625
2018-10-24,60.948490
2018-10-25,61.379433
2018-10-26,60.772564
2018-10-29,59.761162
2018-10-30,60.992458
2018-10-31,61.458569
2018-11-01,62.540356
2018-11-02,62.434814
2018-11-05,62.760216
2018-11-06,63.419827
2018-11-07,64.448845
2018-11-08,64.343307
2018-11-09,63.692490
2018-11-12,62.434814
2018-11-13,62.716248
2018-11-14,62.505173
2018-11-15,63.331905
2018-11-16,63.314323
2018-11-19,62.311668
2018-11-20,61.018845
2018-11-21,61.449802
2018-11-23,61.326672
2018-11-26,61.775215
2018-11-27,61.669662
2018-11-28,63.147179
2018-11-29,63.182388
2018-11-30,63.798031
2018-12-03,64.536789
2018-12-04,61.792793
2018-12-06,61.449802
2018-12-07,59.831535
2018-12-10,59.981030
2018-12-11,59.629257
2018-12-12,59.963455
2018-12-13,59.796364
2018-12-14,58.969643
2018-12-17,58.002193
2018-12-18,58.292446
2018-12-19,57.193066
2018-12-20,56.146481
2018-12-21,55.086346
2018-12-24,53.396149
2018-12-26,55.882778
2018-12-27,56.581867
2018-12-28,56.431427
2018-12-31,56.997772
2019-01-02,57.289806
2019-01-03,55.546513
2019-01-04,57.652611
2019-01-07,58.121613
2019-01-08,58.918049
2019-01-09,59.316261
2019-01-10,60.121536
2019-01-11,60.059605
2019-01-14,60.050751
2019-01-15,59.864922
2019-01-16,59.926865
2019-01-17,60.953362
2019-01-18,62.112610
2019-01-22,60.829479
2019-01-23,60.917976
2019-01-24,61.227707
2019-01-25,62.006413
2019-01-28,61.413551
2019-01-29,62.263046
2019-01-30,63.236450
2019-01-31,63.510803
2019-02-01,63.608131
2019-02-04,64.431122
2019-02-05,64.988617
2019-02-06,65.006332
2019-02-07,64.563850
2019-02-08,64.661217
2019-02-11,65.006332
2019-02-12,66.015129
2019-02-13,66.404480
2019-02-14,66.094772
2019-02-15,66.979675
2019-02-19,66.953133
2019-02-20,67.271713
2019-02-21,66.997391
2019-02-22,67.439842
2019-02-25,67.705322
2019-02-26,67.519493
2019-02-27,67.784943
2019-02-28,67.554878
2019-03-01,67.616837
2019-03-04,67.315964
2019-03-05,66.882355
2019-03-06,66.254059
2019-03-07,65.855827
2019-03-08,65.723099
2019-03-11,66.280609
2019-03-12,65.731956
2019-03-13,66.307137
2019-03-14,66.085915
2019-03-15,65.852715
2019-03-18,66.493538
2019-03-19,66.253242
2019-03-20,65.799339
2019-03-21,66.431244
2019-03-22,64.927124
2019-03-25,65.078430
2019-03-26,65.514519
2019-03-27,65.585716
2019-03-28,66.066322
2019-03-29,66.778336
2019-04-01,68.157867
2019-04-02,68.131180
2019-04-03,67.926476
2019-04-04,68.344788
2019-04-05,68.540596
2019-04-08,68.246887
2019-04-09,67.321266
2019-04-10,67.303444
2019-04-11,67.881996
2019-04-12,68.780899
2019-04-15,68.398186
2019-04-16,68.816490
2019-04-17,68.905495
2019-04-18,69.697624
2019-04-22,69.484001
2019-04-23,70.089226
2019-04-24,69.884537
2019-04-25,68.478294
2019-04-26,68.994499
2019-04-29,69.154701
2019-04-30,69.430603
2019-05-01,68.976723
2019-05-02,68.941116
2019-05-03,69.777718
2019-05-06,69.110222
2019-05-07,67.712868
2019-05-08,67.712868
2019-05-09,67.614983
2019-05-10,67.881996
2019-05-13,65.950645
2019-05-14,66.635963
2019-05-15,66.724953
2019-05-16,67.339088
2019-05-17,66.591446
2019-05-20,66.422348
2019-05-21,67.205566
2019-05-22,66.653755
2019-05-23,65.639114
2019-05-24,65.665802
2019-05-28,65.060593
2019-05-29,64.766914
2019-05-30,65.016113
2019-05-31,64.126091
2019-06-03,64.562210
2019-06-04,66.101906
2019-06-05,66.742752
2019-06-06,66.858459
2019-06-07,67.392471
2019-06-10,67.481468
2019-06-11,66.902977
2019-06-12,67.045372
2019-06-13,67.383575
2019-06-14,67.116570
2019-06-17,66.885147
2019-06-18,68.184570
2019-06-19,68.131180
2019-06-20,69.270424
2019-06-21,68.901245
2019-06-24,68.767151
2019-06-25,68.248695
2019-06-26,68.418556
2019-06-27,68.481117
2019-06-28,69.205139
2019-07-01,69.267723
2019-07-02,69.178352
2019-07-03,69.562714
2019-07-05,69.285622
2019-07-08,68.713531
2019-07-09,68.561562
2019-07-10,68.400650
2019-07-11,68.865494
2019-07-12,70.072235
2019-07-15,69.786186
2019-07-16,70.233147
2019-07-17,68.731392
2019-07-18,68.856537
2019-07-19,69.231979
2019-07-22,69.285622
2019-07-23,70.161621
2019-07-24,70.465546
2019-07-25,70.322517
2019-07-26,70.170547
2019-07-29,70.045410
2019-07-30,70.349342
2019-07-31,69.562714
2019-08-01,68.212929
2019-08-02,67.774925
2019-08-05,65.897766
2019-08-06,66.889984
2019-08-07,66.854233
2019-08-08,67.989464
2019-08-09,67.417374
2019-08-12,66.487740
2019-08-13,67.283279
2019-08-14,65.227348
2019-08-15,65.155830
2019-08-16,66.416214
2019-08-19,67.041954
2019-08-20,66.648628
2019-08-21,67.059784
2019-08-22,67.158157
2019-08-23,65.361427
2019-08-26,65.844131
2019-08-27,65.504448
2019-08-28,66.308937
2019-08-29,67.444183
2019-08-30,67.721306
2019-09-03,66.800606
2019-09-04,67.649788
2019-09-05,68.865494
2019-09-06,69.008499
2019-09-09,69.214104
2019-09-10,69.848778
2019-09-11,70.501282
2019-09-12,70.545982
2019-09-13,70.930359
2019-09-16,70.867813
2019-09-17,70.832039
2019-09-18,70.724777
2019-09-19,70.367226
2019-09-20,69.922386
2019-09-23,69.787605
2019-09-24,69.392197
2019-09-25,69.841507
2019-09-26,69.940399
2019-09-27,69.661789
2019-09-30,69.760635
2019-10-01,68.089180
2019-10-02,66.804153
2019-10-03,67.244484
2019-10-04,67.945435
2019-10-07,67.603951
2019-10-08,66.561516
2019-10-09,67.127647
2019-10-10,67.738731
2019-10-11,69.014778
2019-10-14,68.879997
2019-10-15,69.437141
2019-10-16,69.401199
2019-10-17,69.742683
2019-10-18,69.140602
2019-10-21,69.553947
2019-10-22,70.102127
2019-10-23,70.093140
2019-10-24,70.191994
2019-10-25,70.632309
2019-10-28,70.830009
2019-10-29,71.063652
2019-10-30,71.315262
2019-10-31,70.551453
2019-11-01,72.088120
2019-11-04,72.923820
2019-11-05,73.076591
2019-11-06,73.121529
2019-11-07,73.373131
2019-11-08,73.472000
2019-11-11,73.507942
2019-11-12,73.498947
2019-11-13,73.193428
2019-11-14,73.427063
2019-11-15,73.966255
2019-11-18,73.687675
2019-11-19,73.624756
2019-11-20,73.040649
2019-11-21,73.013687
2019-11-22,73.391113
2019-11-25,73.921318
2019-11-26,74.136963
2019-11-27,74.065056
2019-11-29,73.723595
2019-12-02,72.510452
2019-12-03,71.719658
2019-12-04,71.998238
2019-12-05,72.016205
2019-12-06,72.887871
2019-12-09,72.609322
2019-12-10,72.519440
2019-12-11,72.977745
2019-12-12,73.624756
2019-12-13,73.427063
2019-12-16,73.391113
2019-12-17,73.319221
2019-12-18,73.013687
2019-12-19,73.211388
2019-12-20,73.548241
2019-12-23,74.153320
2019-12-24,73.855301
2019-12-26,74.026886
2019-12-27,73.963684
2019-12-30,73.620491
2019-12-31,73.575348
2020-01-02,74.966125
2020-01-03,74.821594
2020-01-06,74.848709
2020-01-07,74.695175
2020-01-08,74.948059
2020-01-09,75.264114
2020-01-10,74.731323
2020-01-13,75.345375
2020-01-14,75.354424
2020-01-15,75.471832
2020-01-16,76.221405
2020-01-17,76.230461
2020-01-21,75.390564
2020-01-22,74.993195
2020-01-23,75.805984
2020-01-24,75.453781
2020-01-27,74.026886
2020-01-28,74.505516
2020-01-29,74.902893
2020-01-30,74.984184
2020-01-31,73.250214
2020-02-03,73.223129
2020-02-04,74.604843
2020-02-05,75.851143
2020-02-06,76.094971
2020-02-07,75.544090
2020-02-10,75.968521
2020-02-11,76.257545
2020-02-12,76.970970
2020-02-13,76.537483
2020-02-14,76.438156
2020-02-18,76.004684
2020-02-19,75.977547
2020-02-20,75.869202
2020-02-21,75.489891
2020-02-24,73.340530
2020-02-25,70.351280
2020-02-26,69.818443
2020-02-27,67.226570
2020-02-28,65.998344
2020-03-02,68.319305
2020-03-03,66.648575
2020-03-04,69.403023
2020-03-05,66.007370
2020-03-06,65.429375
2020-03-09,59.396698
2020-03-10,62.476254
2020-03-11,58.809692
2020-03-12,52.722832
2020-03-13,56.840935
2020-03-16,50.392830
2020-03-17,52.713779
2020-03-18,48.830467
2020-03-19,48.866596
2020-03-20,46.419205
2020-03-23,44.386017
2020-03-24,50.001373
2020-03-25,52.631599
2020-03-26,55.953503
2020-03-27,53.596313
2020-03-30,54.379005
2020-03-31,53.705528
2020-04-01,51.284645
2020-04-02,51.967220
2020-04-03,51.275536
2020-04-06,54.824963
2020-04-07,54.697548
2020-04-08,56.681583
2020-04-09,57.537083
2020-04-13,55.853382
2020-04-14,56.918209
2020-04-15,55.343723
2020-04-16,54.852287
2020-04-17,57.427876
2020-04-20,55.898888
2020-04-21,54.579235
2020-04-22,55.152599
2020-04-23,55.589462
2020-04-24,56.035412
2020-04-27,57.427876
2020-04-28,58.501804
2020-04-29,59.621227
2020-04-30,58.438084
2020-05-01,56.672489
2020-05-04,55.953503
2020-05-05,56.171928
2020-05-06,55.398331
2020-05-07,56.044514
2020-05-08,57.436989
2020-05-11,56.718002
2020-05-12,55.125294
2020-05-13,53.741928
2020-05-14,54.306198
2020-05-15,54.115078
2020-05-18,57.682705
2020-05-19,56.945515
2020-05-20,58.010342
2020-05-21,58.146858
2020-05-22,58.101360
2020-05-26,60.540459
2020-05-27,62.560871
2020-05-28,61.969322
2020-05-29,61.587063
2020-06-01,61.723602
2020-06-02,62.524479
2020-06-03,64.963577
2020-06-04,65.655258
2020-06-05,68.067055
2020-06-08,69.432213
2020-06-09,67.702988
2020-06-10,66.083008
2020-06-11,61.441463
2020-06-12,62.633709
2020-06-15,63.252560
2020-06-16,64.490341
2020-06-17,64.026161
2020-06-18,63.789536
2020-06-19,63.006836
2020-06-22,63.112885
2020-06-23,63.122032
2020-06-24,60.928062
2020-06-25,61.604519
2020-06-26,60.461861
2020-06-29,62.445560
2020-06-30,62.802055
2020-07-01,62.518681
2020-07-02,63.058029
2020-07-06,63.963039
2020-07-07,62.738064
2020-07-08,62.738064
2020-07-09,61.376007
2020-07-10,62.171322
2020-07-13,62.427280
2020-07-14,63.780205
2020-07-15,65.407387
2020-07-16,65.425690
2020-07-17,65.818764
2020-07-20,65.014320
2020-07-21,65.873604
2020-07-22,66.403809
2020-07-23,66.202698
2020-07-24,65.672501
2020-07-27,65.946732
2020-07-28,65.489677
2020-07-29,66.486107
2020-07-30,65.818764
2020-07-31,65.571945
2020-08-03,65.846207
2020-08-04,66.010735
2020-08-05,67.272255
2020-08-06,67.528221
2020-08-07,68.680054
2020-08-10,70.371246
2020-08-11,70.746017
2020-08-12,70.974579
2020-08-13,70.599754
2020-08-14,70.874016
2020-08-17,70.544914
2020-08-18,70.160980
2020-08-19,69.978142
2020-08-20,69.603348
2020-08-21,69.886742
2020-08-24,71.148262
2020-08-25,71.056854
2020-08-26,71.093414
2020-08-27,71.349373
2020-08-28,72.025841
2020-08-31,71.129974
2020-09-01,71.852150
2020-09-02,73.040565
2020-09-03,70.992851
2020-09-04,71.157402
2020-09-08,69.822739
2020-09-09,70.901436
2020-09-10,69.996429
2020-09-11,70.947128
2020-09-14,71.907005
2020-09-15,71.952721
2020-09-16,72.684036
2020-09-17,72.830299
2020-09-18,72.016701
2020-09-21,69.626091
2020-09-22,70.314362
2020-09-23,69.057114
2020-09-24,69.158058
2020-09-25,70.195061
2020-09-28,71.461487
2020-09-29,70.828278
2020-09-30,70.644768
2020-10-01,70.433670
2020-10-02,71.222870
2020-10-05,72.370018
2020-10-06,71.489044
2020-10-07,73.067482
2020-10-08,73.792458
2020-10-09,74.067772
2020-10-12,74.489906
2020-10-13,73.663994
2020-10-14,74.076942
2020-10-15,74.343079
2020-10-16,74.884506
2020-10-19,73.957626
2020-10-20,74.343079
2020-10-21,73.590569
2020-10-22,74.196228
2020-10-23,74.489906
2020-10-26,72.626984
2020-10-27,71.039352
2020-10-28,68.708412
2020-10-29,69.708687
2020-10-30,69.626091
2020-11-02,71.507370
2020-11-03,73.618095
2020-11-04,72.856407
2020-11-05,74.572517
2020-11-06,74.645912
2020-11-09,77.187958
2020-11-10,78.546165
2020-11-11,77.885414
2020-11-12,76.995239
2020-11-13,78.702164
2020-11-16,80.620163
2020-11-17,80.409096
2020-11-18,80.051186
2020-11-19,80.253067
2020-11-20,79.528091
2020-11-23,80.858765
2020-11-24,82.272018
2020-11-25,81.647995
2020-11-27,81.510330
2020-11-30,80.785355
2020-12-01,80.583458
2020-12-02,80.693581
2020-12-03,80.904655
2020-12-04,81.868233
2020-12-07,81.473625
2020-12-08,81.868233
2020-12-09,82.051788
2020-12-10,81.271721
2020-12-11,81.464439
2020-12-14,80.409096
2020-12-15,81.528687
2020-12-16,81.023949
2020-12-17,81.519516
2020-12-18,81.528687
2020-12-21,81.036613
2020-12-22,80.658791
2020-12-23,81.082680
2020-12-24,81.091904
2020-12-28,81.193260
2020-12-29,80.704880
2020-12-30,81.220909
2020-12-31,81.598717
2021-01-04,79.626740
2021-01-05,80.409988
2021-01-06,82.326706
2021-01-07,82.778229
2021-01-08,82.575516
2021-01-11,82.547867
2021-01-12,83.368011
2021-01-13,82.649231
2021-01-14,82.934898
2021-01-15,81.856766
2021-01-19,82.123993
2021-01-20,82.630791
2021-01-21,81.985756
2021-01-22,81.561867
2021-01-25,81.008980
2021-01-26,80.262535
2021-01-27,78.668350
2021-01-28,79.838669
2021-01-29,78.115456
2021-02-01,78.926369
2021-02-02,80.603493
2021-02-03,80.658791
2021-02-04,81.524994
2021-02-05,82.004173
2021-02-08,82.704514
2021-02-09,82.916466
2021-02-10,82.787453
2021-02-11,82.612350
2021-02-12,83.211342
2021-02-16,83.128418
2021-02-17,82.898041
2021-02-18,82.483376
2021-02-19,83.837967
2021-02-22,84.105194
2021-02-23,84.363228
2021-02-24,85.957390
2021-02-25,84.372444
2021-02-26,83.497017
2021-03-01,85.634880
2021-03-02,85.386093
2021-03-03,85.478226
2021-03-04,84.114410
2021-03-05,86.104851
2021-03-08,87.007919
2021-03-09,86.648544
2021-03-10,87.929420
2021-03-11,87.993904
2021-03-12,89.173431
2021-03-15,89.919853
2021-03-16,88.638969
2021-03-17,89.661835
2021-03-18,89.578896
2021-03-19,88.897003
2021-03-22,88.847069
2021-03-23,87.294197
2021-03-24,87.931976
2021-03-25,89.336990
2021-03-26,90.880623
2021-03-29,90.899086
2021-03-30,91.296570
2021-03-31,91.000763
2021-04-01,91.305824
2021-04-05,92.433510
2021-04-06,92.211662
2021-04-07,91.786461
2021-04-08,92.008301
2021-04-09,92.904915
2021-04-12,93.246902
2021-04-13,92.793999
2021-04-14,92.914146
2021-04-15,93.283882
2021-04-16,93.487236
2021-04-19,93.099014
2021-04-20,92.073006
2021-04-21,93.330109
2021-04-22,92.858704
2021-04-23,93.875458
2021-04-26,93.598167
2021-04-27,94.374619
2021-04-28,94.180489
2021-04-29,94.846001
2021-04-30,94.217476
2021-05-03,95.188004
2021-05-04,95.603989
2021-05-05,95.696388
2021-05-06,96.361916
2021-05-07,97.378670
2021-05-10,97.471123
2021-05-11,96.029160
2021-05-12,93.727570
2021-05-13,95.483818
2021-05-14,96.805611
2021-05-17,96.509834
2021-05-18,95.104820
2021-05-19,94.568703
2021-05-20,94.781319
2021-05-21,95.243477
2021-05-24,95.835075
2021-05-25,95.548515
2021-05-26,95.853539
2021-05-27,97.166100
2021-05-28,97.166100
2021-06-01,97.545090
2021-06-02,97.267776
2021-06-03,97.055183
2021-06-04,97.369453
2021-06-07,96.694687
2021-06-08,96.944237
2021-06-09,95.955208
2021-06-10,95.483818
2021-06-11,95.677902
2021-06-14,95.243477
2021-06-15,95.650200
2021-06-16,94.744331
2021-06-17,93.283882
2021-06-18,92.073006
2021-06-21,94.098129
2021-06-22,94.200150
2021-06-23,93.986862
2021-06-24,94.719398
2021-06-25,94.904861
2021-06-28,94.404129
2021-06-29,94.218689
2021-06-30,94.951218
2021-07-01,95.628113
2021-07-02,95.776474
2021-07-06,94.858505
2021-07-07,95.804306
2021-07-08,94.469040
2021-07-09,95.961922
2021-07-12,96.091743
2021-07-13,95.164482
2021-07-14,95.155220
2021-07-15,95.340668
2021-07-16,94.496872
2021-07-19,92.521782
2021-07-20,95.108849
2021-07-21,96.017570
2021-07-22,95.665215
2021-07-23,96.073196
2021-07-26,96.026840
2021-07-27,95.498299
2021-07-28,95.275772
2021-07-29,96.026840
2021-07-30,95.841377
2021-08-02,95.183037
2021-08-03,96.425545
2021-08-04,95.118126
2021-08-05,95.563210
2021-08-06,96.008301
2021-08-09,95.628113
2021-08-10,96.601715
2021-08-11,97.853546
2021-08-12,97.668098
2021-08-13,97.362091
2021-08-16,97.695892
2021-08-17,96.638817
2021-08-18,95.581764
2021-08-19,94.914146
2021-08-20,95.164482
2021-08-23,95.943382
2021-08-24,96.425545
2021-08-25,97.046814
2021-08-26,96.620277
2021-08-27,97.287903
2021-08-30,97.176659
2021-08-31,96.907722
2021-09-01,96.536819
2021-09-02,97.575371
2021-09-03,96.981895
2021-09-07,95.303581
2021-09-08,95.433395
2021-09-09,94.969780
2021-09-10,94.543236
2021-09-13,94.793587
2021-09-14,93.653069
2021-09-15,94.682312
2021-09-16,94.033226
2021-09-17,93.031792
2021-09-20,91.964798
2021-09-21,91.481056
2021-09-22,92.206665
2021-09-23,93.620659
2021-09-24,93.815987
2021-09-27,93.909012
2021-09-28,92.820618
2021-09-29,92.922958
2021-09-30,91.015945
2021-10-01,92.262466
2021-10-04,91.760139
2021-10-05,92.783424
2021-10-06,93.192726
2021-10-07,93.918327
2021-10-08,93.909012
2021-10-11,93.155518
2021-10-12,92.848534
2021-10-13,93.043877
2021-10-14,94.802063
2021-10-15,95.713707
2021-10-18,95.778854
2021-10-19,96.346291
2021-10-20,96.950951
2021-10-21,97.146317
2021-10-22,97.490517
2021-10-25,97.713753
2021-10-26,97.109093
2021-10-27,95.974182
2021-10-28,97.174202
2021-10-29,97.202118
2021-11-01,97.471893
2021-11-02,97.797470
2021-11-03,97.583542
2021-11-04,97.974236
2021-11-05,98.969597
2021-11-08,99.378922
2021-11-09,99.630081
2021-11-10,99.071922
2021-11-11,98.662613
2021-11-12,99.444031
2021-11-15,99.630081
2021-11-16,99.648689
2021-11-17,99.053345
2021-11-18,98.848663
2021-11-19,98.355637
2021-11-22,98.625397
2021-11-23,98.792839
2021-11-24,98.681221
2021-11-26,96.011383
2021-11-29,96.178833
2021-11-30,93.741570
2021-12-01,92.439224
2021-12-02,95.183456
2021-12-03,95.071831
2021-12-06,96.681168
2021-12-07,97.667221
2021-12-08,97.909119
2021-12-09,97.602104
2021-12-10,98.002121
2021-12-13,96.988174
2021-12-14,96.067215
2021-12-15,96.904434
2021-12-16,96.950951
2021-12-17,95.295090
2021-12-20,93.768394
2021-12-21,95.635925
2021-12-22,95.906708
2021-12-23,97.036568
2021-12-27,98.063698
2021-12-28,98.558601
2021-12-29,98.736015
2021-12-30,98.381187
2021-12-31,98.801353
2022-01-03,97.989006
2022-01-04,99.959236
2022-01-05,99.006805
2022-01-06,99.464355
2022-01-07,99.436340
2022-01-10,98.315811
2022-01-11,98.904091
2022-01-12,99.221565
2022-01-13,99.436340
2022-01-14,98.838715
2022-01-18,97.699539
2022-01-19,96.607025
2022-01-20,95.374474
2022-01-21,94.496742
2022-01-24,95.038315
2022-01-25,94.104553
2022-01-26,93.282845
2022-01-27,92.451797
2022-01-28,93.096085
2022-01-31,94.067215
2022-02-01,95.365128
2022-02-02,96.028084
2022-02-03,94.496742
2022-02-04,93.478912
2022-02-07,93.553627
2022-02-08,94.487404
2022-02-09,95.785332
2022-02-10,94.216621
2022-02-11,92.778625
2022-02-14,92.433121
2022-02-15,93.824432
2022-02-16,94.319321
2022-02-17,92.591866
2022-02-18,91.826164
2022-02-22,90.939087
2022-02-23,89.267662
2022-02-24,90.406860
2022-02-25,92.563835
2022-02-28,93.273499
2022-03-01,91.882210
2022-03-02,93.843094
2022-03-03,93.945801
2022-03-04,93.740402
2022-03-07,91.228569
2022-03-08,90.668312
2022-03-09,92.311714
2022-03-10,92.190331
2022-03-11,91.452667
2022-03-14,91.760811
2022-03-15,93.217476
2022-03-16,94.450043
2022-03-17,95.663925
2022-03-18,96.028084
2022-03-21,96.244530
2022-03-22,96.769165
2022-03-23,95.841660
2022-03-24,96.572426
2022-03-25,97.172012
2022-03-28,97.200134
2022-03-29,98.099525
2022-03-30,97.987083
2022-03-31,96.478722
2022-04-01,95.729233
2022-04-04,95.607468
2022-04-05,94.248978
2022-04-06,93.518234
2022-04-07,93.836769
2022-04-08,93.312119
2022-04-11,93.012306
2022-04-12,92.862427
2022-04-13,93.733711
2022-04-14,93.630638
2022-04-18,93.302757
2022-04-19,94.998482
2022-04-20,95.513763
2022-04-21,94.539421
2022-04-22,92.215981
2022-04-25,92.215981
2022-04-26,90.201721
2022-04-27,90.539001
2022-04-28,91.560173
2022-04-29,89.133667
2022-05-02,89.321053
2022-05-03,89.911301
2022-05-04,92.515778
2022-05-05,90.098671
2022-05-06,89.489693
2022-05-09,87.325516
2022-05-10,86.754028
2022-05-11,85.967056
2022-05-12,86.126335
2022-05-13,87.222473
2022-05-16,87.100677
2022-05-17,89.077469
2022-05-18,85.760963
2022-05-19,84.992729
2022-05-20,84.074593
2022-05-23,85.451782
2022-05-24,85.404961
2022-05-25,85.901489
2022-05-26,87.644066
2022-05-27,89.442841
2022-05-31,88.721443
2022-06-01,88.178085
2022-06-02,89.864441
2022-06-03,89.517799
2022-06-06,89.892540
2022-06-07,91.101105
2022-06-08,89.452217
2022-06-09,87.690903
2022-06-10,85.105156
2022-06-13,82.547501
2022-06-14,82.341385
2022-06-15,83.137718
2022-06-16,80.364594
2022-06-17,80.158470
2022-06-21,81.620781
2022-06-22,81.169098
2022-06-23,80.755058
2022-06-24,83.578011
2022-06-27,83.380402
2022-06-28,82.411194
2022-06-29,81.931297
2022-06-30,82.185371
2022-07-01,82.900513
2022-07-05,81.658401
2022-07-06,82.128899
2022-07-07,83.098122
2022-07-08,82.721718
2022-07-11,82.166557
2022-07-12,81.912491
2022-07-13,80.915024
2022-07-14,80.453941
2022-07-15,81.714874
2022-07-18,81.225548
2022-07-19,84.123779
2022-07-20,84.773071
2022-07-21,85.384689
2022-07-22,85.111824
2022-07-25,85.516441
2022-07-26,85.055351
2022-07-27,86.372742
2022-07-28,88.179405
2022-07-29,89.995522
2022-08-01,90.089600
2022-08-02,89.139214
2022-08-03,89.976692
2022-08-04,90.306030
2022-08-05,90.447174
2022-08-08,90.418961
2022-08-09,90.089600
2022-08-10,92.065674
2022-08-11,92.554977
2022-08-12,93.947632
2022-08-15,94.173485
2022-08-16,94.596924
2022-08-17,93.844124
2022-08-18,94.220505
2022-08-19,93.006645
2022-08-22,91.237595
2022-08-23,91.406982
2022-08-24,91.708092
2022-08-25,93.110161
2022-08-26,89.882591
2022-08-29,89.477974
2022-08-30,88.188828
2022-08-31,87.445457
2022-09-01,87.567780
2022-09-02,86.720901
2022-09-06,86.862045
2022-09-07,88.254677
2022-09-08,88.518166
2022-09-09,89.666153
2022-09-12,90.202507
2022-09-13,86.805580
2022-09-14,86.636215
2022-09-15,85.732857
2022-09-16,83.945007
2022-09-19,85.084297
2022-09-20,84.025375
2022-09-21,82.909691
2022-09-22,81.661674
2022-09-23,80.129959
2022-09-26,79.288490
2022-09-27,79.023750
2022-09-28,80.763435
2022-09-29,79.364120
2022-09-30,78.324081
2022-10-03,80.687798
2022-10-04,83.495895
2022-10-05,83.042061
2022-10-06,82.087120
2022-10-07,80.517609
2022-10-10,80.801254
2022-10-11,80.782333
2022-10-12,80.148872
2022-10-13,81.916946
2022-10-14,80.120514
2022-10-17,81.869637
2022-10-18,83.845726
2022-10-19,83.250061
2022-10-20,81.614365
2022-10-21,83.855171
2022-10-24,84.970856
2022-10-25,86.114891
2022-10-26,86.417427
2022-10-27,87.429131
2022-10-28,89.461922
2022-10-31,89.206619
2022-11-01,89.121521
2022-11-02,87.552032
2022-11-03,88.469154
2022-11-04,89.887383
2022-11-07,90.851776
2022-11-08,91.645981
2022-11-09,90.369576
2022-11-10,94.160980
2022-11-11,94.104240
2022-11-14,93.527489
2022-11-15,94.170418
2022-11-16,93.489677
2022-11-17,93.328926
2022-11-18,94.019142
2022-11-21,94.321701
2022-11-22,95.049744
2022-11-23,95.409019
2022-11-25,95.777748
2022-11-28,94.038063
2022-11-29,94.614815
2022-11-30,96.174858
2022-12-01,96.203224
2022-12-02,96.751610
2022-12-05,95.134819
2022-12-06,94.009689
2022-12-07,93.886780
2022-12-08,94.444618
2022-12-09,93.669319
2022-12-12,95.276649
2022-12-13,95.635933
2022-12-14,95.456299
2022-12-15,93.149292
2022-12-16,92.752197
2022-12-19,92.263901
2022-12-20,92.377899
2022-12-21,94.116394
2022-12-22,92.919395
2022-12-23,93.470398
2022-12-27,93.755402
2022-12-28,92.529892
2022-12-29,93.669907
2022-12-30,93.299393
2023-01-03,93.498894
2023-01-04,94.325401
2023-01-05,93.308899
2023-01-06,95.864395
2023-01-09,95.436890
2023-01-10,95.959404
2023-01-11,96.880898
2023-01-12,97.450905
2023-01-13,97.336906
2023-01-17,96.510391
2023-01-18,94.695892
2023-01-19,92.748390
2023-01-20,94.040398
2023-01-23,95.066399
2023-01-24,95.693405
2023-01-25,95.161392
2023-01-26,95.683891
2023-01-27,96.082893
2023-01-30,95.142387
2023-01-31,96.757393
2023-02-01,97.460396
2023-02-02,98.220383
2023-02-03,97.707405
2023-02-06,97.469872
2023-02-07,97.773895
2023-02-08,97.222893
2023-02-09,96.348892
2023-02-10,97.032898
2023-02-13,97.916382
2023-02-14,97.650391
2023-02-15,98.258392
2023-02-16,97.241890
2023-02-17,97.878403
2023-02-21,95.636391
2023-02-22,95.398888
2023-02-23,95.845390
2023-02-24,95.294380
2023-02-27,96.139900
2023-02-28,95.921394
2023-03-01,96.301399
2023-03-02,97.431900
2023-03-03,98.486389
2023-03-06,98.305901
2023-03-07,97.042389
2023-03-08,97.270386
2023-03-09,95.835892
2023-03-10,94.049904
2023-03-13,93.517883
2023-03-14,94.505890
2023-03-15,92.178406
2023-03-16,93.365891
2023-03-17,91.836388
2023-03-20,93.052620
2023-03-21,94.130524
2023-03-22,92.327667
2023-03-23,92.060570
2023-03-24,92.442123
2023-03-27,93.214798
2023-03-28,93.691734
2023-03-29,95.055801
2023-03-30,95.256096
2023-03-31,96.515251
2023-04-03,96.686966
2023-04-04,94.521606
2023-04-05,93.291100
2023-04-06,93.262474
2023-04-10,94.111450
2023-04-11,94.674232
2023-04-12,94.989029
2023-04-13,95.341972
2023-04-14,95.227509
2023-04-17,95.981087
2023-04-18,96.438957
2023-04-19,96.362633
2023-04-20,96.190926
2023-04-21,95.971535
2023-04-24,96.200478
2023-04-25,94.426239
2023-04-26,92.642448
2023-04-27,94.473923
2023-04-28,95.389679
2023-05-01,95.904778
2023-05-02,94.903175
2023-05-03,94.540695
2023-05-04,93.510498
2023-05-05,94.922249
2023-05-08,94.578857
2023-05-09,94.788712
2023-05-10,94.445320
2023-05-11,93.872978
2023-05-12,93.939758
2023-05-15,94.397621
2023-05-16,93.119400
2023-05-17,94.721947
2023-05-18,95.408737
2023-05-19,95.179802
2023-05-22,95.160721
2023-05-23,94.016052
2023-05-24,92.804596
2023-05-25,93.109856
2023-05-26,93.806175
2023-05-30,93.663101
2023-05-31,92.384888
2023-06-01,93.567711
2023-06-02,96.286324
2023-06-05,95.618607
2023-06-06,96.219551
2023-06-07,97.764877
2023-06-08,97.936569
2023-06-09,97.679016
2023-06-12,98.375359
2023-06-13,99.520050
2023-06-14,99.252945
2023-06-15,100.750572
2023-06-16,100.588387
2023-06-20,99.841385
2023-06-21,100.396858
2023-06-22,99.668991
2023-06-23,98.912392
2023-06-26,99.736038
2023-06-27,100.933167
2023-06-28,100.933167
2023-06-29,101.910042
2023-06-30,102.781563
2023-07-03,102.800697
2023-07-05,102.245255
2023-07-06,101.479073
2023-07-07,101.708916
2023-07-10,103.155060
2023-07-11,104.371361
2023-07-12,104.189392
2023-07-13,104.323456
2023-07-14,104.016998
2023-07-17,104.409653
2023-07-18,104.993874
2023-07-19,104.945976
2023-07-20,105.415260
2023-07-21,104.917252
2023-07-24,105.156693
2023-07-25,105.022591
2023-07-26,105.760048
2023-07-27,104.850227
2023-07-28,105.501450
2023-07-31,105.750465
2023-08-01,106.066513
2023-08-02,104.955551
2023-08-03,104.294754
2023-08-04,103.662651
2023-08-07,104.936401
2023-08-08,104.457558
2023-08-09,104.400085
2023-08-10,104.112778
2023-08-11,104.285179
2023-08-14,104.323456
2023-08-15,102.992256
2023-08-16,102.417625
2023-08-17,101.555687
2023-08-18,101.747223
2023-08-21,101.622734
2023-08-22,101.383293
2023-08-23,102.427208
2023-08-24,101.182182
2023-08-25,102.034546
2023-08-28,102.867760
2023-08-29,103.653061
2023-08-30,104.122353
2023-08-31,103.653061
2023-09-01,104.198982
2023-09-05,102.446358
2023-09-06,102.005814
2023-09-07,101.670609
2023-09-08,101.163025
2023-09-11,101.191757
2023-09-12,100.827820
2023-09-13,100.157425
2023-09-14,101.143867
2023-09-15,100.559669
2023-09-18,100.671227
2023-09-19,100.248108
2023-09-20,99.853836
2023-09-21,98.219101
2023-09-22,97.882545
2023-09-25,98.372971
2023-09-26,96.872856
2023-09-27,97.594048
2023-09-28,98.007538
2023-09-29,97.488274
2023-10-02,96.536278
2023-10-03,95.863152
2023-10-04,96.170868
2023-10-05,95.603516
2023-10-06,96.911324
2023-10-09,98.430664
2023-10-10,99.026848
2023-10-11,99.623047
2023-10-12,98.719147
2023-10-13,97.844078
2023-10-16,98.882629
2023-10-17,99.190338
2023-10-18,96.795914
2023-10-19,95.901627
2023-10-20,94.911156
2023-10-23,94.468819
2023-10-24,95.180412
2023-10-25,93.959152
2023-10-26,93.564911
2023-10-27,92.737907
2023-10-30,93.891846
2023-10-31,94.584221
2023-11-01,94.891930
2023-11-02,96.844002
2023-11-03,97.699821
2023-11-06,97.440208
2023-11-07,97.199799
2023-11-08,97.420975
2023-11-09,97.209404
2023-11-10,98.613365
2023-11-13,98.699905
2023-11-14,100.680847
2023-11-15,100.892387
2023-11-16,100.911613
2023-11-17,101.555893
2023-11-20,101.863617
2023-11-21,101.786690
2023-11-22,102.007858
2023-11-24,102.257866
2023-11-27,101.680908
2023-11-28,101.440514
2023-11-29,101.825165
2023-11-30,102.940620
2023-12-01,104.565742
2023-12-04,104.738838
2023-12-05,103.892624
2023-12-06,104.354195
2023-12-07,104.450356
2023-12-08,104.777321
2023-12-11,105.777367
2023-12-12,106.258186
2023-12-13,107.440979
2023-12-14,108.825691
2023-12-15,108.681442
2023-12-18,108.676605
2023-12-19,109.517792
2023-12-20,107.748405
2023-12-21,108.860321
2023-12-22,109.382431
2023-12-26,110.155930
2023-12-27,110.320290
2023-12-28,110.349312
2023-12-29,110.213951
2024-01-02,109.102028
2024-01-03,107.477692
2024-01-04,107.613052
2024-01-05,107.738747
2024-01-08,108.444565
2024-01-09,108.106148
2024-01-10,108.657265
2024-01-11,108.405899
2024-01-12,108.396217
2024-01-16,107.303650
2024-01-17,106.578499
2024-01-18,108.019135
2024-01-19,108.724953
2024-01-22,109.566124
2024-01-23,109.479126
2024-01-24,108.802307
2024-01-25,109.846527
2024-01-26,109.672493
2024-01-29,110.387978
2024-01-30,110.426651
2024-01-31,109.150375
2024-02-01,111.006775
2024-02-02,111.751266
2024-02-05,111.142136
2024-02-06,112.138023
2024-02-07,112.882507
2024-02-08,112.901840
2024-02-09,113.075882
2024-02-12,113.240265
2024-02-13,112.080009
2024-02-14,113.955750
2024-02-15,114.806587
2024-02-16,114.120117
2024-02-20,113.762375
2024-02-21,114.216797
2024-02-22,115.628441
2024-02-23,116.237564
2024-02-26,116.063538
2024-02-27,116.237564
2024-02-28,116.633987
2024-02-29,116.991722
2024-03-01,117.494499
2024-03-04,117.919930
2024-03-05,116.953041
2024-03-06,117.562172
2024-03-07,118.509727
2024-03-08,118.248665
2024-03-11,117.639526
2024-03-12,118.161644
2024-03-13,118.480705
2024-03-14,117.977928
2024-03-15,117.997261
2024-03-18,118.206757
2024-03-19,119.225121
2024-03-20,120.660522
2024-03-21,121.853447
2024-03-22,121.436401
2024-03-25,120.650810
2024-03-26,120.214378
2024-03-27,122.144402
2024-03-28,122.163803
2024-04-01,121.223038
2024-04-02,120.660522
2024-04-03,121.281235
2024-04-04,120.214378
2024-04-05,121.882545
2024-04-08,121.669167
2024-04-09,121.387901
2024-04-10,120.350159
2024-04-11,120.485954
2024-04-12,119.196030
2024-04-15,118.342537
2024-04-16,118.070976
2024-04-17,117.459969
2024-04-18,117.052635
2024-04-19,116.839264
2024-04-22,117.721832
2024-04-23,119.360901
2024-04-24,118.410423
2024-04-25,118.769279
2024-04-26,118.963257
2024-04-29,119.758545
2024-04-30,117.857620
2024-05-01,117.566666
2024-05-02,118.245552
2024-05-03,119.069939
2024-05-06,120.272575
2024-05-07,120.602325
2024-05-08,120.602325
2024-05-09,121.804955
2024-05-10,121.892242
2024-05-13,121.378227
2024-05-14,121.349129
2024-05-15,122.144402
2024-05-16,121.417000
2024-05-17,121.552780
2024-05-20,121.785538
2024-05-21,121.387901
2024-05-22,121.533379
2024-05-23,120.098000
2024-05-24,120.709000
2024-05-28,119.234810
2024-05-29,117.547256
2024-05-30,118.352242
2024-05-31,119.787651
2024-06-03,118.323151
2024-06-04,118.032188
2024-06-05,119.225121
2024-06-06,118.517120
2024-06-07,118.643204
2024-06-10,119.011757
2024-06-11,118.332848
2024-06-12,119.457886
2024-06-13,118.691696
2024-06-14,117.498756
2024-06-17,118.798393
2024-06-18,119.438484
2024-06-20,119.516090
2024-06-21,119.263916
2024-06-24,119.770950
2024-06-25,118.749092
2024-06-26,118.427948
2024-06-27,118.554459
2024-06-28,118.603127
2024-07-01,117.328232
2024-07-02,117.970528
2024-07-03,118.398750
2024-07-05,117.970528
2024-07-08,118.116524
2024-07-09,117.600716
2024-07-10,118.651772
2024-07-11,120.160225
2024-07-12,120.851196
2024-07-15,121.717331
2024-07-16,124.753693
2024-07-17,123.157661
2024-07-18,122.194199
2024-07-19,121.522690
2024-07-22,122.758659
2024-07-23,122.525085
2024-07-24,119.887733
2024-07-25,120.851196
2024-07-26,122.914368
2024-07-29,122.700256
2024-07-30,123.060341
2024-07-31,124.432549
2024-08-01,122.126076
2024-08-02,119.440071
2024-08-05,117.367157
2024-08-06,118.778297
2024-08-07,118.204102
2024-08-08,120.929054
2024-08-09,120.948509
2024-08-12,120.335403
2024-08-13,121.600548
2024-08-14,122.096878
2024-08-15,123.741577
2024-08-16,123.566399
2024-08-19,124.315750
2024-08-20,123.975143
2024-08-21,124.724510
2024-08-22,124.568787
2024-08-23,125.814499
2024-08-26,125.678230
2024-08-27,125.756081
2024-08-28,125.697716
2024-08-29,126.583321
2024-08-30,127.936050
2024-09-03,125.104065
2024-09-04,125.230560
2024-09-05,123.770782
2024-09-06,122.515358
2024-09-09,124.393631
2024-09-10,124.607704
2024-09-11,124.831551
2024-09-12,125.795006
2024-09-13,127.069893
2024-09-16,127.721939
2024-09-17,128.422653
2024-09-18,128.315598
2024-09-19,130.524734
2024-09-20,129.609909
2024-09-23,130.479843
2024-09-24,131.417191
2024-09-25,130.802078
2024-09-26,131.456238
2024-09-27,131.641708
2024-09-30,132.237320
2024-10-01,132.305634
2024-10-02,132.061554
2024-10-03,131.387894
2024-10-04,132.305634
2024-10-07,131.983459
2024-10-08,132.276352
2024-10-09,133.457733
2024-10-10,132.774307
2024-10-11,135.146835
2024-10-14,135.957199
2024-10-15,134.912521
2024-10-16,135.957199
2024-10-17,135.566696
2024-10-18,135.976746
2024-10-21,135.498337
2024-10-22,133.858032
2024-10-23,133.467499
2024-10-24,132.549728
2024-10-25,132.198257
2024-10-28,132.588791
2024-10-29,132.413040
2024-10-30,132.188492
2024-10-31,130.665390
2024-11-01,130.841125
2024-11-04,130.694687
2024-11-05,132.881714
2024-11-06,138.085648
2024-11-07,137.255753
2024-11-08,138.730042
2024-11-11,139.804047
2024-11-12,138.603134
2024-11-13,138.896042
2024-11-14,136.552780
2024-11-15,135.820526
2024-11-18,135.634995
2024-11-19,135.517868
2024-11-20,135.664322
2024-11-21,137.363144
2024-11-22,139.276810
2024-11-25,140.145737
2024-11-26,140.311768
2024-11-27,139.794281
2024-11-29,140.585114
2024-12-02,139.550186
2024-12-03,138.671463
2024-12-04,139.276810
2024-12-05,137.587708
2024-12-06,137.236206
2024-12-09,136.045059
2024-12-10,135.713120
2024-12-11,135.400696
2024-12-12,134.531723
2024-12-13,134.180252
2024-12-16,134.297409
2024-12-17,133.067215
2024-12-18,129.308258
2024-12-19,129.142273
2024-12-20,130.655624
2024-12-23,130.626175
2024-12-24,131.646683
2024-12-26,131.744812
2024-12-27,130.763550
2024-12-30,129.448654
2024-12-31,129.291656
2025-01-02,128.840271
2025-01-03,130.233673
2025-01-06,129.949097
2025-01-07,129.821548
2025-01-08,130.331802
2025-01-10,128.869705
2025-01-13,130.380859
2025-01-14,131.921448
2025-01-15,132.755493
2025-01-16,134.364792
2025-01-17,135.169434
2025-01-21,137.946411
2025-01-22,137.622604
2025-01-23,139.015991
2025-01-24,138.427246
2025-01-27,136.572632
2025-01-28,135.669876
2025-01-29,135.208679
2025-01-30,136.719833
2025-01-31,135.758209
2025-02-03,134.413849
2025-02-04,134.453110
2025-02-05,134.551239
2025-02-06,135.159637
2025-02-07,134.757324
2025-02-10,135.964264
2025-02-11,136.013321
2025-02-12,135.169434
2025-02-13,135.306808
2025-02-14,134.973190
2025-02-18,136.032944
2025-02-19,136.170334
2025-02-20,135.277374
2025-02-21,132.313950
2025-02-24,131.715378
2025-02-25,132.392441
2025-02-26,132.470947
2025-02-27,132.009766
2025-02-28,133.776031
2025-03-03,131.872375
2025-03-04,129.301468
2025-03-05,131.342499
2025-03-06,130.214035
2025-03-07,131.735001
2025-03-10,129.674347
2025-03-11,127.682381
2025-03-12,127.672554
2025-03-13,126.367485
2025-03-14,128.673462
2025-03-17,130.449539
2025-03-18,129.409393
2025-03-19,131.126617
2025-03-20,130.469147
2025-03-21,129.772461
2025-03-24,132.179031
2025-03-25,132.375885
2025-03-26,131.499863
2025-03-27,130.801025
2025-03-28,128.104126
2025-03-31,129.009644
2025-04-01,129.738007
2025-04-02,130.958527
2025-04-03,123.871704
2025-04-04,116.086052
2025-04-07,115.544701
2025-04-08,114.589935
2025-04-09,124.767403
2025-04-10,121.548813
2025-04-11,123.694534
2025-04-14,124.983948
2025-04-15,124.363846
2025-04-16,122.661041
2025-04-17,123.330360
2025-04-21,120.564514
2025-04-22,122.670891
2025-04-23,124.206367
2025-04-24,126.991882
2025-04-25,126.982033
2025-04-28,127.405273
2025-04-29,128.232071
2025-04-30,129.157303
2025-05-01,130.131729
2025-05-02,132.464478
2025-05-05,132.533356
2025-05-06,131.371918
2025-05-07,132.041229
2025-05-08,133.862137
2025-05-09,133.970444
2025-05-12,138.094574
2025-05-13,139.059143
2025-05-14,138.389832
2025-05-15,139.925323
2025-05-16,141.519852
2025-05-19,142.002136
2025-05-20,141.490341
2025-05-21,139.098526
2025-05-22,139.069000
2025-05-23,138.616241
2025-05-27,141.057236
2025-05-28,140.358414
2025-05-29,140.486359
2025-05-30,140.574951
2025-06-02,140.397781
2025-06-03,141.480515
2025-06-04,141.559235
2025-06-05,141.460815
2025-06-06,142.651779
2025-06-09,142.523834
2025-06-10,141.903732
2025-06-11,141.972626
2025-06-12,141.598602
2025-06-13,140.407623
2025-06-16,141.372208
2025-06-17,140.309189
2025-06-18,139.974548
2025-06-20,140.132019
2025-06-23,142.029556
2025-06-24,143.214294
2025-06-25,141.950592
2025-06-26,143.490738
2025-06-27,144.922287
2025-06-30,145.643005
2025-07-01,146.126755
2025-07-02,146.274857
2025-07-03,147.518814
2025-07-07,147.005432
2025-07-08,146.965958
2025-07-09,147.992706
2025-07-10,148.822052
2025-07-11,148.288910
2025-07-14,149.088593
2025-07-15,147.972992
2025-07-16,148.496231
2025-07-17,149.868546
2025-07-18,149.532883
2025-07-21,148.743042
2025-07-22,149.098480
2025-07-23,151.773972
2025-07-24,151.517288
2025-07-25,153.017944
2025-07-28,152.544052
2025-07-29,150.806458
2025-07-30,150.065994
2025-07-31,150.075867
2025-08-01,147.834747
2025-08-04,149.197189
2025-08-05,148.891144
2025-08-06,149.009598
2025-08-07,148.792419
2025-08-08,148.910873
2025-08-11,148.427109
2025-08-12,149.967270
2025-08-13,150.539886
2025-08-14,149.207077
2025-08-15,148.525833
2025-08-18,149.108337
2025-08-19,149.434143
2025-08-20,149.295929
2025-08-21,148.762802
2025-08-22,151.191483
2025-08-25,149.680969
2025-08-26,151.221130
2025-08-27,151.201355
2025-08-28,151.467926
2025-08-29,150.075867
2025-09-02,148.644302
2025-09-03,147.893982
2025-09-04,149.562485
2025-09-05,149.009598
2025-09-08,149.345291
2025-09-09,148.338272
2025-09-10,149.434143
2025-09-11,150.855820
2025-09-12,149.651337
2025-09-15,150.342453
2025-09-16,149.898163
2025-09-17,149.216949
2025-09-18,150.806458
2025-09-19,151.171753
2025-09-22,151.677353
2025-09-23,151.716980
2025-09-24,150.933823
2025-09-25,149.912735
2025-09-26,151.260971
2025-09-29,151.726913
2025-09-30,152.896698
2025-10-01,152.470444
2025-10-02,152.866974
2025-10-03,153.075150
2025-10-06,153.788925
2025-10-07,152.916550
2025-10-08,154.244949
2025-10-09,151.964828
2025-10-10,148.604141
2025-10-13,150.150665
2025-10-14,151.915268
2025-10-15,151.280807
2025-10-16,150.289444
2025-10-17,150.418320
2025-10-20,152.192856
2025-10-21,153.541107
2025-10-22,151.548477
2025-10-23,153.441956
2025-10-24,153.570831
2025-10-27,154.443222
2025-10-28,153.342819
2025-10-29,153.739349
2025-10-30,153.352737
2025-10-31,153.719543
2025-11-03,153.065216
2025-11-04,151.290710
2025-11-05,151.875610
2025-11-06,151.270889
2025-11-07,152.004501
2025-11-10,152.866974
2025-11-11,152.906616
2025-11-12,153.055328
2025-11-13,150.685974
2025-11-14,150.695908
2025-11-17,149.218781
2025-11-18,148.554581
2025-11-19,149.050262
2025-11-20,146.552048
2025-11-21,148.336472
2025-11-24,148.703278
2025-11-25,150.606674
2025-11-26,151.479065
2025-11-28,152.361374
2025-12-01,150.130844
2025-12-02,151.439407
2025-12-03,152.876892
2025-12-04,153.669968
2025-12-05,153.243683
2025-12-08,153.055328
2025-12-09,151.935074
2025-12-10,154.710876
2025-12-11,156.366455
2025-12-12,155.385010
2025-12-15,155.632843
2025-12-16,154.710876
2025-12-17,152.202759
2025-12-18,153.194107
2025-12-19,154.512619
2025-12-22,156.225571
2025-12-23,156.165894
2025-12-24,156.673218
2025-12-26,156.384750
2025-12-29,156.046509
2025-12-30,155.598892
2025-12-31,154.305710
2026-01-02,157.150696
2026-01-05,159.010880
2026-01-06,161.169495
2026-01-07,158.135513
2026-01-08,159.329208
2026-01-09,161.079956
2026-01-12,162.313446
2026-01-13,163.149033
2026-01-14,163.407684
2026-01-15,164.909744
2026-01-16,166.023865
2026-01-20,162.671555
2026-01-21,165.486710
2026-01-22,164.631210
2026-01-23,163.357941
2026-01-26,163.517120
2026-01-27,164.193527
2026-01-28,163.278351
2026-01-29,164.989319
2026-01-30,164.571533
2026-02-02,166.650558
2026-02-03,168.053162
2026-02-04,168.500809
2026-02-05,167.486160
2026-02-06,172.270905
2026-02-09,172.788162
2026-02-10,172.997086
2026-02-11,173.922180
2026-02-12,171.843155
2026-02-13,173.255707
2026-02-17,174.160919
2026-02-18,174.121140
2026-02-19,175.414322
2026-02-20,176.299652
2026-02-23,173.912247
2026-02-24,176.050949
2026-02-25,174.678207
2026-02-26,175.772430
2026-02-27,176.210114
2026-03-02,177.960876
2026-03-03,174.519058
2026-03-04,175.046249
2026-03-05,171.156784
2026-03-06,169.047913
2026-03-09,170.042664
2026-03-10,169.127487
2026-03-11,168.600281
2026-03-12,164.372589
2026-03-13,163.785675
2026-03-16,165.188278
2026-03-17,165.625977
2026-03-18,164.312897
2026-03-19,163.198776
2026-03-20,160.821320
2026-03-23,162.649826
2026-03-24,163.597504
2026-03-25,164.694809
2026-03-26,160.874207
2026-03-27,158.809280
2026-03-30,156.225632
2026-03-31,161.333069
2026-04-01,164.026428
2026-04-02,163.368073
2026-04-06,164.206009
2026-04-07,163.876816
2026-04-08,170.021698
2026-04-09,171.767395
2026-04-10,171.099045
2026-04-13,172.306061
2026-04-14,172.924561
2026-04-15,170.759872
2026-04-16,169.911957
2026-04-17,173.084152
2026-04-20,173.473190
2026-04-21,171.019241
2026-04-22,170.620209
2026-04-23,173.642792
2026-04-24,172.046707
2026-04-27,172.086609
2026-04-28,170.560364
2026-04-29,169.512939
2026-04-30,174.151535
2026-05-01,172.535507
2026-05-04,170.560364
2026-05-05,171.986862
2026-05-06,176.435913
2026-05-07,173.572952
2026-05-08,172.774918
2026-05-11,174.610397
2026-05-12,173.922104
2026-05-13,173.193878
2026-05-14,174.081696
2026-05-15,170.979324
2026-05-18,170.330933
2026-05-19,168.325867
2026-05-20,170.310974
2026-05-21,170.111465
2026-05-22,171.348434
2026-05-26,173.872223
2026-05-27,173.872223
2026-05-28,173.373444
2026-05-29,172.705093
2026-06-01,171.976883
2026-06-02,173.762497
2026-06-03,173.622833
2026-06-04,175.727661
2026-06-05,173.752502
2026-06-08,173.203873
2026-06-09,175.169037
2026-06-10,169.243607
2026-06-11,174.720123
2026-06-12,175.747604
2026-06-15,178.241455
2026-06-16,179.408600
2026-06-17,179.159210
2026-06-18,180.466003
2026-06-22,181.800003
2026-06-23,178.149994
2026-06-24,180.210007
2026-06-25,184.119995
2026-06-26,181.199997
2026-06-29,182.759995
2026-06-30,185.229996
2026-07-01,183.360001
2026-07-02,183.910004
2026-07-06,185.559998
2026-07-07,182.380005
2026-07-08,180.419998
2026-07-09,181.110001
2026-07-10,181.919998
2026-07-13,180.369995
2026-07-14,180.449997
2026-07-15,180.059998
2026-07-16,180.149994
2026-07-17,179.410004
2026-07-20,177.929993
2026-07-21,178.660004
2026-07-22,178.850006
2026-07-23,181.940002
2026-07-24,182.660004
2026-07-27,183.199997
2026-07-28,182.490005
2026-07-29,176.660004
2026-07-30,178.389999
2026-07-31,179.839996
2026-08-03,183.160004
2026-08-04,186.399994
2026-08-05,186.350006
2026-08-06,184.759995
2026-08-07,185.179993
2026-08-10,184.600006
2026-08-11,185.699997
2026-08-12,185.880005
2026-08-13,185.789993
2026-08-14,186.509995
2026-08-17,186.320007
2026-08-18,183.570007
2026-08-19,181.949997
2026-08-20,179.770004
2026-08-21,180.250000
2026-08-24,179.000000
2026-08-25,178.399994
2026-08-26,180.339996
2026-08-27,178.910004
2026-08-28,176.815002
2026-08-31,175.130005
