date,value
1998-12-22,9.360785
1998-12-23,9.400987
1998-12-24,9.573271
1998-12-28,9.487127
1998-12-29,9.693864
1998-12-30,9.613469
1998-12-31,9.601979
1999-01-04,9.544557
1999-01-05,9.705355
1999-01-06,9.981009
1999-01-07,9.969525
1999-01-08,9.981009
1999-01-11,9.929324
1999-01-12,9.670898
1999-01-13,9.716840
1999-01-14,9.498612
1999-01-15,9.619214
1999-01-19,9.613469
1999-01-20,9.774270
1999-01-21,9.682384
1999-01-22,9.728324
1999-01-25,9.705355
1999-01-26,9.935066
1999-01-27,9.923581
1999-01-28,10.026953
1999-01-29,10.095865
1999-02-01,10.118837
1999-02-02,9.992497
1999-02-03,10.153293
1999-02-04,10.095865
1999-02-05,9.843178
1999-02-08,10.003981
1999-02-09,9.693864
1999-02-10,9.693864
1999-02-11,10.009719
1999-02-12,9.831695
1999-02-16,9.958035
1999-02-17,9.923581
1999-02-18,9.935066
1999-02-19,9.986755
1999-02-22,10.239433
1999-02-23,10.187745
1999-02-24,10.061408
1999-02-25,9.946552
1999-02-26,10.032696
1999-03-01,10.038440
1999-03-02,10.061408
1999-03-03,10.009719
1999-03-04,10.222204
1999-03-05,10.532318
1999-03-08,10.578259
1999-03-09,10.606975
1999-03-10,10.578259
1999-03-11,10.693117
1999-03-12,10.739060
1999-03-15,10.762031
1999-03-16,10.704602
1999-03-17,10.658656
1999-03-18,10.842433
1999-03-19,10.693226
1999-03-22,10.578248
1999-03-23,10.256302
1999-03-24,10.175820
1999-03-25,10.486269
1999-03-26,10.417275
1999-03-29,10.670236
1999-03-30,10.681736
1999-03-31,10.520754
1999-04-01,10.509260
1999-04-05,10.647239
1999-04-06,10.704728
1999-04-07,10.796715
1999-04-08,11.038175
1999-04-09,11.141662
1999-04-12,11.233640
1999-04-13,11.176155
1999-04-14,10.923190
1999-04-15,10.900198
1999-04-16,10.934690
1999-04-19,10.693226
1999-04-20,10.831210
1999-04-21,11.015178
1999-04-22,11.043926
1999-04-23,11.164654
1999-04-26,11.095664
1999-04-27,11.124413
1999-04-28,11.084168
1999-04-29,10.831210
1999-04-30,10.796715
1999-05-03,11.061166
1999-05-04,10.934690
1999-05-05,10.842705
1999-05-06,10.601249
1999-05-07,10.842705
1999-05-10,10.831210
1999-05-11,11.049668
1999-05-12,11.118657
1999-05-13,11.061166
1999-05-14,10.842705
1999-05-17,10.624242
1999-05-18,10.693226
1999-05-19,10.566757
1999-05-20,10.658739
1999-05-21,10.589747
1999-05-24,10.359786
1999-05-25,10.256302
1999-05-26,10.371284
1999-05-27,10.164320
1999-05-28,10.308048
1999-06-01,10.371284
1999-06-02,10.348289
1999-06-03,10.589747
1999-06-04,10.670236
1999-06-07,10.698983
1999-06-08,10.538008
1999-06-09,10.434524
1999-06-10,10.285047
1999-06-11,10.233305
1999-06-14,10.244802
1999-06-15,10.175820
1999-06-16,10.451767
1999-06-17,10.400030
1999-06-18,10.477350
1999-06-21,10.661570
1999-06-22,10.592493
1999-06-23,10.442814
1999-06-24,10.419786
1999-06-25,10.385247
1999-06-28,10.586739
1999-06-29,10.765189
1999-06-30,10.972438
1999-07-01,11.030006
1999-07-02,11.087570
1999-07-06,11.179684
1999-07-07,11.076058
1999-07-08,10.983954
1999-07-09,10.983954
1999-07-12,10.914869
1999-07-13,10.834273
1999-07-14,10.857299
1999-07-15,11.001219
1999-07-16,11.064550
1999-07-19,11.041519
1999-07-20,10.753680
1999-07-21,10.650056
1999-07-22,10.511895
1999-07-23,10.431300
1999-07-26,10.488866
1999-07-27,10.546440
1999-07-28,10.511895
1999-07-29,10.350705
1999-07-30,10.154976
1999-08-02,10.080134
1999-08-03,9.953491
1999-08-04,9.752002
1999-08-05,9.665645
1999-08-06,9.590807
1999-08-09,9.464156
1999-08-10,9.464156
1999-08-11,9.671402
1999-08-12,9.786536
1999-08-13,9.982271
1999-08-16,10.120433
1999-08-17,10.097406
1999-08-18,10.062868
1999-08-19,9.976517
1999-08-20,10.085894
1999-08-23,10.247082
1999-08-24,10.235571
1999-08-25,10.339187
1999-08-26,10.137706
1999-08-27,10.097406
1999-08-30,9.878649
1999-08-31,9.763515
1999-09-01,9.775024
1999-09-02,9.659892
1999-09-03,9.924705
1999-09-07,9.769274
1999-09-08,9.717463
1999-09-09,9.752002
1999-09-10,9.936219
1999-09-13,9.907435
1999-09-14,9.855623
1999-09-15,9.769274
1999-09-16,9.562021
1999-09-17,9.696740
1999-09-20,9.685211
1999-09-21,9.466143
1999-09-22,9.569912
1999-09-23,9.616029
1999-09-24,9.420021
1999-09-27,9.581437
1999-09-28,9.552620
1999-09-29,9.483438
1999-09-30,9.621797
1999-10-01,9.673681
1999-10-04,9.984993
1999-10-05,10.002287
1999-10-06,10.111820
1999-10-07,10.082997
1999-10-08,10.371247
1999-10-11,10.446196
1999-10-12,10.232885
1999-10-13,10.111820
1999-10-14,9.967701
1999-10-15,9.714033
1999-10-18,9.777454
1999-10-19,9.875457
1999-10-20,10.048409
1999-10-21,9.961930
1999-10-22,10.221359
1999-10-25,10.042642
1999-10-26,9.794744
1999-10-27,9.823570
1999-10-28,10.192533
1999-10-29,10.475019
1999-11-01,10.400073
1999-11-02,10.325124
1999-11-03,10.238651
1999-11-04,10.365479
1999-11-05,10.434662
1999-11-08,10.400073
1999-11-09,10.290535
1999-11-10,10.330893
1999-11-11,10.353948
1999-11-12,10.596084
1999-11-15,10.613378
1999-11-16,10.659496
1999-11-17,10.567258
1999-11-18,10.613378
1999-11-19,10.515373
1999-11-22,10.394306
1999-11-23,10.353948
1999-11-24,10.411601
1999-11-26,10.538430
1999-11-29,10.630676
1999-11-30,10.480781
1999-12-01,10.607614
1999-12-02,10.561493
1999-12-03,10.682560
1999-12-06,10.699856
1999-12-07,10.521135
1999-12-08,10.463485
1999-12-09,10.446196
1999-12-10,10.734442
1999-12-13,11.057285
1999-12-14,10.913162
1999-12-15,10.965042
1999-12-16,11.207170
1999-12-17,11.151940
1999-12-20,10.828702
1999-12-21,10.874880
1999-12-22,10.897967
1999-12-23,11.111542
1999-12-27,11.221214
1999-12-28,11.336654
1999-12-29,11.382833
1999-12-30,11.348203
1999-12-31,11.475195
2000-01-03,11.128857
2000-01-04,10.794067
2000-01-05,10.661306
2000-01-06,10.782522
2000-01-07,11.290481
2000-01-10,11.232752
2000-01-11,11.169264
2000-01-12,11.105764
2000-01-13,11.163488
2000-01-14,11.134627
2000-01-18,11.071133
2000-01-19,11.048049
2000-01-20,10.897967
2000-01-21,10.672852
2000-01-24,10.274567
2000-01-25,10.338061
2000-01-26,10.413096
2000-01-27,10.384240
2000-01-28,9.974408
2000-01-31,10.049446
2000-02-01,10.413096
2000-02-02,10.343837
2000-02-03,10.384240
2000-02-04,10.366920
2000-02-07,10.147578
2000-02-08,10.378465
2000-02-09,10.205300
2000-02-10,10.112942
2000-02-11,9.968637
2000-02-14,10.020591
2000-02-15,10.043674
2000-02-16,9.651167
2000-02-17,9.374101
2000-02-18,9.235568
2000-02-22,9.258653
2000-02-23,9.229795
2000-02-24,8.935410
2000-02-25,8.970042
2000-02-28,9.293288
2000-02-29,9.489544
2000-03-01,9.379870
2000-03-02,9.368326
2000-03-03,9.541494
2000-03-06,9.316377
2000-03-07,9.056625
2000-03-08,9.166296
2000-03-09,9.351012
2000-03-10,9.224023
2000-03-13,9.148983
2000-03-14,9.166296
2000-03-15,9.720434
2000-03-16,10.436190
2000-03-17,10.462329
2000-03-20,10.364015
2000-03-21,10.479684
2000-03-22,10.433412
2000-03-23,10.462329
2000-03-24,10.497026
2000-03-27,10.468114
2000-03-28,10.502818
2000-03-29,10.711021
2000-03-30,10.948143
2000-03-31,10.832470
2000-04-03,11.156347
2000-04-04,11.017549
2000-04-05,11.034897
2000-04-06,11.150569
2000-04-07,11.150569
2000-04-10,11.410822
2000-04-11,11.491793
2000-04-12,11.468657
2000-04-13,11.254667
2000-04-14,10.364015
2000-04-17,10.375580
2000-04-18,10.595352
2000-04-19,10.676318
2000-04-20,10.815125
2000-04-24,10.930795
2000-04-25,11.127427
2000-04-26,11.115865
2000-04-27,10.884521
2000-04-28,10.606915
2000-05-01,10.930795
2000-05-02,10.855609
2000-05-03,10.340878
2000-05-04,10.173162
2000-05-05,10.300388
2000-05-08,10.271475
2000-05-09,10.375580
2000-05-10,10.375580
2000-05-11,10.468114
2000-05-12,10.618483
2000-05-15,10.653185
2000-05-16,10.734156
2000-05-17,10.479684
2000-05-18,10.687883
2000-05-19,10.416060
2000-05-22,10.259904
2000-05-23,10.213634
2000-05-24,10.028569
2000-05-25,9.936030
2000-05-26,9.727824
2000-05-30,9.803018
2000-05-31,10.034350
2000-06-01,10.109538
2000-06-02,10.387145
2000-06-05,10.329311
2000-06-06,9.999651
2000-06-07,9.999651
2000-06-08,9.901332
2000-06-09,9.739395
2000-06-12,9.496486
2000-06-13,9.681558
2000-06-14,9.716257
2000-06-15,9.693124
2000-06-16,9.584188
2000-06-19,9.572601
2000-06-20,9.363998
2000-06-21,9.300256
2000-06-22,9.259696
2000-06-23,9.317638
2000-06-26,9.317638
2000-06-27,9.584188
2000-06-28,9.549427
2000-06-29,9.387175
2000-06-30,9.491476
2000-07-03,9.618954
2000-07-05,9.734845
2000-07-06,9.804380
2000-07-07,10.279532
2000-07-10,10.430196
2000-07-11,10.505525
2000-07-12,10.534496
2000-07-13,10.337481
2000-07-14,10.464966
2000-07-17,10.407018
2000-07-18,10.430196
2000-07-19,10.296919
2000-07-20,10.267945
2000-07-21,10.244766
2000-07-24,10.082521
2000-07-25,10.105700
2000-07-26,10.070927
2000-07-27,10.152057
2000-07-28,9.839144
2000-07-31,9.642135
2000-08-01,9.781201
2000-08-02,9.781201
2000-08-03,9.734845
2000-08-04,9.694285
2000-08-07,9.955038
2000-08-08,10.250563
2000-08-09,10.070927
2000-08-10,9.781201
2000-08-11,9.920275
2000-08-14,10.047751
2000-08-15,9.758027
2000-08-16,9.566807
2000-08-17,9.572601
2000-08-18,9.700079
2000-08-21,9.468292
2000-08-22,9.653721
2000-08-23,9.595780
2000-08-24,9.595780
2000-08-25,9.682698
2000-08-28,9.526244
2000-08-29,9.485685
2000-08-30,9.375587
2000-08-31,9.242314
2000-09-01,9.427739
2000-09-05,9.526244
2000-09-06,9.665312
2000-09-07,9.584188
2000-09-08,9.763822
2000-09-11,9.943453
2000-09-12,9.943453
2000-09-13,9.943453
2000-09-14,9.885500
2000-09-15,9.799675
2000-09-18,9.602170
2000-09-19,9.439514
2000-09-20,9.253632
2000-09-21,9.596360
2000-09-22,9.532458
2000-09-25,9.387239
2000-09-26,9.178121
2000-09-27,9.265249
2000-09-28,9.410478
2000-09-29,9.253632
2000-10-02,9.108410
2000-10-03,9.178121
2000-10-04,9.340760
2000-10-05,9.218782
2000-10-06,8.928332
2000-10-09,8.986422
2000-10-10,8.992231
2000-10-11,8.736640
2000-10-12,8.126702
2000-10-13,8.295158
2000-10-16,8.440386
2000-10-17,8.208031
2000-10-18,8.364865
2000-10-19,8.707591
2000-10-20,8.550750
2000-10-23,8.603031
2000-10-24,8.608839
2000-10-25,8.481047
2000-10-26,8.451997
2000-10-27,8.533326
2000-10-30,8.748255
2000-10-31,9.137456
2000-11-01,9.212976
2000-11-02,9.294294
2000-11-03,9.160689
2000-11-06,9.282677
2000-11-07,9.189728
2000-11-08,9.294294
2000-11-09,8.934137
2000-11-10,8.521706
2000-11-13,8.759876
2000-11-14,9.021276
2000-11-15,9.108410
2000-11-16,9.009663
2000-11-17,9.003847
2000-11-20,8.783108
2000-11-21,8.713399
2000-11-22,8.620457
2000-11-24,8.678551
2000-11-27,8.992231
2000-11-28,8.957379
2000-11-29,9.085168
2000-11-30,8.910905
2000-12-01,8.922523
2000-12-04,9.259444
2000-12-05,9.480183
2000-12-06,9.422091
2000-12-07,9.294294
2000-12-08,9.393052
2000-12-11,9.276871
2000-12-12,9.294294
2000-12-13,9.108410
2000-12-14,9.079369
2000-12-15,8.840044
2000-12-18,9.032215
2000-12-19,8.816751
2000-12-20,8.711926
2000-12-21,8.979806
2000-12-22,9.131219
2000-12-26,8.956512
2000-12-27,9.387453
2000-12-28,9.503921
2000-12-29,9.538857
2001-01-02,9.521395
2001-01-03,10.272619
2001-01-04,10.418203
2001-01-05,10.074621
2001-01-08,9.940683
2001-01-09,9.859150
2001-01-10,9.923212
2001-01-11,10.010556
2001-01-12,10.004734
2001-01-16,10.237676
2001-01-17,10.097911
2001-01-18,9.946506
2001-01-19,9.550506
2001-01-22,9.911559
2001-01-23,10.028035
2001-01-24,10.039684
2001-01-25,10.196912
2001-01-26,10.086267
2001-01-29,10.286598
2001-01-30,10.316411
2001-01-31,10.648113
2001-02-01,10.633206
2001-02-02,10.431947
2001-02-05,10.372317
2001-02-06,10.383498
2001-02-07,10.405859
2001-02-08,10.100247
2001-02-09,9.969798
2001-02-12,10.249326
2001-02-13,10.387223
2001-02-14,10.286598
2001-02-15,10.282870
2001-02-16,10.152424
2001-02-20,10.286598
2001-02-21,9.843081
2001-02-22,9.690275
2001-02-23,9.850533
2001-02-26,10.152424
2001-02-27,10.100247
2001-02-28,9.887800
2001-03-01,9.727537
2001-03-02,9.802085
2001-03-05,9.697723
2001-03-06,9.943707
2001-03-07,10.189693
2001-03-08,10.353684
2001-03-09,10.249326
2001-03-12,9.869171
2001-03-13,9.824448
2001-03-14,9.612010
2001-03-15,9.720084
2001-03-16,9.523274
2001-03-19,9.635313
2001-03-20,9.657721
2001-03-21,9.597965
2001-03-22,9.299191
2001-03-23,9.403768
2001-03-26,9.568091
2001-03-27,9.777225
2001-03-28,9.616641
2001-03-29,9.710008
2001-03-30,9.743615
2001-04-02,9.747346
2001-04-03,9.418702
2001-04-04,9.519538
2001-04-05,9.732409
2001-04-06,9.702535
2001-04-09,9.612901
2001-04-10,9.710008
2001-04-11,9.601698
2001-04-12,9.437377
2001-04-16,9.482190
2001-04-17,9.612901
2001-04-18,10.202969
2001-04-19,10.232850
2001-04-20,10.124550
2001-04-23,10.057323
2001-04-24,9.881802
2001-04-25,9.889268
2001-04-26,10.135752
2001-04-27,10.378496
2001-04-30,10.195503
2001-05-01,10.307545
2001-05-02,10.389703
2001-05-03,10.270197
2001-05-04,10.363566
2001-05-07,10.285139
2001-05-08,10.277669
2001-05-09,10.120815
2001-05-10,10.412109
2001-05-11,10.456928
2001-05-14,10.430783
2001-05-15,10.393439
2001-05-16,10.520417
2001-05-17,10.681010
2001-05-18,10.673537
2001-05-21,10.793042
2001-05-22,10.830390
2001-05-23,10.636188
2001-05-24,10.598843
2001-05-25,10.546556
2001-05-29,10.464396
2001-05-30,10.273930
2001-05-31,10.438254
2001-06-01,10.400907
2001-06-04,10.367294
2001-06-05,10.490536
2001-06-06,10.382235
2001-06-07,10.460663
2001-06-08,10.498007
2001-06-11,10.341156
2001-06-12,10.419580
2001-06-13,10.307545
2001-06-14,10.199244
2001-06-15,10.097812
2001-06-18,10.206347
2001-06-19,10.240036
2001-06-20,10.389739
2001-06-21,10.576880
2001-06-22,10.472082
2001-06-25,10.337348
2001-06-26,10.198867
2001-06-27,10.150209
2001-06-28,10.311148
2001-06-29,10.356059
2001-07-02,10.457117
2001-07-03,10.438396
2001-07-05,10.225060
2001-07-06,9.981786
2001-07-09,10.052896
2001-07-10,10.007985
2001-07-11,10.116526
2001-07-12,10.554420
2001-07-13,10.726583
2001-07-16,10.756526
2001-07-17,10.816414
2001-07-18,10.823900
2001-07-19,10.898752
2001-07-20,10.909979
2001-07-23,10.707871
2001-07-24,10.554420
2001-07-25,10.760267
2001-07-26,10.771497
2001-07-27,10.741559
2001-07-30,10.812670
2001-07-31,10.816414
2001-08-01,10.805182
2001-08-02,10.872554
2001-08-03,10.801437
2001-08-06,10.606819
2001-08-07,10.726583
2001-08-08,10.591845
2001-08-09,10.554420
2001-08-10,10.546934
2001-08-13,10.427164
2001-08-14,10.457117
2001-08-15,10.367284
2001-08-16,10.445880
2001-08-17,10.172660
2001-08-20,10.299911
2001-08-21,10.045413
2001-08-22,10.071609
2001-08-23,10.019213
2001-08-24,10.210090
2001-08-27,10.198867
2001-08-28,10.112781
2001-08-29,9.925650
2001-08-30,9.723538
2001-08-31,9.869504
2001-09-04,9.921901
2001-09-05,9.925650
2001-09-06,9.566348
2001-09-07,9.218274
2001-09-10,9.139679
2001-09-17,8.290088
2001-09-18,8.338737
2001-09-19,8.147862
2001-09-20,7.867159
2001-09-21,7.902069
2001-09-24,8.337531
2001-09-25,8.360054
2001-09-26,8.386333
2001-09-27,8.408856
2001-09-28,8.622832
2001-10-01,8.615319
2001-10-02,8.855578
2001-10-03,9.167155
2001-10-04,8.971950
2001-10-05,9.047029
2001-10-08,8.863082
2001-10-09,8.870592
2001-10-10,9.238480
2001-10-11,9.535044
2001-10-12,9.328577
2001-10-15,9.302299
2001-10-16,9.396145
2001-10-17,9.159647
2001-10-18,9.159647
2001-10-19,9.032017
2001-10-22,9.234727
2001-10-23,9.253497
2001-10-24,9.215956
2001-10-25,9.302299
2001-10-26,9.399905
2001-10-29,9.073310
2001-10-30,8.900626
2001-10-31,9.077061
2001-11-01,9.245992
2001-11-02,9.384881
2001-11-05,9.606369
2001-11-06,9.722740
2001-11-07,9.655167
2001-11-08,9.737754
2001-11-09,9.685196
2001-11-12,9.718986
2001-11-13,9.966747
2001-11-14,10.191987
2001-11-15,10.191987
2001-11-16,10.079368
2001-11-19,10.413469
2001-11-20,10.285836
2001-11-21,10.188234
2001-11-23,10.304603
2001-11-26,10.387190
2001-11-27,10.199492
2001-11-28,10.135674
2001-11-29,10.207000
2001-11-30,10.285836
2001-12-03,10.135674
2001-12-04,10.360913
2001-12-05,10.668736
2001-12-06,10.548611
2001-12-07,10.552364
2001-12-10,10.413469
2001-12-11,10.342146
2001-12-12,10.360913
2001-12-13,10.244537
2001-12-14,10.327127
2001-12-17,10.439744
2001-12-18,10.548611
2001-12-19,10.601161
2001-12-20,10.537348
2001-12-21,10.689244
2001-12-24,10.726846
2001-12-26,10.828364
2001-12-27,10.839642
2001-12-28,10.918595
2001-12-31,10.753166
2002-01-02,10.786999
2002-01-03,10.753166
2002-01-04,10.929881
2002-01-07,10.865962
2002-01-08,10.903556
2002-01-09,10.753166
2002-01-10,10.828364
2002-01-11,10.625327
2002-01-14,10.546372
2002-01-15,10.614051
2002-01-16,10.433578
2002-01-17,10.557650
2002-01-18,10.527572
2002-01-22,10.595248
2002-01-23,10.824595
2002-01-24,10.828364
2002-01-25,10.715569
2002-01-28,10.899793
2002-01-29,10.670446
2002-01-30,10.941157
2002-01-31,11.106585
2002-02-01,10.993793
2002-02-04,10.809562
2002-02-05,10.798281
2002-02-06,10.711803
2002-02-07,10.583972
2002-02-08,10.677964
2002-02-11,10.997553
2002-02-12,10.903556
2002-02-13,11.065230
2002-02-14,11.106585
2002-02-15,10.978754
2002-02-19,10.850919
2002-02-20,11.065230
2002-02-21,10.959955
2002-02-22,10.974997
2002-02-25,11.159228
2002-02-26,11.279544
2002-02-27,11.260742
2002-02-28,11.166745
2002-03-01,11.272027
2002-03-04,11.441214
2002-03-05,11.106585
2002-03-06,11.260742
2002-03-07,11.347218
2002-03-08,11.411137
2002-03-11,11.358499
2002-03-12,11.381062
2002-03-13,11.354733
2002-03-14,11.354733
2002-03-15,11.500802
2002-03-18,11.504571
2002-03-19,11.553511
2002-03-20,11.508334
2002-03-21,11.365279
2002-03-22,11.312573
2002-03-25,11.105522
2002-03-26,11.256108
2002-03-27,11.331399
2002-03-28,11.308811
2002-04-01,11.097997
2002-04-02,10.898470
2002-04-03,10.815649
2002-04-04,10.962466
2002-04-05,11.030227
2002-04-08,11.195874
2002-04-09,11.274930
2002-04-10,11.406691
2002-04-11,11.233518
2002-04-12,11.463161
2002-04-15,11.289985
2002-04-16,11.455627
2002-04-17,11.338925
2002-04-18,11.263636
2002-04-19,11.312573
2002-04-22,11.203402
2002-04-23,11.222226
2002-04-24,11.124348
2002-04-25,11.154463
2002-04-26,11.086702
2002-04-29,10.966229
2002-04-30,10.992584
2002-05-01,11.052817
2002-05-02,11.154463
2002-05-03,11.003879
2002-05-06,10.804357
2002-05-07,10.962466
2002-05-08,11.124348
2002-05-09,10.954943
2002-05-10,10.774235
2002-05-13,10.890942
2002-05-14,11.278691
2002-05-15,11.210937
2002-05-16,11.293753
2002-05-17,11.387866
2002-05-20,11.350222
2002-05-21,11.067878
2002-05-22,11.018936
2002-05-23,11.124348
2002-05-24,11.037761
2002-05-28,10.864592
2002-05-29,10.842005
2002-05-30,10.747889
2002-05-31,10.936116
2002-06-03,10.646247
2002-06-04,10.586010
2002-06-05,10.804357
2002-06-06,10.634948
2002-06-07,10.646247
2002-06-10,10.823178
2002-06-11,10.766714
2002-06-12,10.857057
2002-06-13,10.608599
2002-06-14,10.540833
2002-06-17,10.819411
2002-06-18,10.785533
2002-06-19,10.740358
2002-06-20,10.582244
2002-06-21,10.416679
2002-06-24,10.529820
2002-06-25,10.352568
2002-06-26,10.258281
2002-06-27,10.318621
2002-06-28,10.360111
2002-07-01,10.047081
2002-07-02,9.907537
2002-07-03,10.035765
2002-07-05,10.431765
2002-07-08,10.288453
2002-07-09,10.054620
2002-07-10,9.726515
2002-07-11,9.718966
2002-07-12,9.594512
2002-07-15,9.447422
2002-07-16,9.190964
2002-07-17,9.141937
2002-07-18,8.991077
2002-07-19,8.553594
2002-07-22,8.414051
2002-07-23,8.278279
2002-07-24,8.764793
2002-07-25,8.621479
2002-07-26,8.723307
2002-07-29,9.202277
2002-07-30,9.168341
2002-07-31,9.123080
2002-08-01,8.843998
2002-08-02,8.451768
2002-08-05,8.255651
2002-08-06,8.500793
2002-08-07,8.621479
2002-08-08,8.734625
2002-08-09,8.768565
2002-08-12,8.644110
2002-08-13,8.546050
2002-08-14,9.013711
2002-08-15,9.383309
2002-08-16,9.371994
2002-08-19,9.590742
2002-08-20,9.522849
2002-08-21,9.681252
2002-08-22,9.828339
2002-08-23,9.556794
2002-08-26,9.613365
2002-08-27,9.417253
2002-08-28,9.307883
2002-08-29,9.394627
2002-08-30,9.398396
2002-09-03,9.062740
2002-09-04,9.232451
2002-09-05,9.062740
2002-09-06,9.345593
2002-09-09,9.470055
2002-09-10,9.586966
2002-09-11,9.590742
2002-09-12,9.353135
2002-09-13,9.447422
2002-09-16,9.473824
2002-09-17,9.368220
2002-09-18,9.379539
2002-09-19,9.051425
2002-09-20,9.187369
2002-09-23,8.900377
2002-09-24,8.760664
2002-09-25,8.934362
2002-09-26,9.149599
2002-09-27,8.881500
2002-09-30,8.560524
2002-10-01,8.798426
2002-10-02,8.602063
2002-10-03,8.560524
2002-10-04,8.451016
2002-10-07,8.122496
2002-10-08,8.364168
2002-10-09,8.062072
2002-10-10,8.205567
2002-10-11,8.602063
2002-10-14,8.670034
2002-10-15,9.100514
2002-10-16,8.938135
2002-10-17,9.036322
2002-10-18,9.160932
2002-10-21,9.364841
2002-10-22,9.311978
2002-10-23,9.417707
2002-10-24,9.300650
2002-10-25,9.489457
2002-10-28,9.338412
2002-10-29,9.327082
2002-10-30,9.164707
2002-10-31,9.138275
2002-11-01,9.274216
2002-11-04,9.232677
2002-11-05,9.357290
2002-11-06,9.463020
2002-11-07,9.232677
2002-11-08,9.111843
2002-11-11,8.964576
2002-11-12,9.100514
2002-11-13,9.126947
2002-11-14,9.383724
2002-11-15,9.459247
2002-11-18,9.304426
2002-11-19,9.111843
2002-11-20,9.198690
2002-11-21,9.440363
2002-11-22,9.466805
2002-11-25,9.527214
2002-11-26,9.266665
2002-11-27,9.651835
2002-11-29,9.561204
2002-12-02,9.629176
2002-12-03,9.327082
2002-12-04,9.327082
2002-12-05,9.262883
2002-12-06,9.251562
2002-12-09,8.949464
2002-12-10,9.111843
2002-12-11,9.100514
2002-12-12,9.043872
2002-12-13,8.881500
2002-12-16,9.100514
2002-12-17,8.968349
2002-12-18,8.855067
2002-12-19,8.775764
2002-12-20,8.886662
2002-12-23,8.761765
2002-12-24,8.716344
2002-12-26,8.814748
2002-12-27,8.610365
2002-12-30,8.693631
2002-12-31,8.746623
2003-01-02,9.075899
2003-01-03,8.867732
2003-01-06,9.030482
2003-01-07,8.981279
2003-01-08,8.898010
2003-01-09,9.144024
2003-01-10,9.166729
2003-01-13,9.212150
2003-01-14,9.223504
2003-01-15,9.113742
2003-01-16,9.079682
2003-01-17,8.988851
2003-01-21,8.735264
2003-01-22,8.610365
2003-01-23,8.810965
2003-01-24,8.564957
2003-01-27,8.428701
2003-01-28,8.553598
2003-01-29,8.629292
2003-01-30,8.383284
2003-01-31,8.455194
2003-02-03,8.485477
2003-02-04,8.311372
2003-02-05,8.288663
2003-02-06,8.258387
2003-02-07,8.194044
2003-02-10,8.197833
2003-02-11,8.228106
2003-02-12,8.159979
2003-02-13,8.057794
2003-02-14,8.231891
2003-02-18,8.458982
2003-02-19,8.341654
2003-02-20,8.262166
2003-02-21,8.387067
2003-02-24,8.152410
2003-02-25,8.318940
2003-02-26,8.205399
2003-02-27,8.318940
2003-02-28,8.417347
2003-03-03,8.288663
2003-03-04,8.057794
2003-03-05,8.159979
2003-03-06,8.065358
2003-03-07,8.186470
2003-03-10,7.993453
2003-03-11,7.925327
2003-03-12,7.910188
2003-03-13,8.330300
2003-03-14,8.345437
2003-03-17,8.746623
2003-03-18,8.689853
2003-03-19,8.856381
2003-03-20,8.924504
2003-03-21,9.202715
2003-03-24,8.781996
2003-03-25,8.910864
2003-03-26,8.922235
2003-03-27,8.888123
2003-03-28,8.797157
2003-03-31,8.615220
2003-04-01,8.717556
2003-04-02,8.944974
2003-04-03,8.990459
2003-04-04,9.054894
2003-04-07,9.134485
2003-04-08,9.142070
2003-04-09,9.020774
2003-04-10,9.123116
2003-04-11,9.028360
2003-04-14,9.259560
2003-04-15,9.327790
2003-04-16,9.198924
2003-04-17,9.373272
2003-04-21,9.377065
2003-04-22,9.566577
2003-04-23,9.665122
2003-04-24,9.513510
2003-04-25,9.369481
2003-04-28,9.585524
2003-04-29,9.665122
2003-04-30,9.623426
2003-05-01,9.536251
2003-05-02,9.627216
2003-05-05,9.593108
2003-05-06,9.718184
2003-05-07,9.710606
2003-05-08,9.619635
2003-05-09,9.729553
2003-05-12,9.877374
2003-05-13,9.866003
2003-05-14,9.790199
2003-05-15,9.812938
2003-05-16,9.828105
2003-05-19,9.532459
2003-05-20,9.536251
2003-05-21,9.577948
2003-05-22,9.740925
2003-05-23,9.706810
2003-05-27,9.930437
2003-05-28,9.934227
2003-05-29,9.922859
2003-05-30,10.135113
2003-06-02,10.229864
2003-06-03,10.214702
2003-06-04,10.373895
2003-06-05,10.430751
2003-06-06,10.377687
2003-06-09,10.229864
2003-06-10,10.343573
2003-06-11,10.457283
2003-06-12,10.521710
2003-06-13,10.408008
2003-06-16,10.650582
2003-06-17,10.650582
2003-06-18,10.552040
2003-06-19,10.377687
2003-06-20,10.392113
2003-06-23,10.263062
2003-06-24,10.263062
2003-06-25,10.202330
2003-06-26,10.278242
2003-06-27,10.217517
2003-06-30,10.282040
2003-07-01,10.259264
2003-07-02,10.354155
2003-07-03,10.342768
2003-07-07,10.551521
2003-07-08,10.699549
2003-07-09,10.566703
2003-07-10,10.430063
2003-07-11,10.585679
2003-07-14,10.642612
2003-07-15,10.578094
2003-07-16,10.547724
2003-07-17,10.426267
2003-07-18,10.494587
2003-07-21,10.376927
2003-07-22,10.452838
2003-07-23,10.407294
2003-07-24,10.395900
2003-07-25,10.532546
2003-07-28,10.585679
2003-07-29,10.517359
2003-07-30,10.449044
2003-07-31,10.471817
2003-08-01,10.460435
2003-08-04,10.380726
2003-08-05,10.209928
2003-08-06,10.244081
2003-08-07,10.331386
2003-08-08,10.430063
2003-08-11,10.475607
2003-08-12,10.616045
2003-08-13,10.578094
2003-08-14,10.627433
2003-08-15,10.703344
2003-08-18,10.764067
2003-08-19,10.775455
2003-08-20,10.839980
2003-08-21,10.923483
2003-08-22,10.775455
2003-08-25,10.741295
2003-08-26,10.813409
2003-08-27,10.828593
2003-08-28,10.904504
2003-08-29,11.006981
2003-09-02,11.158800
2003-09-03,11.155004
2003-09-04,11.189168
2003-09-05,11.079093
2003-09-08,11.082891
2003-09-09,10.866549
2003-09-10,10.729911
2003-09-11,10.817204
2003-09-12,10.779252
2003-09-15,10.817204
2003-09-16,10.976619
2003-09-17,10.972824
2003-09-18,11.044934
2003-09-19,10.979566
2003-09-22,10.812349
2003-09-23,10.911159
2003-09-24,10.698334
2003-09-25,10.656530
2003-09-26,10.538715
2003-09-29,10.523514
2003-09-30,10.481709
2003-10-01,10.770542
2003-10-02,10.827550
2003-10-03,10.949160
2003-10-06,11.028975
2003-10-07,11.074578
2003-10-08,10.994774
2003-10-09,11.135390
2003-10-10,11.158195
2003-10-13,11.272212
2003-10-14,11.333015
2003-10-15,11.287407
2003-10-16,11.336812
2003-10-17,11.177191
2003-10-20,11.165792
2003-10-21,11.199997
2003-10-22,11.044175
2003-10-23,11.044175
2003-10-24,11.055579
2003-10-27,11.177191
2003-10-28,11.428022
2003-10-29,11.405223
2003-10-30,11.443225
2003-10-31,11.435624
2003-11-03,11.523039
2003-11-04,11.454623
2003-11-05,11.443225
2003-11-06,11.526836
2003-11-07,11.557237
2003-11-10,11.420425
2003-11-11,11.401421
2003-11-12,11.515439
2003-11-13,11.473636
2003-11-14,11.348213
2003-11-17,11.245601
2003-11-18,11.101183
2003-11-19,11.173390
2003-11-20,11.161991
2003-11-21,11.211399
2003-11-24,11.435624
2003-11-25,11.545837
2003-11-26,11.542037
2003-11-28,11.538238
2003-12-01,11.648453
2003-12-02,11.561043
2003-12-03,11.515439
2003-12-04,11.488835
2003-12-05,11.371017
2003-12-08,11.420425
2003-12-09,11.363418
2003-12-10,11.310207
2003-12-11,11.485031
2003-12-12,11.545837
2003-12-15,11.496436
2003-12-16,11.469829
2003-12-17,11.576242
2003-12-18,11.724463
2003-12-19,11.760284
2003-12-22,11.798391
2003-12-23,11.836501
2003-12-24,11.790771
2003-12-26,11.844120
2003-12-29,11.950825
2003-12-30,11.912715
2003-12-31,12.000370
2004-01-02,11.897474
2004-01-05,12.000370
2004-01-06,12.046097
2004-01-07,12.099446
2004-01-08,12.061339
2004-01-09,12.011801
2004-01-12,11.985123
2004-01-13,11.966069
2004-01-14,12.061339
2004-01-15,12.095639
2004-01-16,12.095639
2004-01-20,12.007987
2004-01-21,12.156612
2004-01-22,12.251883
2004-01-23,12.213773
2004-01-26,12.236642
2004-01-27,12.152803
2004-01-28,11.863174
2004-01-29,11.939400
2004-01-30,11.931770
2004-02-02,11.897474
2004-02-03,11.832687
2004-02-04,11.817448
2004-02-05,11.908912
2004-02-06,12.034665
2004-02-09,12.049910
2004-02-10,12.152803
2004-02-11,12.274748
2004-02-12,12.213773
2004-02-13,12.091829
2004-02-17,12.248073
2004-02-18,12.175668
2004-02-19,12.187099
2004-02-20,12.095639
2004-02-23,12.007987
2004-02-24,12.030852
2004-02-25,12.095639
2004-02-26,12.171855
2004-02-27,12.190910
2004-03-01,12.267125
2004-03-02,12.232829
2004-03-03,12.244261
2004-03-04,12.293802
2004-03-05,12.381455
2004-03-08,12.209963
2004-03-09,12.129937
2004-03-10,11.981315
2004-03-11,11.760284
2004-03-12,11.947018
2004-03-15,11.710743
2004-03-16,11.813634
2004-03-17,11.981315
2004-03-18,11.950825
2004-03-19,11.882900
2004-03-22,11.699732
2004-03-23,11.676840
2004-03-24,11.734079
2004-03-25,11.940145
2004-03-26,11.928690
2004-03-29,12.039354
2004-03-30,12.130940
2004-03-31,12.115672
2004-04-01,12.169100
2004-04-02,12.279760
2004-04-05,12.405686
2004-04-06,12.378979
2004-04-07,12.287394
2004-04-08,12.211072
2004-04-12,12.314110
2004-04-13,12.085147
2004-04-14,12.066069
2004-04-15,12.054619
2004-04-16,12.169100
2004-04-19,12.176731
2004-04-20,12.100412
2004-04-21,12.115672
2004-04-22,12.359895
2004-04-23,12.310290
2004-04-26,12.211072
2004-04-27,12.295025
2004-04-28,12.150023
2004-04-29,12.069884
2004-04-30,11.978299
2004-05-03,12.039354
2004-05-04,12.016462
2004-05-05,12.043175
2004-05-06,11.863821
2004-05-07,11.577622
2004-05-10,11.432616
2004-05-11,11.600522
2004-05-12,11.638679
2004-05-13,11.600522
2004-05-14,11.604335
2004-05-17,11.421175
2004-05-18,11.600522
2004-05-19,11.550915
2004-05-20,11.577622
2004-05-21,11.634861
2004-05-24,11.756975
2004-05-25,11.993563
2004-05-26,12.001195
2004-05-27,12.054619
2004-05-28,12.054619
2004-06-01,12.043175
2004-06-02,12.088965
2004-06-03,12.012641
2004-06-04,12.062252
2004-06-07,12.230154
2004-06-08,12.272132
2004-06-09,12.180546
2004-06-10,12.230154
2004-06-14,12.073699
2004-06-15,12.146203
2004-06-16,12.157649
2004-06-17,12.188180
2004-06-18,12.185121
2004-06-21,12.143094
2004-06-22,12.089595
2004-06-23,12.185121
2004-06-24,12.188944
2004-06-25,12.177482
2004-06-28,12.154552
2004-06-29,12.062848
2004-06-30,12.085781
2004-07-01,12.013176
2004-07-02,11.948218
2004-07-06,11.871800
2004-07-07,11.837417
2004-07-08,11.676929
2004-07-09,11.741888
2004-07-12,11.772453
2004-07-13,11.818305
2004-07-14,11.768637
2004-07-15,11.711321
2004-07-16,11.581404
2004-07-19,11.535556
2004-07-20,11.665468
2004-07-21,11.562303
2004-07-22,11.581404
2004-07-23,11.512627
2004-07-26,11.413284
2004-07-27,11.608155
2004-07-28,11.558477
2004-07-29,11.615797
2004-07-30,11.627254
2004-08-02,11.696035
2004-08-03,11.577587
2004-08-04,11.516448
2004-08-05,11.313931
2004-08-06,11.149635
2004-08-09,11.134351
2004-08-10,11.298655
2004-08-11,11.218411
2004-08-12,11.065574
2004-08-13,11.092323
2004-08-16,11.355964
2004-08-17,11.501163
2004-08-18,11.600513
2004-08-19,11.547021
2004-08-20,11.650181
2004-08-23,11.589048
2004-08-24,11.619611
2004-08-25,11.707497
2004-08-26,11.703678
2004-08-27,11.703678
2004-08-30,11.611975
2004-08-31,11.604332
2004-09-01,11.642543
2004-09-02,11.825948
2004-09-03,11.814482
2004-09-07,11.894727
2004-09-08,11.856515
2004-09-09,11.795382
2004-09-10,11.902371
2004-09-13,11.940577
2004-09-14,11.994069
2004-09-15,11.925294
2004-09-16,11.997891
2004-09-17,12.023149
2004-09-20,11.931310
2004-09-21,12.023149
2004-09-22,11.862432
2004-09-23,11.904527
2004-09-24,11.938962
2004-09-27,11.854782
2004-09-28,11.847123
2004-09-29,11.889218
2004-09-30,11.938962
2004-10-01,12.088201
2004-10-04,12.202998
2004-10-05,12.187693
2004-10-06,12.252745
2004-10-07,12.164734
2004-10-08,12.069066
2004-10-11,12.114986
2004-10-12,12.084378
2004-10-13,12.046103
2004-10-14,11.942789
2004-10-15,12.026972
2004-10-18,12.111158
2004-10-19,12.034626
2004-10-20,11.969581
2004-10-21,12.076722
2004-10-22,11.973405
2004-10-25,11.961923
2004-10-26,12.160911
2004-10-27,12.367542
2004-10-28,12.436420
2004-10-29,12.421114
2004-11-01,12.470857
2004-11-02,12.516777
2004-11-03,12.547398
2004-11-04,12.822905
2004-11-05,12.868823
2004-11-08,12.876479
2004-11-09,12.887957
2004-11-10,12.887957
2004-11-11,13.006586
2004-11-12,13.090770
2004-11-15,13.129028
2004-11-16,13.006586
2004-11-17,13.018063
2004-11-18,13.079284
2004-11-19,12.914747
2004-11-22,12.995103
2004-11-23,13.067810
2004-11-24,13.155816
2004-11-26,13.171127
2004-11-29,13.083112
2004-11-30,12.941528
2004-12-01,13.144337
2004-12-02,13.159646
2004-12-03,13.117552
2004-12-06,13.094599
2004-12-07,13.002756
2004-12-08,13.079284
2004-12-09,13.178775
2004-12-10,13.163474
2004-12-13,13.209389
2004-12-14,13.278272
2004-12-15,13.335666
2004-12-16,13.312707
2004-12-17,13.254359
2004-12-20,13.239010
2004-12-21,13.311943
2004-12-22,13.404063
2004-12-23,13.381035
2004-12-27,13.388717
2004-12-28,13.546096
2004-12-29,13.557611
2004-12-30,13.595991
2004-12-31,13.546096
2005-01-03,13.457810
2005-01-04,13.300426
2005-01-05,13.250525
2005-01-06,13.181434
2005-01-07,13.177589
2005-01-10,13.227495
2005-01-11,13.143044
2005-01-12,13.219817
2005-01-13,13.123857
2005-01-14,13.246688
2005-01-18,13.358003
2005-01-19,13.223655
2005-01-20,12.985675
2005-01-21,12.939604
2005-01-24,12.812932
2005-01-25,12.847484
2005-01-26,12.916575
2005-01-27,12.889706
2005-01-28,12.828289
2005-01-31,12.966477
2005-02-01,12.977994
2005-02-02,13.016376
2005-02-03,12.989509
2005-02-04,13.108500
2005-02-07,13.143044
2005-02-08,13.112343
2005-02-09,12.966477
2005-02-10,13.020215
2005-02-11,13.085470
2005-02-14,13.066277
2005-02-15,13.169915
2005-02-16,13.146883
2005-02-17,13.081630
2005-02-18,13.054766
2005-02-22,12.797582
2005-02-23,12.878192
2005-02-24,12.889706
2005-02-25,12.951120
2005-02-28,12.897382
2005-03-01,13.043248
2005-03-02,13.050930
2005-03-03,13.035567
2005-03-04,13.146883
2005-03-07,13.158402
2005-03-08,13.089309
2005-03-09,12.943446
2005-03-10,12.966477
2005-03-11,12.951120
2005-03-14,12.970315
2005-03-15,12.985675
2005-03-16,12.908898
2005-03-17,12.920413
2005-03-18,12.846608
2005-03-21,12.785105
2005-03-22,12.677480
2005-03-23,12.635189
2005-03-24,12.654409
2005-03-28,12.742822
2005-03-29,12.581372
2005-03-30,12.785105
2005-03-31,12.746665
2005-04-01,12.646724
2005-04-04,12.681319
2005-04-05,12.758197
2005-04-06,12.704385
2005-04-07,12.762040
2005-04-08,12.662098
2005-04-11,12.592907
2005-04-12,12.712070
2005-04-13,12.519869
2005-04-14,12.346893
2005-04-15,12.097033
2005-04-18,12.120095
2005-04-19,12.135473
2005-04-20,11.935577
2005-04-21,12.231573
2005-04-22,12.047063
2005-04-25,12.154694
2005-04-26,12.070125
2005-04-27,12.085502
2005-04-28,11.908674
2005-04-29,11.935577
2005-05-02,11.997093
2005-05-03,12.043213
2005-05-04,12.300759
2005-05-05,12.227726
2005-05-06,12.227726
2005-05-09,12.296918
2005-05-10,12.147005
2005-05-11,12.143159
2005-05-12,12.081656
2005-05-13,12.073964
2005-05-16,12.223882
2005-05-17,12.327673
2005-05-18,12.569845
2005-05-19,12.669783
2005-05-20,12.635189
2005-05-23,12.715913
2005-05-24,12.692851
2005-05-25,12.654409
2005-05-26,12.719754
2005-05-27,12.719754
2005-05-31,12.673628
2005-06-01,12.727445
2005-06-02,12.792793
2005-06-03,12.700538
2005-06-06,12.719754
2005-06-07,12.738976
2005-06-08,12.685166
2005-06-09,12.735136
2005-06-10,12.735136
2005-06-13,12.754351
2005-06-14,12.888889
2005-06-15,12.888889
2005-06-16,12.915801
2005-06-17,12.969311
2005-06-20,12.977007
2005-06-21,12.984707
2005-06-22,12.980860
2005-06-23,12.753735
2005-06-24,12.642095
2005-06-27,12.584351
2005-06-28,12.761431
2005-06-29,12.684443
2005-06-30,12.618994
2005-07-01,12.649795
2005-07-05,12.769132
2005-07-06,12.653642
2005-07-07,12.692137
2005-07-08,12.888469
2005-07-11,12.957767
2005-07-12,13.042451
2005-07-13,13.007806
2005-07-14,13.077106
2005-07-15,13.130990
2005-07-18,13.142543
2005-07-19,13.223389
2005-07-20,13.273430
2005-07-21,13.242635
2005-07-22,13.308080
2005-07-25,13.204139
2005-07-26,13.311924
2005-07-27,13.346578
2005-07-28,13.481311
2005-07-29,13.335019
2005-08-01,13.338871
2005-08-02,13.404314
2005-08-03,13.346578
2005-08-04,13.231084
2005-08-05,13.130990
2005-08-08,13.100196
2005-08-09,13.246483
2005-08-10,13.238780
2005-08-11,13.296525
2005-08-12,13.261877
2005-08-15,13.358123
2005-08-16,13.080950
2005-08-17,13.157942
2005-08-18,13.104051
2005-08-19,13.038603
2005-08-22,13.030906
2005-08-23,12.988564
2005-08-24,12.896166
2005-08-25,12.930815
2005-08-26,12.876924
2005-08-29,12.915420
2005-08-30,12.784535
2005-08-31,12.896166
2005-09-01,12.769132
2005-09-02,12.722939
2005-09-06,12.942362
2005-09-07,13.034756
2005-09-08,12.911568
2005-09-09,13.019355
2005-09-12,13.054001
2005-09-13,12.865366
2005-09-14,12.746036
2005-09-15,12.769132
2005-09-16,12.780314
2005-09-19,12.626055
2005-09-20,12.406233
2005-09-21,12.209558
2005-09-22,12.406233
2005-09-23,12.452516
2005-09-26,12.437092
2005-09-27,12.433237
2005-09-28,12.321397
2005-09-29,12.444802
2005-09-30,12.529649
2005-10-03,12.494939
2005-10-04,12.410096
2005-10-05,12.201843
2005-10-06,12.213415
2005-10-07,12.224984
2005-10-10,12.132430
2005-10-11,12.086153
2005-10-12,11.951172
2005-10-13,11.985885
2005-10-14,12.105436
2005-10-17,12.128573
2005-10-18,12.001308
2005-10-19,12.228843
2005-10-20,12.078438
2005-10-21,12.063012
2005-10-24,12.271263
2005-10-25,12.182567
2005-10-26,12.109290
2005-10-27,11.866336
2005-10-28,12.074582
2005-10-31,12.275120
2005-11-01,12.282835
2005-11-02,12.498789
2005-11-03,12.502645
2005-11-04,12.548932
2005-11-07,12.649195
2005-11-08,12.506508
2005-11-09,12.502645
2005-11-10,12.691615
2005-11-11,12.730185
2005-11-14,12.737894
2005-11-15,12.548932
2005-11-16,12.541217
2005-11-17,12.707044
2005-11-18,12.791882
2005-11-21,12.838161
2005-11-22,12.896011
2005-11-23,12.988567
2005-11-25,12.988567
2005-11-28,12.869012
2005-11-29,12.849729
2005-11-30,12.764890
2005-12-01,12.911432
2005-12-02,12.953856
2005-12-05,12.876718
2005-12-06,12.915296
2005-12-07,12.903723
2005-12-08,12.849729
2005-12-09,12.869012
2005-12-12,12.884438
2005-12-13,12.942287
2005-12-14,13.007846
2005-12-15,12.980853
2005-12-16,12.950229
2005-12-19,12.810690
2005-12-20,12.783557
2005-12-21,12.795186
2005-12-22,12.799059
2005-12-23,12.822316
2005-12-27,12.713785
2005-12-28,12.737043
2005-12-29,12.733165
2005-12-30,12.655643
2006-01-03,12.791309
2006-01-04,12.802935
2006-01-05,12.814567
2006-01-06,12.919223
2006-01-09,13.051006
2006-01-10,13.054891
2006-01-11,13.120779
2006-01-12,13.004500
2006-01-13,13.008373
2006-01-17,12.938603
2006-01-18,12.895967
2006-01-19,12.992871
2006-01-20,12.771931
2006-01-23,12.764173
2006-01-24,12.892085
2006-01-25,12.845572
2006-01-26,12.899840
2006-01-27,12.957980
2006-01-30,12.926974
2006-01-31,12.880464
2006-02-01,12.923092
2006-02-02,12.907590
2006-02-03,12.845572
2006-02-06,12.841698
2006-02-07,12.764173
2006-02-08,12.853324
2006-02-09,12.849453
2006-02-10,12.895967
2006-02-13,12.864948
2006-02-14,13.008373
2006-02-15,13.066516
2006-02-16,13.109148
2006-02-17,13.031631
2006-02-21,12.961856
2006-02-22,13.058761
2006-02-23,12.988995
2006-02-24,12.965740
2006-02-27,13.082022
2006-02-28,12.973485
2006-03-01,13.070390
2006-03-02,12.985115
2006-03-03,12.977363
2006-03-06,12.895967
2006-03-07,12.837824
2006-03-08,12.861075
2006-03-09,12.810690
2006-03-10,12.930849
2006-03-13,12.926974
2006-03-14,13.066516
2006-03-15,13.140165
2006-03-16,13.167296
2006-03-17,13.189393
2006-03-20,13.158378
2006-03-21,13.084715
2006-03-22,13.127359
2006-03-23,13.119609
2006-03-24,13.100225
2006-03-27,13.096348
2006-03-28,13.026555
2006-03-29,13.142873
2006-03-30,13.088593
2006-03-31,13.049823
2006-04-03,13.003304
2006-04-04,13.076960
2006-04-05,13.162251
2006-04-06,13.189393
2006-04-07,13.131236
2006-04-10,13.111851
2006-04-11,13.007177
2006-04-12,12.995545
2006-04-13,13.026555
2006-04-17,12.960649
2006-04-18,13.150622
2006-04-19,13.104099
2006-04-20,13.154497
2006-04-21,13.053698
2006-04-24,13.049823
2006-04-25,13.030438
2006-04-26,13.119609
2006-04-27,13.224288
2006-04-28,13.216533
2006-05-01,13.142873
2006-05-02,13.154497
2006-05-03,13.189393
2006-05-04,13.263059
2006-05-05,13.418131
2006-05-08,13.437519
2006-05-09,13.476288
2006-05-10,13.484041
2006-05-11,13.348351
2006-05-12,13.216533
2006-05-15,13.251427
2006-05-16,13.158378
2006-05-17,12.976161
2006-05-18,12.968408
2006-05-19,13.057580
2006-05-22,12.964528
2006-05-23,12.867602
2006-05-24,12.886993
2006-05-25,13.011054
2006-05-26,13.053698
2006-05-30,12.855970
2006-05-31,12.995545
2006-06-01,13.197148
2006-06-02,13.170011
2006-06-05,12.960649
2006-06-06,12.894746
2006-06-07,12.898624
2006-06-08,12.879236
2006-06-09,12.848216
2006-06-12,12.677635
2006-06-13,12.576833
2006-06-14,12.634983
2006-06-15,12.910249
2006-06-16,12.879561
2006-06-19,12.809626
2006-06-20,12.762998
2006-06-21,12.887330
2006-06-22,12.786314
2006-06-23,12.774660
2006-06-26,12.840708
2006-06-27,12.677527
2006-06-28,12.689188
2006-06-29,12.965033
2006-06-30,12.972806
2006-07-03,12.992233
2006-07-05,12.871789
2006-07-06,12.879561
2006-07-07,12.782427
2006-07-10,12.797969
2006-07-11,12.786314
2006-07-12,12.584284
2006-07-13,12.355045
2006-07-14,12.195759
2006-07-17,12.281233
2006-07-18,12.207414
2006-07-19,12.452186
2006-07-20,12.289001
2006-07-21,12.176334
2006-07-24,12.440529
2006-07-25,12.553198
2006-07-26,12.409446
2006-07-27,12.382248
2006-07-28,12.533769
2006-07-31,12.541541
2006-08-01,12.424992
2006-08-02,12.526001
2006-08-03,12.603704
2006-08-04,12.607593
2006-08-07,12.580397
2006-08-08,12.452186
2006-08-09,12.281233
2006-08-10,12.448297
2006-08-11,12.444412
2006-08-14,12.479381
2006-08-15,12.654215
2006-08-16,12.782427
2006-08-17,12.860131
2006-08-18,12.856250
2006-08-21,12.716380
2006-08-22,12.704724
2006-08-23,12.592049
2006-08-24,12.526001
2006-08-25,12.526001
2006-08-28,12.650333
2006-08-29,12.743574
2006-08-30,12.751347
2006-08-31,12.790198
2006-09-01,12.895097
2006-09-05,12.933955
2006-09-06,12.774660
2006-09-07,12.817398
2006-09-08,12.933955
2006-09-11,13.034969
2006-09-12,13.338017
2006-09-13,13.392407
2006-09-14,13.357444
2006-09-15,13.414279
2006-09-18,13.344209
2006-09-19,13.371457
2006-09-20,13.468775
2006-09-21,13.394811
2006-09-22,13.383137
2006-09-25,13.589447
2006-09-26,13.706231
2006-09-27,13.682871
2006-09-28,13.678981
2006-09-29,13.605020
2006-10-02,13.636159
2006-10-03,13.752950
2006-10-04,13.951470
2006-10-05,13.990394
2006-10-06,13.963147
2006-10-09,14.060472
2006-10-10,14.146104
2006-10-11,14.111079
2006-10-12,14.297918
2006-10-13,14.258994
2006-10-16,14.247319
2006-10-17,14.196720
2006-10-18,14.208391
2006-10-19,14.200603
2006-10-20,14.181143
2006-10-23,14.367996
2006-10-24,14.422485
2006-10-25,14.371884
2006-10-26,14.570415
2006-10-27,14.426381
2006-10-30,14.515907
2006-10-31,14.484773
2006-11-01,14.371884
2006-11-02,14.356311
2006-11-03,14.247319
2006-11-06,14.422485
2006-11-07,14.461417
2006-11-08,14.531483
2006-11-09,14.484773
2006-11-10,14.531483
2006-11-13,14.550948
2006-11-14,14.710549
2006-11-15,14.765052
2006-11-16,14.862359
2006-11-17,14.835116
2006-11-20,14.776720
2006-11-21,14.819545
2006-11-22,14.850685
2006-11-24,14.772826
2006-11-27,14.558735
2006-11-28,14.550948
2006-11-29,14.652158
2006-11-30,14.667724
2006-12-01,14.648270
2006-12-04,14.803971
2006-12-05,14.928542
2006-12-06,14.916870
2006-12-07,14.846800
2006-12-08,14.877941
2006-12-11,14.932439
2006-12-12,14.850685
2006-12-13,14.928542
2006-12-14,15.084246
2006-12-15,15.020964
2006-12-18,15.009245
2006-12-19,15.017045
2006-12-20,15.013153
2006-12-21,14.946738
2006-12-22,14.935013
2006-12-26,14.981900
2006-12-27,15.079567
2006-12-28,15.063937
2006-12-29,14.985806
2007-01-03,15.048307
2007-01-04,15.044392
2007-01-05,14.942829
2007-01-08,14.966268
2007-01-09,15.048307
2007-01-10,15.126436
2007-01-11,15.294423
2007-01-12,15.337399
2007-01-16,15.392098
2007-01-17,15.392098
2007-01-18,15.478036
2007-01-19,15.474128
2007-01-22,15.376459
2007-01-23,15.431153
2007-01-24,15.489751
2007-01-25,15.243642
2007-01-26,15.169419
2007-01-29,15.208476
2007-01-30,15.251452
2007-01-31,15.415527
2007-02-01,15.470222
2007-02-02,15.513192
2007-02-05,15.462409
2007-02-06,15.517109
2007-02-07,15.591327
2007-02-08,15.560085
2007-02-09,15.415527
2007-02-12,15.341306
2007-02-13,15.474128
2007-02-14,15.556170
2007-02-15,15.606956
2007-02-16,15.587425
2007-02-20,15.700707
2007-02-21,15.638201
2007-02-22,15.603053
2007-02-23,15.567886
2007-02-26,15.435070
2007-02-27,14.903764
2007-02-28,14.954553
2007-03-01,14.868604
2007-03-02,14.759217
2007-03-05,14.563886
2007-03-06,14.813911
2007-03-07,14.798285
2007-03-08,14.915476
2007-03-09,14.946738
2007-03-12,14.927197
2007-03-13,14.653740
2007-03-14,14.626394
2007-03-15,14.657649
2007-03-16,14.605986
2007-03-19,14.821247
2007-03-20,14.930823
2007-03-21,15.165644
2007-03-22,15.122590
2007-03-23,15.130423
2007-03-26,15.056065
2007-03-27,14.962130
2007-03-28,14.793844
2007-03-29,14.844727
2007-03-30,14.883857
2007-04-02,14.934740
2007-04-03,15.126510
2007-04-04,15.083460
2007-04-05,15.204789
2007-04-09,15.193043
2007-04-10,15.224356
2007-04-11,15.106946
2007-04-12,15.212605
2007-04-13,15.224356
2007-04-16,15.376985
2007-04-17,15.439607
2007-04-18,15.427869
2007-04-19,15.306538
2007-04-20,15.486572
2007-04-23,15.455256
2007-04-24,15.400470
2007-04-25,15.557023
2007-04-26,15.533537
2007-04-27,15.431780
2007-04-30,15.236089
2007-05-01,15.279143
2007-05-02,15.455256
2007-05-03,15.423951
2007-05-04,15.459170
2007-05-07,15.459170
2007-05-08,15.392640
2007-05-09,15.486572
2007-05-10,15.318285
2007-05-11,15.380902
2007-05-14,15.380902
2007-05-15,15.326110
2007-05-16,15.380902
2007-05-17,15.404377
2007-05-18,15.545282
2007-05-21,15.603980
2007-05-22,15.588336
2007-05-23,15.596152
2007-05-24,15.470922
2007-05-25,15.525704
2007-05-29,15.513964
2007-05-30,15.654868
2007-05-31,15.694001
2007-06-01,15.784011
2007-06-04,15.815315
2007-06-05,15.721399
2007-06-06,15.521791
2007-06-07,15.232178
2007-06-08,15.427869
2007-06-11,15.376985
2007-06-12,15.251745
2007-06-13,15.427869
2007-06-14,15.537453
2007-06-15,15.615866
2007-06-18,15.549215
2007-06-19,15.600176
2007-06-20,15.572739
2007-06-21,15.545294
2007-06-22,15.443357
2007-06-25,15.380626
2007-06-26,15.274769
2007-06-27,15.431592
2007-06-28,15.400228
2007-06-29,15.419836
2007-07-02,15.502168
2007-07-03,15.525687
2007-07-05,15.608024
2007-07-06,15.749165
2007-07-09,15.690351
2007-07-10,15.411989
2007-07-11,15.502168
2007-07-12,15.623710
2007-07-13,15.702122
2007-07-16,15.639392
2007-07-17,15.655066
2007-07-18,15.635467
2007-07-19,15.670752
2007-07-20,15.470798
2007-07-23,15.494326
2007-07-24,15.251244
2007-07-25,15.200280
2007-07-26,14.753321
2007-07-27,14.522004
2007-07-30,14.729802
2007-07-31,14.506327
2007-08-01,14.525924
2007-08-02,14.710197
2007-08-03,14.259325
2007-08-06,14.486720
2007-08-07,14.569052
2007-08-08,14.733723
2007-08-09,14.318132
2007-08-10,14.255403
2007-08-13,14.333812
2007-08-14,13.969205
2007-08-15,13.820214
2007-08-16,13.839818
2007-08-17,13.937829
2007-08-20,14.012324
2007-08-21,14.106427
2007-08-22,14.294610
2007-08-23,14.239720
2007-08-24,14.525924
2007-08-27,14.325980
2007-08-28,13.980961
2007-08-29,14.420070
2007-08-30,14.361260
2007-08-31,14.596496
2007-09-04,14.616102
2007-09-05,14.384778
2007-09-06,14.420070
2007-09-07,14.075056
2007-09-10,14.000566
2007-09-11,14.157392
2007-09-12,14.165234
2007-09-13,14.361260
2007-09-14,14.455355
2007-09-17,14.278929
2007-09-18,14.835654
2007-09-19,14.863094
2007-09-20,14.569052
2007-09-21,14.574166
2007-09-24,14.452380
2007-09-25,14.263821
2007-09-26,14.468097
2007-09-27,14.397384
2007-09-28,14.468097
2007-10-01,14.656653
2007-10-02,14.652724
2007-10-03,14.735223
2007-10-04,14.660589
2007-10-05,14.986639
2007-10-08,14.888429
2007-10-09,14.911992
2007-10-10,14.849146
2007-10-11,14.782360
2007-10-12,14.857003
2007-10-15,14.621299
2007-10-16,14.574166
2007-10-17,14.589873
2007-10-18,14.456310
2007-10-19,14.134191
2007-10-22,14.259892
2007-10-23,14.326679
2007-10-24,14.279536
2007-10-25,14.193112
2007-10-26,14.358100
2007-10-29,14.397384
2007-10-30,14.354175
2007-10-31,14.397384
2007-11-01,14.032047
2007-11-02,14.024191
2007-11-05,13.835633
2007-11-06,13.957414
2007-11-07,13.670646
2007-11-08,13.631359
2007-11-09,13.321015
2007-11-12,13.340659
2007-11-13,13.709931
2007-11-14,13.493868
2007-11-15,13.364233
2007-11-16,13.360302
2007-11-19,13.065676
2007-11-20,13.077463
2007-11-21,12.951754
2007-11-23,13.179598
2007-11-26,12.837831
2007-11-27,13.042102
2007-11-28,13.548862
2007-11-29,13.415295
2007-11-30,13.611711
2007-12-03,13.541007
2007-12-04,13.497787
2007-12-05,13.478155
2007-12-06,13.596002
2007-12-07,13.709931
2007-12-10,13.717775
2007-12-11,13.277801
2007-12-12,13.321015
2007-12-13,13.234595
2007-12-14,13.061749
2007-12-17,12.939969
2007-12-18,13.061749
2007-12-19,12.943896
2007-12-20,13.006749
2007-12-21,13.032468
2007-12-24,13.273808
2007-12-26,13.230290
2007-12-27,13.044335
2007-12-28,12.984993
2007-12-31,12.937513
2008-01-02,12.739690
2008-01-03,12.597261
2008-01-04,12.201612
2008-01-07,12.245136
2008-01-08,12.007754
2008-01-09,12.094795
2008-01-10,12.264923
2008-01-11,11.972144
2008-01-14,12.086879
2008-01-15,11.865322
2008-01-16,11.932581
2008-01-17,11.734761
2008-01-18,11.679369
2008-01-22,11.908840
2008-01-23,12.344049
2008-01-24,12.466699
2008-01-25,12.209526
2008-01-28,12.411307
2008-01-29,12.450874
2008-01-30,12.371744
2008-01-31,12.890037
2008-02-01,13.004768
2008-02-04,12.818821
2008-02-05,12.458786
2008-02-06,12.324267
2008-02-07,12.561651
2008-02-08,12.490438
2008-02-11,12.620998
2008-02-12,12.644737
2008-02-13,12.806950
2008-02-14,12.684299
2008-02-15,12.751564
2008-02-19,12.605172
2008-02-20,12.779259
2008-02-21,12.474610
2008-02-22,12.747603
2008-02-25,12.917732
2008-02-26,13.044335
2008-02-27,13.016640
2008-02-28,12.708040
2008-02-29,12.391525
2008-03-03,12.363834
2008-03-04,12.344049
2008-03-05,12.348007
2008-03-06,12.047319
2008-03-07,11.932581
2008-03-10,11.794106
2008-03-11,12.114575
2008-03-12,12.047319
2008-03-13,12.059185
2008-03-14,11.885104
2008-03-17,11.726849
2008-03-18,12.189751
2008-03-19,12.027532
2008-03-20,12.380122
2008-03-24,12.792130
2008-03-25,12.689128
2008-03-26,12.451429
2008-03-27,12.332582
2008-03-28,12.094884
2008-03-31,12.170154
2008-04-01,12.716859
2008-04-02,12.716859
2008-04-03,12.756476
2008-04-04,12.697053
2008-04-07,12.649512
2008-04-08,12.621782
2008-04-09,12.344468
2008-04-10,12.475201
2008-04-11,12.245425
2008-04-14,12.158267
2008-04-15,12.142426
2008-04-16,12.411813
2008-04-17,12.467280
2008-04-18,12.704976
2008-04-21,12.704976
2008-04-22,12.522740
2008-04-23,12.518778
2008-04-24,12.693090
2008-04-25,12.819857
2008-04-28,12.804016
2008-04-29,12.907014
2008-04-30,12.459355
2008-05-01,13.176415
2008-05-02,13.148676
2008-05-05,13.002103
2008-05-06,13.057560
2008-05-07,12.811939
2008-05-08,12.831750
2008-05-09,12.756476
2008-05-12,13.017943
2008-05-13,13.065486
2008-05-14,13.212068
2008-05-15,13.338839
2008-05-16,13.247723
2008-05-19,13.251680
2008-05-20,13.045674
2008-05-21,12.768363
2008-05-22,12.712898
2008-05-23,12.558396
2008-05-27,12.653476
2008-05-28,12.653476
2008-05-29,12.899098
2008-05-30,12.800055
2008-06-02,12.673280
2008-06-03,12.689128
2008-06-04,12.764399
2008-06-05,12.930789
2008-06-06,12.384084
2008-06-09,12.376157
2008-06-10,12.423699
2008-06-11,12.162232
2008-06-12,12.261272
2008-06-13,12.566317
2008-06-16,12.526698
2008-06-17,12.399931
2008-06-18,12.126576
2008-06-19,12.281081
2008-06-20,11.920057
2008-06-23,11.713304
2008-06-24,11.761022
2008-06-25,11.848492
2008-06-26,11.570169
2008-06-27,11.375345
2008-06-30,11.323655
2008-07-01,11.180522
2008-07-02,11.057270
2008-07-03,11.152692
2008-07-07,11.025453
2008-07-08,11.311729
2008-07-09,11.073169
2008-07-10,10.878347
2008-07-11,10.651711
2008-07-14,10.596047
2008-07-15,10.596047
2008-07-16,11.021482
2008-07-17,11.073169
2008-07-18,11.415108
2008-07-21,11.212333
2008-07-22,11.510528
2008-07-23,11.733182
2008-07-24,11.482696
2008-07-25,11.303777
2008-07-28,11.037388
2008-07-29,11.431009
2008-07-30,11.419083
2008-07-31,11.343538
2008-08-01,11.232210
2008-08-04,11.315702
2008-08-05,11.820657
2008-08-06,11.761022
2008-08-07,11.530410
2008-08-08,12.079102
2008-08-11,12.448871
2008-08-12,12.285856
2008-08-13,12.087049
2008-08-14,12.269947
2008-08-15,12.413083
2008-08-18,12.202359
2008-08-19,11.975721
2008-08-20,11.828610
2008-08-21,11.924032
2008-08-22,12.202359
2008-08-25,11.860415
2008-08-26,11.951869
2008-08-27,11.987647
2008-08-28,12.265974
2008-08-29,12.126808
2008-09-02,12.365373
2008-09-03,12.428991
2008-09-04,12.015484
2008-09-05,12.039338
2008-09-08,12.584050
2008-09-09,12.345486
2008-09-10,12.218259
2008-09-11,12.405135
2008-09-12,12.405135
2008-09-15,11.987647
2008-09-16,12.067168
2008-09-17,11.590049
2008-09-18,11.888253
2008-09-19,12.049848
2008-09-22,11.555087
2008-09-23,11.391490
2008-09-24,11.351594
2008-09-25,11.555087
2008-09-26,11.670796
2008-09-29,10.892741
2008-09-30,11.132139
2008-10-01,11.132139
2008-10-02,10.729153
2008-10-03,10.354090
2008-10-06,10.062818
2008-10-07,9.416435
2008-10-08,9.232896
2008-10-09,8.646363
2008-10-10,8.829903
2008-10-13,9.177037
2008-10-14,9.232896
2008-10-15,8.159579
2008-10-16,8.698229
2008-10-17,8.873789
2008-10-20,8.921672
2008-10-21,8.821926
2008-10-22,8.219433
2008-10-23,8.219433
2008-10-24,7.748608
2008-10-27,7.632897
2008-10-28,8.379031
2008-10-29,8.550604
2008-10-30,8.809952
2008-10-31,9.169057
2008-11-03,8.905718
2008-11-04,9.256833
2008-11-05,8.746115
2008-11-06,8.283275
2008-11-07,8.426915
2008-11-10,8.231400
2008-11-11,7.944120
2008-11-12,7.461326
2008-11-13,8.043868
2008-11-14,7.652849
2008-11-17,7.433400
2008-11-18,7.397492
2008-11-19,6.922676
2008-11-20,6.515693
2008-11-21,6.962580
2008-11-24,7.509207
2008-11-25,7.604970
2008-11-26,8.051848
2008-11-28,8.175538
2008-12-01,7.461326
2008-12-02,7.808464
2008-12-03,8.087760
2008-12-04,8.175538
2008-12-05,8.414942
2008-12-08,8.730155
2008-12-09,8.554593
2008-12-10,8.754094
2008-12-11,8.383022
2008-12-12,8.355093
2008-12-15,8.327164
2008-12-16,8.770057
2008-12-17,8.817931
2008-12-18,8.570556
2008-12-19,8.535176
2008-12-22,8.306018
2008-12-23,8.217563
2008-12-24,8.277875
2008-12-26,8.370338
2008-12-29,8.209524
2008-12-30,8.519094
2008-12-31,8.671865
2009-01-02,9.106065
2009-01-05,9.065858
2009-01-06,9.218630
2009-01-07,8.852781
2009-01-08,8.905043
2009-01-09,8.631660
2009-01-12,8.426629
2009-01-13,8.318079
2009-01-14,7.992428
2009-01-15,8.189425
2009-01-16,8.285913
2009-01-20,7.799452
2009-01-21,8.036654
2009-01-22,7.936144
2009-01-23,7.912021
2009-01-26,7.968304
2009-01-27,7.944184
2009-01-28,8.281896
2009-01-29,7.948205
2009-01-30,7.751208
2009-02-02,7.678843
2009-02-03,7.895942
2009-02-04,7.723068
2009-02-05,7.867802
2009-02-06,8.092941
2009-02-09,8.068812
2009-02-10,7.686883
2009-02-11,7.747187
2009-02-12,7.759247
2009-02-13,7.634619
2009-02-17,7.345156
2009-02-18,7.296913
2009-02-19,7.220521
2009-02-20,7.172282
2009-02-23,7.011467
2009-02-24,7.317013
2009-02-25,7.248667
2009-02-26,7.095893
2009-02-27,7.047652
2009-03-02,6.782308
2009-03-03,6.730042
2009-03-04,6.878794
2009-03-05,6.557169
2009-03-06,6.561188
2009-03-09,6.476763
2009-03-10,6.874775
2009-03-11,6.983325
2009-03-12,7.240627
2009-03-13,7.325051
2009-03-16,7.152177
2009-03-17,7.497927
2009-03-18,7.735126
2009-03-19,7.650701
2009-03-20,7.497913
2009-03-23,8.027418
2009-03-24,7.922325
2009-03-25,7.978909
2009-03-26,8.346732
2009-03-27,8.124422
2009-03-30,7.881901
2009-03-31,7.942532
2009-04-01,8.088045
2009-04-02,8.532666
2009-04-03,8.645841
2009-04-06,8.524579
2009-04-07,8.273975
2009-04-08,8.508412
2009-04-09,8.856022
2009-04-13,8.860065
2009-04-14,8.662009
2009-04-15,8.690300
2009-04-16,8.993454
2009-04-17,9.102586
2009-04-20,8.754974
2009-04-21,8.900487
2009-04-22,8.989408
2009-04-23,8.989408
2009-04-24,9.211721
2009-04-27,9.090462
2009-04-28,9.090462
2009-04-29,9.256181
2009-04-30,9.413823
2009-05-01,9.369357
2009-05-04,9.672513
2009-05-05,9.668466
2009-05-06,9.769519
2009-05-07,9.555291
2009-05-08,9.696764
2009-05-11,9.526996
2009-05-12,9.324897
2009-05-13,8.997494
2009-05-14,9.009618
2009-05-15,8.944947
2009-05-18,9.385525
2009-05-19,9.349151
2009-05-20,9.248098
2009-05-21,9.029828
2009-05-22,9.126837
2009-05-26,9.434031
2009-05-27,9.227887
2009-05-28,9.191511
2009-05-29,9.345106
2009-06-01,9.793768
2009-06-02,9.874609
2009-06-03,9.745264
2009-06-04,9.765476
2009-06-05,9.704846
2009-06-08,9.793768
2009-06-09,9.850357
2009-06-10,9.704846
2009-06-11,9.656339
2009-06-12,9.644217
2009-06-15,9.450201
2009-06-16,9.211721
2009-06-17,9.341067
2009-06-18,9.312775
2009-06-19,9.389085
2009-06-22,9.108995
2009-06-23,9.015632
2009-06-24,9.068405
2009-06-25,9.385024
2009-06-26,9.320077
2009-06-29,9.437799
2009-06-30,9.368791
2009-07-01,9.429676
2009-07-02,9.048104
2009-07-06,9.092763
2009-07-07,8.849202
2009-07-08,8.922266
2009-07-09,8.987218
2009-07-10,8.970978
2009-07-13,9.117113
2009-07-14,9.259189
2009-07-15,9.514923
2009-07-16,9.632644
2009-07-17,9.648879
2009-07-20,9.851844
2009-07-21,9.851844
2009-07-22,9.920851
2009-07-23,10.152228
2009-07-24,10.144114
2009-07-27,10.184699
2009-07-28,10.152228
2009-07-29,10.099455
2009-07-30,10.257771
2009-07-31,10.257771
2009-08-03,10.468848
2009-08-04,10.513500
2009-08-05,10.424199
2009-08-06,10.416080
2009-08-07,10.757058
2009-08-10,10.659636
2009-08-11,10.545979
2009-08-12,10.623101
2009-08-13,10.651517
2009-08-14,10.505381
2009-08-17,10.172528
2009-08-18,10.286182
2009-08-19,10.391724
2009-08-20,10.468848
2009-08-21,10.683994
2009-08-24,10.606864
2009-08-25,10.716466
2009-08-26,10.777350
2009-08-27,10.797647
2009-08-28,10.801708
2009-08-31,10.619043
2009-09-01,10.428255
2009-09-02,10.375487
2009-09-03,10.485089
2009-09-04,10.675872
2009-09-08,10.769236
2009-09-09,10.882895
2009-09-10,11.029030
2009-09-11,10.992496
2009-09-14,11.029030
2009-09-15,11.081792
2009-09-16,11.292886
2009-09-17,11.280704
2009-09-18,11.321427
2009-09-21,11.276633
2009-09-22,11.321427
2009-09-23,11.158527
2009-09-24,11.052646
2009-09-25,10.987487
2009-09-28,11.195182
2009-09-29,11.248125
2009-09-30,11.187037
2009-10-01,10.942692
2009-10-02,10.804228
2009-10-05,10.971198
2009-10-06,11.138169
2009-10-07,11.146313
2009-10-08,11.325497
2009-10-09,11.321427
2009-10-12,11.378443
2009-10-13,11.398802
2009-10-14,11.541343
2009-10-15,11.557630
2009-10-16,11.537268
2009-10-19,11.667587
2009-10-20,11.549483
2009-10-21,11.398802
2009-10-22,11.549483
2009-10-23,11.504688
2009-10-26,11.435455
2009-10-27,11.239980
2009-10-28,10.922326
2009-10-29,11.215543
2009-10-30,10.922326
2009-11-02,11.028211
2009-11-03,11.036354
2009-11-04,11.040430
2009-11-05,11.341788
2009-11-06,11.443599
2009-11-09,11.692021
2009-11-10,11.732748
2009-11-11,11.744965
2009-11-12,11.614645
2009-11-13,11.818268
2009-11-16,12.009671
2009-11-17,11.911937
2009-11-18,11.879353
2009-11-19,11.744965
2009-11-20,11.683880
2009-11-23,11.785687
2009-11-24,11.773469
2009-11-25,11.887502
2009-11-27,11.655368
2009-11-30,11.655368
2009-12-01,11.838632
2009-12-02,11.875279
2009-12-03,11.793837
2009-12-04,11.871209
2009-12-07,11.907863
2009-12-08,11.818268
2009-12-09,11.818268
2009-12-10,12.001529
2009-12-11,12.119629
2009-12-14,12.213290
2009-12-15,12.197009
2009-12-16,12.209221
2009-12-17,12.062615
2009-12-18,12.124445
2009-12-21,12.280040
2009-12-22,12.271854
2009-12-23,12.349653
2009-12-24,12.357842
2009-12-28,12.349653
2009-12-29,12.390603
2009-12-30,12.304611
2009-12-31,12.189958
2010-01-04,12.284135
2010-01-05,12.329186
2010-01-06,12.345560
2010-01-07,12.447931
2010-01-08,12.443832
2010-01-11,12.419264
2010-01-12,12.259572
2010-01-13,12.398793
2010-01-14,12.398793
2010-01-15,12.275951
2010-01-19,12.439740
2010-01-20,12.271854
2010-01-21,12.116256
2010-01-22,11.882856
2010-01-25,11.944277
2010-01-26,11.960656
2010-01-27,11.981131
2010-01-28,11.911522
2010-01-29,11.837813
2010-02-01,11.989317
2010-02-02,12.157203
2010-02-03,12.165395
2010-02-04,11.813248
2010-02-05,11.780486
2010-02-08,11.706784
2010-02-09,11.886949
2010-02-10,11.837813
2010-02-11,11.977034
2010-02-12,11.977034
2010-02-16,12.169486
2010-02-17,12.267756
2010-02-18,12.345560
2010-02-19,12.374222
2010-02-22,12.370127
2010-02-23,12.296424
2010-02-24,12.456117
2010-02-25,12.476590
2010-02-26,12.497064
2010-03-01,12.693610
2010-03-02,12.628096
2010-03-03,12.664945
2010-03-04,12.779598
2010-03-05,13.017096
2010-03-08,13.049851
2010-03-09,13.029376
2010-03-10,13.058040
2010-03-11,13.152216
2010-03-12,13.189070
2010-03-15,13.172691
2010-03-16,13.270965
2010-03-17,13.336477
2010-03-18,13.332388
2010-03-19,13.292182
2010-03-22,13.431666
2010-03-23,13.485000
2010-03-24,13.431666
2010-03-25,13.509613
2010-03-26,13.562953
2010-03-29,13.583463
2010-03-30,13.571152
2010-03-31,13.472695
2010-04-01,13.567048
2010-04-05,13.731148
2010-04-06,13.751663
2010-04-07,13.702430
2010-04-08,13.833714
2010-04-09,13.936282
2010-04-12,13.936282
2010-04-13,14.010118
2010-04-14,14.227553
2010-04-15,14.289096
2010-04-16,14.100372
2010-04-19,14.124992
2010-04-20,14.297296
2010-04-21,14.362942
2010-04-22,14.621393
2010-04-23,14.633703
2010-04-26,14.748577
2010-04-27,14.321917
2010-04-28,14.272685
2010-04-29,14.588584
2010-04-30,14.284994
2010-05-03,14.572172
2010-05-04,14.145507
2010-05-05,13.944481
2010-05-06,13.448077
2010-05-07,13.201926
2010-05-10,13.891149
2010-05-11,13.887048
2010-05-12,14.088067
2010-05-13,13.772174
2010-05-14,13.542436
2010-05-17,13.645000
2010-05-18,13.390643
2010-05-19,13.308593
2010-05-20,12.791675
2010-05-21,13.017309
2010-05-24,12.927056
2010-05-25,13.058337
2010-05-26,13.017309
2010-05-27,13.485000
2010-05-28,13.279869
2010-06-01,13.078848
2010-06-02,13.407049
2010-06-03,13.452182
2010-06-04,12.931155
2010-06-07,12.685006
2010-06-08,12.791675
2010-06-09,12.808084
2010-06-10,13.242953
2010-06-11,13.230643
2010-06-14,13.267566
2010-06-15,13.583463
2010-06-16,13.489104
2010-06-17,13.407049
2010-06-18,13.363836
2010-06-21,13.256827
2010-06-22,12.960497
2010-06-23,12.952265
2010-06-24,12.643579
2010-06-25,12.680620
2010-06-28,12.585961
2010-06-29,12.137341
2010-06-30,11.989175
2010-07-01,12.087954
2010-07-02,11.952133
2010-07-06,11.952133
2010-07-07,12.289625
2010-07-08,12.396635
2010-07-09,12.515991
2010-07-12,12.532455
2010-07-13,12.845249
2010-07-14,12.762937
2010-07-15,12.804098
2010-07-16,12.355478
2010-07-19,12.474833
2010-07-20,12.651811
2010-07-21,12.425446
2010-07-22,12.799978
2010-07-23,12.985187
2010-07-26,13.178629
2010-07-27,13.009881
2010-07-28,12.919334
2010-07-29,12.853485
2010-07-30,12.939916
2010-08-02,13.215666
2010-08-03,13.013998
2010-08-04,13.232136
2010-08-05,13.273288
2010-08-06,13.182742
2010-08-09,13.310329
2010-08-10,13.195091
2010-08-11,12.849369
2010-08-12,12.799978
2010-08-13,12.655928
2010-08-16,12.651811
2010-08-17,12.857600
2010-08-18,12.976955
2010-08-19,12.725895
2010-08-20,12.717664
2010-08-23,12.602424
2010-08-24,12.388407
2010-08-25,12.515991
2010-08-26,12.429555
2010-08-27,12.631234
2010-08-30,12.408981
2010-08-31,12.425446
2010-09-01,12.853485
2010-09-02,13.092196
2010-09-03,13.285639
2010-09-07,13.071615
2010-09-08,13.166280
2010-09-09,13.178629
2010-09-10,13.289755
2010-09-13,13.450267
2010-09-14,13.462613
2010-09-15,13.487309
2010-09-16,13.487309
2010-09-17,13.522407
2010-09-20,13.782531
2010-09-21,13.724725
2010-09-22,13.633890
2010-09-23,13.563694
2010-09-24,13.914660
2010-09-27,13.823819
2010-09-28,13.931176
2010-09-29,13.832074
2010-09-30,13.794920
2010-10-01,13.811436
2010-10-04,13.782531
2010-10-05,14.071560
2010-10-06,13.976590
2010-10-07,14.042661
2010-10-08,14.187166
2010-10-11,14.191298
2010-10-12,14.224328
2010-10-13,14.244980
2010-10-14,14.228461
2010-10-15,14.331685
2010-10-18,14.352328
2010-10-19,14.092200
2010-10-20,14.273877
2010-10-21,14.356462
2010-10-22,14.434913
2010-10-25,14.525746
2010-10-26,14.587685
2010-10-27,14.496842
2010-10-28,14.562911
2010-10-29,14.558780
2010-11-01,14.529876
2010-11-02,14.695039
2010-11-03,14.769350
2010-11-04,15.000580
2010-11-05,15.074901
2010-11-08,15.050127
2010-11-09,14.913871
2010-11-10,15.045997
2010-11-11,15.025354
2010-11-12,14.868451
2010-11-15,14.839545
2010-11-16,14.637233
2010-11-17,14.765232
2010-11-18,14.893225
2010-11-19,14.963423
2010-11-22,15.033608
2010-11-23,14.810642
2010-11-24,15.116194
2010-11-26,14.992329
2010-11-29,14.959285
2010-11-30,14.926259
2010-12-01,15.244186
2010-12-02,15.442381
2010-12-03,15.450633
2010-12-06,15.467148
2010-12-07,15.475411
2010-12-08,15.434123
2010-12-09,15.454770
2010-12-10,15.508445
2010-12-13,15.434123
2010-12-14,15.429993
2010-12-15,15.380445
2010-12-16,15.491923
2010-12-17,15.516847
2010-12-20,15.608218
2010-12-21,15.674672
2010-12-22,15.695443
2010-12-23,15.628989
2010-12-27,15.583297
2010-12-28,15.550071
2010-12-29,15.599916
2010-12-30,15.570839
2010-12-31,15.537608
2011-01-03,15.720361
2011-01-04,15.633138
2011-01-05,15.761888
2011-01-06,15.666365
2011-01-07,15.658056
2011-01-10,15.645597
2011-01-11,15.641447
2011-01-12,15.678829
2011-01-13,15.653908
2011-01-14,15.749431
2011-01-18,15.795124
2011-01-19,15.637295
2011-01-20,15.670522
2011-01-21,15.707904
2011-01-24,15.770200
2011-01-25,15.778507
2011-01-26,15.803435
2011-01-27,15.928033
2011-01-28,15.408865
2011-01-31,15.442090
2011-02-01,15.624833
2011-02-02,15.579144
2011-02-03,15.761888
2011-02-04,15.869884
2011-02-07,15.952941
2011-02-08,16.143997
2011-02-09,16.251991
2011-02-10,16.272749
2011-02-11,16.438883
2011-02-14,16.372429
2011-02-15,16.393204
2011-02-16,16.526106
2011-02-17,16.530262
2011-02-18,16.617485
2011-02-22,16.218761
2011-02-23,15.982016
2011-02-24,16.077547
2011-02-25,16.243679
2011-02-28,16.368284
2011-03-01,16.056778
2011-03-02,16.119081
2011-03-03,16.405664
2011-03-04,16.285212
2011-03-07,16.123238
2011-03-08,16.251991
2011-03-09,16.289370
2011-03-10,16.102474
2011-03-11,16.202150
2011-03-14,16.002781
2011-03-15,15.869884
2011-03-16,15.599916
2011-03-17,15.670522
2011-03-18,15.660521
2011-03-21,15.902221
2011-03-22,15.777198
2011-03-23,15.914718
2011-03-24,16.148088
2011-03-25,16.177259
2011-03-28,16.010567
2011-03-29,16.156425
2011-03-30,16.331453
2011-03-31,16.273106
2011-04-01,16.377287
2011-04-04,16.414787
2011-04-05,16.468967
2011-04-06,16.439796
2011-04-07,16.373117
2011-04-08,16.277273
2011-04-11,16.281437
2011-04-12,16.260607
2011-04-13,16.314775
2011-04-14,16.277273
2011-04-15,16.356455
2011-04-18,16.210598
2011-04-19,16.248108
2011-04-20,16.539816
2011-04-21,16.631491
2011-04-25,16.614826
2011-04-26,16.643997
2011-04-27,16.844017
2011-04-28,16.910692
2011-04-29,16.898193
2011-05-02,16.956535
2011-05-03,16.860689
2011-05-04,16.823179
2011-05-05,16.777346
2011-05-06,16.789848
2011-05-09,16.810682
2011-05-10,17.027374
2011-05-11,16.864849
2011-05-12,17.031546
2011-05-13,16.902365
2011-05-16,16.677328
2011-05-17,16.694002
2011-05-18,16.889854
2011-05-19,16.944033
2011-05-20,16.781509
2011-05-23,16.623148
2011-05-24,16.539816
2011-05-25,16.543974
2011-05-26,16.694002
2011-05-27,16.735666
2011-05-31,16.852345
2011-06-01,16.468967
2011-06-02,16.431456
2011-06-03,16.218933
2011-06-06,16.048073
2011-06-07,16.064747
2011-06-08,15.939725
2011-06-09,16.073084
2011-06-10,15.777198
2011-06-13,15.756360
2011-06-14,16.035572
2011-06-15,15.789706
2011-06-16,15.752193
2011-06-17,15.870544
2011-06-20,16.000191
2011-06-21,16.326378
2011-06-22,16.200922
2011-06-23,16.259472
2011-06-24,16.100555
2011-06-27,16.297102
2011-06-28,16.606571
2011-06-29,16.681847
2011-06-30,16.815668
2011-07-01,17.154415
2011-07-05,17.229692
2011-07-06,17.166956
2011-07-07,17.405323
2011-07-08,17.300777
2011-07-11,16.966230
2011-07-12,16.882578
2011-07-13,16.970402
2011-07-14,16.840765
2011-07-15,16.849129
2011-07-18,16.686031
2011-07-19,17.008036
2011-07-20,16.920225
2011-07-21,17.116772
2011-07-22,17.183683
2011-07-25,17.070772
2011-07-26,17.041504
2011-07-27,16.744587
2011-07-28,16.660942
2011-07-29,16.581488
2011-08-01,16.493664
2011-08-02,15.870544
2011-08-03,15.987642
2011-08-04,15.209798
2011-08-05,15.197252
2011-08-08,14.243767
2011-08-09,14.904516
2011-08-10,14.268856
2011-08-11,14.900337
2011-08-12,15.084337
2011-08-15,15.305984
2011-08-16,15.222342
2011-08-17,15.201432
2011-08-18,14.448687
2011-08-19,14.239582
2011-08-22,14.281402
2011-08-23,14.833425
2011-08-24,15.096889
2011-08-25,14.795782
2011-08-26,15.105247
2011-08-29,15.544354
2011-08-30,15.615457
2011-08-31,15.711634
2011-09-01,15.519267
2011-09-02,15.080157
2011-09-06,15.034156
2011-09-07,15.423069
2011-09-08,15.213984
2011-09-09,14.812514
2011-09-12,14.988151
2011-09-13,15.163799
2011-09-14,15.414713
2011-09-15,15.673998
2011-09-16,15.849406
2011-09-19,15.820027
2011-09-20,15.736098
2011-09-21,15.228351
2011-09-22,14.770956
2011-09-23,14.993360
2011-09-26,15.345845
2011-09-27,15.450761
2011-09-28,15.186386
2011-09-29,15.060500
2011-09-30,14.628280
2011-10-03,14.200257
2011-10-04,14.649265
2011-10-05,14.917826
2011-10-06,15.266115
2011-10-07,15.253529
2011-10-10,15.769672
2011-10-11,15.836818
2011-10-12,15.979487
2011-10-13,15.966904
2011-10-14,16.227070
2011-10-17,15.895553
2011-10-18,16.218679
2011-10-19,15.975296
2011-10-20,16.055017
2011-10-21,16.499826
2011-10-24,16.743214
2011-10-25,16.378136
2011-10-26,16.315191
2011-10-27,16.760002
2011-10-28,16.629917
2011-10-31,16.373938
2011-11-01,16.021448
2011-11-02,16.185102
2011-11-03,16.394920
2011-11-04,16.331970
2011-11-07,16.436878
2011-11-08,16.596342
2011-11-09,16.004656
2011-11-10,16.155737
2011-11-11,16.562771
2011-11-14,16.441080
2011-11-15,16.499826
2011-11-16,16.189301
2011-11-17,15.903950
2011-11-18,15.895553
2011-11-21,15.647979
2011-11-22,15.639594
2011-11-23,15.329055
2011-11-25,15.245141
2011-11-28,15.710924
2011-11-29,15.765473
2011-11-30,16.256443
2011-12-01,16.269039
2011-12-02,16.394920
2011-12-05,16.545988
2011-12-06,16.491434
2011-12-07,16.596342
2011-12-08,16.243853
2011-12-09,16.512409
2011-12-12,16.462061
2011-12-13,16.138950
2011-12-14,15.971096
2011-12-15,15.996272
2011-12-16,15.996272
2011-12-19,15.819004
2011-12-20,16.253725
2011-12-21,16.308599
2011-12-22,16.355028
2011-12-23,16.536512
2011-12-27,16.587156
2011-12-28,16.405672
2011-12-29,16.574505
2011-12-30,16.468987
2012-01-03,16.608263
2012-01-04,16.739109
2012-01-05,16.878391
2012-01-06,16.903715
2012-01-09,16.878391
2012-01-10,16.988123
2012-01-11,17.013449
2012-01-12,17.064096
2012-01-13,17.042995
2012-01-17,17.089420
2012-01-18,17.363764
2012-01-19,17.515709
2012-01-20,17.372208
2012-01-23,17.359539
2012-01-24,17.410191
2012-01-25,17.536816
2012-01-26,17.507271
2012-01-27,17.494604
2012-01-30,17.443958
2012-01-31,17.439737
2012-02-01,17.498819
2012-02-02,17.477728
2012-02-03,17.836473
2012-02-06,17.798492
2012-02-07,17.882900
2012-02-08,17.925108
2012-02-09,17.954657
2012-02-10,17.857578
2012-02-13,18.001080
2012-02-14,17.979979
2012-02-15,17.899788
2012-02-16,17.975754
2012-02-17,18.131926
2012-02-21,18.068611
2012-02-22,18.022190
2012-02-23,18.110817
2012-02-24,18.089718
2012-02-27,18.195230
2012-02-28,18.296522
2012-02-29,18.228996
2012-03-01,18.380938
2012-03-02,18.368282
2012-03-05,18.351398
2012-03-06,18.064392
2012-03-07,18.271206
2012-03-08,18.456913
2012-03-09,18.562428
2012-03-12,18.511786
2012-03-13,18.798786
2012-03-14,18.773462
2012-03-15,18.836771
2012-03-16,18.776232
2012-03-19,18.873611
2012-03-20,18.903246
2012-03-21,18.928637
2012-03-22,18.882076
2012-03-23,18.903246
2012-03-26,19.203833
2012-03-27,19.174191
2012-03-28,19.009083
2012-03-29,19.004847
2012-03-30,19.089527
2012-04-02,19.140327
2012-04-03,19.102219
2012-04-04,18.924402
2012-04-05,19.055653
2012-04-09,18.882076
2012-04-10,18.420605
2012-04-11,18.674618
2012-04-12,18.911703
2012-04-13,18.860907
2012-04-16,18.793167
2012-04-17,18.992147
2012-04-18,19.021786
2012-04-19,18.869366
2012-04-20,18.899004
2012-04-23,18.695786
2012-04-24,18.632284
2012-04-25,18.945580
2012-04-26,19.182659
2012-04-27,19.419743
2012-04-30,19.309673
2012-05-01,19.436687
2012-05-02,19.542517
2012-05-03,19.390114
2012-05-04,19.013309
2012-05-07,19.004847
2012-05-08,18.776232
2012-05-09,18.704258
2012-05-10,18.767763
2012-05-11,18.729668
2012-05-14,18.467178
2012-05-15,18.437534
2012-05-16,18.407900
2012-05-17,17.921034
2012-05-18,17.785553
2012-05-21,18.098843
2012-05-22,18.170822
2012-05-23,18.268200
2012-05-24,18.352865
2012-05-25,18.323225
2012-05-29,18.577248
2012-05-30,18.285126
2012-05-31,18.247019
2012-06-01,17.671247
2012-06-04,17.734745
2012-06-05,17.832127
2012-06-06,18.217384
2012-06-07,18.217384
2012-06-08,18.378263
2012-06-11,18.098843
2012-06-12,18.293592
2012-06-13,18.026880
2012-06-14,18.268200
2012-06-15,18.447489
2012-06-18,18.579191
2012-06-19,18.749136
2012-06-20,18.727896
2012-06-21,18.320019
2012-06-22,18.400751
2012-06-25,18.116093
2012-06-26,18.341270
2012-06-27,18.315775
2012-06-28,18.213812
2012-06-29,18.600430
2012-07-02,18.655663
2012-07-03,18.638676
2012-07-05,18.685404
2012-07-06,18.596182
2012-07-09,18.494223
2012-07-10,18.383760
2012-07-11,18.277542
2012-07-12,18.235058
2012-07-13,18.532457
2012-07-16,18.413490
2012-07-17,18.596182
2012-07-18,18.693903
2012-07-19,18.817106
2012-07-20,18.587685
2012-07-23,18.315775
2012-07-24,18.192570
2012-07-25,18.154329
2012-07-26,18.447489
2012-07-27,18.812857
2012-07-30,18.740635
2012-07-31,18.498463
2012-08-01,18.421991
2012-08-02,18.468727
2012-08-03,18.834106
2012-08-06,18.902088
2012-08-07,19.080523
2012-08-08,18.987059
2012-08-09,18.974312
2012-08-10,18.957321
2012-08-13,18.965813
2012-08-14,19.012552
2012-08-15,19.072031
2012-08-16,19.229225
2012-08-17,19.301462
2012-08-20,19.220732
2012-08-21,19.195242
2012-08-22,19.250473
2012-08-23,19.118759
2012-08-24,19.275970
2012-08-27,19.246223
2012-08-28,19.284460
2012-08-29,19.377932
2012-08-30,19.271719
2012-08-31,19.352434
2012-09-04,19.305698
2012-09-05,19.335440
2012-09-06,19.768799
2012-09-07,19.875017
2012-09-10,19.845282
2012-09-11,19.836782
2012-09-12,19.934490
2012-09-13,20.189407
2012-09-14,20.270145
2012-09-17,20.193659
2012-09-18,20.095943
2012-09-19,20.304127
2012-09-20,20.278635
2012-09-21,20.264133
2012-09-24,20.208714
2012-09-25,19.969961
2012-09-26,19.833536
2012-09-27,20.033911
2012-09-28,19.948647
2012-10-01,19.935860
2012-10-02,19.897486
2012-10-03,20.055237
2012-10-04,20.238554
2012-10-05,20.298246
2012-10-08,20.259872
2012-10-09,19.935860
2012-10-10,19.812220
2012-10-11,19.722681
2012-10-12,19.718416
2012-10-15,19.914539
2012-10-16,20.093609
2012-10-17,20.208714
2012-10-18,20.221508
2012-10-19,19.859108
2012-10-22,19.795160
2012-10-23,19.637424
2012-10-24,19.560677
2012-10-25,19.513773
2012-10-26,19.577724
2012-10-31,19.641685
2012-11-01,19.867636
2012-11-02,19.854851
2012-11-05,19.906015
2012-11-06,20.012590
2012-11-07,19.778103
2012-11-08,19.458347
2012-11-09,19.364548
2012-11-12,19.381601
2012-11-13,19.437046
2012-11-14,19.147112
2012-11-15,19.134327
2012-11-16,19.262230
2012-11-19,19.675789
2012-11-20,19.773853
2012-11-21,19.842066
2012-11-23,20.106394
2012-11-26,20.012590
2012-11-27,19.931593
2012-11-28,20.191658
2012-11-29,20.247086
2012-11-30,20.264133
2012-12-03,20.157551
2012-12-04,20.072287
2012-12-05,20.012590
2012-12-06,20.140503
2012-12-07,20.217237
2012-12-10,20.102131
2012-12-11,20.166080
2012-12-12,20.191658
2012-12-13,20.059498
2012-12-14,19.974232
2012-12-17,20.332348
2012-12-18,20.571108
2012-12-19,20.426149
2012-12-20,20.468784
2012-12-21,20.286856
2012-12-24,20.304016
2012-12-26,20.093769
2012-12-27,20.119516
2012-12-28,19.956459
2012-12-31,20.355501
2013-01-02,20.780298
2013-01-03,20.831781
2013-01-04,20.909021
2013-01-07,20.857531
2013-01-08,20.797461
2013-01-09,20.831781
2013-01-10,20.951937
2013-01-11,20.969091
2013-01-14,21.020580
2013-01-15,21.175049
2013-01-16,21.127855
2013-01-17,21.350969
2013-01-18,21.376713
2013-01-22,21.432495
2013-01-23,21.449661
2013-01-24,21.612713
2013-01-25,21.840126
2013-01-28,21.737139
2013-01-29,21.651327
2013-01-30,21.612713
2013-01-31,21.509733
2013-02-01,21.634165
2013-02-04,21.368134
2013-02-05,21.595545
2013-02-06,21.642746
2013-02-07,21.595545
2013-02-08,21.762888
2013-02-11,21.689941
2013-02-12,21.775764
2013-02-13,21.822960
2013-02-14,21.831547
2013-02-15,21.857279
2013-02-19,21.938812
2013-02-20,21.604126
2013-02-21,21.423918
2013-02-22,21.544060
2013-02-25,21.209379
2013-02-26,21.419624
2013-02-27,21.745718
2013-02-28,21.853003
2013-03-01,21.904486
2013-03-04,22.097570
2013-03-05,22.320692
2013-03-06,22.303530
2013-03-07,22.342150
2013-03-08,22.578133
2013-03-11,22.633915
2013-03-12,22.569555
2013-03-13,22.693993
2013-03-14,22.719742
2013-03-15,22.632807
2013-03-18,22.460651
2013-03-19,22.301418
2013-03-20,22.559633
2013-03-21,22.370279
2013-03-22,22.645712
2013-03-25,22.606974
2013-03-26,22.718868
2013-03-27,22.727476
2013-03-28,22.809252
2013-04-01,22.637102
2013-04-02,22.826462
2013-04-03,22.615582
2013-04-04,22.744690
2013-04-05,22.632807
2013-04-08,22.891014
2013-04-09,22.830759
2013-04-10,23.097586
2013-04-11,23.291256
2013-04-12,23.416059
2013-04-15,22.800636
2013-04-16,23.127716
2013-04-17,22.891014
2013-04-18,22.641409
2013-04-19,22.912539
2013-04-22,23.011518
2013-04-23,23.243917
2013-04-24,23.261127
2013-04-25,23.459097
2013-04-26,23.355816
2013-04-29,23.437580
2013-04-30,23.502136
2013-05-01,23.377319
2013-05-02,23.605429
2013-05-03,23.902369
2013-05-06,23.979834
2013-05-07,24.182104
2013-05-08,24.199322
2013-05-09,24.242352
2013-05-10,24.431719
2013-05-13,24.436016
2013-05-14,24.685627
2013-05-15,24.819042
2013-05-16,24.530699
2013-05-17,24.767405
2013-05-20,24.694237
2013-05-21,24.806133
2013-05-22,24.569433
2013-05-23,24.517794
2013-05-24,24.444626
2013-05-28,24.681328
2013-05-29,24.427406
2013-05-30,24.427406
2013-05-31,24.151976
2013-06-03,24.259573
2013-06-04,24.173502
2013-06-05,23.773264
2013-06-06,24.022865
2013-06-07,24.461843
2013-06-10,24.388678
2013-06-11,24.147671
2013-06-12,23.880848
2013-06-13,24.328430
2013-06-14,24.250959
2013-06-17,24.384382
2013-06-18,24.633997
2013-06-19,24.354256
2013-06-20,23.717316
2013-06-21,23.763077
2013-06-24,23.547203
2013-06-25,23.758760
2013-06-26,24.056662
2013-06-27,24.263905
2013-06-28,24.350248
2013-07-01,24.518629
2013-07-02,24.561798
2013-07-03,24.674055
2013-07-05,24.941729
2013-07-08,25.174875
2013-07-09,25.274179
2013-07-10,25.300081
2013-07-11,25.662745
2013-07-12,25.783634
2013-07-15,25.718876
2013-07-16,25.580713
2013-07-17,25.593664
2013-07-18,25.740459
2013-07-19,25.718876
2013-07-22,25.701599
2013-07-23,25.667057
2013-07-24,25.580713
2013-07-25,25.615252
2013-07-26,25.697285
2013-07-29,25.563448
2013-07-30,25.498678
2013-07-31,25.632526
2013-08-01,26.029728
2013-08-02,26.215374
2013-08-05,26.159245
2013-08-06,26.051306
2013-08-07,25.822496
2013-08-08,25.995182
2013-08-09,25.939060
2013-08-12,25.904518
2013-08-13,25.904518
2013-08-14,25.619570
2013-08-15,25.170557
2013-08-16,25.079899
2013-08-19,24.971958
2013-08-20,25.226683
2013-08-21,25.010813
2013-08-22,25.261221
2013-08-23,25.265541
2013-08-26,25.213736
2013-08-27,24.803583
2013-08-28,24.937414
2013-08-29,25.058308
2013-08-30,24.902878
2013-09-03,25.079899
2013-09-04,25.343250
2013-09-05,25.351887
2013-09-06,25.321669
2013-09-09,25.546173
2013-09-10,25.792265
2013-09-11,25.982233
2013-09-12,25.921789
2013-09-13,25.995182
2013-09-16,26.111753
2013-09-17,26.262863
2013-09-18,26.565079
2013-09-19,26.556442
2013-09-20,26.396240
2013-09-23,26.192724
2013-09-24,26.262012
2013-09-25,26.101795
2013-09-26,26.348610
2013-09-27,26.352940
2013-09-30,26.253342
2013-10-01,26.465517
2013-10-02,26.456856
2013-10-03,26.158083
2013-10-04,26.404900
2013-10-07,26.032509
2013-10-08,25.621149
2013-10-09,25.504244
2013-10-10,26.097462
2013-10-11,26.322624
2013-10-14,26.430878
2013-10-15,26.179735
2013-10-16,26.504490
2013-10-17,26.699347
2013-10-18,26.863882
2013-10-21,26.933168
2013-10-22,27.115034
2013-10-23,26.941832
2013-10-24,27.210295
2013-10-25,27.413818
2013-10-28,27.361853
2013-10-29,27.522060
2013-10-30,27.387829
2013-10-31,27.457111
2013-11-01,27.522060
2013-11-04,27.617321
2013-11-05,27.617321
2013-11-06,27.548042
2013-11-07,26.976471
2013-11-08,27.405148
2013-11-11,27.448444
2013-11-12,27.400818
2013-11-13,27.833824
2013-11-14,28.028685
2013-11-15,28.123936
2013-11-18,27.903105
2013-11-19,27.781864
2013-11-20,27.638979
2013-11-21,27.924755
2013-11-22,28.080643
2013-11-25,28.106621
2013-11-26,28.271164
2013-11-27,28.379417
2013-11-29,28.405403
2013-12-02,28.271164
2013-12-03,28.002701
2013-12-04,27.937744
2013-12-05,27.968061
2013-12-06,28.201878
2013-12-09,28.180239
2013-12-10,28.197557
2013-12-11,27.937744
2013-12-12,27.851149
2013-12-13,27.920435
2013-12-16,28.102293
2013-12-17,28.028685
2013-12-18,28.444363
2013-12-19,28.427050
2013-12-20,28.545298
2013-12-23,28.671375
2013-12-24,28.732246
2013-12-26,28.945272
2013-12-27,28.810488
2013-12-30,28.940924
2013-12-31,29.053957
2014-01-02,28.919178
2014-01-03,28.840923
2014-01-06,28.662683
2014-01-07,28.836582
2014-01-08,28.758316
2014-01-09,28.753975
2014-01-10,28.840923
2014-01-13,28.262728
2014-01-14,28.506178
2014-01-15,28.575733
2014-01-16,28.423563
2014-01-17,28.297493
2014-01-21,28.271412
2014-01-22,28.345316
2014-01-23,28.145329
2014-01-24,27.606249
2014-01-27,27.497564
2014-01-28,27.688858
2014-01-29,27.245415
2014-01-30,27.701899
2014-01-31,27.310629
2014-02-03,26.593304
2014-02-04,26.919355
2014-02-05,26.954144
2014-02-06,27.523657
2014-02-07,27.862755
2014-02-10,27.845364
2014-02-11,28.049690
2014-02-12,28.075783
2014-02-13,28.162724
2014-02-14,28.332270
2014-02-18,28.367054
2014-02-19,28.136642
2014-02-20,28.288807
2014-02-21,28.345316
2014-02-24,28.462698
2014-02-25,28.662683
2014-02-26,28.823534
2014-02-27,28.940924
2014-02-28,29.058294
2014-03-03,28.784410
2014-03-04,29.145252
2014-03-05,29.266973
2014-03-06,29.340881
2014-03-07,29.297401
2014-03-10,29.219147
2014-03-11,29.049595
2014-03-12,29.006121
2014-03-13,28.653996
2014-03-14,28.627905
2014-03-17,28.819193
2014-03-18,28.945272
2014-03-19,28.753975
2014-03-20,28.827892
2014-03-21,28.643847
2014-03-24,28.356014
2014-03-25,28.185923
2014-03-26,27.959154
2014-03-27,27.823954
2014-03-28,28.033285
2014-03-31,28.225172
2014-04-01,28.617676
2014-04-02,28.809576
2014-04-03,28.670010
2014-04-04,28.194653
2014-04-07,27.645151
2014-04-08,27.924257
2014-04-09,28.225172
2014-04-10,27.523037
2014-04-11,27.143616
2014-04-14,27.357315
2014-04-15,27.392206
2014-04-16,27.775986
2014-04-17,27.810871
2014-04-21,27.885004
2014-04-22,28.124868
2014-04-23,27.994028
2014-04-24,28.146677
2014-04-25,27.666956
2014-04-28,27.597174
2014-04-29,27.723648
2014-04-30,27.841393
2014-05-01,27.950426
2014-05-02,28.020212
2014-05-05,28.046366
2014-05-06,27.645151
2014-05-07,27.610256
2014-05-08,27.688759
2014-05-09,27.841393
2014-05-12,28.190289
2014-05-13,28.111784
2014-05-14,27.797787
2014-05-15,27.597174
2014-05-16,27.802155
2014-05-19,27.928629
2014-05-20,27.675676
2014-05-21,28.011482
2014-05-22,28.159760
2014-05-23,28.382181
2014-05-27,28.530451
2014-05-28,28.499922
2014-05-29,28.617676
2014-05-30,28.643847
2014-06-02,28.739788
2014-06-03,28.687458
2014-06-04,28.827013
2014-06-05,29.014544
2014-06-06,29.184624
2014-06-09,29.193356
2014-06-10,29.136642
2014-06-11,29.049431
2014-06-12,28.678736
2014-06-13,28.691822
2014-06-16,28.757233
2014-06-17,28.870617
2014-06-18,29.088680
2014-06-19,29.018906
2014-06-20,28.910406
2014-06-23,28.945402
2014-06-24,28.875401
2014-06-25,29.120392
2014-06-26,29.142281
2014-06-27,29.212278
2014-06-30,29.199154
2014-07-01,29.509773
2014-07-02,29.553534
2014-07-03,29.781036
2014-07-07,29.597288
2014-07-08,29.308519
2014-07-09,29.662909
2014-07-10,29.387283
2014-07-11,29.483534
2014-07-14,29.566648
2014-07-15,29.466030
2014-07-16,29.540405
2014-07-17,29.260408
2014-07-18,29.531660
2014-07-21,29.396038
2014-07-22,29.518528
2014-07-23,29.496664
2014-07-24,29.562279
2014-07-25,29.234154
2014-07-28,29.291031
2014-07-29,29.207907
2014-07-30,29.369772
2014-07-31,28.827278
2014-08-01,28.722275
2014-08-04,29.002272
2014-08-05,28.801027
2014-08-06,28.739775
2014-08-07,28.591017
2014-08-08,29.032896
2014-08-11,29.164154
2014-08-12,29.089777
2014-08-13,29.194775
2014-08-14,29.422281
2014-08-15,29.365408
2014-08-18,29.636662
2014-08-19,29.859787
2014-08-20,29.999784
2014-08-21,29.973537
2014-08-22,30.030413
2014-08-25,30.117912
2014-08-26,30.122295
2014-08-27,30.152914
2014-08-28,30.113548
2014-08-29,30.109163
2014-09-02,30.166044
2014-09-03,30.087292
2014-09-04,30.201044
2014-09-05,30.301678
2014-09-08,30.174793
2014-09-09,29.872906
2014-09-10,29.977915
2014-09-11,29.991043
2014-09-12,29.903534
2014-09-15,29.781036
2014-09-16,29.934156
2014-09-17,29.921034
2014-09-18,30.052298
2014-09-19,30.065020
2014-09-22,29.643606
2014-09-23,29.389006
2014-09-24,29.722618
2014-09-25,29.288044
2014-09-26,29.590933
2014-09-29,29.437290
2014-09-30,29.274876
2014-10-01,28.884190
2014-10-02,29.015884
2014-10-03,29.389006
2014-10-06,29.230974
2014-10-07,28.796394
2014-10-08,29.248535
2014-10-09,28.585697
2014-10-10,28.335470
2014-10-13,27.760429
2014-10-14,27.962358
2014-10-15,27.729708
2014-10-16,27.760429
2014-10-17,28.067705
2014-10-20,28.458391
2014-10-21,29.011486
2014-10-22,28.761274
2014-10-23,29.151957
2014-10-24,29.125626
2014-10-27,29.182695
2014-10-28,29.498753
2014-10-29,29.410952
2014-10-30,29.604099
2014-10-31,29.893829
2014-11-03,29.893829
2014-11-04,29.533855
2014-11-05,29.652391
2014-11-06,29.902597
2014-11-07,29.854313
2014-11-10,29.836752
2014-11-11,29.964046
2014-11-12,30.104523
2014-11-13,30.293276
2014-11-14,30.411798
2014-11-17,30.376682
2014-11-18,30.433758
2014-11-19,30.561052
2014-11-20,30.692745
2014-11-21,30.767372
2014-11-24,31.052696
2014-11-25,31.149273
2014-11-26,31.144886
2014-11-28,31.522394
2014-12-01,31.175619
2014-12-02,31.294146
2014-12-03,31.346811
2014-12-04,31.329237
2014-12-05,31.399494
2014-12-08,31.144886
2014-12-09,31.087818
2014-12-10,30.675184
2014-12-11,30.925398
2014-12-12,30.727861
2014-12-15,30.543499
2014-12-16,30.073792
2014-12-17,30.648851
2014-12-18,31.153666
2014-12-19,31.238735
2014-12-22,31.542883
2014-12-23,31.719198
2014-12-24,31.666317
2014-12-26,31.838213
2014-12-29,32.080647
2014-12-30,31.930782
2014-12-31,31.802954
2015-01-02,31.573732
2015-01-05,30.969862
2015-01-06,30.661295
2015-01-07,31.146175
2015-01-08,31.613413
2015-01-09,31.247553
2015-01-12,31.080051
2015-01-13,31.080051
2015-01-14,30.705385
2015-01-15,30.308674
2015-01-16,30.709795
2015-01-20,30.533476
2015-01-21,30.731823
2015-01-22,31.309271
2015-01-23,31.265181
2015-01-26,31.428270
2015-01-27,31.177031
2015-01-28,30.771503
2015-01-29,31.190248
2015-01-30,30.850836
2015-02-02,31.128546
2015-02-03,31.789721
2015-02-04,32.001301
2015-02-05,32.199650
2015-02-06,32.151169
2015-02-09,32.027752
2015-02-10,32.420055
2015-02-11,32.428879
2015-02-12,32.812355
2015-02-13,33.010712
2015-02-17,32.935776
2015-02-18,32.918152
2015-02-19,33.019527
2015-02-20,33.253147
2015-02-23,33.222279
2015-02-24,33.380966
2015-02-25,33.636631
2015-02-26,33.530846
2015-02-27,33.486767
2015-03-02,33.887871
2015-03-03,33.795319
2015-03-04,33.618996
2015-03-05,33.641056
2015-03-06,33.239914
2015-03-09,33.429451
2015-03-10,32.909336
2015-03-11,32.728611
2015-03-12,33.394196
2015-03-13,33.129730
2015-03-16,33.517624
2015-03-17,33.332489
2015-03-18,33.627811
2015-03-19,33.579330
2015-03-20,33.953041
2015-03-23,33.895538
2015-03-24,33.718647
2015-03-25,33.170219
2015-03-26,32.962360
2015-03-27,33.130421
2015-03-30,33.470974
2015-03-31,33.325020
2015-04-01,33.179073
2015-04-02,33.475388
2015-04-06,33.634605
2015-04-07,33.448853
2015-04-08,33.762886
2015-04-09,33.793827
2015-04-10,33.908817
2015-04-13,33.723068
2015-04-14,33.705372
2015-04-15,33.705372
2015-04-16,33.771721
2015-04-17,33.271946
2015-04-20,33.639034
2015-04-21,33.674416
2015-04-22,33.705372
2015-04-23,33.873436
2015-04-24,34.333401
2015-04-27,34.032654
2015-04-28,33.913242
2015-04-29,33.683266
2015-04-30,33.307331
2015-05-01,33.767300
2015-05-04,33.838055
2015-05-05,33.484249
2015-05-06,33.347130
2015-05-07,33.519630
2015-05-08,33.877880
2015-05-11,33.727486
2015-05-12,33.665565
2015-05-13,33.453281
2015-05-14,33.603645
2015-05-15,33.873436
2015-05-18,34.001686
2015-05-19,33.992847
2015-05-20,33.953041
2015-05-21,34.085728
2015-05-22,34.028236
2015-05-26,33.784985
2015-05-27,34.037083
2015-05-28,33.979584
2015-05-29,33.745182
2015-06-01,33.842480
2015-06-02,33.917656
2015-06-03,34.183033
2015-06-04,33.939777
2015-06-05,33.842480
2015-06-08,33.603645
2015-06-09,33.568275
2015-06-10,33.913242
2015-06-11,34.028236
2015-06-12,33.873436
2015-06-15,33.714207
2015-06-16,33.917656
2015-06-17,34.072464
2015-06-18,34.483772
2015-06-19,34.362625
2015-06-22,34.553432
2015-06-23,34.690975
2015-06-24,34.451378
2015-06-25,34.424763
2015-06-26,34.562298
2015-06-29,33.781429
2015-06-30,33.932281
2015-07-01,34.318291
2015-07-02,34.251713
2015-07-06,34.185173
2015-07-07,34.482445
2015-07-08,33.825798
2015-07-09,33.967773
2015-07-10,34.460258
2015-07-13,34.957161
2015-07-14,35.001537
2015-07-15,34.966053
2015-07-16,35.179008
2015-07-17,35.116894
2015-07-20,35.134636
2015-07-21,35.023708
2015-07-22,35.192314
2015-07-23,34.983799
2015-07-24,34.983799
2015-07-27,34.722004
2015-07-28,34.992668
2015-07-29,35.352039
2015-07-30,35.480717
2015-07-31,35.591621
2015-08-03,35.471832
2015-08-04,35.622688
2015-08-05,35.236691
2015-08-06,34.757511
2015-08-07,34.730892
2015-08-10,35.010406
2015-08-11,34.695404
2015-08-12,34.544552
2015-08-13,34.744198
2015-08-14,34.766388
2015-08-17,35.099152
2015-08-18,35.130203
2015-08-19,35.068092
2015-08-20,34.083134
2015-08-21,32.991680
2015-08-24,31.673962
2015-08-25,31.545301
2015-08-26,32.743237
2015-08-27,33.510792
2015-08-28,33.524086
2015-08-31,33.266773
2015-09-01,32.423779
2015-09-02,33.107040
2015-09-03,33.120354
2015-09-04,32.765415
2015-09-08,33.524086
2015-09-09,33.164715
2015-09-10,33.257900
2015-09-11,33.506351
2015-09-14,33.328884
2015-09-15,33.679386
2015-09-16,34.060947
2015-09-17,34.149681
2015-09-18,33.605919
2015-09-21,33.899849
2015-09-22,33.450043
2015-09-23,33.360973
2015-09-24,33.271900
2015-09-25,33.267441
2015-09-28,32.309963
2015-09-29,32.203068
2015-09-30,33.071484
2015-10-01,33.316429
2015-10-02,33.792961
2015-10-05,34.291752
2015-10-06,34.037895
2015-10-07,34.153679
2015-10-08,34.572319
2015-10-09,34.612408
2015-10-12,34.777172
2015-10-13,34.590130
2015-10-14,34.238297
2015-10-15,34.683655
2015-10-16,34.866249
2015-10-19,35.031025
2015-10-20,34.986492
2015-10-21,34.830616
2015-10-22,35.289330
2015-10-23,35.463001
2015-10-26,35.712406
2015-10-27,35.543167
2015-10-28,35.881634
2015-10-29,35.984062
2015-10-30,36.059784
2015-11-02,36.224560
2015-11-03,36.362610
2015-11-04,36.126587
2015-11-05,36.255730
2015-11-06,36.260178
2015-11-09,35.761402
2015-11-10,36.099873
2015-11-11,35.886093
2015-11-12,35.552086
2015-11-13,34.616852
2015-11-16,35.035480
2015-11-17,35.102272
2015-11-18,35.703491
2015-11-19,35.748028
2015-11-20,36.175564
2015-11-23,36.309170
2015-11-24,36.233456
2015-11-25,36.416054
2015-11-27,36.282455
2015-11-30,35.975147
2015-12-01,36.344795
2015-12-02,36.028603
2015-12-03,35.485287
2015-12-04,36.171097
2015-12-07,36.019695
2015-12-08,35.912811
2015-12-09,35.454109
2015-12-10,35.574345
2015-12-11,34.763821
2015-12-14,34.941940
2015-12-15,35.133450
2015-12-16,35.721313
2015-12-17,35.133450
2015-12-18,34.581169
2015-12-21,34.755585
2015-12-22,35.010479
2015-12-23,35.189354
2015-12-24,35.095448
2015-12-28,35.184883
2015-12-29,35.591824
2015-12-30,35.305622
2015-12-31,34.952347
2016-01-04,34.353104
2016-01-05,34.308392
2016-01-06,33.973007
2016-01-07,33.275394
2016-01-08,32.917641
2016-01-11,33.177010
2016-01-12,33.543697
2016-01-13,32.412300
2016-01-14,32.644848
2016-01-15,31.974060
2016-01-19,32.094799
2016-01-20,31.813059
2016-01-21,32.220009
2016-01-22,32.783478
2016-01-25,32.407833
2016-01-26,32.881855
2016-01-27,32.367584
2016-01-28,32.783478
2016-01-29,33.141224
2016-02-01,33.342453
2016-02-02,32.694038
2016-02-03,32.609074
2016-02-04,32.421242
2016-02-05,31.374830
2016-02-08,30.766649
2016-02-09,30.717457
2016-02-10,30.663792
2016-02-11,30.645906
2016-02-12,31.209370
2016-02-16,31.965120
2016-02-17,32.653786
2016-02-18,32.439133
2016-02-19,32.528584
2016-02-22,33.159115
2016-02-23,32.975761
2016-02-24,33.168049
2016-02-25,33.498981
2016-02-26,33.463200
2016-02-29,33.288795
2016-03-01,34.169765
2016-03-02,34.138458
2016-03-03,34.339680
2016-03-04,34.308392
2016-03-07,34.160820
2016-03-08,33.892509
2016-03-09,33.959579
2016-03-10,34.044540
2016-03-11,34.567764
2016-03-14,34.697449
2016-03-15,34.688503
2016-03-16,34.970226
2016-03-17,35.019417
2016-03-18,35.064770
2016-03-21,35.082722
2016-03-22,35.024357
2016-03-23,34.777378
2016-03-24,34.822296
2016-03-28,34.979458
2016-03-29,35.334190
2016-03-30,35.558693
2016-03-31,35.518295
2016-04-01,35.666477
2016-04-04,35.388069
2016-04-05,35.087223
2016-04-06,35.419502
2016-04-07,35.019867
2016-04-08,34.965988
2016-04-11,34.835777
2016-04-12,35.100689
2016-04-13,35.594627
2016-04-14,35.594627
2016-04-15,35.693413
2016-04-18,36.030178
2016-04-19,35.832611
2016-04-20,35.877514
2016-04-21,35.751778
2016-04-22,35.679943
2016-04-25,35.720356
2016-04-26,35.805683
2016-04-27,35.769760
2016-04-28,35.383579
2016-04-29,35.563198
2016-05-02,36.061619
2016-05-03,35.729328
2016-05-04,35.567692
2016-05-05,35.338692
2016-05-06,35.599117
2016-05-09,35.697906
2016-05-10,36.155910
2016-05-11,35.428486
2016-05-12,35.495838
2016-05-13,35.073753
2016-05-16,35.293777
2016-05-17,34.894142
2016-05-18,34.692070
2016-05-19,34.660645
2016-05-20,34.889652
2016-05-23,34.768417
2016-05-24,35.186012
2016-05-25,35.379086
2016-05-26,35.450939
2016-05-27,35.617085
2016-05-31,35.581158
2016-06-01,35.558693
2016-06-02,35.756279
2016-06-03,35.522781
2016-06-06,35.612579
2016-06-07,35.657486
2016-06-08,35.697906
2016-06-09,35.617085
2016-06-10,35.244377
2016-06-13,35.051300
2016-06-14,34.961494
2016-06-15,35.060287
2016-06-16,35.172539
2016-06-17,35.117115
2016-06-20,35.432529
2016-06-21,35.351448
2016-06-22,35.301872
2016-06-23,35.648849
2016-06-24,34.324009
2016-06-27,33.693134
2016-06-28,34.364571
2016-06-29,34.918835
2016-06-30,35.175697
2016-07-01,35.540703
2016-07-05,35.252304
2016-07-06,35.554218
2016-07-07,35.707432
2016-07-08,36.329292
2016-07-11,36.541077
2016-07-12,36.685284
2016-07-13,36.505039
2016-07-14,36.653744
2016-07-15,36.491520
2016-07-18,36.631207
2016-07-19,36.563625
2016-07-20,36.716831
2016-07-21,36.617683
2016-07-22,36.770893
2016-07-25,36.829494
2016-07-26,36.784420
2016-07-27,36.671764
2016-07-28,36.739357
2016-07-29,36.779911
2016-08-01,36.838493
2016-08-02,36.288734
2016-08-03,36.392387
2016-08-04,36.374348
2016-08-05,36.757381
2016-08-08,36.635708
2016-08-09,36.527576
2016-08-10,36.604172
2016-08-11,36.969185
2016-08-12,36.951157
2016-08-15,37.023262
2016-08-16,36.811466
2016-08-17,36.725838
2016-08-18,36.703304
2016-08-19,36.725838
2016-08-22,36.689785
2016-08-23,36.874554
2016-08-24,36.698814
2016-08-25,36.577137
2016-08-26,36.473484
2016-08-29,36.599655
2016-08-30,36.396889
2016-08-31,36.302254
2016-09-01,36.374348
2016-09-02,36.446449
2016-09-06,36.514042
2016-09-07,36.532070
2016-09-08,36.216637
2016-09-09,35.342422
2016-09-12,35.838123
2016-09-13,35.328915
2016-09-14,35.333412
2016-09-15,35.590279
2016-09-16,35.513367
2016-09-19,35.486225
2016-09-20,35.513367
2016-09-21,35.857140
2016-09-22,36.119511
2016-09-23,36.038074
2016-09-26,35.640018
2016-09-27,36.001892
2016-09-28,36.101406
2016-09-29,35.915951
2016-09-30,36.205452
2016-10-03,36.182835
2016-10-04,36.056187
2016-10-05,36.205452
2016-10-06,36.232586
2016-10-07,36.069748
2016-10-10,36.128555
2016-10-11,35.689770
2016-10-12,35.857140
2016-10-13,35.725979
2016-10-14,35.685253
2016-10-17,35.391235
2016-10-18,35.626446
2016-10-19,35.784782
2016-10-20,35.716919
2016-10-21,36.001892
2016-10-24,36.259727
2016-10-25,35.834530
2016-10-26,35.680725
2016-10-27,35.382202
2016-10-28,35.300766
2016-10-31,35.327904
2016-11-01,35.079124
2016-11-02,34.866531
2016-11-03,34.776043
2016-11-04,34.708183
2016-11-07,35.508842
2016-11-08,35.653584
2016-11-09,35.725979
2016-11-10,35.857140
2016-11-11,36.060707
2016-11-14,36.065231
2016-11-15,36.205452
2016-11-16,36.404491
2016-11-17,36.843246
2016-11-18,36.730167
2016-11-21,36.969913
2016-11-22,37.408676
2016-11-23,37.444862
2016-11-25,37.535355
2016-11-28,37.236786
2016-11-29,37.336308
2016-11-30,37.024178
2016-12-01,37.042297
2016-12-02,36.838734
2016-12-05,37.241322
2016-12-06,37.327248
2016-12-07,38.051010
2016-12-08,38.051010
2016-12-09,38.136944
2016-12-12,37.820309
2016-12-13,38.159565
2016-12-14,37.901733
2016-12-15,37.811260
2016-12-16,37.625618
2016-12-19,37.725723
2016-12-20,38.026047
2016-12-21,38.007832
2016-12-22,37.598320
2016-12-23,37.516422
2016-12-27,37.662014
2016-12-28,37.402649
2016-12-29,37.352615
2016-12-30,37.038654
2017-01-03,37.257053
2017-01-04,37.753017
2017-01-05,37.725723
2017-01-06,37.912266
2017-01-09,37.880432
2017-01-10,38.016945
2017-01-11,38.098843
2017-01-12,38.062439
2017-01-13,38.203491
2017-01-17,38.267208
2017-01-18,38.198940
2017-01-19,38.080643
2017-01-20,38.189850
2017-01-23,38.217148
2017-01-24,38.531109
2017-01-25,38.767727
2017-01-26,38.826866
2017-01-27,38.704014
2017-01-30,38.658520
2017-01-31,38.599358
2017-02-01,38.526562
2017-02-02,38.494709
2017-02-03,38.444656
2017-02-06,38.330906
2017-02-07,38.294495
2017-02-08,38.531109
2017-02-09,38.772266
2017-02-10,39.008881
2017-02-13,39.054386
2017-02-14,39.277344
2017-02-15,39.482098
2017-02-16,39.281910
2017-02-17,39.409306
2017-02-21,39.636803
2017-02-22,39.636803
2017-02-23,39.368362
2017-02-24,39.550343
2017-02-27,39.595856
2017-02-28,39.300098
2017-03-01,39.741459
2017-03-02,39.645901
2017-03-03,39.586754
2017-03-06,39.459339
2017-03-07,39.331951
2017-03-08,39.495758
2017-03-09,39.459339
2017-03-10,39.518509
2017-03-13,39.623169
2017-03-14,39.614056
2017-03-15,39.823368
2017-03-16,39.818817
2017-03-17,39.869473
2017-03-20,39.773640
2017-03-21,39.271610
2017-03-22,39.317249
2017-03-23,39.408527
2017-03-24,39.504360
2017-03-27,39.490677
2017-03-28,39.791897
2017-03-29,40.029217
2017-03-30,40.134174
2017-03-31,40.138744
2017-04-03,39.979012
2017-04-04,39.915108
2017-04-05,39.819271
2017-04-06,39.942497
2017-04-07,39.823849
2017-04-10,39.969887
2017-04-11,39.937927
2017-04-12,39.778191
2017-04-13,39.499809
2017-04-17,39.905998
2017-04-18,39.910542
2017-04-19,39.947063
2017-04-20,40.366940
2017-04-21,40.275658
2017-04-24,40.535778
2017-04-25,40.855263
2017-04-26,41.046947
2017-04-27,41.266003
2017-04-28,41.101688
2017-05-01,41.156467
2017-05-02,41.202103
2017-05-03,40.960243
2017-05-04,40.896339
2017-05-05,41.151901
2017-05-08,41.229500
2017-05-09,41.466801
2017-05-10,41.325333
2017-05-11,41.078892
2017-05-12,41.019554
2017-05-15,41.028671
2017-05-16,40.887211
2017-05-17,40.225449
2017-05-18,40.458206
2017-05-19,40.732029
2017-05-22,40.937412
2017-05-23,40.782230
2017-05-24,40.928288
2017-05-25,41.288826
2017-05-26,41.412041
2017-05-30,41.443977
2017-05-31,41.553520
2017-06-01,41.946011
2017-06-02,42.096626
2017-06-05,41.982521
2017-06-06,41.621975
2017-06-07,41.695007
2017-06-08,41.425724
2017-06-09,41.243187
2017-06-12,41.220364
2017-06-13,41.475929
2017-06-14,41.453114
2017-06-15,41.279686
2017-06-16,41.268246
2017-06-19,41.584110
2017-06-20,41.062256
2017-06-21,41.126331
2017-06-22,41.030201
2017-06-23,40.979855
2017-06-26,41.126331
2017-06-27,40.801323
2017-06-28,41.213318
2017-06-29,40.815063
2017-06-30,41.030201
2017-07-03,40.989010
2017-07-05,40.888298
2017-07-06,40.471725
2017-07-07,40.833366
2017-07-10,40.920349
2017-07-11,40.837929
2017-07-12,41.149235
2017-07-13,41.153793
2017-07-14,41.286552
2017-07-17,41.387272
2017-07-18,41.574959
2017-07-19,41.776371
2017-07-20,41.689404
2017-07-21,41.716858
2017-07-24,41.574959
2017-07-25,41.867916
2017-07-26,41.849628
2017-07-27,42.156326
2017-07-28,41.835892
2017-07-31,41.822155
2017-08-01,41.895390
2017-08-02,41.780964
2017-08-03,41.666515
2017-08-04,41.671082
2017-08-07,41.767227
2017-08-08,41.790115
2017-08-09,41.547489
2017-08-10,40.924911
2017-08-11,41.135494
2017-08-14,41.428478
2017-08-15,41.048512
2017-08-16,41.259090
2017-08-17,40.599903
2017-08-18,40.398483
2017-08-21,40.471725
2017-08-22,40.906601
2017-08-23,40.558693
2017-08-24,40.471725
2017-08-25,40.572430
2017-08-28,40.595325
2017-08-29,40.558693
2017-08-30,40.851673
2017-08-31,41.043945
2017-09-01,41.231636
2017-09-05,41.062256
2017-09-06,41.318607
2017-09-07,40.961540
2017-09-08,40.819630
2017-09-11,41.034782
2017-09-12,41.217892
2017-09-13,41.515450
2017-09-14,41.291145
2017-09-15,41.175369
2017-09-18,41.032951
2017-09-19,40.996208
2017-09-20,41.134033
2017-09-21,41.065117
2017-09-22,41.134033
2017-09-25,41.046730
2017-09-26,41.051327
2017-09-27,41.276428
2017-09-28,41.225903
2017-09-29,41.382088
2017-10-02,41.460194
2017-10-03,41.634766
2017-10-04,41.850662
2017-10-05,42.084969
2017-10-06,42.135506
2017-10-09,42.002281
2017-10-10,41.960938
2017-10-11,41.983902
2017-10-12,41.703671
2017-10-13,41.905807
2017-10-16,41.960938
2017-10-17,41.983902
2017-10-18,41.869057
2017-10-19,41.869057
2017-10-20,41.970123
2017-10-23,41.685299
2017-10-24,41.786369
2017-10-25,41.625580
2017-10-26,41.772587
2017-10-27,42.447884
2017-10-30,42.254948
2017-10-31,42.259537
2017-11-01,42.273319
2017-11-02,41.956329
2017-11-03,42.126316
2017-11-06,42.434113
2017-11-07,42.181446
2017-11-08,42.227379
2017-11-09,42.291687
2017-11-10,42.434113
2017-11-13,42.576527
2017-11-14,42.613270
2017-11-15,42.429523
2017-11-16,42.783245
2017-11-17,42.971592
2017-11-20,43.054283
2017-11-21,43.320732
2017-11-22,43.362083
2017-11-24,43.472332
2017-11-27,43.504490
2017-11-28,43.986858
2017-11-29,44.175198
2017-11-30,44.400311
2017-12-01,44.381935
2017-12-04,44.896458
2017-12-05,44.639191
2017-12-06,44.349777
2017-12-07,44.464622
2017-12-08,44.675941
2017-12-11,44.772419
2017-12-12,44.790794
2017-12-13,44.827545
2017-12-14,44.965363
2017-12-15,45.159882
2017-12-18,45.565525
2017-12-19,45.505596
2017-12-20,45.418018
2017-12-21,45.713032
2017-12-22,45.625454
2017-12-26,45.726852
2017-12-27,45.634670
2017-12-28,45.759125
2017-12-29,45.491772
2018-01-02,46.183216
2018-01-03,46.395241
2018-01-04,46.547363
2018-01-05,46.916126
2018-01-08,46.971447
2018-01-09,47.063633
2018-01-10,47.031361
2018-01-11,47.796566
2018-01-12,48.414238
2018-01-16,48.068508
2018-01-17,48.298996
2018-01-18,48.257504
2018-01-19,48.676991
2018-01-22,49.216301
2018-01-23,49.631165
2018-01-24,49.843208
2018-01-25,49.755608
2018-01-26,50.244240
2018-01-29,50.105942
2018-01-30,49.857033
2018-01-31,49.695702
2018-02-01,49.142548
2018-02-02,48.672375
2018-02-05,47.031361
2018-02-06,48.234459
2018-02-07,48.086952
2018-02-08,46.169388
2018-02-09,46.478210
2018-02-12,47.109734
2018-02-13,47.354050
2018-02-14,48.110012
2018-02-15,48.538696
2018-02-16,48.303604
2018-02-20,48.156097
2018-02-21,48.086952
2018-02-22,48.146877
2018-02-23,48.819889
2018-02-26,49.230133
2018-02-27,48.188385
2018-02-28,47.971718
2018-03-01,47.455441
2018-03-02,47.501553
2018-03-05,48.068508
2018-03-06,48.400402
2018-03-07,48.073120
2018-03-08,48.225246
2018-03-09,48.971989
2018-03-12,49.133327
2018-03-13,48.787605
2018-03-14,48.727680
2018-03-15,48.676991
2018-03-16,48.626133
2018-03-19,48.020504
2018-03-20,48.307121
2018-03-21,48.270145
2018-03-22,47.243813
2018-03-23,46.314560
2018-03-26,47.683010
2018-03-27,46.749134
2018-03-28,46.180477
2018-03-29,46.827721
2018-04-02,45.505501
2018-04-03,46.083412
2018-04-04,46.929436
2018-04-05,47.558189
2018-04-06,46.545712
2018-04-09,46.434757
2018-04-10,46.998779
2018-04-11,46.855461
2018-04-12,47.058880
2018-04-13,46.795361
2018-04-16,47.146721
2018-04-17,48.025105
2018-04-18,48.251663
2018-04-19,48.099079
2018-04-20,47.609032
2018-04-23,47.710747
2018-04-24,46.957180
2018-04-25,47.151340
2018-04-26,47.914162
2018-04-27,48.131451
2018-04-30,47.941910
2018-05-01,48.006618
2018-05-02,47.678387
2018-05-03,47.465733
2018-05-04,48.089832
2018-05-07,48.251663
2018-05-08,48.048244
2018-05-09,48.214664
2018-05-10,48.390350
2018-05-11,48.492058
2018-05-14,48.584511
2018-05-15,48.302502
2018-05-16,48.704720
2018-05-17,48.542908
2018-05-18,48.482815
2018-05-21,48.750954
2018-05-22,48.533661
2018-05-23,48.885017
2018-05-24,48.991341
2018-05-25,49.065315
2018-05-29,48.686234
2018-05-30,49.130047
2018-05-31,48.894268
2018-06-01,49.254879
2018-06-04,49.805027
2018-06-05,50.096291
2018-06-06,50.563229
2018-06-07,50.711163
2018-06-08,50.817493
2018-06-11,51.020912
2018-06-12,51.265949
2018-06-13,51.344536
2018-06-14,51.880814
2018-06-15,51.966099
2018-06-18,51.878029
2018-06-19,51.813133
2018-06-20,52.058815
2018-06-21,51.687988
2018-06-22,51.599915
2018-06-25,50.478180
2018-06-26,50.839733
2018-06-27,50.181526
2018-06-28,50.575512
2018-06-29,50.663578
2018-07-02,50.733124
2018-07-03,50.478180
2018-07-05,50.728489
2018-07-06,51.127113
2018-07-09,51.738979
2018-07-10,51.850235
2018-07-11,51.729713
2018-07-12,52.072720
2018-07-13,52.188591
2018-07-16,52.318378
2018-07-17,52.369373
2018-07-18,52.336922
2018-07-19,52.216412
2018-07-20,51.984642
2018-07-23,51.929020
2018-07-24,51.776058
2018-07-25,52.156136
2018-07-26,51.882671
2018-07-27,51.748241
2018-07-30,51.335709
2018-07-31,51.576740
2018-08-01,51.321789
2018-08-02,51.674080
2018-08-03,51.850235
2018-08-06,52.197868
2018-08-07,52.438892
2018-08-08,52.494511
2018-08-09,52.689205
2018-08-10,52.248856
2018-08-13,51.984642
2018-08-14,52.489891
2018-08-15,51.850235
2018-08-16,52.105167
2018-08-17,52.151520
2018-08-20,52.522339
2018-08-21,52.939507
2018-08-22,52.995136
2018-08-23,52.944141
2018-08-24,53.254704
2018-08-27,53.597725
2018-08-28,53.704327
2018-08-29,54.306923
2018-08-30,53.996346
2018-08-31,54.209576
2018-09-04,54.311546
2018-09-05,53.727505
2018-09-06,53.579166
2018-09-07,53.574535
2018-09-10,53.773857
2018-09-11,54.204937
2018-09-12,54.306923
2018-09-13,54.399616
2018-09-14,54.195675
2018-09-17,53.523563
2018-09-18,54.204937
2018-09-19,54.228115
2018-09-20,54.598934
2018-09-21,54.357639
2018-09-24,54.004314
2018-09-25,54.232121
2018-09-26,54.357639
2018-09-27,54.543625
2018-09-28,54.497128
2018-10-01,54.329754
2018-10-02,53.595196
2018-10-03,53.413879
2018-10-04,52.577034
2018-10-05,52.181858
2018-10-08,52.316681
2018-10-09,52.163254
2018-10-10,50.405876
2018-10-11,49.517902
2018-10-12,50.433781
2018-10-15,50.317558
2018-10-16,51.326416
2018-10-17,50.903339
2018-10-18,49.927021
2018-10-19,49.438866
2018-10-22,49.638779
2018-10-23,49.648075
2018-10-24,48.165001
2018-10-25,49.620174
2018-10-26,48.076668
2018-10-29,47.653606
2018-10-30,48.369576
2018-10-31,48.992546
2018-11-01,49.992119
2018-11-02,50.196682
2018-11-05,50.266411
2018-11-06,50.489567
2018-11-07,51.856419
2018-11-08,51.870361
2018-11-09,51.149750
2018-11-12,50.122292
2018-11-13,50.099049
2018-11-14,49.722466
2018-11-15,49.648075
2018-11-16,49.452812
2018-11-19,48.244049
2018-11-20,47.151505
2018-11-21,47.644310
2018-11-23,47.430450
2018-11-26,48.495094
2018-11-27,48.639229
2018-11-28,50.075798
2018-11-29,49.843346
2018-11-30,50.205978
2018-12-03,51.145096
2018-12-04,49.304047
2018-12-06,49.541134
2018-12-07,48.058079
2018-12-10,48.095261
2018-12-11,48.113857
2018-12-12,48.620621
2018-12-13,48.378864
2018-12-14,47.574562
2018-12-17,46.365795
2018-12-18,46.728424
2018-12-19,45.803246
2018-12-20,44.775795
2018-12-21,43.761108
2018-12-24,42.930321
2018-12-26,45.474022
2018-12-27,45.716724
2018-12-28,45.721401
2018-12-31,46.211472
2019-01-02,46.561520
2019-01-03,45.553375
2019-01-04,47.060925
2019-01-07,48.125088
2019-01-08,48.657154
2019-01-09,48.904541
2019-01-10,48.764507
2019-01-11,48.811176
2019-01-14,48.512478
2019-01-15,48.951202
2019-01-16,48.839180
2019-01-17,49.170567
2019-01-18,49.851997
2019-01-22,49.105213
2019-01-23,49.203236
2019-01-24,49.408600
2019-01-25,49.954681
2019-01-28,49.665314
2019-01-29,49.343246
2019-01-30,50.314068
2019-01-31,50.771465
2019-02-01,50.029358
2019-02-04,50.356083
2019-02-05,50.827477
2019-02-06,50.617439
2019-02-07,50.202053
2019-02-08,50.001354
2019-02-11,50.090050
2019-02-12,50.860153
2019-02-13,51.205536
2019-02-14,51.018841
2019-02-15,51.368889
2019-02-19,51.578922
2019-02-20,51.681618
2019-02-21,51.578922
2019-02-22,51.858967
2019-02-25,51.686268
2019-02-26,51.756287
2019-02-27,51.718941
2019-02-28,51.438908
2019-03-01,51.854290
2019-03-04,51.690937
2019-03-05,51.821625
2019-03-06,51.578922
2019-03-07,50.953503
2019-03-08,50.598774
2019-03-11,51.294216
2019-03-12,51.438908
2019-03-13,51.620922
2019-03-14,51.466900
2019-03-15,51.797077
2019-03-18,52.298191
2019-03-19,52.560463
2019-03-20,52.635376
2019-03-21,53.356617
2019-03-22,52.298191
2019-03-25,52.607281
2019-03-26,52.832085
2019-03-27,52.724369
2019-03-28,53.042828
2019-03-29,53.319141
2019-04-01,53.904556
2019-04-02,53.895180
2019-04-03,54.274536
2019-04-04,54.714760
2019-04-05,55.037899
2019-04-08,55.234604
2019-04-09,54.738167
2019-04-10,55.000439
2019-04-11,55.070683
2019-04-12,55.412571
2019-04-15,55.524967
2019-04-16,55.768501
2019-04-17,55.876225
2019-04-18,55.857483
2019-04-22,55.646732
2019-04-23,56.311760
2019-04-24,56.363277
2019-04-25,56.068222
2019-04-26,56.513145
2019-04-29,56.316433
2019-04-30,56.232132
2019-05-01,55.548386
2019-05-02,55.590530
2019-05-03,56.246201
2019-05-06,55.904308
2019-05-07,55.056644
2019-05-08,55.075378
2019-05-09,54.850574
2019-05-10,54.930191
2019-05-13,53.295723
2019-05-14,53.834297
2019-05-15,54.199608
2019-05-16,54.700710
2019-05-17,54.283905
2019-05-20,53.899868
2019-05-21,54.274536
2019-05-22,53.717213
2019-05-23,53.052197
2019-05-24,53.122459
2019-05-28,52.771191
2019-05-29,52.302876
2019-05-30,52.644756
2019-05-31,51.956318
2019-06-03,51.520767
2019-06-04,52.916370
2019-06-05,53.178646
2019-06-06,53.450272
2019-06-07,54.223019
2019-06-10,54.681980
2019-06-11,54.892723
2019-06-12,54.878677
2019-06-13,55.370430
2019-06-14,55.492180
2019-06-17,55.515606
2019-06-18,55.937103
2019-06-19,56.040131
2019-06-20,56.428841
2019-06-21,56.167549
2019-06-24,55.866798
2019-06-25,55.331055
2019-06-26,55.509636
2019-06-27,55.857391
2019-06-28,56.017174
2019-07-01,56.510601
2019-07-02,56.632797
2019-07-03,57.126244
2019-07-05,57.192028
2019-07-08,57.262524
2019-07-09,57.323624
2019-07-10,57.530392
2019-07-11,57.647881
2019-07-12,58.310497
2019-07-15,58.498470
2019-07-16,58.423275
2019-07-17,57.864044
2019-07-18,57.788860
2019-07-19,57.408199
2019-07-22,57.441101
2019-07-23,57.831146
2019-07-24,58.122520
2019-07-25,57.798256
2019-07-26,58.061417
2019-07-29,57.779449
2019-07-30,57.389412
2019-07-31,56.731491
2019-08-01,55.960781
2019-08-02,55.500237
2019-08-05,54.010517
2019-08-06,54.832920
2019-08-07,55.053787
2019-08-08,56.115856
2019-08-09,55.589523
2019-08-12,54.781216
2019-08-13,55.683510
2019-08-14,53.940022
2019-08-15,53.850735
2019-08-16,54.461666
2019-08-19,55.147785
2019-08-20,55.161861
2019-08-21,56.223949
2019-08-22,56.238037
2019-08-23,54.743629
2019-08-26,55.284069
2019-08-27,55.011490
2019-08-28,55.697613
2019-08-29,56.534107
2019-08-30,56.195744
2019-09-03,55.965477
2019-09-04,56.520012
2019-09-05,57.600883
2019-09-06,57.741856
2019-09-09,57.962727
2019-09-10,57.732460
2019-09-11,57.840553
2019-09-12,58.117817
2019-09-13,58.000332
2019-09-16,57.257812
2019-09-17,57.605576
2019-09-18,57.577381
2019-09-19,57.422302
2019-09-20,56.764084
2019-09-23,56.962112
2019-09-24,56.353874
2019-09-25,56.867813
2019-09-26,56.622631
2019-09-27,56.424595
2019-09-30,56.910252
2019-10-01,56.434025
2019-10-02,55.420307
2019-10-03,55.689056
2019-10-04,56.212421
2019-10-07,55.967247
2019-10-08,55.377872
2019-10-09,55.849361
2019-10-10,56.221863
2019-10-11,56.858379
2019-10-14,56.830086
2019-10-15,57.329884
2019-10-16,57.565632
2019-10-17,57.716530
2019-10-18,57.603359
2019-10-21,57.806107
2019-10-22,57.438332
2019-10-23,57.174286
2019-10-24,57.146004
2019-10-25,57.079983
2019-10-28,57.259151
2019-10-29,56.933826
2019-10-30,57.287464
2019-10-31,56.980968
2019-11-01,57.358173
2019-11-04,57.386467
2019-11-05,57.471333
2019-11-06,57.532631
2019-11-07,57.188438
2019-11-08,57.212013
2019-11-11,57.094131
2019-11-12,57.056416
2019-11-13,56.877247
2019-11-14,57.122425
2019-11-15,57.226154
2019-11-18,57.424179
2019-11-19,56.792374
2019-11-20,56.660358
2019-11-21,56.339737
2019-11-22,56.726360
2019-11-25,57.226154
2019-11-26,57.617512
2019-11-27,58.112576
2019-11-29,57.735378
2019-12-02,57.259151
2019-12-03,56.683929
2019-12-04,56.999840
2019-12-05,56.943249
2019-12-06,57.400600
2019-12-09,57.471333
2019-12-10,57.372318
2019-12-11,57.518478
2019-12-12,58.022984
2019-12-13,58.074867
2019-12-16,58.329464
2019-12-17,58.588810
2019-12-18,58.645374
2019-12-19,58.829254
2019-12-20,58.919132
2019-12-23,58.781956
2019-12-24,58.914406
2019-12-26,59.633461
2019-12-27,59.628719
2019-12-30,59.245548
2019-12-31,59.330692
2020-01-02,60.035553
2020-01-03,59.524654
2020-01-06,59.690224
2020-01-07,59.595623
2020-01-08,59.775375
2020-01-09,60.092331
2020-01-10,59.765907
2020-01-13,59.955147
2020-01-14,59.936218
2020-01-15,59.799026
2020-01-16,60.333580
2020-01-17,60.546452
2020-01-21,60.361969
2020-01-22,60.333580
2020-01-23,60.423470
2020-01-24,59.581417
2020-01-27,58.692066
2020-01-28,59.264477
2020-01-29,59.231350
2020-01-30,59.132027
2020-01-31,59.283398
2020-02-03,59.704422
2020-02-04,60.792431
2020-02-05,61.099937
2020-02-06,60.962746
2020-02-07,60.697834
2020-02-10,61.383766
2020-02-11,61.866291
2020-02-12,62.500183
2020-02-13,62.391365
2020-02-14,62.296776
2020-02-18,62.292027
2020-02-19,62.571129
2020-02-20,62.594795
2020-02-21,61.639221
2020-02-24,59.519924
2020-02-25,57.930462
2020-02-26,57.471592
2020-02-27,55.148891
2020-02-28,54.794094
2020-03-02,56.676853
2020-03-03,55.304993
2020-03-04,57.216141
2020-03-05,55.082653
2020-03-06,54.235886
2020-03-09,50.820423
2020-03-10,53.630383
2020-03-11,50.697418
2020-03-12,45.574219
2020-03-13,48.393635
2020-03-16,42.262833
2020-03-17,43.890148
2020-03-18,41.368767
2020-03-19,42.811581
2020-03-20,41.539062
2020-03-23,41.607517
2020-03-24,45.510155
2020-03-25,46.308739
2020-03-26,48.224411
2020-03-27,46.608212
2020-03-30,47.582676
2020-03-31,46.622467
2020-04-01,44.540440
2020-04-02,44.706799
2020-04-03,43.927235
2020-04-06,47.582676
2020-04-07,48.290951
2020-04-08,49.812077
2020-04-09,50.710495
2020-04-13,50.696239
2020-04-14,52.678444
2020-04-15,51.523342
2020-04-16,52.141304
2020-04-17,53.681435
2020-04-20,52.744999
2020-04-21,51.375980
2020-04-22,52.483551
2020-04-23,52.469288
2020-04-24,53.358200
2020-04-27,54.356445
2020-04-28,54.570351
2020-04-29,55.772984
2020-04-30,55.425983
2020-05-01,53.353443
2020-05-04,53.643406
2020-05-05,53.838303
2020-05-06,53.828796
2020-05-07,54.674923
2020-05-08,55.739712
2020-05-11,55.616119
2020-05-12,54.399220
2020-05-13,53.462772
2020-05-14,54.261372
2020-05-15,54.893589
2020-05-18,56.970871
2020-05-19,56.766464
2020-05-20,57.508018
2020-05-21,57.712418
2020-05-22,57.626854
2020-05-26,58.539520
2020-05-27,59.542530
2020-05-28,58.819981
2020-05-29,59.033901
2020-06-01,59.594810
2020-06-02,60.103428
2020-06-03,61.239525
2020-06-04,60.930542
2020-06-05,62.389885
2020-06-08,63.340591
2020-06-09,62.846241
2020-06-10,62.256767
2020-06-11,58.995865
2020-06-12,59.580544
2020-06-15,60.146221
2020-06-16,61.410660
2020-06-17,61.249027
2020-06-18,61.025616
2020-06-19,60.550274
2020-06-22,61.172527
2020-06-23,61.653740
2020-06-24,60.295841
2020-06-25,60.376842
2020-06-26,58.961750
2020-06-29,60.081432
2020-06-30,60.848526
2020-07-01,61.463161
2020-07-02,61.706142
2020-07-06,63.168896
2020-07-07,62.177845
2020-07-08,62.840118
2020-07-09,62.768669
2020-07-10,63.516708
2020-07-13,62.711479
2020-07-14,63.335640
2020-07-15,64.240906
2020-07-16,64.069374
2020-07-17,63.769226
2020-07-20,64.788841
2020-07-21,64.888885
2020-07-22,65.446342
2020-07-23,64.464844
2020-07-24,64.579208
2020-07-27,64.979424
2020-07-28,64.336212
2020-07-29,64.988945
2020-07-30,64.936546
2020-07-31,65.274818
2020-08-03,65.136665
2020-08-04,65.660759
2020-08-05,66.461235
2020-08-06,66.785202
2020-08-07,66.885262
2020-08-10,67.685715
2020-08-11,67.552330
2020-08-12,68.448044
2020-08-13,68.419456
2020-08-14,68.414711
2020-08-17,69.296127
2020-08-18,69.724945
2020-08-19,69.396194
2020-08-20,69.291367
2020-08-21,69.648720
2020-08-24,70.706459
2020-08-25,70.939926
2020-08-26,71.640320
2020-08-27,71.254379
2020-08-28,71.721313
2020-08-31,71.511665
2020-09-01,72.259697
2020-09-02,73.260254
2020-09-03,70.935158
2020-09-04,70.115662
2020-09-08,69.196091
2020-09-09,70.501579
2020-09-10,69.491486
2020-09-11,69.596313
2020-09-14,70.334808
2020-09-15,70.911339
2020-09-16,70.515877
2020-09-17,69.524834
2020-09-18,68.557640
2020-09-21,67.567345
2020-09-22,68.995010
2020-09-23,67.863388
2020-09-24,67.834740
2020-09-25,68.718063
2020-09-28,70.155258
2020-09-29,69.610924
2020-09-30,70.179131
2020-10-01,71.095871
2020-10-02,70.795074
2020-10-05,71.730919
2020-10-06,70.403549
2020-10-07,72.012642
2020-10-08,72.485336
2020-10-09,73.239723
2020-10-12,74.213768
2020-10-13,74.199463
2020-10-14,73.378197
2020-10-15,73.650375
2020-10-16,72.981911
2020-10-19,72.084259
2020-10-20,72.661995
2020-10-21,72.265709
2020-10-22,72.413719
2020-10-23,73.048767
2020-10-26,71.644989
2020-10-27,71.611549
2020-10-28,69.348351
2020-10-29,69.787590
2020-10-30,68.264458
2020-11-02,68.751480
2020-11-03,70.265083
2020-11-04,71.759567
2020-11-05,73.158562
2020-11-06,72.938919
2020-11-09,72.700218
2020-11-10,72.442352
2020-11-11,73.077408
2020-11-12,72.098579
2020-11-13,73.268379
2020-11-16,74.228096
2020-11-17,73.912979
2020-11-18,73.406853
2020-11-19,73.769753
2020-11-20,73.382957
2020-11-23,74.189911
2020-11-24,75.292885
2020-11-25,75.383598
2020-11-27,75.545929
2020-11-30,75.087547
2020-12-01,75.646202
2020-12-02,75.173523
2020-12-03,75.383598
2020-12-04,75.455223
2020-12-07,75.283318
2020-12-08,75.125748
2020-12-09,75.054138
2020-12-10,74.987297
2020-12-11,74.629196
2020-12-14,74.739014
2020-12-15,75.746475
2020-12-16,76.243042
2020-12-17,76.763489
2020-12-18,76.391083
2020-12-21,75.528114
2020-12-22,75.202827
2020-12-23,75.365471
2020-12-24,75.523323
2020-12-28,76.384369
2020-12-29,76.408279
2020-12-30,76.867523
2020-12-31,76.910561
2021-01-04,76.260002
2021-01-05,76.829239
2021-01-06,77.613762
2021-01-07,79.111008
2021-01-08,80.742233
2021-01-11,79.235390
2021-01-12,80.445641
2021-01-13,80.440857
2021-01-14,79.929024
2021-01-15,79.311920
2021-01-19,79.761574
2021-01-20,81.268410
2021-01-21,81.646317
2021-01-22,81.368874
2021-01-25,81.670242
2021-01-26,81.617630
2021-01-27,79.101440
2021-01-28,79.350204
2021-01-29,77.498947
2021-02-01,79.512833
2021-02-02,81.201439
2021-02-03,80.747009
2021-02-04,81.608063
2021-02-05,82.387779
2021-02-08,82.856560
2021-02-09,82.397346
2021-02-10,81.584145
2021-02-11,81.359299
2021-02-12,81.474121
2021-02-16,81.120117
2021-02-17,81.588921
2021-02-18,81.612846
2021-02-19,81.139252
2021-02-22,79.426743
2021-02-23,78.905334
2021-02-24,79.732887
2021-02-25,76.767067
2021-02-26,77.087563
2021-03-01,78.895737
2021-03-02,77.986893
2021-03-03,76.154747
2021-03-04,74.542686
2021-03-05,75.016281
2021-03-08,75.107170
2021-03-09,77.943817
2021-03-10,78.340843
2021-03-11,79.541534
2021-03-12,79.775925
2021-03-15,80.847473
2021-03-16,80.010330
2021-03-17,81.134468
2021-03-18,79.149284
2021-03-19,79.622856
2021-03-22,80.147018
2021-03-23,79.394798
2021-03-24,78.220940
2021-03-25,78.906105
2021-03-26,79.562485
2021-03-29,79.126495
2021-03-30,79.902657
2021-03-31,80.525528
2021-04-01,81.172348
2021-04-05,83.016945
2021-04-06,83.376282
2021-04-07,83.127151
2021-04-08,83.520012
2021-04-09,84.315361
2021-04-12,84.856758
2021-04-13,85.752716
2021-04-14,84.909462
2021-04-15,85.517960
2021-04-16,86.179123
2021-04-19,85.211327
2021-04-20,84.138092
2021-04-21,85.259209
2021-04-22,84.315361
2021-04-23,85.196960
2021-04-26,85.570671
2021-04-27,85.470032
2021-04-28,85.369415
2021-04-29,85.393387
2021-04-30,85.723969
2021-05-03,85.316727
2021-05-04,84.425537
2021-05-05,84.162033
2021-05-06,84.344101
2021-05-07,85.101089
2021-05-10,83.587090
2021-05-11,82.643234
2021-05-12,79.845177
2021-05-13,80.410530
2021-05-14,81.804771
2021-05-17,81.656250
2021-05-18,81.019020
2021-05-19,80.338676
2021-05-20,81.162758
2021-05-21,80.755508
2021-05-24,81.555634
2021-05-25,81.814346
2021-05-26,82.595314
2021-05-27,82.925919
2021-05-28,82.810921
2021-06-01,82.652809
2021-06-02,82.269508
2021-06-03,81.292107
2021-06-04,81.943703
2021-06-07,81.943703
2021-06-08,82.604904
2021-06-09,82.149742
2021-06-10,82.537834
2021-06-11,82.988205
2021-06-14,83.012146
2021-06-15,82.571373
2021-06-16,82.609703
2021-06-17,82.921143
2021-06-18,82.485123
2021-06-21,83.120888
2021-06-22,83.903023
2021-06-23,84.550774
2021-06-24,84.838661
2021-06-25,85.376091
2021-06-28,85.395279
2021-06-29,85.606407
2021-06-30,85.673592
2021-07-01,86.158211
2021-07-02,86.916344
2021-07-06,87.017113
2021-07-07,86.969139
2021-07-08,86.753204
2021-07-09,87.564140
2021-07-12,88.163918
2021-07-13,87.108261
2021-07-14,86.949936
2021-07-15,86.479691
2021-07-16,85.414467
2021-07-19,84.435616
2021-07-20,85.995064
2021-07-21,86.786774
2021-07-22,87.161057
2021-07-23,87.938393
2021-07-26,88.590958
2021-07-27,87.693680
2021-07-28,87.410576
2021-07-29,88.394226
2021-07-30,86.575684
2021-08-02,86.825165
2021-08-03,87.468155
2021-08-04,86.618851
2021-08-05,87.448959
2021-08-06,86.853966
2021-08-09,86.734001
2021-08-10,87.074699
2021-08-11,87.328995
2021-08-12,87.367393
2021-08-13,87.117889
2021-08-16,86.714828
2021-08-17,84.656357
2021-08-18,84.958656
2021-08-19,84.416435
2021-08-20,85.227333
2021-08-23,86.326180
2021-08-24,86.935547
2021-08-25,87.271408
2021-08-26,86.465309
2021-08-27,87.252228
2021-08-30,87.909592
2021-08-31,88.120705
2021-09-01,88.115921
2021-09-02,88.111115
2021-09-03,88.058334
2021-09-07,88.317459
2021-09-08,88.418213
2021-09-09,88.303062
2021-09-10,87.760849
2021-09-13,87.976776
2021-09-14,87.684067
2021-09-15,88.250275
2021-09-16,88.653320
2021-09-17,88.341454
2021-09-20,86.325546
2021-09-21,86.455307
2021-09-22,87.632660
2021-09-23,88.521645
2021-09-24,88.853241
2021-09-27,89.328979
2021-09-28,87.608612
2021-09-29,87.695114
2021-09-30,86.234238
2021-10-01,86.882980
2021-10-04,86.195793
2021-10-05,86.541786
2021-10-06,86.815735
2021-10-07,88.166039
2021-10-08,87.762398
2021-10-11,87.406776
2021-10-12,88.098785
2021-10-13,88.531250
2021-10-14,89.458717
2021-10-15,90.828278
2021-10-18,91.938347
2021-10-19,91.678848
2021-10-20,91.611565
2021-10-21,92.957115
2021-10-22,92.625542
2021-10-25,94.922531
2021-10-26,94.936958
2021-10-27,95.148399
2021-10-28,96.412231
2021-10-29,96.662109
2021-11-01,98.435356
2021-11-02,97.772179
2021-11-03,99.530998
2021-11-04,100.871735
2021-11-05,101.520454
2021-11-08,100.083633
2021-11-09,98.233505
2021-11-10,97.868301
2021-11-11,97.604012
2021-11-12,97.930771
2021-11-15,97.849068
2021-11-16,99.391632
2021-11-17,100.025948
2021-11-18,101.160057
2021-11-19,101.597343
2021-11-22,101.342651
2021-11-23,100.607422
2021-11-24,100.814041
2021-11-26,98.065323
2021-11-29,99.588646
2021-11-30,98.243141
2021-12-01,96.469910
2021-12-02,97.844254
2021-12-03,95.941315
2021-12-06,97.036934
2021-12-07,99.300323
2021-12-08,99.550201
2021-12-09,97.825043
2021-12-10,98.507431
2021-12-13,95.970146
2021-12-14,95.412704
2021-12-15,96.623665
2021-12-16,94.490059
2021-12-17,93.846123
2021-12-20,92.331085
2021-12-21,94.722992
2021-12-22,96.450737
2021-12-23,97.788673
2021-12-27,98.741554
2021-12-28,98.784882
2021-12-29,98.982208
2021-12-30,98.626076
2021-12-31,98.390251
2022-01-03,101.215271
2022-01-04,100.599266
2022-01-05,97.884918
2022-01-06,97.629852
2022-01-07,96.003166
2022-01-10,95.416008
2022-01-11,96.335220
2022-01-12,96.970505
2022-01-13,95.021362
2022-01-14,94.578598
2022-01-18,92.788307
2022-01-19,91.113480
2022-01-20,89.453117
2022-01-21,86.830200
2022-01-24,87.874535
2022-01-25,86.387436
2022-01-26,85.968750
2022-01-27,83.884842
2022-01-28,85.713654
2022-01-31,89.010345
2022-02-01,89.549370
2022-02-02,89.015167
2022-02-03,86.291183
2022-02-04,88.745636
2022-02-07,88.562775
2022-02-08,89.809250
2022-02-09,90.997986
2022-02-10,89.429062
2022-02-11,86.859070
2022-02-14,87.354782
2022-02-15,89.308746
2022-02-16,89.563797
2022-02-17,87.167091
2022-02-18,86.628067
2022-02-22,84.101418
2022-02-23,81.290825
2022-02-24,83.148521
2022-02-25,84.794456
2022-02-28,85.391228
2022-03-01,84.096611
2022-03-02,85.862846
2022-03-03,83.918541
2022-03-04,82.585442
2022-03-07,78.537979
2022-03-08,78.701614
2022-03-09,81.233063
2022-03-10,81.810593
2022-03-11,80.236855
2022-03-14,78.898918
2022-03-15,81.541069
2022-03-16,84.322815
2022-03-17,85.728104
2022-03-18,87.532860
2022-03-21,86.799721
2022-03-22,88.954292
2022-03-23,87.850494
2022-03-24,88.534935
2022-03-25,88.380714
2022-03-28,90.737724
2022-03-29,92.318703
2022-03-30,90.916054
2022-03-31,89.171204
2022-04-01,89.282074
2022-04-04,91.287193
2022-04-05,89.147102
2022-04-06,86.872017
2022-04-07,87.315483
2022-04-08,86.510529
2022-04-11,84.905441
2022-04-12,85.093422
2022-04-13,87.209442
2022-04-14,85.989944
2022-04-18,86.250252
2022-04-19,88.751862
2022-04-20,87.609482
2022-04-21,86.761177
2022-04-22,84.746391
2022-04-25,85.358521
2022-04-26,81.039742
2022-04-27,81.049385
2022-04-28,82.712311
2022-04-29,78.509209
2022-05-02,79.656403
2022-05-03,79.458763
2022-05-04,81.791679
2022-05-05,77.207787
2022-05-06,76.229301
2022-05-09,72.980591
2022-05-10,72.763672
2022-05-11,70.156052
2022-05-12,70.638046
2022-05-13,73.419212
2022-05-16,71.833435
2022-05-17,73.645760
2022-05-18,68.830513
2022-05-19,68.878723
2022-05-20,67.678528
2022-05-23,68.184624
2022-05-24,66.430138
2022-05-25,68.305130
2022-05-26,71.655075
2022-05-27,74.113312
2022-05-31,74.489281
2022-06-01,73.713249
2022-06-02,75.969032
2022-06-03,73.747009
2022-06-06,74.484467
2022-06-07,74.301300
2022-06-08,73.862679
2022-06-09,72.527527
2022-06-10,69.635468
2022-06-13,66.420494
2022-06-14,66.367470
2022-06-15,68.232849
2022-06-16,64.892525
2022-06-17,65.601074
2022-06-21,67.477524
2022-06-22,67.347084
2022-06-23,68.405113
2022-06-24,71.013969
2022-06-27,70.269966
2022-06-28,67.463043
2022-06-29,67.409882
2022-06-30,66.419479
2022-07-01,67.641777
2022-07-05,69.153954
2022-07-06,68.926888
2022-07-07,70.704773
2022-07-08,70.714439
2022-07-11,68.777115
2022-07-12,68.361626
2022-07-13,68.922043
2022-07-14,68.864075
2022-07-15,69.975250
2022-07-18,70.178169
2022-07-19,72.328056
2022-07-20,73.516548
2022-07-21,75.197815
2022-07-22,74.762970
2022-07-25,74.120438
2022-07-26,71.733833
2022-07-27,74.448959
2022-07-28,75.729218
2022-07-29,78.666618
2022-08-01,79.057938
2022-08-02,78.516830
2022-08-03,80.429993
2022-08-04,80.758514
2022-08-05,79.381622
2022-08-08,79.739151
2022-08-09,78.468536
2022-08-10,80.681213
2022-08-11,80.270561
2022-08-12,82.087105
2022-08-15,82.652374
2022-08-16,83.565468
2022-08-17,82.666847
2022-08-18,82.642693
2022-08-19,80.937263
2022-08-22,78.690781
2022-08-23,78.912994
2022-08-24,79.251183
2022-08-25,80.198097
2022-08-26,77.144775
2022-08-29,76.734100
2022-08-30,75.878990
2022-08-31,75.130165
2022-09-01,75.816185
2022-09-02,75.120499
2022-09-06,74.965874
2022-09-07,77.265549
2022-09-08,77.985397
2022-09-09,79.463753
2022-09-12,80.487976
2022-09-13,76.337975
2022-09-14,77.318695
2022-09-15,76.922531
2022-09-16,76.304146
2022-09-19,77.383774
2022-09-20,76.071770
2022-09-21,74.270790
2022-09-22,72.556946
2022-09-23,70.886703
2022-09-26,70.726929
2022-09-27,70.949638
2022-09-28,72.866806
2022-09-29,70.349304
2022-09-30,68.964691
2022-10-03,69.032471
2022-10-04,71.443481
2022-10-05,71.022263
2022-10-06,70.518753
2022-10-07,68.093224
2022-10-10,67.672066
2022-10-11,67.120140
2022-10-12,67.294449
2022-10-13,68.030319
2022-10-14,65.488617
2022-10-17,68.146507
2022-10-18,69.085709
2022-10-19,68.311119
2022-10-20,66.989433
2022-10-21,68.940491
2022-10-24,69.226120
2022-10-25,70.959320
2022-10-26,70.388031
2022-10-27,70.116920
2022-10-28,70.179871
2022-10-31,69.729630
2022-11-01,69.022797
2022-11-02,66.413307
2022-11-03,66.016327
2022-11-04,66.568230
2022-11-07,66.103470
2022-11-08,65.938873
2022-11-09,63.924866
2022-11-10,68.596741
2022-11-11,70.242798
2022-11-14,69.129303
2022-11-15,70.073364
2022-11-16,69.003426
2022-11-17,68.165878
2022-11-18,68.257874
2022-11-21,67.270241
2022-11-22,68.030319
2022-11-23,69.013100
2022-11-25,69.051834
2022-11-28,68.625809
2022-11-29,68.407951
2022-11-30,70.765663
2022-12-01,70.755989
2022-12-02,70.664017
2022-12-05,68.625809
2022-12-06,67.555870
2022-12-07,67.149178
2022-12-08,67.797943
2022-12-09,67.502609
2022-12-12,67.672066
2022-12-13,67.672066
2022-12-14,67.168571
2022-12-15,66.064751
2022-12-16,64.830208
2022-12-19,63.789379
2022-12-20,63.046619
2022-12-21,64.051544
2022-12-22,62.405811
2022-12-23,62.833008
2022-12-27,61.813553
2022-12-28,61.294117
2022-12-29,62.871841
2022-12-30,62.701954
2023-01-03,62.328144
2023-01-04,63.231106
2023-01-05,62.643696
2023-01-06,64.114647
2023-01-09,64.503021
2023-01-10,65.313721
2023-01-11,67.075951
2023-01-12,67.187576
2023-01-13,67.818687
2023-01-17,67.867241
2023-01-18,66.983704
2023-01-19,65.872009
2023-01-20,67.469162
2023-01-23,68.522606
2023-01-24,68.444939
2023-01-25,68.794464
2023-01-26,70.202293
2023-01-27,71.794601
2023-01-30,70.571220
2023-01-31,72.187820
2023-02-01,73.556808
2023-02-02,75.809349
2023-02-03,73.474297
2023-02-06,73.367508
2023-02-07,73.537399
2023-02-08,72.911163
2023-02-09,72.775238
2023-02-10,71.920815
2023-02-13,72.974274
2023-02-14,73.848083
2023-02-15,74.712212
2023-02-16,73.081055
2023-02-17,73.095650
2023-02-21,70.653763
2023-02-22,71.013008
2023-02-23,70.954765
2023-02-24,69.838188
2023-02-27,70.702324
2023-02-28,70.653763
2023-03-01,69.765388
2023-03-02,69.532372
2023-03-03,71.027580
2023-03-06,70.508125
2023-03-07,69.546928
2023-03-08,69.420708
2023-03-09,67.765282
2023-03-10,67.090492
2023-03-13,67.231277
2023-03-14,68.372101
2023-03-15,68.270172
2023-03-16,69.503235
2023-03-17,68.614845
2023-03-20,68.911865
2023-03-21,70.815819
2023-03-22,69.238113
2023-03-23,69.165092
2023-03-24,68.941071
2023-03-27,69.082291
2023-03-28,68.999519
2023-03-29,70.309402
2023-03-30,70.922943
2023-03-31,72.817139
2023-04-03,72.150040
2023-04-04,72.033165
2023-04-05,70.557739
2023-04-06,70.572334
2023-04-10,70.883987
2023-04-11,70.995979
2023-04-12,69.895493
2023-04-13,71.439102
2023-04-14,71.531616
2023-04-17,72.038033
2023-04-18,72.154892
2023-04-19,72.086731
2023-04-20,70.976501
2023-04-21,71.760468
2023-04-24,71.750740
2023-04-25,70.328873
2023-04-26,69.968536
2023-04-27,71.814041
2023-04-28,71.999084
2023-05-01,71.288147
2023-05-02,71.361191
2023-05-03,70.796333
2023-05-04,70.250977
2023-05-05,71.672821
2023-05-08,71.916298
2023-05-09,71.896820
2023-05-10,72.262032
2023-05-11,72.598015
2023-05-12,71.984482
2023-05-15,72.076996
2023-05-16,71.784828
2023-05-17,73.279732
2023-05-18,74.419167
2023-05-19,73.795891
2023-05-22,73.567047
2023-05-23,72.895065
2023-05-24,72.627243
2023-05-25,72.300980
2023-05-26,74.000404
2023-05-30,74.497093
2023-05-31,73.825104
2023-06-01,74.696724
2023-06-02,76.449730
2023-06-05,76.678589
2023-06-06,77.477173
2023-06-07,76.951271
2023-06-08,78.090706
2023-06-09,78.494881
2023-06-12,79.843697
2023-06-13,80.671486
2023-06-14,80.613060
2023-06-15,81.138969
2023-06-16,81.017235
2023-06-20,81.624184
2023-06-21,80.643471
2023-06-22,81.672997
2023-06-23,80.726425
2023-06-26,79.692024
2023-06-27,81.404633
2023-06-28,81.726662
2023-06-29,81.814476
2023-06-30,82.853760
2023-07-03,83.853989
2023-07-05,83.888130
2023-07-06,82.536591
2023-07-07,82.639061
2023-07-10,82.892776
2023-07-11,83.585640
2023-07-12,84.337029
2023-07-13,85.127464
2023-07-14,85.347023
2023-07-17,85.693451
2023-07-18,86.044769
2023-07-19,86.347260
2023-07-20,83.405098
2023-07-21,83.424622
2023-07-24,83.971092
2023-07-25,83.775925
2023-07-26,83.756409
2023-07-27,82.887909
2023-07-28,84.293121
2023-07-31,84.771271
2023-08-01,83.810089
2023-08-02,82.307274
2023-08-03,82.502457
2023-08-04,83.702736
2023-08-07,84.561470
2023-08-08,83.888130
2023-08-09,82.892776
2023-08-10,83.092842
2023-08-11,82.809845
2023-08-14,83.063568
2023-08-15,81.931587
2023-08-16,80.916702
2023-08-17,79.545654
2023-08-18,79.365128
2023-08-21,80.277534
2023-08-22,80.394623
2023-08-23,81.038696
2023-08-24,79.452957
2023-08-25,80.340973
2023-08-28,80.662987
2023-08-29,82.678093
2023-08-30,83.034271
2023-08-31,83.292877
2023-09-01,82.785446
2023-09-05,82.843987
2023-09-06,82.107224
2023-09-07,82.336563
2023-09-08,82.336563
2023-09-11,84.551712
2023-09-12,83.785683
2023-09-13,84.449265
2023-09-14,85.278725
2023-09-15,83.819839
2023-09-18,82.908249
2023-09-19,82.492775
2023-09-20,81.671616
2023-09-21,79.442741
2023-09-22,78.660667
2023-09-25,79.144577
2023-09-26,77.702644
2023-09-27,77.404495
2023-09-28,78.269653
2023-09-29,78.685104
2023-10-02,78.748657
2023-10-03,76.832603
2023-10-04,78.347862
2023-10-05,77.956825
2023-10-06,78.504272
2023-10-09,78.587364
2023-10-10,79.447624
2023-10-11,79.731117
2023-10-12,78.861092
2023-10-13,77.702644
2023-10-16,78.958839
2023-10-17,79.144577
2023-10-18,77.287170
2023-10-19,75.312469
2023-10-20,74.144279
2023-10-23,74.232254
2023-10-24,75.024109
2023-10-25,73.508858
2023-10-26,72.360191
2023-10-27,73.117821
2023-10-30,73.787460
2023-10-31,74.344681
2023-11-01,75.263596
2023-11-02,77.228539
2023-11-03,78.313637
2023-11-06,78.411400
2023-11-07,79.286339
2023-11-08,79.076157
2023-11-09,77.600006
2023-11-10,78.890396
2023-11-13,79.227684
2023-11-14,81.896461
2023-11-15,81.994225
2023-11-16,81.153496
2023-11-17,81.696068
2023-11-20,82.116409
2023-11-21,81.906250
2023-11-22,82.155510
2023-11-24,82.233727
2023-11-27,82.365685
2023-11-28,82.839813
2023-11-29,82.614967
2023-11-30,82.497658
2023-12-01,83.626770
2023-12-04,83.309044
2023-12-05,83.455696
2023-12-06,83.577904
2023-12-07,84.267075
2023-12-08,84.653229
2023-12-11,84.878067
2023-12-12,85.142014
2023-12-13,86.256454
2023-12-14,87.414871
2023-12-15,87.595726
2023-12-18,88.139244
2023-12-19,88.829666
2023-12-20,87.208908
2023-12-21,88.535881
2023-12-22,87.884621
2023-12-26,88.256790
2023-12-27,88.560364
2023-12-28,88.100075
2023-12-29,87.556549
2024-01-02,86.743721
2024-01-03,84.990723
2024-01-04,84.393341
2024-01-05,84.525543
2024-01-08,85.965149
2024-01-09,85.646866
2024-01-10,86.332397
2024-01-11,86.219780
2024-01-12,85.181702
2024-01-16,85.083748
2024-01-17,84.339485
2024-01-18,84.819351
2024-01-19,85.637077
2024-01-22,85.260025
2024-01-23,85.054375
2024-01-24,84.731201
2024-01-25,83.683311
2024-01-26,84.065254
2024-01-29,85.294319
2024-01-30,85.245354
2024-01-31,83.693123
2024-02-01,85.304108
2024-02-02,86.826973
2024-02-05,85.602798
2024-02-06,86.121849
2024-02-07,87.086479
2024-02-08,87.468422
2024-02-09,88.090286
2024-02-12,88.016838
2024-02-13,86.263840
2024-02-14,87.174622
2024-02-15,88.183327
2024-02-16,87.659393
2024-02-20,86.831856
2024-02-21,87.473305
2024-02-22,89.172447
2024-02-23,88.770912
2024-02-26,89.045135
2024-02-27,89.338928
2024-02-28,89.691483
2024-02-29,90.298668
2024-03-01,90.597359
2024-03-04,89.373207
2024-03-05,88.261658
2024-03-06,87.948280
2024-03-07,88.619118
2024-03-08,88.291046
2024-03-11,88.051117
2024-03-12,88.810081
2024-03-13,88.624023
2024-03-14,88.060898
2024-03-15,87.184418
2024-03-18,87.850334
2024-03-19,88.610962
2024-03-20,89.931015
2024-03-21,90.456100
2024-03-22,89.666023
2024-03-25,89.371590
2024-03-26,89.484467
2024-03-27,90.519897
2024-03-28,90.240181
2024-04-01,89.567894
2024-04-02,88.247826
2024-04-03,88.311615
2024-04-04,87.276192
2024-04-05,87.761993
2024-04-08,88.596230
2024-04-09,89.013351
2024-04-10,87.639313
2024-04-11,88.345978
2024-04-12,86.913040
2024-04-15,85.465393
2024-04-16,84.979568
2024-04-17,84.567360
2024-04-18,84.042274
2024-04-19,83.306175
2024-04-22,83.674225
2024-04-23,84.670403
2024-04-24,85.480118
2024-04-25,85.553719
2024-04-26,86.324150
2024-04-29,88.331245
2024-04-30,86.181854
2024-05-01,85.642059
2024-05-02,86.721657
2024-05-03,87.305611
2024-05-06,88.238007
2024-05-07,87.604958
2024-05-08,87.276192
2024-05-09,87.869957
2024-05-10,87.398857
2024-05-13,87.285988
2024-05-14,87.683479
2024-05-15,87.815979
2024-05-16,87.246727
2024-05-17,87.693291
2024-05-20,87.040627
2024-05-21,87.600067
2024-05-22,86.687294
2024-05-23,85.283813
2024-05-24,86.142601
2024-05-28,85.931587
2024-05-29,85.367241
2024-05-30,85.872696
2024-05-31,86.353607
2024-06-03,86.314354
2024-06-04,86.402679
2024-06-05,86.908142
2024-06-06,87.541176
2024-06-07,87.182945
2024-06-10,87.462654
2024-06-11,87.232002
2024-06-12,88.139862
2024-06-13,88.208557
2024-06-14,87.511726
2024-06-17,89.047714
2024-06-18,88.748375
2024-06-20,88.861229
2024-06-21,89.612053
2024-06-24,89.229454
2024-06-25,88.870438
2024-06-26,90.158920
2024-06-27,90.709724
2024-06-28,89.701561
2024-07-01,90.006470
2024-07-02,91.757225
2024-07-03,92.342445
2024-07-05,93.094864
2024-07-08,93.139130
2024-07-09,93.448959
2024-07-10,94.152206
2024-07-11,92.957169
2024-07-12,94.171890
2024-07-15,94.063683
2024-07-16,95.750504
2024-07-17,94.152206
2024-07-18,93.193222
2024-07-19,92.362106
2024-07-22,93.380112
2024-07-23,92.962082
2024-07-24,89.160599
2024-07-25,88.811424
2024-07-26,89.804832
2024-07-29,91.304779
2024-07-30,90.798241
2024-07-31,92.204742
2024-08-01,89.942528
2024-08-02,86.632828
2024-08-05,84.183731
2024-08-06,85.113205
2024-08-07,83.628014
2024-08-08,85.452522
2024-08-09,85.737770
2024-08-12,85.398438
2024-08-13,87.537697
2024-08-14,87.070503
2024-08-15,89.849091
2024-08-16,90.060562
2024-08-19,91.167076
2024-08-20,91.083466
2024-08-21,92.234245
2024-08-22,90.640869
2024-08-23,92.391609
2024-08-26,91.673615
2024-08-27,91.432640
2024-08-28,90.547417
2024-08-29,90.655617
2024-08-30,92.022781
2024-09-03,90.758888
2024-09-04,90.994942
2024-09-05,92.027687
2024-09-06,89.701561
2024-09-09,91.009697
2024-09-10,92.052284
2024-09-11,92.971924
2024-09-12,94.019417
2024-09-13,94.658745
2024-09-16,94.496452
2024-09-17,94.978416
2024-09-18,94.791534
2024-09-19,96.950455
2024-09-20,96.729149
2024-09-23,97.904495
2024-09-24,98.761971
2024-09-25,98.407143
2024-09-26,98.826027
2024-09-27,98.973862
2024-09-30,98.742249
2024-10-01,98.343086
2024-10-02,97.510246
2024-10-03,96.381737
2024-10-04,97.658081
2024-10-07,96.140274
2024-10-08,97.076584
2024-10-09,97.771423
2024-10-10,97.288490
2024-10-11,96.874542
2024-10-14,97.298340
2024-10-15,97.510246
2024-10-16,98.022758
2024-10-17,97.934052
2024-10-18,98.318451
2024-10-21,97.554596
2024-10-22,97.160362
2024-10-23,95.632690
2024-10-24,98.648621
2024-10-25,98.959084
2024-10-28,99.190704
2024-10-29,98.673256
2024-10-30,98.535271
2024-10-31,97.027313
2024-11-01,98.604263
2024-11-04,98.264221
2024-11-05,100.003815
2024-11-06,103.202080
2024-11-07,104.527718
2024-11-08,106.011040
2024-11-11,108.149796
2024-11-12,106.705887
2024-11-13,107.617577
2024-11-14,106.089905
2024-11-15,105.183136
2024-11-18,106.153969
2024-11-19,106.232796
2024-11-20,105.764641
2024-11-21,105.951912
2024-11-22,107.479591
2024-11-25,108.578529
2024-11-26,108.972771
2024-11-27,108.435608
2024-11-29,109.549347
2024-12-02,110.505371
2024-12-03,110.421593
2024-12-04,111.446609
2024-12-05,112.358299
2024-12-06,114.723740
2024-12-09,114.359070
2024-12-10,114.546333
2024-12-11,116.556953
2024-12-12,115.591064
2024-12-13,116.049370
2024-12-16,117.621399
2024-12-17,117.990997
2024-12-18,112.673691
2024-12-19,112.520927
2024-12-20,112.806755
2024-12-23,113.148903
2024-12-24,115.765694
2024-12-26,115.336143
2024-12-27,113.430336
2024-12-30,111.608452
2024-12-31,110.769104
2025-01-02,109.312592
2025-01-03,111.524513
2025-01-06,111.963943
2025-01-07,109.796463
2025-01-08,110.107491
2025-01-10,109.026237
2025-01-13,109.643402
2025-01-14,109.431084
2025-01-15,112.215744
2025-01-16,111.608452
2025-01-17,113.173599
2025-01-21,114.003059
2025-01-22,113.573509
2025-01-23,114.259796
2025-01-24,113.563644
2025-01-27,114.210434
2025-01-28,114.348679
2025-01-29,114.022820
2025-01-30,115.138649
2025-01-31,114.630104
2025-02-03,113.114342
2025-02-04,114.447433
2025-02-05,113.148903
2025-02-06,113.598206
2025-02-07,111.376411
2025-02-10,111.756584
2025-02-11,110.487671
2025-02-12,110.467934
2025-02-13,112.126877
2025-02-14,112.077507
2025-02-18,111.766449
2025-02-19,111.702263
2025-02-20,110.739479
2025-02-21,107.826447
2025-02-24,107.421600
2025-02-25,106.858734
2025-02-26,106.419319
2025-02-27,104.883804
2025-02-28,106.626686
2025-03-03,104.661621
2025-03-04,102.815056
2025-03-05,104.380211
2025-03-06,101.733795
2025-03-07,101.546173
2025-03-10,97.922165
2025-03-11,96.964317
2025-03-12,97.527168
2025-03-13,95.093071
2025-03-14,97.117378
2025-03-17,97.270439
2025-03-18,95.537437
2025-03-19,97.369186
2025-03-20,97.137131
2025-03-21,97.487679
2025-03-24,101.142441
2025-03-25,101.949440
2025-03-26,100.617645
2025-03-27,100.682014
2025-03-28,97.553032
2025-03-31,97.760971
2025-04-01,98.780861
2025-04-02,100.657257
2025-04-03,94.577522
2025-04-04,90.497955
2025-04-07,89.428566
2025-04-08,87.304611
2025-04-09,96.810387
2025-04-10,93.027878
2025-04-11,93.928947
2025-04-14,94.201256
2025-04-15,93.522972
2025-04-16,91.215843
2025-04-17,91.790146
2025-04-21,89.339432
2025-04-22,92.166420
2025-04-23,94.226006
2025-04-24,96.102417
2025-04-25,97.830269
2025-04-28,97.864929
2025-04-29,98.558067
2025-04-30,97.661942
2025-05-01,98.201591
2025-05-02,99.726479
2025-05-05,98.666985
2025-05-06,97.805527
2025-05-07,98.567970
2025-05-08,99.731438
2025-05-09,100.211678
2025-05-12,105.192307
2025-05-13,106.583511
2025-05-14,106.994446
2025-05-15,106.756798
2025-05-16,107.766785
2025-05-19,107.514290
2025-05-20,106.954834
2025-05-21,104.786331
2025-05-22,105.236855
2025-05-23,104.291229
2025-05-27,107.370712
2025-05-28,106.385490
2025-05-29,106.430031
2025-05-30,105.850784
2025-06-02,106.098328
2025-06-03,106.662735
2025-06-04,106.380524
2025-06-05,103.697121
2025-06-06,105.043785
2025-06-09,105.885429
2025-06-10,107.152863
2025-06-11,106.306267
2025-06-12,105.806221
2025-06-13,104.830887
2025-06-16,105.959702
2025-06-17,104.132805
2025-06-18,104.182304
2025-06-20,104.306076
2025-06-23,106.373528
2025-06-24,106.963936
2025-06-25,105.703735
2025-06-26,106.676170
2025-06-27,108.452370
2025-06-30,107.827232
2025-07-01,108.288651
2025-07-02,109.156898
2025-07-03,109.752281
2025-07-07,108.358109
2025-07-08,107.990959
2025-07-09,108.630981
2025-07-10,109.831650
2025-07-11,109.861427
2025-07-14,110.268257
2025-07-15,108.690529
2025-07-16,108.888985
2025-07-17,109.261093
2025-07-18,110.228577
2025-07-21,110.749527
2025-07-22,111.870811
2025-07-23,112.401688
2025-07-24,110.541138
2025-07-25,111.568161
2025-07-28,112.218109
2025-07-29,111.444130
2025-07-30,110.739601
2025-07-31,109.861427
2025-08-01,107.212006
2025-08-04,108.472221
2025-08-05,108.611145
2025-08-06,110.868599
2025-08-07,110.833870
2025-08-08,111.027359
2025-08-11,111.315132
2025-08-12,112.495956
2025-08-13,114.038971
2025-08-14,113.909973
2025-08-15,113.637085
2025-08-18,114.093544
2025-08-19,114.038971
2025-08-20,112.912720
2025-08-21,112.242920
2025-08-22,115.651443
2025-08-25,115.418259
2025-08-26,115.949120
2025-08-27,115.973938
2025-08-28,116.172394
2025-08-29,114.976685
2025-09-02,114.118347
2025-09-03,114.579773
2025-09-04,116.673500
2025-09-05,116.648689
2025-09-08,117.100182
2025-09-09,116.936455
2025-09-10,115.537331
2025-09-11,117.784866
2025-09-12,118.395126
2025-09-15,119.422142
2025-09-16,120.156433
2025-09-17,119.853790
2025-09-18,119.312981
2025-09-19,119.764481
2025-09-22,119.374321
2025-09-23,118.251053
2025-09-24,119.086060
2025-09-25,117.406120
2025-09-26,119.140724
2025-09-29,119.662590
2025-09-30,119.105927
2025-10-01,119.851463
2025-10-02,118.986649
2025-10-03,118.221237
2025-10-06,119.235153
2025-10-07,117.147675
2025-10-08,117.495583
2025-10-09,116.909103
2025-10-10,113.693382
2025-10-13,116.233162
2025-10-14,116.476700
2025-10-15,116.645683
2025-10-16,115.517448
2025-10-17,116.511482
2025-10-20,117.435951
2025-10-21,118.872337
2025-10-22,117.942909
2025-10-23,118.474709
2025-10-24,118.121841
2025-10-27,119.821648
2025-10-28,119.851463
2025-10-29,118.862389
2025-10-30,116.178482
2025-10-31,119.250061
2025-11-03,120.368362
2025-11-04,118.370346
2025-11-05,119.811699
2025-11-06,117.043304
2025-11-07,117.227196
2025-11-10,118.767967
2025-11-11,119.061203
2025-11-12,118.261002
2025-11-13,115.308693
2025-11-14,114.757004
2025-11-17,113.678467
2025-11-18,111.581047
2025-11-19,111.586014
2025-11-20,109.920998
2025-11-21,112.078064
2025-11-24,113.574097
2025-11-25,116.004524
2025-11-26,116.799759
2025-11-28,117.525406
2025-12-01,117.594994
2025-12-02,117.515472
2025-12-03,118.782875
2025-12-04,118.360405
2025-12-05,119.016472
2025-12-08,117.286835
2025-12-09,117.276901
2025-12-10,118.996582
2025-12-11,119.463791
2025-12-12,119.980682
2025-12-15,121.004562
2025-12-16,121.203362
2025-12-17,119.801765
2025-12-18,121.610909
2025-12-19,121.123833
2025-12-22,121.851913
2025-12-23,121.682602
2025-12-24,122.100922
2025-12-26,121.563087
2025-12-29,120.367867
2025-12-30,119.879822
2025-12-31,118.933617
2026-01-02,117.877838
2026-01-05,119.820061
2026-01-06,120.586990
2026-01-07,120.417671
2026-01-08,122.429604
2026-01-09,123.913666
2026-01-12,124.023216
2026-01-13,123.714462
2026-01-14,121.762283
2026-01-15,122.210487
2026-01-16,121.812088
2026-01-20,118.644768
2026-01-21,120.915672
2026-01-22,122.130806
2026-01-23,122.638771
2026-01-26,121.832001
2026-01-27,122.200523
2026-01-28,121.284195
2026-01-29,120.706505
2026-01-30,120.686592
2026-02-02,121.483406
2026-02-03,120.507301
2026-02-04,119.620857
2026-02-05,117.041191
2026-02-06,117.519272
2026-02-09,117.081032
2026-02-10,117.857918
2026-02-11,117.290199
2026-02-12,115.666695
2026-02-13,115.716499
2026-02-17,115.577057
2026-02-18,116.553139
2026-02-19,115.776253
2026-02-20,116.981422
2026-02-23,114.531242
2026-02-24,116.274261
2026-02-25,116.622864
2026-02-26,116.583023
2026-02-27,116.393784
2026-03-02,114.959526
2026-03-03,113.903755
2026-03-04,115.925659
2026-03-05,116.085030
2026-03-06,113.983437
2026-03-09,114.132835
2026-03-10,113.983437
2026-03-11,113.684631
2026-03-12,111.075089
2026-03-13,110.417725
2026-03-16,111.752373
2026-03-17,112.728462
2026-03-18,110.128876
2026-03-19,109.262344
2026-03-20,107.310165
2026-03-23,109.901009
2026-03-24,109.461876
2026-03-25,110.509796
2026-03-26,108.613571
2026-03-27,105.469833
2026-03-30,105.449875
2026-03-31,108.763275
2026-04-01,109.581642
2026-04-02,107.934921
2026-04-06,108.823151
2026-04-07,107.555672
2026-04-08,110.599609
2026-04-09,112.515793
2026-04-10,112.665497
2026-04-13,113.693443
2026-04-14,116.208435
2026-04-15,117.944977
2026-04-16,117.396065
2026-04-17,120.170540
2026-04-20,119.631615
2026-04-21,118.733406
2026-04-22,118.693481
2026-04-23,117.505844
2026-04-24,118.453964
2026-04-27,117.605644
2026-04-28,116.777306
2026-04-29,116.607635
2026-04-30,118.114632
2026-05-01,118.394073
2026-05-04,117.485893
2026-05-05,117.835190
2026-05-06,119.631615
2026-05-07,119.641594
2026-05-08,119.960953
2026-05-11,119.132614
2026-05-12,118.054756
2026-05-13,118.483902
2026-05-14,118.433998
2026-05-15,116.298256
2026-05-18,116.088676
2026-05-19,114.801239
2026-05-20,117.705452
2026-05-21,118.463936
2026-05-22,118.942986
2026-05-26,119.212448
2026-05-27,121.308273
2026-05-28,121.817253
2026-05-29,120.629631
2026-06-01,117.954956
2026-06-02,117.356148
2026-06-03,116.497864
2026-06-04,117.026810
2026-06-05,114.631577
2026-06-08,115.160522
2026-06-09,115.639572
2026-06-10,113.264297
2026-06-11,116.068718
2026-06-12,116.368118
2026-06-15,118.334198
2026-06-16,118.224419
2026-06-17,115.260323
2026-06-18,116.927010
2026-06-22,114.940002
2026-06-23,113.760002
2026-06-24,115.070000
2026-06-25,113.349998
2026-06-26,114.370003
2026-06-29,117.120003
2026-06-30,117.279999
2026-07-01,118.089996
2026-07-02,117.120003
2026-07-06,118.010002
2026-07-07,117.389999
2026-07-08,115.300003
2026-07-09,116.849998
2026-07-10,117.239998
2026-07-13,116.040001
2026-07-14,115.900002
2026-07-15,117.000000
2026-07-16,117.339996
2026-07-17,115.440002
2026-07-20,114.459999
2026-07-21,114.870003
2026-07-22,114.019997
2026-07-23,108.760002
2026-07-24,109.410004
2026-07-27,110.839996
2026-07-28,112.480003
2026-07-29,111.610001
2026-07-30,112.389999
2026-07-31,116.089996
2026-08-03,118.209999
2026-08-04,118.290001
2026-08-05,118.639999
2026-08-06,118.099998
2026-08-07,119.860001
2026-08-10,119.669998
2026-08-11,119.239998
2026-08-12,117.889999
2026-08-13,118.449997
2026-08-14,118.199997
2026-08-17,116.750000
2026-08-18,116.360001
2026-08-19,118.589996
2026-08-20,116.680000
2026-08-21,118.019997
2026-08-24,118.300003
2026-08-25,117.949997
2026-08-26,117.160004
2026-08-27,116.209999
2026-08-28,116.650002
2026-08-31,116.589996
2026-09-01,114.589996
2026-09-02,114.860001
2026-09-03,116.459999
