date,value
1998-12-22,13.889654
1998-12-23,14.225423
1998-12-24,14.200861
1998-12-28,14.118959
1998-12-29,14.430170
1998-12-30,14.340085
1998-12-31,14.233620
1999-01-04,14.118959
1999-01-05,14.225423
1999-01-06,14.397405
1999-01-07,14.233620
1999-01-08,14.176283
1999-01-11,13.889654
1999-01-12,13.783190
1999-01-13,13.807762
1999-01-14,13.545679
1999-01-15,13.693098
1999-01-19,13.537498
1999-01-20,13.578438
1999-01-21,13.373713
1999-01-22,13.308189
1999-01-25,13.275426
1999-01-26,13.586640
1999-01-27,13.766808
1999-01-28,14.012500
1999-01-29,14.045254
1999-02-01,13.987934
1999-02-02,14.102586
1999-02-03,14.053450
1999-02-04,13.987934
1999-02-05,13.774995
1999-02-08,13.750422
1999-02-09,13.504739
1999-02-10,13.603012
1999-02-11,13.832332
1999-02-12,13.717671
1999-02-16,13.881464
1999-02-17,13.742234
1999-02-18,13.889654
1999-02-19,13.832332
1999-02-22,14.127151
1999-02-23,14.102586
1999-02-24,14.020683
1999-02-25,13.856902
1999-02-26,13.897844
1999-03-01,13.832332
1999-03-02,13.791368
1999-03-03,13.791368
1999-03-04,13.979745
1999-03-05,14.192665
1999-03-08,14.258182
1999-03-09,14.274567
1999-03-10,14.118959
1999-03-11,14.258182
1999-03-12,14.381036
1999-03-15,14.503879
1999-03-16,14.569397
1999-03-17,14.323706
1999-03-18,14.569397
1999-03-19,14.504875
1999-03-22,14.496673
1999-03-23,14.086473
1999-03-24,14.078267
1999-03-25,14.184926
1999-03-26,14.135697
1999-03-29,14.316180
1999-03-30,14.193122
1999-03-31,13.881372
1999-04-01,13.905977
1999-04-05,13.979812
1999-04-06,13.823933
1999-04-07,13.807530
1999-04-08,14.127490
1999-04-09,14.160310
1999-04-12,14.398228
1999-04-13,14.447450
1999-04-14,14.012636
1999-04-15,13.668061
1999-04-16,13.725490
1999-04-19,13.151194
1999-04-20,13.397329
1999-04-21,13.823933
1999-04-22,13.996221
1999-04-23,13.971608
1999-04-26,13.873167
1999-04-27,13.889566
1999-04-28,13.684465
1999-04-29,13.577814
1999-04-30,13.397329
1999-05-03,13.709077
1999-05-04,13.594219
1999-05-05,13.725490
1999-05-06,13.544998
1999-05-07,13.659854
1999-05-10,13.446546
1999-05-11,13.503984
1999-05-12,13.700873
1999-05-13,13.766501
1999-05-14,13.520387
1999-05-17,13.610634
1999-05-18,13.430144
1999-05-19,13.618834
1999-05-20,13.651648
1999-05-21,13.610634
1999-05-24,13.257857
1999-05-25,13.126585
1999-05-26,13.126585
1999-05-27,13.060952
1999-05-28,13.257857
1999-06-01,13.307080
1999-06-02,13.101968
1999-06-03,13.225040
1999-06-04,13.684465
1999-06-07,13.569600
1999-06-08,13.380917
1999-06-09,13.307080
1999-06-10,13.060952
1999-06-11,12.929691
1999-06-14,12.970715
1999-06-15,13.003530
1999-06-16,13.101968
1999-06-17,13.208631
1999-06-18,13.203682
1999-06-21,13.055423
1999-06-22,13.129545
1999-06-23,12.989530
1999-06-24,12.948339
1999-06-25,12.940106
1999-06-28,12.948339
1999-06-29,13.178975
1999-06-30,13.491973
1999-07-01,13.590819
1999-07-02,13.640243
1999-07-06,13.632001
1999-07-07,13.574346
1999-07-08,13.467266
1999-07-09,13.533161
1999-07-12,13.508456
1999-07-13,13.557872
1999-07-14,13.516683
1999-07-15,13.664954
1999-07-16,13.640243
1999-07-19,13.524915
1999-07-20,13.409612
1999-07-21,13.467266
1999-07-22,13.318995
1999-07-23,13.220163
1999-07-26,13.343712
1999-07-27,13.384894
1999-07-28,13.261348
1999-07-29,13.063659
1999-07-30,12.989530
1999-08-02,12.989530
1999-08-03,13.088370
1999-08-04,12.849502
1999-08-05,12.882449
1999-08-06,12.668289
1999-08-09,12.635344
1999-08-10,12.594160
1999-08-11,12.462364
1999-08-12,12.693006
1999-08-13,12.783604
1999-08-16,12.857738
1999-08-17,12.923631
1999-08-18,12.742421
1999-08-19,12.824789
1999-08-20,13.080131
1999-08-23,13.368417
1999-08-24,13.310767
1999-08-25,13.706133
1999-08-26,13.483745
1999-08-27,13.310767
1999-08-30,13.327238
1999-08-31,13.211923
1999-09-01,13.162499
1999-09-02,13.146026
1999-09-03,13.376658
1999-09-07,13.277821
1999-09-08,13.286050
1999-09-09,13.096607
1999-09-10,13.113084
1999-09-13,13.096607
1999-09-14,12.882449
1999-09-15,12.783604
1999-09-16,12.816551
1999-09-17,12.837358
1999-09-20,12.886891
1999-09-21,12.663995
1999-09-22,12.655733
1999-09-23,12.358535
1999-09-24,12.292488
1999-09-27,12.251215
1999-09-28,12.069595
1999-09-29,11.755881
1999-09-30,12.020059
1999-10-01,12.218192
1999-10-04,12.358535
1999-10-05,12.209934
1999-10-06,12.688753
1999-10-07,12.589689
1999-10-08,12.928170
1999-10-11,12.944683
1999-10-12,12.697017
1999-10-13,12.449347
1999-10-14,12.482368
1999-10-15,12.028313
1999-10-18,12.251215
1999-10-19,12.771314
1999-10-20,12.820846
1999-10-21,12.911656
1999-10-22,12.994210
1999-10-25,12.845613
1999-10-26,12.680504
1999-10-27,12.837358
1999-10-28,13.068513
1999-10-29,13.118044
1999-11-01,13.142815
1999-11-02,12.886891
1999-11-03,13.217113
1999-11-04,13.159321
1999-11-05,13.258392
1999-11-08,13.241881
1999-11-09,13.010728
1999-11-10,13.018987
1999-11-11,13.018987
1999-11-12,13.109796
1999-11-15,13.052004
1999-11-16,13.299669
1999-11-17,13.233626
1999-11-18,13.299669
1999-11-19,13.208858
1999-11-22,13.349198
1999-11-23,13.316182
1999-11-24,13.473032
1999-11-26,13.340945
1999-11-29,13.332690
1999-11-30,13.159321
1999-12-01,13.109796
1999-12-02,13.175834
1999-12-03,13.266643
1999-12-06,12.886891
1999-12-07,12.680504
1999-12-08,12.482368
1999-12-09,12.465858
1999-12-10,12.531904
1999-12-13,12.267724
1999-12-14,12.251215
1999-12-15,12.465858
1999-12-16,12.152151
1999-12-17,12.187654
1999-12-20,12.030335
1999-12-21,11.914423
1999-12-22,12.146253
1999-12-23,12.353246
1999-12-27,12.436042
1999-12-28,12.336684
1999-12-29,12.187654
1999-12-30,12.195928
1999-12-31,12.204208
2000-01-03,12.055178
2000-01-04,11.715712
2000-01-05,11.922704
2000-01-06,12.146253
2000-01-07,12.916264
2000-01-10,12.626472
2000-01-11,12.626472
2000-01-12,12.692713
2000-01-13,12.758950
2000-01-14,12.800341
2000-01-18,12.585079
2000-01-19,12.676157
2000-01-20,12.502275
2000-01-21,12.361522
2000-01-24,12.005504
2000-01-25,11.856471
2000-01-26,11.964101
2000-01-27,12.187654
2000-01-28,12.088295
2000-01-31,12.311854
2000-02-01,12.187654
2000-02-02,12.212489
2000-02-03,12.046896
2000-02-04,12.038618
2000-02-07,12.022064
2000-02-08,12.171089
2000-02-09,12.063455
2000-02-10,11.657751
2000-02-11,11.434199
2000-02-14,11.492158
2000-02-15,11.748827
2000-02-16,11.583237
2000-02-17,11.409360
2000-02-18,11.276891
2000-02-22,11.459037
2000-02-23,11.210649
2000-02-24,10.978819
2000-02-25,10.705594
2000-02-28,10.912588
2000-02-29,10.871185
2000-03-01,10.771829
2000-03-02,10.796671
2000-03-03,10.738708
2000-03-06,10.482042
2000-03-07,9.919029
2000-03-08,10.225368
2000-03-09,10.498601
2000-03-10,10.374404
2000-03-13,10.208811
2000-03-14,10.150856
2000-03-15,10.796671
2000-03-16,11.260332
2000-03-17,11.213415
2000-03-20,11.113743
2000-03-21,11.321402
2000-03-22,11.230030
2000-03-23,11.138661
2000-03-24,10.939311
2000-03-27,10.798106
2000-03-28,10.922703
2000-03-29,11.188504
2000-03-30,11.338007
2000-03-31,11.279866
2000-04-03,11.794856
2000-04-04,12.127098
2000-04-05,11.960981
2000-04-06,11.745017
2000-04-07,11.595500
2000-04-10,11.886220
2000-04-11,12.093877
2000-04-12,12.235084
2000-04-13,12.152024
2000-04-14,11.553972
2000-04-17,11.886220
2000-04-18,11.960981
2000-04-19,12.102182
2000-04-20,12.093877
2000-04-24,12.426134
2000-04-25,12.367975
2000-04-26,12.226781
2000-04-27,12.226781
2000-04-28,11.877913
2000-05-01,12.027424
2000-05-02,12.060648
2000-05-03,12.060648
2000-05-04,12.060648
2000-05-05,12.343063
2000-05-08,12.600562
2000-05-09,12.658702
2000-05-10,12.575632
2000-05-11,12.559030
2000-05-12,12.392900
2000-05-15,12.700230
2000-05-16,12.642086
2000-05-17,12.683619
2000-05-18,12.658702
2000-05-19,12.750071
2000-05-22,12.708544
2000-05-23,12.642086
2000-05-24,12.916188
2000-05-25,12.882975
2000-05-26,12.924506
2000-05-30,12.849740
2000-05-31,12.725146
2000-06-01,12.758376
2000-06-02,12.318154
2000-06-05,12.301536
2000-06-06,12.343063
2000-06-07,12.475962
2000-06-08,12.475962
2000-06-09,12.617173
2000-06-12,12.600562
2000-06-13,12.741763
2000-06-14,12.907885
2000-06-15,13.148769
2000-06-16,12.904401
2000-06-19,12.929373
2000-06-20,12.704586
2000-06-21,12.954357
2000-06-22,12.671289
2000-06-23,12.821145
2000-06-26,12.987653
2000-06-27,13.187468
2000-06-28,13.187468
2000-06-29,13.304024
2000-06-30,13.445559
2000-07-03,13.470525
2000-07-05,13.503834
2000-07-06,13.520479
2000-07-07,13.428905
2000-07-10,13.553789
2000-07-11,13.562112
2000-07-12,13.287360
2000-07-13,13.087558
2000-07-14,12.937702
2000-07-17,13.004307
2000-07-18,13.020961
2000-07-19,13.037607
2000-07-20,12.821145
2000-07-21,12.854445
2000-07-24,13.120865
2000-07-25,12.887753
2000-07-26,12.896076
2000-07-27,12.987653
2000-07-28,13.095888
2000-07-31,12.954357
2000-08-01,13.387278
2000-08-02,13.378948
2000-08-03,13.453881
2000-08-04,13.353970
2000-08-07,13.187468
2000-08-08,13.245745
2000-08-09,12.704586
2000-08-10,12.929373
2000-08-11,13.020961
2000-08-14,13.062577
2000-08-15,13.037607
2000-08-16,13.170823
2000-08-17,13.095888
2000-08-18,12.937702
2000-08-21,13.070908
2000-08-22,13.020961
2000-08-23,13.104209
2000-08-24,13.020961
2000-08-25,13.070908
2000-08-28,13.029282
2000-08-29,12.829471
2000-08-30,12.771194
2000-08-31,12.796175
2000-09-01,12.721237
2000-09-05,12.679615
2000-09-06,12.521427
2000-09-07,12.637985
2000-09-08,12.629665
2000-09-11,12.687946
2000-09-12,12.787847
2000-09-13,12.787847
2000-09-14,12.654648
2000-09-15,12.635924
2000-09-18,12.652628
2000-09-19,12.669345
2000-09-20,12.569057
2000-09-21,12.903341
2000-09-22,13.337903
2000-09-25,13.220923
2000-09-26,13.103909
2000-09-27,13.112267
2000-09-28,13.312836
2000-09-29,13.362985
2000-10-02,13.337903
2000-10-03,13.337903
2000-10-04,13.229270
2000-10-05,13.538486
2000-10-06,13.463273
2000-10-09,13.404769
2000-10-10,13.596984
2000-10-11,13.580267
2000-10-12,13.663840
2000-10-13,13.496701
2000-10-16,13.688914
2000-10-17,13.805911
2000-10-18,13.797554
2000-10-19,13.546839
2000-10-20,13.638773
2000-10-23,13.780838
2000-10-24,13.822618
2000-10-25,14.148559
2000-10-26,14.173626
2000-10-27,14.014842
2000-10-30,14.340767
2000-10-31,14.290622
2000-11-01,14.273904
2000-11-02,14.165263
2000-11-03,14.090058
2000-11-06,14.357481
2000-11-07,14.215411
2000-11-08,14.541337
2000-11-09,14.558059
2000-11-10,14.633261
2000-11-13,14.198689
2000-11-14,14.374196
2000-11-15,14.407621
2000-11-16,14.441049
2000-11-17,14.441049
2000-11-20,14.399266
2000-11-21,14.641619
2000-11-22,14.591479
2000-11-24,14.441049
2000-11-27,14.733550
2000-11-28,14.892327
2000-11-29,15.042762
2000-11-30,14.783689
2000-12-01,14.566402
2000-12-04,14.842191
2000-12-05,14.725190
2000-12-06,14.441049
2000-12-07,14.649976
2000-12-08,14.591479
2000-12-11,14.390911
2000-12-12,14.449406
2000-12-13,14.775333
2000-12-14,14.666696
2000-12-15,14.600650
2000-12-18,14.684461
2000-12-19,14.826941
2000-12-20,14.860479
2000-12-21,14.810180
2000-12-22,14.751522
2000-12-26,15.044870
2000-12-27,15.145442
2000-12-28,15.371747
2000-12-29,15.321464
2001-01-02,15.120300
2001-01-03,14.424636
2001-01-04,13.854691
2001-01-05,13.946885
2001-01-08,14.039083
2001-01-09,14.189955
2001-01-10,14.106134
2001-01-11,13.829548
2001-01-12,13.812781
2001-01-16,14.005563
2001-01-17,13.846304
2001-01-18,13.955270
2001-01-19,13.846304
2001-01-22,13.930118
2001-01-23,14.022316
2001-01-24,13.972027
2001-01-25,14.265380
2001-01-26,14.122900
2001-01-29,14.005893
2001-01-30,14.166810
2001-01-31,14.204369
2001-02-01,14.327742
2001-02-02,14.418928
2001-02-05,14.408199
2001-02-06,14.472568
2001-02-07,14.499396
2001-02-08,14.456485
2001-02-09,14.574491
2001-02-12,14.697869
2001-02-13,14.499396
2001-02-14,14.365288
2001-02-15,14.236550
2001-02-16,14.284832
2001-02-20,14.354572
2001-02-21,14.311651
2001-02-22,14.204369
2001-02-23,14.097085
2001-02-26,14.231184
2001-02-27,14.241920
2001-02-28,14.290183
2001-03-01,14.156092
2001-03-02,14.290183
2001-03-05,14.236550
2001-03-06,13.946885
2001-03-07,13.855687
2001-03-08,13.973701
2001-03-09,14.059532
2001-03-12,13.625038
2001-03-13,13.555300
2001-03-14,13.222718
2001-03-15,13.238808
2001-03-16,13.078489
2001-03-19,13.229133
2001-03-20,12.911716
2001-03-21,12.588920
2001-03-22,12.459810
2001-03-23,12.755698
2001-03-26,12.927850
2001-03-27,13.218369
2001-03-28,13.256024
2001-03-29,13.288303
2001-03-30,13.299073
2001-04-02,13.121532
2001-04-03,12.879438
2001-04-04,13.046211
2001-04-05,13.180709
2001-04-06,13.137670
2001-04-09,13.250650
2001-04-10,13.234520
2001-04-11,12.981653
2001-04-12,13.153809
2001-04-16,13.153809
2001-04-17,13.444322
2001-04-18,13.315205
2001-04-19,13.261404
2001-04-20,13.116149
2001-04-23,13.180709
2001-04-24,12.938617
2001-04-25,13.282927
2001-04-26,13.406661
2001-04-27,13.481989
2001-04-30,13.557294
2001-05-01,13.707935
2001-05-02,13.627246
2001-05-03,13.557294
2001-05-04,13.675657
2001-05-07,13.670280
2001-05-08,13.621864
2001-05-09,13.691798
2001-05-10,13.621864
2001-05-11,13.546538
2001-05-14,13.664896
2001-05-15,13.584207
2001-05-16,13.998451
2001-05-17,14.068388
2001-05-18,13.993077
2001-05-21,13.982313
2001-05-22,13.842434
2001-05-23,13.718697
2001-05-24,13.777879
2001-05-25,13.664896
2001-05-29,13.777879
2001-05-30,13.853193
2001-05-31,13.756349
2001-06-01,13.939275
2001-06-04,13.960793
2001-06-05,14.106047
2001-06-06,13.880090
2001-06-07,13.976932
2001-06-08,13.896231
2001-06-11,13.702556
2001-06-12,13.863955
2001-06-13,13.756349
2001-06-14,13.745598
2001-06-15,13.665182
2001-06-18,13.708361
2001-06-19,13.751527
2001-06-20,13.827088
2001-06-21,13.945829
2001-06-22,13.557245
2001-06-25,13.487080
2001-06-26,13.487080
2001-06-27,13.384533
2001-06-28,13.470887
2001-06-29,13.120087
2001-07-02,13.422316
2001-07-03,13.314378
2001-07-05,13.233418
2001-07-06,13.076908
2001-07-09,13.276602
2001-07-10,13.168660
2001-07-11,13.098498
2001-07-12,13.017540
2001-07-13,13.114685
2001-07-16,13.017540
2001-07-17,13.211835
2001-07-18,13.589624
2001-07-19,13.460097
2001-07-20,13.643598
2001-07-23,13.325172
2001-07-24,13.222624
2001-07-25,13.319780
2001-07-26,13.325172
2001-07-27,13.325172
2001-07-30,13.492482
2001-07-31,13.519464
2001-08-01,13.519464
2001-08-02,13.438511
2001-08-03,13.535651
2001-08-06,13.465492
2001-08-07,13.492482
2001-08-08,13.438511
2001-08-09,13.481680
2001-08-10,13.530263
2001-08-13,13.648993
2001-08-14,13.627405
2001-08-15,13.600412
2001-08-16,13.735342
2001-08-17,13.740745
2001-08-20,13.724549
2001-08-21,13.848679
2001-08-22,13.908045
2001-08-23,13.864873
2001-08-24,14.032178
2001-08-27,14.005193
2001-08-28,13.837888
2001-08-29,13.627405
2001-08-30,13.686772
2001-08-31,13.584226
2001-09-04,13.600412
2001-09-05,14.086146
2001-09-06,13.654391
2001-09-07,13.438511
2001-09-10,13.735342
2001-09-17,13.724549
2001-09-18,13.557245
2001-09-19,13.384533
2001-09-20,13.114685
2001-09-21,12.728659
2001-09-24,12.901911
2001-09-25,12.966884
2001-09-26,13.188864
2001-09-27,13.448742
2001-09-28,13.567854
2001-10-01,13.681548
2001-10-02,13.779003
2001-10-03,13.665302
2001-10-04,13.616570
2001-10-05,13.762762
2001-10-08,13.735692
2001-10-09,13.665302
2001-10-10,13.833139
2001-10-11,13.735692
2001-10-12,13.724861
2001-10-15,13.784420
2001-10-16,13.708621
2001-10-17,13.594924
2001-10-18,13.697795
2001-10-19,13.860216
2001-10-22,13.995571
2001-10-23,13.816901
2001-10-24,13.789835
2001-10-25,13.919767
2001-10-26,13.871041
2001-10-29,13.784420
2001-10-30,13.638237
2001-10-31,13.481227
2001-11-01,13.795246
2001-11-02,13.773587
2001-11-05,13.800663
2001-11-06,13.827729
2001-11-07,13.843970
2001-11-08,13.714030
2001-11-09,13.746520
2001-11-12,13.768181
2001-11-13,13.768181
2001-11-14,13.697795
2001-11-15,13.779003
2001-11-16,13.903532
2001-11-19,13.941429
2001-11-20,13.925185
2001-11-21,14.103843
2001-11-23,14.147170
2001-11-26,14.157995
2001-11-27,14.000978
2001-11-28,13.833139
2001-11-29,14.098433
2001-11-30,14.076788
2001-12-03,14.071375
2001-12-04,14.076788
2001-12-05,13.946846
2001-12-06,13.914359
2001-12-07,13.979325
2001-12-10,13.708621
2001-12-11,13.562440
2001-12-12,13.589509
2001-12-13,13.454153
2001-12-14,13.400012
2001-12-17,13.741104
2001-12-18,13.665302
2001-12-19,13.833139
2001-12-20,13.854803
2001-12-21,13.996062
2001-12-24,13.990627
2001-12-26,14.028675
2001-12-27,13.941737
2001-12-28,13.881969
2001-12-31,13.800476
2002-01-02,13.751572
2002-01-03,13.708098
2002-01-04,13.670076
2002-01-07,13.566833
2002-01-08,13.496205
2002-01-09,13.545108
2002-01-10,13.566833
2002-01-11,13.599433
2002-01-14,13.708098
2002-01-15,13.724412
2002-01-16,13.594004
2002-01-17,13.718972
2002-01-18,13.664638
2002-01-22,13.816773
2002-01-23,13.865668
2002-01-24,13.664638
2002-01-25,13.637470
2002-01-28,13.637470
2002-01-29,13.469038
2002-01-30,13.632035
2002-01-31,13.708098
2002-02-01,13.718972
2002-02-04,13.572268
2002-02-05,13.729844
2002-02-06,13.664638
2002-02-07,13.517940
2002-02-08,13.550535
2002-02-11,13.767871
2002-02-12,13.762436
2002-02-13,13.849363
2002-02-14,13.849363
2002-02-15,13.854803
2002-02-19,13.680937
2002-02-20,13.958035
2002-02-21,13.784170
2002-02-22,14.012364
2002-02-25,14.034096
2002-02-26,14.028675
2002-02-27,14.044967
2002-02-28,13.996062
2002-03-01,14.262296
2002-03-04,14.267733
2002-03-05,14.017795
2002-03-06,14.131899
2002-03-07,14.126463
2002-03-08,14.077571
2002-03-11,14.077571
2002-03-12,14.072135
2002-03-13,14.180801
2002-03-14,14.142764
2002-03-15,14.401594
2002-03-18,14.357999
2002-03-19,14.412482
2002-03-20,14.129143
2002-03-21,14.238126
2002-03-22,14.254470
2002-03-25,14.112793
2002-03-26,14.221777
2002-03-27,14.178185
2002-03-28,14.221777
2002-04-01,14.194527
2002-04-02,14.096453
2002-04-03,14.107339
2002-04-04,13.943877
2002-04-05,13.829448
2002-04-08,13.873042
2002-04-09,13.862144
2002-04-10,14.091002
2002-04-11,13.900288
2002-04-12,13.976573
2002-04-15,13.965678
2002-04-16,14.112793
2002-04-17,13.905737
2002-04-18,14.047415
2002-04-19,14.074648
2002-04-22,13.992922
2002-04-23,13.878494
2002-04-24,13.818548
2002-04-25,13.862144
2002-04-26,13.774953
2002-04-29,13.633290
2002-04-30,13.693223
2002-05-01,13.889389
2002-05-02,13.889389
2002-05-03,13.758618
2002-05-06,13.660541
2002-05-07,13.469816
2002-05-08,13.715024
2002-05-09,13.573348
2002-05-10,13.546110
2002-05-13,13.682325
2002-05-14,13.736820
2002-05-15,13.535210
2002-05-16,13.551552
2002-05-17,13.709580
2002-05-20,13.644185
2002-05-21,13.529756
2002-05-22,13.649632
2002-05-23,13.693223
2002-05-24,13.535210
2002-05-28,13.486171
2002-05-29,13.529756
2002-05-30,13.469816
2002-05-31,13.540658
2002-06-03,13.230062
2002-06-04,13.213717
2002-06-05,13.366292
2002-06-06,13.066594
2002-06-07,13.066594
2002-06-10,13.213717
2002-06-11,12.859530
2002-06-12,12.848637
2002-06-13,12.810494
2002-06-14,12.864985
2002-06-17,13.110184
2002-06-18,13.077495
2002-06-19,13.028454
2002-06-20,12.914021
2002-06-21,12.565316
2002-06-24,12.439618
2002-06-25,12.182732
2002-06-26,12.160865
2002-06-27,12.253785
2002-06-28,12.160865
2002-07-01,12.281116
2002-07-02,12.199133
2002-07-03,12.117149
2002-07-05,12.275647
2002-07-08,12.253785
2002-07-09,12.051558
2002-07-10,11.805604
2002-07-11,11.608850
2002-07-12,11.362896
2002-07-15,11.198932
2002-07-16,11.024035
2002-07-17,11.073224
2002-07-18,10.821807
2002-07-19,10.318974
2002-07-22,10.406427
2002-07-23,10.455619
2002-07-24,10.991243
2002-07-25,11.127879
2002-07-26,11.177070
2002-07-29,11.499542
2002-07-30,11.384761
2002-07-31,11.641639
2002-08-01,11.532333
2002-08-02,11.510470
2002-08-05,11.351967
2002-08-06,11.362896
2002-08-07,11.625245
2002-08-08,11.893058
2002-08-09,11.947709
2002-08-12,11.909453
2002-08-13,11.794680
2002-08-14,12.182732
2002-08-15,12.073419
2002-08-16,12.018763
2002-08-19,12.111685
2002-08-20,12.057024
2002-08-21,12.040626
2002-08-22,12.100751
2002-08-23,11.909453
2002-08-26,11.936783
2002-08-27,11.903986
2002-08-28,11.778282
2002-08-29,11.647116
2002-08-30,11.734557
2002-09-03,11.477674
2002-09-04,11.570591
2002-09-05,11.565123
2002-09-06,11.565123
2002-09-09,11.794680
2002-09-10,11.789213
2002-09-11,11.767351
2002-09-12,11.614314
2002-09-13,11.679899
2002-09-16,11.849339
2002-09-17,11.548728
2002-09-18,11.554200
2002-09-19,11.220798
2002-09-20,11.221890
2002-09-23,11.177891
2002-09-24,10.996360
2002-09-25,11.084373
2002-09-26,11.337417
2002-09-27,11.001859
2002-09-30,10.886337
2002-10-01,11.210889
2002-10-02,11.150385
2002-10-03,11.122883
2002-10-04,11.001859
2002-10-07,10.979858
2002-10-08,11.210889
2002-10-09,11.067870
2002-10-10,11.117373
2002-10-11,11.243902
2002-10-14,11.430933
2002-10-15,11.529949
2002-10-16,11.287907
2002-10-17,11.337417
2002-10-18,11.469439
2002-10-21,11.755484
2002-10-22,11.551951
2002-10-23,11.551951
2002-10-24,11.381424
2002-10-25,11.458434
2002-10-28,11.205396
2002-10-29,11.364920
2002-10-30,11.414434
2002-10-31,11.309907
2002-11-01,11.452933
2002-11-04,11.194391
2002-11-05,11.304410
2002-11-06,11.260400
2002-11-07,11.232896
2002-11-08,11.161385
2002-11-11,11.128379
2002-11-12,10.798327
2002-11-13,10.957848
2002-11-14,11.106377
2002-11-15,11.183384
2002-11-18,11.133882
2002-11-19,11.199886
2002-11-20,11.188884
2002-11-21,11.051373
2002-11-22,11.051373
2002-11-25,10.979858
2002-11-26,10.908343
2002-11-27,11.062368
2002-11-29,10.996360
2002-12-02,10.908343
2002-12-03,10.974358
2002-12-04,11.139383
2002-12-05,11.029364
2002-12-06,11.117373
2002-12-09,11.084373
2002-12-10,11.232896
2002-12-11,11.166886
2002-12-12,11.095374
2002-12-13,11.100872
2002-12-16,11.155884
2002-12-17,11.040365
2002-12-18,11.023863
2002-12-19,10.880838
2002-12-20,11.066101
2002-12-23,11.099286
2002-12-24,11.099286
2002-12-26,11.093750
2002-12-27,11.005268
2002-12-30,11.071632
2002-12-31,11.027390
2003-01-02,11.237541
2003-01-03,11.226478
2003-01-06,11.309436
2003-01-07,11.209892
2003-01-08,11.143525
2003-01-09,11.254134
2003-01-10,11.287313
2003-01-13,11.314966
2003-01-14,11.348146
2003-01-15,11.237541
2003-01-16,11.403451
2003-01-17,11.337089
2003-01-21,11.254134
2003-01-22,11.121405
2003-01-23,11.043983
2003-01-24,10.800650
2003-01-27,10.656858
2003-01-28,10.690041
2003-01-29,10.573909
2003-01-30,10.380346
2003-01-31,10.651331
2003-02-03,10.690041
2003-02-04,10.695573
2003-02-05,10.618145
2003-02-06,10.535194
2003-02-07,10.463300
2003-02-10,10.535194
2003-02-11,10.336105
2003-02-12,10.336105
2003-02-13,10.347166
2003-02-14,10.535194
2003-02-18,10.607091
2003-02-19,10.524130
2003-02-20,10.419059
2003-02-21,10.479896
2003-02-24,10.336105
2003-02-25,10.413529
2003-02-26,10.358223
2003-02-27,10.369283
2003-02-28,10.325047
2003-03-03,10.242086
2003-03-04,10.153606
2003-03-05,10.076178
2003-03-06,10.009819
2003-03-07,10.020874
2003-03-10,9.854968
2003-03-11,9.954515
2003-03-12,10.031940
2003-03-13,10.253147
2003-03-14,10.236555
2003-03-17,10.529664
2003-03-18,10.452241
2003-03-19,10.629205
2003-03-20,10.607091
2003-03-21,10.837856
2003-03-24,10.548702
2003-03-25,10.554263
2003-03-26,10.515332
2003-03-27,10.537584
2003-03-28,10.426358
2003-03-31,10.326272
2003-04-01,10.292908
2003-04-02,10.509777
2003-04-03,10.437483
2003-04-04,10.481974
2003-04-07,10.426358
2003-04-08,10.548702
2003-04-09,10.465291
2003-04-10,10.498649
2003-04-11,10.520899
2003-04-14,10.704404
2003-04-15,10.743325
2003-04-16,10.437483
2003-04-17,10.620992
2003-04-21,10.543137
2003-04-22,10.732205
2003-04-23,10.709961
2003-04-24,10.637669
2003-04-25,10.476412
2003-04-28,10.626548
2003-04-29,10.721080
2003-04-30,10.632111
2003-05-01,10.620992
2003-05-02,10.704404
2003-05-05,10.637669
2003-05-06,10.693280
2003-05-07,10.721080
2003-05-08,10.671036
2003-05-09,10.804499
2003-05-12,10.899023
2003-05-13,10.848979
2003-05-14,10.765571
2003-05-15,10.848979
2003-05-16,10.787810
2003-05-19,10.682158
2003-05-20,10.748890
2003-05-21,10.832297
2003-05-22,10.976876
2003-05-23,10.921270
2003-05-27,11.026922
2003-05-28,11.093656
2003-05-29,11.038046
2003-05-30,11.154817
2003-06-02,11.132581
2003-06-03,11.243792
2003-06-04,11.327206
2003-06-05,11.338321
2003-06-06,11.299397
2003-06-09,11.277158
2003-06-10,11.310519
2003-06-11,11.393929
2003-06-12,11.432857
2003-06-13,11.321639
2003-06-16,11.549628
2003-06-17,11.477341
2003-06-18,11.460660
2003-06-19,11.332765
2003-06-20,11.333883
2003-06-23,11.272436
2003-06-24,11.395326
2003-06-25,11.233337
2003-06-26,11.305948
2003-06-27,11.244499
2003-06-30,11.261262
2003-07-01,11.356222
2003-07-02,11.428836
2003-07-03,11.361805
2003-07-07,11.445595
2003-07-08,11.456769
2003-07-09,11.305948
2003-07-10,11.261262
2003-07-11,11.339463
2003-07-14,11.311535
2003-07-15,11.372979
2003-07-16,11.255677
2003-07-17,11.216576
2003-07-18,11.317121
2003-07-21,11.222158
2003-07-22,11.339463
2003-07-23,11.289193
2003-07-24,11.210983
2003-07-25,11.300359
2003-07-28,11.233337
2003-07-29,11.171890
2003-07-30,11.244499
2003-07-31,11.244499
2003-08-01,11.132781
2003-08-04,11.177470
2003-08-05,11.043407
2003-08-06,11.110443
2003-08-07,11.205406
2003-08-08,11.272436
2003-08-11,11.255677
2003-08-12,11.345050
2003-08-13,11.305948
2003-08-14,11.367397
2003-08-15,11.406493
2003-08-18,11.428836
2003-08-19,11.367397
2003-08-20,11.328291
2003-08-21,11.367397
2003-08-22,11.266850
2003-08-25,11.333883
2003-08-26,11.350637
2003-08-27,11.395326
2003-08-28,11.428836
2003-08-29,11.434421
2003-09-02,11.562904
2003-09-03,11.590833
2003-09-04,11.646693
2003-09-05,11.523802
2003-09-08,11.557322
2003-09-09,11.428836
2003-09-10,11.423248
2003-09-11,11.484699
2003-09-12,11.512631
2003-09-15,11.501458
2003-09-16,11.507043
2003-09-17,11.562904
2003-09-18,11.635520
2003-09-19,11.608058
2003-09-22,11.512770
2003-09-23,11.580031
2003-09-24,11.479141
2003-09-25,11.467927
2003-09-26,11.439900
2003-09-29,11.439900
2003-09-30,11.389460
2003-10-01,11.596848
2003-10-02,11.596848
2003-10-03,11.686527
2003-10-06,11.725760
2003-10-07,11.787419
2003-10-08,11.753787
2003-10-09,11.770597
2003-10-10,11.764999
2003-10-13,11.809837
2003-10-14,11.871498
2003-10-15,11.854668
2003-10-16,11.871498
2003-10-17,11.798636
2003-10-20,11.804236
2003-10-21,11.787419
2003-10-22,11.731370
2003-10-23,11.731370
2003-10-24,11.720155
2003-10-27,11.714557
2003-10-28,11.843470
2003-10-29,11.899519
2003-10-30,11.882703
2003-10-31,11.905121
2003-11-03,12.011623
2003-11-04,11.938754
2003-11-05,11.921941
2003-11-06,11.994805
2003-11-07,11.994805
2003-11-10,11.961180
2003-11-11,11.972390
2003-11-12,12.062073
2003-11-13,11.921941
2003-11-14,11.854668
2003-11-17,11.865889
2003-11-18,11.821050
2003-11-19,11.882703
2003-11-20,11.798636
2003-11-21,11.826651
2003-11-24,11.989200
2003-11-25,12.017225
2003-11-26,12.000412
2003-11-28,12.045246
2003-12-01,12.022830
2003-12-02,11.916335
2003-12-03,11.921941
2003-12-04,11.972390
2003-12-05,11.933143
2003-12-08,11.961180
2003-12-09,11.916335
2003-12-10,11.927547
2003-12-11,11.921941
2003-12-12,12.000412
2003-12-15,11.921941
2003-12-16,12.039646
2003-12-17,12.028434
2003-12-18,12.090090
2003-12-19,12.045623
2003-12-22,12.113174
2003-12-23,12.118794
2003-12-24,12.079396
2003-12-26,12.090655
2003-12-29,12.169456
2003-12-30,12.186339
2003-12-31,12.259516
2004-01-02,12.113174
2004-01-05,12.191973
2004-01-06,12.220117
2004-01-07,12.169456
2004-01-08,12.152572
2004-01-09,12.062513
2004-01-12,12.118794
2004-01-13,12.101914
2004-01-14,12.146935
2004-01-15,12.158197
2004-01-16,12.152572
2004-01-20,12.113174
2004-01-21,12.163830
2004-01-22,12.124427
2004-01-23,12.225746
2004-01-26,12.343953
2004-01-27,12.282035
2004-01-28,12.158197
2004-01-29,12.327062
2004-01-30,12.259516
2004-02-02,12.310177
2004-02-03,12.372090
2004-02-04,12.445272
2004-02-05,12.524073
2004-02-06,12.619758
2004-02-09,12.636647
2004-02-10,12.687307
2004-02-11,12.670415
2004-02-12,12.692936
2004-02-13,12.614136
2004-02-17,12.726714
2004-02-18,12.709819
2004-02-19,12.771739
2004-02-20,12.873055
2004-02-23,12.946230
2004-02-24,12.867428
2004-02-25,12.906828
2004-02-26,12.906828
2004-02-27,12.957486
2004-03-01,13.103838
2004-03-02,12.974374
2004-03-03,13.041922
2004-03-04,13.013776
2004-03-05,13.019405
2004-03-08,13.013776
2004-03-09,13.013776
2004-03-10,12.980005
2004-03-11,12.732335
2004-03-12,12.732335
2004-03-15,12.608500
2004-03-16,12.631019
2004-03-17,12.782991
2004-03-18,12.777369
2004-03-19,12.750251
2004-03-22,12.580773
2004-03-23,12.558173
2004-03-24,12.592071
2004-03-25,12.767200
2004-03-26,12.693757
2004-03-29,12.846286
2004-03-30,12.925375
2004-03-31,12.925375
2004-04-01,12.874535
2004-04-02,12.891475
2004-04-05,12.936674
2004-04-06,12.998817
2004-04-07,12.964919
2004-04-08,12.897132
2004-04-12,12.947973
2004-04-13,12.818044
2004-04-14,12.908431
2004-04-15,12.947973
2004-04-16,13.038360
2004-04-19,13.077901
2004-04-20,12.976214
2004-04-21,13.004465
2004-04-22,13.134396
2004-04-23,13.145699
2004-04-26,13.117446
2004-04-27,13.151346
2004-04-28,12.998817
2004-04-29,13.066604
2004-04-30,13.094851
2004-05-03,13.173942
2004-05-04,13.117446
2004-05-05,13.140038
2004-05-06,13.083555
2004-05-07,12.959268
2004-05-10,12.897132
2004-05-11,12.874535
2004-05-12,12.806743
2004-05-13,12.784143
2004-05-14,12.834990
2004-05-17,12.750251
2004-05-18,12.823690
2004-05-19,12.755898
2004-05-20,12.801090
2004-05-21,12.806743
2004-05-24,12.755898
2004-05-25,12.908431
2004-05-26,12.919729
2004-05-27,13.072249
2004-05-28,13.021413
2004-06-01,13.021413
2004-06-02,13.128752
2004-06-03,13.100500
2004-06-04,13.123098
2004-06-07,13.236087
2004-06-08,13.298223
2004-06-09,13.247382
2004-06-10,13.247382
2004-06-14,13.179586
2004-06-15,13.241728
2004-06-16,13.224782
2004-06-17,13.173942
2004-06-18,13.172239
2004-06-21,13.155231
2004-06-22,13.160896
2004-06-23,13.177915
2004-06-24,13.126873
2004-06-25,13.002125
2004-06-28,13.002125
2004-06-29,13.013469
2004-06-30,13.092853
2004-07-01,12.962440
2004-07-02,12.962440
2004-07-06,12.968110
2004-07-07,12.979452
2004-07-08,12.962440
2004-07-09,12.996460
2004-07-12,13.013469
2004-07-13,13.030479
2004-07-14,13.024806
2004-07-15,12.939749
2004-07-16,12.934084
2004-07-19,12.939749
2004-07-20,12.945428
2004-07-21,12.769641
2004-07-22,12.729953
2004-07-23,12.542830
2004-07-26,12.497465
2004-07-27,12.627884
2004-07-28,12.593868
2004-07-29,12.446434
2004-07-30,12.446434
2004-08-02,12.571181
2004-08-03,12.520147
2004-08-04,12.548497
2004-08-05,12.401071
2004-08-06,12.247967
2004-08-09,12.293340
2004-08-10,12.389729
2004-08-11,12.486128
2004-08-12,12.457773
2004-08-13,12.514478
2004-08-16,12.593868
2004-08-17,12.605200
2004-08-18,12.690259
2004-08-19,12.627884
2004-08-20,12.684588
2004-08-23,12.639225
2004-08-24,12.644895
2004-08-25,12.718612
2004-08-26,12.741292
2004-08-27,12.718612
2004-08-30,12.656235
2004-08-31,12.667577
2004-09-01,12.667577
2004-09-02,12.815009
2004-09-03,12.871712
2004-09-07,12.871712
2004-09-08,12.735623
2004-09-09,12.684588
2004-09-10,12.695934
2004-09-13,12.707270
2004-09-14,12.712940
2004-09-15,12.588196
2004-09-16,12.520147
2004-09-17,12.578802
2004-09-20,12.368108
2004-09-21,12.322562
2004-09-22,12.225755
2004-09-23,12.271301
2004-09-24,12.259918
2004-09-27,12.208674
2004-09-28,12.271301
2004-09-29,12.305475
2004-09-30,12.333943
2004-10-01,12.459217
2004-10-04,12.430747
2004-10-05,12.430747
2004-10-06,12.487693
2004-10-07,12.390891
2004-10-08,12.305475
2004-10-11,12.299774
2004-10-12,12.265611
2004-10-13,12.214361
2004-10-14,12.168812
2004-10-15,12.248526
2004-10-18,12.294089
2004-10-19,12.220056
2004-10-20,12.254223
2004-10-21,12.254223
2004-10-22,12.174505
2004-10-25,12.106170
2004-10-26,12.237141
2004-10-27,12.368108
2004-10-28,12.425053
2004-10-29,12.413664
2004-11-01,12.385190
2004-11-02,12.464914
2004-11-03,12.561713
2004-11-04,12.897683
2004-11-05,12.954626
2004-11-08,12.931845
2004-11-09,12.926159
2004-11-10,12.943237
2004-11-11,13.040042
2004-11-12,13.079905
2004-11-15,13.119766
2004-11-16,13.034348
2004-11-17,13.045738
2004-11-18,13.040042
2004-11-19,12.897683
2004-11-22,12.983098
2004-11-23,12.954626
2004-11-24,12.948934
2004-11-26,12.948934
2004-11-29,12.817965
2004-11-30,12.721159
2004-12-01,12.891992
2004-12-02,13.011572
2004-12-03,12.988789
2004-12-06,12.903379
2004-12-07,12.869213
2004-12-08,12.874908
2004-12-09,13.022959
2004-12-10,13.045738
2004-12-13,13.074203
2004-12-14,13.193789
2004-12-15,13.188093
2004-12-16,13.153926
2004-12-17,13.053866
2004-12-20,13.059586
2004-12-21,13.151072
2004-12-22,13.202530
2004-12-23,13.173940
2004-12-27,13.162503
2004-12-28,13.242555
2004-12-29,13.213969
2004-12-30,13.242555
2004-12-31,13.196811
2005-01-03,13.196811
2005-01-04,13.151072
2005-01-05,13.082458
2005-01-06,13.145349
2005-01-07,13.208249
2005-01-10,13.288298
2005-01-11,13.231123
2005-01-12,13.271143
2005-01-13,13.185374
2005-01-14,13.259707
2005-01-18,13.396935
2005-01-19,13.374066
2005-01-20,13.362633
2005-01-21,13.248266
2005-01-24,13.196811
2005-01-25,13.248266
2005-01-26,13.236835
2005-01-27,13.311172
2005-01-28,13.316889
2005-01-31,13.351197
2005-02-01,13.356913
2005-02-02,13.465547
2005-02-03,13.442684
2005-02-04,13.517010
2005-02-07,13.488422
2005-02-08,13.505579
2005-02-09,13.385506
2005-02-10,13.379788
2005-02-11,13.459837
2005-02-14,13.465547
2005-02-15,13.488422
2005-02-16,13.522728
2005-02-17,13.436966
2005-02-18,13.419809
2005-02-22,13.219689
2005-02-23,13.253994
2005-02-24,13.316889
2005-02-25,13.362633
2005-02-28,13.334041
2005-03-01,13.442684
2005-03-02,13.408376
2005-03-03,13.499854
2005-03-04,13.568472
2005-03-07,13.528449
2005-03-08,13.465547
2005-03-09,13.368346
2005-03-10,13.396935
2005-03-11,13.294014
2005-03-14,13.334041
2005-03-15,13.253994
2005-03-16,13.219689
2005-03-17,13.265429
2005-03-18,13.222943
2005-03-21,13.148298
2005-03-22,13.073658
2005-03-23,13.159781
2005-03-24,13.154044
2005-03-28,13.165518
2005-03-29,13.136816
2005-03-30,13.309065
2005-03-31,13.217196
2005-04-01,13.090882
2005-04-04,13.165518
2005-04-05,13.263130
2005-04-06,13.228678
2005-04-07,13.320552
2005-04-08,13.257387
2005-04-11,13.291837
2005-04-12,13.343515
2005-04-13,13.280350
2005-04-14,13.251648
2005-04-15,13.125339
2005-04-18,13.039204
2005-04-19,13.073658
2005-04-20,12.907149
2005-04-21,13.125339
2005-04-22,12.987534
2005-04-25,13.125339
2005-04-26,13.027725
2005-04-27,13.073658
2005-04-28,13.044948
2005-04-29,13.079399
2005-05-02,13.177005
2005-05-03,13.234424
2005-05-04,13.320552
2005-05-05,13.297581
2005-05-06,13.245905
2005-05-09,13.326290
2005-05-10,13.251648
2005-05-11,13.297581
2005-05-12,13.234424
2005-05-13,13.119596
2005-05-16,13.245905
2005-05-17,13.314801
2005-05-18,13.441121
2005-05-19,13.521499
2005-05-20,13.504275
2005-05-23,13.527242
2005-05-24,13.504275
2005-05-25,13.458343
2005-05-26,13.469828
2005-05-27,13.429637
2005-05-31,13.383703
2005-06-01,13.475571
2005-06-02,13.510017
2005-06-03,13.400928
2005-06-06,13.406672
2005-06-07,13.458343
2005-06-08,13.423892
2005-06-09,13.429637
2005-06-10,13.418156
2005-06-13,13.464087
2005-06-14,13.441121
2005-06-15,13.446859
2005-06-16,13.406672
2005-06-17,13.442439
2005-06-20,13.436671
2005-06-21,13.407825
2005-06-22,13.419358
2005-06-23,13.252053
2005-06-24,13.119362
2005-06-27,13.107820
2005-06-28,13.275129
2005-06-29,13.240516
2005-06-30,13.125126
2005-07-01,13.171281
2005-07-05,13.246281
2005-07-06,13.119362
2005-07-07,13.096276
2005-07-08,13.269363
2005-07-11,13.344357
2005-07-12,13.355899
2005-07-13,13.407825
2005-07-14,13.482825
2005-07-15,13.477054
2005-07-18,13.413589
2005-07-19,13.390516
2005-07-20,13.442439
2005-07-21,13.390516
2005-07-22,13.430900
2005-07-25,13.384751
2005-07-26,13.453979
2005-07-27,13.488592
2005-07-28,13.603986
2005-07-29,13.546285
2005-08-01,13.477054
2005-08-02,13.523208
2005-08-03,13.552055
2005-08-04,13.436671
2005-08-05,13.350129
2005-08-08,13.327055
2005-08-09,13.350129
2005-08-10,13.327055
2005-08-11,13.361669
2005-08-12,13.315518
2005-08-15,13.378978
2005-08-16,13.246281
2005-08-17,13.240516
2005-08-18,13.390516
2005-08-19,13.373208
2005-08-22,13.413589
2005-08-23,13.378978
2005-08-24,13.257823
2005-08-25,13.275129
2005-08-26,13.240516
2005-08-29,13.332823
2005-08-30,13.263589
2005-08-31,13.309749
2005-09-01,13.292438
2005-09-02,13.315518
2005-09-06,13.459743
2005-09-07,13.471287
2005-09-08,13.419358
2005-09-09,13.477054
2005-09-12,13.505903
2005-09-13,13.378978
2005-09-14,13.292438
2005-09-15,13.344357
2005-09-16,13.382052
2005-09-19,13.300873
2005-09-20,13.219707
2005-09-21,13.057360
2005-09-22,13.155919
2005-09-23,13.179120
2005-09-26,13.132730
2005-09-27,13.271888
2005-09-28,13.289280
2005-09-29,13.405243
2005-09-30,13.498013
2005-10-03,13.480618
2005-10-04,13.422640
2005-10-05,13.329868
2005-10-06,13.254492
2005-10-07,13.242899
2005-10-10,13.196508
2005-10-11,13.196508
2005-10-12,13.150121
2005-10-13,13.115339
2005-10-14,13.190711
2005-10-17,13.335665
2005-10-18,13.237101
2005-10-19,13.376257
2005-10-20,13.271888
2005-10-21,13.260287
2005-10-24,13.376257
2005-10-25,13.329868
2005-10-26,13.289280
2005-10-27,13.161723
2005-10-28,13.382052
2005-10-31,13.434232
2005-11-01,13.358853
2005-11-02,13.393643
2005-11-03,13.445831
2005-11-04,13.440034
2005-11-07,13.469021
2005-11-08,13.428437
2005-11-09,13.451627
2005-11-10,13.608178
2005-11-11,13.625573
2005-11-14,13.573394
2005-11-15,13.503816
2005-11-16,13.538595
2005-11-17,13.532800
2005-11-18,13.567589
2005-11-21,13.584986
2005-11-22,13.677752
2005-11-23,13.729944
2005-11-25,13.741537
2005-11-28,13.677752
2005-11-29,13.666162
2005-11-30,13.555989
2005-12-01,13.648765
2005-12-02,13.642965
2005-12-05,13.590786
2005-12-06,13.579187
2005-12-07,13.544395
2005-12-08,13.521201
2005-12-09,13.544395
2005-12-12,13.573394
2005-12-13,13.741537
2005-12-14,13.857491
2005-12-15,13.880691
2005-12-16,13.869025
2005-12-19,13.845723
2005-12-20,13.764140
2005-12-21,13.804936
2005-12-22,13.816586
2005-12-23,13.793276
2005-12-27,13.700036
2005-12-28,13.717526
2005-12-29,13.682553
2005-12-30,13.571842
2006-01-03,13.659249
2006-01-04,13.705867
2006-01-05,13.635942
2006-01-06,13.694216
2006-01-09,13.758315
2006-01-10,13.723350
2006-01-11,13.735005
2006-01-12,13.700036
2006-01-13,13.682553
2006-01-17,13.630114
2006-01-18,13.688387
2006-01-19,13.700036
2006-01-20,13.501913
2006-01-23,13.513569
2006-01-24,13.560184
2006-01-25,13.571842
2006-01-26,13.600973
2006-01-27,13.711694
2006-01-30,13.659249
2006-01-31,13.595146
2006-02-01,13.630114
2006-02-02,13.624278
2006-02-03,13.536872
2006-02-06,13.507740
2006-02-07,13.443648
2006-02-08,13.501913
2006-02-09,13.542699
2006-02-10,13.525222
2006-02-13,13.507740
2006-02-14,13.676736
2006-02-15,13.764140
2006-02-16,13.828246
2006-02-17,13.769970
2006-02-21,13.752486
2006-02-22,13.863208
2006-02-23,13.869025
2006-02-24,13.799109
2006-02-27,13.898165
2006-02-28,13.711694
2006-03-01,13.764140
2006-03-02,13.688387
2006-03-03,13.723350
2006-03-06,13.676736
2006-03-07,13.769970
2006-03-08,13.921480
2006-03-09,13.944789
2006-03-10,14.072982
2006-03-13,14.084643
2006-03-14,14.049676
2006-03-15,13.997233
2006-03-16,14.043856
2006-03-17,14.035647
2006-03-20,14.117663
2006-03-21,14.023933
2006-03-22,14.152810
2006-03-23,14.047359
2006-03-24,14.047359
2006-03-27,14.000504
2006-03-28,13.889198
2006-03-29,13.988780
2006-03-30,13.877486
2006-03-31,13.824765
2006-04-03,13.871633
2006-04-04,13.859915
2006-04-05,13.889198
2006-04-06,13.836481
2006-04-07,13.713459
2006-04-10,13.731044
2006-04-11,13.602160
2006-04-12,13.649025
2006-04-13,13.625596
2006-04-17,13.549436
2006-04-18,13.678313
2006-04-19,13.695889
2006-04-20,13.719326
2006-04-21,13.719326
2006-04-24,13.777904
2006-04-25,13.777904
2006-04-26,13.906776
2006-04-27,13.924353
2006-04-28,13.959495
2006-05-01,13.953635
2006-05-02,14.035647
2006-05-03,13.941923
2006-05-04,13.965361
2006-05-05,14.094224
2006-05-08,14.170383
2006-05-09,14.211386
2006-05-10,14.152810
2006-05-11,13.977065
2006-05-12,13.865765
2006-05-15,14.018078
2006-05-16,14.070799
2006-05-17,13.895059
2006-05-18,13.824765
2006-05-19,13.836481
2006-05-22,13.877486
2006-05-23,13.871633
2006-05-24,13.977065
2006-05-25,14.111806
2006-05-26,14.111806
2006-05-30,13.936075
2006-05-31,13.988780
2006-06-01,14.064938
2006-06-02,14.035647
2006-06-05,13.836481
2006-06-06,13.877486
2006-06-07,13.871633
2006-06-08,13.918491
2006-06-09,13.930205
2006-06-12,13.848198
2006-06-13,13.801339
2006-06-14,13.859915
2006-06-15,13.971220
2006-06-16,13.987111
2006-06-19,13.934116
2006-06-20,14.034228
2006-06-21,14.087235
2006-06-22,14.063671
2006-06-23,14.016560
2006-06-26,14.093128
2006-06-27,14.028340
2006-06-28,14.093128
2006-06-29,14.316916
2006-06-30,14.246242
2006-07-03,14.328691
2006-07-05,14.210907
2006-07-06,14.375814
2006-07-07,14.346367
2006-07-10,14.434707
2006-07-11,14.511266
2006-07-12,14.393483
2006-07-13,14.275690
2006-07-14,14.134349
2006-07-17,14.169688
2006-07-18,14.234460
2006-07-19,14.411147
2006-07-20,14.422922
2006-07-21,14.393483
2006-07-24,14.499487
2006-07-25,14.570156
2006-07-26,14.499487
2006-07-27,14.405256
2006-07-28,14.540709
2006-07-31,14.470037
2006-08-01,14.399377
2006-08-02,14.528935
2006-08-03,14.564266
2006-08-04,14.570156
2006-08-07,14.534821
2006-08-08,14.599605
2006-08-09,14.505377
2006-08-10,14.658495
2006-08-11,14.629043
2006-08-14,14.658495
2006-08-15,14.752723
2006-08-16,14.770393
2006-08-17,14.746840
2006-08-18,14.835177
2006-08-21,14.870508
2006-08-22,14.858738
2006-08-23,14.811625
2006-08-24,14.888185
2006-08-25,14.864624
2006-08-28,14.923521
2006-08-29,14.976521
2006-08-30,15.017750
2006-08-31,15.029525
2006-09-01,15.111968
2006-09-05,15.058968
2006-09-06,15.017750
2006-09-07,14.964742
2006-09-08,15.041299
2006-09-11,15.153198
2006-09-12,15.159088
2006-09-13,15.047192
2006-09-14,15.123754
2006-09-15,15.140326
2006-09-18,15.081140
2006-09-19,15.116651
2006-09-20,15.205438
2006-09-21,15.069299
2006-09-22,15.081140
2006-09-25,14.986440
2006-09-26,15.004194
2006-09-27,15.098891
2006-09-28,15.063385
2006-09-29,15.021948
2006-10-02,14.921330
2006-10-03,14.939084
2006-10-04,15.098891
2006-10-05,15.039704
2006-10-06,14.956851
2006-10-09,15.010111
2006-10-10,14.956851
2006-10-11,14.980515
2006-10-12,15.004194
2006-10-13,14.974602
2006-10-16,14.998273
2006-10-17,14.968678
2006-10-18,15.027869
2006-10-19,15.063385
2006-10-20,15.116651
2006-10-23,15.264628
2006-10-24,15.217271
2006-10-25,15.317890
2006-10-26,15.418508
2006-10-27,15.365236
2006-10-30,15.300136
2006-10-31,15.288299
2006-11-01,15.169916
2006-11-02,15.146241
2006-11-03,15.075215
2006-11-06,15.128491
2006-11-07,15.152168
2006-11-08,15.205438
2006-11-09,15.116651
2006-11-10,15.122570
2006-11-13,15.075215
2006-11-14,15.116651
2006-11-15,15.193593
2006-11-16,15.300136
2006-11-17,15.323808
2006-11-20,15.276456
2006-11-21,15.252782
2006-11-22,15.288299
2006-11-24,15.229109
2006-11-27,15.039704
2006-11-28,15.104809
2006-11-29,15.235020
2006-11-30,15.158084
2006-12-01,15.110729
2006-12-04,15.329733
2006-12-05,15.412591
2006-12-06,15.430353
2006-12-07,15.400759
2006-12-08,15.430353
2006-12-11,15.459939
2006-12-12,15.424425
2006-12-13,15.418508
2006-12-14,15.477698
2006-12-15,15.502690
2006-12-18,15.490784
2006-12-19,15.502690
2006-12-20,15.514579
2006-12-21,15.520526
2006-12-22,15.508626
2006-12-26,15.568116
2006-12-27,15.621655
2006-12-28,15.615719
2006-12-29,15.538374
2007-01-03,15.639504
2007-01-04,15.663302
2007-01-05,15.550275
2007-01-08,15.574074
2007-01-09,15.609759
2007-01-10,15.675198
2007-01-11,15.794177
2007-01-12,15.770377
2007-01-16,15.782281
2007-01-17,15.829873
2007-01-18,15.806076
2007-01-19,15.829873
2007-01-22,15.812023
2007-01-23,15.841767
2007-01-24,15.901256
2007-01-25,15.800129
2007-01-26,15.758486
2007-01-29,15.800129
2007-01-30,15.788231
2007-01-31,15.853657
2007-02-01,15.913153
2007-02-02,15.942900
2007-02-05,15.889355
2007-02-06,15.865562
2007-02-07,15.829873
2007-02-08,15.800129
2007-02-09,15.776332
2007-02-12,15.740635
2007-02-13,15.794177
2007-02-14,15.889355
2007-02-15,15.984543
2007-02-16,16.008335
2007-02-20,16.091621
2007-02-21,16.002388
2007-02-22,15.942900
2007-02-23,15.954789
2007-02-26,15.948846
2007-02-27,15.585964
2007-02-28,15.609759
2007-03-01,15.645455
2007-03-02,15.401553
2007-03-05,15.348018
2007-03-06,15.466986
2007-03-07,15.407499
2007-03-08,15.550275
2007-03-09,15.597860
2007-03-12,15.615719
2007-03-13,15.318274
2007-03-14,15.348018
2007-03-15,15.544323
2007-03-16,15.501874
2007-03-19,15.603518
2007-03-20,15.752971
2007-03-21,15.902425
2007-03-22,15.980152
2007-03-23,16.016020
2007-03-26,15.902425
2007-03-27,15.830688
2007-03-28,15.800794
2007-03-29,15.890474
2007-03-30,15.932316
2007-04-02,15.974166
2007-04-03,16.081785
2007-04-04,16.153522
2007-04-05,16.195368
2007-04-09,16.153522
2007-04-10,16.231236
2007-04-11,16.123625
2007-04-12,16.141565
2007-04-13,16.195368
2007-04-16,16.231236
2007-04-17,16.380697
2007-04-18,16.338848
2007-04-19,16.350807
2007-04-20,16.500265
2007-04-23,16.464394
2007-04-24,16.458416
2007-04-25,16.542103
2007-04-26,16.476347
2007-04-27,16.440485
2007-04-30,16.380697
2007-05-01,16.314936
2007-05-02,16.320915
2007-05-03,16.380697
2007-05-04,16.380697
2007-05-07,16.410585
2007-05-08,16.297001
2007-05-09,16.320915
2007-05-10,16.219284
2007-05-11,16.261137
2007-05-14,16.201351
2007-05-15,16.308960
2007-05-16,16.476347
2007-05-17,16.434504
2007-05-18,16.554070
2007-05-21,16.428520
2007-05-22,16.458416
2007-05-23,16.410585
2007-05-24,16.338848
2007-05-25,16.440485
2007-05-29,16.500265
2007-05-30,16.577982
2007-05-31,16.601904
2007-06-01,16.679617
2007-06-04,16.739401
2007-06-05,16.637770
2007-06-06,16.530151
2007-06-07,16.320915
2007-06-08,16.416569
2007-06-11,16.506247
2007-06-12,16.350807
2007-06-13,16.476347
2007-06-14,16.500265
2007-06-15,16.535753
2007-06-18,16.451550
2007-06-19,16.331236
2007-06-20,16.313194
2007-06-21,16.361322
2007-06-22,16.271084
2007-06-25,16.198906
2007-06-26,16.156797
2007-06-27,16.283117
2007-06-28,16.253038
2007-06-29,16.271084
2007-07-02,16.403423
2007-07-03,16.397404
2007-07-05,16.385378
2007-07-06,16.481619
2007-07-09,16.481619
2007-07-10,16.331236
2007-07-11,16.409430
2007-07-12,16.547785
2007-07-13,16.662075
2007-07-16,16.595903
2007-07-17,16.517704
2007-07-18,16.523722
2007-07-19,16.577854
2007-07-20,16.481619
2007-07-23,16.481619
2007-07-24,16.361322
2007-07-25,16.361322
2007-07-26,16.120705
2007-07-27,15.904158
2007-07-30,15.940252
2007-07-31,15.807918
2007-08-01,16.042507
2007-08-02,16.060553
2007-08-03,16.030481
2007-08-06,16.445530
2007-08-07,16.403423
2007-08-08,16.692141
2007-08-09,16.391390
2007-08-10,16.301155
2007-08-13,16.253038
2007-08-14,15.994391
2007-08-15,15.910178
2007-08-16,15.952284
2007-08-17,16.030481
2007-08-20,16.150787
2007-08-21,16.150787
2007-08-22,16.192886
2007-08-23,16.198906
2007-08-24,16.313194
2007-08-27,16.241014
2007-08-28,16.054541
2007-08-29,16.192886
2007-08-30,16.138748
2007-08-31,16.180853
2007-09-04,16.355295
2007-09-05,16.204922
2007-09-06,16.162809
2007-09-07,16.090633
2007-09-10,16.132730
2007-09-11,16.241014
2007-09-12,16.325220
2007-09-13,16.373344
2007-09-14,16.469591
2007-09-17,16.373344
2007-09-18,16.692141
2007-09-19,16.704185
2007-09-20,16.722227
2007-09-21,16.730688
2007-09-24,16.718594
2007-09-25,16.694401
2007-09-26,16.809319
2007-09-27,16.869808
2007-09-28,16.924253
2007-10-01,16.875870
2007-10-02,16.881916
2007-10-03,16.839573
2007-10-04,16.875870
2007-10-05,16.936354
2007-10-08,16.827473
2007-10-09,16.924253
2007-10-10,16.996834
2007-10-11,17.039169
2007-10-12,17.075466
2007-10-15,17.021025
2007-10-16,16.948444
2007-10-17,17.008932
2007-10-18,16.948444
2007-10-19,16.773033
2007-10-22,16.881916
2007-10-23,16.936354
2007-10-24,16.887953
2007-10-25,17.027075
2007-10-26,17.142000
2007-10-29,17.148054
2007-10-30,17.075466
2007-10-31,17.184349
2007-11-01,16.845617
2007-11-02,16.954502
2007-11-05,16.978683
2007-11-06,17.093618
2007-11-07,16.906109
2007-11-08,17.027075
2007-11-09,16.863768
2007-11-12,16.875870
2007-11-13,17.129906
2007-11-14,17.214588
2007-11-15,17.202488
2007-11-16,17.281124
2007-11-19,17.160151
2007-11-20,17.299261
2007-11-21,17.087566
2007-11-23,17.262981
2007-11-26,17.087566
2007-11-27,17.269033
2007-11-28,17.541214
2007-11-29,17.631948
2007-11-30,17.656141
2007-12-03,17.589605
2007-12-04,17.565418
2007-12-05,17.638004
2007-12-06,17.631948
2007-12-07,17.819458
2007-12-10,17.837606
2007-12-11,17.644043
2007-12-12,17.692436
2007-12-13,17.771072
2007-12-14,17.553310
2007-12-17,17.432341
2007-12-18,17.353708
2007-12-19,17.498875
2007-12-20,17.420246
2007-12-21,17.837927
2007-12-24,17.813602
2007-12-26,17.752798
2007-12-27,17.582573
2007-12-28,17.649445
2007-12-31,17.509613
2008-01-02,17.260349
2008-01-03,17.169151
2008-01-04,17.096195
2008-01-07,17.296827
2008-01-08,17.169151
2008-01-09,17.400185
2008-01-10,17.430584
2008-01-11,17.187393
2008-01-14,17.114437
2008-01-15,16.932039
2008-01-16,16.871243
2008-01-17,16.749647
2008-01-18,16.506460
2008-01-22,16.336227
2008-01-23,16.536863
2008-01-24,16.457830
2008-01-25,16.232880
2008-01-28,16.360554
2008-01-29,16.409185
2008-01-30,16.293673
2008-01-31,16.536863
2008-02-01,16.701015
2008-02-04,16.597660
2008-02-05,16.372704
2008-02-06,16.305830
2008-02-07,16.476061
2008-02-08,16.293673
2008-02-11,16.500380
2008-02-12,16.719255
2008-02-13,16.640213
2008-02-14,16.555101
2008-02-15,16.628059
2008-02-19,16.895571
2008-02-20,16.536863
2008-02-21,16.597660
2008-02-22,16.780050
2008-02-25,16.804365
2008-02-26,17.011086
2008-02-27,16.780050
2008-02-28,16.810446
2008-02-29,16.494307
2008-03-03,16.658451
2008-03-04,16.646301
2008-03-05,16.688862
2008-03-06,16.536863
2008-03-07,16.457830
2008-03-10,16.372704
2008-03-11,16.719255
2008-03-12,16.676693
2008-03-13,16.676693
2008-03-14,16.390947
2008-03-17,16.299755
2008-03-18,16.597660
2008-03-19,16.688862
2008-03-20,16.882002
2008-03-24,17.071480
2008-03-25,17.114262
2008-03-26,16.973686
2008-03-27,17.059252
2008-03-28,17.040920
2008-03-31,17.028696
2008-04-01,17.236507
2008-04-02,17.242626
2008-04-03,17.193727
2008-04-04,17.340422
2008-04-07,17.230396
2008-04-08,17.224287
2008-04-09,17.053137
2008-04-10,17.095924
2008-04-11,16.985909
2008-04-14,16.979801
2008-04-15,17.083700
2008-04-16,17.181498
2008-04-17,17.205946
2008-04-18,17.089815
2008-04-21,17.138714
2008-04-22,17.034807
2008-04-23,17.144823
2008-04-24,17.169271
2008-04-25,17.071480
2008-04-28,17.175386
2008-04-29,17.193727
2008-04-30,16.900335
2008-05-01,17.205946
2008-05-02,17.181498
2008-05-05,17.120384
2008-05-06,17.230396
2008-05-07,17.065363
2008-05-08,17.114262
2008-05-09,17.016474
2008-05-12,17.205946
2008-05-13,17.144823
2008-05-14,17.212061
2008-05-15,17.419882
2008-05-16,17.413763
2008-05-19,17.511564
2008-05-20,17.248739
2008-05-21,17.071480
2008-05-22,17.254845
2008-05-23,17.163164
2008-05-27,17.212061
2008-05-28,17.236507
2008-05-29,17.303741
2008-05-30,17.413763
2008-06-02,17.260954
2008-06-03,17.352646
2008-06-04,17.340422
2008-06-05,17.517679
2008-06-06,17.083700
2008-06-09,17.144823
2008-06-10,17.175386
2008-06-11,17.083700
2008-06-12,17.199833
2008-06-13,17.187614
2008-06-16,17.004244
2008-06-17,16.949238
2008-06-18,16.759754
2008-06-19,16.814770
2008-06-20,16.623848
2008-06-23,16.562458
2008-06-24,16.617708
2008-06-25,16.992178
2008-06-26,16.476521
2008-06-27,16.304630
2008-06-30,16.421272
2008-07-01,16.402853
2008-07-02,16.384441
2008-07-03,16.372158
2008-07-07,16.537907
2008-07-08,16.752768
2008-07-09,16.587015
2008-07-10,16.709797
2008-07-11,16.531765
2008-07-14,16.544041
2008-07-15,16.513353
2008-07-16,16.722071
2008-07-17,16.752768
2008-07-18,16.470379
2008-07-21,16.433550
2008-07-22,16.722071
2008-07-23,16.838703
2008-07-24,16.734343
2008-07-25,16.642267
2008-07-28,16.501078
2008-07-29,16.887819
2008-07-30,17.084253
2008-07-31,16.820292
2008-08-01,16.789602
2008-08-04,16.943071
2008-08-05,17.237722
2008-08-06,17.421892
2008-08-07,17.084253
2008-08-08,17.440306
2008-08-11,17.593781
2008-08-12,17.716553
2008-08-13,17.538528
2008-08-14,17.618334
2008-08-15,17.790220
2008-08-18,17.716553
2008-08-19,17.477142
2008-08-20,17.483288
2008-08-21,17.292974
2008-08-22,17.606056
2008-08-25,17.323673
2008-08-26,17.256144
2008-08-27,17.335949
2008-08-28,17.446447
2008-08-29,17.274563
2008-09-02,17.464867
2008-09-03,17.335949
2008-09-04,17.225456
2008-09-05,17.385054
2008-09-08,17.753380
2008-09-09,17.661306
2008-09-10,17.784077
2008-09-11,17.857744
2008-09-12,17.894577
2008-09-15,17.679722
2008-09-16,17.679722
2008-09-17,17.047428
2008-09-18,17.157919
2008-09-19,17.120218
2008-09-22,17.027514
2008-09-23,16.798832
2008-09-24,16.767933
2008-09-25,17.182034
2008-09-26,17.120218
2008-09-29,16.477432
2008-09-30,17.058418
2008-10-01,17.182034
2008-10-02,16.965712
2008-10-03,16.829733
2008-10-06,16.341465
2008-10-07,15.822299
2008-10-08,15.389660
2008-10-09,14.462576
2008-10-10,14.586179
2008-10-13,15.266052
2008-10-14,15.296946
2008-10-15,14.771603
2008-10-16,14.913750
2008-10-17,15.025002
2008-10-20,15.148617
2008-10-21,15.006456
2008-10-22,14.771603
2008-10-23,14.833405
2008-10-24,14.091736
2008-10-27,13.733260
2008-10-28,14.678888
2008-10-29,14.394585
2008-10-30,15.000286
2008-10-31,14.907576
2008-11-03,15.136256
2008-11-04,15.358751
2008-11-05,15.086811
2008-11-06,14.926115
2008-11-07,14.994107
2008-11-10,15.037366
2008-11-11,14.697439
2008-11-12,14.382228
2008-11-13,14.957021
2008-11-14,14.512019
2008-11-17,14.320415
2008-11-18,14.419309
2008-11-19,14.048471
2008-11-20,13.560210
2008-11-21,14.209167
2008-11-24,14.388406
2008-11-25,14.468751
2008-11-26,14.654164
2008-11-28,14.876668
2008-12-01,14.054657
2008-12-02,14.258612
2008-12-03,14.431667
2008-12-04,14.246249
2008-12-05,14.647990
2008-12-08,14.734521
2008-12-09,14.450212
2008-12-10,14.444028
2008-12-11,14.283334
2008-12-12,14.301875
2008-12-15,14.289518
2008-12-16,14.623268
2008-12-17,14.549101
2008-12-18,14.598536
2008-12-19,14.480107
2008-12-22,14.517510
2008-12-23,14.399076
2008-12-24,14.523738
2008-12-26,14.536213
2008-12-29,14.505038
2008-12-30,14.735676
2008-12-31,14.879049
2009-01-02,15.090976
2009-01-05,15.153309
2009-01-06,14.928908
2009-01-07,14.779305
2009-01-08,14.586078
2009-01-09,14.336739
2009-01-12,14.342973
2009-01-13,14.430248
2009-01-14,14.112339
2009-01-15,14.174669
2009-01-16,14.305574
2009-01-20,14.137276
2009-01-21,14.205840
2009-01-22,14.193376
2009-01-23,14.056239
2009-01-26,14.149743
2009-01-27,14.224542
2009-01-28,14.367906
2009-01-29,14.243241
2009-01-30,13.806911
2009-02-02,13.688470
2009-02-03,13.987668
2009-02-04,13.607443
2009-02-05,13.800677
2009-02-06,14.037543
2009-02-09,13.900407
2009-02-10,13.451605
2009-02-11,13.526404
2009-02-12,13.651071
2009-02-13,13.439134
2009-02-17,13.245907
2009-02-18,13.314472
2009-02-19,13.482765
2009-02-20,13.277066
2009-02-23,12.934237
2009-02-24,13.183571
2009-02-25,13.058904
2009-02-26,12.772165
2009-02-27,12.691135
2009-03-02,12.448038
2009-03-03,12.298429
2009-03-04,12.535298
2009-03-05,12.248563
2009-03-06,12.285964
2009-03-09,12.098961
2009-03-10,12.323364
2009-03-11,12.310897
2009-03-12,12.628805
2009-03-13,12.815798
2009-03-16,13.015266
2009-03-17,13.258373
2009-03-18,13.189801
2009-03-19,13.021505
2009-03-20,12.897979
2009-03-23,13.462302
2009-03-24,13.399600
2009-03-25,13.531276
2009-03-26,13.681771
2009-03-27,13.550086
2009-03-30,13.255384
2009-03-31,13.230306
2009-04-01,13.456032
2009-04-02,13.738194
2009-04-03,13.681771
2009-04-06,13.719386
2009-04-07,13.468573
2009-04-08,13.581439
2009-04-09,13.587713
2009-04-13,13.550086
2009-04-14,13.361974
2009-04-15,13.600249
2009-04-16,13.782091
2009-04-17,13.851053
2009-04-20,13.581439
2009-04-21,13.719386
2009-04-22,13.537542
2009-04-23,13.537542
2009-04-24,13.481118
2009-04-27,13.562623
2009-04-28,13.625331
2009-04-29,13.851053
2009-04-30,13.794623
2009-05-01,13.851053
2009-05-04,14.064249
2009-05-05,13.945115
2009-05-06,14.032894
2009-05-07,14.089333
2009-05-08,14.271168
2009-05-11,14.202199
2009-05-12,14.371495
2009-05-13,14.108146
2009-05-14,14.158302
2009-05-15,14.026625
2009-05-18,14.321327
2009-05-19,14.402847
2009-05-20,14.421655
2009-05-21,14.289985
2009-05-22,14.377763
2009-05-26,14.559609
2009-05-27,14.189657
2009-05-28,14.340143
2009-05-29,14.496898
2009-06-01,14.785330
2009-06-02,14.935821
2009-06-03,14.860575
2009-06-04,14.885653
2009-06-05,14.810420
2009-06-08,14.866848
2009-06-09,14.735175
2009-06-10,14.572144
2009-06-11,14.634845
2009-06-12,14.747712
2009-06-15,14.390301
2009-06-16,14.202199
2009-06-17,14.346416
2009-06-18,14.609764
2009-06-19,14.462549
2009-06-22,14.405683
2009-06-23,14.317228
2009-06-24,14.355142
2009-06-25,14.601550
2009-06-26,14.551007
2009-06-29,14.639463
2009-06-30,14.525732
2009-07-01,14.772145
2009-07-02,14.462549
2009-07-06,14.759509
2009-07-07,14.576283
2009-07-08,14.639463
2009-07-09,14.532048
2009-07-10,14.462549
2009-07-13,14.721597
2009-07-14,14.765823
2009-07-15,15.005924
2009-07-16,15.107011
2009-07-17,15.119652
2009-07-20,15.163877
2009-07-21,15.144922
2009-07-22,15.151243
2009-07-23,15.359741
2009-07-24,15.498746
2009-07-27,15.441885
2009-07-28,15.460832
2009-07-29,15.542975
2009-07-30,15.524025
2009-07-31,15.492430
2009-08-03,15.511381
2009-08-04,15.536658
2009-08-05,15.435561
2009-08-06,15.277606
2009-08-07,15.340791
2009-08-10,15.353430
2009-08-11,15.353430
2009-08-12,15.347108
2009-08-13,15.435561
2009-08-14,15.416606
2009-08-17,15.258656
2009-08-18,15.283923
2009-08-19,15.385015
2009-08-20,15.460832
2009-08-21,15.631431
2009-08-24,15.637755
2009-08-25,15.663018
2009-08-26,15.713567
2009-08-27,15.713567
2009-08-28,15.650385
2009-08-31,15.681979
2009-09-01,15.536658
2009-09-02,15.549297
2009-09-03,15.580883
2009-09-04,15.694618
2009-09-08,15.827298
2009-09-09,15.820983
2009-09-10,15.934709
2009-09-11,16.004215
2009-09-14,15.966295
2009-09-15,15.884162
2009-09-16,16.010529
2009-09-17,15.953661
2009-09-18,16.163017
2009-09-21,16.112114
2009-09-22,16.143930
2009-09-23,16.143930
2009-09-24,16.061213
2009-09-25,16.061213
2009-09-28,16.093027
2009-09-29,16.169386
2009-09-30,16.201202
2009-10-01,16.054840
2009-10-02,16.105745
2009-10-05,16.143930
2009-10-06,16.290285
2009-10-07,16.360275
2009-10-08,16.455734
2009-10-09,16.493914
2009-10-12,16.563910
2009-10-13,16.506641
2009-10-14,16.563910
2009-10-15,16.691183
2009-10-16,16.780272
2009-10-19,16.875717
2009-10-20,16.856636
2009-10-21,16.729361
2009-10-22,16.754808
2009-10-23,16.589365
2009-10-26,16.462099
2009-10-27,16.474821
2009-10-28,16.430283
2009-10-29,16.697546
2009-10-30,16.436638
2009-11-02,16.595728
2009-11-03,16.487558
2009-11-04,16.551191
2009-11-05,16.627552
2009-11-06,16.672098
2009-11-09,16.945719
2009-11-10,16.939356
2009-11-11,16.990263
2009-11-12,16.888453
2009-11-13,17.002991
2009-11-16,17.098442
2009-11-17,17.181160
2009-11-18,17.168432
2009-11-19,17.085709
2009-11-20,17.111162
2009-11-23,17.257532
2009-11-24,17.295708
2009-11-25,17.263880
2009-11-27,17.104807
2009-11-30,17.041166
2009-12-01,17.276619
2009-12-02,17.257532
2009-12-03,17.123896
2009-12-04,17.212984
2009-12-07,17.193890
2009-12-08,16.996620
2009-12-09,17.028446
2009-12-10,17.085709
2009-12-11,17.181160
2009-12-14,17.244793
2009-12-15,17.174797
2009-12-16,17.092081
2009-12-17,16.888453
2009-12-18,16.855684
2009-12-21,16.945618
2009-12-22,17.061255
2009-12-23,17.074085
2009-12-24,17.138332
2009-12-28,17.170448
2009-12-29,17.202564
2009-12-30,17.170448
2009-12-31,17.003433
2010-01-04,17.131905
2010-01-05,17.138332
2010-01-06,17.125481
2010-01-07,17.125481
2010-01-08,17.067667
2010-01-11,17.112631
2010-01-12,17.208992
2010-01-13,17.331036
2010-01-14,17.279655
2010-01-15,17.196140
2010-01-19,17.298916
2010-01-20,17.170448
2010-01-21,16.926353
2010-01-22,16.887808
2010-01-25,16.919926
2010-01-26,16.900652
2010-01-27,16.939192
2010-01-28,16.894228
2010-01-29,16.829992
2010-02-01,16.958466
2010-02-02,17.202564
2010-02-03,17.080513
2010-02-04,16.733635
2010-02-05,16.688669
2010-02-08,16.669395
2010-02-09,16.868530
2010-02-10,16.849260
2010-02-11,16.984161
2010-02-12,16.984161
2010-02-16,17.157591
2010-02-17,17.279655
2010-02-18,17.382425
2010-02-19,17.420971
2010-02-22,17.420971
2010-02-23,17.324610
2010-02-24,17.433813
2010-02-25,17.446661
2010-02-26,17.363157
2010-03-01,17.485207
2010-03-02,17.549437
2010-03-03,17.555861
2010-03-04,17.613678
2010-03-05,17.722881
2010-03-08,17.658640
2010-03-09,17.632946
2010-03-10,17.607258
2010-03-11,17.639372
2010-03-12,17.652220
2010-03-15,17.787113
2010-03-16,17.870621
2010-03-17,17.947704
2010-03-18,17.966984
2010-03-19,17.914083
2010-03-22,18.004391
2010-03-23,18.146309
2010-03-24,18.017296
2010-03-25,17.991493
2010-03-26,18.004391
2010-03-29,18.088257
2010-03-30,18.120518
2010-03-31,18.017296
2010-04-01,18.133415
2010-04-05,18.133415
2010-04-06,18.075359
2010-04-07,17.959238
2010-04-08,17.991493
2010-04-09,18.088257
2010-04-12,18.146309
2010-04-13,18.088257
2010-04-14,18.114059
2010-04-15,18.081806
2010-04-16,18.004391
2010-04-19,18.075359
2010-04-20,18.126961
2010-04-21,18.126961
2010-04-22,18.126961
2010-04-23,18.081806
2010-04-26,18.043106
2010-04-27,17.727009
2010-04-28,17.868927
2010-04-29,17.926985
2010-04-30,17.823761
2010-05-03,17.926985
2010-05-04,17.746363
2010-05-05,17.810869
2010-05-06,17.365763
2010-05-07,17.249640
2010-05-10,17.752810
2010-05-11,17.746363
2010-05-12,17.868927
2010-05-13,17.759260
2010-05-14,17.591534
2010-05-17,17.778610
2010-05-18,17.675398
2010-05-19,17.630247
2010-05-20,17.107721
2010-05-21,17.172235
2010-05-24,17.049662
2010-05-25,16.849689
2010-05-26,16.740021
2010-05-27,17.081924
2010-05-28,16.998064
2010-06-01,16.959347
2010-06-02,17.249640
2010-06-03,17.275448
2010-06-04,16.817432
2010-06-07,16.688414
2010-06-08,16.959347
2010-06-09,16.927099
2010-06-10,17.217390
2010-06-11,17.075468
2010-06-14,17.172235
2010-06-15,17.346399
2010-06-16,17.230291
2010-06-17,17.385113
2010-06-18,17.321436
2010-06-21,17.275963
2010-06-22,17.087540
2010-06-23,17.197998
2010-06-24,16.990084
2010-06-25,16.814661
2010-06-28,16.957596
2010-06-29,16.684715
2010-06-30,16.567774
2010-07-01,16.600254
2010-07-02,16.535282
2010-07-06,16.632740
2010-07-07,16.951101
2010-07-08,17.204493
2010-07-09,17.204493
2010-07-12,17.262968
2010-07-13,17.418894
2010-07-14,17.425390
2010-07-15,17.477377
2010-07-16,17.230482
2010-07-19,17.262968
2010-07-20,17.470867
2010-07-21,17.282454
2010-07-22,17.477377
2010-07-23,17.639799
2010-07-26,17.730757
2010-07-27,17.795723
2010-07-28,17.698277
2010-07-29,17.483870
2010-07-30,17.529345
2010-08-02,17.730757
2010-08-03,17.574827
2010-08-04,17.639799
2010-08-05,17.561836
2010-08-06,17.600821
2010-08-09,17.691780
2010-08-10,17.730757
2010-08-11,17.438395
2010-08-12,17.418894
2010-08-13,17.412395
2010-08-16,17.392902
2010-08-17,17.561836
2010-08-18,17.574827
2010-08-19,17.366920
2010-08-20,17.366920
2010-08-23,17.405903
2010-08-24,17.321436
2010-08-25,17.360420
2010-08-26,17.230482
2010-08-27,17.340927
2010-08-30,17.191494
2010-08-31,17.204493
2010-09-01,17.509851
2010-09-02,17.620306
2010-09-03,17.730757
2010-09-07,17.659296
2010-09-08,17.737259
2010-09-09,17.795723
2010-09-10,17.880194
2010-09-13,17.899683
2010-09-14,17.932167
2010-09-15,18.055616
2010-09-16,18.075106
2010-09-17,18.027344
2010-09-20,18.223650
2010-09-21,18.190926
2010-09-22,18.223650
2010-09-23,18.105860
2010-09-24,18.347965
2010-09-27,18.243273
2010-09-28,18.361053
2010-09-29,18.308712
2010-09-30,18.243273
2010-10-01,18.275991
2010-10-04,18.223650
2010-10-05,18.393770
2010-10-06,18.472298
2010-10-07,18.406862
2010-10-08,18.446127
2010-10-11,18.465752
2010-10-12,18.511560
2010-10-13,18.668604
2010-10-14,18.675144
2010-10-15,18.720951
2010-10-18,18.786385
2010-10-19,18.557362
2010-10-20,18.720951
2010-10-21,18.786385
2010-10-22,18.851814
2010-10-25,18.897629
2010-10-26,18.792934
2010-10-27,18.694778
2010-10-28,18.760210
2010-10-29,18.825640
2010-11-01,18.747126
2010-11-02,18.858368
2010-11-03,18.917261
2010-11-04,19.146280
2010-11-05,19.048132
2010-11-08,19.015417
2010-11-09,18.917261
2010-11-10,18.858368
2010-11-11,18.877991
2010-11-12,18.786385
2010-11-15,18.792934
2010-11-16,18.583532
2010-11-17,18.590082
2010-11-18,18.838737
2010-11-19,18.851814
2010-11-22,18.851814
2010-11-23,18.629335
2010-11-24,18.773302
2010-11-26,18.648966
2010-11-29,18.616257
2010-11-30,18.531197
2010-12-01,18.832193
2010-12-02,18.845282
2010-12-03,18.851814
2010-12-06,18.806021
2010-12-07,18.910713
2010-12-08,18.982691
2010-12-09,19.035036
2010-12-10,19.067753
2010-12-13,19.067753
2010-12-14,19.159367
2010-12-15,19.178995
2010-12-16,19.349129
2010-12-17,19.379492
2010-12-20,19.359688
2010-12-21,19.313484
2010-12-22,19.399288
2010-12-23,19.405891
2010-12-27,19.313484
2010-12-28,19.366291
2010-12-29,19.372894
2010-12-30,19.339882
2010-12-31,19.346487
2011-01-03,19.372894
2011-01-04,19.320086
2011-01-05,19.326687
2011-01-06,19.260677
2011-01-07,19.161671
2011-01-10,19.174866
2011-01-11,19.161671
2011-01-12,19.320086
2011-01-13,19.359688
2011-01-14,19.359688
2011-01-18,19.372894
2011-01-19,19.333277
2011-01-20,19.432301
2011-01-21,19.465303
2011-01-24,19.498302
2011-01-25,19.564310
2011-01-26,19.511507
2011-01-27,19.313484
2011-01-28,19.128662
2011-01-31,19.062658
2011-02-01,19.201271
2011-02-02,19.128662
2011-02-03,19.227680
2011-02-04,19.339882
2011-02-07,19.366291
2011-02-08,19.458693
2011-02-09,19.491701
2011-02-10,19.419100
2011-02-11,19.524710
2011-02-14,19.438894
2011-02-15,19.432301
2011-02-16,19.485102
2011-02-17,19.617115
2011-02-18,19.669916
2011-02-22,19.531303
2011-02-23,19.485102
2011-02-24,19.405891
2011-02-25,19.504904
2011-02-28,19.617115
2011-03-01,19.465303
2011-03-02,19.412493
2011-03-03,19.610512
2011-03-04,19.524710
2011-03-07,19.471899
2011-03-08,19.643509
2011-03-09,19.742523
2011-03-10,19.610512
2011-03-11,19.623713
2011-03-14,19.485102
2011-03-15,19.313484
2011-03-16,19.036257
2011-03-17,19.128662
2011-03-18,19.284000
2011-03-21,19.522980
2011-03-22,19.496424
2011-03-23,19.529615
2011-03-24,19.708847
2011-03-25,19.708847
2011-03-28,19.702208
2011-03-29,19.795143
2011-03-30,19.901354
2011-03-31,19.861525
2011-04-01,19.961102
2011-04-04,20.000931
2011-04-05,20.020840
2011-04-06,20.113781
2011-04-07,20.140324
2011-04-08,20.080584
2011-04-11,20.186796
2011-04-12,20.253180
2011-04-13,20.266457
2011-04-14,20.385942
2011-04-15,20.472237
2011-04-18,20.359404
2011-04-19,20.399216
2011-04-20,20.505436
2011-04-21,20.512074
2011-04-25,20.458963
2011-04-26,20.598372
2011-04-27,20.731134
2011-04-28,20.863892
2011-04-29,20.923645
2011-05-02,20.950199
2011-05-03,21.003298
2011-05-04,20.976755
2011-05-05,20.817425
2011-05-06,20.870535
2011-05-09,20.943556
2011-05-10,21.069681
2011-05-11,21.029850
2011-05-12,21.341848
2011-05-13,21.315296
2011-05-16,21.321932
2011-05-17,21.368399
2011-05-18,21.401596
2011-05-19,21.521072
2011-05-20,21.454697
2011-05-23,21.308661
2011-05-24,21.288738
2011-05-25,21.149338
2011-05-26,21.182533
2011-05-27,21.268824
2011-05-31,21.448059
2011-06-01,21.228992
2011-06-02,20.983385
2011-06-03,20.784235
2011-06-06,20.678020
2011-06-07,20.631559
2011-06-08,20.644836
2011-06-09,20.757687
2011-06-10,20.518711
2011-06-13,20.611645
2011-06-14,20.830704
2011-06-15,20.518711
2011-06-16,20.684664
2011-06-17,20.816357
2011-06-20,20.970104
2011-06-21,20.950047
2011-06-22,20.816357
2011-06-23,20.629177
2011-06-24,20.462063
2011-06-27,20.555647
2011-06-28,20.595753
2011-06-29,20.716074
2011-06-30,20.876520
2011-07-01,21.036951
2011-07-05,21.030260
2011-07-06,21.143908
2011-07-07,21.290966
2011-07-08,21.217438
2011-07-11,21.063688
2011-07-12,20.996843
2011-07-13,20.996843
2011-07-14,20.903255
2011-07-15,20.963417
2011-07-18,20.829718
2011-07-19,21.117167
2011-07-20,21.083740
2011-07-21,21.257542
2011-07-22,21.217438
2011-07-25,21.023581
2011-07-26,20.970104
2011-07-27,20.742825
2011-07-28,20.742825
2011-07-29,20.609129
2011-08-01,20.535595
2011-08-02,20.268200
2011-08-03,20.348419
2011-08-04,19.713364
2011-08-05,19.994129
2011-08-08,19.238749
2011-08-09,19.706680
2011-08-10,18.951303
2011-08-11,19.512821
2011-08-12,19.746790
2011-08-15,20.027548
2011-08-16,20.074343
2011-08-17,20.208046
2011-08-18,19.847065
2011-08-19,19.753473
2011-08-22,19.813643
2011-08-23,20.221409
2011-08-24,20.308311
2011-08-25,20.000805
2011-08-26,20.167933
2011-08-29,20.528906
2011-08-30,20.582386
2011-08-31,20.649239
2011-09-01,20.575708
2011-09-02,20.281574
2011-09-06,20.201347
2011-09-07,20.562332
2011-09-08,20.508856
2011-09-09,20.054287
2011-09-12,20.074343
2011-09-13,20.147873
2011-09-14,20.388527
2011-09-15,20.629177
2011-09-16,20.763161
2011-09-19,20.588112
2011-09-20,20.628500
2011-09-21,20.204355
2011-09-22,19.820599
2011-09-23,19.860996
2011-09-26,20.244759
2011-09-27,20.365936
2011-09-28,19.982185
2011-09-29,20.177427
2011-09-30,19.968718
2011-10-03,19.679218
2011-10-04,19.867731
2011-10-05,19.894657
2011-10-06,20.130297
2011-10-07,20.244759
2011-10-10,20.561186
2011-10-11,20.520781
2011-10-12,20.682364
2011-10-13,20.621778
2011-10-14,20.783354
2011-10-17,20.641970
2011-10-18,20.796822
2011-10-19,20.736231
2011-10-20,20.850676
2011-10-21,21.187305
2011-10-24,21.039192
2011-10-25,20.790091
2011-10-26,20.998798
2011-10-27,21.268095
2011-10-28,21.214235
2011-10-31,20.897808
2011-11-01,20.534252
2011-11-02,20.729492
2011-11-03,20.985332
2011-11-04,20.864143
2011-11-07,21.039192
2011-11-08,21.247902
2011-11-09,20.749695
2011-11-10,20.951672
2011-11-11,21.194036
2011-11-14,21.012257
2011-11-15,21.113251
2011-11-16,20.924740
2011-11-17,20.850676
2011-11-18,20.911272
2011-11-21,20.574648
2011-11-22,20.594847
2011-11-23,20.372667
2011-11-25,20.446733
2011-11-28,20.769894
2011-11-29,20.985332
2011-11-30,21.476810
2011-12-01,21.443144
2011-12-02,21.369085
2011-12-05,21.497005
2011-12-06,21.523937
2011-12-07,21.577801
2011-12-08,21.328686
2011-12-09,21.550867
2011-12-12,21.355623
2011-12-13,21.308495
2011-12-14,21.200771
2011-12-15,21.416203
2011-12-16,21.392439
2011-12-19,21.304123
2011-12-20,21.745699
2011-12-21,21.976671
2011-12-22,21.969877
2011-12-23,22.126127
2011-12-27,22.166882
2011-12-28,22.058191
2011-12-29,22.173683
2011-12-30,22.071777
2012-01-03,22.051388
2012-01-04,22.003839
2012-01-05,21.990261
2012-01-06,21.847589
2012-01-09,21.881563
2012-01-10,21.956289
2012-01-11,21.861177
2012-01-12,21.854387
2012-01-13,21.834009
2012-01-17,21.915531
2012-01-18,21.963087
2012-01-19,22.003839
2012-01-20,22.010639
2012-01-23,21.990261
2012-01-24,21.867971
2012-01-25,22.119333
2012-01-26,22.037813
2012-01-27,21.888365
2012-01-30,21.745699
2012-01-31,21.759281
2012-02-01,21.915531
2012-02-02,21.997057
2012-02-03,22.064981
2012-02-06,22.051388
2012-02-07,22.071777
2012-02-08,22.078571
2012-02-09,22.200853
2012-02-10,22.153307
2012-02-13,22.248404
2012-02-14,22.302752
2012-02-15,22.295961
2012-02-16,22.438622
2012-02-17,22.459007
2012-02-21,22.329929
2012-02-22,22.268780
2012-02-23,22.384281
2012-02-24,22.459007
2012-02-27,22.459007
2012-02-28,22.533733
2012-02-29,22.574488
2012-03-01,22.540524
2012-03-02,22.560904
2012-03-05,22.662807
2012-03-06,22.472591
2012-03-07,22.506559
2012-03-08,22.662807
2012-03-09,22.737528
2012-03-12,22.819057
2012-03-13,22.988888
2012-03-14,22.920950
2012-03-15,22.961718
2012-03-16,22.946686
2012-03-19,22.960350
2012-03-20,22.946686
2012-03-21,22.980833
2012-03-22,23.001324
2012-03-23,23.055958
2012-03-26,23.213039
2012-03-27,23.199375
2012-03-28,23.144741
2012-03-29,23.137907
2012-03-30,23.274508
2012-04-02,23.458891
2012-04-03,23.329134
2012-04-04,23.254013
2012-04-05,23.254013
2012-04-09,23.042295
2012-04-10,22.837418
2012-04-11,22.953512
2012-04-12,22.967176
2012-04-13,22.967176
2012-04-16,23.062782
2012-04-17,23.294987
2012-04-18,23.294987
2012-04-19,23.219864
2012-04-20,23.431572
2012-04-23,23.069618
2012-04-24,23.076447
2012-04-25,23.226698
2012-04-26,23.438406
2012-04-27,23.404255
2012-04-30,23.342800
2012-05-01,23.404255
2012-05-02,23.424744
2012-05-03,23.458891
2012-05-04,23.274508
2012-05-07,23.308653
2012-05-08,23.254013
2012-05-09,23.137907
2012-05-10,23.301815
2012-05-11,23.240345
2012-05-14,23.144741
2012-05-15,23.117428
2012-05-16,23.192545
2012-05-17,23.028645
2012-05-18,22.892057
2012-05-21,22.980833
2012-05-22,23.008158
2012-05-23,22.946686
2012-05-24,23.165226
2012-05-25,23.144741
2012-05-29,23.308653
2012-05-30,23.117428
2012-05-31,23.069618
2012-06-01,22.646198
2012-06-04,22.721319
2012-06-05,22.694002
2012-06-06,23.001324
2012-06-07,23.083277
2012-06-08,23.281322
2012-06-11,23.172060
2012-06-12,23.281322
2012-06-13,23.247179
2012-06-14,23.568157
2012-06-15,23.606665
2012-06-18,23.668562
2012-06-19,23.647930
2012-06-20,23.524151
2012-06-21,23.249092
2012-06-22,23.317862
2012-06-25,23.173458
2012-06-26,23.228466
2012-06-27,23.366001
2012-06-28,23.469145
2012-06-29,23.909229
2012-07-02,24.046753
2012-07-03,24.156780
2012-07-05,24.067387
2012-07-06,24.039885
2012-07-09,24.012371
2012-07-10,24.039885
2012-07-11,24.005503
2012-07-12,24.026131
2012-07-13,24.294306
2012-07-16,24.170536
2012-07-17,24.273684
2012-07-18,24.280561
2012-07-19,24.246166
2012-07-20,24.094896
2012-07-23,23.888601
2012-07-24,23.812962
2012-07-25,23.819843
2012-07-26,24.211786
2012-07-27,24.486849
2012-07-30,24.610630
2012-07-31,24.500597
2012-08-01,24.376827
2012-08-02,24.177408
2012-08-03,24.583115
2012-08-06,24.569365
2012-08-07,24.438713
2012-08-08,24.610630
2012-08-09,24.507477
2012-08-10,24.500597
2012-08-13,24.493727
2012-08-14,24.589987
2012-08-15,24.603743
2012-08-16,24.665636
2012-08-17,24.686264
2012-08-20,24.686264
2012-08-21,24.534986
2012-08-22,24.459335
2012-08-23,24.266808
2012-08-24,24.479973
2012-08-27,24.514359
2012-08-28,24.528107
2012-08-29,24.473095
2012-08-30,24.376827
2012-08-31,24.383698
2012-09-04,24.528107
2012-09-05,24.486849
2012-09-06,24.789408
2012-09-07,24.589987
2012-09-10,24.562490
2012-09-11,24.486849
2012-09-12,24.356201
2012-09-13,24.789408
2012-09-14,24.603743
2012-09-17,24.672514
2012-09-18,24.810036
2012-09-19,24.878803
2012-09-20,25.016336
2012-09-21,24.902069
2012-09-24,24.985168
2012-09-25,24.812042
2012-09-26,24.812042
2012-09-27,24.895140
2012-09-28,24.812042
2012-10-01,24.971313
2012-10-02,24.992090
2012-10-03,25.068260
2012-10-04,25.185997
2012-10-05,25.282946
2012-10-08,25.206766
2012-10-09,24.964386
2012-10-10,24.860519
2012-10-11,24.805119
2012-10-12,24.825888
2012-10-15,24.992090
2012-10-16,25.054417
2012-10-17,25.165209
2012-10-18,25.026720
2012-10-19,24.728939
2012-10-22,24.742790
2012-10-23,24.410391
2012-10-24,24.410391
2012-10-25,24.562740
2012-10-26,24.479639
2012-10-31,24.507343
2012-11-01,24.521198
2012-11-02,24.375774
2012-11-05,24.334225
2012-11-06,24.514280
2012-11-07,24.223433
2012-11-08,23.960279
2012-11-09,23.960279
2012-11-12,23.960279
2012-11-13,23.946426
2012-11-14,23.683285
2012-11-15,23.676352
2012-11-16,23.828707
2012-11-19,24.216497
2012-11-20,24.306526
2012-11-21,24.341152
2012-11-23,24.701246
2012-11-26,24.521198
2012-11-27,24.500427
2012-11-28,24.735874
2012-11-29,24.867449
2012-11-30,24.957464
2012-12-03,24.860519
2012-12-04,24.812042
2012-12-05,24.853592
2012-12-06,24.881300
2012-12-07,25.054417
2012-12-10,25.026720
2012-12-11,25.040564
2012-12-12,24.985168
2012-12-13,24.943619
2012-12-14,24.902069
2012-12-17,24.957464
2012-12-18,24.950541
2012-12-19,24.701246
2012-12-20,24.839750
2012-12-21,24.628271
2012-12-24,24.551245
2012-12-26,24.341162
2012-12-27,24.383179
2012-12-28,24.124073
2012-12-31,24.439201
2013-01-02,25.069437
2013-01-03,25.006401
2013-01-04,25.076443
2013-01-07,24.908365
2013-01-08,24.838337
2013-01-09,24.894367
2013-01-10,25.041420
2013-01-11,25.153460
2013-01-14,25.230484
2013-01-15,25.307526
2013-01-16,25.272505
2013-01-17,25.440580
2013-01-18,25.545618
2013-01-22,25.552618
2013-01-23,25.545618
2013-01-24,25.615639
2013-01-25,25.741678
2013-01-28,25.762699
2013-01-29,25.902752
2013-01-30,25.853733
2013-01-31,25.818714
2013-02-01,26.028795
2013-02-04,25.783697
2013-02-05,26.091820
2013-02-06,26.126827
2013-02-07,26.266872
2013-02-08,26.245878
2013-02-11,26.245878
2013-02-12,26.217854
2013-02-13,26.245878
2013-02-14,26.301901
2013-02-15,26.336906
2013-02-19,26.603006
2013-02-20,26.553991
2013-02-21,26.638027
2013-02-22,26.792080
2013-02-25,26.427944
2013-02-26,26.490965
2013-02-27,26.687048
2013-02-28,26.673031
2013-03-01,26.764076
2013-03-04,26.967142
2013-03-05,27.058178
2013-03-06,26.995159
2013-03-07,26.995159
2013-03-08,27.044176
2013-03-11,27.072191
2013-03-12,27.044176
2013-03-13,27.114204
2013-03-14,27.205227
2013-03-15,27.086300
2013-03-18,27.001856
2013-03-19,27.227051
2013-03-20,27.487427
2013-03-21,27.402983
2013-03-22,27.656317
2013-03-25,27.635212
2013-03-26,27.895590
2013-03-27,27.874475
2013-03-28,27.987074
2013-04-01,27.973001
2013-04-02,28.275616
2013-04-03,27.965961
2013-04-04,28.113754
2013-04-05,27.909662
2013-04-08,28.226349
2013-04-09,28.198195
2013-04-10,28.409307
2013-04-11,28.543016
2013-04-12,28.648579
2013-04-15,28.191154
2013-04-16,28.718941
2013-04-17,28.472637
2013-04-18,28.416340
2013-04-19,28.859684
2013-04-22,28.930063
2013-04-23,29.155247
2013-04-24,28.690796
2013-04-25,28.782278
2013-04-26,28.775249
2013-04-29,28.866728
2013-04-30,28.810425
2013-05-01,28.782278
2013-05-02,28.887831
2013-05-03,29.014498
2013-05-06,28.803398
2013-05-07,29.021542
2013-05-08,29.056730
2013-05-09,28.852650
2013-05-10,28.965242
2013-05-13,29.014498
2013-05-14,29.359337
2013-05-15,29.647861
2013-05-16,29.471945
2013-05-17,29.514154
2013-05-20,29.211548
2013-05-21,29.239704
2013-05-22,29.190437
2013-05-23,29.070810
2013-05-24,29.345259
2013-05-28,29.394520
2013-05-29,28.831545
2013-05-30,28.718941
2013-05-31,28.184118
2013-06-03,28.493763
2013-06-04,28.500788
2013-06-05,28.155966
2013-06-06,28.275616
2013-06-07,28.627451
2013-06-10,28.627451
2013-06-11,28.557096
2013-06-12,28.416340
2013-06-13,28.711908
2013-06-14,28.641537
2013-06-17,28.894884
2013-06-18,29.000435
2013-06-19,28.423391
2013-06-20,27.564833
2013-06-21,27.928923
2013-06-24,27.815586
2013-06-25,27.858097
2013-06-26,28.148491
2013-06-27,28.275980
2013-06-28,28.098909
2013-07-01,28.304329
2013-07-02,28.339737
2013-07-03,28.283073
2013-07-05,28.353899
2013-07-08,28.637222
2013-07-09,28.849722
2013-07-10,28.885139
2013-07-11,29.338465
2013-07-12,29.345537
2013-07-15,29.388052
2013-07-16,29.281799
2013-07-17,29.338465
2013-07-18,29.437630
2013-07-19,29.607622
2013-07-22,29.543869
2013-07-23,29.487213
2013-07-24,29.295971
2013-07-25,29.451790
2013-07-26,29.416370
2013-07-29,29.352625
2013-07-30,29.324305
2013-07-31,29.317209
2013-08-01,29.558043
2013-08-02,29.572216
2013-08-05,29.593460
2013-08-06,29.558043
2013-08-07,29.416370
2013-08-08,29.572216
2013-08-09,29.444715
2013-08-12,29.359718
2013-08-13,29.380960
2013-08-14,29.175550
2013-08-15,28.708065
2013-08-16,28.538082
2013-08-19,28.410580
2013-08-20,28.417641
2013-08-21,28.198069
2013-08-22,28.318485
2013-08-23,28.481400
2013-08-26,28.148491
2013-08-27,27.999748
2013-08-28,27.787251
2013-08-29,27.900574
2013-08-30,27.985586
2013-09-03,27.964323
2013-09-04,28.141401
2013-09-05,28.098909
2013-09-06,28.169743
2013-09-09,28.368074
2013-09-10,28.396410
2013-09-11,28.601812
2013-09-12,28.608904
2013-09-13,28.842636
2013-09-16,29.104723
2013-09-17,29.203873
2013-09-18,29.550961
2013-09-19,29.416370
2013-09-20,29.210382
2013-09-23,29.082083
2013-09-24,28.946640
2013-09-25,28.704300
2013-09-26,28.853977
2013-09-27,28.675774
2013-09-30,28.369265
2013-10-01,28.540354
2013-10-02,28.476212
2013-10-03,28.333643
2013-10-04,28.376404
2013-10-07,28.283737
2013-10-08,28.283737
2013-10-09,28.305126
2013-10-10,28.832598
2013-10-11,28.918137
2013-10-14,29.039309
2013-10-15,28.775574
2013-10-16,29.203257
2013-10-17,29.531132
2013-10-18,29.573914
2013-10-21,29.509762
2013-10-22,29.880407
2013-10-23,29.937428
2013-10-24,29.880407
2013-10-25,29.951677
2013-10-28,30.343725
2013-10-29,30.607456
2013-10-30,30.343725
2013-10-31,30.186914
2013-11-01,30.300966
2013-11-04,30.329473
2013-11-05,30.386488
2013-11-06,30.714367
2013-11-07,30.265327
2013-11-08,30.415010
2013-11-11,30.322350
2013-11-12,30.372240
2013-11-13,30.628843
2013-11-14,30.849819
2013-11-15,30.885435
2013-11-18,30.792786
2013-11-19,30.678734
2013-11-20,30.550440
2013-11-21,30.607456
2013-11-22,30.764278
2013-11-25,30.714367
2013-11-26,30.685865
2013-11-27,30.707258
2013-11-29,30.657349
2013-12-02,30.493402
2013-12-03,30.643095
2013-12-04,30.571821
2013-12-05,30.293835
2013-12-06,30.707258
2013-12-09,30.814161
2013-12-10,30.550440
2013-12-11,30.600323
2013-12-12,30.179775
2013-12-13,30.129887
2013-12-16,30.122770
2013-12-17,29.980207
2013-12-18,30.479160
2013-12-19,30.422142
2013-12-20,30.560024
2013-12-23,30.531301
2013-12-24,30.574398
2013-12-26,30.696495
2013-12-27,30.768309
2013-12-30,30.847315
2013-12-31,30.868860
2014-01-02,30.488220
2014-01-03,30.430761
2014-01-06,30.315836
2014-01-07,30.481026
2014-01-08,30.251196
2014-01-09,30.409203
2014-01-10,30.452293
2014-01-13,30.279936
2014-01-14,30.437941
2014-01-15,30.445116
2014-01-16,30.452293
2014-01-17,30.215292
2014-01-21,30.330208
2014-01-22,30.330208
2014-01-23,30.064451
2014-01-24,29.791542
2014-01-27,29.669445
2014-01-28,29.899271
2014-01-29,29.374983
2014-01-30,29.418064
2014-01-31,29.274429
2014-02-03,28.642395
2014-02-04,28.793228
2014-02-05,28.814764
2014-02-06,29.123594
2014-02-07,29.396528
2014-02-10,29.511435
2014-02-11,29.856184
2014-02-12,29.726898
2014-02-13,29.877731
2014-02-14,30.050102
2014-02-18,29.877731
2014-02-19,29.813091
2014-02-20,29.942366
2014-02-21,29.877731
2014-02-24,29.985472
2014-02-25,30.100376
2014-02-26,30.071640
2014-02-27,30.208115
2014-02-28,30.416386
2014-03-03,30.251196
2014-03-04,30.660582
2014-03-05,30.560024
2014-03-06,30.552851
2014-03-07,30.639034
2014-03-10,30.667767
2014-03-11,30.653412
2014-03-12,30.718039
2014-03-13,30.567219
2014-03-14,30.581573
2014-03-17,30.761126
2014-03-18,30.825773
2014-03-19,30.588751
2014-03-20,30.696495
2014-03-21,30.679171
2014-03-24,30.650290
2014-03-25,30.874067
2014-03-26,30.801891
2014-03-27,30.780220
2014-03-28,30.859634
2014-03-31,31.083414
2014-04-01,31.032879
2014-04-02,31.068964
2014-04-03,31.105055
2014-04-04,31.004000
2014-04-07,31.032879
2014-04-08,31.191700
2014-04-09,31.328844
2014-04-10,31.018446
2014-04-11,30.859634
2014-04-14,31.105055
2014-04-15,31.184464
2014-04-16,31.487658
2014-04-17,31.494877
2014-04-21,31.509308
2014-04-22,31.494877
2014-04-23,31.444349
2014-04-24,31.567047
2014-04-25,31.610374
2014-04-28,31.971294
2014-04-29,31.834145
2014-04-30,31.935221
2014-05-01,31.906326
2014-05-02,31.906326
2014-05-05,31.834145
2014-05-06,31.632025
2014-05-07,31.935221
2014-05-08,31.978523
2014-05-09,32.130096
2014-05-12,32.158989
2014-05-13,32.223942
2014-05-14,32.050701
2014-05-15,31.769178
2014-05-16,31.964087
2014-05-19,31.899113
2014-05-20,31.783615
2014-05-21,31.964087
2014-05-22,31.913561
2014-05-23,31.964087
2014-05-27,32.050701
2014-05-28,32.007389
2014-05-29,32.260052
2014-05-30,32.512691
2014-06-02,32.433292
2014-06-03,32.317795
2014-06-04,32.433292
2014-06-05,32.563225
2014-06-06,32.649845
2014-06-09,32.599312
2014-06-10,32.599312
2014-06-11,32.512691
2014-06-12,32.281704
2014-06-13,32.274479
2014-06-16,32.397202
2014-06-17,32.397202
2014-06-18,32.779789
2014-06-19,32.967476
2014-06-20,32.866444
2014-06-23,32.684738
2014-06-24,32.568459
2014-06-25,32.517567
2014-06-26,32.401287
2014-06-27,32.459435
2014-06-30,32.430351
2014-07-01,32.503040
2014-07-02,32.590260
2014-07-03,32.771957
2014-07-07,32.822826
2014-07-08,32.757423
2014-07-09,32.902771
2014-07-10,32.851906
2014-07-11,32.895515
2014-07-14,33.011818
2014-07-15,32.721085
2014-07-16,32.728359
2014-07-17,32.524849
2014-07-18,32.851906
2014-07-21,32.699276
2014-07-22,32.641136
2014-07-23,32.597519
2014-07-24,32.684738
2014-07-25,32.553917
2014-07-28,32.386745
2014-07-29,32.241394
2014-07-30,31.899780
2014-07-31,31.354670
2014-08-01,31.594519
2014-08-04,31.696276
2014-08-05,31.558178
2014-08-06,31.827106
2014-08-07,31.565453
2014-08-08,31.885246
2014-08-11,32.110561
2014-08-12,32.088757
2014-08-13,32.183243
2014-08-14,32.314068
2014-08-15,32.357666
2014-08-18,32.546654
2014-08-19,32.633873
2014-08-20,32.612057
2014-08-21,32.670208
2014-08-22,32.590260
2014-08-25,32.771957
2014-08-26,32.750156
2014-08-27,32.764690
2014-08-28,32.779236
2014-08-29,32.801033
2014-09-02,32.815575
2014-09-03,32.837372
2014-09-04,32.939125
2014-09-05,33.128109
2014-09-08,32.880981
2014-09-09,32.801033
2014-09-10,32.960930
2014-09-11,32.975464
2014-09-12,32.742878
2014-09-15,32.902771
2014-09-16,33.149902
2014-09-17,33.077225
2014-09-18,33.142632
2014-09-19,33.228207
2014-09-22,33.169689
2014-09-23,32.877132
2014-09-24,33.301353
2014-09-25,32.862492
2014-09-26,32.986839
2014-09-29,32.979519
2014-09-30,32.994152
2014-10-01,32.789356
2014-10-02,32.847878
2014-10-03,33.235516
2014-10-06,33.250156
2014-10-07,33.052662
2014-10-08,33.535412
2014-10-09,33.198944
2014-10-10,33.359867
2014-10-13,32.899078
2014-10-14,32.884438
2014-10-15,32.489468
2014-10-16,32.248116
2014-10-17,32.643066
2014-10-20,33.111183
2014-10-21,33.250156
2014-10-22,33.323292
2014-10-23,33.301353
2014-10-24,33.579277
2014-10-27,33.659729
2014-10-28,33.791405
2014-10-29,33.732883
2014-10-30,33.945004
2014-10-31,34.164421
2014-11-03,34.296082
2014-11-04,34.478928
2014-11-05,34.720299
2014-11-06,34.793438
2014-11-07,34.917770
2014-11-10,35.071377
2014-11-11,35.005539
2014-11-12,35.005539
2014-11-13,35.129894
2014-11-14,34.932396
2014-11-17,35.166466
2014-11-18,35.298100
2014-11-19,35.444397
2014-11-20,35.290791
2014-11-21,35.437092
2014-11-24,35.415134
2014-11-25,35.444397
2014-11-26,35.605301
2014-11-28,36.058777
2014-12-01,35.824730
2014-12-02,35.949066
2014-12-03,35.693077
2014-12-04,35.663822
2014-12-05,35.729649
2014-12-08,35.656506
2014-12-09,35.539482
2014-12-10,35.203033
2014-12-11,35.495594
2014-12-12,35.042110
2014-12-15,34.808079
2014-12-16,34.676411
2014-12-17,35.181072
2014-12-18,35.853992
2014-12-19,35.817146
2014-12-22,36.163406
2014-12-23,36.413864
2014-12-24,36.377029
2014-12-26,36.435959
2014-12-29,36.325462
2014-12-30,36.163406
2014-12-31,35.721394
2015-01-02,35.618252
2015-01-05,35.367798
2015-01-06,35.323586
2015-01-07,35.927658
2015-01-08,36.472786
2015-01-09,36.178127
2015-01-12,36.067623
2015-01-13,36.060249
2015-01-14,35.949757
2015-01-15,36.008690
2015-01-16,36.295994
2015-01-20,36.443333
2015-01-21,36.620140
2015-01-22,36.988461
2015-01-23,36.575943
2015-01-26,36.575943
2015-01-27,36.156021
2015-01-28,35.736122
2015-01-29,36.023430
2015-01-30,35.375141
2015-02-02,35.795052
2015-02-03,36.111824
2015-02-04,36.126553
2015-02-05,36.310726
2015-02-06,36.148663
2015-02-09,35.876095
2015-02-10,36.295994
2015-02-11,36.465435
2015-02-12,36.634861
2015-02-13,36.465435
2015-02-17,36.472786
2015-02-18,36.671711
2015-02-19,36.435959
2015-02-20,36.539097
2015-02-23,36.642231
2015-02-24,36.767471
2015-02-25,36.642231
2015-02-26,36.693802
2015-02-27,36.841141
2015-03-02,36.907433
2015-03-03,36.767471
2015-03-04,36.509632
2015-03-05,36.634861
2015-03-06,35.920284
2015-03-09,36.119179
2015-03-10,35.603527
2015-03-11,35.330952
2015-03-12,35.846619
2015-03-13,35.566669
2015-03-16,36.001320
2015-03-17,35.743492
2015-03-18,35.986588
2015-03-19,35.824509
2015-03-20,36.273678
2015-03-23,36.332973
2015-03-24,36.125439
2015-03-25,36.036503
2015-03-26,35.880848
2015-03-27,36.103207
2015-03-30,36.466393
2015-03-31,36.125439
2015-04-01,36.169914
2015-04-02,36.414505
2015-04-06,36.703568
2015-04-07,36.533085
2015-04-08,36.592392
2015-04-09,36.696156
2015-04-10,36.762856
2015-04-13,36.592392
2015-04-14,36.673916
2015-04-15,36.570145
2015-04-16,36.703568
2015-04-17,36.362633
2015-04-20,36.488625
2015-04-21,36.555332
2015-04-22,36.577572
2015-04-23,36.451561
2015-04-24,36.458965
2015-04-27,36.258858
2015-04-28,36.295918
2015-04-29,35.969791
2015-04-30,35.851223
2015-05-01,36.177311
2015-05-04,36.229221
2015-05-05,35.940151
2015-05-06,36.051323
2015-05-07,36.140263
2015-05-08,36.444160
2015-05-11,36.295918
2015-05-12,36.214375
2015-05-13,36.199558
2015-05-14,36.755459
2015-05-15,36.874050
2015-05-18,36.755459
2015-05-19,36.659100
2015-05-20,36.577572
2015-05-21,36.659100
2015-05-22,36.503445
2015-05-26,36.214375
2015-05-27,36.444160
2015-05-28,36.392265
2015-05-29,36.162506
2015-06-01,36.162506
2015-06-02,36.066151
2015-06-03,36.043915
2015-06-04,35.784492
2015-06-05,35.273064
2015-06-08,35.258244
2015-06-09,35.428715
2015-06-10,35.777077
2015-06-11,35.762241
2015-06-12,35.621433
2015-06-15,35.362030
2015-06-16,35.747437
2015-06-17,35.940151
2015-06-18,36.340389
2015-06-19,36.289677
2015-06-22,36.431362
2015-06-23,36.274761
2015-06-24,36.110680
2015-06-25,36.043568
2015-06-26,36.118141
2015-06-29,35.558815
2015-06-30,35.499142
2015-07-01,35.954071
2015-07-02,35.924232
2015-07-06,35.894402
2015-07-07,36.632729
2015-07-08,36.222553
2015-07-09,36.252388
2015-07-10,36.677475
2015-07-13,37.020531
2015-07-14,37.080212
2015-07-15,36.983253
2015-07-16,37.363609
2015-07-17,37.341225
2015-07-20,37.408337
2015-07-21,37.318848
2015-07-22,37.400887
2015-07-23,37.259197
2015-07-24,37.050377
2015-07-27,37.028004
2015-07-28,37.445633
2015-07-29,37.572422
2015-07-30,37.445633
2015-07-31,37.520203
2015-08-03,37.572422
2015-08-04,37.572422
2015-08-05,37.900562
2015-08-06,37.617153
2015-08-07,37.408337
2015-08-10,37.550041
2015-08-11,37.415802
2015-08-12,37.438175
2015-08-13,37.289028
2015-08-14,37.408337
2015-08-17,37.445633
2015-08-18,37.259197
2015-08-19,36.916130
2015-08-20,36.580540
2015-08-21,35.581188
2015-08-24,34.343197
2015-08-25,34.082161
2015-08-26,35.088966
2015-08-27,35.603554
2015-08-28,35.528973
2015-08-31,35.282867
2015-09-01,34.559460
2015-09-02,35.029312
2015-09-03,35.267948
2015-09-04,34.693699
2015-09-08,35.417110
2015-09-09,34.835403
2015-09-10,34.895065
2015-09-11,35.126255
2015-09-14,35.014381
2015-09-15,35.432037
2015-09-16,35.834740
2015-09-17,35.834740
2015-09-18,35.420414
2015-09-21,35.683128
2015-09-22,35.292820
2015-09-23,35.352867
2015-09-24,35.412907
2015-09-25,35.638084
2015-09-28,35.112667
2015-09-29,35.097660
2015-09-30,35.420414
2015-10-01,35.420414
2015-10-02,35.908310
2015-10-05,36.523800
2015-10-06,36.276096
2015-10-07,36.606361
2015-10-08,37.041698
2015-10-09,37.124264
2015-10-12,37.221848
2015-10-13,36.996658
2015-10-14,36.568832
2015-10-15,36.899086
2015-10-16,37.251869
2015-10-19,37.416992
2015-10-20,37.394482
2015-10-21,37.401985
2015-10-22,38.145065
2015-10-23,38.085022
2015-10-26,38.009953
2015-10-27,38.062500
2015-10-28,37.844833
2015-10-29,37.859837
2015-10-30,37.439514
2015-11-02,37.664692
2015-11-03,37.484547
2015-11-04,37.326920
2015-11-05,37.319424
2015-11-06,36.914101
2015-11-09,36.666409
2015-11-10,36.763981
2015-11-11,36.711433
2015-11-12,36.216042
2015-11-13,35.900795
2015-11-16,36.516281
2015-11-17,36.501270
2015-11-18,37.004181
2015-11-19,37.101746
2015-11-20,36.839046
2015-11-23,37.161789
2015-11-24,37.259365
2015-11-25,37.356945
2015-11-27,37.499569
2015-11-30,37.094246
2015-12-01,37.409489
2015-12-02,37.221848
2015-12-03,37.026699
2015-12-04,37.859837
2015-12-07,37.964935
2015-12-08,37.867348
2015-12-09,37.507065
2015-12-10,37.552105
2015-12-11,37.139267
2015-12-14,37.507065
2015-12-15,37.747253
2015-12-16,38.475323
2015-12-17,37.979939
2015-12-18,37.306992
2015-12-21,37.730419
2015-12-22,38.221889
2015-12-23,38.501652
2015-12-24,38.463848
2015-12-28,38.410915
2015-12-29,38.743626
2015-12-30,38.607533
2015-12-31,38.176521
2016-01-04,37.692608
2016-01-05,37.934570
2016-01-06,37.806034
2016-01-07,37.352360
2016-01-08,37.065029
2016-01-11,37.412849
2016-01-12,37.617008
2016-01-13,36.928928
2016-01-14,37.102840
2016-01-15,36.520618
2016-01-19,36.959175
2016-01-20,36.497944
2016-01-21,36.641609
2016-01-22,37.269196
2016-01-25,36.936489
2016-01-26,37.276749
2016-01-27,37.238937
2016-01-28,37.617008
2016-01-29,38.380692
2016-02-01,38.509224
2016-02-02,38.017750
2016-02-03,37.934570
2016-02-04,37.586765
2016-02-05,37.526279
2016-02-08,37.427967
2016-02-09,37.677490
2016-02-10,37.632122
2016-02-11,37.329681
2016-02-12,37.858959
2016-02-16,38.161404
2016-02-17,38.554581
2016-02-18,38.380692
2016-02-19,38.441177
2016-02-22,38.630199
2016-02-23,38.622646
2016-02-24,38.743626
2016-02-25,39.182171
2016-02-26,38.630199
2016-02-29,38.501652
2016-03-01,38.872162
2016-03-02,38.985588
2016-03-03,39.182171
2016-03-04,39.348518
2016-03-07,39.106548
2016-03-08,39.219978
2016-03-09,39.514870
2016-03-10,39.529976
2016-03-11,39.658539
2016-03-14,39.635838
2016-03-15,39.734123
2016-03-16,39.824875
2016-03-17,40.066833
2016-03-18,40.014408
2016-03-21,40.037186
2016-03-22,39.801594
2016-03-23,39.809189
2016-03-24,39.763592
2016-03-28,39.976387
2016-03-29,40.272797
2016-03-30,40.538799
2016-03-31,40.326004
2016-04-01,40.751595
2016-04-04,40.766804
2016-04-05,40.493198
2016-04-06,40.812393
2016-04-07,40.371597
2016-04-08,40.591991
2016-04-11,40.303188
2016-04-12,40.554001
2016-04-13,40.242393
2016-04-14,40.059994
2016-04-15,40.310802
2016-04-18,40.538799
2016-04-19,40.516003
2016-04-20,40.059994
2016-04-21,39.345585
2016-04-22,39.489990
2016-04-25,39.763592
2016-04-26,39.603985
2016-04-27,39.793991
2016-04-28,39.831993
2016-04-29,39.748383
2016-05-02,40.204384
2016-05-03,40.128387
2016-05-04,40.250008
2016-05-05,40.257591
2016-05-06,40.462799
2016-05-09,40.683193
2016-05-10,41.086010
2016-05-11,40.759209
2016-05-12,40.979599
2016-05-13,40.462799
2016-05-16,40.721207
2016-05-17,39.923180
2016-05-18,39.459595
2016-05-19,39.847187
2016-05-20,39.641991
2016-05-23,39.679981
2016-05-24,40.014408
2016-05-25,40.075191
2016-05-26,40.234798
2016-05-27,40.280384
2016-05-31,40.021999
2016-06-01,40.432392
2016-06-02,40.447590
2016-06-03,40.706001
2016-06-06,40.751595
2016-06-07,40.706001
2016-06-08,40.949188
2016-06-09,41.108807
2016-06-10,41.139194
2016-06-13,40.797192
2016-06-14,40.956810
2016-06-15,40.835197
2016-06-16,41.048004
2016-06-17,40.882103
2016-06-20,41.012062
2016-06-21,41.119102
2016-06-22,41.142044
2016-06-23,41.394356
2016-06-24,40.599197
2016-06-27,40.515099
2016-06-28,40.767391
2016-06-29,41.241432
2016-06-30,42.166576
2016-07-01,41.967793
2016-07-05,42.204819
2016-07-06,42.243038
2016-07-07,42.158924
2016-07-08,42.579464
2016-07-11,42.587105
2016-07-12,42.357727
2016-07-13,42.594749
2016-07-14,42.587105
2016-07-15,42.587105
2016-07-18,42.541222
2016-07-19,42.510635
2016-07-20,42.357727
2016-07-21,42.235397
2016-07-22,42.434189
2016-07-25,42.388313
2016-07-26,42.059540
2016-07-27,41.432575
2016-07-28,41.616093
2016-07-29,41.822514
2016-08-01,41.868393
2016-08-02,41.807240
2016-08-03,41.577869
2016-08-04,41.669617
2016-08-05,41.738411
2016-08-08,41.692543
2016-08-09,41.822514
2016-08-10,41.975433
2016-08-11,41.975433
2016-08-12,42.120705
2016-08-15,42.013660
2016-08-16,41.830173
2016-08-17,41.944855
2016-08-18,42.090126
2016-08-19,41.990726
2016-08-22,42.051895
2016-08-23,41.967793
2016-08-24,41.898979
2016-08-25,41.738411
2016-08-26,41.524334
2016-08-29,41.768997
2016-08-30,41.524334
2016-08-31,41.577869
2016-09-01,41.593151
2016-09-02,41.914261
2016-09-06,42.006023
2016-09-07,41.639023
2016-09-08,41.409653
2016-09-09,40.285721
2016-09-12,41.042645
2016-09-13,40.538029
2016-09-14,40.415707
2016-09-15,40.744461
2016-09-16,40.612148
2016-09-19,40.527515
2016-09-20,40.635231
2016-09-21,40.858315
2016-09-22,41.219898
2016-09-23,41.035271
2016-09-26,40.689079
2016-09-27,40.858315
2016-09-28,40.927563
2016-09-29,40.527515
2016-09-30,40.935253
2016-10-03,40.673695
2016-10-04,40.327484
2016-10-05,40.289032
2016-10-06,40.365967
2016-10-07,40.258259
2016-10-10,40.258259
2016-10-11,40.050545
2016-10-12,40.273647
2016-10-13,40.281334
2016-10-14,40.289032
2016-10-17,40.096703
2016-10-18,40.219788
2016-10-19,39.988998
2016-10-20,39.965912
2016-10-21,40.181328
2016-10-24,40.442894
2016-10-25,40.589062
2016-10-26,40.535213
2016-10-27,40.350582
2016-10-28,40.519817
2016-10-31,40.619846
2016-11-01,40.442894
2016-11-02,40.342876
2016-11-03,40.065933
2016-11-04,39.704350
2016-11-07,40.373657
2016-11-08,40.542908
2016-11-09,39.988998
2016-11-10,38.919647
2016-11-11,38.881191
2016-11-14,38.811947
2016-11-15,39.050434
2016-11-16,39.058128
2016-11-17,38.988895
2016-11-18,38.850414
2016-11-21,39.111984
2016-11-22,39.311989
2016-11-23,39.096588
2016-11-25,39.404324
2016-11-28,39.488941
2016-11-29,39.542797
2016-11-30,38.911953
2016-12-01,38.658077
2016-12-02,38.904259
2016-12-05,38.950420
2016-12-06,39.065807
2016-12-07,39.627411
2016-12-08,39.465870
2016-12-09,40.035160
2016-12-12,40.196712
2016-12-13,40.381351
2016-12-14,39.942837
2016-12-15,40.112095
2016-12-16,40.341511
2016-12-19,40.418995
2016-12-20,40.341511
2016-12-21,40.333748
2016-12-22,40.271751
2016-12-23,40.349262
2016-12-27,40.341511
2016-12-28,40.093475
2016-12-29,40.279495
2016-12-30,40.077988
2017-01-03,40.225250
2017-01-04,40.225250
2017-01-05,40.357014
2017-01-06,40.395760
2017-01-09,40.070240
2017-01-10,39.868713
2017-01-11,39.946224
2017-01-12,39.907475
2017-01-13,39.930733
2017-01-17,40.496513
2017-01-18,40.636013
2017-01-19,40.488766
2017-01-20,40.752281
2017-01-23,40.736790
2017-01-24,41.008045
2017-01-25,41.000286
2017-01-26,40.822041
2017-01-27,40.597279
2017-01-30,40.566265
2017-01-31,40.760029
2017-02-01,40.442265
2017-02-02,40.814274
2017-02-03,41.077801
2017-02-06,40.853027
2017-02-07,41.186310
2017-02-08,41.356823
2017-02-09,41.527332
2017-02-10,41.558327
2017-02-13,41.558327
2017-02-14,41.566090
2017-02-15,41.945858
2017-02-16,42.000111
2017-02-17,42.209373
2017-02-21,42.589157
2017-02-22,42.596916
2017-02-23,42.697666
2017-02-24,42.844917
2017-02-27,42.651165
2017-02-28,42.705402
2017-03-01,42.906925
2017-03-02,42.899170
2017-03-03,42.736420
2017-03-06,42.550411
2017-03-07,42.496151
2017-03-08,42.403149
2017-03-09,42.472897
2017-03-10,42.666664
2017-03-13,42.697666
2017-03-14,42.573654
2017-03-15,42.891422
2017-03-16,42.953438
2017-03-17,42.836571
2017-03-20,42.922268
2017-03-21,42.883312
2017-03-22,42.797611
2017-03-23,42.704113
2017-03-24,42.618404
2017-03-27,42.579445
2017-03-28,42.657372
2017-03-29,42.735279
2017-03-30,42.649567
2017-03-31,42.524910
2017-04-03,42.454792
2017-04-04,42.579445
2017-04-05,42.501541
2017-04-06,42.501541
2017-04-07,42.618404
2017-04-10,42.743069
2017-04-11,42.758652
2017-04-12,42.922268
2017-04-13,42.727478
2017-04-17,43.031342
2017-04-18,43.226120
2017-04-19,43.062511
2017-04-20,42.976803
2017-04-21,42.852150
2017-04-24,43.241718
2017-04-25,43.413139
2017-04-26,43.062511
2017-04-27,43.007969
2017-04-28,42.992390
2017-05-01,42.828766
2017-05-02,42.540493
2017-05-03,42.579445
2017-05-04,42.906673
2017-05-05,43.023563
2017-05-08,43.007969
2017-05-09,42.852150
2017-05-10,42.883312
2017-05-11,42.945637
2017-05-12,42.820980
2017-05-15,42.961220
2017-05-16,42.922268
2017-05-17,42.859936
2017-05-18,42.891102
2017-05-19,43.124840
2017-05-22,43.366367
2017-05-23,43.413139
2017-05-24,43.584511
2017-05-25,43.857212
2017-05-26,44.020836
2017-05-30,44.005257
2017-05-31,44.129906
2017-06-01,44.488312
2017-06-02,44.620766
2017-06-05,44.667515
2017-06-06,44.558445
2017-06-07,44.542854
2017-06-08,44.207829
2017-06-09,44.153294
2017-06-12,44.145500
2017-06-13,44.215614
2017-06-14,44.496109
2017-06-15,44.394817
2017-06-16,43.928444
2017-06-19,44.140446
2017-06-20,43.967712
2017-06-21,43.842079
2017-06-22,43.551579
2017-06-23,43.567284
2017-06-26,43.740017
2017-06-27,43.363148
2017-06-28,43.520180
2017-06-29,43.056942
2017-06-30,43.135464
2017-07-03,43.096188
2017-07-05,43.064804
2017-07-06,42.821404
2017-07-07,42.797844
2017-07-10,42.499496
2017-07-11,42.381725
2017-07-12,42.617279
2017-07-13,42.625114
2017-07-14,42.962734
2017-07-17,43.009834
2017-07-18,43.009834
2017-07-19,43.166870
2017-07-20,43.174725
2017-07-21,43.245373
2017-07-24,43.104057
2017-07-25,43.402409
2017-07-26,43.394558
2017-07-27,43.818531
2017-07-28,43.449512
2017-07-31,43.433819
2017-08-01,43.386703
2017-08-02,43.355309
2017-08-03,43.316029
2017-08-04,43.198277
2017-08-07,43.520180
2017-08-08,43.355309
2017-08-09,43.425972
2017-08-10,43.245373
2017-08-11,43.276783
2017-08-14,43.488766
2017-08-15,43.708611
2017-08-16,43.857788
2017-08-17,43.457363
2017-08-18,43.339596
2017-08-21,43.496624
2017-08-22,43.504486
2017-08-23,43.378860
2017-08-24,42.782146
2017-08-25,42.923477
2017-08-28,42.797844
2017-08-29,42.947025
2017-08-30,42.939182
2017-08-31,42.954880
2017-09-01,43.159012
2017-09-05,43.221828
2017-09-06,43.402409
2017-09-07,43.465210
2017-09-08,43.253235
2017-09-11,43.520180
2017-09-12,43.614391
2017-09-13,43.637947
2017-09-14,43.551579
2017-09-15,43.627434
2017-09-18,43.690624
2017-09-19,43.556320
2017-09-20,43.137596
2017-09-21,42.726753
2017-09-22,42.600342
2017-09-25,42.908470
2017-09-26,43.011181
2017-09-27,42.679356
2017-09-28,42.679356
2017-09-29,42.647747
2017-10-02,42.568745
2017-10-03,42.616135
2017-10-04,42.750454
2017-10-05,42.940067
2017-10-06,42.513439
2017-10-09,42.394943
2017-10-10,42.766254
2017-10-11,42.853165
2017-10-12,43.034874
2017-10-13,43.113892
2017-10-16,43.129688
2017-10-17,42.971668
2017-10-18,42.916378
2017-10-19,42.687256
2017-10-20,42.584545
2017-10-23,42.552937
2017-10-24,42.402824
2017-10-25,42.284317
2017-10-26,42.315918
2017-10-27,41.952496
2017-10-30,41.596954
2017-10-31,41.944592
2017-11-01,42.078903
2017-11-02,41.976192
2017-11-03,41.984089
2017-11-06,41.533752
2017-11-07,41.999893
2017-11-08,42.458138
2017-11-09,42.450233
2017-11-10,42.884777
2017-11-13,43.129688
2017-11-14,43.279800
2017-11-15,42.821560
2017-11-16,43.414116
2017-11-17,43.264000
2017-11-20,43.216602
2017-11-21,43.358810
2017-11-22,43.303505
2017-11-24,43.271889
2017-11-27,43.295597
2017-11-28,43.651138
2017-11-29,43.880241
2017-11-30,44.283176
2017-12-01,44.393799
2017-12-04,44.812523
2017-12-05,44.741432
2017-12-06,45.025852
2017-12-07,44.591301
2017-12-08,44.709816
2017-12-11,44.701916
2017-12-12,44.709816
2017-12-13,44.962635
2017-12-14,44.765129
2017-12-15,45.272934
2017-12-18,45.249054
2017-12-19,45.304768
2017-12-20,45.225174
2017-12-21,45.193340
2017-12-22,45.264965
2017-12-26,45.368431
2017-12-27,45.360477
2017-12-28,45.288849
2017-12-29,45.280891
2018-01-02,45.002319
2018-01-03,44.986382
2018-01-04,45.113743
2018-01-05,45.312729
2018-01-08,45.424164
2018-01-09,45.360477
2018-01-10,45.137623
2018-01-11,45.073959
2018-01-12,45.089870
2018-01-16,45.296810
2018-01-17,45.814171
2018-01-18,45.678856
2018-01-19,46.188267
2018-01-22,46.538471
2018-01-23,46.387253
2018-01-24,46.482754
2018-01-25,46.506630
2018-01-26,46.729507
2018-01-29,46.546425
2018-01-30,46.236019
2018-01-31,46.021107
2018-02-01,45.822132
2018-02-02,44.946602
2018-02-05,43.314915
2018-02-06,43.792496
2018-02-07,43.601456
2018-02-08,42.662262
2018-02-09,42.749817
2018-02-12,43.187576
2018-02-13,43.386555
2018-02-14,43.362675
2018-02-15,44.079037
2018-02-16,44.254131
2018-02-20,43.251251
2018-02-21,42.733891
2018-02-22,42.845325
2018-02-23,43.259197
2018-02-26,43.529827
2018-02-27,42.956741
2018-02-28,42.511024
2018-03-01,42.415508
2018-03-02,42.773685
2018-03-05,43.147770
2018-03-06,43.179604
2018-03-07,42.789600
2018-03-08,43.179604
2018-03-09,43.458191
2018-03-12,43.378593
2018-03-13,43.346752
2018-03-14,42.909004
2018-03-15,42.606529
2018-03-16,42.621750
2018-03-19,42.205544
2018-03-20,42.085480
2018-03-21,41.565216
2018-03-22,41.221035
2018-03-23,40.708778
2018-03-26,41.293072
2018-03-27,41.269062
2018-03-28,41.837353
2018-03-29,42.125500
2018-04-02,41.092976
2018-04-03,41.637257
2018-04-04,42.285576
2018-04-05,42.389633
2018-04-06,41.957401
2018-04-09,41.933395
2018-04-10,42.029438
2018-04-11,41.949409
2018-04-12,41.885376
2018-04-13,42.093475
2018-04-16,42.549713
2018-04-17,42.645763
2018-04-18,42.325596
2018-04-19,41.100983
2018-04-20,40.412617
2018-04-23,40.364601
2018-04-24,40.108479
2018-04-25,40.180496
2018-04-26,40.420620
2018-04-27,40.636734
2018-04-30,40.380615
2018-05-01,40.028427
2018-05-02,39.244019
2018-05-03,39.204006
2018-05-04,39.772278
2018-05-07,39.524162
2018-05-08,39.364098
2018-05-09,39.420113
2018-05-10,39.652233
2018-05-11,39.652233
2018-05-14,39.636234
2018-05-15,39.484150
2018-05-16,39.764282
2018-05-17,39.900360
2018-05-18,39.652233
2018-05-21,39.820312
2018-05-22,39.748291
2018-05-23,39.892361
2018-05-24,39.860336
2018-05-25,39.924370
2018-05-29,39.836319
2018-05-30,40.396618
2018-05-31,39.748291
2018-06-01,39.748291
2018-06-04,40.076454
2018-06-05,39.892361
2018-06-06,39.940384
2018-06-07,40.188499
2018-06-08,40.684761
2018-06-11,41.020943
2018-06-12,41.100983
2018-06-13,40.972908
2018-06-14,41.044945
2018-06-15,41.572475
2018-06-18,40.967514
2018-06-19,41.185299
2018-06-20,41.225628
2018-06-21,41.306278
2018-06-22,41.645061
2018-06-25,41.854782
2018-06-26,41.677319
2018-06-27,41.588604
2018-06-28,41.588604
2018-06-29,41.564400
2018-07-02,41.322426
2018-07-03,41.419212
2018-07-05,41.991905
2018-07-06,42.120949
2018-07-09,41.959641
2018-07-10,42.459736
2018-07-11,42.322609
2018-07-12,42.266148
2018-07-13,42.540390
2018-07-16,42.338737
2018-07-17,42.701706
2018-07-18,42.354866
2018-07-19,42.379074
2018-07-20,42.637184
2018-07-23,42.370998
2018-07-24,42.451668
2018-07-25,42.774300
2018-07-26,43.000160
2018-07-27,43.056618
2018-07-30,43.008224
2018-07-31,43.209877
2018-08-01,42.846909
2018-08-02,43.282467
2018-08-03,43.790638
2018-08-06,43.830952
2018-08-07,43.564777
2018-08-08,43.234074
2018-08-09,43.105007
2018-08-10,42.943695
2018-08-13,42.943695
2018-08-14,43.242134
2018-08-15,43.419605
2018-08-16,44.040680
2018-08-17,44.379448
2018-08-20,44.355255
2018-08-21,44.040680
2018-08-22,43.766426
2018-08-23,43.661583
2018-08-24,43.605118
2018-08-27,43.629307
2018-08-28,43.484127
2018-08-29,43.532513
2018-08-30,43.395397
2018-08-31,43.379250
2018-09-04,43.322807
2018-09-05,43.822895
2018-09-06,43.943893
2018-09-07,43.855164
2018-09-10,44.008419
2018-09-11,43.847092
2018-09-12,44.355255
2018-09-13,44.290730
2018-09-14,44.169735
2018-09-17,44.331059
2018-09-18,44.145531
2018-09-19,44.064880
2018-09-20,44.621437
2018-09-21,44.692921
2018-09-24,44.010582
2018-09-25,43.750645
2018-09-26,43.799377
2018-09-27,43.742523
2018-09-28,43.807510
2018-10-01,43.775017
2018-10-02,44.026833
2018-10-03,43.555695
2018-10-04,43.450100
2018-10-05,43.409477
2018-10-08,44.010582
2018-10-09,43.913113
2018-10-10,43.385117
2018-10-11,42.312866
2018-10-12,42.548443
2018-10-15,42.808376
2018-10-16,43.287628
2018-10-17,43.490719
2018-10-18,43.433853
2018-10-19,44.424873
2018-10-22,44.091812
2018-10-23,44.286774
2018-10-24,44.473587
2018-10-25,44.579197
2018-10-26,43.726284
2018-10-29,44.229900
2018-10-30,45.107189
2018-10-31,44.684795
2018-11-01,45.001595
2018-11-02,44.766022
2018-11-05,45.326523
2018-11-06,45.602707
2018-11-07,45.862640
2018-11-08,45.886997
2018-11-09,46.155071
2018-11-12,45.911362
2018-11-13,45.805767
2018-11-14,45.497097
2018-11-15,45.424000
2018-11-16,45.537708
2018-11-19,45.464607
2018-11-20,44.709164
2018-11-21,44.351757
2018-11-23,44.506088
2018-11-26,44.562943
2018-11-27,44.960976
2018-11-28,45.334644
2018-11-29,45.407742
2018-11-30,45.700176
2018-12-03,45.740799
2018-12-04,44.969093
2018-12-06,45.017857
2018-12-07,44.449230
2018-12-10,44.449230
2018-12-11,44.814766
2018-12-12,44.757904
2018-12-13,45.034084
2018-12-14,44.270523
2018-12-17,43.247009
2018-12-18,42.735268
2018-12-19,42.320988
2018-12-20,41.565552
2018-12-21,41.134373
2018-12-24,39.945755
2018-12-26,41.060596
2018-12-27,41.454079
2018-12-28,41.454079
2018-12-31,41.626202
2019-01-02,41.380299
2019-01-03,41.142563
2019-01-04,42.019680
2019-01-07,41.962303
2019-01-08,42.347584
2019-01-09,41.954105
2019-01-10,42.200024
2019-01-11,42.322994
2019-01-14,42.118065
2019-01-15,42.536121
2019-01-16,42.306591
2019-01-17,42.486942
2019-01-18,42.995174
2019-01-22,42.601696
2019-01-23,43.109932
2019-01-24,42.577110
2019-01-25,42.404957
2019-01-28,42.585312
2019-01-29,42.683670
2019-01-30,42.970577
2019-01-31,43.765720
2019-02-01,43.626377
2019-02-04,43.905090
2019-02-05,43.913273
2019-02-06,43.921474
2019-02-07,43.888691
2019-02-08,44.093613
2019-02-11,44.208382
2019-02-12,44.552670
2019-02-13,44.634644
2019-02-14,44.134605
2019-02-15,44.552670
2019-02-19,44.782204
2019-02-20,44.700218
2019-02-21,44.831394
2019-02-22,44.618252
2019-02-25,44.372334
2019-02-26,44.396919
2019-02-27,44.331337
2019-02-28,44.544476
2019-03-01,44.462505
2019-03-04,44.388725
2019-03-05,44.355946
2019-03-06,44.290352
2019-03-07,44.003452
2019-03-08,44.028046
2019-03-11,44.601856
2019-03-12,44.618252
2019-03-13,44.872368
2019-03-14,44.831394
2019-03-15,45.085239
2019-03-18,45.151184
2019-03-19,45.118214
2019-03-20,44.928642
2019-03-21,45.456139
2019-03-22,45.398441
2019-03-25,45.489113
2019-03-26,45.876503
2019-03-27,45.719910
2019-03-28,45.942440
2019-03-29,46.247410
2019-04-01,46.090801
2019-04-02,45.711651
2019-04-03,45.489113
2019-04-04,45.662201
2019-04-05,45.818802
2019-04-08,46.008381
2019-04-09,45.950680
2019-04-10,46.082546
2019-04-11,46.173225
2019-04-12,46.321587
2019-04-15,46.593582
2019-04-16,46.601818
2019-04-17,46.832611
2019-04-18,46.873806
2019-04-22,46.890301
2019-04-23,46.741936
2019-04-24,46.840855
2019-04-25,46.544132
2019-04-26,46.964481
2019-04-29,47.022186
2019-04-30,47.566162
2019-05-01,46.980968
2019-05-02,46.964481
2019-05-03,47.318893
2019-05-06,47.244732
2019-05-07,46.774910
2019-05-08,46.766670
2019-05-09,46.667759
2019-05-10,47.236469
2019-05-13,46.791397
2019-05-14,47.013939
2019-05-15,47.384842
2019-05-16,47.755737
2019-05-17,47.599140
2019-05-20,47.483738
2019-05-21,47.384842
2019-05-22,47.599140
2019-05-23,47.582653
2019-05-24,47.409573
2019-05-28,46.634792
2019-05-29,46.296871
2019-05-30,46.494671
2019-05-31,45.835285
2019-06-03,46.412254
2019-06-04,46.832611
2019-06-05,47.368355
2019-06-06,47.862881
2019-06-07,48.324463
2019-06-10,48.340946
2019-06-11,48.497547
2019-06-12,48.571720
2019-06-13,48.678875
2019-06-14,48.703598
2019-06-17,48.563480
2019-06-18,48.299728
2019-06-19,48.497547
2019-06-20,48.926147
2019-06-21,48.767525
2019-06-24,48.892094
2019-06-25,48.867180
2019-06-26,48.169548
2019-06-27,48.260910
2019-06-28,48.227688
2019-07-01,48.518360
2019-07-02,48.941936
2019-07-03,49.548199
2019-07-05,49.332260
2019-07-08,49.398705
2019-07-09,49.108028
2019-07-10,49.423615
2019-07-11,49.548199
2019-07-12,49.689384
2019-07-15,49.805645
2019-07-16,49.822258
2019-07-17,49.764130
2019-07-18,50.096333
2019-07-19,49.780735
2019-07-22,49.490055
2019-07-23,49.847179
2019-07-24,49.514980
2019-07-25,49.581409
2019-07-26,50.137859
2019-07-29,50.229218
2019-07-30,50.378708
2019-07-31,49.357185
2019-08-01,49.182781
2019-08-02,49.191074
2019-08-05,47.912090
2019-08-06,48.343952
2019-08-07,48.908703
2019-08-08,49.539898
2019-08-09,49.265820
2019-08-12,48.933628
2019-08-13,49.490055
2019-08-14,48.709381
2019-08-15,49.440224
2019-08-16,50.004974
2019-08-19,50.503281
2019-08-20,49.955139
2019-08-21,50.088020
2019-08-22,50.353794
2019-08-23,49.514980
2019-08-26,50.129547
2019-08-27,49.988369
2019-08-28,50.470062
2019-08-29,50.494972
2019-08-30,50.428535
2019-09-03,50.719219
2019-09-04,51.175991
2019-09-05,50.860405
2019-09-06,51.026501
2019-09-09,50.910233
2019-09-10,50.594635
2019-09-11,50.777348
2019-09-12,50.984982
2019-09-13,50.694298
2019-09-16,50.204300
2019-09-17,50.478367
2019-09-18,50.561417
2019-09-19,50.553116
2019-09-20,50.392700
2019-09-23,50.593204
2019-09-24,50.802067
2019-09-25,50.835480
2019-09-26,51.119522
2019-09-27,51.061043
2019-09-30,51.311672
2019-10-01,51.177998
2019-10-02,50.150429
2019-10-03,50.501316
2019-10-04,51.294975
2019-10-07,50.877258
2019-10-08,50.392700
2019-10-09,50.777004
2019-10-10,50.877258
2019-10-11,50.827145
2019-10-14,50.576504
2019-10-15,50.359291
2019-10-16,50.409424
2019-10-17,50.643337
2019-10-18,50.743587
2019-10-21,50.910671
2019-10-22,50.927383
2019-10-23,51.161304
2019-10-24,51.336735
2019-10-25,51.035988
2019-10-28,50.935738
2019-10-29,50.935738
2019-10-30,51.169640
2019-10-31,51.094456
2019-11-01,51.086109
2019-11-04,50.593204
2019-11-05,50.760288
2019-11-06,50.969151
2019-11-07,50.793713
2019-11-08,50.760288
2019-11-11,50.685101
2019-11-12,50.852196
2019-11-13,51.236500
2019-11-14,51.219776
2019-11-15,51.236500
2019-11-18,51.503819
2019-11-19,51.436989
2019-11-20,51.553944
2019-11-21,51.294975
2019-11-22,51.211426
2019-11-25,51.269905
2019-11-26,51.687614
2019-11-27,51.812923
2019-11-29,51.796223
2019-12-02,51.913177
2019-12-03,51.829639
2019-12-04,52.172161
2019-12-05,52.155449
2019-12-06,52.355946
2019-12-09,52.397720
2019-12-10,52.230637
2019-12-11,52.305836
2019-12-12,52.264061
2019-12-13,52.447842
2019-12-16,52.631638
2019-12-17,52.548100
2019-12-18,52.464565
2019-12-19,52.748604
2019-12-20,53.146992
2019-12-23,52.919594
2019-12-24,52.986958
2019-12-26,53.037498
2019-12-27,53.273335
2019-12-30,52.995384
2019-12-31,53.045914
2020-01-02,52.624786
2020-01-03,52.540569
2020-01-06,52.650059
2020-01-07,52.245773
2020-01-08,52.439484
2020-01-09,52.810081
2020-01-10,52.776398
2020-01-13,53.121731
2020-01-14,53.138569
2020-01-15,53.517597
2020-01-16,53.660782
2020-01-17,53.753426
2020-01-21,53.938725
2020-01-22,53.980839
2020-01-23,53.930305
2020-01-24,53.559708
2020-01-27,53.391247
2020-01-28,53.458633
2020-01-29,53.189106
2020-01-30,53.820812
2020-01-31,53.214382
2020-02-03,53.214382
2020-02-04,53.534447
2020-02-05,53.963989
2020-02-06,54.056637
2020-02-07,54.124027
2020-02-10,54.351440
2020-02-11,54.149292
2020-02-12,54.124027
2020-02-13,54.444084
2020-02-14,54.570438
2020-02-18,54.376717
2020-02-19,54.317741
2020-02-20,54.359856
2020-02-21,54.452507
2020-02-24,53.197536
2020-02-25,52.237343
2020-02-26,51.942558
2020-02-27,49.828461
2020-02-28,48.843021
2020-03-02,51.454037
2020-03-03,50.754959
2020-03-04,53.248066
2020-03-05,52.245773
2020-03-06,51.833065
2020-03-09,49.575790
2020-03-10,50.999210
2020-03-11,48.497692
2020-03-12,43.941025
2020-03-13,47.680679
2020-03-16,44.446388
2020-03-17,48.194473
2020-03-18,46.956341
2020-03-19,45.389721
2020-03-20,42.450218
2020-03-23,41.193981
2020-03-24,43.294765
2020-03-25,43.176170
2020-03-26,45.539551
2020-03-27,45.327782
2020-03-30,47.098194
2020-03-31,46.140980
2020-04-01,45.361660
2020-04-02,46.522175
2020-04-03,46.886417
2020-04-06,48.631420
2020-04-07,48.072357
2020-04-08,48.783905
2020-04-09,49.241333
2020-04-13,48.877087
2020-04-14,50.952457
2020-04-15,50.147717
2020-04-16,50.478081
2020-04-17,51.248943
2020-04-20,50.240913
2020-04-21,49.173565
2020-04-22,49.647938
2020-04-23,49.207447
2020-04-24,49.732651
2020-04-27,49.876648
2020-04-28,50.156200
2020-04-29,49.944424
2020-04-30,49.351452
2020-05-01,48.809311
2020-05-04,48.783905
2020-05-05,48.826260
2020-05-06,48.292595
2020-05-07,48.157047
2020-05-08,49.232868
2020-05-11,49.165096
2020-05-12,48.750027
2020-05-13,48.309532
2020-05-14,48.190933
2020-05-15,48.614475
2020-05-18,49.385342
2020-05-19,48.478947
2020-05-20,49.054974
2020-05-21,48.512840
2020-05-22,48.682262
2020-05-26,48.944851
2020-05-27,49.681831
2020-05-28,50.122318
2020-05-29,50.173134
2020-06-01,50.520443
2020-06-02,50.655972
2020-06-03,50.723747
2020-06-04,50.478081
2020-06-05,51.181179
2020-06-08,51.731781
2020-06-09,51.308228
2020-06-10,51.164238
2020-06-11,49.224392
2020-06-12,49.232868
2020-06-15,49.800415
2020-06-16,50.579731
2020-06-17,50.503502
2020-06-18,50.766102
2020-06-19,50.503502
2020-06-22,50.359222
2020-06-23,50.282394
2020-06-24,49.437237
2020-06-25,49.787251
2020-06-26,48.771358
2020-06-29,49.693348
2020-06-30,50.060444
2020-07-01,50.103119
2020-07-02,50.359222
2020-07-06,50.606804
2020-07-07,51.067783
2020-07-08,50.939739
2020-07-09,50.538494
2020-07-10,51.469025
2020-07-13,51.392193
2020-07-14,52.143436
2020-07-15,52.186134
2020-07-16,52.297100
2020-07-17,52.578819
2020-07-20,52.049530
2020-07-21,52.501999
2020-07-22,52.920307
2020-07-23,53.108112
2020-07-24,53.039806
2020-07-27,53.304459
2020-07-28,53.500805
2020-07-29,53.577644
2020-07-30,53.577644
2020-07-31,53.526424
2020-08-03,53.381287
2020-08-04,54.047180
2020-08-05,53.936195
2020-08-06,53.927650
2020-08-07,54.217911
2020-08-10,54.499619
2020-08-11,54.124004
2020-08-12,54.824036
2020-08-13,54.781338
2020-08-14,54.772816
2020-08-17,55.080139
2020-08-18,55.302094
2020-08-19,54.866718
2020-08-20,54.755730
2020-08-21,54.892330
2020-08-24,55.361855
2020-08-25,55.242332
2020-08-26,55.310631
2020-08-27,55.652122
2020-08-28,56.147251
2020-08-31,55.985046
2020-09-01,56.044792
2020-09-02,57.060703
2020-09-03,56.078945
2020-09-04,55.950897
2020-09-08,54.772816
2020-09-09,55.566727
2020-09-10,54.883793
2020-09-11,55.191124
2020-09-14,55.549664
2020-09-15,55.472839
2020-09-16,55.225266
2020-09-17,54.875252
2020-09-18,54.371571
2020-09-21,53.956795
2020-09-22,54.274532
2020-09-23,53.458702
2020-09-24,53.853725
2020-09-25,54.137131
2020-09-28,54.746857
2020-09-29,54.386177
2020-09-30,55.047432
2020-10-01,55.356583
2020-10-02,55.047432
2020-10-05,55.416698
2020-10-06,55.056007
2020-10-07,55.648563
2020-10-08,56.017841
2020-10-09,56.455818
2020-10-12,57.108479
2020-10-13,57.065548
2020-10-14,56.773567
2020-10-15,56.807903
2020-10-16,56.825092
2020-10-19,56.086548
2020-10-20,56.026436
2020-10-21,56.077957
2020-10-22,56.052185
2020-10-23,56.155243
2020-10-26,55.433884
2020-10-27,55.287884
2020-10-28,53.673389
2020-10-29,53.656212
2020-10-30,53.467281
2020-11-02,54.317474
2020-11-03,55.210606
2020-11-04,55.236351
2020-11-05,55.639988
2020-11-06,55.897606
2020-11-09,55.768803
2020-11-10,56.868034
2020-11-11,57.357529
2020-11-12,57.202957
2020-11-13,57.993011
2020-11-16,58.525467
2020-11-17,58.113258
2020-11-18,57.314587
2020-11-19,57.469170
2020-11-20,57.108479
2020-11-23,57.125668
2020-11-24,57.512127
2020-11-25,57.477764
2020-11-27,57.469170
2020-11-30,57.460583
2020-12-01,57.967274
2020-12-02,57.486351
2020-12-03,57.632347
2020-12-04,58.078911
2020-12-07,57.855625
2020-12-08,58.173367
2020-12-09,57.941502
2020-12-10,57.683857
2020-12-11,57.812679
2020-12-14,57.589405
2020-12-15,57.726788
2020-12-16,57.838436
2020-12-17,58.207714
2020-12-18,58.336536
2020-12-21,57.707851
2020-12-22,57.300842
2020-12-23,57.491360
2020-12-24,57.777122
2020-12-28,58.236076
2020-12-29,58.062881
2020-12-30,58.002277
2020-12-31,58.409283
2021-01-04,57.777122
2021-01-05,57.777122
2021-01-06,57.820419
2021-01-07,57.647228
2021-01-08,57.932999
2021-01-11,57.439404
2021-01-12,57.248886
2021-01-13,57.335480
2021-01-14,57.032402
2021-01-15,56.833210
2021-01-19,56.582085
2021-01-20,56.686008
2021-01-21,56.495499
2021-01-22,56.348286
2021-01-25,56.911152
2021-01-26,57.422073
2021-01-27,56.452202
2021-01-28,56.668697
2021-01-29,55.499626
2021-02-01,55.551601
2021-02-02,55.923962
2021-02-03,56.010559
2021-02-04,56.417564
2021-02-05,56.945789
2021-02-08,57.162289
2021-02-09,57.110332
2021-02-10,57.049709
2021-02-11,56.798592
2021-02-12,56.885178
2021-02-16,56.781265
2021-02-17,56.989094
2021-02-18,56.954449
2021-02-19,56.235714
2021-02-22,56.287659
2021-02-23,56.365593
2021-02-24,56.330971
2021-02-25,55.716133
2021-02-26,54.815517
2021-03-01,55.369747
2021-03-02,55.274487
2021-03-03,55.014698
2021-03-04,54.815517
2021-03-05,56.027870
2021-03-08,56.270340
2021-03-09,56.218380
2021-03-10,56.954449
2021-03-11,56.815895
2021-03-12,57.283516
2021-03-15,57.534657
2021-03-16,57.603935
2021-03-17,57.517326
2021-03-18,57.283516
2021-03-19,57.482693
2021-03-22,58.089531
2021-03-23,58.333324
2021-03-24,58.106953
2021-03-25,58.672867
2021-03-26,59.708946
2021-03-29,60.309681
2021-03-30,59.665401
2021-03-31,59.473854
2021-04-01,59.186550
2021-04-05,59.944012
2021-04-06,60.196503
2021-04-07,60.048489
2021-04-08,60.109444
2021-04-09,60.004959
2021-04-12,60.327103
2021-04-13,60.004959
2021-04-14,59.952709
2021-04-15,60.431576
2021-04-16,60.779819
2021-04-19,60.544762
2021-04-20,60.875595
2021-04-21,61.180332
2021-04-22,60.727596
2021-04-23,60.570877
2021-04-26,59.891773
2021-04-27,59.848248
2021-04-28,59.891773
2021-04-29,60.527344
2021-04-30,60.579601
2021-05-03,61.075848
2021-05-04,60.762413
2021-05-05,60.718887
2021-05-06,61.502457
2021-05-07,61.502457
2021-05-10,61.972618
2021-05-11,61.432823
2021-05-12,60.614414
2021-05-13,61.467636
2021-05-14,61.737556
2021-05-17,61.650482
2021-05-18,61.458912
2021-05-19,61.258694
2021-05-20,61.824615
2021-05-21,61.833313
2021-05-24,62.016151
2021-05-25,62.033577
2021-05-26,61.902966
2021-05-27,61.519894
2021-05-28,61.650482
2021-06-01,61.441525
2021-06-02,61.667896
2021-06-03,62.050983
2021-06-04,62.268627
2021-06-07,62.164158
2021-06-08,61.641777
2021-06-09,61.345745
2021-06-10,61.728832
2021-06-11,61.763687
2021-06-14,61.728832
2021-06-15,61.580833
2021-06-16,60.762413
2021-06-17,60.980087
2021-06-18,59.900478
2021-06-21,60.587505
2021-06-22,60.675137
2021-06-23,60.298313
2021-06-24,60.596264
2021-06-25,61.060715
2021-06-28,61.113281
2021-06-29,60.841640
2021-06-30,61.314827
2021-07-01,61.130814
2021-07-02,61.279766
2021-07-06,61.025650
2021-07-07,61.349876
2021-07-08,61.122047
2021-07-09,61.472561
2021-07-12,61.376179
2021-07-13,61.358646
2021-07-14,61.901943
2021-07-15,62.156063
2021-07-16,62.252464
2021-07-19,62.068455
2021-07-20,62.085979
2021-07-21,61.928223
2021-07-22,61.823093
2021-07-23,62.567940
2021-07-26,62.673088
2021-07-27,62.804543
2021-07-28,62.252464
2021-07-29,62.559189
2021-07-30,62.664333
2021-08-02,62.401440
2021-08-03,62.681866
2021-08-04,61.866894
2021-08-05,62.164867
2021-08-06,62.164867
2021-08-09,62.392696
2021-08-10,62.839584
2021-08-11,63.049908
2021-08-12,63.014881
2021-08-13,63.540642
2021-08-16,63.908676
2021-08-17,63.943726
2021-08-18,63.146309
2021-08-19,63.654552
2021-08-20,63.759727
2021-08-23,63.558170
2021-08-24,63.076206
2021-08-25,62.971027
2021-08-26,62.681866
2021-08-27,62.900940
2021-08-30,63.181362
2021-08-31,63.321560
2021-09-01,63.654552
2021-09-02,63.899914
2021-09-03,63.821068
2021-09-07,63.084972
2021-09-08,63.628273
2021-09-09,63.260201
2021-09-10,62.988556
2021-09-13,63.146309
2021-09-14,62.857128
2021-09-15,63.084972
2021-09-16,62.874653
2021-09-17,62.532902
2021-09-20,61.908600
2021-09-21,61.838081
2021-09-22,62.014412
2021-09-23,62.243668
2021-09-24,62.270134
2021-09-27,61.987976
2021-09-28,61.256104
2021-09-29,61.811600
2021-09-30,60.700581
2021-10-01,60.859306
2021-10-04,60.665318
2021-10-05,60.973934
2021-10-06,61.564701
2021-10-07,61.838081
2021-10-08,61.767525
2021-10-11,61.749886
2021-10-12,61.776340
2021-10-13,61.890965
2021-10-14,62.587566
2021-10-15,62.437653
2021-10-18,62.067333
2021-10-19,62.093773
2021-10-20,62.455292
2021-10-21,62.375938
2021-10-22,62.860901
2021-10-25,62.816822
2021-10-26,63.037258
2021-10-27,62.666912
2021-10-28,62.887371
2021-10-29,62.825645
2021-11-01,62.922626
2021-11-02,63.345879
2021-11-03,63.936653
2021-11-04,63.998383
2021-11-05,64.368736
2021-11-08,63.857300
2021-11-09,64.077744
2021-11-10,64.271706
2021-11-11,64.227623
2021-11-12,64.227623
2021-11-15,64.536270
2021-11-16,64.130646
2021-11-17,63.989574
2021-11-18,63.760303
2021-11-19,63.531055
2021-11-22,64.033653
2021-11-23,64.456909
2021-11-24,64.262909
2021-11-26,63.451675
2021-11-29,63.610409
2021-11-30,61.979141
2021-12-01,61.679344
2021-12-02,62.331856
2021-12-03,63.107792
2021-12-06,64.218849
2021-12-07,64.359901
2021-12-08,64.157089
2021-12-09,64.333466
2021-12-10,65.418007
2021-12-13,66.273323
2021-12-14,66.317398
2021-12-15,66.987572
2021-12-16,67.463722
2021-12-17,66.308601
2021-12-20,66.328140
2021-12-21,66.239357
2021-12-22,66.656631
2021-12-23,66.807541
2021-12-27,67.517807
2021-12-28,67.899559
2021-12-29,68.210297
2021-12-30,67.997215
2021-12-31,68.458878
2022-01-03,68.449989
2022-01-04,68.911652
2022-01-05,68.849503
2022-01-06,68.663055
2022-01-07,68.734100
2022-01-10,68.192535
2022-01-11,68.112617
2022-01-12,68.139252
2022-01-13,68.263542
2022-01-14,68.387856
2022-01-18,67.402374
2022-01-19,67.828522
2022-01-20,67.384628
2022-01-21,67.437904
2022-01-24,67.215965
2022-01-25,66.470184
2022-01-26,65.964127
2022-01-27,66.408043
2022-01-28,67.189293
2022-01-31,67.446770
2022-02-01,67.384628
2022-02-02,68.192535
2022-02-03,68.210297
2022-02-04,67.375748
2022-02-07,67.500023
2022-02-08,67.757507
2022-02-09,67.775261
2022-02-10,67.047264
2022-02-11,66.807541
2022-02-14,66.621101
2022-02-15,66.736542
2022-02-16,66.860832
2022-02-17,67.375748
2022-02-18,67.500023
2022-02-22,66.976250
2022-02-23,66.434685
2022-02-24,65.289406
2022-02-25,67.393494
2022-02-28,66.496803
2022-03-01,66.106186
2022-03-02,66.807541
2022-03-03,67.349113
2022-03-04,67.357986
2022-03-07,66.132805
2022-03-08,64.348335
2022-03-09,64.783340
2022-03-10,64.170753
2022-03-11,63.424995
2022-03-14,63.762348
2022-03-15,65.191750
2022-03-16,65.262764
2022-03-17,65.715553
2022-03-18,65.866470
2022-03-21,65.951195
2022-03-22,66.441711
2022-03-23,65.906601
2022-03-24,66.370361
2022-03-25,66.923302
2022-03-28,67.199768
2022-03-29,67.797302
2022-03-30,67.841888
2022-03-31,67.681358
2022-04-01,68.359154
2022-04-04,68.145119
2022-04-05,68.207550
2022-04-06,69.072617
2022-04-07,69.910950
2022-04-08,70.205261
2022-04-11,69.919868
2022-04-12,69.937698
2022-04-13,70.330093
2022-04-14,70.312271
2022-04-18,69.732590
2022-04-19,70.793861
2022-04-20,71.855148
2022-04-21,71.792717
2022-04-22,70.669006
2022-04-25,70.981140
2022-04-26,69.884178
2022-04-27,70.142815
2022-04-28,71.177353
2022-04-29,69.242058
2022-05-02,68.332397
2022-05-03,68.136177
2022-05-04,69.670151
2022-05-05,68.350243
2022-05-06,68.421577
2022-05-09,68.394829
2022-05-10,67.922142
2022-05-11,67.627846
2022-05-12,67.610016
2022-05-13,68.626701
2022-05-16,68.938858
2022-05-17,68.466171
2022-05-18,64.060501
2022-05-19,62.918968
2022-05-20,63.052746
2022-05-23,64.354805
2022-05-24,65.407181
2022-05-25,65.425011
2022-05-26,66.120636
2022-05-27,66.887627
2022-05-31,66.414955
2022-06-01,65.549896
2022-06-02,66.504135
2022-06-03,65.835266
2022-06-06,65.862007
2022-06-07,66.209824
2022-06-08,65.398254
2022-06-09,64.417236
2022-06-10,64.140762
2022-06-13,62.758423
2022-06-14,62.018211
2022-06-15,62.080631
2022-06-16,61.607960
2022-06-17,61.384987
2022-06-21,63.023033
2022-06-22,62.978085
2022-06-23,64.200104
2022-06-24,65.458031
2022-06-27,65.278343
2022-06-28,64.406769
2022-06-29,64.811111
2022-06-30,64.856033
2022-07-01,65.790497
2022-07-05,65.368202
2022-07-06,65.556892
2022-07-07,65.619774
2022-07-08,65.502975
2022-07-11,65.413139
2022-07-12,65.224419
2022-07-13,65.269371
2022-07-14,65.323265
2022-07-15,65.538910
2022-07-18,64.900955
2022-07-19,65.583847
2022-07-20,65.143555
2022-07-21,65.341232
2022-07-22,65.772522
2022-07-25,66.096016
2022-07-26,65.943253
2022-07-27,66.392525
2022-07-28,67.452789
2022-07-29,66.931625
2022-08-01,67.767273
2022-08-02,67.228165
2022-08-03,67.668442
2022-08-04,67.219177
2022-08-05,67.066422
2022-08-08,67.030464
2022-08-09,66.931625
2022-08-10,67.425835
2022-08-11,67.264099
2022-08-12,67.848137
2022-08-15,68.522049
2022-08-16,69.294769
2022-08-17,69.097122
2022-08-18,69.330719
2022-08-19,69.106087
2022-08-22,68.405228
2022-08-23,68.108719
2022-08-24,68.279442
2022-08-25,68.593918
2022-08-26,66.895676
2022-08-29,66.787880
2022-08-30,66.096016
2022-08-31,65.691666
2022-09-01,66.060059
2022-09-02,65.197472
2022-09-06,64.829063
2022-09-07,65.997169
2022-09-08,65.826447
2022-09-09,66.473396
2022-09-12,66.733955
2022-09-13,64.505608
2022-09-14,64.478638
2022-09-15,63.939533
2022-09-16,64.092278
2022-09-19,64.518242
2022-09-20,64.165535
2022-09-21,63.921368
2022-09-22,63.830921
2022-09-23,62.745651
2022-09-26,62.790890
2022-09-27,61.705631
2022-09-28,62.447224
2022-09-29,61.416233
2022-09-30,60.349064
2022-10-03,61.389091
2022-10-04,62.320602
2022-10-05,61.958855
2022-10-06,61.054482
2022-10-07,60.141052
2022-10-10,60.358109
2022-10-11,60.855518
2022-10-12,61.181087
2022-10-13,62.193985
2022-10-14,61.072559
2022-10-17,61.732777
2022-10-18,62.537655
2022-10-19,62.248245
2022-10-20,61.380066
2022-10-21,62.320602
2022-10-24,63.442009
2022-10-25,64.274048
2022-10-26,64.699120
2022-10-27,64.753357
2022-10-28,66.173233
2022-10-31,65.784355
2022-11-01,65.576355
2022-11-02,64.436844
2022-11-03,64.219795
2022-11-04,64.979469
2022-11-07,65.558258
2022-11-08,65.748192
2022-11-09,65.033752
2022-11-10,66.562119
2022-11-11,66.489777
2022-11-14,65.965240
2022-11-15,66.516914
2022-11-16,66.842499
2022-11-17,66.824402
2022-11-18,67.538849
2022-11-21,68.180969
2022-11-22,68.678375
2022-11-23,68.913498
2022-11-25,68.958725
2022-11-28,68.696465
2022-11-29,68.434181
2022-11-30,69.808853
2022-12-01,69.492317
2022-12-02,69.808853
2022-12-05,68.931587
2022-12-06,68.506538
2022-12-07,68.795944
2022-12-08,69.166748
2022-12-09,68.633148
2022-12-12,69.356682
2022-12-13,69.257179
2022-12-14,69.211952
2022-12-15,68.036278
2022-12-16,67.701645
2022-12-19,67.658829
2022-12-20,67.604179
2022-12-21,68.278214
2022-12-22,68.123375
2022-12-23,68.478630
2022-12-27,68.806519
2022-12-28,67.950310
2022-12-29,68.241798
2022-12-30,67.904770
2023-01-03,67.649727
2023-01-04,67.913879
2023-01-05,67.230728
2023-01-06,69.025116
2023-01-09,68.351097
2023-01-10,68.260010
2023-01-11,68.296432
2023-01-12,67.759026
2023-01-13,68.077835
2023-01-17,68.123375
2023-01-18,66.265213
2023-01-19,65.636703
2023-01-20,66.146805
2023-01-23,66.356300
2023-01-24,66.629555
2023-01-25,66.793526
2023-01-26,66.556686
2023-01-27,66.365410
2023-01-30,66.447380
2023-01-31,67.166969
2023-02-01,67.704376
2023-02-02,67.121422
2023-02-03,66.857277
2023-02-06,66.939255
2023-02-07,66.656876
2023-02-08,66.146805
2023-02-09,65.855339
2023-02-10,66.465599
2023-02-13,67.221626
2023-02-14,66.611351
2023-02-15,66.738869
2023-02-16,66.256104
2023-02-17,67.112320
2023-02-21,66.857277
2023-02-22,66.757072
2023-02-23,66.675095
2023-02-24,66.228775
2023-02-27,66.155914
2023-02-28,65.609383
2023-03-01,65.126648
2023-03-02,66.019279
2023-03-03,66.073944
2023-03-06,66.246994
2023-03-07,65.591171
2023-03-08,65.700478
2023-03-09,65.090202
2023-03-10,64.771400
2023-03-13,65.099319
2023-03-14,65.691368
2023-03-15,66.119469
2023-03-16,66.165024
2023-03-17,65.682266
2023-03-20,66.592926
2023-03-21,66.538010
2023-03-22,65.924789
2023-03-23,65.668541
2023-03-24,66.785126
2023-03-27,67.142067
2023-03-28,67.261055
2023-03-29,67.636299
2023-03-30,67.828506
2023-03-31,68.377647
2023-04-03,68.734581
2023-04-04,68.597290
2023-04-05,68.917648
2023-04-06,68.972549
2023-04-10,68.972549
2023-04-11,69.173912
2023-04-12,68.862732
2023-04-13,69.247124
2023-04-14,68.807808
2023-04-17,69.247124
2023-04-18,69.457642
2023-04-19,69.411850
2023-04-20,69.576614
2023-04-21,70.079994
2023-04-24,70.363716
2023-04-25,70.272186
2023-04-26,69.723038
2023-04-27,70.501007
2023-04-28,70.876266
2023-05-01,70.931175
2023-05-02,70.738968
2023-05-03,70.162376
2023-05-04,69.988472
2023-05-05,70.638290
2023-05-08,70.427780
2023-05-09,70.208130
2023-05-10,70.098297
2023-05-11,70.308800
2023-05-12,70.583374
2023-05-15,70.409485
2023-05-16,69.814568
2023-05-17,69.777969
2023-05-18,69.439339
2023-05-19,69.485092
2023-05-22,68.432564
2023-05-23,67.929176
2023-05-24,67.489861
2023-05-25,66.977341
2023-05-26,67.206154
2023-05-30,66.437325
2023-05-31,66.510544
2023-06-01,66.455658
2023-06-02,67.370888
2023-06-05,67.123756
2023-06-06,66.785126
2023-06-07,66.565483
2023-06-08,67.023109
2023-06-09,66.913261
2023-06-12,66.894951
2023-06-13,67.169533
2023-06-14,67.581383
2023-06-15,68.258675
2023-06-16,68.341034
2023-06-20,67.821175
2023-06-21,68.060822
2023-06-22,68.457169
2023-06-23,68.005524
2023-06-26,68.097702
2023-06-27,68.300476
2023-06-28,67.839600
2023-06-29,67.775093
2023-06-30,68.364998
2023-07-03,68.899605
2023-07-05,68.779778
2023-07-06,68.604652
2023-07-07,67.710571
2023-07-10,67.692131
2023-07-11,67.793518
2023-07-12,67.950218
2023-07-13,68.235970
2023-07-14,68.466400
2023-07-17,68.263618
2023-07-18,68.189888
2023-07-19,68.881180
2023-07-20,69.471100
2023-07-21,69.710747
2023-07-24,69.978035
2023-07-25,69.959587
2023-07-26,70.042557
2023-07-27,69.425003
2023-07-28,70.143936
2023-07-31,69.821342
2023-08-01,69.443436
2023-08-02,69.692307
2023-08-03,69.498718
2023-08-04,68.807434
2023-08-07,69.369698
2023-08-08,68.871956
2023-08-09,68.973335
2023-08-10,68.835091
2023-08-11,68.945686
2023-08-14,68.604652
2023-08-15,67.867279
2023-08-16,67.710571
2023-08-17,67.056152
2023-08-18,67.305008
2023-08-21,66.853363
2023-08-22,66.475449
2023-08-23,66.917877
2023-08-24,66.383263
2023-08-25,66.751953
2023-08-28,67.056152
2023-08-29,67.295799
2023-08-30,67.406395
2023-08-31,67.065361
2023-09-01,66.493874
2023-09-05,65.922401
2023-09-06,65.848679
2023-09-07,66.005379
2023-09-08,66.088303
2023-09-11,66.659790
2023-09-12,66.088303
2023-09-13,66.291100
2023-09-14,66.963959
2023-09-15,66.410934
2023-09-18,66.387726
2023-09-19,66.229980
2023-09-20,66.294937
2023-09-21,65.441185
2023-09-22,65.088570
2023-09-25,64.856552
2023-09-26,64.374008
2023-09-27,63.845066
2023-09-28,64.039932
2023-09-29,63.854324
2023-10-02,63.418190
2023-10-03,62.963482
2023-10-04,63.464592
2023-10-05,62.211819
2023-10-06,61.868465
2023-10-09,61.924152
2023-10-10,62.555176
2023-10-11,62.128304
2023-10-12,61.450874
2023-10-13,61.989113
2023-10-16,62.629402
2023-10-17,62.898525
2023-10-18,63.130516
2023-10-19,62.666523
2023-10-20,62.425259
2023-10-23,62.304611
2023-10-24,62.833561
2023-10-25,63.046993
2023-10-26,62.638683
2023-10-27,61.784946
2023-10-30,62.750042
2023-10-31,62.972767
2023-11-01,62.907806
2023-11-02,63.724415
2023-11-03,63.798672
2023-11-06,63.900749
2023-11-07,64.058495
2023-11-08,63.807938
2023-11-09,63.548115
2023-11-10,63.993534
2023-11-13,64.197693
2023-11-14,64.856552
2023-11-15,65.376221
2023-11-16,64.568901
2023-11-17,64.485359
2023-11-20,64.438972
2023-11-21,64.633858
2023-11-22,65.097839
2023-11-24,65.339111
2023-11-27,65.153526
2023-11-28,65.450470
2023-11-29,64.921516
2023-11-30,65.571114
2023-12-01,65.840218
2023-12-04,65.923737
2023-12-05,65.404083
2023-12-06,65.237030
2023-12-07,65.515434
2023-12-08,65.060715
2023-12-11,65.682465
2023-12-12,65.895897
2023-12-13,67.093002
2023-12-14,66.109329
2023-12-15,66.109329
2023-12-18,66.797508
2023-12-19,66.928406
2023-12-20,65.628723
2023-12-21,66.086899
2023-12-22,66.591812
2023-12-26,66.872292
2023-12-27,67.180862
2023-12-28,67.208908
2023-12-29,67.349144
2024-01-02,68.106529
2024-01-03,67.573563
2024-01-04,67.480049
2024-01-05,67.330475
2024-01-08,67.826027
2024-01-09,68.003670
2024-01-10,67.863426
2024-01-11,67.854073
2024-01-12,68.069130
2024-01-16,67.695122
2024-01-17,67.648376
2024-01-18,67.564224
2024-01-19,67.367874
2024-01-22,67.040604
2024-01-23,67.769913
2024-01-24,66.937744
2024-01-25,67.582909
2024-01-26,67.910164
2024-01-29,68.302879
2024-01-30,68.686234
2024-01-31,68.181328
2024-02-01,69.574501
2024-02-02,69.350090
2024-02-05,68.919983
2024-02-06,69.078941
2024-02-07,69.013496
2024-02-08,68.994797
2024-02-09,68.358978
2024-02-12,68.845184
2024-02-13,68.106529
2024-02-14,67.975624
2024-02-15,68.415085
2024-02-16,68.517937
2024-02-20,69.237892
2024-02-21,69.490349
2024-02-22,69.705406
2024-02-23,69.920448
2024-02-26,69.639946
2024-02-27,69.649300
2024-02-28,69.724106
2024-02-29,69.611900
2024-03-01,69.621254
2024-03-04,69.677353
2024-03-05,69.845642
2024-03-06,70.434731
2024-03-07,70.836784
2024-03-08,70.275764
2024-03-11,70.659119
2024-03-12,71.023773
2024-03-13,71.201447
2024-03-14,70.649765
2024-03-15,70.621719
2024-03-18,71.075699
2024-03-19,71.339439
2024-03-20,71.556091
2024-03-21,71.593765
2024-03-22,71.245255
2024-03-25,71.047455
2024-03-26,71.085144
2024-03-27,71.829239
2024-03-28,71.923424
2024-04-01,71.348862
2024-04-02,70.981522
2024-04-03,70.199745
2024-04-04,69.898346
2024-04-05,70.011368
2024-04-08,69.907753
2024-04-09,70.246841
2024-04-10,69.992523
2024-04-11,69.822998
2024-04-12,69.116562
2024-04-15,68.834007
2024-04-16,68.862244
2024-04-17,69.116562
2024-04-18,69.436806
2024-04-19,70.114983
2024-04-22,70.783730
2024-04-23,70.981522
2024-04-24,71.518410
2024-04-25,71.348862
2024-04-26,71.198158
2024-04-29,71.424217
2024-04-30,71.113396
2024-05-01,70.661255
2024-05-02,71.254677
2024-05-03,71.471313
2024-05-06,71.508980
2024-05-07,72.290771
2024-05-08,72.074120
2024-05-09,72.695778
2024-05-10,73.110229
2024-05-13,72.903000
2024-05-14,72.761719
2024-05-15,72.808800
2024-05-16,73.844902
2024-05-17,73.665947
2024-05-20,73.157310
2024-05-21,73.590569
2024-05-22,73.298592
2024-05-23,72.432045
2024-05-24,72.620430
2024-05-28,72.055290
2024-05-29,71.537231
2024-05-30,71.725647
2024-05-31,72.846481
2024-06-03,72.818230
2024-06-04,73.449287
2024-06-05,73.289169
2024-06-06,73.515228
2024-06-07,73.147888
2024-06-10,73.091370
2024-06-11,73.053711
2024-06-12,72.253082
2024-06-13,72.347275
2024-06-14,72.479141
2024-06-17,73.166725
2024-06-18,73.260925
2024-06-20,73.100800
2024-06-21,73.157310
2024-06-24,73.937393
2024-06-25,73.462898
2024-06-26,73.311058
2024-06-27,72.997871
2024-06-28,72.675217
2024-07-01,72.162750
2024-07-02,72.665726
2024-07-03,72.542343
2024-07-05,73.434418
2024-07-08,73.320541
2024-07-09,73.130730
2024-07-10,73.453400
2024-07-11,73.178192
2024-07-12,73.500854
2024-07-15,73.073807
2024-07-16,73.776062
2024-07-17,74.725075
2024-07-18,74.354958
2024-07-19,74.108223
2024-07-22,74.155670
2024-07-23,73.889946
2024-07-24,73.823502
2024-07-25,73.738106
2024-07-26,74.487823
2024-07-29,74.516289
2024-07-30,74.013321
2024-07-31,73.880455
2024-08-01,74.563736
2024-08-02,75.218567
2024-08-05,73.738106
2024-08-06,74.250572
2024-08-07,74.326500
2024-08-08,75.000290
2024-08-09,75.114174
2024-08-12,74.734573
2024-08-13,75.076218
2024-08-14,75.417862
2024-08-15,76.196045
2024-08-16,76.404823
2024-08-19,76.661057
2024-08-20,77.040665
2024-08-21,77.562622
2024-08-22,77.448730
2024-08-23,77.667007
2024-08-26,78.217415
2024-08-27,78.407242
2024-08-28,78.075081
2024-08-29,77.685989
2024-08-30,78.302856
2024-09-03,78.853271
2024-09-04,79.223396
2024-09-05,78.919716
2024-09-06,78.758369
2024-09-09,79.365730
2024-09-10,79.346764
2024-09-11,78.606529
2024-09-12,79.090515
2024-09-13,79.650429
2024-09-16,79.963615
2024-09-17,79.204414
2024-09-18,78.900711
2024-09-19,78.435707
2024-09-20,78.815315
2024-09-23,79.272301
2024-09-24,79.081490
2024-09-25,78.881142
2024-09-26,79.062416
2024-09-27,79.205528
2024-09-30,79.186432
2024-10-01,78.919312
2024-10-02,78.251457
2024-10-03,77.469147
2024-10-04,77.726738
2024-10-07,76.953949
2024-10-08,77.335571
2024-10-09,77.803055
2024-10-10,77.459602
2024-10-11,77.888924
2024-10-14,78.203766
2024-10-15,78.699867
2024-10-16,78.642632
2024-10-17,78.289627
2024-10-18,78.461365
2024-10-21,77.803055
2024-10-22,78.241928
2024-10-23,78.089279
2024-10-24,77.984322
2024-10-25,77.335571
2024-10-28,77.478683
2024-10-29,76.715439
2024-10-30,76.591415
2024-10-31,76.438774
2024-11-01,76.467400
2024-11-04,76.677277
2024-11-05,77.163841
2024-11-06,75.904495
2024-11-07,76.181160
2024-11-08,77.106598
2024-11-11,76.839470
2024-11-12,76.925331
2024-11-13,77.154305
2024-11-14,76.963486
2024-11-15,76.286110
2024-11-18,76.820381
2024-11-19,76.925331
2024-11-20,76.534164
2024-11-21,77.364189
2024-11-22,78.079735
2024-11-25,78.509064
2024-11-26,78.833435
2024-11-27,78.995628
2024-11-29,79.396332
2024-12-02,79.300926
2024-12-03,78.890678
2024-12-04,78.671257
2024-12-05,78.986099
2024-12-06,78.594925
2024-12-09,78.470894
2024-12-10,78.842972
2024-12-11,78.241928
2024-12-12,78.470894
2024-12-13,78.270538
2024-12-16,77.860291
2024-12-17,77.726738
2024-12-18,76.543716
2024-12-19,75.999908
2024-12-20,76.267044
2024-12-23,75.865211
2024-12-24,76.365089
2024-12-26,76.605415
2024-12-27,76.230507
2024-12-30,75.336510
2024-12-31,75.567215
2025-01-02,75.336510
2025-01-03,75.298050
2025-01-06,74.509804
2025-01-07,74.250237
2025-01-08,74.384819
2025-01-10,73.385063
2025-01-13,73.510048
2025-01-14,73.529274
2025-01-15,73.279343
2025-01-16,73.827278
2025-01-17,74.250237
2025-01-21,74.596313
2025-01-22,74.231018
2025-01-23,74.500175
2025-01-24,74.884697
2025-01-27,76.913025
2025-01-28,75.711411
2025-01-29,75.894043
2025-01-30,76.643867
2025-01-31,75.922890
2025-02-03,76.220894
2025-02-04,75.576828
2025-02-05,76.047867
2025-02-06,76.393921
2025-02-07,76.278564
2025-02-10,76.749603
2025-02-11,77.489799
2025-02-12,77.432129
2025-02-13,78.268448
2025-02-14,77.489799
2025-02-18,77.768570
2025-02-19,78.393410
2025-02-20,78.085808
2025-02-21,78.999031
2025-02-24,79.239357
2025-02-25,80.364059
2025-02-26,78.826004
2025-02-27,78.816376
2025-02-28,79.864189
2025-03-03,80.287163
2025-03-04,78.922119
2025-03-05,79.248970
2025-03-06,79.393150
2025-03-07,79.652710
2025-03-10,79.479675
2025-03-11,78.316513
2025-03-12,76.615021
2025-03-13,76.259346
2025-03-14,76.432373
2025-03-17,77.547470
2025-03-18,76.663086
2025-03-19,76.663086
2025-03-20,76.288185
2025-03-21,76.259346
2025-03-24,76.730942
2025-03-25,76.035141
2025-03-26,77.214127
2025-03-27,78.093529
2025-03-28,77.706985
2025-03-31,78.924637
2025-04-01,79.040604
2025-04-02,78.808662
2025-04-03,79.262863
2025-04-04,75.822540
2025-04-07,74.943138
2025-04-08,73.783463
2025-04-09,76.643959
2025-04-10,76.682617
2025-04-11,77.649002
2025-04-14,78.972961
2025-04-15,78.306145
2025-04-16,77.465393
2025-04-17,79.117912
2025-04-21,78.364120
2025-04-22,79.475471
2025-04-23,79.021271
2025-04-24,78.325485
2025-04-25,78.122536
2025-04-28,77.861595
2025-04-29,78.509079
2025-04-30,79.079254
2025-05-01,78.393127
2025-05-02,78.818329
2025-05-05,78.750687
2025-05-06,78.615387
2025-05-07,78.741020
2025-05-08,78.644379
2025-05-09,78.190186
2025-05-12,78.306145
2025-05-13,77.252792
2025-05-14,76.837234
2025-05-15,78.412445
2025-05-16,79.311195
2025-05-19,79.543106
2025-05-20,79.823364
2025-05-21,78.895638
2025-05-22,78.567070
2025-05-23,78.856979
2025-05-27,79.572105
2025-05-28,79.030937
2025-05-29,79.349838
2025-05-30,80.045639
2025-06-02,80.093956
2025-06-03,80.016647
2025-06-04,79.456146
2025-06-05,78.692703
2025-06-06,78.943954
2025-06-09,78.837662
2025-06-10,79.011604
2025-06-11,78.741020
2025-06-12,79.204880
2025-06-13,78.238495
2025-06-16,78.489761
2025-06-17,77.822952
2025-06-18,77.726311
2025-06-20,78.296478
2025-06-23,79.203331
2025-06-24,79.135216
2025-06-25,78.074631
2025-06-26,78.006523
2025-06-27,78.376266
2025-06-30,78.784935
2025-07-01,79.767670
2025-07-02,80.001205
2025-07-03,79.962280
2025-07-07,79.894165
2025-07-08,79.154678
2025-07-09,78.638977
2025-07-10,78.921150
2025-07-11,78.629242
2025-07-14,78.697357
2025-07-15,77.909218
2025-07-16,78.181664
2025-07-17,78.921150
2025-07-18,78.707085
2025-07-21,78.697357
2025-07-22,79.417397
2025-07-23,79.446587
2025-07-24,79.164413
2025-07-25,79.300629
2025-07-28,78.483299
2025-07-29,78.999001
2025-07-30,78.298431
2025-07-31,77.627052
2025-08-01,77.996788
2025-08-04,78.376266
2025-08-05,78.298431
2025-08-06,79.417397
2025-08-07,80.020660
2025-08-08,80.254181
2025-08-11,80.186073
2025-08-12,80.400131
2025-08-13,80.400131
2025-08-14,79.680107
2025-08-15,79.806602
2025-08-18,79.699570
2025-08-19,80.516899
2025-08-20,80.974213
2025-08-21,80.244446
2025-08-22,80.244446
2025-08-25,78.872498
2025-08-26,78.356804
2025-08-27,78.590332
2025-08-28,78.094101
2025-08-29,78.600060
2025-09-02,78.473572
2025-09-03,78.415184
2025-09-04,78.463837
2025-09-05,78.687630
2025-09-08,78.395729
2025-09-09,78.551407
2025-09-10,77.782730
2025-09-11,78.415184
2025-09-12,78.152466
2025-09-15,77.257301
2025-09-16,77.607582
2025-09-17,78.074631
2025-09-18,77.393524
2025-09-19,77.237839
2025-09-22,76.376694
2025-09-23,76.758766
2025-09-24,76.925316
2025-09-25,76.190544
2025-09-26,76.376694
2025-09-29,76.523643
2025-09-30,76.778366
2025-10-01,76.660805
2025-10-02,76.357101
2025-10-03,76.445274
2025-10-06,75.886841
2025-10-07,76.592224
2025-10-08,76.210136
2025-10-09,76.455070
2025-10-10,76.513847
2025-10-13,76.259125
2025-10-14,77.483734
2025-10-15,77.620895
2025-10-16,77.082069
2025-10-17,78.110748
2025-10-20,78.042168
2025-10-21,77.679688
2025-10-22,78.120537
2025-10-23,77.738457
2025-10-24,77.483734
2025-10-27,77.611107
2025-10-28,76.837151
2025-10-29,75.024719
2025-10-30,74.946342
2025-10-31,74.730812
2025-11-03,74.142998
2025-11-04,74.446693
2025-11-05,74.397720
2025-11-06,74.064621
2025-11-07,75.152077
2025-11-10,74.877762
2025-11-11,75.857452
2025-11-12,75.749687
2025-11-13,75.749687
2025-11-14,75.690910
2025-11-17,75.210854
2025-11-18,75.534149
2025-11-19,74.956146
2025-11-20,75.494972
2025-11-21,76.317909
2025-11-24,75.436188
2025-11-25,76.474663
2025-11-26,77.307396
2025-11-28,77.758057
2025-12-01,77.679688
2025-12-02,77.170235
2025-12-03,77.229027
2025-12-04,76.856735
2025-12-05,76.866539
2025-12-08,76.229744
2025-12-09,76.406082
2025-12-10,76.631409
2025-12-11,77.199631
2025-12-12,77.807037
2025-12-15,78.022575
2025-12-16,77.669884
2025-12-17,78.032372
2025-12-18,77.581711
2025-12-19,77.180038
2025-12-22,76.910431
2025-12-23,76.545052
2025-12-24,77.147453
2025-12-26,77.256081
2025-12-29,77.305458
2025-12-30,77.177078
2025-12-31,76.712929
2026-01-02,76.722801
2026-01-05,76.387032
2026-01-06,76.505547
2026-01-07,75.666122
2026-01-08,77.463470
2026-01-09,78.263382
2026-01-12,79.181808
2026-01-13,80.100227
2026-01-14,81.206291
2026-01-15,81.344543
2026-01-16,81.087776
2026-01-20,81.334663
2026-01-21,81.413673
2026-01-22,81.245781
2026-01-23,81.877823
2026-01-26,81.749435
2026-01-27,82.124702
2026-01-28,81.295166
2026-01-29,81.107521
2026-01-30,82.470352
2026-02-02,83.448021
2026-02-03,84.800964
2026-02-04,85.907021
2026-02-05,85.837891
2026-02-06,86.845200
2026-02-09,86.341545
2026-02-10,86.065033
2026-02-11,87.299469
2026-02-12,88.099388
2026-02-13,88.395653
2026-02-17,87.101959
2026-02-18,86.943947
2026-02-19,86.578560
2026-02-20,86.795815
2026-02-23,87.862373
2026-02-24,88.622787
2026-02-25,87.901878
2026-02-26,87.753746
2026-02-27,88.889427
2026-03-02,87.605614
2026-03-03,86.647682
2026-03-04,86.074913
2026-03-05,84.346703
2026-03-06,84.712082
2026-03-09,84.899727
2026-03-10,84.652832
2026-03-11,83.536896
2026-03-12,83.201134
2026-03-13,83.685028
2026-03-16,83.922050
2026-03-17,83.645531
2026-03-18,81.611176
2026-03-19,80.949516
2026-03-20,80.277985
2026-03-23,80.620605
2026-03-24,80.551086
2026-03-25,80.948334
2026-03-26,80.580879
2026-03-27,81.216469
2026-03-30,81.315781
2026-03-31,81.415100
2026-04-01,80.898674
2026-04-02,81.325714
2026-04-06,82.090416
2026-04-07,80.700058
2026-04-08,82.209579
2026-04-09,82.874962
2026-04-10,81.802406
2026-04-13,80.988060
2026-04-14,80.908607
2026-04-15,80.501434
2026-04-16,80.868881
2026-04-17,81.891785
2026-04-20,81.822266
2026-04-21,81.276054
2026-04-22,81.544197
2026-04-23,82.904762
2026-04-24,82.656487
2026-04-27,81.772614
2026-04-28,82.507515
2026-04-29,82.348618
2026-04-30,83.729034
2026-05-01,83.590004
2026-05-04,82.964348
2026-05-05,83.480759
2026-05-06,83.659515
2026-05-07,83.401314
2026-05-08,83.599937
2026-05-11,82.795517
2026-05-12,83.858147
2026-05-13,84.136215
2026-05-14,84.394424
2026-05-15,84.056763
2026-05-18,85.308083
2026-05-19,85.496773
2026-05-20,84.930695
2026-05-21,84.076630
2026-05-22,84.215668
2026-05-26,83.053719
2026-05-27,83.997177
2026-05-28,83.848213
2026-05-29,82.338692
2026-06-01,81.464752
2026-06-02,81.266129
2026-06-03,81.593857
2026-06-04,81.474678
2026-06-05,82.865036
2026-06-08,82.497581
2026-06-09,83.520485
2026-06-10,84.900909
2026-06-11,84.682419
2026-06-12,85.228630
2026-06-15,84.890984
2026-06-16,85.000214
2026-06-17,83.103378
2026-06-18,82.725998
2026-06-22,82.180000
2026-06-23,83.720001
2026-06-24,84.440002
2026-06-25,83.940002
2026-06-26,84.709999
2026-06-29,84.370003
2026-06-30,83.070000
2026-07-01,83.300003
2026-07-02,84.989998
2026-07-06,84.099998
2026-07-07,84.860001
2026-07-08,84.389999
2026-07-09,83.199997
2026-07-10,84.120003
2026-07-13,84.589996
2026-07-14,83.419998
2026-07-15,83.470001
2026-07-16,85.809998
2026-07-17,85.190002
2026-07-20,84.684998
2026-07-21,84.059998
2026-07-22,84.379997
2026-07-23,83.209999
2026-07-24,84.129997
2026-07-27,85.360001
2026-07-28,87.059998
2026-07-29,87.360001
2026-07-30,85.470001
2026-07-31,85.050003
2026-08-03,84.860001
2026-08-04,85.370003
2026-08-05,85.330002
2026-08-06,85.110001
2026-08-07,85.120003
2026-08-10,84.949997
2026-08-11,84.690002
2026-08-12,85.080002
2026-08-13,86.000000
2026-08-14,86.089996
2026-08-17,84.680000
2026-08-18,85.580002
2026-08-19,86.540001
2026-08-20,85.320000
