date,value
1998-12-22,5.795298
1998-12-23,5.771011
1998-12-24,5.877263
1998-12-28,5.846908
1998-12-29,5.944049
1998-12-30,5.895480
1998-12-31,5.874228
1999-01-04,5.780120
1999-01-05,5.849944
1999-01-06,5.910657
1999-01-07,5.889406
1999-01-08,5.922800
1999-01-11,5.764942
1999-01-12,5.767976
1999-01-13,5.807442
1999-01-14,5.710299
1999-01-15,5.737615
1999-01-19,5.931908
1999-01-20,5.907622
1999-01-21,5.886368
1999-01-22,5.925838
1999-01-25,5.704226
1999-01-26,5.816549
1999-01-27,5.728511
1999-01-28,5.737615
1999-01-29,5.728511
1999-02-01,5.716366
1999-02-02,5.640473
1999-02-03,5.670832
1999-02-04,5.585831
1999-02-05,5.588863
1999-02-08,5.588863
1999-02-09,5.613151
1999-02-10,5.573690
1999-02-11,5.597971
1999-02-12,5.506897
1999-02-16,5.607080
1999-02-17,5.567615
1999-02-18,5.667795
1999-02-19,5.607080
1999-02-22,5.789226
1999-02-23,5.607080
1999-02-24,5.658690
1999-02-25,5.537257
1999-02-26,5.570652
1999-03-01,5.488685
1999-03-02,5.406719
1999-03-03,5.409758
1999-03-04,5.494756
1999-03-05,5.588863
1999-03-08,5.525113
1999-03-09,5.509938
1999-03-10,5.491722
1999-03-11,5.534221
1999-03-12,5.594936
1999-03-15,5.610113
1999-03-16,5.588863
1999-03-17,5.537257
1999-03-18,5.619223
1999-03-19,5.515622
1999-03-22,5.533957
1999-03-23,5.359776
1999-03-24,5.433114
1999-03-25,5.414782
1999-03-26,5.344499
1999-03-29,5.316997
1999-03-30,5.231437
1999-03-31,5.219213
1999-04-01,5.329220
1999-04-05,5.371998
1999-04-06,5.344499
1999-04-07,5.414782
1999-04-08,5.558402
1999-04-09,5.518677
1999-04-12,5.598128
1999-04-13,5.506452
1999-04-14,5.427004
1999-04-15,5.482008
1999-04-16,5.543121
1999-04-19,5.598128
1999-04-20,5.659240
1999-04-21,5.760080
1999-04-22,5.741750
1999-04-23,5.738692
1999-04-26,5.708132
1999-04-27,5.741750
1999-04-28,5.717299
1999-04-29,5.799805
1999-04-30,5.723413
1999-05-03,5.808971
1999-05-04,5.760080
1999-05-05,5.805918
1999-05-06,5.683688
1999-05-07,5.753970
1999-05-10,5.738692
1999-05-11,5.760080
1999-05-12,5.775357
1999-05-13,5.851754
1999-05-14,5.741750
1999-05-17,5.860922
1999-05-18,5.732579
1999-05-19,5.851754
1999-05-20,5.839530
1999-05-21,5.784529
1999-05-24,5.842587
1999-05-25,5.848700
1999-05-26,5.879253
1999-05-27,5.778417
1999-05-28,5.790637
1999-06-01,5.787581
1999-06-02,5.787581
1999-06-03,5.732579
1999-06-04,5.818139
1999-06-07,5.867033
1999-06-08,5.867033
1999-06-09,5.912868
1999-06-10,5.863976
1999-06-11,5.824253
1999-06-14,5.986210
1999-06-15,5.992319
1999-06-16,6.050377
1999-06-17,5.998430
1999-06-18,6.019850
1999-06-21,5.973733
1999-06-22,5.952213
1999-06-23,5.933765
1999-06-24,5.869200
1999-06-25,5.838459
1999-06-28,5.899948
1999-06-29,5.903023
1999-06-30,6.029074
1999-07-01,6.007556
1999-07-02,6.010628
1999-07-06,5.992181
1999-07-07,6.047522
1999-07-08,5.998328
1999-07-09,5.998328
1999-07-12,5.973733
1999-07-13,5.946066
1999-07-14,5.982959
1999-07-15,6.075192
1999-07-16,6.145909
1999-07-19,6.087489
1999-07-20,6.115162
1999-07-21,6.152055
1999-07-22,6.142833
1999-07-23,6.102863
1999-07-26,6.112087
1999-07-27,6.148981
1999-07-28,6.136684
1999-07-29,6.035226
1999-07-30,6.047522
1999-08-02,6.139760
1999-08-03,6.099788
1999-08-04,6.007556
1999-08-05,6.062891
1999-08-06,6.038301
1999-08-09,6.062891
1999-08-10,5.952213
1999-08-11,5.921467
1999-08-12,5.890722
1999-08-13,5.967586
1999-08-16,5.921467
1999-08-17,5.986033
1999-08-18,5.949137
1999-08-19,5.881500
1999-08-20,5.866127
1999-08-23,5.893798
1999-08-24,5.878423
1999-08-25,5.961437
1999-08-26,5.964513
1999-08-27,5.884577
1999-08-30,5.804636
1999-08-31,5.758522
1999-09-01,5.780040
1999-09-02,5.700104
1999-09-03,5.807711
1999-09-07,5.767744
1999-09-08,5.684730
1999-09-09,5.706256
1999-09-10,5.727773
1999-09-13,5.780040
1999-09-14,5.783119
1999-09-15,5.789263
1999-09-16,5.758522
1999-09-17,5.833716
1999-09-20,5.802737
1999-09-21,5.725281
1999-09-22,5.833716
1999-09-23,5.781050
1999-09-24,5.697402
1999-09-27,5.781050
1999-09-28,5.715989
1999-09-29,5.790345
1999-09-30,5.904974
1999-10-01,5.864700
1999-10-04,5.960739
1999-10-05,5.802737
1999-10-06,5.889482
1999-10-07,5.805836
1999-10-08,5.849205
1999-10-11,5.812031
1999-10-12,5.697402
1999-10-13,5.750071
1999-10-14,5.787247
1999-10-15,5.650928
1999-10-18,5.694304
1999-10-19,5.626146
1999-10-20,5.635442
1999-10-21,5.548694
1999-10-22,5.616852
1999-10-25,5.554889
1999-10-26,5.588967
1999-10-27,5.734579
1999-10-28,5.948349
1999-10-29,5.935954
1999-11-01,5.991722
1999-11-02,5.935954
1999-11-03,5.867796
1999-11-04,5.836815
1999-11-05,5.886384
1999-11-08,5.923561
1999-11-09,5.836815
1999-11-10,5.861601
1999-11-11,5.843011
1999-11-12,5.861601
1999-11-15,5.833716
1999-11-16,5.821326
1999-11-17,5.864700
1999-11-18,5.821326
1999-11-19,5.824422
1999-11-22,5.759367
1999-11-23,5.700501
1999-11-24,5.669518
1999-11-26,5.734579
1999-11-29,5.669518
1999-11-30,5.740776
1999-12-01,5.768655
1999-12-02,5.734579
1999-12-03,5.846108
1999-12-06,5.805836
1999-12-07,5.849205
1999-12-08,5.802737
1999-12-09,5.808933
1999-12-10,5.765560
1999-12-13,5.762463
1999-12-14,5.759367
1999-12-15,5.784146
1999-12-16,5.725281
1999-12-17,5.799214
1999-12-20,5.665146
1999-12-21,5.739974
1999-12-22,5.724383
1999-12-23,5.752447
1999-12-27,5.599670
1999-12-28,5.649557
1999-12-29,5.565375
1999-12-30,5.565375
1999-12-31,5.615261
2000-01-03,5.478074
2000-01-04,5.312829
2000-01-05,5.446898
2000-01-06,5.437543
2000-01-07,5.484312
2000-01-10,5.503018
2000-01-11,5.443780
2000-01-12,5.387658
2000-01-13,5.337772
2000-01-14,5.381423
2000-01-18,5.359595
2000-01-19,5.362713
2000-01-20,5.387658
2000-01-21,5.562259
2000-01-24,5.487427
2000-01-25,5.359595
2000-01-26,5.334651
2000-01-27,5.300358
2000-01-28,5.272295
2000-01-31,5.515489
2000-02-01,5.474957
2000-02-02,5.446898
2000-02-03,5.437543
2000-02-04,5.409483
2000-02-07,5.393893
2000-02-08,5.406366
2000-02-09,5.406366
2000-02-10,5.328417
2000-02-11,5.234883
2000-02-14,5.241120
2000-02-15,5.228648
2000-02-16,5.206821
2000-02-17,5.175642
2000-02-18,4.985455
2000-02-22,4.966745
2000-02-23,4.863856
2000-02-24,4.701730
2000-02-25,4.676787
2000-02-28,4.810854
2000-02-29,4.845149
2000-03-01,5.057165
2000-03-02,5.188113
2000-03-03,5.234883
2000-03-06,5.088343
2000-03-07,5.029104
2000-03-08,5.063400
2000-03-09,5.103932
2000-03-10,5.103932
2000-03-13,5.119522
2000-03-14,5.085225
2000-03-15,5.113286
2000-03-16,5.312829
2000-03-17,5.355573
2000-03-20,5.333586
2000-03-21,5.299033
2000-03-22,5.176529
2000-03-23,5.264482
2000-03-24,5.214223
2000-03-27,5.286469
2000-03-28,5.261341
2000-03-29,5.355573
2000-03-30,5.343009
2000-03-31,5.374418
2000-04-03,5.408969
2000-04-04,5.484359
2000-04-05,5.556602
2000-04-06,5.591155
2000-04-07,5.575452
2000-04-10,5.562884
2000-04-11,5.707376
2000-04-12,5.757632
2000-04-13,5.763916
2000-04-14,5.553463
2000-04-17,5.468655
2000-04-18,5.484359
2000-04-19,5.534617
2000-04-20,5.553463
2000-04-24,5.704235
2000-04-25,5.873857
2000-04-26,5.861290
2000-04-27,5.729362
2000-04-28,5.726223
2000-05-01,5.726223
2000-05-02,5.518909
2000-05-03,5.537757
2000-05-04,5.528332
2000-05-05,5.540897
2000-05-08,5.578591
2000-05-09,5.559748
2000-05-10,5.666541
2000-05-11,5.751353
2000-05-12,5.660261
2000-05-15,5.770196
2000-05-16,5.745069
2000-05-17,5.657121
2000-05-18,5.704235
2000-05-19,5.597438
2000-05-22,5.635129
2000-05-23,5.531474
2000-05-24,5.625707
2000-05-25,5.531474
2000-05-26,5.641412
2000-05-30,5.682247
2000-05-31,5.713659
2000-06-01,5.754492
2000-06-02,5.735648
2000-06-05,5.603722
2000-06-06,5.735648
2000-06-07,5.757632
2000-06-08,5.792184
2000-06-09,5.864431
2000-06-12,5.839303
2000-06-13,5.964949
2000-06-14,5.939818
2000-06-15,5.908411
2000-06-16,5.842401
2000-06-19,5.937348
2000-06-20,5.874045
2000-06-21,5.893039
2000-06-22,5.855060
2000-06-23,5.874045
2000-06-26,5.855060
2000-06-27,5.696817
2000-06-28,5.744289
2000-06-29,5.652505
2000-06-30,5.519579
2000-07-03,5.684155
2000-07-05,5.734791
2000-07-06,5.741120
2000-07-07,5.801258
2000-07-10,5.801258
2000-07-11,5.747452
2000-07-12,5.772770
2000-07-13,5.798090
2000-07-14,5.718966
2000-07-17,5.671494
2000-07-18,5.649342
2000-07-19,5.706308
2000-07-20,5.614527
2000-07-21,5.671494
2000-07-24,5.652505
2000-07-25,5.699978
2000-07-26,5.646177
2000-07-27,5.624024
2000-07-28,5.589209
2000-07-31,5.605032
2000-08-01,5.728464
2000-08-02,5.823412
2000-08-03,5.832903
2000-08-04,5.801258
2000-08-07,5.915195
2000-08-08,5.760110
2000-08-09,5.668327
2000-08-10,5.668327
2000-08-11,5.731629
2000-08-14,5.766443
2000-08-15,5.804421
2000-08-16,5.722132
2000-08-17,5.646177
2000-08-18,5.677824
2000-08-21,5.715800
2000-08-22,5.646177
2000-08-23,5.690485
2000-08-24,5.677824
2000-08-25,5.671494
2000-08-28,5.772770
2000-08-29,5.722132
2000-08-30,5.779102
2000-08-31,5.823412
2000-09-01,5.893039
2000-09-05,5.915195
2000-09-06,5.987985
2000-09-07,5.987985
2000-09-08,6.177876
2000-09-11,6.320298
2000-09-12,6.304475
2000-09-13,6.260162
2000-09-14,6.177876
2000-09-15,6.235522
2000-09-18,6.197229
2000-09-19,6.095115
2000-09-20,5.986612
2000-09-21,6.031288
2000-09-22,6.184467
2000-09-25,6.229142
2000-09-26,6.318491
2000-09-27,6.292970
2000-09-28,6.497198
2000-09-29,6.592933
2000-10-02,6.631223
2000-10-03,6.548258
2000-10-04,6.548258
2000-10-05,6.605698
2000-10-06,6.573787
2000-10-09,6.573787
2000-10-10,6.561019
2000-10-11,6.458907
2000-10-12,6.369555
2000-10-13,6.465285
2000-10-16,6.503580
2000-10-17,6.589743
2000-10-18,6.535492
2000-10-19,6.503580
2000-10-20,6.468479
2000-10-23,6.605698
2000-10-24,6.576979
2000-10-25,6.535492
2000-10-26,6.513153
2000-10-27,6.663139
2000-10-30,6.921621
2000-10-31,6.975872
2000-11-01,6.934389
2000-11-02,6.937578
2000-11-03,6.905665
2000-11-06,6.873758
2000-11-07,6.883331
2000-11-08,6.918431
2000-11-09,6.956725
2000-11-10,6.969491
2000-11-13,7.001399
2000-11-14,6.880138
2000-11-15,6.873758
2000-11-16,6.953535
2000-11-17,6.848224
2000-11-20,6.915241
2000-11-21,6.848224
2000-11-22,6.899286
2000-11-24,6.886519
2000-11-27,6.838651
2000-11-28,6.937578
2000-11-29,6.982253
2000-11-30,6.972684
2000-12-01,6.838651
2000-12-04,6.912049
2000-12-05,6.956725
2000-12-06,6.982253
2000-12-07,6.979064
2000-12-08,6.809929
2000-12-11,6.829080
2000-12-12,6.848224
2000-12-13,7.017357
2000-12-14,6.975872
2000-12-15,6.915559
2000-12-18,6.903437
2000-12-19,6.663823
2000-12-20,6.602299
2000-12-21,6.563445
2000-12-22,6.667062
2000-12-26,6.854868
2000-12-27,6.854868
2000-12-28,6.799823
2000-12-29,6.877528
2001-01-02,6.773915
2001-01-03,6.631444
2001-01-04,6.527827
2001-01-05,6.463067
2001-01-08,6.560209
2001-01-09,6.589347
2001-01-10,6.573160
2001-01-11,6.420972
2001-01-12,6.469542
2001-01-16,6.365922
2001-01-17,6.382117
2001-01-18,6.495447
2001-01-19,6.476023
2001-01-22,6.463067
2001-01-23,6.456590
2001-01-24,6.466307
2001-01-25,6.511637
2001-01-26,6.450114
2001-01-29,6.550625
2001-01-30,6.550625
2001-01-31,6.490525
2001-02-01,6.569273
2001-02-02,6.496743
2001-02-05,6.544405
2001-02-06,6.583779
2001-02-07,6.585850
2001-02-08,6.643881
2001-02-09,6.635592
2001-02-12,6.641806
2001-02-13,6.697756
2001-02-14,6.585850
2001-02-15,6.596211
2001-02-16,6.633518
2001-02-20,6.664603
2001-02-21,6.585850
2001-02-22,6.656308
2001-02-23,6.619009
2001-02-26,6.693612
2001-02-27,6.701900
2001-02-28,6.625225
2001-03-01,6.552698
2001-03-02,6.569273
2001-03-05,6.556841
2001-03-06,6.548549
2001-03-07,6.517466
2001-03-08,6.639732
2001-03-09,6.523684
2001-03-12,6.598287
2001-03-13,6.444935
2001-03-14,6.223196
2001-03-15,6.333029
2001-03-16,6.281896
2001-03-19,6.361203
2001-03-20,6.269374
2001-03-21,6.129546
2001-03-22,6.052329
2001-03-23,6.041892
2001-03-26,6.242246
2001-03-27,6.471813
2001-03-28,6.334071
2001-03-29,6.482251
2001-03-30,6.530253
2001-04-02,6.551122
2001-04-03,6.519812
2001-04-04,6.544862
2001-04-05,6.501030
2001-04-06,6.379986
2001-04-09,6.519812
2001-04-10,6.655469
2001-04-11,6.565729
2001-04-12,6.561558
2001-04-16,6.665906
2001-04-17,6.820347
2001-04-18,6.678428
2001-04-19,6.690950
2001-04-20,6.611645
2001-04-23,6.626256
2001-04-24,6.657562
2001-04-25,6.774430
2001-04-26,6.834954
2001-04-27,6.839128
2001-04-30,6.845388
2001-05-01,6.910087
2001-05-02,6.822432
2001-05-03,6.734779
2001-05-04,6.803648
2001-05-07,6.839128
2001-05-08,6.741037
2001-05-09,6.751472
2001-05-10,6.755648
2001-05-11,6.759823
2001-05-14,6.849563
2001-05-15,6.803648
2001-05-16,6.949737
2001-05-17,6.908001
2001-05-18,6.949737
2001-05-21,6.974784
2001-05-22,6.949737
2001-05-23,6.947653
2001-05-24,6.928872
2001-05-25,6.820347
2001-05-29,6.816173
2001-05-30,6.786952
2001-05-31,6.893389
2001-06-01,6.834954
2001-06-04,6.839128
2001-06-05,6.738952
2001-06-06,6.684688
2001-06-07,6.628342
2001-06-08,6.653385
2001-06-11,6.715996
2001-06-12,6.774430
2001-06-13,6.634602
2001-06-14,6.438422
2001-06-15,6.478148
2001-06-18,6.486557
2001-06-19,6.511781
2001-06-20,6.528595
2001-06-21,6.358337
2001-06-22,6.429804
2001-06-25,6.354134
2001-06-26,6.448723
2001-06-27,6.463435
2001-06-28,6.478148
2001-06-29,6.547513
2001-07-02,6.566432
2001-07-03,6.583243
2001-07-05,6.637896
2001-07-06,6.631589
2001-07-09,6.692543
2001-07-10,6.703057
2001-07-11,6.734587
2001-07-12,6.665218
2001-07-13,6.648407
2001-07-16,6.694646
2001-07-17,6.705157
2001-07-18,6.635796
2001-07-19,6.677834
2001-07-20,6.537004
2001-07-23,6.358337
2001-07-24,6.175472
2001-07-25,6.448723
2001-07-26,6.471843
2001-07-27,6.467639
2001-07-30,6.541207
2001-07-31,6.488659
2001-08-01,6.564325
2001-08-02,6.553821
2001-08-03,6.534901
2001-08-06,6.408782
2001-08-07,6.459234
2001-08-08,6.331013
2001-08-09,6.341521
2001-08-10,6.465537
2001-08-13,6.394074
2001-08-14,6.394074
2001-08-15,6.314201
2001-08-16,6.383563
2001-08-17,6.305789
2001-08-20,6.356235
2001-08-21,6.358337
2001-08-22,6.347831
2001-08-23,6.333116
2001-08-24,6.377253
2001-08-27,6.394074
2001-08-28,6.364643
2001-08-29,6.326809
2001-08-30,6.253241
2001-08-31,6.257446
2001-09-04,6.322605
2001-09-05,6.284771
2001-09-06,6.236428
2001-09-07,6.228016
2001-09-10,6.331013
2001-09-17,6.274261
2001-09-18,6.318403
2001-09-19,6.270059
2001-09-20,6.349930
2001-09-21,6.170103
2001-09-24,6.191285
2001-09-25,6.284481
2001-09-26,6.134090
2001-09-27,6.057843
2001-09-28,6.197638
2001-10-01,6.250590
2001-10-02,6.318373
2001-10-03,6.386153
2001-10-04,6.322605
2001-10-05,6.335317
2001-10-08,6.394625
2001-10-09,6.362853
2001-10-10,6.375563
2001-10-11,6.282364
2001-10-12,6.239999
2001-10-15,6.229412
2001-10-16,6.276009
2001-10-17,6.269655
2001-10-18,6.148921
2001-10-19,6.254829
2001-10-22,6.136215
2001-10-23,5.979473
2001-10-24,5.926521
2001-10-25,5.966763
2001-10-26,5.985827
2001-10-29,5.975234
2001-10-30,5.886273
2001-10-31,5.871443
2001-11-01,5.920164
2001-11-02,5.943461
2001-11-05,6.000653
2001-11-06,6.026067
2001-11-07,5.947698
2001-11-08,6.028186
2001-11-09,6.066313
2001-11-12,6.045134
2001-11-13,6.040896
2001-11-14,5.977354
2001-11-15,5.966763
2001-11-16,6.030305
2001-11-19,6.015481
2001-11-20,6.028186
2001-11-21,5.983709
2001-11-23,5.977354
2001-11-26,5.983709
2001-11-27,5.903219
2001-11-28,5.824848
2001-11-29,5.822733
2001-11-30,5.797312
2001-12-03,5.807903
2001-12-04,5.873562
2001-12-05,5.915928
2001-12-06,5.860857
2001-12-07,5.867211
2001-12-10,5.826965
2001-12-11,5.733768
2001-12-12,5.797312
2001-12-13,5.790958
2001-12-14,5.750712
2001-12-17,5.776130
2001-12-18,5.829083
2001-12-19,5.954056
2001-12-20,5.924400
2001-12-21,5.882776
2001-12-24,5.929738
2001-12-26,5.923333
2001-12-27,6.002310
2001-12-28,5.980967
2001-12-31,5.983097
2002-01-02,6.068483
2002-01-03,6.100499
2002-01-04,6.072748
2002-01-07,6.079154
2002-01-08,6.004447
2002-01-09,5.951080
2002-01-10,5.998044
2002-01-11,5.940409
2002-01-14,5.995908
2002-01-15,5.998044
2002-01-16,5.972428
2002-01-17,5.912659
2002-01-18,5.901989
2002-01-22,5.773913
2002-01-23,5.859298
2002-01-24,5.846491
2002-01-25,5.810204
2002-01-28,5.810204
2002-01-29,5.735496
2002-01-30,5.729088
2002-01-31,5.767512
2002-02-01,5.780319
2002-02-04,5.720552
2002-02-05,5.643707
2002-02-06,5.530579
2002-02-07,5.609554
2002-02-08,5.639439
2002-02-11,5.677862
2002-02-12,5.677862
2002-02-13,5.712015
2002-02-14,5.724823
2002-02-15,5.714151
2002-02-19,5.615959
2002-02-20,5.686399
2002-02-21,5.573268
2002-02-22,5.650111
2002-02-25,5.714151
2002-02-26,5.707747
2002-02-27,5.746165
2002-02-28,5.756839
2002-03-01,5.880643
2002-03-04,5.951080
2002-03-05,5.955352
2002-03-06,6.072748
2002-03-07,6.036464
2002-03-08,6.019388
2002-03-11,6.038596
2002-03-12,5.976697
2002-03-13,5.976697
2002-03-14,5.955352
2002-03-15,6.005702
2002-03-18,6.033677
2002-03-19,6.061650
2002-03-20,6.025070
2002-03-21,6.089622
2002-03-22,6.018612
2002-03-25,6.027219
2002-03-26,5.994944
2002-03-27,6.010006
2002-03-28,6.063802
2002-04-01,6.001400
2002-04-02,6.035829
2002-04-03,6.035829
2002-04-04,6.044435
2002-04-05,6.012158
2002-04-08,5.969123
2002-04-09,5.842165
2002-04-10,5.964817
2002-04-11,5.786217
2002-04-12,5.824950
2002-04-15,5.734575
2002-04-16,5.874442
2002-04-17,5.904566
2002-04-18,5.889506
2002-04-19,5.837861
2002-04-22,5.749635
2002-04-23,5.777612
2002-04-24,5.792674
2002-04-25,5.753942
2002-04-26,5.661412
2002-04-29,5.577491
2002-04-30,5.695842
2002-05-01,5.749635
2002-05-02,5.713056
2002-05-03,5.680780
2002-05-06,5.650654
2002-05-07,5.594707
2002-05-08,5.674324
2002-05-09,5.626984
2002-05-10,5.497875
2002-05-13,5.564579
2002-05-14,5.648503
2002-05-15,5.618375
2002-05-16,5.639896
2002-05-17,5.586101
2002-05-20,5.616226
2002-05-21,5.657108
2002-05-22,5.758245
2002-05-23,5.861530
2002-05-24,5.801280
2002-05-28,5.842165
2002-05-29,5.745336
2002-05-30,5.691539
2002-05-31,5.648503
2002-06-03,5.519393
2002-06-04,5.538759
2002-06-05,5.517240
2002-06-06,5.355855
2002-06-07,5.418260
2002-06-10,5.437624
2002-06-11,5.347249
2002-06-12,5.456990
2002-06-13,5.450534
2002-06-14,5.381677
2002-06-17,5.502178
2002-06-18,5.543061
2002-06-19,5.390284
2002-06-20,5.325730
2002-06-21,5.344631
2002-06-24,5.255557
2002-06-25,5.220792
2002-06-26,5.166478
2002-06-27,5.162137
2002-06-28,5.268591
2002-07-01,5.159961
2002-07-02,5.051330
2002-07-03,5.020913
2002-07-05,5.079574
2002-07-08,5.014398
2002-07-09,4.881867
2002-07-10,4.605942
2002-07-11,4.766717
2002-07-12,4.588562
2002-07-15,4.660258
2002-07-16,4.523384
2002-07-17,4.438653
2002-07-18,4.334365
2002-07-19,4.091034
2002-07-22,3.991091
2002-07-23,3.680409
2002-07-24,4.008474
2002-07-25,4.127969
2002-07-26,4.073652
2002-07-29,4.138832
2002-07-30,4.475585
2002-07-31,4.492967
2002-08-01,4.427789
2002-08-02,4.340885
2002-08-05,4.264841
2002-08-06,4.440825
2002-08-07,4.473414
2002-08-08,4.555975
2002-08-09,4.566836
2002-08-12,4.645050
2002-08-13,4.516867
2002-08-14,4.653740
2002-08-15,4.662429
2002-08-16,4.588562
2002-08-19,4.660258
2002-08-20,4.647223
2002-08-21,4.790616
2002-08-22,4.888384
2002-08-23,4.812341
2002-08-26,4.888384
2002-08-27,4.840586
2002-08-28,4.810167
2002-08-29,4.742820
2002-08-30,4.671122
2002-09-03,4.542940
2002-09-04,4.514694
2002-09-05,4.501658
2002-09-06,4.501658
2002-09-09,4.492967
2002-09-10,4.390853
2002-09-11,4.395200
2002-09-12,4.282225
2002-09-13,4.345229
2002-09-16,4.295260
2002-09-17,4.138832
2002-09-18,4.275707
2002-09-19,4.186630
2002-09-20,4.088109
2002-09-23,3.980355
2002-09-24,3.850608
2002-09-25,3.964962
2002-09-26,4.121097
2002-09-27,4.050726
2002-09-30,4.105703
2002-10-01,4.171676
2002-10-02,4.046329
2002-10-03,4.024338
2002-10-04,3.839614
2002-10-07,3.804428
2002-10-08,3.661486
2002-10-09,3.349215
2002-10-10,3.575722
2002-10-11,3.624101
2002-10-14,3.617505
2002-10-15,3.628501
2002-10-16,3.503153
2002-10-17,3.562528
2002-10-18,3.593315
2002-10-21,3.804428
2002-10-22,3.756048
2002-10-23,3.824218
2002-10-24,3.826417
2002-10-25,3.881394
2002-10-28,3.958364
2002-10-29,3.931975
2002-10-30,4.019938
2002-10-31,4.011142
2002-11-01,4.030932
2002-11-04,4.176074
2002-11-05,4.176074
2002-11-06,4.264036
2002-11-07,4.066118
2002-11-08,3.940769
2002-11-11,3.896788
2002-11-12,3.824218
2002-11-13,3.848406
2002-11-14,3.934173
2002-11-15,3.991351
2002-11-18,3.980355
2002-11-19,4.002348
2002-11-20,4.000144
2002-11-21,4.068318
2002-11-22,4.182671
2002-11-25,4.191468
2002-11-26,4.085911
2002-11-27,4.110101
2002-11-29,4.127692
2002-12-02,4.066118
2002-12-03,4.110101
2002-12-04,4.017741
2002-12-05,4.004544
2002-12-06,4.000144
2002-12-09,4.055122
2002-12-10,4.085911
2002-12-11,4.123294
2002-12-12,4.136490
2002-12-13,4.178274
2002-12-16,4.244246
2002-12-17,4.248645
2002-12-18,4.235450
2002-12-19,4.239847
2002-12-20,4.283687
2002-12-23,4.265883
2002-12-24,4.248078
2002-12-26,4.274783
2002-12-27,4.259208
2002-12-30,4.270334
2002-12-31,4.261432
2003-01-02,4.361570
2003-01-03,4.406074
2003-01-06,4.604128
2003-01-07,4.503989
2003-01-08,4.535142
2003-01-09,4.512891
2003-01-10,4.512891
2003-01-13,4.417203
2003-01-14,4.426105
2003-01-15,4.412752
2003-01-16,4.406074
2003-01-17,4.386048
2003-01-21,4.294811
2003-01-22,4.256981
2003-01-23,4.334867
2003-01-24,4.223601
2003-01-27,4.061158
2003-01-28,4.183547
2003-01-29,4.181323
2003-01-30,4.114562
2003-01-31,4.161293
2003-02-03,4.174645
2003-02-04,4.154619
2003-02-05,4.092310
2003-02-06,4.054478
2003-02-07,3.983270
2003-02-10,3.996623
2003-02-11,3.929864
2003-02-12,3.794120
2003-02-13,3.847529
2003-02-14,3.912060
2003-02-18,3.954341
2003-02-19,3.956567
2003-02-20,3.954341
2003-02-21,4.005525
2003-02-24,3.978820
2003-02-25,4.005525
2003-02-26,3.936540
2003-02-27,3.943215
2003-02-28,3.938766
2003-03-03,3.965467
2003-03-04,3.940990
2003-03-05,3.981045
2003-03-06,3.981045
2003-03-07,3.994398
2003-03-10,3.900936
2003-03-11,3.894259
2003-03-12,3.900936
2003-03-13,3.969920
2003-03-14,3.985496
2003-03-17,4.074509
2003-03-18,4.121238
2003-03-19,4.098987
2003-03-20,4.145717
2003-03-21,4.214763
2003-03-24,4.111307
2003-03-25,4.167533
2003-03-26,4.131547
2003-03-27,4.151791
2003-03-28,4.158536
2003-03-31,4.138295
2003-04-01,4.167533
2003-04-02,4.169781
2003-04-03,4.154036
2003-04-04,4.205767
2003-04-07,4.205767
2003-04-08,4.178778
2003-04-09,4.169781
2003-04-10,4.205767
2003-04-11,4.192272
2003-04-14,4.246250
2003-04-15,4.300229
2003-04-16,4.295731
2003-04-17,4.304727
2003-04-21,4.345210
2003-04-22,4.405936
2003-04-23,4.405936
2003-04-24,4.446418
2003-04-25,4.435172
2003-04-28,4.495898
2003-04-29,4.502645
2003-04-30,4.495898
2003-05-01,4.435172
2003-05-02,4.471158
2003-05-05,4.489151
2003-05-06,4.482404
2003-05-07,4.475656
2003-05-08,4.468907
2003-05-09,4.498147
2003-05-12,4.531883
2003-05-13,4.540882
2003-05-14,4.561121
2003-05-15,4.630842
2003-05-16,4.727553
2003-05-19,4.653332
2003-05-20,4.673575
2003-05-21,4.662330
2003-05-22,4.745545
2003-05-23,4.925471
2003-05-27,4.997440
2003-05-28,4.974950
2003-05-29,4.900730
2003-05-30,4.950212
2003-06-02,4.992944
2003-06-03,5.013184
2003-06-04,5.082905
2003-06-05,5.024429
2003-06-06,4.970453
2003-06-09,4.965954
2003-06-10,4.988443
2003-06-11,5.026681
2003-06-12,5.087406
2003-06-13,5.019930
2003-06-16,5.116641
2003-06-17,5.091902
2003-06-18,5.116641
2003-06-19,5.132385
2003-06-20,5.108116
2003-06-23,5.053677
2003-06-24,5.021919
2003-06-25,5.012849
2003-06-26,5.060482
2003-06-27,4.994701
2003-06-30,5.017385
2003-07-01,4.983361
2003-07-02,5.019654
2003-07-03,4.990166
2003-07-07,4.999239
2003-07-08,4.960679
2003-07-09,4.924386
2003-07-10,4.835924
2003-07-11,4.865410
2003-07-14,4.858608
2003-07-15,4.763340
2003-07-16,4.683952
2003-07-17,4.672610
2003-07-18,4.745195
2003-07-21,4.677146
2003-07-22,4.756536
2003-07-23,4.727048
2003-07-24,4.724781
2003-07-25,4.763340
2003-07-28,4.729319
2003-07-29,4.708902
2003-07-30,4.674880
2003-07-31,4.681684
2003-08-01,4.661269
2003-08-04,4.661269
2003-08-05,4.588684
2003-08-06,4.615902
2003-08-07,4.659001
2003-08-08,4.681684
2003-08-11,4.681684
2003-08-12,4.745195
2003-08-13,4.699828
2003-08-14,4.717972
2003-08-15,4.708902
2003-08-18,4.697559
2003-08-19,4.702097
2003-08-20,4.747464
2003-08-21,4.765609
2003-08-22,4.699828
2003-08-25,4.722511
2003-08-26,4.736122
2003-08-27,4.752001
2003-08-28,4.763340
2003-08-29,4.774680
2003-09-02,4.863144
2003-09-03,4.879022
2003-09-04,4.881290
2003-09-05,4.872216
2003-09-08,4.908509
2003-09-09,4.897167
2003-09-10,4.890360
2003-09-11,4.876751
2003-09-12,4.913045
2003-09-15,4.885826
2003-09-16,4.928924
2003-09-17,4.915314
2003-09-18,4.969749
2003-09-19,4.977762
2003-09-22,4.950301
2003-09-23,4.973187
2003-09-24,4.913680
2003-09-25,4.922835
2003-09-26,4.968606
2003-09-29,5.021245
2003-09-30,5.012091
2003-10-01,5.018958
2003-10-02,5.067018
2003-10-03,5.078462
2003-10-06,5.071598
2003-10-07,5.055574
2003-10-08,5.037268
2003-10-09,5.046420
2003-10-10,5.030400
2003-10-13,5.062441
2003-10-14,5.076171
2003-10-15,5.012091
2003-10-16,5.034979
2003-10-17,5.002937
2003-10-20,5.028112
2003-10-21,5.021245
2003-10-22,5.018958
2003-10-23,5.028112
2003-10-24,5.012091
2003-10-27,5.032689
2003-10-28,5.018958
2003-10-29,5.014379
2003-10-30,5.055574
2003-10-31,5.046420
2003-11-03,5.071598
2003-11-04,5.046420
2003-11-05,5.044131
2003-11-06,5.023536
2003-11-07,4.991495
2003-11-10,4.980051
2003-11-11,4.984628
2003-11-12,4.996070
2003-11-13,5.002937
2003-11-14,4.996070
2003-11-17,4.954878
2003-11-18,4.865619
2003-11-19,4.927412
2003-11-20,4.915969
2003-11-21,4.906814
2003-11-24,4.982341
2003-11-25,5.009804
2003-11-26,5.046420
2003-11-28,5.057864
2003-12-01,5.071598
2003-12-02,5.080750
2003-12-03,5.071598
2003-12-04,5.083038
2003-12-05,5.110502
2003-12-08,5.124233
2003-12-09,5.080750
2003-12-10,5.103637
2003-12-11,5.126524
2003-12-12,5.137968
2003-12-15,5.119658
2003-12-16,5.151698
2003-12-17,5.174585
2003-12-18,5.240952
2003-12-19,5.252966
2003-12-22,5.301476
2003-12-23,5.329196
2003-12-24,5.338435
2003-12-26,5.345366
2003-12-29,5.384635
2003-12-30,5.398494
2003-12-31,5.389256
2004-01-02,5.375396
2004-01-05,5.384635
2004-01-06,5.373087
2004-01-07,5.400806
2004-01-08,5.398494
2004-01-09,5.380016
2004-01-12,5.377706
2004-01-13,5.352297
2004-01-14,5.416979
2004-01-15,5.398494
2004-01-16,5.389256
2004-01-20,5.428524
2004-01-21,5.523237
2004-01-22,5.544028
2004-01-23,5.495515
2004-01-26,5.463178
2004-01-27,5.444698
2004-01-28,5.465484
2004-01-29,5.509376
2004-01-30,5.500135
2004-02-02,5.467797
2004-02-03,5.516306
2004-02-04,5.426218
2004-02-05,5.393878
2004-02-06,5.440076
2004-02-09,5.472417
2004-02-10,5.518618
2004-02-11,5.513997
2004-02-12,5.497825
2004-02-13,5.490898
2004-02-17,5.532475
2004-02-18,5.550959
2004-02-19,5.513997
2004-02-20,5.460866
2004-02-23,5.481656
2004-02-24,5.451627
2004-02-25,5.507067
2004-02-26,5.544028
2004-02-27,5.604087
2004-03-01,5.631806
2004-03-02,5.606397
2004-03-03,5.604087
2004-03-04,5.643357
2004-03-05,5.687252
2004-03-08,5.671077
2004-03-09,5.638737
2004-03-10,5.574058
2004-03-11,5.493207
2004-03-12,5.546339
2004-03-15,5.530168
2004-03-16,5.583297
2004-03-17,5.671077
2004-03-18,5.645668
2004-03-19,5.612598
2004-03-22,5.547388
2004-03-23,5.545059
2004-03-24,5.556706
2004-03-25,5.566021
2004-03-26,5.584651
2004-03-29,5.619585
2004-03-30,5.640546
2004-03-31,5.663834
2004-04-01,5.680136
2004-04-02,5.652188
2004-04-05,5.668492
2004-04-06,5.670822
2004-04-07,5.612598
2004-04-08,5.607937
2004-04-12,5.519444
2004-04-13,5.419300
2004-04-14,5.426288
2004-04-15,5.456564
2004-04-16,5.475193
2004-04-19,5.440260
2004-04-20,5.379710
2004-04-21,5.421630
2004-04-22,5.482183
2004-04-23,5.484510
2004-04-26,5.500812
2004-04-27,5.510126
2004-04-28,5.514785
2004-04-29,5.428616
2004-04-30,5.421630
2004-05-03,5.458890
2004-05-04,5.479850
2004-05-05,5.442586
2004-05-06,5.461223
2004-05-07,5.295870
2004-05-10,5.221345
2004-05-11,5.207373
2004-05-12,5.202714
2004-05-13,5.223674
2004-05-14,5.251624
2004-05-17,5.195727
2004-05-18,5.239975
2004-05-19,5.202714
2004-05-20,5.256282
2004-05-21,5.249294
2004-05-24,5.321485
2004-05-25,5.416972
2004-05-26,5.419300
2004-05-27,5.475193
2004-05-28,5.486840
2004-06-01,5.479850
2004-06-02,5.489168
2004-06-03,5.430946
2004-06-04,5.449576
2004-06-07,5.496154
2004-06-08,5.444919
2004-06-09,5.409985
2004-06-10,5.447245
2004-06-14,5.409985
2004-06-15,5.433274
2004-06-16,5.463551
2004-06-17,5.500812
2004-06-18,5.530180
2004-06-21,5.567767
2004-06-22,5.546623
2004-06-23,5.588906
2004-06-24,5.607702
2004-06-25,5.574812
2004-06-28,5.600655
2004-06-29,5.558367
2004-06-30,5.581860
2004-07-01,5.516082
2004-07-02,5.572463
2004-07-06,5.563066
2004-07-07,5.574812
2004-07-08,5.553670
2004-07-09,5.541925
2004-07-12,5.553670
2004-07-13,5.541925
2004-07-14,5.591256
2004-07-15,5.617100
2004-07-16,5.657034
2004-07-19,5.682878
2004-07-20,5.694628
2004-07-21,5.605356
2004-07-22,5.567767
2004-07-23,5.534875
2004-07-26,5.520779
2004-07-27,5.513733
2004-07-28,5.586560
2004-07-29,5.626495
2004-07-30,5.666433
2004-08-02,5.708725
2004-08-03,5.696976
2004-08-04,5.746310
2004-08-05,5.678182
2004-08-06,5.720469
2004-08-09,5.706371
2004-08-10,5.748661
2004-08-11,5.772151
2004-08-12,5.769804
2004-08-13,5.748661
2004-08-16,5.774500
2004-08-17,5.772151
2004-08-18,5.809740
2004-08-19,5.781550
2004-08-20,5.805040
2004-08-23,5.793295
2004-08-24,5.805040
2004-08-25,5.828532
2004-08-26,5.828532
2004-08-27,5.826184
2004-08-30,5.840283
2004-08-31,5.896663
2004-09-01,5.877870
2004-09-02,5.931903
2004-09-03,5.910759
2004-09-07,5.953043
2004-09-08,5.896663
2004-09-09,5.922505
2004-09-10,5.934253
2004-09-13,5.887264
2004-09-14,5.877870
2004-09-15,5.889616
2004-09-16,5.924852
2004-09-17,5.960150
2004-09-20,5.938831
2004-09-21,5.971996
2004-09-22,5.945937
2004-09-23,5.886716
2004-09-24,5.889083
2004-09-27,5.896190
2004-09-28,5.934095
2004-09-29,5.922249
2004-09-30,5.934095
2004-10-01,5.981471
2004-10-04,6.005160
2004-10-05,6.031217
2004-10-06,6.054905
2004-10-07,6.021742
2004-10-08,6.047800
2004-10-11,6.031217
2004-10-12,6.080963
2004-10-13,6.000422
2004-10-14,6.012266
2004-10-15,6.059644
2004-10-18,6.017004
2004-10-19,6.007528
2004-10-20,6.014635
2004-10-21,6.040694
2004-10-22,6.078596
2004-10-25,6.170981
2004-10-26,6.232574
2004-10-27,6.225467
2004-10-28,6.189934
2004-10-29,6.223098
2004-11-01,6.272845
2004-11-02,6.149666
2004-11-03,6.279954
2004-11-04,6.405505
2004-11-05,6.381813
2004-11-08,6.443408
2004-11-09,6.445775
2004-11-10,6.443408
2004-11-11,6.512104
2004-11-12,6.590276
2004-11-15,6.557114
2004-11-16,6.545268
2004-11-17,6.490785
2004-11-18,6.490785
2004-11-19,6.467094
2004-11-22,6.568959
2004-11-23,6.609229
2004-11-24,6.632917
2004-11-26,6.658974
2004-11-29,6.571329
2004-11-30,6.500263
2004-12-01,6.443408
2004-12-02,6.362865
2004-12-03,6.410241
2004-12-06,6.469463
2004-12-07,6.419715
2004-12-08,6.386553
2004-12-09,6.388926
2004-12-10,6.412608
2004-12-13,6.507367
2004-12-14,6.531056
2004-12-15,6.561853
2004-12-16,6.564219
2004-12-17,6.581443
2004-12-20,6.617310
2004-12-21,6.686665
2004-12-22,6.701013
2004-12-23,6.698622
2004-12-27,6.655579
2004-12-28,6.672316
2004-12-29,6.691447
2004-12-30,6.693840
2004-12-31,6.660359
2005-01-03,6.583833
2005-01-04,6.538394
2005-01-05,6.435559
2005-01-06,6.469037
2005-01-07,6.469037
2005-01-10,6.502520
2005-01-11,6.483387
2005-01-12,6.502520
2005-01-13,6.533608
2005-01-14,6.588615
2005-01-18,6.646012
2005-01-19,6.617310
2005-01-20,6.595789
2005-01-21,6.569481
2005-01-24,6.626878
2005-01-25,6.588615
2005-01-26,6.684275
2005-01-27,6.717752
2005-01-28,6.724931
2005-01-31,6.801457
2005-02-01,6.846897
2005-02-02,6.873203
2005-02-03,6.892334
2005-02-04,6.959297
2005-02-07,6.944950
2005-02-08,6.985607
2005-02-09,6.944950
2005-02-10,6.952124
2005-02-11,6.956903
2005-02-14,7.019086
2005-02-15,7.007131
2005-02-16,7.026260
2005-02-17,7.011912
2005-02-18,6.937774
2005-02-22,6.772758
2005-02-23,6.808632
2005-02-24,6.861248
2005-02-25,6.995171
2005-02-28,6.947340
2005-03-01,6.966470
2005-03-02,6.959297
2005-03-03,6.995171
2005-03-04,7.105177
2005-03-07,7.155403
2005-03-08,7.107569
2005-03-09,6.980823
2005-03-10,7.026260
2005-03-11,6.995171
2005-03-14,7.102789
2005-03-15,7.071701
2005-03-16,7.007131
2005-03-17,7.047785
2005-03-18,7.026580
2005-03-21,7.024169
2005-03-22,6.882000
2005-03-23,6.848265
2005-03-24,6.920554
2005-03-28,6.932602
2005-03-29,6.845857
2005-03-30,6.956700
2005-03-31,7.024169
2005-04-01,7.048269
2005-04-04,7.067545
2005-04-05,7.108509
2005-04-06,7.086818
2005-04-07,7.151881
2005-04-08,7.096460
2005-04-11,7.166339
2005-04-12,7.233811
2005-04-13,7.183209
2005-04-14,7.115736
2005-04-15,6.990433
2005-04-18,7.016940
2005-04-19,7.115736
2005-04-20,7.053087
2005-04-21,7.115736
2005-04-22,7.161518
2005-04-25,7.209715
2005-04-26,7.118148
2005-04-27,7.171159
2005-04-28,7.139828
2005-04-29,7.241037
2005-05-02,7.260316
2005-05-03,7.224171
2005-05-04,7.231398
2005-05-05,7.202483
2005-05-06,7.185619
2005-05-09,7.245860
2005-05-10,7.192843
2005-05-11,7.226579
2005-05-12,7.144652
2005-05-13,7.028987
2005-05-16,7.074769
2005-05-17,7.156701
2005-05-18,7.159108
2005-05-19,7.200077
2005-05-20,7.197666
2005-05-23,7.171159
2005-05-24,7.171159
2005-05-25,7.190437
2005-05-26,7.209715
2005-05-27,7.238628
2005-05-31,7.236218
2005-06-01,7.330196
2005-06-02,7.320556
2005-06-03,7.344653
2005-06-06,7.337427
2005-06-07,7.354293
2005-06-08,7.368751
2005-06-09,7.375981
2005-06-10,7.402483
2005-06-13,7.433812
2005-06-14,7.453091
2005-06-15,7.416945
2005-06-16,7.404896
2005-06-17,7.499396
2005-06-20,7.513975
2005-06-21,7.523693
2005-06-22,7.591712
2005-06-23,7.613579
2005-06-24,7.560133
2005-06-27,7.606290
2005-06-28,7.681602
2005-06-29,7.659734
2005-06-30,7.667025
2005-07-01,7.737474
2005-07-05,7.752048
2005-07-06,7.620867
2005-07-07,7.681602
2005-07-08,7.771484
2005-07-11,7.815217
2005-07-12,7.837075
2005-07-13,7.858943
2005-07-14,7.781200
2005-07-15,7.778770
2005-07-18,7.773917
2005-07-19,7.781200
2005-07-20,7.822500
2005-07-21,7.681602
2005-07-22,7.725327
2005-07-25,7.727758
2005-07-26,7.754483
2005-07-27,7.788495
2005-07-28,7.837075
2005-07-29,7.839509
2005-08-01,7.737474
2005-08-02,7.917245
2005-08-03,7.939108
2005-08-04,7.888093
2005-08-05,7.752048
2005-08-08,7.594144
2005-08-09,7.674309
2005-08-10,7.671881
2005-08-11,7.718040
2005-08-12,7.710750
2005-08-15,7.739907
2005-08-16,7.618437
2005-08-17,7.611147
2005-08-18,7.640300
2005-08-19,7.686457
2005-08-22,7.737474
2005-08-23,7.800637
2005-08-24,7.764197
2005-08-25,7.822500
2005-08-26,7.810356
2005-08-29,7.841937
2005-08-30,7.829791
2005-08-31,7.890521
2005-09-01,8.014418
2005-09-02,8.016844
2005-09-06,8.092157
2005-09-07,8.097017
2005-09-08,8.026566
2005-09-09,8.121312
2005-09-12,8.114022
2005-09-13,8.043571
2005-09-14,8.072723
2005-09-15,8.148036
2005-09-16,8.221711
2005-09-19,8.197233
2005-09-20,8.165412
2005-09-21,8.023447
2005-09-22,7.979389
2005-09-23,7.998970
2005-09-26,8.065058
2005-09-27,8.067507
2005-09-28,8.150727
2005-09-29,8.231497
2005-09-30,8.224154
2005-10-03,8.317167
2005-10-04,8.172756
2005-10-05,7.935335
2005-10-06,7.830082
2005-10-07,7.898617
2005-10-10,7.759096
2005-10-11,7.776235
2005-10-12,7.629375
2005-10-13,7.467829
2005-10-14,7.553493
2005-10-17,7.636717
2005-10-18,7.509439
2005-10-19,7.529019
2005-10-20,7.330757
2005-10-21,7.428664
2005-10-24,7.619581
2005-10-25,7.629375
2005-10-26,7.536361
2005-10-27,7.450694
2005-10-28,7.599998
2005-10-31,7.697906
2005-11-01,7.546153
2005-11-02,7.575523
2005-11-03,7.570631
2005-11-04,7.560837
2005-11-07,7.541256
2005-11-08,7.538808
2005-11-09,7.604898
2005-11-10,7.568180
2005-11-11,7.499646
2005-11-14,7.450694
2005-11-15,7.465381
2005-11-16,7.533915
2005-11-17,7.644059
2005-11-18,7.629375
2005-11-21,7.646507
2005-11-22,7.646507
2005-11-23,7.741966
2005-11-25,7.771338
2005-11-28,7.741966
2005-11-29,7.761545
2005-11-30,7.685669
2005-12-01,7.715044
2005-12-02,7.727278
2005-12-05,7.722382
2005-12-06,7.700354
2005-12-07,7.663640
2005-12-08,7.744413
2005-12-09,7.832529
2005-12-12,7.759096
2005-12-13,7.874142
2005-12-14,7.962257
2005-12-15,7.979389
2005-12-16,7.978895
2005-12-19,7.872707
2005-12-20,7.885054
2005-12-21,7.813439
2005-12-22,7.848011
2005-12-23,7.862832
2005-12-27,7.848011
2005-12-28,7.808506
2005-12-29,7.793683
2005-12-30,7.751704
2006-01-03,7.902340
2006-01-04,7.914690
2006-01-05,7.862832
2006-01-06,7.946791
2006-01-09,7.897404
2006-01-10,7.909752
2006-01-11,7.897404
2006-01-12,7.897404
2006-01-13,7.951731
2006-01-17,8.035695
2006-01-18,8.052979
2006-01-19,8.124596
2006-01-20,8.077674
2006-01-23,8.065331
2006-01-24,8.136940
2006-01-25,8.025816
2006-01-26,7.954204
2006-01-27,7.998653
2006-01-30,7.944324
2006-01-31,7.939384
2006-02-01,7.961609
2006-02-02,7.857889
2006-02-03,7.818380
2006-02-06,7.865303
2006-02-07,7.818380
2006-02-08,7.815908
2006-02-09,7.843072
2006-02-10,7.848011
2006-02-13,7.838137
2006-02-14,7.830729
2006-02-15,7.843072
2006-02-16,7.904809
2006-02-17,7.976424
2006-02-21,7.988773
2006-02-22,8.018410
2006-02-23,8.008531
2006-02-24,8.033223
2006-02-27,8.097430
2006-02-28,8.043099
2006-03-01,8.020874
2006-03-02,8.015939
2006-03-03,7.976424
2006-03-06,7.848011
2006-03-07,7.810969
2006-03-08,7.803564
2006-03-09,7.781337
2006-03-10,7.830729
2006-03-13,7.840604
2006-03-14,7.924567
2006-03-15,7.976424
2006-03-16,8.018410
2006-03-17,7.999002
2006-03-20,7.882064
2006-03-21,7.822349
2006-03-22,7.859670
2006-03-23,7.849717
2006-03-24,7.834792
2006-03-27,7.782543
2006-03-28,7.750196
2006-03-29,7.797470
2006-03-30,7.727808
2006-03-31,7.670581
2006-04-03,7.680537
2006-04-04,7.762640
2006-04-05,7.837279
2006-04-06,7.740245
2006-04-07,7.630772
2006-04-10,7.628285
2006-04-11,7.541204
2006-04-12,7.558619
2006-04-13,7.523787
2006-04-17,7.516325
2006-04-18,7.660632
2006-04-19,7.685508
2006-04-20,7.740245
2006-04-21,7.775079
2006-04-24,7.847233
2006-04-25,7.735269
2006-04-26,7.658143
2006-04-27,7.760152
2006-04-28,7.792497
2006-05-01,7.720340
2006-05-02,7.844744
2006-05-03,7.819861
2006-05-04,7.829817
2006-05-05,8.006466
2006-05-08,7.944263
2006-05-09,7.877088
2006-05-10,7.939289
2006-05-11,7.864646
2006-05-12,7.777567
2006-05-15,7.827327
2006-05-16,7.792497
2006-05-17,7.673069
2006-05-18,7.670581
2006-05-19,7.735269
2006-05-22,7.794982
2006-05-23,7.685508
2006-05-24,7.712881
2006-05-25,7.785031
2006-05-26,7.869622
2006-05-30,7.790006
2006-05-31,7.919383
2006-06-01,7.999002
2006-06-02,8.096032
2006-06-05,7.999002
2006-06-06,8.013928
2006-06-07,7.984072
2006-06-08,8.011441
2006-06-09,8.078620
2006-06-12,8.096032
2006-06-13,7.999002
2006-06-14,7.939289
2006-06-15,8.061207
2006-06-16,8.055932
2006-06-19,7.945542
2006-06-20,7.965616
2006-06-21,7.958088
2006-06-22,7.930490
2006-06-23,7.943035
2006-06-26,7.975648
2006-06-27,7.945542
2006-06-28,7.968123
2006-06-29,8.070988
2006-06-30,8.101094
2006-07-03,8.191416
2006-07-05,8.136212
2006-07-06,8.093568
2006-07-07,8.156287
2006-07-10,8.201444
2006-07-11,8.264167
2006-07-12,8.224028
2006-07-13,8.193921
2006-07-14,8.193921
2006-07-17,8.216499
2006-07-18,8.229046
2006-07-19,8.354486
2006-07-20,8.374558
2006-07-21,8.394626
2006-07-24,8.472404
2006-07-25,8.507525
2006-07-26,8.537634
2006-07-27,8.469893
2006-07-28,8.527600
2006-07-31,8.489964
2006-08-01,8.595335
2006-08-02,8.587811
2006-08-03,8.545158
2006-08-04,8.547667
2006-08-07,8.447313
2006-08-08,8.527600
2006-08-09,8.530107
2006-08-10,8.517562
2006-08-11,8.497492
2006-08-14,8.555194
2006-08-15,8.610391
2006-08-16,8.530107
2006-08-17,8.520071
2006-08-18,8.615408
2006-08-21,8.632969
2006-08-22,8.663076
2006-08-23,8.572761
2006-08-24,8.607882
2006-08-25,8.607882
2006-08-28,8.673110
2006-08-29,8.680637
2006-08-30,8.635479
2006-08-31,8.723286
2006-09-01,8.730815
2006-09-05,8.637984
2006-09-06,8.605372
2006-09-07,8.617912
2006-09-08,8.617912
2006-09-11,8.587811
2006-09-12,8.542650
2006-09-13,8.560210
2006-09-14,8.525088
2006-09-15,8.528125
2006-09-18,8.502831
2006-09-19,8.520535
2006-09-20,8.507891
2006-09-21,8.495244
2006-09-22,8.485127
2006-09-25,8.603996
2006-09-26,8.591353
2006-09-27,8.710219
2006-09-28,8.682398
2006-09-29,8.596412
2006-10-02,8.659636
2006-10-03,8.695045
2006-10-04,8.730453
2006-10-05,8.702633
2006-10-06,8.654575
2006-10-09,8.646990
2006-10-10,8.710219
2006-10-11,8.730453
2006-10-12,8.727922
2006-10-13,8.738034
2006-10-16,8.781032
2006-10-17,8.818968
2006-10-18,8.915074
2006-10-19,8.950480
2006-10-20,9.006124
2006-10-23,9.016241
2006-10-24,9.023827
2006-10-25,9.119932
2006-10-26,9.079464
2006-10-27,9.046589
2006-10-30,9.041528
2006-10-31,9.051646
2006-11-01,9.107287
2006-11-02,9.064290
2006-11-03,8.998533
2006-11-06,8.958070
2006-11-07,8.927721
2006-11-08,9.016241
2006-11-09,9.013711
2006-11-10,9.081994
2006-11-13,9.079464
2006-11-14,9.102233
2006-11-15,9.071877
2006-11-16,9.104759
2006-11-17,9.114871
2006-11-20,9.084527
2006-11-21,9.099701
2006-11-22,9.119932
2006-11-24,9.155343
2006-11-27,9.054175
2006-11-28,9.119932
2006-11-29,9.233738
2006-11-30,9.291914
2006-12-01,9.286851
2006-12-04,9.360198
2006-12-05,9.382958
2006-12-06,9.337437
2006-12-07,9.327317
2006-12-08,9.299499
2006-12-11,9.350081
2006-12-12,9.385488
2006-12-13,9.420897
2006-12-14,9.436069
2006-12-15,9.427388
2006-12-18,9.361037
2006-12-19,9.401871
2006-12-20,9.371246
2006-12-21,9.366146
2006-12-22,9.332968
2006-12-26,9.378902
2006-12-27,9.429944
2006-12-28,9.373798
2006-12-29,9.371246
2007-01-03,9.396770
2007-01-04,9.384006
2007-01-05,9.215570
2007-01-08,9.210467
2007-01-09,9.218122
2007-01-10,9.220671
2007-01-11,9.230885
2007-01-12,9.154318
2007-01-16,9.182393
2007-01-17,9.202811
2007-01-18,9.197702
2007-01-19,9.200258
2007-01-22,9.197702
2007-01-23,9.251298
2007-01-24,9.281924
2007-01-25,9.274270
2007-01-26,9.251298
2007-01-29,9.281924
2007-01-30,9.309998
2007-01-31,9.338072
2007-02-01,9.417184
2007-02-02,9.468225
2007-02-05,9.570310
2007-02-06,9.621352
2007-02-07,9.657080
2007-02-08,9.674944
2007-02-09,9.708122
2007-02-12,9.672394
2007-02-13,9.756610
2007-02-14,9.825520
2007-02-15,9.741298
2007-02-16,9.759165
2007-02-20,9.784686
2007-02-21,9.743852
2007-02-22,9.756610
2007-02-23,9.868901
2007-02-26,10.103689
2007-02-27,9.736196
2007-02-28,9.833168
2007-03-01,9.863799
2007-03-02,9.710675
2007-03-05,9.588173
2007-03-06,9.731090
2007-03-07,9.710675
2007-03-08,9.761713
2007-03-09,9.748955
2007-03-12,9.845935
2007-03-13,9.713224
2007-03-14,9.761713
2007-03-15,9.886768
2007-03-16,9.852901
2007-03-19,9.924745
2007-03-20,10.068430
2007-03-21,10.186462
2007-03-22,10.176192
2007-03-23,10.224947
2007-03-26,10.268567
2007-03-27,10.253169
2007-03-28,10.232643
2007-03-29,10.291663
2007-03-30,10.186462
2007-04-02,10.430220
2007-04-03,10.443045
2007-04-04,10.396861
2007-04-05,10.443045
2007-04-09,10.520020
2007-04-10,10.522581
2007-04-11,10.496930
2007-04-12,10.450747
2007-04-13,10.448176
2007-04-16,10.509757
2007-04-17,10.558508
2007-04-18,10.635484
2007-04-19,10.584171
2007-04-20,10.666277
2007-04-23,10.745817
2007-04-24,10.822794
2007-04-25,10.853582
2007-04-26,10.817657
2007-04-27,10.727855
2007-04-30,10.686806
2007-05-01,10.774039
2007-05-02,10.833058
2007-05-03,10.820227
2007-05-04,10.799700
2007-05-07,10.927990
2007-05-08,10.879244
2007-05-09,10.886938
2007-05-10,10.776610
2007-05-11,10.827926
2007-05-14,10.871543
2007-05-15,10.930561
2007-05-16,10.956214
2007-05-17,10.930561
2007-05-18,10.989577
2007-05-21,10.974182
2007-05-22,10.953648
2007-05-23,10.781739
2007-05-24,10.540549
2007-05-25,10.545680
2007-05-29,10.576468
2007-05-30,10.707329
2007-05-31,10.735554
2007-06-01,10.676539
2007-06-04,10.635484
2007-06-05,10.494362
2007-06-06,10.327584
2007-06-07,10.006849
2007-06-08,10.078693
2007-06-11,10.212119
2007-06-12,10.045339
2007-06-13,10.245473
2007-06-14,10.309620
2007-06-15,10.448101
2007-06-18,10.334426
2007-06-19,10.401602
2007-06-20,10.130314
2007-06-21,10.194906
2007-06-22,10.001140
2007-06-25,10.055394
2007-06-26,10.001140
2007-06-27,10.148404
2007-06-28,10.145824
2007-06-29,10.225910
2007-07-02,10.373177
2007-07-03,10.373177
2007-07-05,10.352509
2007-07-06,10.298253
2007-07-09,10.313753
2007-07-10,10.218162
2007-07-11,10.243997
2007-07-12,10.373177
2007-07-13,10.528192
2007-07-16,10.375765
2007-07-17,10.386097
2007-07-18,10.463608
2007-07-19,10.631536
2007-07-20,10.515275
2007-07-23,10.525616
2007-07-24,10.210410
2007-07-25,10.231078
2007-07-26,9.998556
2007-07-27,9.701441
2007-07-30,9.835785
2007-07-31,9.817705
2007-08-01,10.039894
2007-08-02,10.148404
2007-08-03,9.804785
2007-08-06,10.112234
2007-08-07,10.295670
2007-08-08,10.445520
2007-08-09,10.256916
2007-08-10,10.078648
2007-08-13,10.130314
2007-08-14,9.959805
2007-08-15,9.825453
2007-08-16,9.895212
2007-08-17,9.980467
2007-08-20,10.034726
2007-08-21,10.024393
2007-08-22,10.140652
2007-08-23,10.171658
2007-08-24,10.233663
2007-08-27,9.972713
2007-08-28,9.817705
2007-08-29,10.011474
2007-08-30,9.993389
2007-08-31,9.972713
2007-09-04,10.166490
2007-09-05,10.140652
2007-09-06,10.153573
2007-09-07,10.078648
2007-09-10,10.086400
2007-09-11,10.153573
2007-09-12,10.238829
2007-09-13,10.259498
2007-09-14,10.256916
2007-09-17,10.264668
2007-09-18,10.502360
2007-09-19,10.618620
2007-09-20,10.473938
2007-09-21,10.490589
2007-09-24,10.529617
2007-09-25,10.542624
2007-09-26,10.594664
2007-09-27,10.519213
2007-09-28,10.355295
2007-10-01,10.495792
2007-10-02,10.534822
2007-10-03,10.500996
2007-10-04,10.558239
2007-10-05,10.641496
2007-10-08,10.625887
2007-10-09,10.742971
2007-10-10,10.662312
2007-10-11,10.771586
2007-10-12,10.742971
2007-10-15,10.664917
2007-10-16,10.638897
2007-10-17,10.667515
2007-10-18,10.573846
2007-10-19,10.339682
2007-10-22,10.412538
2007-10-23,10.417738
2007-10-24,10.407332
2007-10-25,10.662312
2007-10-26,10.808015
2007-10-29,10.904284
2007-10-30,10.917291
2007-10-31,11.044778
2007-11-01,10.818424
2007-11-02,10.906884
2007-11-05,11.026569
2007-11-06,11.036975
2007-11-07,10.784596
2007-11-08,10.995350
2007-11-09,10.909485
2007-11-12,10.719554
2007-11-13,10.810621
2007-11-14,10.745567
2007-11-15,10.841838
2007-11-16,10.844439
2007-11-19,10.875659
2007-11-20,11.008352
2007-11-21,10.917291
2007-11-23,10.906884
2007-11-26,10.888666
2007-11-27,10.930300
2007-11-28,11.120238
2007-11-29,11.044778
2007-11-30,11.117633
2007-12-03,11.226907
2007-12-04,11.307568
2007-12-05,11.502702
2007-12-06,11.435052
2007-12-07,11.494900
2007-12-10,11.546935
2007-12-11,11.278944
2007-12-12,11.281549
2007-12-13,11.448062
2007-12-14,11.234710
2007-12-17,11.130641
2007-12-18,11.229511
2007-12-19,11.200891
2007-12-20,11.250325
2007-12-21,11.273136
2007-12-24,11.328192
2007-12-26,11.270513
2007-12-27,11.170884
2007-12-28,11.252164
2007-12-31,11.097485
2008-01-02,11.034565
2008-01-03,11.018830
2008-01-04,11.102724
2008-01-07,11.333429
2008-01-08,11.336054
2008-01-09,11.459269
2008-01-10,11.388489
2008-01-11,11.385863
2008-01-14,11.401597
2008-01-15,11.280995
2008-01-16,11.079128
2008-01-17,10.651802
2008-01-18,10.494502
2008-01-22,10.132713
2008-01-23,10.402744
2008-01-24,10.119603
2008-01-25,10.009494
2008-01-28,10.166795
2008-01-29,10.200877
2008-01-30,10.148438
2008-01-31,10.282146
2008-02-01,10.549555
2008-02-04,10.701619
2008-02-05,10.379146
2008-02-06,10.360795
2008-02-07,10.305738
2008-02-08,10.224469
2008-02-11,10.308361
2008-02-12,10.484018
2008-02-13,10.434201
2008-02-14,10.303118
2008-02-15,10.447310
2008-02-19,10.363416
2008-02-20,10.384391
2008-02-21,10.156307
2008-02-22,10.334579
2008-02-25,10.345063
2008-02-26,10.478768
2008-02-27,10.227093
2008-02-28,10.158927
2008-02-29,9.860061
2008-03-03,10.009494
2008-03-04,10.182527
2008-03-05,10.153682
2008-03-06,9.946574
2008-03-07,9.883657
2008-03-10,9.870548
2008-03-11,10.040955
2008-03-12,10.040955
2008-03-13,10.009494
2008-03-14,9.936088
2008-03-17,9.941331
2008-03-18,10.116978
2008-03-19,9.917739
2008-03-20,9.888956
2008-03-24,9.920642
2008-03-25,9.891592
2008-03-26,9.928566
2008-03-27,10.028903
2008-03-28,9.936483
2008-03-31,10.018342
2008-04-01,10.277121
2008-04-02,10.409147
2008-04-03,10.353696
2008-04-04,10.343133
2008-04-07,10.388022
2008-04-08,10.456679
2008-04-09,10.430270
2008-04-10,10.356339
2008-04-11,10.369535
2008-04-14,10.353696
2008-04-15,10.467239
2008-04-16,10.686409
2008-04-17,10.707533
2008-04-18,10.741862
2008-04-21,10.644160
2008-04-22,10.612470
2008-04-23,10.628317
2008-04-24,10.617748
2008-04-25,10.652081
2008-04-28,10.549100
2008-04-29,10.599270
2008-04-30,10.530612
2008-05-01,10.654722
2008-05-02,10.831641
2008-05-05,10.675847
2008-05-06,10.673203
2008-05-07,10.512131
2008-05-08,10.538537
2008-05-09,10.572863
2008-05-12,10.675847
2008-05-13,10.660002
2008-05-14,10.699610
2008-05-15,10.689045
2008-05-16,10.768266
2008-05-19,10.889732
2008-05-20,10.963665
2008-05-21,10.908216
2008-05-22,10.971592
2008-05-23,10.802598
2008-05-27,10.858048
2008-05-28,10.865965
2008-05-29,10.982154
2008-05-30,10.908216
2008-06-02,10.829002
2008-06-03,10.733936
2008-06-04,10.863327
2008-06-05,10.992718
2008-06-06,10.704892
2008-06-09,10.871241
2008-06-10,10.860682
2008-06-11,10.850124
2008-06-12,10.805231
2008-06-13,10.902936
2008-06-16,10.913502
2008-06-17,10.974228
2008-06-18,10.931976
2008-06-19,10.945179
2008-06-20,10.818828
2008-06-23,10.949168
2008-06-24,10.858733
2008-06-25,10.986419
2008-06-26,10.659216
2008-06-27,10.568772
2008-06-30,10.826807
2008-07-01,10.882673
2008-07-02,10.853412
2008-07-03,10.741685
2008-07-07,10.635278
2008-07-08,10.691139
2008-07-09,10.818828
2008-07-10,10.845428
2008-07-11,10.762965
2008-07-14,10.688482
2008-07-15,10.613998
2008-07-16,10.403843
2008-07-17,10.238917
2008-07-18,10.249557
2008-07-21,10.430448
2008-07-22,10.395866
2008-07-23,10.143147
2008-07-24,10.127187
2008-07-25,10.004825
2008-07-28,10.028764
2008-07-29,10.042064
2008-07-30,10.238917
2008-07-31,10.129848
2008-08-01,9.839892
2008-08-04,9.733488
2008-08-05,9.813291
2008-08-06,9.866494
2008-08-07,9.858511
2008-08-08,9.887774
2008-08-11,9.996844
2008-08-12,9.879794
2008-08-13,9.879794
2008-08-14,9.794676
2008-08-15,9.829249
2008-08-18,9.842553
2008-08-19,9.895757
2008-08-20,9.932996
2008-08-21,10.028764
2008-08-22,10.068666
2008-08-25,9.962261
2008-08-26,10.071323
2008-08-27,10.143147
2008-08-28,10.159111
2008-08-29,10.018122
2008-09-02,9.895757
2008-09-03,9.738807
2008-09-04,9.616441
2008-09-05,9.414265
2008-09-08,9.651021
2008-09-09,9.347764
2008-09-10,9.451514
2008-09-11,9.525996
2008-09-12,9.704223
2008-09-15,9.366387
2008-09-16,9.225398
2008-09-17,8.778490
2008-09-18,9.100368
2008-09-19,9.392894
2008-09-22,9.159414
2008-09-23,9.001074
2008-09-24,9.084272
2008-09-25,9.264076
2008-09-26,9.266758
2008-09-29,8.781013
2008-09-30,8.917880
2008-10-01,8.880305
2008-10-02,8.751495
2008-10-03,8.619992
2008-10-06,8.198655
2008-10-07,7.863194
2008-10-08,7.726326
2008-10-09,7.205688
2008-10-10,6.913169
2008-10-13,7.747796
2008-10-14,7.683384
2008-10-15,7.111761
2008-10-16,7.318405
2008-10-17,7.355977
2008-10-20,7.975906
2008-10-21,7.723641
2008-10-22,7.396234
2008-10-23,7.573356
2008-10-24,7.372080
2008-10-27,7.084925
2008-10-28,7.798786
2008-10-29,7.549202
2008-10-30,7.970541
2008-10-31,7.758531
2008-11-03,7.839038
2008-11-04,7.986642
2008-11-05,7.839038
2008-11-06,7.471377
2008-11-07,7.798786
2008-11-10,7.610924
2008-11-11,7.610924
2008-11-12,7.358661
2008-11-13,7.916868
2008-11-14,7.729010
2008-11-17,7.715588
2008-11-18,7.632397
2008-11-19,7.468691
2008-11-20,7.033935
2008-11-21,7.737059
2008-11-24,7.814887
2008-11-25,7.970541
2008-11-26,7.943701
2008-11-28,8.083256
2008-12-01,7.546518
2008-12-02,7.742427
2008-12-03,7.876612
2008-12-04,7.592142
2008-12-05,7.640447
2008-12-08,7.763896
2008-12-09,7.653867
2008-12-10,7.769266
2008-12-11,7.707540
2008-12-12,7.755843
2008-12-15,7.635083
2008-12-16,7.895396
2008-12-17,7.656550
2008-12-18,7.720959
2008-12-19,7.766882
2008-12-22,7.663616
2008-12-23,7.576657
2008-12-24,7.614701
2008-12-26,7.631006
2008-12-29,7.647311
2008-12-30,7.764167
2008-12-31,7.889177
2009-01-02,8.073976
2009-01-05,8.188114
2009-01-06,8.071257
2009-01-07,8.006035
2009-01-08,7.965267
2009-01-09,7.902765
2009-01-12,7.905483
2009-01-13,7.756015
2009-01-14,7.660898
2009-01-15,7.701663
2009-01-16,7.853846
2009-01-20,7.717968
2009-01-21,7.804929
2009-01-22,7.802213
2009-01-23,7.818520
2009-01-26,8.006035
2009-01-27,8.044083
2009-01-28,8.095716
2009-01-29,8.035923
2009-01-30,7.875589
2009-02-02,7.919069
2009-02-03,7.954397
2009-02-04,8.014188
2009-02-05,8.071257
2009-02-06,8.122890
2009-02-09,8.076692
2009-02-10,7.848413
2009-02-11,7.823954
2009-02-12,7.756015
2009-02-13,7.709815
2009-02-17,7.375550
2009-02-18,7.264131
2009-02-19,7.296740
2009-02-20,7.130970
2009-02-23,6.959759
2009-02-24,7.160861
2009-02-25,7.114663
2009-02-26,6.997805
2009-02-27,6.889105
2009-03-02,6.671694
2009-03-03,6.432546
2009-03-04,6.492333
2009-03-05,6.307537
2009-03-06,6.299383
2009-03-09,6.179811
2009-03-10,6.261338
2009-03-11,6.250467
2009-03-12,6.331995
2009-03-13,6.418960
2009-03-16,6.592883
2009-03-17,6.696156
2009-03-18,6.913560
2009-03-19,7.014112
2009-03-20,6.965205
2009-03-23,7.234471
2009-03-24,7.077855
2009-03-25,7.075109
2009-03-26,7.160286
2009-03-27,7.088847
2009-03-30,6.948719
2009-03-31,7.020156
2009-04-01,7.047634
2009-04-02,7.138300
2009-04-03,7.185012
2009-04-06,7.124566
2009-04-07,7.091594
2009-04-08,7.160286
2009-04-09,7.163033
2009-04-13,7.069615
2009-04-14,6.978941
2009-04-15,7.044884
2009-04-16,7.094341
2009-04-17,7.083353
2009-04-20,7.003670
2009-04-21,7.028399
2009-04-22,6.954215
2009-04-23,6.978941
2009-04-24,6.967953
2009-04-27,7.017410
2009-04-28,7.044884
2009-04-29,7.097089
2009-04-30,7.102585
2009-05-01,7.289422
2009-05-04,7.399327
2009-05-05,7.385589
2009-05-06,7.341631
2009-05-07,7.380094
2009-05-08,7.487253
2009-05-11,7.454280
2009-05-12,7.506487
2009-05-13,7.305907
2009-05-14,7.300414
2009-05-15,7.127314
2009-05-18,7.127314
2009-05-19,7.256451
2009-05-20,7.124566
2009-05-21,7.039388
2009-05-22,7.097089
2009-05-26,7.303162
2009-05-27,7.154788
2009-05-28,7.303162
2009-05-29,7.355366
2009-06-01,7.591659
2009-06-02,7.500989
2009-06-03,7.374599
2009-06-04,7.443288
2009-06-05,7.451533
2009-06-08,7.404823
2009-06-09,7.385589
2009-06-10,7.500989
2009-06-11,7.646613
2009-06-12,7.742777
2009-06-15,7.586164
2009-06-16,7.533961
2009-06-17,7.555939
2009-06-18,7.726295
2009-06-19,7.633756
2009-06-22,7.611525
2009-06-23,7.544827
2009-06-24,7.608743
2009-06-25,7.736575
2009-06-26,7.708786
2009-06-29,7.808826
2009-06-30,7.750472
2009-07-01,7.850510
2009-07-02,7.625420
2009-07-06,7.669883
2009-07-07,7.517040
2009-07-08,7.483692
2009-07-09,7.486471
2009-07-10,7.478134
2009-07-13,7.608743
2009-07-14,7.667101
2009-07-15,7.819944
2009-07-16,7.822724
2009-07-17,7.786594
2009-07-20,7.844955
2009-07-21,7.922764
2009-07-22,7.881080
2009-07-23,8.086720
2009-07-24,8.214553
2009-07-27,8.195100
2009-07-28,8.061710
2009-07-29,8.022808
2009-07-30,8.145081
2009-07-31,8.042259
2009-08-03,8.122848
2009-08-04,8.003353
2009-08-05,7.947777
2009-08-06,7.961670
2009-08-07,8.036698
2009-08-10,8.053375
2009-08-11,8.058931
2009-08-12,8.097839
2009-08-13,8.070049
2009-08-14,8.070049
2009-08-17,7.958891
2009-08-18,7.975564
2009-08-19,8.033923
2009-08-20,8.100615
2009-08-21,8.259015
2009-08-24,8.272907
2009-08-25,8.220112
2009-08-26,8.211772
2009-08-27,8.211772
2009-08-28,8.192325
2009-08-31,8.122848
2009-09-01,8.058931
2009-09-02,8.003353
2009-09-03,7.997796
2009-09-04,8.036698
2009-09-08,8.056152
2009-09-09,8.045040
2009-09-10,8.045040
2009-09-11,8.042259
2009-09-14,8.158976
2009-09-15,8.220112
2009-09-16,8.350723
2009-09-17,8.295144
2009-09-18,8.333043
2009-09-21,8.293742
2009-09-22,8.271275
2009-09-23,8.243203
2009-09-24,8.220740
2009-09-25,8.198282
2009-09-28,8.268471
2009-09-29,8.285314
2009-09-30,8.234778
2009-10-01,8.094397
2009-10-02,8.007360
2009-10-05,8.094397
2009-10-06,8.156166
2009-10-07,8.161781
2009-10-08,8.161781
2009-10-09,8.212316
2009-10-12,8.296546
2009-10-13,8.237586
2009-10-14,8.243203
2009-10-15,8.307775
2009-10-16,8.335853
2009-10-19,8.453772
2009-10-20,8.369543
2009-10-21,8.380776
2009-10-22,8.400429
2009-10-23,8.262859
2009-10-26,8.153358
2009-10-27,8.133702
2009-10-28,8.052281
2009-10-29,8.122472
2009-10-30,7.970859
2009-11-02,7.956824
2009-11-03,7.939976
2009-11-04,7.993319
2009-11-05,8.128091
2009-11-06,8.119666
2009-11-09,8.265665
2009-11-10,8.304969
2009-11-11,8.285314
2009-11-12,8.170201
2009-11-13,8.243203
2009-11-16,8.358313
2009-11-17,8.313390
2009-11-18,8.276895
2009-11-19,8.175816
2009-11-20,8.212316
2009-11-23,8.316198
2009-11-24,8.333043
2009-11-25,8.428505
2009-11-27,8.285314
2009-11-30,8.355507
2009-12-01,8.512733
2009-12-02,8.627847
2009-12-03,8.655922
2009-12-04,8.602577
2009-12-07,8.678386
2009-12-08,8.641886
2009-12-09,8.672768
2009-12-10,8.782266
2009-12-11,8.933877
2009-12-14,8.975993
2009-12-15,8.919841
2009-12-16,8.880532
2009-12-17,8.829999
2009-12-18,8.906419
2009-12-21,8.931989
2009-12-22,8.858123
2009-12-23,8.878010
2009-12-24,8.943349
2009-12-28,8.949031
2009-12-29,8.943349
2009-12-30,8.940510
2009-12-31,8.812667
2010-01-04,8.829715
2010-01-05,8.724597
2010-01-06,8.775734
2010-01-07,8.735960
2010-01-08,8.727438
2010-01-11,8.818351
2010-01-12,8.781418
2010-01-13,8.878010
2010-01-14,8.838238
2010-01-15,8.781418
2010-01-19,8.883691
2010-01-20,8.789940
2010-01-21,8.662097
2010-01-22,8.471749
2010-01-25,8.528570
2010-01-26,8.562660
2010-01-27,8.505840
2010-01-28,8.440501
2010-01-29,8.389364
2010-02-01,8.443339
2010-02-02,8.511523
2010-02-03,8.451859
2010-02-04,8.230268
2010-02-05,8.216063
2010-02-08,8.122316
2010-02-09,8.204700
2010-02-10,8.167768
2010-02-11,8.216063
2010-02-12,8.184812
2010-02-16,8.326859
2010-02-17,8.292771
2010-02-18,8.338223
2010-02-19,8.454705
2010-02-22,8.409248
2010-02-23,8.352429
2010-02-24,8.360958
2010-02-25,8.343906
2010-02-26,8.278564
2010-03-01,8.397886
2010-03-02,8.423453
2010-03-03,8.409248
2010-03-04,8.426298
2010-03-05,8.511523
2010-03-08,8.511523
2010-03-09,8.500158
2010-03-10,8.503004
2010-03-11,8.531412
2010-03-12,8.477430
2010-03-15,8.508681
2010-03-16,8.608117
2010-03-17,8.636529
2010-03-18,8.596752
2010-03-19,8.587291
2010-03-22,8.529971
2010-03-23,8.564362
2010-03-24,8.475510
2010-03-25,8.421052
2010-03-26,8.441118
2010-03-29,8.544302
2010-03-30,8.521373
2010-03-31,8.501308
2010-04-01,8.618823
2010-04-05,8.670416
2010-04-06,8.742071
2010-04-07,8.656081
2010-04-08,8.604490
2010-04-09,8.667549
2010-04-12,8.690480
2010-04-13,8.644619
2010-04-14,8.653219
2010-04-15,8.650353
2010-04-16,8.550034
2010-04-19,8.558632
2010-04-20,8.667549
2010-04-21,8.676147
2010-04-22,8.704811
2010-04-23,8.773598
2010-04-26,8.742071
2010-04-27,8.593026
2010-04-28,8.681880
2010-04-29,8.690480
2010-04-30,8.724875
2010-05-03,8.836658
2010-05-04,8.684751
2010-05-05,8.624555
2010-05-06,8.386656
2010-05-07,8.340795
2010-05-10,8.598761
2010-05-11,8.615952
2010-05-12,8.687610
2010-05-13,8.650353
2010-05-14,8.578695
2010-05-17,8.587291
2010-05-18,8.504170
2010-05-19,8.418185
2010-05-20,8.165953
2010-05-21,8.203217
2010-05-24,8.125826
2010-05-25,8.082834
2010-05-26,8.079969
2010-05-27,8.234744
2010-05-28,8.243342
2010-06-01,8.051305
2010-06-02,8.220414
2010-06-03,8.306402
2010-06-04,8.059903
2010-06-07,8.108629
2010-06-08,8.214681
2010-06-09,8.168822
2010-06-10,8.369458
2010-06-11,8.375193
2010-06-14,8.423920
2010-06-15,8.587291
2010-06-16,8.641754
2010-06-17,8.704811
2010-06-18,8.712628
2010-06-21,8.651806
2010-06-22,8.437466
2010-06-23,8.362159
2010-06-24,8.315812
2010-06-25,8.353464
2010-06-28,8.408499
2010-06-29,8.237608
2010-06-30,8.185473
2010-07-01,8.147815
2010-07-02,8.156506
2010-07-06,8.252088
2010-07-07,8.506979
2010-07-08,8.573599
2010-07-09,8.631525
2010-07-12,8.660494
2010-07-13,8.689462
2010-07-14,8.692353
2010-07-15,8.750285
2010-07-16,8.599668
2010-07-19,8.732904
2010-07-20,8.811111
2010-07-21,8.674973
2010-07-22,8.814009
2010-07-23,8.828491
2010-07-26,8.892210
2010-07-27,9.022554
2010-07-28,8.979107
2010-07-29,8.840078
2010-07-30,8.796634
2010-08-02,8.979107
2010-08-03,8.935658
2010-08-04,8.973311
2010-08-05,8.958834
2010-08-06,8.976214
2010-08-09,9.008073
2010-08-10,9.060209
2010-08-11,8.877733
2010-08-12,8.860352
2010-08-13,8.892210
2010-08-16,8.892210
2010-08-17,8.979107
2010-08-18,8.929869
2010-08-19,8.802423
2010-08-20,8.825593
2010-08-23,8.883523
2010-08-24,8.898006
2010-08-25,8.892210
2010-08-26,8.851665
2010-08-27,9.019657
2010-08-30,8.883523
2010-08-31,8.924075
2010-09-01,9.118138
2010-09-02,9.118138
2010-09-03,9.158689
2010-09-07,9.112344
2010-09-08,9.068896
2010-09-09,9.158689
2010-09-10,9.106555
2010-09-13,9.138413
2010-09-14,9.126827
2010-09-15,9.074689
2010-09-16,9.042830
2010-09-17,9.027319
2010-09-20,9.147298
2010-09-21,9.100477
2010-09-22,9.164850
2010-09-23,9.059511
2010-09-24,9.205817
2010-09-27,9.223379
2010-09-28,9.229231
2010-09-29,9.211672
2010-09-30,9.182407
2010-10-01,9.232155
2010-10-04,9.214599
2010-10-05,9.317017
2010-10-06,9.273121
2010-10-07,9.290680
2010-10-08,9.319941
2010-10-11,9.322867
2010-10-12,9.284827
2010-10-13,9.319941
2010-10-14,9.305313
2010-10-15,9.334574
2010-10-18,9.334574
2010-10-19,9.352129
2010-10-20,9.428209
2010-10-21,9.387245
2010-10-22,9.325794
2010-10-25,9.305313
2010-10-26,9.281899
2010-10-27,9.243858
2010-10-28,9.267270
2010-10-29,9.281899
2010-11-01,9.191192
2010-11-02,9.299457
2010-11-03,9.281899
2010-11-04,9.381392
2010-11-05,9.378467
2010-11-08,9.325794
2010-11-09,9.293608
2010-11-10,9.252639
2010-11-11,9.246789
2010-11-12,9.170704
2010-11-15,9.202893
2010-11-16,9.094625
2010-11-17,9.091699
2010-11-18,9.144372
2010-11-19,9.109258
2010-11-22,9.135592
2010-11-23,9.036098
2010-11-24,9.091699
2010-11-26,9.030246
2010-11-29,9.012690
2010-11-30,9.000985
2010-12-01,9.106331
2010-12-02,9.132665
2010-12-03,9.153149
2010-12-06,9.126812
2010-12-07,9.065359
2010-12-08,9.033175
2010-12-09,9.071214
2010-12-10,9.106331
2010-12-13,9.150225
2010-12-14,9.173632
2010-12-15,9.094625
2010-12-16,9.176558
2010-12-17,9.224232
2010-12-20,9.236078
2010-12-21,9.239038
2010-12-22,9.280496
2010-12-23,9.286421
2010-12-27,9.292339
2010-12-28,9.324915
2010-12-29,9.292339
2010-12-30,9.277533
2010-12-31,9.280496
2011-01-03,9.324915
2011-01-04,9.369334
2011-01-05,9.310108
2011-01-06,9.318994
2011-01-07,9.351568
2011-01-10,9.301228
2011-01-11,9.316030
2011-01-12,9.363410
2011-01-13,9.354527
2011-01-14,9.398947
2011-01-18,9.422635
2011-01-19,9.398947
2011-01-20,9.470015
2011-01-21,9.461131
2011-01-24,9.514434
2011-01-25,9.499628
2011-01-26,9.464091
2011-01-27,9.499628
2011-01-28,9.372293
2011-01-31,9.393023
2011-02-01,9.487782
2011-02-02,9.437445
2011-02-03,9.475938
2011-02-04,9.416717
2011-02-07,9.478900
2011-02-08,9.475938
2011-02-09,9.475938
2011-02-10,9.493704
2011-02-11,9.475938
2011-02-14,9.407831
2011-02-15,9.437445
2011-02-16,9.416717
2011-02-17,9.434482
2011-02-18,9.449290
2011-02-22,9.407831
2011-02-23,9.387102
2011-02-24,9.351568
2011-02-25,9.404871
2011-02-28,9.508510
2011-03-01,9.413751
2011-03-02,9.428560
2011-03-03,9.535164
2011-03-04,9.478900
2011-03-07,9.514434
2011-03-08,9.621040
2011-03-09,9.718760
2011-03-10,9.609193
2011-03-11,9.629920
2011-03-14,9.502589
2011-03-15,9.321954
2011-03-16,9.176858
2011-03-17,9.188698
2011-03-18,9.234452
2011-03-21,9.342107
2011-03-22,9.357060
2011-03-23,9.351081
2011-03-24,9.389956
2011-03-25,9.386965
2011-03-28,9.354068
2011-03-29,9.446772
2011-03-30,9.554428
2011-03-31,9.530506
2011-04-01,9.605266
2011-04-04,9.599284
2011-04-05,9.560410
2011-04-06,9.629191
2011-04-07,9.590318
2011-04-08,9.563398
2011-04-11,9.437800
2011-04-12,9.413877
2011-04-13,9.437800
2011-04-14,9.494618
2011-04-15,9.599284
2011-04-18,9.515552
2011-04-19,9.518540
2011-04-20,9.641152
2011-04-21,9.641152
2011-04-25,9.653113
2011-04-26,9.730863
2011-04-27,9.808612
2011-04-28,9.895335
2011-04-29,9.916270
2011-05-02,9.919263
2011-05-03,9.982061
2011-05-04,9.970097
2011-05-05,9.898328
2011-05-06,9.955150
2011-05-09,9.976079
2011-05-10,10.119619
2011-05-11,10.086724
2011-05-12,10.188399
2011-05-13,10.140557
2011-05-16,10.152513
2011-05-17,10.227277
2011-05-18,10.194382
2011-05-19,10.218304
2011-05-20,10.206340
2011-05-23,10.086724
2011-05-24,10.077753
2011-05-25,10.056823
2011-05-26,10.053830
2011-05-27,10.053830
2011-05-31,10.128592
2011-06-01,10.023928
2011-06-02,9.994022
2011-06-03,9.925241
2011-06-06,9.880387
2011-06-07,9.892346
2011-06-08,9.916270
2011-06-09,9.925241
2011-06-10,9.859452
2011-06-13,9.904307
2011-06-14,9.943185
2011-06-15,9.820576
2011-06-16,9.898328
2011-06-17,9.965998
2011-06-20,10.023393
2011-06-21,10.029437
2011-06-22,9.962977
2011-06-23,9.878392
2011-06-24,9.908599
2011-06-27,9.981102
2011-06-28,10.026417
2011-06-29,10.092874
2011-06-30,10.114021
2011-07-01,10.234861
2011-07-05,10.174439
2011-07-06,10.195588
2011-07-07,10.237879
2011-07-08,10.198609
2011-07-11,10.089853
2011-07-12,10.135169
2011-07-13,10.107978
2011-07-14,10.062662
2011-07-15,10.077768
2011-07-18,9.981102
2011-07-19,10.068707
2011-07-20,10.129128
2011-07-21,10.280171
2011-07-22,10.216734
2011-07-25,10.252985
2011-07-26,10.216734
2011-07-27,10.186522
2011-07-28,10.123088
2011-07-29,10.020374
2011-08-01,10.050583
2011-08-02,9.878392
2011-08-03,9.878392
2011-08-04,9.555150
2011-08-05,9.633697
2011-08-08,9.123162
2011-08-09,9.422230
2011-08-10,9.243999
2011-08-11,9.633697
2011-08-12,9.576301
2011-08-15,9.902559
2011-08-16,9.890475
2011-08-17,9.962977
2011-08-18,9.845159
2011-08-19,9.784740
2011-08-22,9.760575
2011-08-23,9.935785
2011-08-24,10.150274
2011-08-25,9.984120
2011-08-26,9.969016
2011-08-29,10.165376
2011-08-30,10.171418
2011-08-31,10.237879
2011-09-01,10.171418
2011-09-02,10.056625
2011-09-06,10.008289
2011-09-07,10.120061
2011-09-08,10.114021
2011-09-09,9.908599
2011-09-12,9.990166
2011-09-13,10.056625
2011-09-14,10.126107
2011-09-15,10.252985
2011-09-16,10.369866
2011-09-19,10.311882
2011-09-20,10.461417
2011-09-21,10.269157
2011-09-22,10.095210
2011-09-23,10.195915
2011-09-26,10.278315
2011-09-27,10.314935
2011-09-28,10.211178
2011-09-29,10.375971
2011-09-30,10.260002
2011-10-03,10.015862
2011-10-04,9.967033
2011-10-05,9.973140
2011-10-06,10.150139
2011-10-07,10.192865
2011-10-10,10.391225
2011-10-11,10.296625
2011-10-12,10.272207
2011-10-13,10.272207
2011-10-14,10.369866
2011-10-17,10.327144
2011-10-18,10.400381
2011-10-19,10.409540
2011-10-20,10.467520
2011-10-21,10.644525
2011-10-24,10.598745
2011-10-25,10.479732
2011-10-26,10.522458
2011-10-27,10.772698
2011-10-28,10.684195
2011-10-31,10.635370
2011-11-01,10.412593
2011-11-02,10.595697
2011-11-03,10.723868
2011-11-04,10.675037
2011-11-07,10.733026
2011-11-08,10.803218
2011-11-09,10.568231
2011-11-10,10.638420
2011-11-11,10.791006
2011-11-14,10.662834
2011-11-15,10.681142
2011-11-16,10.552973
2011-11-17,10.498039
2011-11-18,10.571280
2011-11-21,10.440056
2011-11-22,10.311882
2011-11-23,10.150139
2011-11-25,10.202024
2011-11-28,10.330195
2011-11-29,10.443110
2011-11-30,10.745232
2011-12-01,10.714714
2011-12-02,10.604851
2011-12-05,10.687250
2011-12-06,10.717766
2011-12-07,10.702508
2011-12-08,10.546867
2011-12-09,10.681142
2011-12-12,10.589593
2011-12-13,10.629267
2011-12-14,10.562125
2011-12-15,10.690299
2011-12-16,10.658820
2011-12-19,10.578591
2011-12-20,10.803865
2011-12-21,10.964332
2011-12-22,10.976675
2011-12-23,11.047653
2011-12-27,11.137143
2011-12-28,11.097026
2011-12-29,11.183433
2011-12-30,11.103196
2012-01-03,10.905699
2012-01-04,10.843980
2012-01-05,10.865582
2012-01-06,10.806949
2012-01-09,10.822379
2012-01-10,10.837805
2012-01-11,10.788436
2012-01-12,10.773005
2012-01-13,10.766830
2012-01-17,10.757573
2012-01-18,10.754488
2012-01-19,10.664999
2012-01-20,10.680426
2012-01-23,10.723631
2012-01-24,10.637219
2012-01-25,10.813122
2012-01-26,10.850149
2012-01-27,10.717458
2012-01-30,10.649563
2012-01-31,10.702029
2012-02-01,10.739061
2012-02-02,10.720544
2012-02-03,10.748318
2012-02-06,10.702029
2012-02-07,10.779173
2012-02-08,10.791516
2012-02-09,10.760659
2012-02-10,10.739061
2012-02-13,10.726716
2012-02-14,10.729803
2012-02-15,10.708196
2012-02-16,10.822379
2012-02-17,10.816208
2012-02-21,10.776090
2012-02-22,10.788436
2012-02-23,10.779173
2012-02-24,10.825461
2012-02-27,10.822379
2012-02-28,10.769918
2012-02-29,10.766830
2012-03-01,10.794605
2012-03-02,10.788436
2012-03-05,10.813122
2012-03-06,10.769918
2012-03-07,10.776090
2012-03-08,10.810032
2012-03-09,10.853237
2012-03-12,10.976675
2012-03-13,11.013705
2012-03-14,10.850149
2012-03-15,10.840893
2012-03-16,10.832171
2012-03-19,10.757422
2012-03-20,10.769884
2012-03-21,10.748078
2012-03-22,10.773000
2012-03-23,10.776111
2012-03-26,10.850858
2012-03-27,10.903810
2012-03-28,10.813488
2012-03-29,10.857089
2012-03-30,10.913151
2012-04-02,10.969213
2012-04-03,10.962981
2012-04-04,10.947412
2012-04-05,10.866430
2012-04-09,10.810370
2012-04-10,10.670221
2012-04-11,10.695135
2012-04-12,10.729398
2012-04-13,10.692021
2012-04-16,10.791687
2012-04-17,10.847748
2012-04-18,10.829062
2012-04-19,10.801031
2012-04-20,10.906921
2012-04-23,10.860203
2012-04-24,10.934949
2012-04-25,10.991014
2012-04-26,11.053303
2012-04-27,11.090679
2012-04-30,11.106250
2012-05-01,11.162308
2012-05-02,11.096907
2012-05-03,11.062645
2012-05-04,11.078218
2012-05-07,11.056417
2012-05-08,11.075105
2012-05-09,11.081332
2012-05-10,11.184106
2012-05-11,11.190338
2012-05-14,11.177880
2012-05-15,11.100019
2012-05-16,11.115590
2012-05-17,11.053303
2012-05-18,11.031500
2012-05-21,11.043957
2012-05-22,11.121821
2012-05-23,11.062645
2012-05-24,11.106250
2012-05-25,11.143625
2012-05-29,11.177880
2012-05-30,11.109364
2012-05-31,11.168537
2012-06-01,11.121821
2012-06-04,11.159195
2012-06-05,11.199682
2012-06-06,11.355407
2012-06-07,11.442614
2012-06-08,11.467525
2012-06-11,11.458183
2012-06-12,11.470644
2012-06-13,11.473757
2012-06-14,11.551616
2012-06-15,11.608834
2012-06-18,11.652841
2012-06-19,11.627691
2012-06-20,11.514527
2012-06-21,11.395071
2012-06-22,11.398212
2012-06-25,11.376217
2012-06-26,11.391931
2012-06-27,11.520817
2012-06-28,11.561679
2012-06-29,11.627691
2012-07-02,11.699991
2012-07-03,11.671700
2012-07-05,11.602544
2012-07-06,11.577397
2012-07-09,11.539673
2012-07-10,11.558537
2012-07-11,11.618260
2012-07-12,11.633978
2012-07-13,11.737711
2012-07-16,11.731426
2012-07-17,11.756570
2012-07-18,11.794293
2012-07-19,11.816299
2012-07-20,11.841445
2012-07-23,11.762860
2012-07-24,11.659122
2012-07-25,11.652841
2012-07-26,11.835162
2012-07-27,11.973470
2012-07-30,12.017481
2012-07-31,11.920032
2012-08-01,11.828873
2012-08-02,11.762860
2012-08-03,11.901170
2012-08-06,11.872882
2012-08-07,11.750288
2012-08-08,11.766002
2012-08-09,11.766002
2012-08-10,11.800581
2012-08-13,11.788006
2012-08-14,11.775435
2012-08-15,11.718851
2012-08-16,11.690560
2012-08-17,11.659122
2012-08-20,11.681128
2012-08-21,11.596256
2012-08-22,11.577397
2012-08-23,11.457942
2012-08-24,11.511381
2012-08-27,11.536532
2012-08-28,11.514527
2012-08-29,11.495669
2012-08-30,11.439080
2012-08-31,11.426510
2012-09-04,11.470516
2012-09-05,11.420218
2012-09-06,11.549105
2012-09-07,11.511381
2012-09-10,11.498808
2012-09-11,11.470516
2012-09-12,11.404505
2012-09-13,11.564818
2012-09-14,11.486236
2012-09-17,11.413934
2012-09-18,11.379360
2012-09-19,11.391931
2012-09-20,11.439080
2012-09-21,11.445754
2012-09-24,11.553761
2012-09-25,11.528350
2012-09-26,11.553761
2012-09-27,11.506111
2012-09-28,11.560112
2012-10-01,11.506111
2012-10-02,11.566470
2012-10-03,11.623652
2012-10-04,11.690362
2012-10-05,11.671301
2012-10-08,11.690362
2012-10-09,11.668128
2012-10-10,11.649062
2012-10-11,11.661773
2012-10-12,11.595062
2012-10-15,11.642716
2012-10-16,11.687181
2012-10-17,11.830137
2012-10-18,11.884141
2012-10-19,11.788842
2012-10-22,11.757071
2012-10-23,11.649062
2012-10-24,11.563296
2012-10-25,11.620475
2012-10-26,11.620475
2012-10-31,11.722129
2012-11-01,11.598238
2012-11-02,11.518812
2012-11-05,11.331391
2012-11-06,11.337743
2012-11-07,11.099491
2012-11-08,11.080429
2012-11-09,11.013720
2012-11-12,10.921594
2012-11-13,10.962889
2012-11-14,10.886649
2012-11-15,10.823118
2012-11-16,10.915240
2012-11-19,10.924771
2012-11-20,10.905709
2012-11-21,10.858056
2012-11-23,10.829469
2012-11-26,10.966067
2012-11-27,10.994660
2012-11-28,11.039137
2012-11-29,11.102664
2012-11-30,11.220207
2012-12-03,11.150321
2012-12-04,11.093137
2012-12-05,11.261503
2012-12-06,11.255153
2012-12-07,11.264682
2012-12-10,11.267859
2012-12-11,11.293266
2012-12-12,11.274211
2012-12-13,11.229737
2012-12-14,11.185265
2012-12-17,11.356806
2012-12-18,11.436224
2012-12-19,11.350448
2012-12-20,11.385394
2012-12-21,11.343631
2012-12-24,11.295444
2012-12-26,11.199068
2012-12-27,11.179790
2012-12-28,11.067349
2012-12-31,11.218341
2013-01-02,11.423949
2013-01-03,11.423949
2013-01-04,11.481777
2013-01-07,11.369337
2013-01-08,11.333995
2013-01-09,11.311504
2013-01-10,11.359696
2013-01-11,11.372547
2013-01-14,11.350059
2013-01-15,11.382185
2013-01-16,11.327570
2013-01-17,11.372547
2013-01-18,11.462502
2013-01-22,11.558874
2013-01-23,11.529963
2013-01-24,11.581368
2013-01-25,11.639192
2013-01-28,11.632763
2013-01-29,11.713081
2013-01-30,11.722714
2013-01-31,11.751635
2013-02-01,11.783757
2013-02-04,11.703445
2013-02-05,11.735566
2013-02-06,11.770907
2013-02-07,11.786967
2013-02-08,11.786967
2013-02-11,11.815886
2013-02-12,11.867281
2013-02-13,11.867281
2013-02-14,11.770907
2013-02-15,11.796608
2013-02-19,11.899407
2013-02-20,11.876915
2013-02-21,11.825521
2013-02-22,11.944384
2013-02-25,11.838376
2013-02-26,11.873708
2013-02-27,11.982941
2013-02-28,12.024700
2013-03-01,12.047186
2013-03-04,12.169268
2013-03-05,12.233519
2013-03-06,12.227093
2013-03-07,12.172480
2013-03-08,12.198178
2013-03-11,12.227093
2013-03-12,12.194965
2013-03-13,12.249581
2013-03-14,12.275281
2013-03-15,12.355969
2013-03-18,12.287917
2013-03-19,12.320324
2013-03-20,12.411057
2013-03-21,12.349487
2013-03-22,12.368934
2013-03-25,12.343008
2013-03-26,12.459665
2013-03-27,12.517994
2013-03-28,12.670295
2013-04-01,12.641136
2013-04-02,12.683256
2013-04-03,12.647615
2013-04-04,12.767512
2013-04-05,12.822600
2013-04-08,12.919812
2013-04-09,12.880930
2013-04-10,12.984624
2013-04-11,13.013789
2013-04-12,13.068880
2013-04-15,12.880930
2013-04-16,13.036472
2013-04-17,12.961942
2013-04-18,13.004064
2013-04-19,13.198503
2013-04-22,13.182297
2013-04-23,13.214700
2013-04-24,13.256824
2013-04-25,13.260064
2013-04-26,13.279511
2013-04-29,13.389684
2013-04-30,13.425329
2013-05-01,13.292469
2013-05-02,13.276270
2013-05-03,13.250346
2013-05-06,13.065635
2013-05-07,13.192017
2013-05-08,13.075358
2013-05-09,12.877689
2013-05-10,12.906856
2013-05-13,12.838802
2013-05-14,12.926296
2013-05-15,13.049438
2013-05-16,12.942497
2013-05-17,13.065635
2013-05-20,13.000831
2013-05-21,13.026752
2013-05-22,12.806395
2013-05-23,12.718903
2013-05-24,12.582802
2013-05-28,12.436983
2013-05-29,12.252275
2013-05-30,12.284676
2013-05-31,12.210148
2013-06-03,12.236074
2013-06-04,12.193944
2013-06-05,12.087013
2013-06-06,12.229594
2013-06-07,12.304123
2013-06-10,12.300879
2013-06-11,12.219870
2013-06-12,12.099970
2013-06-13,12.297639
2013-06-14,12.313844
2013-06-17,12.352730
2013-06-18,12.436983
2013-06-19,12.151814
2013-06-20,11.808325
2013-06-21,11.962526
2013-06-24,11.952707
2013-06-25,12.109851
2013-06-26,12.263714
2013-06-27,12.289906
2013-06-28,12.319367
2013-07-01,12.165501
2013-07-02,12.162230
2013-07-03,12.116394
2013-07-05,12.080383
2013-07-08,12.253895
2013-07-09,12.342289
2013-07-10,12.411035
2013-07-11,12.610744
2013-07-12,12.650028
2013-07-15,12.856277
2013-07-16,12.787529
2013-07-17,12.780978
2013-07-18,12.892290
2013-07-19,12.895563
2013-07-22,12.882463
2013-07-23,12.915205
2013-07-24,12.718777
2013-07-25,12.836637
2013-07-26,12.882463
2013-07-29,12.905380
2013-07-30,12.947945
2013-07-31,12.853003
2013-08-01,12.961042
2013-08-02,12.944671
2013-08-05,12.859547
2013-08-06,12.794079
2013-08-07,12.853003
2013-08-08,12.902111
2013-08-09,12.813715
2013-08-12,12.744969
2013-08-13,12.676213
2013-08-14,12.594369
2013-08-15,12.433950
2013-08-16,12.289906
2013-08-19,12.185143
2013-08-20,12.299729
2013-08-21,12.158953
2013-08-22,12.227704
2013-08-23,12.329190
2013-08-26,12.237521
2013-08-27,12.230980
2013-08-28,12.273537
2013-08-29,12.201514
2013-08-30,12.211339
2013-09-03,12.070560
2013-09-04,12.070560
2013-09-05,12.021454
2013-09-06,12.106569
2013-09-09,12.149132
2013-09-10,12.244071
2013-09-11,12.122944
2013-09-12,12.090203
2013-09-13,12.181870
2013-09-16,12.214609
2013-09-17,12.286632
2013-09-18,12.653300
2013-09-19,12.594369
2013-09-20,12.404322
2013-09-23,12.553052
2013-09-24,12.546448
2013-09-25,12.460511
2013-09-26,12.443987
2013-09-27,12.364660
2013-09-30,12.351442
2013-10-01,12.387793
2013-10-02,12.401020
2013-10-03,12.255589
2013-10-04,12.278729
2013-10-07,12.219228
2013-10-08,12.305165
2013-10-09,12.354748
2013-10-10,12.539837
2013-10-11,12.599331
2013-10-14,12.529920
2013-10-15,12.354748
2013-10-16,12.467122
2013-10-17,12.668739
2013-10-18,12.701785
2013-10-21,12.675347
2013-10-22,12.837300
2013-10-23,12.847217
2013-10-24,12.820776
2013-10-25,12.956289
2013-10-28,12.929845
2013-10-29,12.946370
2013-10-30,12.863742
2013-10-31,12.817473
2013-11-01,12.910019
2013-11-04,12.936457
2013-11-05,12.843911
2013-11-06,13.019086
2013-11-07,12.896797
2013-11-08,12.873657
2013-11-11,12.870354
2013-11-12,12.761286
2013-11-13,12.824077
2013-11-14,12.936457
2013-11-15,13.012474
2013-11-18,12.995950
2013-11-19,12.900103
2013-11-20,12.757982
2013-11-21,12.787724
2013-11-22,12.777812
2013-11-25,12.728230
2013-11-26,12.602635
2013-11-27,12.576193
2013-11-29,12.569584
2013-12-02,12.516698
2013-12-03,12.579500
2013-12-04,12.635684
2013-12-05,12.533223
2013-12-06,12.705095
2013-12-09,12.629077
2013-12-10,12.503475
2013-12-11,12.401020
2013-12-12,12.417547
2013-12-13,12.397713
2013-12-16,12.463814
2013-12-17,12.440681
2013-12-18,12.605939
2013-12-19,12.513392
2013-12-20,12.637332
2013-12-23,12.587222
2013-12-24,12.637332
2013-12-26,12.580539
2013-12-27,12.630651
2013-12-30,12.660718
2013-12-31,12.684094
2014-01-02,12.490344
2014-01-03,12.450256
2014-01-06,12.470302
2014-01-07,12.580539
2014-01-08,12.513728
2014-01-09,12.587222
2014-01-10,12.767612
2014-01-13,12.637332
2014-01-14,12.654037
2014-01-15,12.630651
2014-01-16,12.717505
2014-01-17,12.714164
2014-01-21,12.854462
2014-01-22,12.867823
2014-01-23,12.831078
2014-01-24,12.687434
2014-01-27,12.717505
2014-01-28,12.764270
2014-01-29,12.757592
2014-01-30,12.954683
2014-01-31,13.061578
2014-02-03,12.958028
2014-02-04,12.881193
2014-02-05,12.824401
2014-02-06,12.917935
2014-02-07,12.988083
2014-02-10,13.084963
2014-02-11,13.208567
2014-02-12,13.225266
2014-02-13,13.368910
2014-02-14,13.455769
2014-02-18,13.502535
2014-02-19,13.425702
2014-02-20,13.529262
2014-02-21,13.545957
2014-02-24,13.512557
2014-02-25,13.495853
2014-02-26,13.452429
2014-02-27,13.419019
2014-02-28,13.512557
2014-03-03,13.378936
2014-03-04,13.475811
2014-03-05,13.385610
2014-03-06,13.318805
2014-03-07,13.358890
2014-03-10,13.325490
2014-03-11,13.288737
2014-03-12,13.455769
2014-03-13,13.596068
2014-03-14,13.659537
2014-03-17,13.749737
2014-03-18,13.729689
2014-03-19,13.512557
2014-03-20,13.542620
2014-03-21,13.645355
2014-03-24,13.682411
2014-03-25,13.739674
2014-03-26,13.682411
2014-03-27,13.793572
2014-03-28,13.813776
2014-03-31,13.965356
2014-04-01,13.867675
2014-04-02,13.847456
2014-04-03,13.891248
2014-04-04,13.965356
2014-04-07,13.941778
2014-04-08,14.140509
2014-04-09,14.110195
2014-04-10,14.056299
2014-04-11,14.042830
2014-04-14,14.127036
2014-04-15,14.322401
2014-04-16,14.426825
2014-04-17,14.248296
2014-04-21,14.231454
2014-04-22,14.251663
2014-04-23,14.258407
2014-04-24,14.356085
2014-04-25,14.521138
2014-04-28,14.591875
2014-04-29,14.531243
2014-04-30,14.554823
2014-05-01,14.615449
2014-05-02,14.315671
2014-05-05,14.443670
2014-05-06,14.372925
2014-05-07,14.605349
2014-05-08,14.447037
2014-05-09,14.234823
2014-05-12,14.103459
2014-05-13,14.137142
2014-05-14,14.207876
2014-05-15,14.150618
2014-05-16,14.194403
2014-05-19,13.975460
2014-05-20,13.975460
2014-05-21,13.985565
2014-05-22,14.100093
2014-05-23,14.066403
2014-05-27,14.177564
2014-05-28,14.261770
2014-05-29,14.302197
2014-05-30,14.396511
2014-06-02,14.393140
2014-06-03,14.447037
2014-06-04,14.440296
2014-06-05,14.561557
2014-06-06,14.511034
2014-06-09,14.413348
2014-06-10,14.379665
2014-06-11,14.197770
2014-06-12,14.241560
2014-06-13,14.332509
2014-06-16,14.430197
2014-06-17,14.409984
2014-06-18,14.736718
2014-06-19,14.857982
2014-06-20,14.767613
2014-06-23,14.716656
2014-06-24,14.760819
2014-06-25,14.815168
2014-06-26,14.859338
2014-06-27,14.917093
2014-06-30,15.035991
2014-07-01,14.886516
2014-07-02,14.597750
2014-07-03,14.438089
2014-07-07,14.506026
2014-07-08,14.604546
2014-07-09,14.563779
2014-07-10,14.662302
2014-07-11,14.550193
2014-07-14,14.383730
2014-07-15,14.458469
2014-07-16,14.506026
2014-07-17,14.373533
2014-07-18,14.519619
2014-07-21,14.506026
2014-07-22,14.475458
2014-07-23,14.489046
2014-07-24,14.533210
2014-07-25,14.417703
2014-07-28,14.618132
2014-07-29,14.482245
2014-07-30,14.237651
2014-07-31,14.013435
2014-08-01,14.067792
2014-08-04,13.993052
2014-08-05,13.823192
2014-08-06,13.646540
2014-08-07,13.802807
2014-08-08,14.077981
2014-08-11,14.027027
2014-08-12,14.016835
2014-08-13,14.081376
2014-08-14,14.203676
2014-08-15,14.258032
2014-08-18,14.220666
2014-08-19,14.400719
2014-08-20,14.431293
2014-08-21,14.465269
2014-08-22,14.421091
2014-08-25,14.519619
2014-08-26,14.346360
2014-08-27,14.502630
2014-08-28,14.607944
2014-08-29,14.703065
2014-09-02,14.570578
2014-09-03,14.641912
2014-09-04,14.635121
2014-09-05,14.818571
2014-09-08,14.730247
2014-09-09,14.560385
2014-09-10,14.495834
2014-09-11,14.618132
2014-09-12,14.356549
2014-09-15,14.400719
2014-09-16,14.584162
2014-09-17,14.556985
2014-09-18,14.451677
2014-09-19,14.581933
2014-09-22,14.472238
2014-09-23,14.431106
2014-09-24,14.379690
2014-09-25,14.293991
2014-09-26,14.314561
2014-09-29,14.407107
2014-09-30,14.427678
2014-10-01,14.509948
2014-10-02,14.489380
2014-10-03,14.581933
2014-10-06,14.581933
2014-10-07,14.561367
2014-10-08,14.890433
2014-10-09,14.647059
2014-10-10,14.715614
2014-10-13,14.701907
2014-10-14,14.835588
2014-10-15,14.640203
2014-10-16,14.653918
2014-10-17,14.739610
2014-10-20,14.945281
2014-10-21,14.996700
2014-10-22,15.089250
2014-10-23,15.116670
2014-10-24,15.264066
2014-10-27,15.229785
2014-10-28,15.336049
2014-10-29,15.246923
2014-10-30,15.582850
2014-10-31,15.586282
2014-11-03,15.689115
2014-11-04,15.606847
2014-11-05,15.959908
2014-11-06,15.689115
2014-11-07,15.853649
2014-11-10,15.932492
2014-11-11,15.874224
2014-11-12,15.596561
2014-11-13,15.469733
2014-11-14,15.404604
2014-11-17,15.606847
2014-11-18,15.651404
2014-11-19,15.637700
2014-11-20,15.603419
2014-11-21,15.665120
2014-11-24,15.534862
2014-11-25,15.534862
2014-11-26,15.603419
2014-11-28,15.767953
2014-12-01,15.798811
2014-12-02,15.905066
2014-12-03,15.860506
2014-12-04,15.846794
2014-12-05,15.723394
2014-12-08,15.850222
2014-12-09,15.929066
2014-12-10,15.730248
2014-12-11,15.887926
2014-12-12,15.737107
2014-12-15,15.603419
2014-12-16,15.589706
2014-12-17,15.867363
2014-12-18,16.179293
2014-12-19,16.205921
2014-12-22,16.247423
2014-12-23,16.288925
2014-12-24,16.589798
2014-12-26,16.790388
2014-12-29,16.984053
2014-12-30,16.631302
2014-12-31,16.330431
2015-01-02,16.406500
2015-01-05,16.205921
2015-01-06,16.216299
2015-01-07,16.375381
2015-01-08,16.489511
2015-01-09,16.385756
2015-01-12,16.347721
2015-01-13,16.392673
2015-01-14,16.534464
2015-01-15,16.665884
2015-01-16,16.814596
2015-01-20,16.856102
2015-01-21,17.018641
2015-01-22,16.946005
2015-01-23,16.994434
2015-01-26,16.984053
2015-01-27,17.008266
2015-01-28,16.863012
2015-01-29,17.087805
2015-01-30,16.710854
2015-02-02,16.783466
2015-02-03,16.845720
2015-02-04,16.641676
2015-02-05,16.793846
2015-02-06,16.102165
2015-02-09,15.960374
2015-02-10,16.288925
2015-02-11,15.936171
2015-02-12,15.863544
2015-02-13,15.621458
2015-02-17,15.607623
2015-02-18,15.977670
2015-02-19,15.797839
2015-02-20,15.801290
2015-02-23,15.908501
2015-02-24,16.026089
2015-02-25,15.763254
2015-02-26,15.659501
2015-02-27,15.642205
2015-03-02,15.341330
2015-03-03,15.434705
2015-03-04,15.348248
2015-03-05,15.469292
2015-03-06,15.005862
2015-03-09,15.033537
2015-03-10,15.005862
2015-03-11,14.909035
2015-03-12,15.192618
2015-03-13,15.036995
2015-03-16,15.296373
2015-03-17,15.272159
2015-03-18,15.683703
2015-03-19,15.538455
2015-03-20,15.678227
2015-03-23,15.688681
2015-03-24,15.514407
2015-03-25,15.333156
2015-03-26,15.204187
2015-03-27,15.294817
2015-03-30,15.483033
2015-03-31,15.486518
2015-04-01,15.500461
2015-04-02,15.528349
2015-04-06,15.744457
2015-04-07,15.563203
2015-04-08,15.517890
2015-04-09,15.451666
2015-04-10,15.566689
2015-04-13,15.413318
2015-04-14,15.490008
2015-04-15,15.528349
2015-04-16,15.427265
2015-04-17,15.371493
2015-04-20,15.601548
2015-04-21,15.462118
2015-04-22,15.493495
2015-04-23,15.580641
2015-04-24,15.737486
2015-04-27,15.549260
2015-04-28,15.660798
2015-04-29,15.594574
2015-04-30,15.413318
2015-05-01,15.500461
2015-05-04,15.615493
2015-05-05,15.266930
2015-05-06,15.183275
2015-05-07,15.239042
2015-05-08,15.347097
2015-05-11,15.242523
2015-05-12,15.225098
2015-05-13,15.075223
2015-05-14,15.249505
2015-05-15,15.448174
2015-05-18,15.507438
2015-05-19,15.542289
2015-05-20,15.566689
2015-05-21,15.559717
2015-05-22,15.535323
2015-05-26,15.437722
2015-05-27,15.500461
2015-05-28,15.535323
2015-05-29,15.510922
2015-06-01,15.531833
2015-06-02,15.326181
2015-06-03,15.099620
2015-06-04,15.078702
2015-06-05,14.890483
2015-06-08,14.803346
2015-06-09,14.768490
2015-06-10,14.841690
2015-06-11,14.960194
2015-06-12,14.827744
2015-06-15,14.803346
2015-06-16,14.873052
2015-06-17,14.998531
2015-06-18,15.197218
2015-06-19,15.050544
2015-06-22,15.029442
2015-06-23,14.825438
2015-06-24,14.709362
2015-06-25,14.610883
2015-06-26,14.698817
2015-06-29,14.621434
2015-06-30,14.582745
2015-07-01,14.670680
2015-07-02,14.853577
2015-07-06,14.913370
2015-07-07,15.282688
2015-07-08,15.201788
2015-07-09,15.032961
2015-07-10,15.113853
2015-07-13,15.120890
2015-07-14,15.099784
2015-07-15,15.173651
2015-07-16,15.398754
2015-07-17,15.247512
2015-07-20,15.170132
2015-07-21,15.032961
2015-07-22,15.099784
2015-07-23,14.874679
2015-07-24,14.888751
2015-07-27,15.078682
2015-07-28,15.149027
2015-07-29,15.205303
2015-07-30,15.317863
2015-07-31,15.472622
2015-08-03,15.553514
2015-08-04,15.303794
2015-08-05,15.342481
2015-08-06,15.423374
2015-08-07,15.613316
2015-08-10,15.550000
2015-08-11,15.627379
2015-08-12,15.905249
2015-08-13,15.908762
2015-08-14,16.028351
2015-08-17,16.105732
2015-08-18,16.067051
2015-08-19,16.133873
2015-08-20,16.038904
2015-08-21,15.845456
2015-08-24,15.251030
2015-08-25,14.783225
2015-08-26,15.047029
2015-08-27,15.222893
2015-08-28,15.177169
2015-08-31,14.934477
2015-09-01,14.529983
2015-09-02,14.540536
2015-09-03,14.607364
2015-09-04,14.406876
2015-09-08,14.712885
2015-09-09,14.529983
2015-09-10,14.505361
2015-09-11,14.614399
2015-09-14,14.649574
2015-09-15,14.726952
2015-09-16,14.874679
2015-09-17,15.078682
2015-09-18,14.993829
2015-09-21,15.054187
2015-09-22,14.866006
2015-09-23,14.905062
2015-09-24,15.025780
2015-09-25,15.171352
2015-09-28,15.096786
2015-09-29,15.100338
2015-09-30,15.370181
2015-10-01,15.189107
2015-10-02,15.391483
2015-10-05,15.590315
2015-10-06,15.483795
2015-10-07,15.430533
2015-10-08,15.622272
2015-10-09,15.547707
2015-10-12,15.686171
2015-10-13,15.650670
2015-10-14,15.647121
2015-10-15,15.877908
2015-10-16,15.899203
2015-10-19,15.909860
2015-10-20,15.963113
2015-10-21,15.931165
2015-10-22,16.115786
2015-10-23,15.831744
2015-10-26,15.774937
2015-10-27,15.718132
2015-10-28,15.551257
2015-10-29,15.462498
2015-10-30,15.533509
2015-11-02,15.551257
2015-11-03,15.597412
2015-11-04,15.679073
2015-11-05,15.544153
2015-11-06,15.000925
2015-11-09,15.039982
2015-11-10,15.174905
2015-11-11,15.306273
2015-11-12,15.160695
2015-11-13,15.103894
2015-11-16,15.359525
2015-11-17,15.082593
2015-11-18,15.178458
2015-11-19,15.341777
2015-11-20,15.405681
2015-11-23,15.263663
2015-11-24,15.242359
2015-11-25,15.150045
2015-11-27,15.178458
2015-11-30,15.203309
2015-12-01,15.324029
2015-12-02,14.983176
2015-12-03,14.869554
2015-12-04,15.079041
2015-12-07,15.146498
2015-12-08,15.125192
2015-12-09,15.128749
2015-12-10,14.880208
2015-12-11,14.837605
2015-12-14,14.912169
2015-12-15,15.029333
2015-12-16,15.409232
2015-12-17,15.441189
2015-12-18,15.249269
2015-12-21,15.238516
2015-12-22,15.367659
2015-12-23,15.604407
2015-12-24,15.593648
2015-12-28,15.622350
2015-12-29,15.708438
2015-12-30,15.694094
2015-12-31,15.525492
2016-01-04,15.493206
2016-01-05,15.604407
2016-01-06,15.575706
2016-01-07,15.471682
2016-01-08,15.464510
2016-01-11,15.547012
2016-01-12,15.486032
2016-01-13,15.478857
2016-01-14,15.712025
2016-01-15,15.572119
2016-01-19,15.805293
2016-01-20,15.450154
2016-01-21,15.435806
2016-01-22,15.712025
2016-01-25,15.579293
2016-01-26,15.686911
2016-01-27,15.722790
2016-01-28,15.973892
2016-01-29,16.293156
2016-02-01,16.447405
2016-02-02,16.519154
2016-02-03,16.723616
2016-02-04,16.651873
2016-02-05,16.705683
2016-02-08,16.648294
2016-02-09,16.705683
2016-02-10,16.687750
2016-02-11,16.393597
2016-02-12,16.343380
2016-02-16,16.447405
2016-02-17,16.415121
2016-02-18,16.684164
2016-02-19,16.572960
2016-02-22,16.766666
2016-02-23,16.781019
2016-02-24,16.859934
2016-02-25,17.032120
2016-02-26,16.562197
2016-02-29,16.608826
2016-03-01,16.526321
2016-03-02,16.612423
2016-03-03,16.712860
2016-03-04,16.899401
2016-03-07,16.992664
2016-03-08,17.161263
2016-03-09,17.240175
2016-03-10,17.254530
2016-03-11,17.272469
2016-03-14,17.293991
2016-03-15,17.326277
2016-03-16,17.591726
2016-03-17,17.688587
2016-03-18,17.575815
2016-03-21,17.557751
2016-03-22,17.499924
2016-03-23,17.630026
2016-03-24,17.677021
2016-03-28,17.611965
2016-03-29,17.872185
2016-03-30,17.828817
2016-03-31,17.933619
2016-04-01,18.002302
2016-04-04,17.926401
2016-04-05,17.590279
2016-04-06,17.568588
2016-04-07,17.561365
2016-04-08,17.655334
2016-04-11,17.579430
2016-04-12,17.702307
2016-04-13,17.593893
2016-04-14,17.572210
2016-04-15,17.669792
2016-04-18,17.738461
2016-04-19,17.767378
2016-04-20,17.322830
2016-04-21,16.961414
2016-04-22,17.113203
2016-04-25,17.145725
2016-04-26,17.171028
2016-04-27,17.420412
2016-04-28,17.395113
2016-04-29,17.499924
2016-05-02,17.640879
2016-05-03,17.626423
2016-05-04,17.832428
2016-05-05,17.763754
2016-05-06,17.648108
2016-05-09,17.749300
2016-05-10,17.767378
2016-05-11,17.832428
2016-05-12,17.937241
2016-05-13,17.850492
2016-05-16,17.872185
2016-05-17,17.568588
2016-05-18,17.239706
2016-05-19,17.413177
2016-05-20,17.452940
2016-05-23,17.297527
2016-05-24,17.471010
2016-05-25,17.420412
2016-05-26,17.619196
2016-05-27,17.648108
2016-05-31,17.763754
2016-06-01,17.810741
2016-06-02,17.817968
2016-06-03,18.099880
2016-06-06,18.074572
2016-06-07,18.060120
2016-06-08,18.168549
2016-06-09,18.323965
2016-06-10,18.276974
2016-06-13,18.255293
2016-06-14,18.352877
2016-06-15,18.237213
2016-06-16,18.352877
2016-06-17,18.419191
2016-06-20,18.349955
2016-06-21,18.375463
2016-06-22,18.288017
2016-06-23,18.339029
2016-06-24,18.368174
2016-06-27,18.594086
2016-06-28,18.663315
2016-06-29,18.714336
2016-06-30,19.118795
2016-07-01,19.122431
2016-07-05,19.264544
2016-07-06,19.304626
2016-07-07,18.947535
2016-07-08,19.144300
2016-07-11,19.129717
2016-07-12,18.867373
2016-07-13,19.016764
2016-07-14,18.892876
2016-07-15,18.947535
2016-07-18,19.002195
2016-07-19,18.969398
2016-07-20,18.860081
2016-07-21,18.973042
2016-07-22,19.224464
2016-07-25,19.191666
2016-07-26,19.024055
2016-07-27,18.805422
2016-07-28,18.878302
2016-07-29,18.991259
2016-08-01,19.002195
2016-08-02,18.878302
2016-08-03,18.765347
2016-08-04,18.754416
2016-08-05,18.484776
2016-08-08,18.477489
2016-08-09,18.473848
2016-08-10,18.477489
2016-08-11,18.521210
2016-08-12,18.546722
2016-08-15,18.262506
2016-08-16,18.047525
2016-08-17,18.317163
2016-08-18,18.543072
2016-08-19,18.317163
2016-08-22,18.364532
2016-08-23,18.284367
2016-08-24,18.277084
2016-08-25,18.288017
2016-08-26,17.909060
2016-08-29,18.054811
2016-08-30,17.865332
2016-08-31,17.938208
2016-09-01,17.847111
2016-09-02,18.083965
2016-09-06,18.280729
2016-09-07,18.284367
2016-09-08,18.346323
2016-09-09,17.657648
2016-09-12,17.971006
2016-09-13,17.723225
2016-09-14,17.792465
2016-09-15,17.927286
2016-09-16,18.102205
2016-09-19,18.282269
2016-09-20,18.249203
2016-09-21,18.620350
2016-09-22,18.734280
2016-09-23,18.719568
2016-09-26,18.671804
2016-09-27,18.429262
2016-09-28,18.403545
2016-09-29,18.127935
2016-09-30,18.002983
2016-10-03,17.749422
2016-10-04,17.378263
2016-10-05,17.341511
2016-10-06,17.337843
2016-10-07,17.315790
2016-10-10,17.459110
2016-10-11,17.260668
2016-10-12,17.429707
2016-10-13,17.646521
2016-10-14,17.547304
2016-10-17,17.642849
2016-10-18,17.793520
2016-10-19,17.753098
2016-10-20,17.742071
2016-10-21,17.639179
2016-10-24,17.705322
2016-10-25,17.815563
2016-10-26,17.859665
2016-10-27,17.753098
2016-10-28,17.808220
2016-10-31,18.164673
2016-11-01,17.833937
2016-11-02,17.609776
2016-11-03,17.675922
2016-11-04,17.620800
2016-11-07,17.929491
2016-11-08,18.069128
2016-11-09,17.403984
2016-11-10,16.985060
2016-11-11,16.915234
2016-11-14,16.904211
2016-11-15,17.176146
2016-11-16,17.058552
2016-11-17,17.062231
2016-11-18,17.010782
2016-11-21,17.190844
2016-11-22,17.256996
2016-11-23,17.084280
2016-11-25,17.330488
2016-11-28,17.664902
2016-11-29,17.738403
2016-11-30,17.179815
2016-12-01,17.043856
2016-12-02,17.198198
2016-12-05,17.220245
2016-12-06,17.187170
2016-12-07,17.411335
2016-12-08,17.440735
2016-12-09,17.624472
2016-12-12,17.808220
2016-12-13,17.991955
2016-12-14,17.620800
2016-12-15,17.745741
2016-12-16,17.962061
2016-12-19,18.028847
2016-12-20,18.051111
2016-12-21,17.976902
2016-12-22,18.039980
2016-12-23,18.036270
2016-12-27,18.051111
2016-12-28,17.880434
2016-12-29,18.121613
2016-12-30,18.021423
2017-01-03,17.976902
2017-01-04,18.043680
2017-01-05,18.062243
2017-01-06,18.117901
2017-01-09,17.880434
2017-01-10,17.824780
2017-01-11,18.010300
2017-01-12,18.025135
2017-01-13,17.999170
2017-01-17,18.195814
2017-01-18,18.173552
2017-01-19,18.014009
2017-01-20,18.047398
2017-01-23,17.954639
2017-01-24,17.950930
2017-01-25,17.950930
2017-01-26,17.958347
2017-01-27,17.954639
2017-01-30,17.969484
2017-01-31,18.247765
2017-02-01,17.932379
2017-02-02,18.121613
2017-02-03,18.143875
2017-02-06,18.106766
2017-02-07,18.151285
2017-02-08,18.329386
2017-02-09,18.173552
2017-02-10,18.288582
2017-02-13,18.377628
2017-02-14,18.244049
2017-02-15,18.199526
2017-02-16,18.381334
2017-02-17,18.392466
2017-02-21,18.585411
2017-02-22,18.663326
2017-02-23,18.856270
2017-02-24,19.141972
2017-02-27,19.034365
2017-02-28,19.208759
2017-03-01,19.038086
2017-03-02,19.175360
2017-03-03,19.115993
2017-03-06,19.078894
2017-03-07,19.067762
2017-03-08,18.793194
2017-03-09,18.752384
2017-03-10,18.908215
2017-03-13,18.963869
2017-03-14,18.945314
2017-03-15,19.249575
2017-03-16,19.038086
2017-03-17,19.152851
2017-03-20,19.025736
2017-03-21,19.294922
2017-03-22,19.388378
2017-03-23,19.328573
2017-03-24,19.399601
2017-03-27,19.324833
2017-03-28,19.309872
2017-03-29,19.257530
2017-03-30,19.107988
2017-03-31,19.182766
2017-04-03,19.179026
2017-04-04,19.238840
2017-04-05,19.347261
2017-04-06,19.298660
2017-04-07,19.216408
2017-04-10,19.250061
2017-04-11,19.242588
2017-04-12,19.384645
2017-04-13,19.321089
2017-04-17,19.407074
2017-04-18,19.451939
2017-04-19,19.317348
2017-04-20,19.242588
2017-04-21,19.339781
2017-04-24,19.440723
2017-04-25,19.414558
2017-04-26,19.354738
2017-04-27,19.422031
2017-04-28,19.328573
2017-05-01,19.212671
2017-05-02,19.235107
2017-05-03,19.167810
2017-05-04,19.235107
2017-05-05,19.339781
2017-05-08,19.332310
2017-05-09,19.190243
2017-05-10,19.220146
2017-05-11,19.246317
2017-05-12,19.339781
2017-05-15,19.422031
2017-05-16,19.279966
2017-05-17,19.328573
2017-05-18,19.395861
2017-05-19,19.470638
2017-05-22,19.638868
2017-05-23,19.691214
2017-05-24,19.803371
2017-05-25,19.964127
2017-05-26,19.964127
2017-05-30,20.027691
2017-05-31,20.128626
2017-06-01,20.270695
2017-06-02,20.293131
2017-06-05,20.229567
2017-06-06,20.184702
2017-06-07,20.252005
2017-06-08,20.083763
2017-06-09,20.065071
2017-06-12,20.027691
2017-06-13,20.076286
2017-06-14,20.184702
2017-06-15,20.300600
2017-06-16,20.393696
2017-06-19,20.325861
2017-06-20,20.337168
2017-06-21,20.216547
2017-06-22,20.122334
2017-06-23,20.054495
2017-06-26,20.190170
2017-06-27,19.964041
2017-06-28,19.771826
2017-06-29,19.613529
2017-06-30,19.583374
2017-07-03,19.492916
2017-07-05,19.398697
2017-07-06,19.391161
2017-07-07,19.406233
2017-07-10,19.391161
2017-07-11,19.379858
2017-07-12,19.545685
2017-07-13,19.477842
2017-07-14,19.568300
2017-07-17,19.658758
2017-07-18,19.715286
2017-07-19,19.798206
2017-07-20,19.941429
2017-07-21,20.084642
2017-07-24,19.896196
2017-07-25,19.783129
2017-07-26,19.971577
2017-07-27,20.020571
2017-07-28,19.990416
2017-07-31,20.058258
2017-08-01,20.171328
2017-08-02,20.258015
2017-08-03,20.359779
2017-08-04,20.269325
2017-08-07,20.333393
2017-08-08,20.416307
2017-08-09,20.310781
2017-08-10,20.374849
2017-08-11,20.254250
2017-08-14,20.371080
2017-08-15,20.484150
2017-08-16,20.567074
2017-08-17,20.420073
2017-08-18,20.540688
2017-08-21,20.616062
2017-08-22,20.661291
2017-08-23,20.729128
2017-08-24,20.714058
2017-08-25,20.781897
2017-08-28,20.819584
2017-08-29,20.774359
2017-08-30,20.714058
2017-08-31,20.717825
2017-09-01,20.653755
2017-09-05,20.706518
2017-09-06,20.612295
2017-09-07,20.766817
2017-09-08,20.864811
2017-09-11,21.041950
2017-09-12,20.691441
2017-09-13,20.589678
2017-09-14,20.763054
2017-09-15,20.792297
2017-09-18,20.579624
2017-09-19,20.537853
2017-09-20,20.385941
2017-09-21,20.382147
2017-09-22,20.215046
2017-09-25,20.401133
2017-09-26,20.363153
2017-09-27,20.089727
2017-09-28,20.161875
2017-09-29,20.146685
2017-10-02,20.180866
2017-10-03,20.123901
2017-10-04,20.325174
2017-10-05,20.306190
2017-10-06,20.290998
2017-10-09,20.317589
2017-10-10,20.515066
2017-10-11,20.602415
2017-10-12,20.708742
2017-10-13,20.564438
2017-10-16,20.518860
2017-10-17,20.640387
2017-10-18,20.602415
2017-10-19,20.818874
2017-10-20,20.834072
2017-10-23,20.845461
2017-10-24,20.864450
2017-10-25,20.773308
2017-10-26,20.777102
2017-10-27,20.906221
2017-10-30,20.910019
2017-10-31,20.932804
2017-11-01,20.815079
2017-11-02,20.891027
2017-11-03,20.966982
2017-11-06,20.887232
2017-11-07,21.137884
2017-11-08,21.153070
2017-11-09,21.179653
2017-11-10,21.080919
2017-11-13,21.331562
2017-11-14,21.597399
2017-11-15,21.411314
2017-11-16,21.342953
2017-11-17,21.194849
2017-11-20,21.130285
2017-11-21,21.187254
2017-11-22,21.187254
2017-11-24,21.221434
2017-11-27,21.312572
2017-11-28,21.411314
2017-11-29,21.422707
2017-11-30,21.494858
2017-12-01,21.422707
2017-12-04,21.301180
2017-12-05,21.031551
2017-12-06,21.111300
2017-12-07,21.149275
2017-12-08,21.217634
2017-12-11,21.346756
2017-12-12,20.982172
2017-12-13,21.039139
2017-12-14,21.012552
2017-12-15,21.089609
2017-12-18,20.855787
2017-12-19,20.476311
2017-12-20,20.315319
2017-12-21,20.073833
2017-12-22,20.104500
2017-12-26,19.985678
2017-12-27,20.070007
2017-12-28,20.181164
2017-12-29,20.192665
2018-01-02,20.004841
2018-01-03,19.847685
2018-01-04,19.682861
2018-01-05,19.675198
2018-01-08,19.859186
2018-01-09,19.663706
2018-01-10,19.449049
2018-01-11,19.376225
2018-01-12,19.265057
2018-01-16,19.222893
2018-01-17,19.341719
2018-01-18,19.219069
2018-01-19,19.161566
2018-01-22,19.188396
2018-01-23,19.372389
2018-01-24,19.253559
2018-01-25,19.552538
2018-01-26,19.564039
2018-01-29,19.314888
2018-01-30,19.349384
2018-01-31,19.564039
2018-02-01,19.257393
2018-02-02,19.119408
2018-02-05,18.805090
2018-02-06,18.525272
2018-02-07,18.437117
2018-02-08,18.230129
2018-02-09,18.613440
2018-02-12,18.755253
2018-02-13,18.839590
2018-02-14,18.628769
2018-02-15,19.042738
2018-02-16,19.211390
2018-02-20,18.962246
2018-02-21,18.713099
2018-02-22,18.808924
2018-02-23,19.299555
2018-02-26,19.242062
2018-02-27,18.935415
2018-02-28,18.805090
2018-03-01,18.808924
2018-03-02,18.759092
2018-03-05,19.142405
2018-03-06,18.885588
2018-03-07,18.743759
2018-03-08,18.881748
2018-03-09,18.935415
2018-03-12,19.015911
2018-03-13,19.058071
2018-03-14,19.253559
2018-03-15,19.242062
2018-03-16,19.410866
2018-03-19,19.291122
2018-03-20,19.202272
2018-03-21,19.136606
2018-03-22,19.221582
2018-03-23,18.951185
2018-03-26,19.148190
2018-03-27,19.422451
2018-03-28,19.414728
2018-03-29,19.519024
2018-04-02,19.368382
2018-04-03,19.434044
2018-04-04,19.476532
2018-04-05,19.631054
2018-04-06,19.476532
2018-04-09,19.515162
2018-04-10,19.364511
2018-04-11,19.337471
2018-04-12,19.082527
2018-04-13,19.233175
2018-04-16,19.495848
2018-04-17,19.692854
2018-04-18,19.619465
2018-04-19,19.607868
2018-04-20,19.430183
2018-04-23,19.441767
2018-04-24,19.573101
2018-04-25,19.576971
2018-04-26,19.773975
2018-04-27,19.974844
2018-04-30,19.916901
2018-05-01,19.855099
2018-05-02,19.835777
2018-05-03,19.808739
2018-05-04,19.897583
2018-05-07,19.793287
2018-05-08,19.298847
2018-05-09,19.163645
2018-05-10,19.434044
2018-05-11,19.461088
2018-05-14,19.387688
2018-05-15,19.225449
2018-05-16,19.074804
2018-05-17,18.920286
2018-05-18,18.924147
2018-05-21,19.020718
2018-05-22,19.090244
2018-05-23,19.264078
2018-05-24,19.422451
2018-05-25,19.507439
2018-05-29,19.507439
2018-05-30,19.665813
2018-05-31,19.696718
2018-06-01,19.395418
2018-06-04,19.240910
2018-06-05,19.140467
2018-06-06,18.684650
2018-06-07,18.815990
2018-06-08,18.808258
2018-06-11,18.769632
2018-06-12,18.985956
2018-06-13,18.935730
2018-06-14,19.171371
2018-06-15,19.307781
2018-06-18,19.370136
2018-06-19,19.561110
2018-06-20,19.576700
2018-06-21,19.642962
2018-06-22,19.779367
2018-06-25,20.106750
2018-06-26,20.130129
2018-06-27,20.227571
2018-06-28,20.219778
2018-06-29,20.250952
2018-07-02,20.395153
2018-07-03,20.453617
2018-07-05,20.562744
2018-07-06,20.722536
2018-07-09,20.083364
2018-07-10,20.274340
2018-07-11,20.457521
2018-07-12,20.473103
2018-07-13,20.476997
2018-07-16,20.457521
2018-07-17,20.441923
2018-07-18,20.336695
2018-07-19,20.523771
2018-07-20,20.379570
2018-07-23,20.235357
2018-07-24,20.305511
2018-07-25,20.363976
2018-07-26,20.582230
2018-07-27,20.515976
2018-07-30,20.391262
2018-07-31,20.574434
2018-08-01,20.441923
2018-08-02,20.543259
2018-08-03,20.773211
2018-08-06,20.788794
2018-08-07,20.757614
2018-08-08,20.648491
2018-08-09,20.742027
2018-08-10,20.652388
2018-08-13,20.679667
2018-08-14,20.722536
2018-08-15,20.913507
2018-08-16,21.139559
2018-08-17,21.248690
2018-08-20,21.174639
2018-08-21,21.022640
2018-08-22,20.866745
2018-08-23,20.851158
2018-08-24,20.940788
2018-08-27,20.812181
2018-08-28,20.769302
2018-08-29,20.921310
2018-08-30,20.929106
2018-08-31,20.839462
2018-09-04,20.933002
2018-09-05,21.225304
2018-09-06,21.346127
2018-09-07,21.085005
2018-09-10,21.190233
2018-09-11,21.135660
2018-09-12,21.116177
2018-09-13,21.275967
2018-09-14,21.162952
2018-09-17,21.233091
2018-09-18,21.194124
2018-09-19,20.734232
2018-09-20,20.777105
2018-09-21,20.865583
2018-09-24,20.680756
2018-09-25,20.397621
2018-09-26,20.197067
2018-09-27,20.405481
2018-09-28,20.704355
2018-10-01,20.633566
2018-10-02,20.912771
2018-10-03,20.661098
2018-10-04,20.771198
2018-10-05,21.089737
2018-10-08,21.266691
2018-10-09,21.353205
2018-10-10,21.235231
2018-10-11,20.845921
2018-10-12,20.822319
2018-10-15,20.920633
2018-10-16,21.136921
2018-10-17,21.097603
2018-10-18,21.129053
2018-10-19,21.459385
2018-10-22,21.321749
2018-10-23,21.203777
2018-10-24,21.718931
2018-10-25,21.380735
2018-10-26,20.987488
2018-10-29,21.282423
2018-10-30,21.365002
2018-10-31,21.113325
2018-11-01,21.018946
2018-11-02,20.900976
2018-11-05,21.195911
2018-11-06,21.337477
2018-11-07,21.581287
2018-11-08,21.545895
2018-11-09,21.577358
2018-11-12,21.565559
2018-11-13,21.656002
2018-11-14,21.431854
2018-11-15,21.254896
2018-11-16,21.581287
2018-11-19,21.675669
2018-11-20,21.585217
2018-11-21,21.266691
2018-11-23,21.278488
2018-11-26,21.404331
2018-11-27,21.565559
2018-11-28,21.549824
2018-11-29,21.541962
2018-11-30,21.860491
2018-12-03,22.080711
2018-12-04,22.096441
2018-12-06,22.120029
2018-12-07,22.202614
2018-12-10,22.245869
2018-12-11,22.336317
2018-12-12,22.194750
2018-12-13,22.387442
2018-12-14,22.344179
2018-12-17,21.624550
2018-12-18,21.479046
2018-12-19,21.443653
2018-12-20,21.431854
2018-12-21,21.340242
2018-12-24,20.447931
2018-12-26,20.725533
2018-12-27,20.900034
2018-12-28,20.951593
2018-12-31,20.987284
2019-01-02,20.626389
2019-01-03,20.622427
2019-01-04,20.927797
2019-01-07,20.785028
2019-01-08,21.042807
2019-01-09,20.915899
2019-01-10,21.189539
2019-01-11,21.110224
2019-01-14,20.634327
2019-01-15,20.888132
2019-01-16,20.963486
2019-01-17,21.050739
2019-01-18,21.074532
2019-01-22,21.114191
2019-01-23,21.328344
2019-01-24,21.439392
2019-01-25,21.145920
2019-01-28,21.046774
2019-01-29,21.106260
2019-01-30,21.268860
2019-01-31,21.717001
2019-02-01,21.633715
2019-02-04,21.669411
2019-02-05,21.713030
2019-02-06,21.701136
2019-02-07,21.986675
2019-02-08,22.081861
2019-02-11,22.073929
2019-02-12,22.125486
2019-02-13,22.062031
2019-02-14,22.026333
2019-02-15,22.093756
2019-02-19,22.224628
2019-02-20,22.323774
2019-02-21,22.486374
2019-02-22,22.625181
2019-02-25,22.478441
2019-02-26,22.450687
2019-02-27,22.478441
2019-02-28,22.609318
2019-03-01,22.656906
2019-03-04,22.696562
2019-03-05,22.668806
2019-03-06,22.668806
2019-03-07,22.744152
2019-03-08,22.823469
2019-03-11,22.986071
2019-03-12,23.144707
2019-03-13,23.168503
2019-03-14,23.164537
2019-03-15,23.248438
2019-03-18,23.160542
2019-03-19,22.896849
2019-03-20,22.956785
2019-03-21,23.200495
2019-03-22,23.368288
2019-03-25,23.388273
2019-03-26,23.556068
2019-03-27,23.392265
2019-03-28,23.116592
2019-03-29,23.240440
2019-04-01,23.080639
2019-04-02,23.112602
2019-04-03,23.076637
2019-04-04,22.996737
2019-04-05,23.212473
2019-04-08,23.048674
2019-04-09,23.104610
2019-04-10,23.032692
2019-04-11,23.148556
2019-04-12,23.256424
2019-04-15,23.252434
2019-04-16,22.964771
2019-04-17,22.876875
2019-04-18,22.888863
2019-04-22,22.868889
2019-04-23,22.932816
2019-04-24,23.080639
2019-04-25,23.176519
2019-04-26,23.212473
2019-04-29,23.076637
2019-04-30,23.456188
2019-05-01,23.216475
2019-05-02,23.164537
2019-05-03,23.292385
2019-05-06,23.164537
2019-05-07,23.092617
2019-05-08,22.776995
2019-05-09,22.749029
2019-05-10,23.156544
2019-05-13,23.404257
2019-05-14,23.248438
2019-05-15,23.208485
2019-05-16,23.364300
2019-05-17,23.484152
2019-05-20,23.516119
2019-05-21,23.560068
2019-05-22,23.735857
2019-05-23,23.939613
2019-05-24,23.903656
2019-05-28,23.512123
2019-05-29,23.200495
2019-05-30,23.164537
2019-05-31,23.272408
2019-06-03,23.504137
2019-06-04,23.524109
2019-06-05,24.027515
2019-06-06,24.175335
2019-06-07,23.995552
2019-06-10,23.831739
2019-06-11,23.687918
2019-06-12,23.995552
2019-06-13,24.043493
2019-06-14,24.295198
2019-06-17,24.227276
2019-06-18,24.127392
2019-06-19,24.311178
2019-06-20,24.466993
2019-06-21,24.561634
2019-06-24,24.569681
2019-06-25,24.420679
2019-06-26,23.889097
2019-06-27,23.921314
2019-06-28,24.013935
2019-07-01,23.953529
2019-07-02,24.279730
2019-07-03,24.448868
2019-07-05,24.436794
2019-07-08,24.473034
2019-07-09,24.505247
2019-07-10,24.561634
2019-07-11,24.569681
2019-07-12,24.408594
2019-07-15,24.505247
2019-07-16,24.364300
2019-07-17,24.456919
2019-07-18,24.670362
2019-07-19,24.311947
2019-07-22,24.259594
2019-07-23,24.106560
2019-07-24,24.126696
2019-07-25,24.066284
2019-07-26,24.154884
2019-07-29,24.279730
2019-07-30,24.094479
2019-07-31,23.981718
2019-08-01,24.227377
2019-08-02,24.223347
2019-08-05,23.877014
2019-08-06,24.175024
2019-08-07,24.235428
2019-08-08,24.485115
2019-08-09,24.513304
2019-08-12,24.464979
2019-08-13,24.481087
2019-08-14,24.279730
2019-08-15,24.593845
2019-08-16,24.718691
2019-08-19,24.875748
2019-08-20,24.835478
2019-08-21,25.000587
2019-08-22,25.024755
2019-08-23,24.758957
2019-08-26,25.044886
2019-08-27,25.089188
2019-08-28,25.020729
2019-08-29,25.193890
2019-08-30,25.201946
2019-09-03,25.648960
2019-09-04,25.673132
2019-09-05,25.395252
2019-09-06,25.294573
2019-09-09,25.169727
2019-09-10,25.201946
2019-09-11,25.451628
2019-09-12,25.508013
2019-09-13,25.346924
2019-09-16,25.367054
2019-09-17,25.588554
2019-09-18,25.697287
2019-09-19,25.818102
2019-09-20,25.920370
2019-09-23,25.924435
2019-09-24,26.228804
2019-09-25,26.212568
2019-09-26,26.350554
2019-09-27,26.257210
2019-09-30,26.273447
2019-10-01,26.212568
2019-10-02,25.863560
2019-10-03,25.924435
2019-10-04,26.285616
2019-10-07,26.184156
2019-10-08,25.940659
2019-10-09,26.066471
2019-10-10,26.038065
2019-10-11,25.940659
2019-10-14,25.774271
2019-10-15,25.693108
2019-10-16,25.749924
2019-10-17,25.814854
2019-10-18,25.900082
2019-10-21,26.001537
2019-10-22,26.111107
2019-10-23,26.216627
2019-10-24,26.305908
2019-10-25,26.038065
2019-10-28,25.680931
2019-10-29,25.705282
2019-10-30,25.932549
2019-10-31,26.074591
2019-11-01,26.009653
2019-11-04,25.676876
2019-11-05,25.413086
2019-11-06,25.510483
2019-11-07,25.165529
2019-11-08,25.060015
2019-11-11,24.905796
2019-11-12,24.966675
2019-11-13,25.335978
2019-11-14,25.425257
2019-11-15,25.506428
2019-11-18,25.559181
2019-11-19,25.494247
2019-11-20,25.648460
2019-11-21,25.559181
2019-11-22,25.567299
2019-11-25,25.482077
2019-11-26,25.567299
2019-11-27,25.611940
2019-11-29,25.587597
2019-12-02,25.421202
2019-12-03,25.490191
2019-12-04,25.684992
2019-12-05,25.729633
2019-12-06,25.652531
2019-12-09,25.563236
2019-12-10,25.559181
2019-12-11,25.628172
2019-12-12,25.518604
2019-12-13,25.717457
2019-12-16,26.038065
2019-12-17,26.123287
2019-12-18,26.228804
2019-12-19,26.236919
2019-12-20,26.417286
2019-12-23,26.171890
2019-12-24,26.208704
2019-12-26,26.253693
2019-12-27,26.331396
2019-12-30,26.327307
2019-12-31,26.429556
2020-01-02,26.098269
2020-01-03,26.151442
2020-01-06,26.175980
2020-01-07,26.139168
2020-01-08,26.126904
2020-01-09,26.270048
2020-01-10,26.339579
2020-01-13,26.499088
2020-01-14,26.576797
2020-01-15,26.948988
2020-01-16,27.116680
2020-01-17,27.304821
2020-01-21,27.554316
2020-01-22,27.640202
2020-01-23,27.885601
2020-01-24,27.959219
2020-01-27,27.889685
2020-01-28,28.004210
2020-01-29,28.077831
2020-01-30,28.339590
2020-01-31,28.212793
2020-02-03,28.302778
2020-02-04,28.020573
2020-02-05,28.135090
2020-02-06,28.143270
2020-02-07,28.053280
2020-02-10,28.159630
2020-02-11,28.261879
2020-02-12,28.282333
2020-02-13,28.597254
2020-02-14,28.789486
2020-02-18,29.030796
2020-02-19,28.715872
2020-02-20,28.818123
2020-02-21,28.764952
2020-02-24,28.429565
2020-02-25,27.832434
2020-02-26,27.550215
2020-02-27,26.310951
2020-02-28,25.431602
2020-03-02,26.928537
2020-03-03,26.597252
2020-03-04,28.106453
2020-03-05,27.672922
2020-03-06,27.447968
2020-03-09,25.955120
2020-03-10,26.196428
2020-03-11,24.879454
2020-03-12,22.368189
2020-03-13,23.587013
2020-03-16,20.908064
2020-03-17,23.582916
2020-03-18,22.556332
2020-03-19,21.243439
2020-03-20,19.558365
2020-03-23,18.560329
2020-03-24,20.555573
2020-03-25,21.080204
2020-03-26,22.877163
2020-03-27,23.001095
2020-03-30,23.852064
2020-03-31,22.889553
2020-04-01,21.513956
2020-04-02,22.187298
2020-04-03,21.394159
2020-04-06,23.046535
2020-04-07,22.757368
2020-04-08,23.996649
2020-04-09,25.128536
2020-04-13,24.331261
2020-04-14,25.045908
2020-04-15,24.219723
2020-04-16,24.223856
2020-04-17,25.004602
2020-04-20,24.058619
2020-04-21,23.662041
2020-04-22,24.351915
2020-04-23,23.942949
2020-04-24,24.091661
2020-04-27,24.343643
2020-04-28,24.434532
2020-04-29,24.211460
2020-04-30,23.653786
2020-05-01,23.083712
2020-05-04,23.257214
2020-05-05,23.447239
2020-05-06,22.649963
2020-05-07,22.740845
2020-05-08,23.199377
2020-05-11,23.100229
2020-05-12,22.897821
2020-05-13,22.703671
2020-05-14,22.947390
2020-05-15,22.641701
2020-05-18,23.571167
2020-05-19,23.182859
2020-05-20,23.310911
2020-05-21,23.075449
2020-05-22,23.331573
2020-05-26,23.484415
2020-05-27,23.765322
2020-05-28,24.467579
2020-05-29,24.657598
2020-06-01,24.950899
2020-06-02,25.112005
2020-06-03,25.413565
2020-06-04,24.959160
2020-06-05,25.277245
2020-06-08,25.954720
2020-06-09,25.434223
2020-06-10,25.285503
2020-06-11,24.298210
2020-06-12,24.236246
2020-06-15,24.401484
2020-06-16,24.513012
2020-06-17,24.438660
2020-06-18,24.434532
2020-06-19,23.748793
2020-06-22,23.980391
2020-06-23,23.738796
2020-06-24,23.522192
2020-06-25,23.230619
2020-06-26,22.984852
2020-06-29,23.418060
2020-06-30,23.505531
2020-07-01,24.055370
2020-07-02,24.117851
2020-07-06,23.822104
2020-07-07,23.726301
2020-07-08,23.938740
2020-07-09,23.618004
2020-07-10,24.063704
2020-07-13,24.088697
2020-07-14,24.313623
2020-07-15,24.217829
2020-07-16,24.526060
2020-07-17,25.080067
2020-07-20,24.750999
2020-07-21,24.863457
2020-07-22,25.246683
2020-07-23,25.275845
2020-07-24,25.109222
2020-07-27,24.805145
2020-07-28,25.180033
2020-07-29,25.296669
2020-07-30,25.296669
2020-07-31,25.338327
2020-08-03,25.063402
2020-08-04,25.338327
2020-08-05,25.013414
2020-08-06,25.159214
2020-08-07,25.613247
2020-08-10,25.604914
2020-08-11,25.050911
2020-08-12,25.413294
2020-08-13,25.371643
2020-08-14,25.150881
2020-08-17,25.117556
2020-08-18,25.005083
2020-08-19,24.930113
2020-08-20,24.709343
2020-08-21,24.750999
2020-08-24,24.967602
2020-08-25,24.730165
2020-08-26,24.455248
2020-08-27,24.534397
2020-08-28,24.605209
2020-08-31,24.680180
2020-09-01,24.396936
2020-09-02,25.155045
2020-09-03,24.871792
2020-09-04,24.730165
2020-09-08,24.592714
2020-09-09,24.917610
2020-09-10,24.488571
2020-09-11,24.546886
2020-09-14,24.884293
2020-09-15,25.050911
2020-09-16,25.017584
2020-09-17,24.813482
2020-09-18,24.376108
2020-09-21,24.224440
2020-09-22,24.375687
2020-09-23,24.001776
2020-09-24,24.270658
2020-09-25,24.669773
2020-09-28,24.732794
2020-09-29,24.724386
2020-09-30,24.947056
2020-10-01,25.199131
2020-10-02,25.497421
2020-10-05,25.816717
2020-10-06,26.035181
2020-10-07,26.194828
2020-10-08,26.673779
2020-10-09,26.669571
2020-10-12,26.837624
2020-10-13,26.652767
2020-10-14,26.619160
2020-10-15,26.602350
2020-10-16,26.888041
2020-10-19,26.661167
2020-10-20,26.820818
2020-10-21,26.749393
2020-10-22,27.127510
2020-10-23,27.203131
2020-10-26,27.194733
2020-10-27,27.173723
2020-10-28,26.383884
2020-10-29,26.455309
2020-10-30,26.207436
2020-11-02,26.783009
2020-11-03,27.169518
2020-11-04,26.762005
2020-11-05,27.001469
2020-11-06,26.942656
2020-11-09,27.442608
2020-11-10,27.837524
2020-11-11,27.942554
2020-11-12,27.493017
2020-11-13,27.766100
2020-11-16,28.047585
2020-11-17,27.497211
2020-11-18,26.959461
2020-11-19,26.690578
2020-11-20,26.694777
2020-11-23,26.698980
2020-11-24,26.984669
2020-11-25,27.056087
2020-11-27,26.787203
2020-11-30,26.400694
2020-12-01,26.585548
2020-12-02,26.762005
2020-12-03,26.484720
2020-12-04,26.220045
2020-12-07,26.367083
2020-12-08,26.287260
2020-12-09,26.241043
2020-12-10,26.106602
2020-12-11,26.148619
2020-12-14,26.014177
2020-12-15,26.526731
2020-12-16,26.220045
2020-12-17,26.396494
2020-12-18,26.169622
2020-12-21,25.852718
2020-12-22,25.801876
2020-12-23,25.751030
2020-12-24,25.933216
2020-12-28,26.047604
2020-12-29,26.043369
2020-12-30,26.174707
2020-12-31,26.564495
2021-01-04,25.895081
2021-01-05,25.890852
2021-01-06,26.534834
2021-01-07,26.187418
2021-01-08,26.407730
2021-01-11,26.161999
2021-01-12,26.022184
2021-01-13,26.530596
2021-01-14,26.428913
2021-01-15,26.687353
2021-01-19,26.585682
2021-01-20,26.742435
2021-01-21,26.585682
2021-01-22,26.623806
2021-01-25,27.157637
2021-01-26,26.886478
2021-01-27,26.161999
2021-01-28,26.475515
2021-01-29,26.331465
2021-02-01,26.458570
2021-02-02,26.674646
2021-02-03,26.589911
2021-02-04,26.797510
2021-02-05,26.941559
2021-02-08,26.733959
2021-02-09,26.772093
2021-02-10,26.878010
2021-02-11,26.725483
2021-02-12,26.530596
2021-02-16,26.234024
2021-02-17,26.255205
2021-02-18,26.411963
2021-02-19,26.017946
2021-02-22,25.509537
2021-02-23,25.721373
2021-02-24,25.420565
2021-02-25,25.191778
2021-02-26,24.725737
2021-03-01,25.272282
2021-03-02,25.196018
2021-03-03,24.899443
2021-03-04,24.878258
2021-03-05,25.284986
2021-03-08,25.640879
2021-03-09,25.979816
2021-03-10,26.157766
2021-03-11,26.089979
2021-03-12,26.441629
2021-03-15,26.780567
2021-03-16,26.814459
2021-03-17,26.378073
2021-03-18,26.280626
2021-03-19,26.352652
2021-03-22,26.314665
2021-03-23,26.707355
2021-03-24,26.715893
2021-03-25,27.001875
2021-03-26,27.091516
2021-03-29,27.381763
2021-03-30,27.134193
2021-03-31,27.334812
2021-04-01,27.309200
2021-04-05,27.607988
2021-04-06,27.753111
2021-04-07,27.718973
2021-04-08,27.697622
2021-04-09,27.667746
2021-04-12,27.693352
2021-04-13,28.022028
2021-04-14,28.145813
2021-04-15,28.457394
2021-04-16,28.687893
2021-04-19,28.542768
2021-04-20,28.905573
2021-04-21,28.662281
2021-04-22,28.457394
2021-04-23,28.418987
2021-04-26,28.256779
2021-04-27,28.039097
2021-04-28,28.000683
2021-04-29,28.256779
2021-04-30,28.478745
2021-05-03,28.474470
2021-05-04,28.367764
2021-05-05,27.889702
2021-05-06,28.103117
2021-05-07,28.188494
2021-05-10,28.474470
2021-05-11,28.124464
2021-05-12,27.467131
2021-05-13,27.996412
2021-05-14,28.133001
2021-05-17,27.902512
2021-05-18,27.898241
2021-05-19,27.851286
2021-05-20,28.094587
2021-05-21,28.239716
2021-05-24,28.188494
2021-05-25,27.847021
2021-05-26,27.851286
2021-05-27,27.663473
2021-05-28,27.812874
2021-06-01,27.642136
2021-06-02,27.787260
2021-06-03,27.953730
2021-06-04,27.911041
2021-06-07,27.962267
2021-06-08,27.723234
2021-06-09,27.970802
2021-06-10,28.154343
2021-06-11,28.218367
2021-06-14,28.278130
2021-06-15,28.363495
2021-06-16,27.936647
2021-06-17,28.090311
2021-06-18,27.360422
2021-06-21,27.714867
2021-06-22,27.547110
2021-06-23,27.254602
2021-06-24,27.228794
2021-06-25,27.521297
2021-06-28,27.697662
2021-06-29,27.250303
2021-06-30,27.198681
2021-07-01,27.495489
2021-07-02,27.538507
2021-07-06,27.654648
2021-07-07,27.835310
2021-07-08,27.753582
2021-07-09,27.787994
2021-07-12,27.878325
2021-07-13,27.667551
2021-07-14,27.908436
2021-07-15,28.222452
2021-07-16,28.506353
2021-07-19,28.054691
2021-07-20,28.175131
2021-07-21,27.865419
2021-07-22,27.908436
2021-07-23,28.265469
2021-07-26,28.274071
2021-07-27,28.760145
2021-07-28,28.540760
2021-07-29,28.618196
2021-07-30,28.377312
2021-08-02,28.596687
2021-08-03,28.760145
2021-08-04,28.717133
2021-08-05,29.031139
2021-08-06,29.013935
2021-08-09,29.005339
2021-08-10,29.035444
2021-08-11,29.306438
2021-08-12,29.336548
2021-08-13,29.543024
2021-08-16,29.723690
2021-08-17,29.740900
2021-08-18,29.590343
2021-08-19,29.710787
2021-08-20,30.080717
2021-08-23,29.693577
2021-08-24,29.500015
2021-08-25,29.555931
2021-08-26,29.482805
2021-08-27,29.474201
2021-08-30,29.517221
2021-08-31,29.482805
2021-09-01,29.869946
2021-09-02,30.140945
2021-09-03,29.891455
2021-09-07,29.495707
2021-09-08,30.024801
2021-09-09,29.861345
2021-09-10,29.444088
2021-09-13,29.392471
2021-09-14,29.293531
2021-09-15,29.254822
2021-09-16,29.009636
2021-09-17,28.562277
2021-09-20,28.509827
2021-09-21,28.431816
2021-09-22,28.414478
2021-09-23,28.262789
2021-09-24,28.232441
2021-09-27,27.898720
2021-09-28,27.547655
2021-09-29,27.907393
2021-09-30,27.686348
2021-10-01,27.686348
2021-10-04,28.067753
2021-10-05,27.998405
2021-10-06,28.431816
2021-10-07,28.280125
2021-10-08,28.072086
2021-10-11,27.690683
2021-10-12,27.877050
2021-10-13,28.202114
2021-10-14,28.548841
2021-10-15,28.466494
2021-10-18,28.193441
2021-10-19,28.548841
2021-10-20,28.999586
2021-10-21,28.999586
2021-10-22,29.146946
2021-10-25,29.021255
2021-10-26,29.177288
2021-10-27,28.982254
2021-10-28,29.172951
2021-10-29,28.999586
2021-11-01,29.103607
2021-11-02,29.129604
2021-11-03,29.021255
2021-11-04,28.860891
2021-11-05,29.133942
2021-11-08,28.700529
2021-11-09,28.847891
2021-11-10,29.081932
2021-11-11,28.904234
2021-11-12,28.886898
2021-11-15,29.268305
2021-11-16,29.129604
2021-11-17,29.155607
2021-11-18,29.003918
2021-11-19,29.168613
2021-11-22,29.346317
2021-11-23,29.376654
2021-11-24,29.393990
2021-11-26,28.934576
2021-11-29,29.363651
2021-11-30,28.505495
2021-12-01,28.557508
2021-12-02,28.921570
2021-12-03,29.211958
2021-12-06,29.658375
2021-12-07,29.879421
2021-12-08,29.849073
2021-12-09,29.810066
2021-12-10,29.970430
2021-12-13,30.338825
2021-12-14,30.156796
2021-12-15,30.650881
2021-12-16,30.806915
2021-12-17,30.343166
2021-12-20,30.371990
2021-12-21,30.328320
2021-12-22,30.459360
2021-12-23,30.454985
2021-12-27,30.603508
2021-12-28,30.878704
2021-12-29,31.044689
2021-12-30,31.158268
2021-12-31,31.267477
2022-01-03,30.957338
2022-01-04,30.861237
2022-01-05,30.843758
2022-01-06,30.524885
2022-01-07,30.756399
2022-01-10,30.555450
2022-01-11,30.280258
2022-01-12,30.376364
2022-01-13,30.524885
2022-01-14,30.315208
2022-01-18,29.952648
2022-01-19,30.088060
2022-01-20,30.127377
2022-01-21,30.070593
2022-01-24,29.782284
2022-01-25,29.314898
2022-01-26,29.074642
2022-01-27,29.332367
2022-01-28,29.686184
2022-01-31,30.249683
2022-02-01,29.847811
2022-02-02,30.288990
2022-02-03,30.153585
2022-02-04,29.913338
2022-02-07,29.869646
2022-02-08,29.891497
2022-02-09,30.022543
2022-02-10,29.262476
2022-02-11,29.279949
2022-02-14,29.030962
2022-02-15,28.895548
2022-02-16,28.961069
2022-02-17,28.978544
2022-02-18,28.926125
2022-02-22,28.895548
2022-02-23,28.406309
2022-02-24,28.633459
2022-02-25,29.520201
2022-02-28,29.673082
2022-03-01,29.415361
2022-03-02,29.773558
2022-03-03,30.297739
2022-03-04,30.966066
2022-03-07,31.367947
2022-03-08,30.883072
2022-03-09,30.664663
2022-03-10,30.869963
2022-03-11,30.765135
2022-03-14,30.730186
2022-03-15,31.123322
2022-03-16,31.066544
2022-03-17,31.197580
2022-03-18,30.931116
2022-03-21,31.137793
2022-03-22,31.181774
2022-03-23,31.225746
2022-03-24,31.546751
2022-03-25,32.004082
2022-03-28,32.210754
2022-03-29,32.509785
2022-03-30,32.778023
2022-03-31,32.742847
2022-04-01,33.200169
2022-04-04,32.945114
2022-04-05,33.151802
2022-04-06,33.811398
2022-04-07,33.727848
2022-04-08,33.842186
2022-04-11,33.380455
2022-04-12,33.507980
2022-04-13,33.442017
2022-04-14,33.459610
2022-04-18,33.279324
2022-04-19,33.494789
2022-04-20,33.767426
2022-04-21,33.208954
2022-04-22,32.650497
2022-04-25,32.426228
2022-04-26,32.100826
2022-04-27,31.946909
2022-04-28,32.303101
2022-04-29,31.335678
2022-05-02,31.014669
2022-05-03,31.133398
2022-05-04,31.828186
2022-05-05,31.502781
2022-05-06,31.753429
2022-05-09,31.515970
2022-05-10,31.133398
2022-05-11,31.357672
2022-05-12,31.041052
2022-05-13,31.410437
2022-05-16,31.507175
2022-05-17,31.832581
2022-05-18,31.524763
2022-05-19,31.458801
2022-05-20,31.546751
2022-05-23,31.924925
2022-05-24,32.562550
2022-05-25,32.540558
2022-05-26,32.632893
2022-05-27,33.142994
2022-05-31,32.685669
2022-06-01,32.632893
2022-06-02,32.852772
2022-06-03,32.694462
2022-06-06,32.839584
2022-06-07,33.037457
2022-06-08,32.391048
2022-06-09,31.612713
2022-06-10,31.370853
2022-06-13,29.928518
2022-06-14,29.172171
2022-06-15,29.361258
2022-06-16,28.793999
2022-06-17,28.525755
2022-06-21,29.068754
2022-06-22,29.374598
2022-06-23,30.066076
2022-06-24,30.589117
2022-06-27,30.837337
2022-06-28,30.722090
2022-06-29,30.744255
2022-06-30,31.085564
2022-07-01,31.847965
2022-07-05,30.761990
2022-07-06,31.081131
2022-07-07,31.050110
2022-07-08,30.948156
2022-07-11,31.143183
2022-07-12,30.992483
2022-07-13,30.863939
2022-07-14,30.863939
2022-07-15,30.921564
2022-07-18,30.491604
2022-07-19,30.686628
2022-07-20,30.278837
2022-07-21,30.358625
2022-07-22,30.775288
2022-07-25,31.160919
2022-07-26,31.347086
2022-07-27,31.373688
2022-07-28,32.499550
2022-07-29,32.778805
2022-08-01,32.814262
2022-08-02,32.747772
2022-08-03,32.951672
2022-08-04,33.022591
2022-08-05,32.902912
2022-08-08,32.951672
2022-08-09,33.319580
2022-08-10,33.465851
2022-08-11,33.461411
2022-08-12,34.006615
2022-08-15,34.290310
2022-08-16,34.387825
2022-08-17,34.330200
2022-08-18,34.458740
2022-08-19,34.441013
2022-08-22,33.971161
2022-08-23,33.767258
2022-08-24,33.873638
2022-08-25,34.081974
2022-08-26,33.558929
2022-08-29,33.660877
2022-08-30,33.168873
2022-08-31,32.951672
2022-09-01,33.425964
2022-09-02,33.066914
2022-09-06,33.151138
2022-09-07,34.188362
2022-09-08,34.161762
2022-09-09,34.299171
2022-09-12,34.627178
2022-09-13,33.705200
2022-09-14,33.980030
2022-09-15,33.133408
2022-09-16,33.009300
2022-09-19,33.451534
2022-09-20,32.965118
2022-09-21,32.514393
2022-09-22,32.398361
2022-09-23,32.023506
2022-09-26,31.251480
2022-09-27,30.724901
2022-09-28,31.055132
2022-09-29,29.810070
2022-09-30,29.234396
2022-10-03,30.091213
2022-10-04,30.729362
2022-10-05,30.046581
2022-10-06,29.055889
2022-10-07,28.453442
2022-10-10,28.502527
2022-10-11,28.399889
2022-10-12,27.453819
2022-10-13,28.141064
2022-10-14,27.734962
2022-10-17,28.315100
2022-10-18,28.832762
2022-10-19,28.457903
2022-10-20,27.739426
2022-10-21,28.252626
2022-10-24,28.489141
2022-10-25,29.060354
2022-10-26,29.046963
2022-10-27,29.279020
2022-10-28,30.082285
2022-10-31,29.801142
2022-11-01,29.917175
2022-11-02,29.627102
2022-11-03,29.756516
2022-11-04,29.939482
2022-11-07,29.368271
2022-11-08,29.573555
2022-11-09,29.341496
2022-11-10,30.724901
2022-11-11,30.381271
2022-11-14,30.019804
2022-11-15,30.350044
2022-11-16,30.622265
2022-11-17,30.086744
2022-11-18,30.724901
2022-11-21,30.863235
2022-11-22,31.126532
2022-11-23,31.474609
2022-11-25,31.657578
2022-11-28,31.331810
2022-11-29,31.099752
2022-11-30,31.876247
2022-12-01,31.849466
2022-12-02,31.697735
2022-12-05,31.519245
2022-12-06,31.715586
2022-12-07,31.568327
2022-12-08,31.773605
2022-12-09,31.608486
2022-12-12,32.331429
2022-12-13,32.429600
2022-12-14,32.389446
2022-12-15,31.996731
2022-12-16,31.452297
2022-12-19,31.327223
2022-12-20,31.336224
2022-12-21,31.772638
2022-12-22,31.579176
2022-12-23,31.903114
2022-12-27,32.101063
2022-12-28,31.795130
2022-12-29,32.024582
2022-12-30,31.718639
2023-01-03,31.718639
2023-01-04,32.006588
2023-01-05,31.313725
2023-01-06,31.943604
2023-01-09,32.159565
2023-01-10,32.168556
2023-01-11,32.429512
2023-01-12,32.209049
2023-01-13,32.092075
2023-01-17,32.047077
2023-01-18,31.277731
2023-01-19,30.962797
2023-01-20,31.147263
2023-01-23,31.156254
2023-01-24,31.313725
2023-01-25,30.890810
2023-01-26,30.994287
2023-01-27,30.994287
2023-01-30,30.854826
2023-01-31,31.084270
2023-02-01,31.138269
2023-02-02,31.205750
2023-02-03,30.553375
2023-02-06,30.814327
2023-02-07,30.800833
2023-02-08,30.283434
2023-02-09,29.869516
2023-02-10,30.463400
2023-02-13,30.647861
2023-02-14,30.517389
2023-02-15,30.715343
2023-02-16,30.481394
2023-02-17,30.809834
2023-02-21,30.233942
2023-02-22,30.116962
2023-02-23,29.959496
2023-02-24,29.968500
2023-02-27,29.766041
2023-02-28,29.244139
2023-03-01,28.762737
2023-03-02,29.307125
2023-03-03,29.806534
2023-03-06,29.950502
2023-03-07,29.460100
2023-03-08,29.685051
2023-03-09,29.446592
2023-03-10,28.983194
2023-03-13,29.428606
2023-03-14,29.815529
2023-03-15,30.220446
2023-03-16,30.422907
2023-03-17,30.130461
2023-03-20,30.366142
2023-03-21,29.754288
2023-03-22,29.169624
2023-03-23,28.870495
2023-03-24,29.772415
2023-03-27,29.808672
2023-03-28,29.890249
2023-03-29,30.325356
2023-03-30,30.456789
2023-03-31,30.678867
2023-04-03,30.470387
2023-04-04,30.624477
2023-04-05,31.417631
2023-04-06,31.639704
2023-04-10,31.576250
2023-04-11,31.603445
2023-04-12,31.571726
2023-04-13,31.576250
2023-04-14,31.222729
2023-04-17,31.394962
2023-04-18,31.231808
2023-04-19,31.472017
2023-04-20,31.462955
2023-04-21,31.553591
2023-04-24,31.712225
2023-04-25,31.680496
2023-04-26,30.937202
2023-04-27,31.308851
2023-04-28,31.263529
2023-05-01,31.317917
2023-05-02,30.937202
2023-05-03,30.851088
2023-05-04,31.086773
2023-05-05,31.286190
2023-05-08,31.191013
2023-05-09,31.150225
2023-05-10,31.435753
2023-05-11,31.113964
2023-05-12,31.286190
2023-05-15,30.891882
2023-05-16,30.207508
2023-05-17,30.098740
2023-05-18,30.008095
2023-05-19,29.962774
2023-05-22,29.971838
2023-05-23,29.867594
2023-05-24,29.672709
2023-05-25,29.273863
2023-05-26,29.273863
2023-05-30,29.160555
2023-05-31,29.427965
2023-06-01,29.210413
2023-06-02,29.514078
2023-06-05,29.654577
2023-06-06,29.631914
2023-06-07,30.134996
2023-06-08,30.266432
2023-06-09,30.089672
2023-06-12,30.035284
2023-06-13,30.030758
2023-06-14,30.012627
2023-06-15,30.338951
2023-06-16,30.502111
2023-06-20,30.144384
2023-06-21,30.386524
2023-06-22,30.153517
2023-06-23,29.710352
2023-06-26,30.002747
2023-06-27,30.011887
2023-06-28,29.568724
2023-06-29,29.568724
2023-06-30,29.897671
2023-07-03,30.121536
2023-07-05,30.464186
2023-07-06,30.094128
2023-07-07,29.874826
2023-07-10,29.746904
2023-07-11,30.116964
2023-07-12,30.555561
2023-07-13,30.660645
2023-07-14,30.541859
2023-07-17,30.190067
2023-07-18,29.957064
2023-07-19,30.263166
2023-07-20,30.815975
2023-07-21,31.277420
2023-07-24,31.195183
2023-07-25,31.250008
2023-07-26,31.250008
2023-07-27,30.697189
2023-07-28,30.628660
2023-07-31,30.642370
2023-08-01,30.267729
2023-08-02,30.267729
2023-08-03,29.577860
2023-08-04,29.235201
2023-08-07,29.230635
2023-08-08,29.367699
2023-08-09,29.431662
2023-08-10,29.340288
2023-08-11,29.500191
2023-08-14,29.267185
2023-08-15,28.792040
2023-08-16,28.919964
2023-08-17,28.856003
2023-08-18,29.006767
2023-08-21,28.824018
2023-08-22,28.906261
2023-08-23,29.020477
2023-08-24,28.851435
2023-08-25,29.070732
2023-08-28,29.066162
2023-08-29,29.175810
2023-08-30,29.043318
2023-08-31,28.764629
2023-09-01,28.618425
2023-09-05,28.179832
2023-09-06,28.243795
2023-09-07,28.613859
2023-09-08,28.865137
2023-09-11,28.983923
2023-09-12,29.020477
2023-09-13,29.367699
2023-09-14,29.797155
2023-09-15,29.669233
2023-09-18,29.647123
2023-09-19,29.485924
2023-09-20,29.513557
2023-09-21,29.204975
2023-09-22,29.149706
2023-09-25,29.108253
2023-09-26,28.237770
2023-09-27,27.694292
2023-09-28,27.095549
2023-09-29,27.141605
2023-10-02,25.879629
2023-10-03,26.179003
2023-10-04,26.151373
2023-10-05,25.999380
2023-10-06,26.367842
2023-10-09,26.630369
2023-10-10,26.994221
2023-10-11,27.431768
2023-10-12,27.008038
2023-10-13,27.312016
2023-10-16,27.592966
2023-10-17,27.519276
2023-10-18,27.279776
2023-10-19,27.008038
2023-10-20,26.727087
2023-10-23,26.501404
2023-10-24,27.183056
2023-10-25,27.335045
2023-10-26,27.569939
2023-10-27,27.049490
2023-10-30,27.256750
2023-10-31,27.491638
2023-11-01,27.804831
2023-11-02,28.325277
2023-11-03,28.491085
2023-11-06,28.417393
2023-11-07,28.210135
2023-11-08,28.002876
2023-11-09,27.634418
2023-11-10,27.781801
2023-11-13,27.450186
2023-11-14,28.546352
2023-11-15,28.458843
2023-11-16,28.610834
2023-11-17,28.689131
2023-11-20,28.601622
2023-11-21,28.661495
2023-11-22,28.799667
2023-11-24,28.873362
2023-11-27,28.919420
2023-11-28,29.011532
2023-11-29,28.781248
2023-11-30,28.905602
2023-12-01,29.260241
2023-12-04,29.145098
2023-12-05,28.937845
2023-12-06,29.324720
2023-12-07,29.260241
2023-12-08,29.204975
2023-12-11,29.393808
2023-12-12,29.274061
2023-12-13,30.379433
2023-12-14,29.983343
2023-12-15,29.462896
2023-12-18,29.396412
2023-12-19,29.563778
2023-12-20,28.964043
2023-12-21,29.015184
2023-12-22,29.112814
2023-12-26,29.289482
2023-12-27,29.270887
2023-12-28,29.480097
2023-12-29,29.442905
2024-01-02,29.870625
2024-01-03,29.982201
2024-01-04,29.889223
2024-01-05,30.000799
2024-01-08,30.219305
2024-01-09,29.972904
2024-01-10,29.968252
2024-01-11,29.270887
2024-01-12,29.438257
2024-01-16,29.117462
2024-01-17,28.694393
2024-01-18,28.387550
2024-01-19,28.350361
2024-01-22,28.206236
2024-01-23,28.257378
2024-01-24,27.871500
2024-01-25,28.373604
2024-01-26,28.457289
2024-01-29,28.638605
2024-01-30,28.629307
2024-01-31,28.568867
2024-02-01,29.112814
2024-02-02,28.587465
2024-02-05,27.992374
2024-02-06,28.094660
2024-02-07,28.113255
2024-02-08,27.913343
2024-02-09,28.020271
2024-02-12,28.345711
2024-02-13,27.876146
2024-02-14,28.029568
2024-02-15,28.499130
2024-02-16,28.466583
2024-02-20,28.447987
2024-02-21,28.824572
2024-02-22,28.601410
2024-02-23,28.805973
2024-02-26,28.238777
2024-02-27,28.773426
2024-02-28,28.861763
2024-02-29,28.871059
2024-03-01,28.694393
2024-03-04,29.177902
2024-03-05,29.094215
2024-03-06,29.373165
2024-03-07,29.563778
2024-03-08,29.638166
2024-03-11,29.786940
2024-03-12,29.498692
2024-03-13,29.698606
2024-03-14,29.461500
2024-03-15,29.503342
2024-03-18,29.639280
2024-03-19,29.901783
2024-03-20,29.939283
2024-03-21,29.892408
2024-03-22,29.934595
2024-03-25,30.075224
2024-03-26,29.733032
2024-03-27,30.562723
2024-03-28,30.773664
2024-04-01,30.586163
2024-04-02,30.637722
2024-04-03,30.515850
2024-04-04,30.454910
2024-04-05,30.543980
2024-04-08,30.745539
2024-04-09,30.914288
2024-04-10,30.384596
2024-04-11,30.323662
2024-04-12,30.093967
2024-04-15,29.817410
2024-04-16,29.423653
2024-04-17,30.037722
2024-04-18,30.206476
2024-04-19,30.670540
2024-04-22,30.951794
2024-04-23,31.097105
2024-04-24,31.284609
2024-04-25,31.368980
2024-04-26,31.026787
2024-04-29,31.448664
2024-04-30,31.284609
2024-05-01,31.645546
2024-05-02,31.814299
2024-05-03,32.067429
2024-05-06,32.231483
2024-05-07,32.597115
2024-05-08,32.939301
2024-05-09,33.440868
2024-05-10,33.408054
2024-05-13,33.408054
2024-05-14,33.497124
2024-05-15,33.998688
2024-05-16,33.881496
2024-05-17,33.909615
2024-05-20,33.853378
2024-05-21,34.158062
2024-05-22,33.754936
2024-05-23,33.183052
2024-05-24,33.515869
2024-05-28,33.483063
2024-05-29,33.051807
2024-05-30,33.497124
2024-05-31,34.087749
2024-06-03,33.698689
2024-06-04,33.684616
2024-06-05,33.492424
2024-06-06,33.145557
2024-06-07,32.784615
2024-06-10,33.206490
2024-06-11,33.004932
2024-06-12,32.789303
2024-06-13,32.864307
2024-06-14,32.784615
2024-06-17,32.423676
2024-06-18,32.437740
2024-06-20,32.718994
2024-06-21,32.526802
2024-06-24,32.954441
2024-06-25,32.642570
2024-06-26,32.505535
2024-06-27,32.562244
2024-06-28,32.198391
2024-07-01,31.976301
2024-07-02,32.141689
2024-07-03,32.335430
2024-07-05,32.392132
2024-07-08,32.425213
2024-07-09,32.519714
2024-07-10,32.826862
2024-07-11,33.426975
2024-07-12,33.672691
2024-07-15,32.855217
2024-07-16,33.110382
2024-07-17,33.129276
2024-07-18,33.100929
2024-07-19,33.138729
2024-07-22,33.417530
2024-07-23,33.209610
2024-07-24,33.582909
2024-07-25,33.304123
2024-07-26,33.630165
2024-07-29,33.781380
2024-07-30,33.956211
2024-07-31,34.395672
2024-08-01,35.014687
2024-08-02,35.071396
2024-08-05,34.145226
2024-08-06,34.433475
2024-08-07,34.627213
2024-08-08,34.665016
2024-08-09,34.783150
2024-08-12,34.844574
2024-08-13,35.047760
2024-08-14,35.024143
2024-08-15,35.019409
2024-08-16,35.175346
2024-08-19,35.406891
2024-08-20,35.331284
2024-08-21,35.581730
2024-08-22,35.539204
2024-08-23,35.638428
2024-08-26,35.869976
2024-08-27,35.586452
2024-08-28,35.586452
2024-08-29,35.780193
2024-08-30,36.049534
2024-09-03,35.997559
2024-09-04,36.304699
2024-09-05,36.214916
2024-09-06,35.869976
2024-09-09,36.233822
2024-09-10,36.403938
2024-09-11,36.517342
2024-09-12,36.597675
2024-09-13,37.112736
2024-09-16,37.396252
2024-09-17,37.367901
2024-09-18,37.084389
2024-09-19,36.867020
2024-09-20,37.840435
2024-09-23,38.215790
2024-09-24,37.944626
2024-09-25,38.144436
2024-09-26,37.882774
2024-09-27,38.258606
2024-09-30,38.429874
2024-10-01,38.739101
2024-10-02,38.758129
2024-10-03,38.743855
2024-10-04,38.682007
2024-10-07,37.792385
2024-10-08,37.811417
2024-10-09,37.487915
2024-10-10,37.373737
2024-10-11,37.701996
2024-10-14,38.177734
2024-10-15,38.349003
2024-10-16,39.110172
2024-10-17,38.762890
2024-10-18,38.986485
2024-10-21,38.834244
2024-10-22,38.696281
2024-10-23,39.067360
2024-10-24,38.815220
2024-10-25,38.239578
2024-10-28,38.539291
2024-10-29,37.716270
2024-10-30,37.625877
2024-10-31,38.015984
2024-11-01,37.169174
2024-11-04,36.726734
2024-11-05,37.278595
2024-11-06,36.893246
2024-11-07,36.959854
2024-11-08,37.668697
2024-11-11,37.773357
2024-11-12,37.340439
2024-11-13,37.273834
2024-11-14,37.145390
2024-11-15,37.701996
2024-11-18,38.030254
2024-11-19,38.272873
2024-11-20,38.291908
2024-11-21,38.957939
2024-11-22,38.748615
2024-11-25,38.819977
2024-11-26,39.438431
2024-11-27,39.438431
2024-11-29,39.452698
2024-12-02,38.605896
2024-12-03,38.272873
2024-12-04,38.268116
2024-12-05,38.387054
2024-12-06,37.911324
2024-12-09,37.435589
2024-12-10,37.164421
2024-12-11,36.931301
2024-12-12,36.912277
2024-12-13,36.936062
2024-12-16,36.641109
2024-12-17,36.488869
2024-12-18,35.627792
2024-12-19,35.789547
2024-12-20,36.360428
2024-12-23,36.484177
2024-12-24,36.685646
2024-12-26,36.599304
2024-12-27,36.493771
2024-12-30,36.340279
2024-12-31,36.306702
2025-01-02,36.584908
2025-01-03,36.973446
2025-01-06,36.560932
2025-01-07,36.469795
2025-01-08,36.460201
2025-01-10,36.253933
2025-01-13,35.831818
2025-01-14,36.301907
2025-01-15,36.834343
2025-01-16,37.764915
2025-01-17,37.817677
2025-01-21,38.398087
2025-01-22,37.568253
2025-01-23,37.745731
2025-01-24,38.129467
2025-01-27,37.246868
2025-01-28,36.733612
2025-01-29,36.810356
2025-01-30,37.577843
2025-01-31,37.357193
2025-02-03,37.558659
2025-02-04,37.227684
2025-02-05,37.601826
2025-02-06,37.558659
2025-02-07,37.481907
2025-02-10,37.889633
2025-02-11,38.081505
2025-02-12,38.014347
2025-02-13,38.100693
2025-02-14,37.942398
2025-02-18,38.297352
2025-02-19,38.498825
2025-02-20,38.494022
2025-02-21,38.503616
2025-02-24,38.311749
2025-02-25,38.119877
2025-02-26,38.278172
2025-02-27,37.429142
2025-02-28,37.999958
2025-03-03,38.052723
2025-03-04,37.433941
2025-03-05,37.170116
2025-03-06,36.397839
2025-03-07,37.074181
2025-03-10,37.481907
2025-03-11,37.131748
2025-03-12,37.016621
2025-03-13,37.107761
2025-03-14,37.832073
2025-03-17,37.990368
2025-03-18,37.726543
2025-03-19,37.865646
2025-03-20,38.019142
2025-03-21,37.774513
2025-03-24,37.762428
2025-03-25,37.158585
2025-03-26,37.404949
2025-03-27,37.395290
2025-03-28,37.670643
2025-03-31,38.090923
2025-04-01,38.187542
2025-04-02,38.366287
2025-04-03,38.124744
2025-04-04,36.004021
2025-04-07,35.453304
2025-04-08,35.308380
2025-04-09,36.699657
2025-04-10,36.424305
2025-04-11,36.868732
2025-04-14,37.530556
2025-04-15,37.525726
2025-04-16,37.187565
2025-04-17,37.569199
2025-04-21,36.680336
2025-04-22,37.680309
2025-04-23,37.839725
2025-04-24,37.897690
2025-04-25,37.781757
2025-04-28,38.013634
2025-04-29,38.308319
2025-04-30,38.115082
2025-05-01,38.226189
2025-05-02,38.525700
2025-05-05,38.429085
2025-05-06,38.897671
2025-05-07,39.008781
2025-05-08,38.694778
2025-05-09,38.762405
2025-05-12,38.530533
2025-05-13,38.477394
2025-05-14,38.308319
2025-05-15,39.124718
2025-05-16,39.699585
2025-05-19,39.868660
2025-05-20,39.984600
2025-05-21,39.255154
2025-05-22,38.694778
2025-05-23,39.158535
2025-05-27,39.453217
2025-05-28,38.902500
2025-05-29,39.173027
2025-05-30,39.573986
2025-06-02,39.699585
2025-06-03,39.805862
2025-06-04,39.110229
2025-06-05,39.047428
2025-06-06,39.221340
2025-06-09,38.970135
2025-06-10,39.061924
2025-06-11,39.086075
2025-06-12,39.559494
2025-06-13,39.332447
2025-06-16,39.139210
2025-06-17,38.815544
2025-06-18,38.916992
2025-06-20,39.023270
2025-06-23,39.517975
2025-06-24,39.688225
2025-06-25,39.158016
2025-06-26,39.483925
2025-06-27,39.561756
2025-06-30,39.722282
2025-07-01,39.858482
2025-07-02,39.513111
2025-07-03,39.809834
2025-07-07,39.892536
2025-07-08,39.469334
2025-07-09,39.839027
2025-07-10,40.164936
2025-07-11,40.106564
2025-07-14,40.267082
2025-07-15,39.882801
2025-07-16,39.902256
2025-07-17,40.067650
2025-07-18,40.738930
2025-07-21,40.870262
2025-07-22,41.371296
2025-07-23,41.059978
2025-07-24,41.006470
2025-07-25,41.113476
2025-07-28,40.675690
2025-07-29,41.142673
2025-07-30,41.449123
2025-07-31,41.672882
2025-08-01,41.736122
2025-08-04,42.475502
2025-08-05,42.023117
2025-08-06,41.648563
2025-08-07,42.100948
2025-08-08,41.920967
2025-08-11,41.789635
2025-08-12,41.969608
2025-08-13,42.062035
2025-08-14,41.770172
2025-08-15,41.648563
2025-08-18,41.468582
2025-08-19,41.872322
2025-08-20,41.916100
2025-08-21,41.629105
2025-08-22,41.852863
2025-08-25,41.381023
2025-08-26,41.473446
2025-08-27,41.483177
2025-08-28,41.166988
2025-08-29,41.016193
2025-09-02,40.879993
2025-09-03,40.777840
2025-09-04,40.729202
2025-09-05,40.602726
2025-09-08,40.189259
2025-09-09,40.466526
2025-09-10,41.162128
2025-09-11,41.381023
2025-09-12,41.590191
2025-09-15,41.687477
2025-09-16,40.928638
2025-09-17,41.030788
2025-09-18,41.059978
2025-09-19,41.322647
2025-09-22,41.723232
2025-09-23,41.938702
2025-09-24,42.237427
2025-09-25,41.830963
2025-09-26,42.511665
2025-09-29,42.634090
2025-09-30,42.707550
2025-10-01,43.118904
2025-10-02,43.040554
2025-10-03,43.540058
2025-10-06,43.961205
2025-10-07,44.161983
2025-10-08,44.465607
2025-10-09,44.352974
2025-10-10,44.171780
2025-10-13,44.509678
2025-10-14,44.906342
2025-10-15,45.493996
2025-10-16,44.999390
2025-10-17,44.842682
2025-10-20,44.827991
2025-10-21,44.372559
2025-10-22,44.269722
2025-10-23,44.235443
2025-10-24,44.754536
2025-10-27,44.876961
2025-10-28,44.137493
2025-10-29,44.122807
2025-10-30,43.936718
2025-10-31,43.633099
2025-11-03,43.657585
2025-11-04,43.500877
2025-11-05,43.510670
2025-11-06,43.319683
2025-11-07,43.922028
2025-11-10,43.907337
2025-11-11,43.931820
2025-11-12,44.034660
2025-11-13,43.427422
2025-11-14,43.466595
2025-11-17,43.858364
2025-11-18,43.691860
2025-11-19,43.324581
2025-11-20,43.104210
2025-11-21,43.167877
2025-11-24,43.657585
2025-11-25,43.491085
2025-11-26,44.068939
2025-11-28,44.382351
2025-12-01,43.344170
2025-12-02,43.035652
2025-12-03,42.898533
2025-12-04,42.810383
2025-12-05,42.408825
2025-12-08,41.840763
2025-12-09,41.870148
2025-12-10,41.850559
2025-12-11,42.154175
2025-12-12,41.948502
2025-12-15,42.330471
2025-12-16,42.154175
2025-12-17,41.879932
2025-12-18,42.291294
2025-12-19,41.752617
2025-12-22,41.907536
2025-12-23,42.055546
2025-12-24,42.243034
2025-12-26,42.213428
2025-12-29,42.292370
2025-12-30,42.391045
2025-12-31,42.124622
2026-01-02,42.608131
2026-01-05,42.134491
2026-01-06,42.341705
2026-01-07,41.315479
2026-01-08,41.433895
2026-01-09,41.947002
2026-01-12,42.016083
2026-01-13,42.282505
2026-01-14,42.598263
2026-01-15,43.032436
2026-01-16,42.815353
2026-01-20,42.391045
2026-01-21,42.450253
2026-01-22,42.144356
2026-01-23,41.996346
2026-01-26,42.302238
2026-01-27,42.854824
2026-01-28,42.756149
2026-01-29,42.756149
2026-01-30,42.677208
2026-02-02,42.055546
2026-02-03,42.667339
2026-02-04,42.509460
2026-02-05,42.529194
2026-02-06,42.775883
2026-02-09,42.904160
2026-02-10,43.614628
2026-02-11,43.999462
2026-02-12,44.650719
2026-02-13,45.884167
2026-02-17,45.765755
2026-02-18,45.005951
2026-02-19,45.499329
2026-02-20,45.716415
2026-02-23,46.061779
2026-02-24,46.574894
2026-02-25,46.732773
2026-02-26,46.555157
2026-02-27,47.097874
2026-03-02,46.742641
2026-03-03,46.446613
2026-03-04,46.643967
2026-03-05,46.278870
2026-03-06,46.120987
2026-03-09,46.229530
2026-03-10,45.943371
2026-03-11,45.558533
2026-03-12,45.884167
2026-03-13,46.338070
2026-03-16,46.634094
2026-03-17,46.505821
2026-03-18,46.111118
2026-03-19,45.923637
2026-03-20,44.058666
2026-03-23,44.495872
2026-03-24,44.803905
2026-03-25,44.962891
2026-03-26,45.042385
2026-03-27,45.300732
2026-03-30,45.628635
2026-03-31,45.598827
2026-04-01,45.817432
2026-04-02,46.045975
2026-04-06,45.877052
2026-04-07,45.976418
2026-04-08,46.483181
2026-04-09,46.850838
2026-04-10,46.662041
2026-04-13,46.095657
2026-04-14,46.175152
2026-04-15,45.728004
2026-04-16,46.055908
2026-04-17,45.867115
2026-04-20,45.459717
2026-04-21,44.664795
2026-04-22,44.585300
2026-04-23,45.797562
2026-04-24,45.886990
2026-04-27,45.896923
2026-04-28,45.956547
2026-04-29,45.390163
2026-04-30,46.552738
2026-05-01,46.254642
2026-05-04,46.075783
2026-05-05,46.075783
2026-05-06,45.419971
2026-05-07,44.833714
2026-05-08,44.436253
2026-05-11,44.853588
2026-05-12,44.903271
2026-05-13,44.386570
2026-05-14,44.615112
2026-05-15,43.591644
2026-05-18,43.661201
2026-05-19,44.058662
2026-05-20,44.227585
2026-05-21,44.714478
2026-05-22,45.062252
2026-05-26,45.042385
2026-05-27,44.853588
2026-05-28,44.346825
2026-05-29,44.138153
2026-06-01,42.826530
2026-06-02,43.621456
2026-06-03,43.432659
2026-06-04,43.661201
2026-06-05,44.068600
2026-06-08,43.243866
2026-06-09,43.700947
2026-06-10,43.720821
2026-06-11,43.770504
2026-06-12,44.247456
2026-06-15,44.456127
2026-06-16,44.774097
2026-06-17,44.177902
2026-06-18,44.475998
2026-06-22,44.720001
2026-06-23,45.070000
2026-06-24,45.540001
2026-06-25,45.849998
2026-06-26,46.200001
2026-06-29,46.020000
2026-06-30,45.340000
2026-07-01,44.770000
2026-07-02,45.759998
2026-07-06,45.299999
2026-07-07,45.700001
2026-07-08,45.360001
2026-07-09,45.130001
2026-07-10,45.410000
2026-07-13,45.720001
2026-07-14,45.689999
2026-07-15,45.220001
2026-07-16,45.470001
2026-07-17,45.169998
2026-07-20,44.915001
2026-07-21,44.919998
2026-07-22,45.930000
2026-07-23,46.189999
2026-07-24,46.290001
