date,value
1998-12-22,16.716146
1998-12-23,17.091782
1998-12-24,17.196133
1998-12-28,16.945705
1998-12-29,17.321363
1998-12-30,17.175261
1998-12-31,17.363092
1999-01-04,17.321363
1999-01-05,17.592653
1999-01-06,17.884815
1999-01-07,17.801331
1999-01-08,18.020460
1999-01-11,18.062208
1999-01-12,17.989153
1999-01-13,17.822203
1999-01-14,17.676123
1999-01-15,17.916117
1999-01-19,18.427406
1999-01-20,18.531763
1999-01-21,17.884815
1999-01-22,17.811760
1999-01-25,17.957853
1999-01-26,18.041334
1999-01-27,17.863945
1999-01-28,18.197845
1999-01-29,18.197845
1999-02-01,18.302197
1999-02-02,18.030891
1999-02-03,18.375229
1999-02-04,18.239584
1999-02-05,18.030891
1999-02-08,18.020460
1999-02-09,17.696991
1999-02-10,17.738731
1999-02-11,18.218718
1999-02-12,17.947426
1999-02-16,18.114372
1999-02-17,17.926559
1999-02-18,18.156116
1999-02-19,18.208286
1999-02-22,18.594368
1999-02-23,18.563059
1999-02-24,18.343933
1999-02-25,18.166544
1999-02-26,18.218718
1999-03-01,18.187414
1999-03-02,18.176981
1999-03-03,18.062208
1999-03-04,18.385668
1999-03-05,18.803055
1999-03-08,18.823921
1999-03-09,18.677847
1999-03-10,18.844780
1999-03-11,18.970011
1999-03-12,18.865654
1999-03-15,18.928270
1999-03-16,18.886520
1999-03-17,18.782187
1999-03-18,19.043053
1999-03-19,18.959576
1999-03-22,18.907391
1999-03-23,18.385668
1999-03-24,18.469156
1999-03-25,18.782187
1999-03-26,18.636097
1999-03-29,18.865654
1999-03-30,18.803055
1999-03-31,18.698711
1999-04-01,18.698711
1999-04-05,19.116085
1999-04-06,19.136965
1999-04-07,19.502169
1999-04-08,19.700426
1999-04-09,19.763033
1999-04-12,20.263897
1999-04-13,20.055204
1999-04-14,19.867376
1999-04-15,19.366522
1999-04-16,19.178698
1999-04-19,18.656977
1999-04-20,19.011734
1999-04-21,19.450001
1999-04-22,19.846502
1999-04-23,20.295191
1999-04-26,20.263897
1999-04-27,20.284763
1999-04-28,19.742157
1999-04-29,19.512606
1999-04-30,19.366522
1999-05-03,19.742157
1999-05-04,19.366522
1999-05-05,19.533484
1999-05-06,19.616955
1999-05-07,19.554342
1999-05-10,19.512606
1999-05-11,19.825640
1999-05-12,20.013468
1999-05-13,19.888250
1999-05-14,19.533484
1999-05-17,19.408257
1999-05-18,19.199574
1999-05-19,19.429125
1999-05-20,19.689999
1999-05-21,19.470861
1999-05-24,19.011734
1999-05-25,18.823921
1999-05-26,18.844780
1999-05-27,18.636097
1999-05-28,18.771757
1999-06-01,18.823921
1999-06-02,18.761320
1999-06-03,18.907391
1999-06-04,19.366522
1999-06-07,19.199574
1999-06-08,19.043053
1999-06-09,19.053488
1999-06-10,18.896967
1999-06-11,18.677847
1999-06-14,18.782187
1999-06-15,18.990881
1999-06-16,19.366522
1999-06-17,19.460438
1999-06-18,19.366522
1999-06-21,19.272612
1999-06-22,19.241304
1999-06-23,19.283041
1999-06-24,18.928270
1999-06-25,18.949131
1999-06-28,19.157833
1999-06-29,19.345648
1999-06-30,19.596079
1999-07-01,19.658689
1999-07-02,19.658689
1999-07-06,19.616955
1999-07-07,19.742157
1999-07-08,19.700426
1999-07-09,19.783899
1999-07-12,19.825640
1999-07-13,19.783899
1999-07-14,19.825640
1999-07-15,19.919550
1999-07-16,19.929985
1999-07-19,19.846502
1999-07-20,19.763033
1999-07-21,19.721292
1999-07-22,19.408257
1999-07-23,19.241304
1999-07-26,19.262188
1999-07-27,19.616955
1999-07-28,19.470861
1999-07-29,19.136965
1999-07-30,19.011734
1999-08-02,18.886520
1999-08-03,18.803055
1999-08-04,18.531763
1999-08-05,18.479586
1999-08-06,18.281319
1999-08-09,18.302197
1999-08-10,17.936989
1999-08-11,18.114372
1999-08-12,18.114372
1999-08-13,18.427406
1999-08-16,18.427406
1999-08-17,18.656977
1999-08-18,18.782187
1999-08-19,18.698711
1999-08-20,18.656977
1999-08-23,18.834347
1999-08-24,18.573494
1999-08-25,18.949131
1999-08-26,18.803055
1999-08-27,18.667398
1999-08-30,18.218718
1999-08-31,18.156116
1999-09-01,18.176981
1999-09-02,17.989153
1999-09-03,18.563059
1999-09-07,18.782187
1999-09-08,18.698711
1999-09-09,18.573494
1999-09-10,18.677847
1999-09-13,18.646536
1999-09-14,18.458712
1999-09-15,18.281319
1999-09-16,18.291759
1999-09-17,18.813478
1999-09-20,18.583925
1999-09-21,18.250023
1999-09-22,18.208286
1999-09-23,18.010031
1999-09-24,17.728296
1999-09-27,17.863945
1999-09-28,17.696991
1999-09-29,17.749165
1999-09-30,17.905684
1999-10-01,17.843075
1999-10-04,18.114372
1999-10-05,17.874374
1999-10-06,18.323061
1999-10-07,18.156116
1999-10-08,18.354366
1999-10-11,18.302197
1999-10-12,17.989153
1999-10-13,17.592653
1999-10-14,17.530045
1999-10-15,17.227436
1999-10-18,17.143965
1999-10-19,17.154402
1999-10-20,17.571772
1999-10-21,17.603077
1999-10-22,17.822203
1999-10-25,17.822203
1999-10-26,17.696991
1999-10-27,17.696991
1999-10-28,18.458712
1999-10-29,18.813478
1999-11-01,18.823921
1999-11-02,18.583925
1999-11-03,18.667398
1999-11-04,18.876093
1999-11-05,18.792620
1999-11-08,18.823921
1999-11-09,18.698711
1999-11-10,18.813478
1999-11-11,19.032616
1999-11-12,19.408257
1999-11-15,19.491741
1999-11-16,19.742157
1999-11-17,19.543900
1999-11-18,19.669115
1999-11-19,19.575201
1999-11-22,19.366522
1999-11-23,19.043053
1999-11-24,19.314342
1999-11-26,19.157833
1999-11-29,19.043053
1999-11-30,19.032616
1999-12-01,18.990881
1999-12-02,19.157833
1999-12-03,19.533484
1999-12-06,19.648254
1999-12-07,19.596079
1999-12-08,19.783899
1999-12-09,20.086504
1999-12-10,19.961287
1999-12-13,19.825640
1999-12-14,19.867376
1999-12-15,19.700426
1999-12-16,19.856943
1999-12-17,20.201275
1999-12-20,20.130590
1999-12-21,20.004635
1999-12-22,20.025633
1999-12-23,20.445452
1999-12-27,20.445452
1999-12-28,20.487431
1999-12-29,20.476936
1999-12-30,20.550406
1999-12-31,20.749830
2000-01-03,20.350992
2000-01-04,19.889183
2000-01-05,19.710760
2000-01-06,19.773733
2000-01-07,20.015135
2000-01-10,22.061783
2000-01-11,21.474020
2000-01-12,21.117176
2000-01-13,21.746912
2000-01-14,21.557985
2000-01-18,21.159145
2000-01-19,21.662945
2000-01-20,21.495014
2000-01-21,21.453037
2000-01-24,20.812792
2000-01-25,20.959740
2000-01-26,20.865280
2000-01-27,20.739330
2000-01-28,20.319504
2000-01-31,20.225046
2000-02-01,20.487431
2000-02-02,20.991228
2000-02-03,21.180141
2000-02-04,21.253611
2000-02-07,20.907263
2000-02-08,21.138170
2000-02-09,20.760324
2000-02-10,20.581888
2000-02-11,20.592390
2000-02-14,20.214552
2000-02-15,20.057116
2000-02-16,19.490351
2000-02-17,19.479858
2000-02-18,18.944576
2000-02-22,18.808138
2000-02-23,19.102015
2000-02-24,18.955078
2000-02-25,18.367321
2000-02-28,18.692678
2000-02-29,18.902597
2000-03-01,19.060026
2000-03-02,18.976067
2000-03-03,19.238451
2000-03-06,18.860619
2000-03-07,18.514267
2000-03-08,18.419800
2000-03-09,18.850119
2000-03-10,18.692678
2000-03-13,18.556248
2000-03-14,18.608734
2000-03-15,18.703182
2000-03-16,19.668776
2000-03-17,19.689768
2000-03-20,20.067617
2000-03-21,20.193556
2000-03-22,20.707850
2000-03-23,20.791805
2000-03-24,20.970234
2000-03-27,20.823286
2000-03-28,20.844288
2000-03-29,20.529421
2000-03-30,20.235542
2000-03-31,20.602886
2000-04-03,20.592390
2000-04-04,20.361485
2000-04-05,20.225046
2000-04-06,20.613382
2000-04-07,20.665859
2000-04-10,20.529421
2000-04-11,20.707850
2000-04-12,20.329996
2000-04-13,19.815718
2000-04-14,18.619223
2000-04-17,18.776651
2000-04-18,19.290930
2000-04-19,19.794724
2000-04-20,19.878689
2000-04-24,19.595310
2000-04-25,20.088606
2000-04-26,20.298519
2000-04-27,20.172569
2000-04-28,20.361485
2000-05-01,20.424461
2000-05-02,20.015135
2000-05-03,19.458864
2000-05-04,19.395880
2000-05-05,19.374897
2000-05-08,19.416876
2000-05-09,19.280449
2000-05-10,19.248959
2000-05-11,19.227964
2000-05-12,19.563822
2000-05-15,19.889183
2000-05-16,20.151571
2000-05-17,19.920673
2000-05-18,19.899673
2000-05-19,19.374897
2000-05-22,19.154493
2000-05-23,18.997065
2000-05-24,19.123005
2000-05-25,18.976067
2000-05-26,18.829128
2000-05-30,19.605808
2000-05-31,19.815718
2000-06-01,19.689768
2000-06-02,20.172569
2000-06-05,20.109587
2000-06-06,19.941669
2000-06-07,19.889183
2000-06-08,19.731749
2000-06-09,20.025633
2000-06-12,19.836704
2000-06-13,19.563822
2000-06-14,19.899673
2000-06-15,20.466444
2000-06-16,20.235542
2000-06-19,20.361485
2000-06-20,20.329996
2000-06-21,20.235542
2000-06-22,20.193556
2000-06-23,19.815718
2000-06-26,19.626797
2000-06-27,19.584810
2000-06-28,19.500851
2000-06-29,19.794724
2000-06-30,19.857697
2000-07-03,19.815718
2000-07-05,19.941669
2000-07-06,19.899673
2000-07-07,20.067617
2000-07-10,19.899673
2000-07-11,19.679272
2000-07-12,20.046618
2000-07-13,20.109587
2000-07-14,20.424461
2000-07-17,20.172569
2000-07-18,19.857697
2000-07-19,19.983646
2000-07-20,20.298519
2000-07-21,19.794724
2000-07-24,19.605808
2000-07-25,19.616306
2000-07-26,19.458864
2000-07-27,19.584810
2000-07-28,19.374897
2000-07-31,19.563822
2000-08-01,19.731749
2000-08-02,19.815718
2000-08-03,19.920673
2000-08-04,20.329996
2000-08-07,20.172569
2000-08-08,20.235542
2000-08-09,20.046618
2000-08-10,20.088606
2000-08-11,20.214552
2000-08-14,20.445452
2000-08-15,20.340502
2000-08-16,20.046618
2000-08-17,20.235542
2000-08-18,20.235542
2000-08-21,20.298519
2000-08-22,20.046618
2000-08-23,20.067617
2000-08-24,20.015135
2000-08-25,20.350992
2000-08-28,20.151571
2000-08-29,20.246040
2000-08-30,20.382488
2000-08-31,20.256533
2000-09-01,20.235542
2000-09-05,19.836704
2000-09-06,19.752745
2000-09-07,19.595310
2000-09-08,19.605808
2000-09-11,19.679272
2000-09-12,19.668776
2000-09-13,19.878689
2000-09-14,19.668776
2000-09-15,19.584810
2000-09-18,19.553322
2000-09-19,19.427378
2000-09-20,19.049538
2000-09-21,19.227964
2000-09-22,19.060026
2000-09-25,19.343414
2000-09-26,19.343414
2000-09-27,19.018051
2000-09-28,19.574314
2000-09-29,19.521841
2000-10-02,19.773733
2000-10-03,19.847202
2000-10-04,20.004635
2000-10-05,20.183069
2000-10-06,19.710760
2000-10-09,19.584810
2000-10-10,19.605808
2000-10-11,19.112516
2000-10-12,18.472279
2000-10-13,18.818636
2000-10-16,18.640213
2000-10-17,17.716597
2000-10-18,18.010473
2000-10-19,18.220383
2000-10-20,18.598215
2000-10-23,18.871109
2000-10-24,18.913095
2000-10-25,18.577236
2000-10-26,18.839628
2000-10-27,19.007551
2000-10-30,19.374897
2000-10-31,19.815718
2000-11-01,19.952158
2000-11-02,20.130590
2000-11-03,20.057116
2000-11-06,20.193556
2000-11-07,20.277523
2000-11-08,20.109587
2000-11-09,19.185976
2000-11-10,19.112516
2000-11-13,18.703182
2000-11-14,19.154493
2000-11-15,19.248959
2000-11-16,19.018051
2000-11-17,18.892109
2000-11-20,18.787144
2000-11-21,18.346333
2000-11-22,18.167900
2000-11-24,18.251877
2000-11-27,18.367321
2000-11-28,18.136423
2000-11-29,18.178396
2000-11-30,18.010473
2000-12-01,18.136423
2000-12-04,18.146915
2000-12-05,18.619223
2000-12-06,18.818636
2000-12-07,18.503780
2000-12-08,18.902597
2000-12-11,19.102015
2000-12-12,19.144001
2000-12-13,19.248959
2000-12-14,19.081022
2000-12-15,18.598215
2000-12-18,18.496611
2000-12-19,18.517609
2000-12-20,17.677803
2000-12-21,17.803778
2000-12-22,18.108198
2000-12-26,18.139694
2000-12-27,18.202684
2000-12-28,18.517609
2000-12-29,18.307657
2001-01-02,17.562326
2001-01-03,18.948004
2001-01-04,19.504370
2001-01-05,18.979502
2001-01-08,18.706568
2001-01-09,18.937506
2001-01-10,19.084473
2001-01-11,19.514872
2001-01-12,19.777304
2001-01-16,19.987255
2001-01-17,20.134233
2001-01-18,20.071234
2001-01-19,19.577852
2001-01-22,19.441383
2001-01-23,19.892776
2001-01-24,19.703819
2001-01-25,19.672327
2001-01-26,19.472874
2001-01-29,19.792418
2001-01-30,19.752115
2001-01-31,19.631180
2001-02-01,19.893194
2001-02-02,19.658054
2001-02-05,19.644621
2001-02-06,19.664782
2001-02-07,19.852877
2001-02-08,19.973825
2001-02-09,19.651335
2001-02-12,19.812576
2001-02-13,19.832731
2001-02-14,19.617750
2001-02-15,19.698362
2001-02-16,19.611025
2001-02-20,19.590874
2001-02-21,19.490099
2001-02-22,19.120586
2001-02-23,19.066835
2001-02-26,19.167606
2001-02-27,19.510252
2001-02-28,19.254946
2001-03-01,19.187756
2001-03-02,19.221357
2001-03-05,19.113876
2001-03-06,19.181044
2001-03-07,19.268389
2001-03-08,19.375885
2001-03-09,19.207918
2001-03-12,18.247190
2001-03-13,18.253904
2001-03-14,17.904551
2001-03-15,18.435303
2001-03-16,18.190037
2001-03-19,18.190037
2001-03-20,17.807026
2001-03-21,17.336645
2001-03-22,16.953611
2001-03-23,17.336645
2001-03-26,17.639027
2001-03-27,18.163158
2001-03-28,17.786854
2001-03-29,18.008604
2001-03-30,18.022047
2001-04-02,17.800304
2001-04-03,17.403833
2001-04-04,17.511351
2001-04-05,17.948135
2001-04-06,17.867496
2001-04-09,18.089245
2001-04-10,18.445387
2001-04-11,18.223639
2001-04-12,18.210197
2001-04-16,18.337872
2001-04-17,18.653685
2001-04-18,19.399574
2001-04-19,19.419731
2001-04-20,19.473484
2001-04-23,19.023275
2001-04-24,19.077028
2001-04-25,19.298779
2001-04-26,19.540686
2001-04-27,19.352531
2001-04-30,19.352531
2001-05-01,19.654919
2001-05-02,19.715395
2001-05-03,19.332373
2001-05-04,19.392853
2001-05-07,19.439886
2001-05-08,19.117340
2001-05-09,19.238300
2001-05-10,19.365974
2001-05-11,19.460045
2001-05-14,19.372694
2001-05-15,19.460045
2001-05-16,19.997610
2001-05-17,20.172333
2001-05-18,20.226088
2001-05-21,20.535194
2001-05-22,20.562067
2001-05-23,20.219366
2001-05-24,20.467981
2001-05-25,20.320158
2001-05-29,20.165613
2001-05-30,20.098417
2001-05-31,20.091694
2001-06-01,20.031218
2001-06-04,20.058096
2001-06-05,20.246246
2001-06-06,20.084978
2001-06-07,20.199207
2001-06-08,20.091694
2001-06-11,19.990902
2001-06-12,19.943855
2001-06-13,19.849791
2001-06-14,19.480200
2001-06-15,19.427771
2001-06-18,19.131996
2001-06-19,19.185764
2001-06-20,19.602558
2001-06-21,19.824392
2001-06-22,19.568949
2001-06-25,19.615997
2001-06-26,19.313492
2001-06-27,19.629442
2001-06-28,19.777344
2001-06-29,19.864737
2001-07-02,20.005896
2001-07-03,20.005896
2001-07-05,19.770609
2001-07-06,19.400890
2001-07-09,19.293322
2001-07-10,19.293322
2001-07-11,19.279882
2001-07-12,19.468103
2001-07-13,19.602558
2001-07-16,19.508446
2001-07-17,19.642887
2001-07-18,19.447945
2001-07-19,19.333664
2001-07-20,19.380714
2001-07-23,19.004259
2001-07-24,18.916868
2001-07-25,19.024435
2001-07-26,19.582399
2001-07-27,19.609274
2001-07-30,19.609274
2001-07-31,19.468103
2001-08-01,19.447945
2001-08-02,19.649605
2001-08-03,19.488272
2001-08-06,19.360548
2001-08-07,19.414328
2001-08-08,19.279882
2001-08-09,19.192482
2001-08-10,19.226103
2001-08-13,19.373987
2001-08-14,19.125267
2001-08-15,18.863094
2001-08-16,18.957199
2001-08-17,18.748812
2001-08-20,18.889973
2001-08-21,18.997538
2001-08-22,18.923586
2001-08-23,19.024435
2001-08-24,19.367262
2001-08-27,19.125267
2001-08-28,18.856373
2001-08-29,18.688303
2001-08-30,18.305134
2001-08-31,18.479908
2001-09-04,18.399250
2001-09-05,18.412693
2001-09-06,17.874893
2001-09-07,17.525330
2001-09-10,17.296761
2001-09-17,15.851444
2001-09-18,15.562393
2001-09-19,15.306932
2001-09-20,14.722081
2001-09-21,14.768491
2001-09-24,15.225802
2001-09-25,15.118191
2001-09-26,15.259431
2001-09-27,15.494802
2001-09-28,15.804159
2001-10-01,15.508253
2001-10-02,15.710009
2001-10-03,16.295103
2001-10-04,16.248028
2001-10-05,16.073177
2001-10-08,15.952124
2001-10-09,15.804159
2001-10-10,16.147142
2001-10-11,16.530478
2001-10-12,16.382524
2001-10-15,16.443060
2001-10-16,16.604465
2001-10-17,16.106808
2001-10-18,15.851232
2001-10-19,15.797443
2001-10-22,16.241306
2001-10-23,16.342182
2001-10-24,16.079897
2001-10-25,16.174053
2001-10-26,16.315275
2001-10-29,15.898314
2001-10-30,15.676391
2001-10-31,15.884871
2001-11-01,16.106808
2001-11-02,16.194227
2001-11-05,16.443060
2001-11-06,16.644812
2001-11-07,16.550657
2001-11-08,16.691898
2001-11-09,16.591017
2001-11-12,16.631367
2001-11-13,17.115570
2001-11-14,17.317327
2001-11-15,17.519091
2001-11-16,17.519091
2001-11-19,17.821732
2001-11-20,17.821732
2001-11-21,17.646864
2001-11-23,17.720835
2001-11-26,17.949484
2001-11-27,17.888969
2001-11-28,17.613237
2001-11-29,17.653582
2001-11-30,17.727566
2001-12-03,17.741016
2001-12-04,17.969669
2001-12-05,18.595108
2001-12-06,18.662365
2001-12-07,18.554758
2001-12-10,18.131081
2001-12-11,18.258848
2001-12-12,18.178158
2001-12-13,17.788086
2001-12-14,17.754469
2001-12-17,17.922590
2001-12-18,18.184874
2001-12-19,18.090717
2001-12-20,17.868792
2001-12-21,17.839825
2001-12-24,17.920664
2001-12-26,18.055414
2001-12-27,18.257523
2001-12-28,18.439428
2001-12-31,18.156469
2002-01-02,18.311422
2002-01-03,18.392262
2002-01-04,18.607859
2002-01-07,18.628065
2002-01-08,18.729118
2002-01-09,18.628065
2002-01-10,18.681963
2002-01-11,18.560692
2002-01-14,18.425951
2002-01-15,18.655018
2002-01-16,18.196896
2002-01-17,18.311422
2002-01-18,18.169943
2002-01-22,18.122780
2002-01-23,18.055414
2002-01-24,18.203634
2002-01-25,18.223837
2002-01-28,18.257523
2002-01-29,17.913935
2002-01-30,17.839825
2002-01-31,18.021721
2002-02-01,17.988041
2002-02-04,17.644442
2002-02-05,17.738770
2002-02-06,17.644442
2002-02-07,17.988041
2002-02-08,18.358580
2002-02-11,18.527004
2002-02-12,18.358580
2002-02-13,18.661743
2002-02-14,18.715651
2002-02-15,18.425951
2002-02-19,18.122780
2002-02-20,18.560692
2002-02-21,18.425951
2002-02-22,18.594378
2002-02-25,18.917765
2002-02-26,18.863859
2002-02-27,18.796482
2002-02-28,18.850388
2002-03-01,19.207453
2002-03-04,19.402830
2002-03-05,19.375879
2002-03-06,19.645370
2002-03-07,19.497150
2002-03-08,19.699257
2002-03-11,19.604942
2002-03-12,19.537571
2002-03-13,19.470198
2002-03-14,19.604942
2002-03-15,19.964193
2002-03-18,20.139433
2002-03-19,20.119211
2002-03-20,20.125948
2002-03-21,19.997892
2002-03-22,19.890055
2002-03-25,19.593487
2002-03-26,19.478899
2002-03-27,19.768723
2002-03-28,19.943970
2002-04-01,19.761990
2002-04-02,19.647406
2002-04-03,19.391273
2002-04-04,19.667635
2002-04-05,19.903532
2002-04-08,19.984407
2002-04-09,20.011368
2002-04-10,20.193348
2002-04-11,19.856342
2002-04-12,19.923744
2002-04-15,19.910276
2002-04-16,20.045063
2002-04-17,20.092257
2002-04-18,20.301197
2002-04-19,20.462967
2002-04-22,20.368595
2002-04-23,20.220310
2002-04-24,20.355114
2002-04-25,20.415779
2002-04-26,20.085506
2002-04-29,19.627182
2002-04-30,19.822643
2002-05-01,20.179873
2002-05-02,20.112471
2002-05-03,19.984407
2002-05-06,19.606968
2002-05-07,19.647406
2002-05-08,20.085506
2002-05-09,19.856342
2002-05-10,19.593487
2002-05-13,19.822643
2002-05-14,20.179873
2002-05-15,20.355114
2002-05-16,20.409037
2002-05-17,20.402302
2002-05-20,20.220310
2002-05-21,20.045063
2002-05-22,19.923744
2002-05-23,20.105736
2002-05-24,20.024853
2002-05-28,20.004625
2002-05-29,19.991142
2002-05-30,19.950716
2002-05-31,20.098988
2002-06-03,19.755249
2002-06-04,19.708061
2002-06-05,19.876568
2002-06-06,19.606968
2002-06-07,19.748510
2002-06-10,19.788950
2002-06-11,19.640665
2002-06-12,19.236263
2002-06-13,18.885777
2002-06-14,18.744230
2002-06-17,19.269958
2002-06-18,19.357584
2002-06-19,19.290178
2002-06-20,18.777929
2002-06-21,18.384878
2002-06-24,18.526457
2002-06-25,18.236563
2002-06-26,18.539948
2002-06-27,19.011875
2002-06-28,18.661301
2002-07-01,17.879253
2002-07-02,17.474741
2002-07-03,17.501705
2002-07-05,18.088243
2002-07-08,17.865763
2002-07-09,17.050011
2002-07-10,16.261217
2002-07-11,16.571335
2002-07-12,16.787077
2002-07-15,16.483698
2002-07-16,16.369085
2002-07-17,16.726393
2002-07-18,15.937610
2002-07-19,15.283654
2002-07-22,15.155560
2002-07-23,14.872409
2002-07-24,15.836482
2002-07-25,16.375826
2002-07-26,16.739882
2002-07-29,17.488228
2002-07-30,17.616323
2002-07-31,18.121952
2002-08-01,17.616323
2002-08-02,17.474741
2002-08-05,16.726393
2002-08-06,17.137646
2002-08-07,17.710703
2002-08-08,18.371395
2002-08-09,18.344433
2002-08-12,18.371395
2002-08-13,17.933178
2002-08-14,18.384878
2002-08-15,18.512978
2002-08-16,18.364658
2002-08-19,18.620848
2002-08-20,18.384878
2002-08-21,18.695000
2002-08-22,19.281538
2002-08-23,18.782650
2002-08-26,18.991646
2002-08-27,18.452299
2002-08-28,18.303988
2002-08-29,18.351171
2002-08-30,18.297239
2002-09-03,17.535414
2002-09-04,18.074759
2002-09-05,17.865763
2002-09-06,17.865763
2002-09-09,18.068020
2002-09-10,18.135431
2002-09-11,18.169140
2002-09-12,17.825315
2002-09-13,17.960154
2002-09-16,17.960154
2002-09-17,17.690477
2002-09-18,17.791603
2002-09-19,17.191586
2002-09-20,17.326160
2002-09-23,17.123278
2002-09-24,17.109751
2002-09-25,17.596680
2002-09-26,17.907759
2002-09-27,17.245007
2002-09-30,17.163864
2002-10-01,17.698122
2002-10-02,17.711641
2002-10-03,17.644020
2002-10-04,17.089460
2002-10-07,17.048891
2002-10-08,17.549334
2002-10-09,17.366747
2002-10-10,17.583149
2002-10-11,17.792791
2002-10-14,18.259432
2002-10-15,18.584038
2002-10-16,18.638138
2002-10-17,18.868067
2002-10-18,18.874828
2002-10-21,18.935698
2002-10-22,18.584038
2002-10-23,18.462311
2002-10-24,18.157990
2002-10-25,18.489363
2002-10-28,18.408203
2002-10-29,18.178276
2002-10-30,18.299997
2002-10-31,18.164747
2002-11-01,18.347336
2002-11-04,18.374392
2002-11-05,18.604322
2002-11-06,18.983032
2002-11-07,18.901886
2002-11-08,18.780163
2002-11-11,18.523161
2002-11-12,18.536695
2002-11-13,18.320282
2002-11-14,18.611086
2002-11-15,18.786924
2002-11-18,18.685471
2002-11-19,18.665180
2002-11-20,18.834251
2002-11-21,18.935698
2002-11-22,18.800438
2002-11-25,18.746346
2002-11-26,18.448780
2002-11-27,18.800438
2002-11-29,18.726055
2002-12-02,18.556986
2002-12-03,18.435255
2002-12-04,18.604322
2002-12-05,18.496113
2002-12-06,18.577272
2002-12-09,18.496113
2002-12-10,18.563747
2002-12-11,18.536695
2002-12-12,18.347336
2002-12-13,18.245895
2002-12-16,18.428493
2002-12-17,18.185024
2002-12-18,18.130926
2002-12-19,17.955105
2002-12-20,18.110542
2002-12-23,18.225937
2002-12-24,18.327770
2002-12-26,18.015503
2002-12-27,17.777933
2002-12-30,17.940844
2002-12-31,18.022303
2003-01-02,18.511042
2003-01-03,18.701109
2003-01-06,18.904755
2003-01-07,18.633217
2003-01-08,18.490673
2003-01-09,18.680744
2003-01-10,18.673954
2003-01-13,18.687521
2003-01-14,18.673954
2003-01-15,18.463537
2003-01-16,18.409224
2003-01-17,18.395645
2003-01-21,18.259878
2003-01-22,18.212368
2003-01-23,18.266676
2003-01-24,17.866177
2003-01-27,17.472469
2003-01-28,17.771147
2003-01-29,17.940844
2003-01-30,17.608229
2003-01-31,17.961203
2003-02-03,17.886536
2003-02-04,17.676105
2003-02-05,17.547138
2003-02-06,17.513193
2003-02-07,17.479259
2003-02-10,17.608229
2003-02-11,17.404600
2003-02-12,17.207731
2003-02-13,17.004097
2003-02-14,17.187366
2003-02-18,17.608229
2003-02-19,17.526762
2003-02-20,17.329918
2003-02-21,17.506407
2003-02-24,17.275614
2003-02-25,17.391014
2003-02-26,17.295980
2003-02-27,17.513193
2003-02-28,17.560715
2003-03-03,17.472469
2003-03-04,17.282402
2003-03-05,17.445318
2003-03-06,17.479259
2003-03-07,17.648964
2003-03-10,17.350288
2003-03-11,17.119490
2003-03-12,17.173796
2003-03-13,17.418163
2003-03-14,17.275614
2003-03-17,17.764349
2003-03-18,17.954424
2003-03-19,18.158058
2003-03-20,18.137701
2003-03-21,18.608706
2003-03-24,18.084610
2003-03-25,18.445353
2003-03-26,18.302414
2003-03-27,18.370470
2003-03-28,18.397703
2003-03-31,18.186703
2003-04-01,18.438547
2003-04-02,18.710800
2003-04-03,18.663149
2003-04-04,18.738012
2003-04-07,18.574671
2003-04-08,18.595089
2003-04-09,18.350056
2003-04-10,18.316023
2003-04-11,18.227549
2003-04-14,18.527027
2003-04-15,18.411312
2003-04-16,17.975712
2003-04-17,18.152676
2003-04-21,18.200310
2003-04-22,18.506601
2003-04-23,18.663149
2003-04-24,18.778860
2003-04-25,18.520208
2003-04-28,18.669958
2003-04-29,18.785667
2003-04-30,18.785667
2003-05-01,18.840120
2003-05-02,19.125980
2003-05-05,19.153212
2003-05-06,19.187244
2003-05-07,19.023888
2003-05-08,18.955833
2003-05-09,19.166824
2003-05-12,19.357407
2003-05-13,19.398243
2003-05-14,19.364208
2003-05-15,19.547989
2003-05-16,19.500343
2003-05-19,18.840120
2003-05-20,18.608706
2003-05-21,18.744827
2003-05-22,18.955833
2003-05-23,18.880972
2003-05-27,19.153212
2003-05-28,19.119175
2003-05-29,18.962633
2003-05-30,19.173628
2003-06-02,19.023888
2003-06-03,19.173628
2003-06-04,19.507154
2003-06-05,19.690924
2003-06-06,19.867882
2003-06-09,19.663691
2003-06-10,19.813435
2003-06-11,20.038042
2003-06-12,20.078892
2003-06-13,19.956371
2003-06-16,20.562134
2003-06-17,20.970520
2003-06-18,20.916069
2003-06-19,20.466858
2003-06-20,20.614294
2003-06-23,20.272991
2003-06-24,20.286640
2003-06-25,20.177425
2003-06-26,20.464127
2003-06-27,20.150129
2003-06-30,20.020435
2003-07-01,20.129644
2003-07-02,20.320778
2003-07-03,20.197903
2003-07-07,20.341253
2003-07-08,20.348074
2003-07-09,20.225212
2003-07-10,20.006781
2003-07-11,20.238865
2003-07-14,20.218382
2003-07-15,20.143295
2003-07-16,20.027264
2003-07-17,19.897568
2003-07-18,20.081869
2003-07-21,19.767883
2003-07-22,19.733749
2003-07-23,19.877089
2003-07-24,19.720089
2003-07-25,19.877089
2003-07-28,19.829308
2003-07-29,19.740572
2003-07-30,19.822483
2003-07-31,19.720089
2003-08-01,19.419750
2003-08-04,19.453880
2003-08-05,19.133066
2003-08-06,19.119415
2003-08-07,19.426590
2003-08-08,19.501663
2003-08-11,19.460705
2003-08-12,19.515312
2003-08-13,19.235453
2003-08-14,19.221798
2003-08-15,19.180838
2003-08-18,19.310537
2003-08-19,19.208145
2003-08-20,19.153549
2003-08-21,19.044327
2003-08-22,18.757639
2003-08-25,18.894157
2003-08-26,18.907814
2003-08-27,18.921465
2003-08-28,18.935127
2003-08-29,18.989721
2003-09-02,19.276409
2003-09-03,19.201321
2003-09-04,19.249107
2003-09-05,19.201321
2003-09-08,19.542614
2003-09-09,19.604057
2003-09-10,19.631361
2003-09-11,19.740572
2003-09-12,19.781530
2003-09-15,19.726917
2003-09-16,19.849792
2003-09-17,19.802006
2003-09-18,19.870262
2003-09-19,19.710060
2003-09-22,19.443066
2003-09-23,19.607378
2003-09-24,19.258219
2003-09-25,19.128143
2003-09-26,19.039143
2003-09-29,19.128143
2003-09-30,19.039143
2003-10-01,19.381456
2003-10-02,19.511528
2003-10-03,19.422522
2003-10-06,19.347223
2003-10-07,19.333525
2003-10-08,19.230829
2003-10-09,19.258219
2003-10-10,19.210295
2003-10-13,19.265055
2003-10-14,19.292444
2003-10-15,19.251371
2003-10-16,19.354067
2003-10-17,19.134996
2003-10-20,19.230829
2003-10-21,19.408823
2003-10-22,18.888529
2003-10-23,19.080210
2003-10-24,19.134996
2003-10-27,19.087061
2003-10-28,19.237679
2003-10-29,19.182909
2003-10-30,19.004913
2003-10-31,19.169218
2003-11-03,19.114449
2003-11-04,18.991219
2003-11-05,18.970682
2003-11-06,19.066519
2003-11-07,18.895367
2003-11-10,18.751608
2003-11-11,18.792679
2003-11-12,19.141830
2003-11-13,19.586824
2003-11-14,19.874382
2003-11-17,19.812756
2003-11-18,19.696375
2003-11-19,19.901756
2003-11-20,19.641605
2003-11-21,19.401991
2003-11-24,19.716911
2003-11-25,19.621058
2003-11-26,19.621058
2003-11-28,19.579981
2003-12-01,19.894913
2003-12-02,19.908604
2003-12-03,19.956528
2003-12-04,19.990755
2003-12-05,19.840137
2003-12-08,19.990755
2003-12-09,19.908604
2003-12-10,19.771675
2003-12-11,20.018137
2003-12-12,20.079760
2003-12-15,20.045528
2003-12-16,20.120827
2003-12-17,20.161913
2003-12-18,20.312529
2003-12-19,20.280230
2003-12-22,20.273373
2003-12-23,20.287106
2003-12-24,20.348938
2003-12-26,20.403894
2003-12-29,20.568779
2003-12-30,20.623739
2003-12-31,20.713051
2004-01-02,20.761127
2004-01-05,20.857311
2004-01-06,20.919146
2004-01-07,21.049677
2004-01-08,20.960365
2004-01-09,20.829838
2004-01-12,20.795486
2004-01-13,20.706175
2004-01-14,20.822968
2004-01-15,20.877924
2004-01-16,20.926012
2004-01-20,20.857311
2004-01-21,21.207687
2004-01-22,21.248905
2004-01-23,21.145851
2004-01-26,21.413778
2004-01-27,21.276390
2004-01-28,21.090897
2004-01-29,21.400034
2004-01-30,21.283257
2004-02-02,21.558054
2004-02-03,21.695450
2004-02-04,21.764160
2004-02-05,21.654238
2004-02-06,21.819109
2004-02-09,21.606148
2004-02-10,21.702320
2004-02-11,21.901564
2004-02-12,21.764160
2004-02-13,21.667976
2004-02-17,21.805378
2004-02-18,21.709202
2004-02-19,21.633617
2004-02-20,21.516832
2004-02-23,21.475609
2004-02-24,21.571789
2004-02-25,21.599279
2004-02-26,21.571789
2004-02-27,21.509960
2004-03-01,21.571789
2004-03-02,21.434404
2004-03-03,21.523708
2004-03-04,21.619881
2004-03-05,21.729801
2004-03-08,21.709202
2004-03-09,21.461880
2004-03-10,21.132113
2004-03-11,20.726786
2004-03-12,20.781746
2004-03-15,20.596258
2004-03-16,20.740524
2004-03-17,20.719919
2004-03-18,20.699308
2004-03-19,20.372168
2004-03-22,20.117342
2004-03-23,20.186220
2004-03-24,20.076017
2004-03-25,20.186220
2004-03-26,20.268866
2004-03-29,20.544352
2004-03-30,20.496132
2004-03-31,20.613220
2004-04-01,20.757847
2004-04-02,21.005785
2004-04-05,21.246836
2004-04-06,21.177956
2004-04-07,21.081535
2004-04-08,20.936914
2004-04-12,21.109085
2004-04-13,20.923130
2004-04-14,21.136641
2004-04-15,21.522320
2004-04-16,21.680719
2004-04-19,21.591196
2004-04-20,21.233057
2004-04-21,21.481001
2004-04-22,21.653175
2004-04-23,21.591196
2004-04-26,21.474115
2004-04-27,21.556763
2004-04-28,21.363914
2004-04-29,21.233057
2004-04-30,21.253712
2004-05-03,21.529202
2004-05-04,21.494761
2004-05-05,21.618750
2004-05-06,21.536095
2004-05-07,21.391464
2004-05-10,21.115973
2004-05-11,21.136641
2004-05-12,21.212391
2004-05-13,21.184847
2004-05-14,21.143522
2004-05-17,21.081535
2004-05-18,21.074656
2004-05-19,20.868036
2004-05-20,20.730301
2004-05-21,20.771620
2004-05-24,20.668312
2004-05-25,20.868036
2004-05-26,20.978230
2004-05-27,21.191738
2004-05-28,21.184847
2004-06-01,21.295044
2004-06-02,21.425903
2004-06-03,21.370800
2004-06-04,21.412125
2004-06-07,21.625626
2004-06-08,21.653175
2004-06-09,21.398352
2004-06-10,21.405231
2004-06-14,21.253712
2004-06-15,21.281273
2004-06-16,21.288160
2004-06-17,21.322586
2004-06-18,21.312925
2004-06-21,21.167889
2004-06-22,21.078104
2004-06-23,21.202419
2004-06-24,21.209326
2004-06-25,21.022850
2004-06-28,20.919258
2004-06-29,21.029758
2004-06-30,21.105742
2004-07-01,20.808760
2004-07-02,20.794949
2004-07-06,20.643002
2004-07-07,20.594666
2004-07-08,20.546318
2004-07-09,20.497971
2004-07-12,20.408195
2004-07-13,20.573950
2004-07-14,20.649914
2004-07-15,20.422010
2004-07-16,20.242437
2004-07-19,20.145756
2004-07-20,20.228630
2004-07-21,20.000719
2004-07-22,20.097410
2004-07-23,19.973091
2004-07-26,19.772804
2004-07-27,19.855682
2004-07-28,19.807337
2004-07-29,19.897121
2004-07-30,19.973091
2004-08-02,19.952370
2004-08-03,19.931658
2004-08-04,19.890215
2004-08-05,19.524183
2004-08-06,19.254839
2004-08-09,19.165051
2004-08-10,19.448215
2004-08-11,19.772804
2004-08-12,19.662310
2004-08-13,19.510376
2004-08-16,19.772804
2004-08-17,19.800428
2004-08-18,20.062874
2004-08-19,19.993820
2004-08-20,20.159571
2004-08-23,20.118128
2004-08-24,20.131939
2004-08-25,20.325321
2004-08-26,20.297703
2004-08-27,20.442722
2004-08-30,20.187199
2004-08-31,20.297703
2004-09-01,20.380569
2004-09-02,20.587763
2004-09-03,20.546318
2004-09-07,20.684448
2004-09-08,20.636095
2004-09-09,20.553232
2004-09-10,20.525608
2004-09-13,20.546318
2004-09-14,20.705162
2004-09-15,20.622292
2004-09-16,20.615389
2004-09-17,20.677040
2004-09-20,20.448441
2004-09-21,20.552353
2004-09-22,20.296051
2004-09-23,20.150574
2004-09-24,20.205999
2004-09-27,20.088245
2004-09-28,20.240631
2004-09-29,20.330692
2004-09-30,19.942772
2004-10-01,20.129807
2004-10-04,20.219854
2004-10-05,20.157511
2004-10-06,20.136726
2004-10-07,19.679548
2004-10-08,19.409397
2004-10-11,19.541012
2004-10-12,19.506380
2004-10-13,19.298565
2004-10-14,19.166956
2004-10-15,19.194651
2004-10-18,19.374760
2004-10-19,19.056124
2004-10-20,19.049192
2004-10-21,18.869091
2004-10-22,18.730547
2004-10-25,18.626646
2004-10-26,18.979925
2004-10-27,19.478672
2004-10-28,19.444038
2004-10-29,19.499441
2004-11-01,19.319344
2004-11-02,19.173895
2004-11-03,19.741890
2004-11-04,19.783443
2004-11-05,19.901211
2004-11-08,19.894281
2004-11-09,19.901211
2004-11-10,19.845789
2004-11-11,19.949697
2004-11-12,19.977421
2004-11-15,20.081312
2004-11-16,19.984333
2004-11-17,19.977421
2004-11-18,19.921993
2004-11-19,19.679548
2004-11-22,19.714186
2004-11-23,19.651842
2004-11-24,19.700331
2004-11-26,19.818092
2004-11-29,19.811161
2004-11-30,19.880434
2004-12-01,20.212933
2004-12-02,20.406881
2004-12-03,20.268349
2004-12-06,20.226776
2004-12-07,20.018965
2004-12-08,20.309893
2004-12-09,20.441517
2004-12-10,20.427656
2004-12-13,20.524635
2004-12-14,20.704741
2004-12-15,20.767080
2004-12-16,21.058025
2004-12-17,20.636261
2004-12-20,20.386127
2004-12-21,20.580662
2004-12-22,20.733536
2004-12-23,20.816912
2004-12-27,20.789131
2004-12-28,21.004524
2004-12-29,21.046207
2004-12-30,21.060097
2004-12-31,20.976723
2005-01-03,20.733536
2005-01-04,20.566780
2005-01-05,20.532034
2005-01-06,20.684896
2005-01-07,20.671003
2005-01-10,20.851654
2005-01-11,20.705738
2005-01-12,20.844713
2005-01-13,20.532034
2005-01-14,20.615421
2005-01-18,20.782171
2005-01-19,20.650154
2005-01-20,20.545931
2005-01-21,20.406967
2005-01-24,20.233261
2005-01-25,20.372217
2005-01-26,20.497295
2005-01-27,20.455597
2005-01-28,20.288845
2005-01-31,20.323595
2005-02-01,20.518135
2005-02-02,20.601519
2005-02-03,20.538984
2005-02-04,20.726585
2005-02-07,20.740490
2005-02-08,20.789131
2005-02-09,20.566780
2005-02-10,20.601519
2005-02-11,20.809969
2005-02-14,20.823853
2005-02-15,20.816912
2005-02-16,20.789131
2005-02-17,20.761320
2005-02-18,21.073994
2005-02-22,20.823853
2005-02-23,20.921143
2005-02-24,21.080946
2005-02-25,21.254658
2005-02-28,20.935032
2005-03-01,21.101793
2005-03-02,21.122641
2005-03-03,21.101793
2005-03-04,21.296345
2005-03-07,21.344978
2005-03-08,21.206017
2005-03-09,21.073994
2005-03-10,21.150436
2005-03-11,20.983673
2005-03-14,21.018410
2005-03-15,20.775219
2005-03-16,20.573727
2005-03-17,20.643208
2005-03-18,20.622984
2005-03-21,20.539330
2005-03-22,20.546293
2005-03-23,20.769411
2005-03-24,20.776369
2005-03-28,20.762421
2005-03-29,20.692711
2005-03-30,21.020384
2005-03-31,20.818203
2005-04-01,20.636936
2005-04-04,20.741518
2005-04-05,21.159826
2005-04-06,21.173769
2005-04-07,21.389904
2005-04-08,21.236523
2005-04-11,21.215595
2005-04-12,21.355045
2005-04-13,21.452650
2005-04-14,21.368992
2005-04-15,21.473566
2005-04-18,21.327158
2005-04-19,21.313215
2005-04-20,21.048275
2005-04-21,21.334131
2005-04-22,21.257441
2005-04-25,21.306242
2005-04-26,21.173769
2005-04-27,21.334131
2005-04-28,21.229555
2005-04-29,21.543282
2005-05-02,21.633926
2005-05-03,21.619978
2005-05-04,21.836107
2005-05-05,21.829138
2005-05-06,21.731525
2005-05-09,21.891876
2005-05-10,21.752449
2005-05-11,21.843075
2005-05-12,21.815191
2005-05-13,21.668777
2005-05-16,21.926743
2005-05-17,21.912794
2005-05-18,21.961603
2005-05-19,21.954634
2005-05-20,21.940685
2005-05-23,21.982519
2005-05-24,22.010408
2005-05-25,21.870964
2005-05-26,21.954634
2005-05-27,21.884912
2005-05-31,21.815191
2005-06-01,21.870964
2005-06-02,21.870964
2005-06-03,21.794279
2005-06-06,21.801250
2005-06-07,21.808228
2005-06-08,21.654840
2005-06-09,21.745470
2005-06-10,21.696678
2005-06-13,21.787306
2005-06-14,21.975544
2005-06-15,21.891876
2005-06-16,22.031315
2005-06-17,22.140419
2005-06-20,22.112438
2005-06-21,22.077480
2005-06-22,22.000553
2005-06-23,21.853693
2005-06-24,21.748793
2005-06-27,21.657881
2005-06-28,21.874674
2005-06-29,21.846704
2005-06-30,21.699850
2005-07-01,21.671875
2005-07-05,21.748793
2005-07-06,21.608927
2005-07-07,21.601936
2005-07-08,21.860687
2005-07-11,21.930616
2005-07-12,21.916628
2005-07-13,21.797747
2005-07-14,21.930616
2005-07-15,22.035513
2005-07-18,21.902643
2005-07-19,21.909641
2005-07-20,22.224335
2005-07-21,21.986563
2005-07-22,21.958593
2005-07-25,21.825726
2005-07-26,21.930616
2005-07-27,22.133425
2005-07-28,22.343224
2005-07-29,22.189369
2005-08-01,22.301254
2005-08-02,22.385183
2005-08-03,22.441118
2005-08-04,22.217339
2005-08-05,22.063482
2005-08-08,21.979563
2005-08-09,22.231319
2005-08-10,22.196363
2005-08-11,22.329241
2005-08-12,22.203352
2005-08-15,22.217339
2005-08-16,22.063482
2005-08-17,22.105446
2005-08-18,22.112438
2005-08-19,21.958593
2005-08-22,21.958593
2005-08-23,21.818735
2005-08-24,21.748793
2005-08-25,21.776770
2005-08-26,21.699850
2005-08-29,21.916628
2005-08-30,21.888660
2005-08-31,22.112438
2005-09-01,22.119436
2005-09-02,22.105446
2005-09-06,22.455111
2005-09-07,22.601965
2005-09-08,22.587984
2005-09-09,22.664904
2005-09-12,22.587984
2005-09-13,22.350214
2005-09-14,22.287277
2005-09-15,22.273277
2005-09-16,22.445841
2005-09-19,22.284510
2005-09-20,22.116161
2005-09-21,22.010952
2005-09-22,22.060047
2005-09-23,22.074080
2005-09-26,22.039003
2005-09-27,21.912750
2005-09-28,21.926779
2005-09-29,21.975876
2005-09-30,21.989912
2005-10-03,22.010952
2005-10-04,22.102133
2005-10-05,21.737391
2005-10-06,21.590088
2005-10-07,21.569046
2005-10-10,21.540993
2005-10-11,21.358625
2005-10-12,21.407715
2005-10-13,21.512924
2005-10-14,21.611135
2005-10-17,21.604120
2005-10-18,21.576054
2005-10-19,21.786495
2005-10-20,21.337576
2005-10-21,21.204306
2005-10-24,21.379660
2005-10-25,21.246389
2005-10-26,20.979845
2005-10-27,20.902687
2005-10-28,21.218327
2005-10-31,21.316526
2005-11-01,21.253397
2005-11-02,21.253397
2005-11-03,21.386675
2005-11-04,21.498903
2005-11-07,21.540993
2005-11-08,21.491886
2005-11-09,21.512924
2005-11-10,21.793505
2005-11-11,21.800518
2005-11-14,21.653223
2005-11-15,21.765450
2005-11-16,21.723366
2005-11-17,21.835585
2005-11-18,21.926779
2005-11-21,21.968866
2005-11-22,21.842606
2005-11-23,21.898722
2005-11-25,21.926779
2005-11-28,21.695307
2005-11-29,21.716351
2005-11-30,21.576054
2005-12-01,21.793505
2005-12-02,21.870665
2005-12-05,21.912750
2005-12-06,21.870665
2005-12-07,21.779482
2005-12-08,21.856634
2005-12-09,21.884701
2005-12-12,21.891703
2005-12-13,22.130196
2005-12-14,22.193314
2005-12-15,22.256447
2005-12-16,22.308521
2005-12-19,22.505579
2005-12-20,22.477423
2005-12-21,22.547804
2005-12-22,22.695580
2005-12-23,22.723738
2005-12-27,22.540758
2005-12-28,22.540758
2005-12-29,22.463346
2005-12-30,22.322601
2006-01-03,22.597065
2006-01-04,22.822252
2006-01-05,22.765955
2006-01-06,22.913742
2006-01-09,23.019302
2006-01-10,22.934860
2006-01-11,22.878563
2006-01-12,22.857447
2006-01-13,22.843363
2006-01-17,22.780033
2006-01-18,22.815220
2006-01-19,22.934860
2006-01-20,22.498535
2006-01-23,22.484467
2006-01-24,22.378901
2006-01-25,22.350744
2006-01-26,22.463346
2006-01-27,22.723738
2006-01-30,22.618176
2006-01-31,22.611134
2006-02-01,22.751877
2006-02-02,22.568909
2006-02-03,22.526690
2006-02-06,22.322601
2006-02-07,22.287415
2006-02-08,22.575951
2006-02-09,22.597065
2006-02-10,22.547804
2006-02-13,22.519651
2006-02-14,22.737812
2006-02-15,22.871525
2006-02-16,23.019302
2006-02-17,23.005224
2006-02-21,22.885603
2006-02-22,23.082636
2006-02-23,22.998194
2006-02-24,22.998194
2006-02-27,23.174126
2006-02-28,22.871525
2006-03-01,22.892628
2006-03-02,22.850410
2006-03-03,22.772991
2006-03-06,22.653353
2006-03-07,22.660395
2006-03-08,22.815220
2006-03-09,22.737812
2006-03-10,22.822252
2006-03-13,22.808182
2006-03-14,22.970043
2006-03-15,23.047461
2006-03-16,23.047461
2006-03-17,23.101828
2006-03-20,23.144186
2006-03-21,23.002970
2006-03-22,23.235966
2006-03-23,23.108881
2006-03-24,23.073584
2006-03-27,22.897074
2006-03-28,22.685251
2006-03-29,22.748796
2006-03-30,22.706438
2006-03-31,22.579350
2006-04-03,22.565228
2006-04-04,22.593470
2006-04-05,22.522867
2006-04-06,22.353411
2006-04-07,22.085117
2006-04-10,22.042751
2006-04-11,21.802692
2006-04-12,21.950960
2006-04-13,21.901539
2006-04-17,21.774458
2006-04-18,21.979200
2006-04-19,21.852123
2006-04-20,22.049810
2006-04-21,22.000393
2006-04-24,21.915661
2006-04-25,21.781519
2006-04-26,21.781519
2006-04-27,21.661482
2006-04-28,21.880358
2006-05-01,21.689720
2006-05-02,21.689720
2006-05-03,21.449675
2006-05-04,21.520281
2006-05-05,21.732090
2006-05-08,21.725033
2006-05-09,21.569695
2006-05-10,21.548517
2006-05-11,21.506155
2006-05-12,21.456728
2006-05-15,21.760330
2006-05-16,21.816818
2006-05-17,21.590879
2006-05-18,21.499096
2006-05-19,21.379070
2006-05-22,21.287283
2006-05-23,21.188438
2006-05-24,21.251982
2006-05-25,21.449675
2006-05-26,21.569695
2006-05-30,21.287283
2006-05-31,21.421432
2006-06-01,21.725033
2006-06-02,21.809755
2006-06-05,21.470850
2006-06-06,21.506155
2006-06-07,21.605005
2006-06-08,21.640312
2006-06-09,21.484970
2006-06-12,21.266100
2006-06-13,21.209606
2006-06-14,21.244921
2006-06-15,21.506155
2006-06-16,21.478510
2006-06-19,21.315542
2006-06-20,21.237581
2006-06-21,21.343878
2006-06-22,21.223413
2006-06-23,21.244667
2006-06-26,21.166719
2006-06-27,20.947039
2006-06-28,20.947039
2006-06-29,21.308437
2006-06-30,21.428911
2006-07-03,21.471428
2006-07-05,21.450172
2006-07-06,21.528128
2006-07-07,21.549385
2006-07-10,21.627327
2006-07-11,21.676933
2006-07-12,21.598986
2006-07-13,21.372223
2006-07-14,21.237581
2006-07-17,21.322618
2006-07-18,21.322618
2006-07-19,21.825748
2006-07-20,21.847002
2006-07-21,21.946215
2006-07-24,22.371395
2006-07-25,22.562716
2006-07-26,22.669016
2006-07-27,22.555628
2006-07-28,22.676109
2006-07-31,22.598150
2006-08-01,22.598150
2006-08-02,22.739872
2006-08-03,22.541458
2006-08-04,22.548542
2006-08-07,22.477678
2006-08-08,22.470589
2006-08-09,22.491859
2006-08-10,22.470589
2006-08-11,22.364302
2006-08-14,22.413906
2006-08-15,22.605238
2006-08-16,22.803658
2006-08-17,22.860348
2006-08-18,22.895777
2006-08-21,22.817825
2006-08-22,22.888691
2006-08-23,22.874506
2006-08-24,23.030413
2006-08-25,23.044594
2006-08-28,23.193399
2006-08-29,23.299694
2006-08-30,23.313868
2006-08-31,23.242998
2006-09-01,23.363472
2006-09-05,23.257175
2006-09-06,23.172142
2006-09-07,23.002066
2006-09-08,23.186316
2006-09-11,23.335125
2006-09-12,23.604399
2006-09-13,23.554804
2006-09-14,23.526459
2006-09-15,23.564142
2006-09-18,23.557039
2006-09-19,23.592581
2006-09-20,23.685017
2006-09-21,23.535706
2006-09-22,23.386383
2006-09-25,23.478809
2006-09-26,23.500145
2006-09-27,23.564142
2006-09-28,23.521475
2006-09-29,23.599699
2006-10-02,23.464605
2006-10-03,23.535706
2006-10-04,23.741899
2006-10-05,23.741899
2006-10-06,23.649464
2006-10-09,23.599699
2006-10-10,23.500145
2006-10-11,23.493032
2006-10-12,23.635248
2006-10-13,23.557039
2006-10-16,23.592581
2006-10-17,23.656578
2006-10-18,23.912552
2006-10-19,23.891212
2006-10-20,24.076097
2006-10-23,24.140089
2006-10-24,24.061878
2006-10-25,23.919668
2006-10-26,24.012100
2006-10-27,23.912552
2006-10-30,23.777456
2006-10-31,23.677906
2006-11-01,23.507257
2006-11-02,23.635248
2006-11-03,23.514376
2006-11-06,23.798794
2006-11-07,23.983662
2006-11-08,23.621021
2006-11-09,23.066410
2006-11-10,23.101957
2006-11-13,23.144613
2006-11-14,23.336607
2006-11-15,23.450382
2006-11-16,23.549913
2006-11-17,23.621021
2006-11-20,23.564142
2006-11-21,23.528580
2006-11-22,23.578375
2006-11-24,23.478809
2006-11-27,23.322382
2006-11-28,23.372152
2006-11-29,23.535706
2006-11-30,23.649464
2006-12-01,23.628143
2006-12-04,23.514376
2006-12-05,23.606802
2006-12-06,23.642359
2006-12-07,23.592581
2006-12-08,23.635248
2006-12-11,23.685017
2006-12-12,23.692127
2006-12-13,23.642359
2006-12-14,23.763229
2006-12-15,23.839581
2006-12-18,23.889530
2006-12-19,24.010830
2006-12-20,24.025114
2006-12-21,23.960890
2006-12-22,23.860987
2006-12-26,23.875257
2006-12-27,23.989422
2006-12-28,23.960890
2006-12-29,23.896666
2007-01-03,23.903801
2007-01-04,24.174948
2007-01-05,24.039379
2007-01-08,24.067917
2007-01-09,24.039379
2007-01-10,24.082186
2007-01-11,24.346197
2007-01-12,24.460365
2007-01-16,24.517448
2007-01-17,24.660170
2007-01-18,24.731512
2007-01-19,24.738647
2007-01-22,24.588806
2007-01-23,24.460365
2007-01-24,24.645893
2007-01-25,24.560266
2007-01-26,24.424688
2007-01-29,24.389027
2007-01-30,24.510319
2007-01-31,24.624487
2007-02-01,24.831406
2007-02-02,24.781464
2007-02-05,24.774330
2007-02-06,24.702980
2007-02-07,24.738647
2007-02-08,24.717245
2007-02-09,24.645893
2007-02-12,24.538857
2007-02-13,24.638758
2007-02-14,24.767187
2007-02-15,24.881355
2007-02-16,24.781464
2007-02-20,24.795729
2007-02-21,24.681566
2007-02-22,24.645893
2007-02-23,24.538857
2007-02-26,24.638758
2007-02-27,23.889530
2007-02-28,24.053650
2007-03-01,23.946609
2007-03-02,23.732550
2007-03-05,23.611242
2007-03-06,23.860987
2007-03-07,23.868126
2007-03-08,23.946609
2007-03-09,23.996555
2007-03-12,23.996555
2007-03-13,23.604116
2007-03-14,23.696873
2007-03-15,23.753956
2007-03-16,23.778307
2007-03-19,23.964531
2007-03-20,24.086285
2007-03-21,24.329788
2007-03-22,24.415731
2007-03-23,24.293983
2007-03-26,24.329788
2007-03-27,24.157909
2007-03-28,23.993174
2007-03-29,24.107771
2007-03-30,24.100607
2007-04-02,24.229525
2007-04-03,24.480196
2007-04-04,24.623446
2007-04-05,24.795334
2007-04-09,24.802488
2007-04-10,24.838297
2007-04-11,24.730879
2007-04-12,25.010191
2007-04-13,25.375454
2007-04-16,25.618977
2007-04-17,25.697765
2007-04-18,25.690592
2007-04-19,25.798031
2007-04-20,25.898287
2007-04-23,25.926947
2007-04-24,25.926947
2007-04-25,26.005735
2007-04-26,26.034372
2007-04-27,25.948442
2007-04-30,25.862497
2007-05-01,25.919785
2007-05-02,26.084513
2007-05-03,26.141813
2007-05-04,26.285057
2007-05-07,26.342348
2007-05-08,26.242077
2007-05-09,26.328028
2007-05-10,25.862497
2007-05-11,25.962767
2007-05-14,25.934118
2007-05-15,25.905468
2007-05-16,26.199110
2007-05-17,26.098841
2007-05-18,26.206274
2007-05-21,26.263563
2007-05-22,26.249252
2007-05-23,26.342348
2007-05-24,26.242077
2007-05-25,26.227753
2007-05-29,26.242077
2007-05-30,26.249252
2007-05-31,26.306549
2007-06-01,26.335201
2007-06-04,26.285057
2007-06-05,26.220604
2007-06-06,25.977083
2007-06-07,25.590321
2007-06-08,25.676273
2007-06-11,25.683435
2007-06-12,25.497231
2007-06-13,25.704922
2007-06-14,25.776535
2007-06-15,25.973122
2007-06-18,25.821915
2007-06-19,25.821915
2007-06-20,25.497881
2007-06-21,25.569881
2007-06-22,25.181042
2007-06-25,25.137840
2007-06-26,25.267462
2007-06-27,25.476288
2007-06-28,25.497881
2007-06-29,25.425865
2007-07-02,25.569881
2007-07-03,25.613091
2007-07-05,25.605883
2007-07-06,25.663492
2007-07-09,25.584288
2007-07-10,25.368267
2007-07-11,25.454681
2007-07-12,25.929922
2007-07-13,25.865108
2007-07-16,25.893915
2007-07-17,25.814714
2007-07-18,25.742702
2007-07-19,25.605883
2007-07-20,25.368267
2007-07-23,25.562689
2007-07-24,25.303455
2007-07-25,25.289043
2007-07-26,24.770599
2007-07-27,24.180138
2007-07-30,24.482571
2007-07-31,24.216143
2007-08-01,24.381767
2007-08-02,24.590586
2007-08-03,24.252140
2007-08-06,24.727396
2007-08-07,24.842613
2007-08-08,25.130636
2007-08-09,24.540173
2007-08-10,24.410564
2007-08-13,24.482571
2007-08-14,24.280954
2007-08-15,24.223349
2007-08-16,24.230547
2007-08-17,24.288151
2007-08-20,24.403370
2007-08-21,24.468166
2007-08-22,24.590586
2007-08-23,24.749001
2007-08-24,24.900208
2007-08-27,24.727396
2007-08-28,24.475368
2007-08-29,24.655388
2007-08-30,24.655388
2007-08-31,24.770599
2007-09-04,24.986626
2007-09-05,24.936224
2007-09-06,25.015430
2007-09-07,24.749001
2007-09-10,24.770599
2007-09-11,24.957821
2007-09-12,25.065832
2007-09-13,25.123438
2007-09-14,25.051428
2007-09-17,24.972219
2007-09-18,25.418661
2007-09-19,25.519476
2007-09-20,25.490664
2007-09-21,25.615688
2007-09-24,25.565113
2007-09-25,25.478392
2007-09-26,25.622913
2007-09-27,25.724075
2007-09-28,25.543430
2007-10-01,25.933624
2007-10-02,25.789108
2007-10-03,25.890270
2007-10-04,25.861366
2007-10-05,26.193752
2007-10-08,26.013100
2007-10-09,26.229881
2007-10-10,26.273239
2007-10-11,26.049236
2007-10-12,26.193752
2007-10-15,25.911953
2007-10-16,25.716848
2007-10-17,25.738516
2007-10-18,25.745747
2007-10-19,25.435043
2007-10-22,25.435043
2007-10-23,25.731302
2007-10-24,25.543430
2007-10-25,25.695166
2007-10-26,25.781881
2007-10-29,25.890270
2007-10-30,25.861366
2007-10-31,26.020332
2007-11-01,25.659040
2007-11-02,25.586781
2007-11-05,25.572327
2007-11-06,25.709616
2007-11-07,25.124315
2007-11-08,25.290514
2007-11-09,25.225487
2007-11-12,25.290514
2007-11-13,25.622913
2007-11-14,25.724075
2007-11-15,25.565113
2007-11-16,25.680716
2007-11-19,25.536207
2007-11-20,25.586781
2007-11-21,25.015940
2007-11-23,25.420591
2007-11-26,25.225487
2007-11-27,25.550652
2007-11-28,26.157619
2007-11-29,26.316589
2007-11-30,26.352724
2007-12-03,26.186523
2007-12-04,26.179308
2007-12-05,26.388851
2007-12-06,26.569502
2007-12-07,26.555050
2007-12-10,26.605637
2007-12-11,26.193752
2007-12-12,26.208204
2007-12-13,26.193752
2007-12-14,25.796331
2007-12-17,25.521748
2007-12-18,25.716848
2007-12-19,25.702396
2007-12-20,25.854134
2007-12-21,26.013681
2007-12-24,26.100708
2007-12-26,26.071697
2007-12-27,25.803368
2007-12-28,25.701839
2007-12-31,25.607555
2008-01-02,25.339230
2008-01-03,25.491518
2008-01-04,25.230442
2008-01-07,25.730846
2008-01-08,25.941168
2008-01-09,26.405306
2008-01-10,26.369041
2008-01-11,26.448822
2008-01-14,26.245760
2008-01-15,25.948408
2008-01-16,26.013681
2008-01-17,25.513296
2008-01-18,25.143419
2008-01-22,24.229641
2008-01-23,24.403692
2008-01-24,24.309416
2008-01-25,23.925055
2008-01-28,24.229641
2008-01-29,24.294914
2008-01-30,24.012077
2008-01-31,24.439947
2008-02-01,24.555998
2008-02-04,24.643017
2008-02-05,24.193388
2008-02-06,24.258646
2008-02-07,24.164371
2008-02-08,24.012077
2008-02-11,23.939554
2008-02-12,24.287657
2008-02-13,24.251390
2008-02-14,24.149862
2008-02-15,24.171627
2008-02-19,24.476217
2008-02-20,24.403692
2008-02-21,24.149862
2008-02-22,24.200632
2008-02-25,24.512474
2008-02-26,24.294914
2008-02-27,24.403692
2008-02-28,24.120861
2008-02-29,23.787258
2008-03-03,23.780003
2008-03-04,23.809021
2008-03-05,23.765505
2008-03-06,23.286854
2008-03-07,23.018526
2008-03-10,22.481853
2008-03-11,22.699425
2008-03-12,22.699425
2008-03-13,22.670416
2008-03-14,22.249790
2008-03-17,22.220770
2008-03-18,22.916992
2008-03-19,22.619652
2008-03-20,22.648064
2008-03-24,22.946735
2008-03-25,22.990442
2008-03-26,22.764608
2008-03-27,22.881170
2008-03-28,22.822891
2008-03-31,22.706343
2008-04-01,23.070578
2008-04-02,22.910311
2008-04-03,22.837460
2008-04-04,23.019579
2008-04-07,23.281830
2008-04-08,23.201698
2008-04-09,23.092428
2008-04-10,23.274555
2008-04-11,22.968586
2008-04-14,22.866604
2008-04-15,22.844748
2008-04-16,22.968586
2008-04-17,22.822891
2008-04-18,23.041433
2008-04-21,22.968586
2008-04-22,22.728197
2008-04-23,22.801044
2008-04-24,22.873882
2008-04-25,23.172548
2008-04-28,23.310966
2008-04-29,23.056000
2008-04-30,22.932159
2008-05-01,23.340105
2008-05-02,23.347391
2008-05-05,23.281830
2008-05-06,23.238117
2008-05-07,23.034147
2008-05-08,22.946735
2008-05-09,22.924875
2008-05-12,23.099709
2008-05-13,22.881170
2008-05-14,23.070578
2008-05-15,23.005009
2008-05-16,23.092428
2008-05-19,23.238117
2008-05-20,23.172548
2008-05-21,22.968586
2008-05-22,23.216272
2008-05-23,22.837460
2008-05-27,22.932159
2008-05-28,22.910311
2008-05-29,23.405674
2008-05-30,23.369247
2008-06-02,23.092428
2008-06-03,23.245398
2008-06-04,23.252689
2008-06-05,23.456661
2008-06-06,22.888451
2008-06-09,22.764608
2008-06-10,22.546072
2008-06-11,22.320251
2008-06-12,22.130848
2008-06-13,22.480509
2008-06-16,22.553358
2008-06-17,22.495079
2008-06-18,22.240120
2008-06-19,22.269260
2008-06-20,21.956020
2008-06-23,22.117033
2008-06-24,22.197527
2008-06-25,22.446367
2008-06-26,21.992619
2008-06-27,22.138987
2008-06-30,22.380493
2008-07-01,22.380493
2008-07-02,22.226809
2008-07-03,22.321951
2008-07-07,22.175575
2008-07-08,22.761074
2008-07-09,22.870855
2008-07-10,22.995275
2008-07-11,22.556149
2008-07-14,22.709837
2008-07-15,22.819630
2008-07-16,22.980635
2008-07-17,23.207512
2008-07-18,23.200191
2008-07-21,22.790350
2008-07-22,23.105045
2008-07-23,23.207512
2008-07-24,23.185553
2008-07-25,23.324608
2008-07-28,23.134329
2008-07-29,23.368525
2008-07-30,23.361206
2008-07-31,23.383158
2008-08-01,23.207512
2008-08-04,23.405117
2008-08-05,24.166260
2008-08-06,24.261406
2008-08-07,23.968651
2008-08-08,24.385818
2008-08-11,24.407770
2008-08-12,24.356537
2008-08-13,24.371180
2008-08-14,24.356537
2008-08-15,24.598066
2008-08-18,24.393141
2008-08-19,24.283360
2008-08-20,24.129660
2008-08-21,23.975965
2008-08-22,24.378494
2008-08-25,23.983294
2008-08-26,23.954018
2008-08-27,23.990606
2008-08-28,24.129660
2008-08-29,23.866188
2008-09-02,23.822281
2008-09-03,23.961342
2008-09-04,23.434395
2008-09-05,23.309975
2008-09-08,23.697855
2008-09-09,23.492949
2008-09-10,23.397799
2008-09-11,23.492949
2008-09-12,23.712500
2008-09-15,23.053820
2008-09-16,23.017221
2008-09-17,22.651289
2008-09-18,22.944042
2008-09-19,23.195469
2008-09-22,22.644081
2008-09-23,22.107384
2008-09-24,22.313244
2008-09-25,22.717600
2008-09-26,22.673485
2008-09-29,22.166204
2008-09-30,22.092680
2008-10-01,22.239717
2008-10-02,22.276482
2008-10-03,21.798601
2008-10-06,20.982534
2008-10-07,20.475239
2008-10-08,20.107649
2008-10-09,18.563732
2008-10-10,17.747662
2008-10-13,19.887089
2008-10-14,20.291451
2008-10-15,18.306404
2008-10-16,19.262175
2008-10-17,19.188648
2008-10-20,19.960611
2008-10-21,19.901789
2008-10-22,19.409212
2008-10-23,18.960737
2008-10-24,18.894573
2008-10-27,18.085854
2008-10-28,19.225407
2008-10-29,19.093077
2008-10-30,19.541538
2008-10-31,19.556250
2008-11-03,19.703289
2008-11-04,19.960611
2008-11-05,19.666529
2008-11-06,19.188648
2008-11-07,19.431269
2008-11-10,19.291578
2008-11-11,18.946032
2008-11-12,18.526976
2008-11-13,19.519489
2008-11-14,18.776937
2008-11-17,18.453453
2008-11-18,18.578440
2008-11-19,17.828541
2008-11-20,17.321253
2008-11-21,17.343311
2008-11-24,17.688843
2008-11-25,17.806479
2008-11-26,18.085854
2008-11-28,18.321117
2008-12-01,17.380066
2008-12-02,17.828541
2008-12-03,18.254957
2008-12-04,17.909409
2008-12-05,18.519623
2008-12-08,18.666666
2008-12-09,18.372589
2008-12-10,18.321117
2008-12-11,18.431398
2008-12-12,18.468157
2008-12-15,18.431398
2008-12-16,19.159239
2008-12-17,19.041607
2008-12-18,19.181297
2008-12-19,19.298161
2008-12-22,19.165014
2008-12-23,19.172422
2008-12-24,19.105852
2008-12-26,19.120644
2008-12-29,19.091063
2008-12-30,19.460892
2008-12-31,19.638420
2009-01-02,20.037844
2009-01-05,19.941679
2009-01-06,19.616230
2009-01-07,19.438700
2009-01-08,19.549658
2009-01-09,19.342546
2009-01-12,19.091063
2009-01-13,19.253790
2009-01-14,18.980112
2009-01-15,19.113258
2009-01-16,19.275976
2009-01-20,18.809986
2009-01-21,19.209404
2009-01-22,19.290766
2009-01-23,19.290766
2009-01-26,19.187223
2009-01-27,19.586641
2009-01-28,19.889917
2009-01-29,19.608822
2009-01-30,19.401724
2009-02-02,19.527470
2009-02-03,20.030451
2009-02-04,19.941679
2009-02-05,20.111813
2009-02-06,20.274544
2009-02-09,20.215366
2009-02-10,19.542265
2009-02-11,19.786352
2009-02-12,20.015650
2009-02-13,19.712379
2009-02-17,19.372129
2009-02-18,19.364742
2009-02-19,19.327751
2009-02-20,19.128046
2009-02-23,18.750809
2009-02-24,19.024485
2009-02-25,18.639858
2009-02-26,17.707861
2009-02-27,16.997770
2009-03-02,16.265497
2009-03-03,16.228506
2009-03-04,16.694504
2009-03-05,16.250692
2009-03-06,16.487392
2009-03-09,16.184135
2009-03-10,16.768475
2009-03-11,16.465202
2009-03-12,17.271446
2009-03-13,17.848402
2009-03-16,17.656090
2009-03-17,17.929764
2009-03-18,17.959358
2009-03-19,17.522949
2009-03-20,17.527403
2009-03-23,18.167477
2009-03-24,17.929308
2009-03-25,18.048399
2009-03-26,18.249344
2009-03-27,18.055832
2009-03-30,17.951643
2009-03-31,18.018623
2009-04-01,18.011177
2009-04-02,18.085606
2009-04-03,17.787901
2009-04-06,17.959080
2009-04-07,17.758125
2009-04-08,17.877211
2009-04-09,17.959080
2009-04-13,18.100492
2009-04-14,18.018623
2009-04-15,18.122824
2009-04-16,18.204687
2009-04-17,18.413080
2009-04-20,18.055832
2009-04-21,17.884665
2009-04-22,17.691145
2009-04-23,17.706034
2009-04-24,17.683702
2009-04-27,17.877211
2009-04-28,17.944191
2009-04-29,18.011177
2009-04-30,17.996294
2009-05-01,17.966520
2009-05-04,18.264235
2009-05-05,18.472622
2009-05-06,18.360989
2009-05-07,18.733114
2009-05-08,19.045704
2009-05-11,18.718227
2009-05-12,19.023376
2009-05-13,18.978727
2009-05-14,19.001049
2009-05-15,18.852198
2009-05-18,19.038267
2009-05-19,18.896849
2009-05-20,18.971277
2009-05-21,18.800104
2009-05-22,18.822430
2009-05-26,18.993608
2009-05-27,18.800104
2009-05-28,18.896849
2009-05-29,19.224331
2009-06-01,19.350849
2009-06-02,19.469940
2009-06-03,19.425283
2009-06-04,19.157343
2009-06-05,19.194567
2009-06-08,18.986168
2009-06-09,18.889410
2009-06-10,18.807545
2009-06-11,19.008492
2009-06-12,19.075481
2009-06-15,18.487509
2009-06-16,18.561947
2009-06-17,18.986168
2009-06-18,19.350849
2009-06-19,19.507938
2009-06-22,19.156372
2009-06-23,19.096535
2009-06-24,19.193773
2009-06-25,19.724857
2009-06-26,19.724857
2009-06-29,19.844540
2009-06-30,19.679989
2009-07-01,19.732338
2009-07-02,19.261093
2009-07-06,19.410688
2009-07-07,19.335901
2009-07-08,19.515415
2009-07-09,19.268576
2009-07-10,19.178812
2009-07-13,19.515415
2009-07-14,19.605173
2009-07-15,19.777220
2009-07-16,19.904381
2009-07-17,19.844540
2009-07-20,19.889418
2009-07-21,20.181135
2009-07-22,20.106339
2009-07-23,20.510262
2009-07-24,20.869297
2009-07-27,20.854343
2009-07-28,20.996456
2009-07-29,20.981497
2009-07-30,21.011421
2009-07-31,20.846859
2009-08-03,20.974014
2009-08-04,21.026381
2009-08-05,20.727179
2009-08-06,20.577579
2009-08-07,20.667334
2009-08-10,20.831898
2009-08-11,20.801979
2009-08-12,20.914177
2009-08-13,20.891748
2009-08-14,20.891748
2009-08-17,20.809464
2009-08-18,20.794504
2009-08-19,21.086218
2009-08-20,21.235828
2009-08-21,21.452745
2009-08-24,21.602346
2009-08-25,21.602346
2009-08-26,21.609819
2009-08-27,21.602346
2009-08-28,21.445263
2009-08-31,21.407864
2009-09-01,21.063782
2009-09-02,21.108665
2009-09-03,21.011421
2009-09-04,21.310627
2009-09-08,21.213379
2009-09-09,21.460228
2009-09-10,21.624784
2009-09-11,21.632263
2009-09-14,21.714546
2009-09-15,21.520060
2009-09-16,21.714546
2009-09-17,21.699587
2009-09-18,21.607172
2009-09-21,21.817545
2009-09-22,21.749918
2009-09-23,21.441891
2009-09-24,21.419355
2009-09-25,21.434381
2009-09-28,21.667278
2009-09-29,21.697332
2009-09-30,21.539560
2009-10-01,21.231527
2009-10-02,21.148888
2009-10-05,21.284121
2009-10-06,21.456917
2009-10-07,21.471945
2009-10-08,21.494486
2009-10-09,21.697332
2009-10-12,21.802509
2009-10-13,21.592146
2009-10-14,21.922718
2009-10-15,21.982822
2009-10-16,21.967802
2009-10-19,22.155621
2009-10-20,21.945255
2009-10-21,21.659763
2009-10-22,21.795000
2009-10-23,21.569603
2009-10-26,21.336712
2009-10-27,21.426868
2009-10-28,21.208988
2009-10-29,21.396812
2009-10-30,21.088783
2009-11-02,21.178938
2009-11-03,21.186451
2009-11-04,21.456917
2009-11-05,21.810026
2009-11-06,21.907688
2009-11-09,22.275826
2009-11-10,22.426092
2009-11-11,22.456139
2009-11-12,22.328419
2009-11-13,22.373491
2009-11-16,22.598883
2009-11-17,22.658987
2009-11-18,22.786711
2009-11-19,22.674007
2009-11-20,22.831785
2009-11-23,23.042154
2009-11-24,23.222446
2009-11-25,23.365206
2009-11-27,23.132298
2009-11-30,23.049662
2009-12-01,23.455353
2009-12-02,23.402769
2009-12-03,23.290073
2009-12-04,23.275049
2009-12-07,23.244987
2009-12-08,23.064690
2009-12-09,23.260014
2009-12-10,23.500435
2009-12-11,23.500435
2009-12-14,23.718306
2009-12-15,23.725822
2009-12-16,23.605619
2009-12-17,23.387735
2009-12-18,23.516922
2009-12-21,23.736002
2009-12-22,23.841759
2009-12-23,23.766211
2009-12-24,23.766211
2009-12-28,23.887083
2009-12-29,23.856871
2009-12-30,23.788876
2009-12-31,23.471596
2010-01-04,23.879530
2010-01-05,23.645342
2010-01-06,23.887083
2010-01-07,23.970182
2010-01-08,24.007967
2010-01-11,24.143938
2010-01-12,23.970182
2010-01-13,24.287472
2010-01-14,24.506544
2010-01-15,24.340359
2010-01-19,24.929598
2010-01-20,24.718075
2010-01-21,24.181709
2010-01-22,23.917311
2010-01-25,23.917311
2010-01-26,23.781326
2010-01-27,23.947521
2010-01-28,23.796436
2010-01-29,23.630236
2010-02-01,23.766211
2010-02-02,24.257252
2010-02-03,23.932415
2010-02-04,23.328060
2010-02-05,23.290281
2010-02-08,23.176971
2010-02-09,23.358276
2010-02-10,23.214750
2010-02-11,23.373379
2010-02-12,23.320507
2010-02-16,23.524475
2010-02-17,23.705782
2010-02-18,23.819098
2010-02-19,23.819098
2010-02-22,23.751106
2010-02-23,23.524475
2010-02-24,23.698231
2010-02-25,23.713345
2010-02-26,23.720886
2010-03-01,23.947521
2010-03-02,24.030624
2010-03-03,23.932415
2010-03-04,23.856871
2010-03-05,24.189257
2010-03-08,24.045729
2010-03-09,24.030624
2010-03-10,24.045729
2010-03-11,24.234594
2010-03-12,24.053288
2010-03-15,24.211931
2010-03-16,24.279915
2010-03-17,24.287472
2010-03-18,24.453674
2010-03-19,24.444578
2010-03-22,24.603752
2010-03-23,24.725033
2010-03-24,24.459740
2010-03-25,24.361191
2010-03-26,24.179277
2010-03-29,24.436995
2010-03-30,24.436995
2010-03-31,24.353615
2010-04-01,24.490047
2010-04-05,24.421841
2010-04-06,24.406670
2010-04-07,24.300564
2010-04-08,24.209604
2010-04-09,24.315720
2010-04-12,24.247496
2010-04-13,24.270245
2010-04-14,24.186869
2010-04-15,24.118643
2010-04-16,23.974628
2010-04-19,24.171705
2010-04-20,24.224766
2010-04-21,23.800299
2010-04-22,23.527430
2010-04-23,23.762402
2010-04-26,23.512270
2010-04-27,23.239405
2010-04-28,23.390995
2010-04-29,23.709345
2010-04-30,23.406153
2010-05-03,23.519852
2010-05-04,23.383411
2010-05-05,23.459209
2010-05-06,22.830097
2010-05-07,22.526907
2010-05-10,23.133289
2010-05-11,23.087801
2010-05-12,23.277308
2010-05-13,23.027166
2010-05-14,22.716402
2010-05-17,22.716402
2010-05-18,22.534492
2010-05-19,22.481426
2010-05-20,21.776512
2010-05-21,21.829571
2010-05-24,21.776512
2010-05-25,21.685549
2010-05-26,21.549120
2010-05-27,21.988745
2010-05-28,21.882635
2010-06-01,21.640070
2010-06-02,22.110020
2010-06-03,22.238869
2010-06-04,21.587019
2010-06-07,21.556698
2010-06-08,21.609758
2010-06-09,21.511223
2010-06-10,21.920532
2010-06-11,22.102446
2010-06-14,22.140339
2010-06-15,22.519325
2010-06-16,22.602707
2010-06-17,22.633030
2010-06-18,22.511894
2010-06-21,22.473804
2010-06-22,22.252869
2010-06-23,22.161451
2010-06-24,22.001472
2010-06-25,22.100510
2010-06-28,22.062414
2010-06-29,21.658651
2010-06-30,21.483419
2010-07-01,21.300591
2010-07-02,21.353920
2010-07-06,21.460571
2010-07-07,21.879581
2010-07-08,22.062414
2010-07-09,22.115747
2010-07-12,22.077662
2010-07-13,22.245253
2010-07-14,22.245253
2010-07-15,22.313822
2010-07-16,21.849106
2010-07-19,21.948145
2010-07-20,21.887199
2010-07-21,21.529133
2010-07-22,21.666267
2010-07-23,21.658651
2010-07-26,21.971003
2010-07-27,21.993853
2010-07-28,21.696747
2010-07-29,21.681501
2010-07-30,21.765303
2010-08-02,22.176689
2010-08-03,22.359526
2010-08-04,22.580458
2010-08-05,22.588072
2010-08-06,22.633781
2010-08-09,22.694735
2010-08-10,22.748068
2010-08-11,22.161451
2010-08-12,22.252869
2010-08-13,22.169064
2010-08-16,22.054798
2010-08-17,22.359526
2010-08-18,22.329054
2010-08-19,21.917675
2010-08-20,21.841486
2010-08-23,21.940523
2010-08-24,21.468203
2010-08-25,21.681501
2010-08-26,21.544376
2010-08-27,21.765303
2010-08-30,21.491045
2010-08-31,21.407249
2010-09-01,21.902428
2010-09-02,22.016708
2010-09-03,22.222399
2010-09-07,22.092888
2010-09-08,22.214781
2010-09-09,22.450949
2010-09-10,22.679493
2010-09-13,22.732822
2010-09-14,22.809004
2010-09-15,23.022305
2010-09-16,22.930893
2010-09-17,22.926300
2010-09-20,23.232601
2010-09-21,23.247919
2010-09-22,23.286201
2010-09-23,23.163681
2010-09-24,23.477634
2010-09-27,23.301517
2010-09-28,23.492956
2010-09-29,23.408722
2010-09-30,23.347462
2010-10-01,23.347462
2010-10-04,23.117735
2010-10-05,23.546553
2010-10-06,23.454662
2010-10-07,23.500603
2010-10-08,23.561872
2010-10-11,23.577181
2010-10-12,23.630781
2010-10-13,23.799244
2010-10-14,23.753302
2010-10-15,23.852844
2010-10-18,24.074919
2010-10-19,23.623117
2010-10-20,23.845190
2010-10-21,23.906450
2010-10-22,23.914108
2010-10-25,24.044283
2010-10-26,23.975372
2010-10-27,23.829885
2010-10-28,23.967709
2010-10-29,23.868164
2010-11-01,23.868164
2010-11-02,24.097885
2010-11-03,24.113201
2010-11-04,24.228067
2010-11-05,24.082565
2010-11-08,24.021311
2010-11-09,23.921762
2010-11-10,23.914108
2010-11-11,23.983023
2010-11-12,23.684385
2010-11-15,23.692036
2010-11-16,23.347462
2010-11-17,23.385744
2010-11-18,23.715015
2010-11-19,23.737989
2010-11-22,23.745640
2010-11-23,23.401062
2010-11-24,23.623117
2010-11-26,23.416374
2010-11-29,23.393402
2010-11-30,23.178997
2010-12-01,23.623117
2010-12-02,23.806908
2010-12-03,23.806908
2010-12-06,23.653753
2010-12-07,23.669067
2010-12-08,23.692036
2010-12-09,23.730330
2010-12-10,23.960043
2010-12-13,23.998343
2010-12-14,24.243378
2010-12-15,24.166801
2010-12-16,24.335268
2010-12-17,24.376820
2010-12-20,24.369135
2010-12-21,24.307558
2010-12-22,24.376820
2010-12-23,24.361433
2010-12-27,24.315256
2010-12-28,24.330641
2010-12-29,24.338339
2010-12-30,24.253681
2010-12-31,24.245972
2011-01-03,24.469194
2011-01-04,24.546164
2011-01-05,24.600048
2011-01-06,24.700117
2011-01-07,24.684717
2011-01-10,24.615442
2011-01-11,24.738592
2011-01-12,24.869448
2011-01-13,24.738592
2011-01-14,24.769390
2011-01-18,24.861752
2011-01-19,24.692410
2011-01-20,24.753984
2011-01-21,24.777079
2011-01-24,24.746290
2011-01-25,24.746290
2011-01-26,24.715502
2011-01-27,24.777079
2011-01-28,24.330641
2011-01-31,24.384527
2011-02-01,24.823263
2011-02-02,24.738592
2011-02-03,24.769390
2011-02-04,24.884840
2011-02-07,24.846361
2011-02-08,24.915634
2011-02-09,24.861752
2011-02-10,24.869448
2011-02-11,24.923321
2011-02-14,25.007996
2011-02-15,24.954119
2011-02-16,25.084957
2011-02-17,25.192732
2011-02-18,25.254311
2011-02-22,24.869448
2011-02-23,24.630829
2011-02-24,24.715502
2011-02-25,24.869448
2011-02-28,25.146536
2011-03-01,24.946417
2011-03-02,25.023386
2011-03-03,25.539103
2011-03-04,25.500612
2011-03-07,25.308184
2011-03-08,25.446735
2011-03-09,25.485226
2011-03-10,25.084957
2011-03-11,25.169632
2011-03-14,25.046480
2011-03-15,24.753984
2011-03-16,24.322950
2011-03-17,24.607748
2011-03-18,24.719864
2011-03-21,24.928631
2011-03-22,24.913172
2011-03-23,24.897699
2011-03-24,25.191526
2011-03-25,25.261105
2011-03-28,25.253386
2011-03-29,25.400299
2011-03-30,25.585865
2011-03-31,25.601341
2011-04-01,25.732779
2011-04-04,25.887430
2011-04-05,25.771444
2011-04-06,25.825567
2011-04-07,25.779175
2011-04-08,25.763712
2011-04-11,25.910620
2011-04-12,25.879690
2011-04-13,25.856499
2011-04-14,25.995667
2011-04-15,26.227646
2011-04-18,25.933815
2011-04-19,26.150314
2011-04-20,26.405485
2011-04-21,26.482805
2011-04-25,26.513733
2011-04-26,26.823013
2011-04-27,27.124577
2011-04-28,27.263762
2011-04-29,27.248295
2011-05-02,27.526655
2011-05-03,27.457071
2011-05-04,27.433865
2011-05-05,27.256023
2011-05-06,27.449329
2011-05-09,27.603968
2011-05-10,27.774086
2011-05-11,27.727682
2011-05-12,27.982841
2011-05-13,27.897806
2011-05-16,27.944189
2011-05-17,27.944189
2011-05-18,28.160696
2011-05-19,28.098837
2011-05-20,27.866867
2011-05-23,27.580784
2011-05-24,27.503450
2011-05-25,27.542120
2011-05-26,27.580784
2011-05-27,27.596226
2011-05-31,27.921003
2011-06-01,27.534386
2011-06-02,27.472515
2011-06-03,27.209642
2011-06-06,27.047253
2011-06-07,27.101376
2011-06-08,27.132311
2011-06-09,27.418402
2011-06-10,26.915808
2011-06-13,27.047253
2011-06-14,27.279221
2011-06-15,26.908060
2011-06-16,26.954473
2011-06-17,27.016626
2011-06-20,27.288576
2011-06-21,27.459522
2011-06-22,27.296368
2011-06-23,27.265274
2011-06-24,26.946699
2011-06-27,27.086563
2011-06-28,27.467297
2011-06-29,27.521685
2011-06-30,27.607151
2011-07-01,27.941269
2011-07-05,27.863571
2011-07-06,27.941269
2011-07-07,27.925724
2011-07-08,27.801409
2011-07-11,27.420685
2011-07-12,27.420685
2011-07-13,27.529453
2011-07-14,27.482826
2011-07-15,27.342972
2011-07-18,27.140957
2011-07-19,27.381823
2011-07-20,27.288576
2011-07-21,27.700396
2011-07-22,27.653778
2011-07-25,27.366282
2011-07-26,27.148722
2011-07-27,26.674753
2011-07-28,26.651436
2011-07-29,26.511570
2011-08-01,26.060905
2011-08-02,25.501459
2011-08-03,25.548079
2011-08-04,24.530193
2011-08-05,24.716681
2011-08-08,23.450153
2011-08-09,24.304861
2011-08-10,23.279219
2011-08-11,24.343723
2011-08-12,24.584585
2011-08-15,24.996403
2011-08-16,24.973093
2011-08-17,24.996403
2011-08-18,24.172768
2011-08-19,24.110619
2011-08-22,24.095078
2011-08-23,24.879856
2011-08-24,25.167347
2011-08-25,24.739992
2011-08-26,25.050798
2011-08-29,25.687948
2011-08-30,25.773413
2011-08-31,25.952126
2011-09-01,25.781187
2011-09-02,25.213970
2011-09-06,25.276123
2011-09-07,25.882193
2011-09-08,25.602480
2011-09-09,24.841003
2011-09-12,24.926472
2011-09-13,25.182884
2011-09-14,25.423765
2011-09-15,25.656864
2011-09-16,25.795134
2011-09-19,25.552958
2011-09-20,25.787327
2011-09-21,25.092052
2011-09-22,24.584272
2011-09-23,24.592093
2011-09-26,24.998314
2011-09-27,25.381096
2011-09-28,24.943628
2011-09-29,25.107676
2011-09-30,24.787392
2011-10-03,23.998384
2011-10-04,24.256172
2011-10-05,24.646774
2011-10-06,24.943628
2011-10-07,24.920195
2011-10-10,25.490463
2011-10-11,25.451399
2011-10-12,25.467026
2011-10-13,25.443600
2011-10-14,25.685760
2011-10-17,25.240490
2011-10-18,25.427971
2011-10-19,25.381096
2011-10-20,25.357656
2011-10-21,25.865452
2011-10-24,26.256048
2011-10-25,25.724827
2011-10-26,26.068550
2011-10-27,26.701317
2011-10-28,26.724751
2011-10-31,26.216982
2011-11-01,25.717012
2011-11-02,25.888872
2011-11-03,26.170101
2011-11-04,25.927942
2011-11-07,26.232603
2011-11-08,26.552898
2011-11-09,25.787327
2011-11-10,26.154486
2011-11-11,26.615383
2011-11-14,26.435709
2011-11-15,26.498215
2011-11-16,25.990438
2011-11-17,25.717012
2011-11-18,25.662331
2011-11-21,25.170177
2011-11-22,25.232676
2011-11-23,24.865507
2011-11-25,24.771767
2011-11-28,25.435783
2011-11-29,25.545151
2011-11-30,26.466963
2011-12-01,26.506021
2011-12-02,26.177921
2011-12-05,26.224791
2011-12-06,26.334162
2011-12-07,26.529463
2011-12-08,26.037308
2011-12-09,26.420088
2011-12-12,26.107607
2011-12-13,26.060741
2011-12-14,26.045109
2011-12-15,26.334162
2011-12-16,26.246168
2011-12-19,26.246168
2011-12-20,26.796074
2011-12-21,26.968914
2011-12-22,27.165304
2011-12-23,27.338127
2011-12-27,27.400970
2011-12-28,27.102453
2011-12-29,27.298843
2011-12-30,27.251720
2012-01-03,27.605225
2012-01-04,27.471682
2012-01-05,27.550232
2012-01-06,27.597374
2012-01-09,27.644508
2012-01-10,27.848751
2012-01-11,27.872330
2012-01-12,27.958729
2012-01-13,27.833035
2012-01-17,28.005871
2012-01-18,28.162973
2012-01-19,28.162973
2012-01-20,28.162973
2012-01-23,28.037283
2012-01-24,28.045153
2012-01-25,28.249403
2012-01-26,28.123716
2012-01-27,28.139429
2012-01-30,28.100142
2012-01-31,28.123716
2012-02-01,28.398661
2012-02-02,28.288668
2012-02-03,28.453663
2012-02-06,28.296526
2012-02-07,28.398661
2012-02-08,28.398661
2012-02-09,28.249403
2012-02-10,28.131571
2012-02-13,28.343674
2012-02-14,28.461502
2012-02-15,28.406515
2012-02-16,28.563625
2012-02-17,28.469366
2012-02-21,28.265104
2012-02-22,28.265104
2012-02-23,28.288668
2012-02-24,28.430084
2012-02-27,28.485064
2012-02-28,28.595058
2012-02-29,28.422224
2012-03-01,28.571486
2012-03-02,28.524349
2012-03-05,28.461502
2012-03-06,28.092289
2012-03-07,28.217976
2012-03-08,28.532198
2012-03-09,28.650038
2012-03-12,28.650038
2012-03-13,29.058538
2012-03-14,29.050688
2012-03-15,29.097830
2012-03-16,29.094662
2012-03-19,29.086771
2012-03-20,28.936760
2012-03-21,28.920963
2012-03-22,28.826208
2012-03-23,28.913071
2012-03-26,29.418377
2012-03-27,29.473652
2012-03-28,29.410477
2012-03-29,29.473652
2012-03-30,29.694723
2012-04-02,29.797369
2012-04-03,29.781569
2012-04-04,29.623663
2012-04-05,29.615776
2012-04-09,29.244680
2012-04-10,28.913071
2012-04-11,29.015713
2012-04-12,29.173626
2012-04-13,28.881475
2012-04-16,28.889383
2012-04-17,29.315739
2012-04-18,29.236778
2012-04-19,29.284161
2012-04-20,29.442064
2012-04-23,29.213091
2012-04-24,29.315739
2012-04-25,29.623663
2012-04-26,29.615776
2012-04-27,29.631563
2012-04-30,29.615776
2012-05-01,29.726297
2012-05-02,29.671026
2012-05-03,29.560505
2012-05-04,29.173626
2012-05-07,29.236778
2012-05-08,29.244680
2012-05-09,29.047297
2012-05-10,29.252577
2012-05-11,29.220999
2012-05-14,29.126249
2012-05-15,28.952543
2012-05-16,28.999916
2012-05-17,28.731489
2012-05-18,28.478830
2012-05-21,28.755154
2012-05-22,28.676199
2012-05-23,28.549881
2012-05-24,28.826208
2012-05-25,28.755154
2012-05-29,28.849911
2012-05-30,28.684103
2012-05-31,28.541981
2012-06-01,28.036686
2012-06-04,28.099834
2012-06-05,28.257753
2012-06-06,28.699879
2012-06-07,28.715687
2012-06-08,28.889383
2012-06-11,28.636730
2012-06-12,28.905176
2012-06-13,28.873600
2012-06-14,29.307844
2012-06-15,29.418184
2012-06-18,29.616619
2012-06-19,29.886520
2012-06-20,29.807140
2012-06-21,29.394361
2012-06-22,29.703941
2012-06-25,29.338802
2012-06-26,29.426128
2012-06-27,29.743635
2012-06-28,29.608696
2012-06-29,30.172283
2012-07-02,30.267542
2012-07-03,30.259600
2012-07-05,30.069092
2012-07-06,29.870653
2012-07-09,30.029411
2012-07-10,29.886520
2012-07-11,29.862722
2012-07-12,29.934153
2012-07-13,30.267542
2012-07-16,30.323114
2012-07-17,30.712059
2012-07-18,30.759697
2012-07-19,30.759697
2012-07-20,30.362797
2012-07-23,30.005581
2012-07-24,29.672199
2012-07-25,29.815081
2012-07-26,30.100845
2012-07-27,30.823204
2012-07-30,30.664434
2012-07-31,30.473944
2012-08-01,30.489807
2012-08-02,30.196100
2012-08-03,30.553312
2012-08-06,30.561262
2012-08-07,30.489807
2012-08-08,30.600941
2012-08-09,30.585060
2012-08-10,30.712059
2012-08-13,30.632704
2012-08-14,30.712059
2012-08-15,30.783504
2012-08-16,30.704149
2012-08-17,30.545382
2012-08-20,30.608877
2012-08-21,30.505678
2012-08-22,30.529493
2012-08-23,30.489807
2012-08-24,30.751762
2012-08-27,30.783504
2012-08-28,30.735888
2012-08-29,30.839092
2012-08-30,30.735888
2012-08-31,30.831137
2012-09-04,30.894630
2012-09-05,30.902590
2012-09-06,31.394739
2012-09-07,31.378864
2012-09-10,31.267729
2012-09-11,31.283604
2012-09-12,31.299480
2012-09-13,31.617001
2012-09-14,31.489998
2012-09-17,31.672562
2012-09-18,31.775743
2012-09-19,31.807510
2012-09-20,31.942461
2012-09-21,32.061317
2012-09-24,32.149082
2012-09-25,32.125149
2012-09-26,31.957600
2012-09-27,32.141106
2012-09-28,32.005486
2012-10-01,32.196945
2012-10-02,32.340530
2012-10-03,32.611759
2012-10-04,32.811214
2012-10-05,32.843109
2012-10-08,32.819187
2012-10-09,32.420315
2012-10-10,32.180988
2012-10-11,32.204918
2012-10-12,32.157055
2012-10-15,32.619743
2012-10-16,32.970737
2012-10-17,32.970737
2012-10-18,32.978748
2012-10-19,32.388393
2012-10-22,32.412323
2012-10-23,31.981546
2012-10-24,32.037380
2012-10-25,32.292671
2012-10-26,32.165031
2012-10-31,31.933676
2012-11-01,32.196945
2012-11-02,32.021439
2012-11-05,32.037380
2012-11-06,32.069317
2012-11-07,31.534819
2012-11-08,31.159872
2012-11-09,31.247623
2012-11-12,31.407183
2012-11-13,31.287498
2012-11-14,30.912573
2012-11-15,30.824823
2012-11-16,31.056173
2012-11-19,31.383240
2012-11-20,31.558748
2012-11-21,31.534819
2012-11-23,31.925720
2012-11-26,31.782120
2012-11-27,31.590643
2012-11-28,31.837955
2012-11-29,32.061317
2012-11-30,32.101208
2012-12-03,32.029411
2012-12-04,32.101208
2012-12-05,32.204918
2012-12-06,32.188969
2012-12-07,32.292671
2012-12-10,32.428288
2012-12-11,32.771336
2012-12-12,32.723442
2012-12-13,32.444252
2012-12-14,32.316601
2012-12-17,32.571877
2012-12-18,32.827164
2012-12-19,32.476147
2012-12-20,32.524033
2012-12-21,32.250496
2012-12-24,32.122181
2012-12-26,32.009899
2012-12-27,31.961769
2012-12-28,31.648968
2012-12-31,31.985838
2013-01-02,32.619465
2013-01-03,32.659569
2013-01-04,32.803940
2013-01-07,32.908188
2013-01-08,32.916222
2013-01-09,33.277157
2013-01-10,33.509739
2013-01-11,33.501701
2013-01-14,33.533802
2013-01-15,33.493710
2013-01-16,33.421501
2013-01-17,33.718266
2013-01-18,33.830551
2013-01-22,33.926811
2013-01-23,33.886696
2013-01-24,34.103260
2013-01-25,34.367935
2013-01-28,34.247631
2013-01-29,34.616573
2013-01-30,34.512302
2013-01-31,34.416061
2013-02-01,34.688751
2013-02-04,34.303764
2013-02-05,34.680744
2013-02-06,34.672718
2013-02-07,34.544384
2013-02-08,34.801048
2013-02-11,34.728859
2013-02-12,34.688751
2013-02-13,34.664696
2013-02-14,34.736877
2013-02-15,34.817085
2013-02-19,35.033642
2013-02-20,34.809055
2013-02-21,34.648643
2013-02-22,34.801048
2013-02-25,34.416061
2013-02-26,34.504284
2013-02-27,34.881245
2013-02-28,34.849155
2013-03-01,35.113834
2013-03-04,35.306332
2013-03-05,35.611122
2013-03-06,35.683292
2013-03-07,35.659225
2013-03-08,35.723408
2013-03-11,35.907871
2013-03-12,36.068279
2013-03-13,36.076305
2013-03-14,36.108387
2013-03-15,36.031044
2013-03-18,35.797455
2013-03-19,35.821625
2013-03-20,36.119675
2013-03-21,35.918278
2013-03-22,36.192158
2013-03-25,36.087448
2013-03-26,36.506313
2013-03-27,36.691578
2013-03-28,37.013786
2013-04-01,37.110462
2013-04-02,37.650154
2013-04-03,37.424610
2013-04-04,37.593765
2013-04-05,37.384323
2013-04-08,37.416569
2013-04-09,37.537376
2013-04-10,38.165703
2013-04-11,38.536232
2013-04-12,38.608730
2013-04-15,37.907921
2013-04-16,38.455677
2013-04-17,38.278458
2013-04-18,37.811264
2013-04-19,38.342911
2013-04-22,38.576511
2013-04-23,38.818153
2013-04-24,38.149578
2013-04-25,38.302631
2013-04-26,38.294579
2013-04-29,38.415401
2013-04-30,38.125404
2013-05-01,37.722649
2013-05-02,38.141518
2013-05-03,38.399296
2013-05-06,38.149578
2013-05-07,38.270405
2013-05-08,38.383179
2013-05-09,38.431522
2013-05-10,38.810112
2013-05-13,39.132317
2013-05-14,39.527016
2013-05-15,39.736454
2013-05-16,39.325642
2013-05-17,39.551201
2013-05-20,39.277321
2013-05-21,39.704243
2013-05-22,39.704243
2013-05-23,39.688122
2013-05-24,39.567295
2013-05-28,39.970062
2013-05-29,39.341755
2013-05-30,39.623695
2013-05-31,38.753731
2013-06-03,38.963165
2013-06-04,38.721504
2013-06-05,38.157639
2013-06-06,38.713467
2013-06-07,39.067890
2013-06-10,39.124264
2013-06-11,38.963165
2013-06-12,38.568462
2013-06-13,39.164536
2013-06-14,39.100101
2013-06-17,39.188705
2013-06-18,39.518967
2013-06-19,38.890659
2013-06-20,37.891815
2013-06-21,38.265644
2013-06-24,37.941982
2013-06-25,38.136181
2013-06-26,38.686413
2013-06-27,38.823978
2013-06-28,38.524590
2013-07-01,38.629776
2013-07-02,38.548851
2013-07-03,38.492214
2013-07-05,39.018188
2013-07-08,39.236652
2013-07-09,39.349930
2013-07-10,39.608875
2013-07-11,40.118664
2013-07-12,40.361404
2013-07-15,40.401863
2013-07-16,40.167210
2013-07-17,40.272388
2013-07-18,40.385674
2013-07-19,40.919739
2013-07-22,41.122025
2013-07-23,40.976364
2013-07-24,40.911629
2013-07-25,41.113930
2013-07-26,41.380955
2013-07-29,41.259590
2013-07-30,41.267670
2013-07-31,41.283855
2013-08-01,41.542793
2013-08-02,41.558971
2013-08-05,41.502327
2013-08-06,41.308128
2013-08-07,41.340496
2013-08-08,41.340496
2013-08-09,41.194836
2013-08-12,41.024910
2013-08-13,41.178658
2013-08-14,40.855015
2013-08-15,40.167210
2013-08-16,39.981102
2013-08-19,40.053921
2013-08-20,40.167210
2013-08-21,39.924450
2013-08-22,40.183395
2013-08-23,40.288582
2013-08-26,40.345230
2013-08-27,39.689804
2013-08-28,39.859722
2013-08-29,39.981102
2013-08-30,39.827347
2013-09-03,40.086304
2013-09-04,40.547520
2013-09-05,40.604153
2013-09-06,40.620350
2013-09-09,40.871178
2013-09-10,41.130131
2013-09-11,41.405231
2013-09-12,41.340496
2013-09-13,41.437595
2013-09-16,41.809799
2013-09-17,41.834084
2013-09-18,42.093025
2013-09-19,41.955463
2013-09-20,41.876648
2013-09-23,41.584148
2013-09-24,41.372898
2013-09-25,41.047897
2013-09-26,41.194138
2013-09-27,41.194138
2013-09-30,41.104767
2013-10-01,41.624779
2013-10-02,41.527283
2013-10-03,41.161644
2013-10-04,41.616646
2013-10-07,41.153526
2013-10-08,40.560383
2013-10-09,40.487270
2013-10-10,41.429783
2013-10-11,41.624779
2013-10-14,41.925400
2013-10-15,41.657272
2013-10-16,42.510395
2013-10-17,42.867916
2013-10-18,42.697273
2013-10-21,42.477913
2013-10-22,42.876038
2013-10-23,42.794788
2013-10-24,42.794788
2013-10-25,42.851677
2013-10-28,42.997921
2013-10-29,43.282299
2013-10-30,43.046658
2013-10-31,42.876038
2013-11-01,43.160423
2013-11-04,43.192921
2013-11-05,43.046658
2013-11-06,42.949177
2013-11-07,42.567287
2013-11-08,43.192921
2013-11-11,43.298546
2013-11-12,43.274170
2013-11-13,43.517921
2013-11-14,43.883545
2013-11-15,44.135426
2013-11-18,43.940422
2013-11-19,43.989174
2013-11-20,44.119175
2013-11-21,44.297916
2013-11-22,44.891056
2013-11-25,45.069805
2013-11-26,44.939804
2013-11-27,44.923557
2013-11-29,44.899181
2013-12-02,44.915428
2013-12-03,44.525417
2013-12-04,44.371044
2013-12-05,44.289799
2013-12-06,44.866680
2013-12-09,44.956070
2013-12-10,44.777313
2013-12-11,44.005424
2013-12-12,43.688545
2013-12-13,43.721043
2013-12-16,43.802296
2013-12-17,43.591053
2013-12-18,44.671684
2013-12-19,44.574184
2013-12-20,44.798534
2013-12-23,44.969868
2013-12-24,44.888283
2013-12-26,45.222790
2013-12-27,45.181988
2013-12-30,45.255421
2013-12-31,45.230942
2014-01-02,44.978020
2014-01-03,45.084084
2014-01-06,44.896442
2014-01-07,45.369637
2014-01-08,45.769402
2014-01-09,46.112049
2014-01-10,46.291550
2014-01-13,45.916271
2014-01-14,46.495525
2014-01-15,46.454723
2014-01-16,46.568943
2014-01-17,46.519997
2014-01-21,46.789230
2014-01-22,46.830021
2014-01-23,46.503681
2014-01-24,45.410431
2014-01-27,45.043285
2014-01-28,45.647030
2014-01-29,45.230942
2014-01-30,46.054955
2014-01-31,45.655193
2014-02-03,44.757748
2014-02-04,45.198311
2014-02-05,44.945385
2014-02-06,45.198311
2014-02-07,45.973373
2014-02-10,46.356827
2014-02-11,46.985020
2014-02-12,46.985020
2014-02-13,47.319534
2014-02-14,47.490849
2014-02-18,47.931419
2014-02-19,47.637714
2014-02-20,48.070114
2014-02-21,47.980354
2014-02-24,48.339333
2014-02-25,48.216957
2014-02-26,48.216957
2014-02-27,48.494354
2014-02-28,48.494354
2014-03-03,48.135387
2014-03-04,49.049141
2014-03-05,48.926754
2014-03-06,48.624897
2014-03-07,48.502518
2014-03-10,48.706478
2014-03-11,48.608578
2014-03-12,48.600410
2014-03-13,47.939575
2014-03-14,47.678520
2014-03-17,48.143536
2014-03-18,48.657524
2014-03-19,48.510666
2014-03-20,48.510666
2014-03-21,47.630596
2014-03-24,47.098454
2014-03-25,47.515980
2014-03-26,47.532360
2014-03-27,47.425915
2014-03-28,47.245823
2014-03-31,47.884384
2014-04-01,48.187309
2014-04-02,48.400154
2014-04-03,48.293728
2014-04-04,47.491421
2014-04-07,47.016598
2014-04-08,46.631813
2014-04-09,47.630596
2014-04-10,46.042366
2014-04-11,45.608475
2014-04-14,45.862251
2014-04-15,46.353466
2014-04-16,46.582691
2014-04-17,46.574490
2014-04-21,47.131195
2014-04-22,47.646976
2014-04-23,47.409561
2014-04-24,47.335876
2014-04-25,46.983845
2014-04-28,47.262196
2014-04-29,47.540543
2014-04-30,47.581474
2014-05-01,47.687897
2014-05-02,47.278557
2014-05-05,47.589664
2014-05-06,47.172142
2014-05-07,47.303120
2014-05-08,47.049332
2014-05-09,47.335876
2014-05-12,47.818905
2014-05-13,47.892570
2014-05-14,47.925327
2014-05-15,47.442310
2014-05-16,47.606041
2014-05-19,47.900764
2014-05-20,47.597855
2014-05-21,47.999004
2014-05-22,48.285542
2014-05-23,48.310097
2014-05-27,48.572079
2014-05-28,48.432896
2014-05-29,48.817665
2014-05-30,48.948666
2014-06-02,49.014149
2014-06-03,49.104210
2014-06-04,49.243389
2014-06-05,49.300682
2014-06-06,49.251579
2014-06-09,48.997784
2014-06-10,49.161514
2014-06-11,49.104210
2014-06-12,48.858604
2014-06-13,48.817665
2014-06-16,48.915924
2014-06-17,48.891365
2014-06-18,49.284313
2014-06-19,49.448071
2014-06-20,49.863869
2014-06-23,49.674870
2014-06-24,49.707737
2014-06-25,50.250099
2014-06-26,50.315823
2014-06-27,50.184368
2014-06-30,49.987133
2014-07-01,50.619877
2014-07-02,51.006111
2014-07-03,51.211529
2014-07-07,50.825317
2014-07-08,50.348713
2014-07-09,50.562359
2014-07-10,50.529491
2014-07-11,50.636330
2014-07-14,50.800652
2014-07-15,50.365135
2014-07-16,50.200775
2014-07-17,49.650215
2014-07-18,50.463741
2014-07-21,50.258312
2014-07-22,50.693832
2014-07-23,51.104710
2014-07-24,50.997883
2014-07-25,50.808880
2014-07-28,50.858181
2014-07-29,50.899265
2014-07-30,51.104710
2014-07-31,50.052876
2014-08-01,50.093960
2014-08-04,50.307606
2014-08-05,49.822784
2014-08-06,49.798122
2014-08-07,49.157158
2014-08-08,49.740604
2014-08-11,49.715946
2014-08-12,49.674870
2014-08-13,50.274738
2014-08-14,50.866409
2014-08-15,50.915688
2014-08-18,51.310135
2014-08-19,51.647076
2014-08-20,51.638851
2014-08-21,51.712795
2014-08-22,51.762123
2014-08-25,52.156559
2014-08-26,52.345551
2014-08-27,52.304478
2014-08-28,52.288025
2014-08-29,52.477043
2014-09-02,52.452374
2014-09-03,52.690701
2014-09-04,52.427719
2014-09-05,52.731777
2014-09-08,52.740005
2014-09-09,52.600300
2014-09-10,52.970100
2014-09-11,52.822178
2014-09-12,52.435951
2014-09-15,52.296249
2014-09-16,53.011181
2014-09-17,53.052261
2014-09-18,53.446709
2014-09-19,53.505241
2014-09-22,53.216614
2014-09-23,52.903236
2014-09-24,53.826889
2014-09-25,52.944473
2014-09-26,53.109409
2014-09-29,52.993954
2014-09-30,52.705311
2014-10-01,52.152779
2014-10-02,52.045551
2014-10-03,53.117649
2014-10-06,52.870255
2014-10-07,52.029076
2014-10-08,53.356796
2014-10-09,52.251755
2014-10-10,51.930119
2014-10-13,50.701347
2014-10-14,50.321995
2014-10-15,49.909653
2014-10-16,49.653980
2014-10-17,50.445709
2014-10-20,51.055962
2014-10-21,52.408424
2014-10-22,52.144535
2014-10-23,53.035191
2014-10-24,53.777386
2014-10-27,53.835121
2014-10-28,54.230980
2014-10-29,54.255711
2014-10-30,55.253574
2014-10-31,55.476238
2014-11-03,55.542221
2014-11-04,55.550468
2014-11-05,55.492741
2014-11-06,55.830841
2014-11-07,55.278324
2014-11-10,55.839088
2014-11-11,56.045261
2014-11-12,55.962814
2014-11-13,55.921570
2014-11-14,55.459751
2014-11-17,55.731895
2014-11-18,56.630806
2014-11-19,56.317425
2014-11-20,56.078270
2014-11-21,56.342155
2014-11-24,56.630806
2014-11-25,56.705021
2014-11-26,57.051380
2014-11-28,57.405991
2014-12-01,57.265816
2014-12-02,57.900791
2014-12-03,57.991516
2014-12-04,57.917290
2014-12-05,58.379128
2014-12-08,58.585289
2014-12-09,58.337868
2014-12-10,57.438980
2014-12-11,57.603924
2014-12-12,56.721508
2014-12-15,56.201962
2014-12-16,55.550468
2014-12-17,56.589554
2014-12-18,58.139946
2014-12-19,58.280659
2014-12-22,57.726078
2014-12-23,56.401703
2014-12-24,56.815575
2014-12-26,57.221165
2014-12-29,57.419834
2014-12-30,57.171509
2014-12-31,56.600372
2015-01-02,56.807301
2015-01-05,56.517586
2015-01-06,56.327225
2015-01-07,57.651596
2015-01-08,58.636604
2015-01-09,58.115116
2015-01-12,58.139942
2015-01-13,57.883339
2015-01-14,57.792316
2015-01-15,57.171509
2015-01-16,58.247566
2015-01-20,58.247566
2015-01-21,58.363438
2015-01-22,59.058743
2015-01-23,58.719387
2015-01-26,59.025623
2015-01-27,58.603500
2015-01-28,57.759197
2015-01-29,58.247566
2015-01-30,57.337063
2015-02-02,57.659870
2015-02-03,58.048904
2015-02-04,57.320503
2015-02-05,58.288937
2015-02-06,57.759197
2015-02-09,57.080463
2015-02-10,58.040627
2015-02-11,58.098560
2015-02-12,58.305523
2015-02-13,58.537270
2015-02-17,58.959427
2015-02-18,59.025623
2015-02-19,59.124954
2015-02-20,59.745781
2015-02-23,60.018902
2015-02-24,59.944412
2015-02-25,59.919552
2015-02-26,60.085117
2015-02-27,59.795425
2015-03-02,60.333458
2015-03-03,59.787163
2015-03-04,60.076855
2015-03-05,60.292076
2015-03-06,59.108421
2015-03-09,59.472603
2015-03-10,58.810436
2015-03-11,58.777313
2015-03-12,59.555386
2015-03-13,59.439503
2015-03-16,60.755581
2015-03-17,60.581779
2015-03-18,61.368111
2015-03-19,61.724064
2015-03-20,62.170624
2015-03-23,61.996311
2015-03-24,61.456760
2015-03-25,60.336182
2015-03-26,60.195087
2015-03-27,60.626713
2015-03-30,61.240952
2015-03-31,60.178490
2015-04-01,59.572571
2015-04-02,59.755146
2015-04-06,59.846451
2015-04-07,59.987568
2015-04-08,60.493866
2015-04-09,60.950439
2015-04-10,61.473370
2015-04-13,61.141354
2015-04-14,61.240952
2015-04-15,61.398670
2015-04-16,61.365456
2015-04-17,60.834244
2015-04-20,61.207733
2015-04-21,61.614483
2015-04-22,61.714081
2015-04-23,61.946491
2015-04-24,61.747295
2015-04-27,60.626713
2015-04-28,60.925522
2015-04-29,60.369396
2015-04-30,59.522751
2015-05-01,60.327904
2015-05-04,60.709724
2015-05-05,59.946091
2015-05-06,59.713646
2015-05-07,59.995880
2015-05-08,60.967026
2015-05-11,61.000244
2015-05-12,60.610092
2015-05-13,60.676514
2015-05-14,61.514858
2015-05-15,61.639370
2015-05-18,62.004589
2015-05-19,62.295124
2015-05-20,62.378109
2015-05-21,62.386421
2015-05-22,62.236988
2015-05-26,61.606163
2015-05-27,62.320023
2015-05-28,62.361523
2015-05-29,62.203812
2015-06-01,62.452816
2015-06-02,62.046085
2015-06-03,62.162300
2015-06-04,61.730675
2015-06-05,61.705753
2015-06-08,61.398670
2015-06-09,61.382076
2015-06-10,62.137405
2015-06-11,62.560738
2015-06-12,61.788776
2015-06-15,61.863510
2015-06-16,62.170624
2015-06-17,62.228691
2015-06-18,63.108570
2015-06-19,63.059429
2015-06-22,63.550854
2015-06-23,63.675762
2015-06-24,63.034420
2015-06-25,63.384262
2015-06-26,63.292629
2015-06-29,61.743431
2015-06-30,61.959972
2015-07-01,62.626301
2015-07-02,62.334789
2015-07-06,62.309799
2015-07-07,62.609665
2015-07-08,61.535206
2015-07-09,61.868362
2015-07-10,62.701244
2015-07-13,63.234325
2015-07-14,63.867359
2015-07-15,63.950630
2015-07-16,64.250488
2015-07-17,64.108902
2015-07-20,64.317078
2015-07-21,64.033913
2015-07-22,64.175529
2015-07-23,63.942287
2015-07-24,62.343132
2015-07-27,62.284809
2015-07-28,63.409222
2015-07-29,63.517502
2015-07-30,63.425903
2015-07-31,63.792366
2015-08-03,63.742413
2015-08-04,63.709087
2015-08-05,64.242149
2015-08-06,62.842873
2015-08-07,62.734585
2015-08-10,63.242649
2015-08-11,62.709579
2015-08-12,62.751244
2015-08-13,62.609665
2015-08-14,62.784565
2015-08-17,63.417557
2015-08-18,63.325954
2015-08-19,63.067741
2015-08-20,61.601833
2015-08-21,59.719444
2015-08-24,57.179077
2015-08-25,56.604378
2015-08-26,58.994839
2015-08-27,60.144230
2015-08-28,59.802757
2015-08-31,58.711636
2015-09-01,57.170750
2015-09-02,58.345154
2015-09-03,57.928711
2015-09-04,57.204086
2015-09-08,58.803242
2015-09-09,57.895405
2015-09-10,58.453430
2015-09-11,58.828255
2015-09-14,58.645004
2015-09-15,59.486240
2015-09-16,59.652824
2015-09-17,60.194206
2015-09-18,59.275536
2015-09-21,58.489773
2015-09-22,58.130287
2015-09-23,58.071796
2015-09-24,57.478298
2015-09-25,55.906746
2015-09-28,53.741714
2015-09-29,54.234879
2015-09-30,55.363392
2015-10-01,55.923466
2015-10-02,57.085415
2015-10-05,57.235870
2015-10-06,55.890041
2015-10-07,56.784458
2015-10-08,56.951660
2015-10-09,57.210819
2015-10-12,57.361259
2015-10-13,56.642368
2015-10-14,56.533688
2015-10-15,57.795940
2015-10-16,58.314217
2015-10-19,58.523193
2015-10-20,57.603683
2015-10-21,57.085415
2015-10-22,56.742683
2015-10-23,57.954777
2015-10-26,58.180458
2015-10-27,59.250458
2015-10-28,59.743649
2015-10-29,60.011154
2015-10-30,59.634983
2015-11-02,60.905579
2015-11-03,60.688248
2015-11-04,60.420738
2015-11-05,60.228477
2015-11-06,59.977718
2015-11-09,59.517975
2015-11-10,59.919201
2015-11-11,59.325680
2015-11-12,58.297470
2015-11-13,58.155392
2015-11-16,58.882675
2015-11-17,59.133408
2015-11-18,60.286999
2015-11-19,59.275536
2015-11-20,59.785469
2015-11-23,59.634983
2015-11-24,59.818878
2015-11-25,60.144909
2015-11-27,60.261921
2015-11-30,59.442715
2015-12-01,60.445824
2015-12-02,59.935902
2015-12-03,58.623501
2015-12-04,60.002785
2015-12-07,59.668423
2015-12-08,59.802162
2015-12-09,59.200302
2015-12-10,59.643349
2015-12-11,58.765625
2015-12-14,59.150154
2015-12-15,59.919201
2015-12-16,60.696609
2015-12-17,60.044586
2015-12-18,59.174065
2015-12-21,59.711308
2015-12-22,60.114273
2015-12-23,60.760639
2015-12-24,60.819401
2015-12-28,60.533997
2015-12-29,61.272717
2015-12-30,61.012466
2015-12-31,60.466835
2016-01-04,59.375538
2016-01-05,59.660942
2016-01-06,59.174065
2016-01-07,57.973614
2016-01-08,57.100571
2016-01-11,56.420593
2016-01-12,57.142536
2016-01-13,55.446827
2016-01-14,56.932678
2016-01-15,56.135185
2016-01-19,56.126804
2016-01-20,56.235912
2016-01-21,56.068027
2016-01-22,56.957867
2016-01-25,56.428997
2016-01-26,56.857136
2016-01-27,56.210732
2016-01-28,54.901161
2016-01-29,55.799404
2016-02-01,55.883343
2016-02-02,55.077446
2016-02-03,55.438431
2016-02-04,55.136208
2016-02-05,54.061699
2016-02-08,53.322975
2016-02-09,53.717506
2016-02-10,54.196022
2016-02-11,53.322975
2016-02-12,54.036510
2016-02-16,55.052273
2016-02-17,55.749027
2016-02-18,55.404854
2016-02-19,55.346081
2016-02-22,56.135185
2016-02-23,55.715458
2016-02-24,55.900131
2016-02-25,56.596897
2016-02-26,56.496155
2016-02-29,55.597927
2016-03-01,56.789978
2016-03-02,56.882309
2016-03-03,56.722801
2016-03-04,56.588501
2016-03-07,57.041821
2016-03-08,56.345055
2016-03-09,56.445778
2016-03-10,56.479343
2016-03-11,57.579063
2016-03-14,57.335625
2016-03-15,56.445778
2016-03-16,56.311474
2016-03-17,55.656681
2016-03-18,56.311291
2016-03-21,56.639854
2016-03-22,57.204327
2016-03-23,56.799938
2016-03-24,56.774670
2016-03-28,56.614590
2016-03-29,57.271721
2016-03-30,57.280155
2016-03-31,57.103230
2016-04-01,57.751945
2016-04-04,58.442783
2016-04-05,57.684532
2016-04-06,59.234684
2016-04-07,58.585987
2016-04-08,58.425922
2016-04-11,57.979404
2016-04-12,58.451199
2016-04-13,58.998795
2016-04-14,59.032509
2016-04-15,58.990372
2016-04-18,59.537994
2016-04-19,59.748615
2016-04-20,60.068745
2016-04-21,60.422611
2016-04-22,60.548965
2016-04-25,60.313080
2016-04-26,60.085609
2016-04-27,60.018204
2016-04-28,59.731747
2016-04-29,58.796619
2016-05-02,59.133614
2016-05-03,58.948257
2016-05-04,58.383793
2016-05-05,58.628098
2016-05-06,58.282700
2016-05-09,58.948257
2016-05-10,59.445328
2016-05-11,58.729206
2016-05-12,58.383793
2016-05-13,58.248993
2016-05-16,59.040943
2016-05-17,58.425922
2016-05-18,58.670231
2016-05-19,58.173172
2016-05-20,58.712379
2016-05-23,58.476456
2016-05-24,59.318943
2016-05-25,59.689648
2016-05-26,59.698059
2016-05-27,59.967651
2016-05-31,60.110874
2016-06-01,60.329933
2016-06-02,61.104988
2016-06-03,60.902798
2016-06-06,61.231361
2016-06-07,60.852257
2016-06-08,61.062885
2016-06-09,60.961781
2016-06-10,60.473164
2016-06-13,59.992931
2016-06-14,60.085609
2016-06-15,59.672802
2016-06-16,59.883423
2016-06-17,59.261696
2016-06-20,59.633869
2016-06-21,59.430859
2016-06-22,59.600040
2016-06-23,60.378242
2016-06-24,58.627285
2016-06-27,57.840614
2016-06-28,58.965626
2016-06-29,60.090645
2016-06-30,60.657379
2016-07-01,61.038033
2016-07-05,60.978798
2016-07-06,61.663960
2016-07-07,61.570923
2016-07-08,62.332191
2016-07-11,62.163036
2016-07-12,62.467552
2016-07-13,62.442173
2016-07-14,62.712826
2016-07-15,62.662086
2016-07-18,62.687462
2016-07-19,62.552124
2016-07-20,63.118862
2016-07-21,63.304935
2016-07-22,63.431828
2016-07-25,63.364159
2016-07-26,63.254185
2016-07-27,63.541801
2016-07-28,63.482582
2016-07-29,63.609463
2016-08-01,64.015488
2016-08-02,63.770168
2016-08-03,63.592548
2016-08-04,63.499496
2016-08-05,63.651756
2016-08-08,63.110401
2016-08-09,63.262676
2016-08-10,63.051189
2016-08-11,63.414909
2016-08-12,63.254185
2016-08-15,63.364159
2016-08-16,62.797421
2016-08-17,62.924305
2016-08-18,62.949673
2016-08-19,62.898937
2016-08-22,63.025799
2016-08-23,63.085026
2016-08-24,62.095333
2016-08-25,61.570923
2016-08-26,61.807766
2016-08-29,61.943089
2016-08-30,61.731636
2016-08-31,61.545547
2016-09-01,61.384819
2016-09-02,61.452496
2016-09-06,61.672424
2016-09-07,61.672424
2016-09-08,61.723167
2016-09-09,60.488220
2016-09-12,61.384819
2016-09-13,60.564335
2016-09-14,60.564335
2016-09-15,61.190254
2016-09-16,61.231876
2016-09-19,61.011108
2016-09-20,61.197914
2016-09-21,61.809311
2016-09-22,62.276325
2016-09-23,62.081032
2016-09-26,61.359264
2016-09-27,61.792328
2016-09-28,61.698933
2016-09-29,60.612007
2016-09-30,61.231876
2016-10-03,61.180946
2016-10-04,61.062069
2016-10-05,61.299828
2016-10-06,61.070526
2016-10-07,61.028088
2016-10-10,61.308300
2016-10-11,59.771332
2016-10-12,59.491131
2016-10-13,59.516613
2016-10-14,59.117519
2016-10-17,58.922199
2016-10-18,59.627010
2016-10-19,59.406204
2016-10-20,59.686428
2016-10-21,59.193924
2016-10-24,59.083542
2016-10-25,58.913700
2016-10-26,58.557072
2016-10-27,58.828781
2016-10-28,57.555080
2016-10-31,57.198425
2016-11-01,56.892735
2016-11-02,56.595558
2016-11-03,56.060581
2016-11-04,56.451191
2016-11-07,57.894745
2016-11-08,58.056076
2016-11-09,60.102535
2016-11-10,60.764839
2016-11-11,59.856281
2016-11-14,59.669434
2016-11-15,59.839272
2016-11-16,59.584518
2016-11-17,59.822292
2016-11-18,59.185440
2016-11-21,59.397717
2016-11-22,58.540073
2016-11-23,58.769352
2016-11-25,58.998634
2016-11-28,58.557072
2016-11-29,58.939178
2016-11-30,58.378750
2016-12-01,57.954174
2016-12-02,58.090061
2016-12-05,57.988152
2016-12-06,58.149490
2016-12-07,57.648499
2016-12-08,57.758888
2016-12-09,58.463669
2016-12-12,58.743881
2016-12-13,59.219402
2016-12-14,58.913700
2016-12-15,59.295841
2016-12-16,59.342731
2016-12-19,59.095398
2016-12-20,59.052773
2016-12-21,58.720150
2016-12-22,58.796886
2016-12-23,59.240398
2016-12-27,59.359798
2016-12-28,58.907761
2016-12-29,59.010124
2016-12-30,58.796886
2017-01-03,59.564495
2017-01-04,60.033558
2017-01-05,60.340584
2017-01-06,60.511181
2017-01-09,60.767052
2017-01-10,60.980232
2017-01-11,60.366199
2017-01-12,60.425900
2017-01-13,60.485596
2017-01-17,60.178558
2017-01-18,60.101795
2017-01-19,59.717999
2017-01-20,59.564495
2017-01-23,59.317162
2017-01-24,58.907761
2017-01-25,59.462147
2017-01-26,59.001587
2017-01-27,59.487717
2017-01-30,59.197754
2017-01-31,60.144455
2017-02-01,60.664677
2017-02-02,60.647621
2017-02-03,60.912010
2017-02-06,60.980232
2017-02-07,61.039948
2017-02-08,60.946121
2017-02-09,61.167889
2017-02-10,61.287273
2017-02-13,61.662579
2017-02-14,62.148678
2017-02-15,62.822464
2017-02-16,62.737152
2017-02-17,62.822464
2017-02-21,63.103893
2017-02-22,63.010078
2017-02-23,63.470631
2017-02-24,63.777660
2017-02-27,64.084702
2017-02-28,63.956757
2017-03-01,64.596420
2017-03-02,64.391716
2017-03-03,64.647614
2017-03-06,64.400276
2017-03-07,63.948246
2017-03-08,64.204109
2017-03-09,64.553802
2017-03-10,64.801094
2017-03-13,64.749954
2017-03-14,64.511124
2017-03-15,65.321358
2017-03-16,64.690239
2017-03-17,64.334160
2017-03-20,64.240021
2017-03-21,63.734989
2017-03-22,63.752110
2017-03-23,63.555229
2017-03-24,63.589470
2017-03-27,63.760651
2017-03-28,63.803478
2017-03-29,63.820591
2017-03-30,63.829147
2017-03-31,63.649380
2017-04-03,63.700741
2017-04-04,63.666508
2017-04-05,63.469635
2017-04-06,63.580921
2017-04-07,63.692192
2017-04-10,63.572380
2017-04-11,63.486732
2017-04-12,63.486732
2017-04-13,63.324131
2017-04-17,63.555229
2017-04-18,62.861923
2017-04-19,63.050213
2017-04-20,63.443958
2017-04-21,63.067341
2017-04-24,63.692192
2017-04-25,63.966095
2017-04-26,64.317017
2017-04-27,64.453979
2017-04-28,64.625175
2017-05-01,64.770721
2017-05-02,64.950447
2017-05-03,64.633728
2017-05-04,65.061745
2017-05-05,65.027473
2017-05-08,64.625175
2017-05-09,64.702217
2017-05-10,64.513931
2017-05-11,64.548157
2017-05-12,64.436867
2017-05-15,64.856285
2017-05-16,64.608055
2017-05-17,63.760651
2017-05-18,64.043137
2017-05-19,64.222885
2017-05-22,64.394066
2017-05-23,64.608055
2017-05-24,64.770721
2017-05-25,65.078835
2017-05-26,64.959015
2017-05-30,64.864853
2017-05-31,65.121666
2017-06-01,65.840652
2017-06-02,66.268646
2017-06-05,66.080292
2017-06-06,65.917664
2017-06-07,66.097435
2017-06-08,65.909134
2017-06-09,66.354218
2017-06-12,66.268646
2017-06-13,66.405586
2017-06-14,66.722290
2017-06-15,66.653831
2017-06-16,66.763809
2017-06-19,67.459908
2017-06-20,67.683365
2017-06-21,68.542686
2017-06-22,69.255966
2017-06-23,69.152855
2017-06-26,69.084084
2017-06-27,68.456779
2017-06-28,68.817688
2017-06-29,68.190361
2017-06-30,68.095840
2017-07-03,68.216118
2017-07-05,68.620033
2017-07-06,67.734901
2017-07-07,68.078659
2017-07-10,67.949738
2017-07-11,67.872391
2017-07-12,68.336456
2017-07-13,68.396606
2017-07-14,68.860641
2017-07-17,68.611450
2017-07-18,68.663010
2017-07-19,69.221588
2017-07-20,69.677055
2017-07-21,69.599693
2017-07-24,69.573936
2017-07-25,69.075500
2017-07-26,68.843468
2017-07-27,68.370781
2017-07-28,68.714569
2017-07-31,68.654404
2017-08-01,68.499741
2017-08-02,68.345055
2017-08-03,68.456779
2017-08-04,68.302071
2017-08-07,68.448181
2017-08-08,68.130211
2017-08-09,68.207527
2017-08-10,67.356766
2017-08-11,67.545837
2017-08-14,68.001305
2017-08-15,68.001305
2017-08-16,68.190361
2017-08-17,67.339607
2017-08-18,67.030243
2017-08-21,67.331001
2017-08-22,68.147400
2017-08-23,67.631767
2017-08-24,67.829414
2017-08-25,67.846619
2017-08-28,68.207527
2017-08-29,68.336456
2017-08-30,68.688789
2017-08-31,69.857521
2017-09-01,69.805969
2017-09-05,69.505203
2017-09-06,69.840302
2017-09-07,70.613747
2017-09-08,70.931725
2017-09-11,71.481720
2017-09-12,71.636391
2017-09-13,71.369995
2017-09-14,71.464539
2017-09-15,71.235954
2017-09-18,71.218697
2017-09-19,70.658073
2017-09-20,70.727066
2017-09-21,70.364815
2017-09-22,70.364815
2017-09-25,70.157784
2017-09-26,70.045685
2017-09-27,70.019806
2017-09-28,70.080170
2017-09-29,70.494179
2017-10-02,71.210083
2017-10-03,71.192825
2017-10-04,71.537834
2017-10-05,71.589592
2017-10-06,71.494720
2017-10-09,71.046204
2017-10-10,71.210083
2017-10-11,71.348076
2017-10-12,71.270462
2017-10-13,71.089325
2017-10-16,70.778816
2017-10-17,71.727608
2017-10-18,71.831085
2017-10-19,72.270996
2017-10-20,72.348625
2017-10-23,72.167473
2017-10-24,71.684464
2017-10-25,71.580956
2017-10-26,70.865059
2017-10-27,70.847816
2017-10-30,70.088791
2017-10-31,69.959435
2017-11-01,70.131920
2017-11-02,69.812775
2017-11-03,70.390709
2017-11-06,70.175056
2017-11-07,70.321678
2017-11-08,70.485542
2017-11-09,70.494179
2017-11-10,70.037056
2017-11-13,70.106049
2017-11-14,69.821411
2017-11-15,69.623039
2017-11-16,70.347565
2017-11-17,70.071548
2017-11-20,69.778282
2017-11-21,70.390709
2017-11-22,70.364815
2017-11-24,70.528671
2017-11-27,70.589050
2017-11-28,71.106575
2017-11-29,71.460213
2017-11-30,71.994972
2017-12-01,71.848343
2017-12-04,70.968552
2017-12-05,70.847816
2017-12-06,70.787460
2017-12-07,70.804688
2017-12-08,71.598206
2017-12-11,71.900108
2017-12-12,72.184746
2017-12-13,72.434883
2017-12-14,71.701721
2017-12-15,72.490631
2017-12-18,72.516609
2017-12-19,72.429985
2017-12-20,72.196190
2017-12-21,72.031639
2017-12-22,71.797852
2017-12-26,71.815155
2017-12-27,71.936394
2017-12-28,72.040314
2017-12-29,71.598663
2018-01-02,72.404022
2018-01-03,73.096786
2018-01-04,73.200714
2018-01-05,73.824219
2018-01-08,73.555771
2018-01-09,74.421745
2018-01-10,74.291862
2018-01-11,74.612274
2018-01-12,75.183792
2018-01-16,75.556175
2018-01-17,76.283585
2018-01-18,76.300926
2018-01-19,76.586678
2018-01-22,77.088943
2018-01-23,76.716568
2018-01-24,76.941727
2018-01-25,77.599876
2018-01-26,79.271194
2018-01-29,79.054718
2018-01-30,77.392044
2018-01-31,76.292259
2018-02-01,76.318214
2018-02-02,75.244408
2018-02-05,71.910439
2018-02-06,72.707100
2018-02-07,72.620529
2018-02-08,70.100510
2018-02-09,71.096405
2018-02-12,71.763206
2018-02-13,71.815155
2018-02-14,72.629181
2018-02-15,73.434525
2018-02-16,73.962761
2018-02-20,73.148750
2018-02-21,72.845665
2018-02-22,72.733086
2018-02-23,73.893494
2018-02-26,74.828743
2018-02-27,74.049362
2018-02-28,72.862984
2018-03-01,71.702583
2018-03-02,72.429985
2018-03-05,73.088142
2018-03-06,72.984245
2018-03-07,73.356583
2018-03-08,73.850189
2018-03-09,74.915359
2018-03-12,74.594933
2018-03-13,74.690216
2018-03-14,74.326485
2018-03-15,74.205261
2018-03-16,74.205261
2018-03-19,73.006004
2018-03-20,73.110260
2018-03-21,72.797447
2018-03-22,70.703125
2018-03-23,69.234489
2018-03-26,70.668358
2018-03-27,69.834091
2018-03-28,70.207771
2018-03-29,70.737877
2018-04-02,69.130196
2018-04-03,70.181717
2018-04-04,71.181091
2018-04-05,71.128937
2018-04-06,69.416969
2018-04-09,70.103493
2018-04-10,71.285347
2018-04-11,70.703125
2018-04-12,71.181091
2018-04-13,71.146317
2018-04-16,71.711189
2018-04-17,72.267342
2018-04-18,72.328156
2018-04-19,71.719864
2018-04-20,71.337502
2018-04-23,71.615601
2018-04-24,71.076775
2018-04-25,71.398338
2018-04-26,72.302094
2018-04-27,72.597549
2018-04-30,71.485252
2018-05-01,71.450470
2018-05-02,70.468468
2018-05-03,69.834091
2018-05-04,70.390289
2018-05-07,70.285988
2018-05-08,69.755898
2018-05-09,70.155655
2018-05-10,71.094154
2018-05-11,72.154366
2018-05-14,72.632339
2018-05-15,71.693794
2018-05-16,72.093544
2018-05-17,72.119591
2018-05-18,72.302094
2018-05-21,72.371620
2018-05-22,72.232590
2018-05-23,72.467224
2018-05-24,72.180443
2018-05-25,72.076149
2018-05-29,71.337502
2018-05-30,72.406372
2018-05-31,71.615601
2018-06-01,72.441139
2018-06-04,72.710556
2018-06-05,72.562813
2018-06-06,73.379684
2018-06-07,73.475296
2018-06-08,73.901108
2018-06-11,74.040138
2018-06-12,73.996696
2018-06-13,74.014069
2018-06-14,74.396439
2018-06-15,74.541229
2018-06-18,73.825974
2018-06-19,74.017891
2018-06-20,74.174896
2018-06-21,73.747505
2018-06-22,74.078934
2018-06-25,73.398582
2018-06-26,73.171814
2018-06-27,72.552528
2018-06-28,72.648468
2018-06-29,72.796768
2018-07-02,73.023529
2018-07-03,73.197975
2018-07-05,73.956818
2018-07-06,75.020958
2018-07-09,75.570473
2018-07-10,75.858307
2018-07-11,75.256439
2018-07-12,76.093788
2018-07-13,76.233360
2018-07-16,75.771065
2018-07-17,76.189751
2018-07-18,76.250816
2018-07-19,75.823410
2018-07-20,75.675133
2018-07-23,75.832146
2018-07-24,76.521202
2018-07-25,77.498100
2018-07-26,77.280022
2018-07-27,76.721786
2018-07-30,76.765434
2018-07-31,77.567886
2018-08-01,77.585320
2018-08-02,77.873177
2018-08-03,78.335449
2018-08-06,78.475021
2018-08-07,78.483719
2018-08-08,78.605827
2018-08-09,78.518608
2018-08-10,78.178436
2018-08-13,78.204620
2018-08-14,78.570946
2018-08-15,78.440132
2018-08-16,79.207680
2018-08-17,79.451912
2018-08-20,79.713570
2018-08-21,79.713570
2018-08-22,79.792068
2018-08-23,79.765915
2018-08-24,80.149719
2018-08-27,80.437546
2018-08-28,80.481140
2018-08-29,81.004478
2018-08-30,80.943436
2018-08-31,80.925995
2018-09-04,80.280533
2018-09-05,80.603256
2018-09-06,80.603256
2018-09-07,80.725380
2018-09-10,80.516037
2018-09-11,80.446281
2018-09-12,80.847481
2018-09-13,81.850540
2018-09-14,81.580154
2018-09-17,81.283592
2018-09-18,81.754593
2018-09-19,81.641228
2018-09-20,82.434952
2018-09-21,82.546150
2018-09-24,82.712517
2018-09-25,82.458595
2018-09-26,82.642464
2018-09-27,83.062798
2018-09-28,83.316719
2018-10-01,83.728271
2018-10-02,83.631958
2018-10-03,83.474327
2018-10-04,82.659981
2018-10-05,82.563683
2018-10-08,82.528641
2018-10-09,82.668739
2018-10-10,80.716072
2018-10-11,78.535767
2018-10-12,79.744133
2018-10-15,79.192467
2018-10-16,81.364052
2018-10-17,81.793129
2018-10-18,80.864929
2018-10-19,80.129395
2018-10-22,79.472694
2018-10-23,79.043602
2018-10-24,76.434235
2018-10-25,77.423683
2018-10-26,76.548065
2018-10-29,76.740692
2018-10-30,77.563782
2018-10-31,77.668869
2018-11-01,78.649582
2018-11-02,78.159233
2018-11-05,78.850975
2018-11-06,79.253777
2018-11-07,81.582970
2018-11-08,81.626740
2018-11-09,81.390305
2018-11-12,80.287003
2018-11-13,79.726608
2018-11-14,79.087395
2018-11-15,79.787933
2018-11-16,80.593483
2018-11-19,79.568993
2018-11-20,78.824699
2018-11-21,78.378128
2018-11-23,78.491951
2018-11-26,79.253777
2018-11-27,80.076859
2018-11-28,82.003258
2018-11-29,82.274704
2018-11-30,83.947159
2018-12-03,83.544395
2018-12-04,81.679268
2018-12-06,81.372803
2018-12-07,79.297539
2018-12-10,79.604027
2018-12-11,79.849197
2018-12-12,80.532204
2018-12-13,80.610992
2018-12-14,77.896538
2018-12-17,76.346672
2018-12-18,75.681175
2018-12-19,74.691696
2018-12-20,73.640953
2018-12-21,72.726143
2018-12-24,70.984505
2018-12-26,74.080765
2018-12-27,74.898796
2018-12-28,74.986748
2018-12-31,76.095055
2019-01-02,74.942764
2019-01-03,73.421036
2019-01-04,75.611267
2019-01-07,75.901535
2019-01-08,76.490891
2019-01-09,76.833931
2019-01-10,76.983475
2019-01-11,77.238525
2019-01-14,76.385323
2019-01-15,77.757538
2019-01-16,77.616768
2019-01-17,78.302872
2019-01-18,79.235268
2019-01-22,78.689896
2019-01-23,78.777863
2019-01-24,78.118164
2019-01-25,78.214912
2019-01-28,77.326523
2019-01-29,77.704758
2019-01-30,78.769051
2019-01-31,79.754219
2019-02-01,79.824608
2019-02-04,79.595909
2019-02-05,79.481544
2019-02-06,79.842178
2019-02-07,78.962578
2019-02-08,79.112129
2019-02-11,79.015358
2019-02-12,80.097290
2019-02-13,80.273216
2019-02-14,80.457924
2019-02-15,81.671768
2019-02-19,81.478256
2019-02-20,81.381516
2019-02-21,80.669044
2019-02-22,81.407906
2019-02-25,81.522240
2019-02-26,81.231979
2019-02-27,80.853760
2019-02-28,80.616249
2019-03-01,81.759735
2019-03-04,80.651474
2019-03-05,80.607468
2019-03-06,79.428764
2019-03-07,78.804237
2019-03-08,78.637123
2019-03-11,79.534325
2019-03-12,80.114876
2019-03-13,80.976906
2019-03-14,80.844955
2019-03-15,81.216652
2019-03-18,81.093025
2019-03-19,81.737556
2019-03-20,81.172493
2019-03-21,81.490341
2019-03-22,80.007088
2019-03-25,79.962944
2019-03-26,80.510361
2019-03-27,79.839340
2019-03-28,80.042397
2019-03-29,81.004745
2019-04-01,81.128357
2019-04-02,80.942955
2019-04-03,80.837029
2019-04-04,80.669258
2019-04-05,81.225487
2019-04-08,81.207825
2019-04-09,80.995941
2019-04-10,81.022400
2019-04-11,80.024727
2019-04-12,79.291962
2019-04-15,79.609810
2019-04-16,77.976433
2019-04-17,75.733932
2019-04-18,75.857536
2019-04-22,75.901680
2019-04-23,77.102425
2019-04-24,77.014122
2019-04-25,77.808678
2019-04-26,78.585640
2019-04-29,78.444374
2019-04-30,78.806358
2019-05-01,78.665123
2019-05-02,79.000595
2019-05-03,79.600975
2019-05-06,80.007088
2019-05-07,78.470871
2019-05-08,78.638611
2019-05-09,78.470871
2019-05-10,78.497360
2019-05-13,77.022919
2019-05-14,77.411385
2019-05-15,77.640953
2019-05-16,78.250160
2019-05-17,78.082405
2019-05-20,78.047104
2019-05-21,78.779884
2019-05-22,79.230156
2019-05-23,78.956482
2019-05-24,79.071220
2019-05-28,77.941147
2019-05-29,77.190651
2019-05-30,77.614494
2019-05-31,77.058273
2019-06-03,77.243660
2019-06-04,78.523865
2019-06-05,79.115372
2019-06-06,79.521507
2019-06-07,80.351402
2019-06-10,80.589783
2019-06-11,80.457367
2019-06-12,80.845833
2019-06-13,80.748703
2019-06-14,80.563309
2019-06-17,80.925285
2019-06-18,81.613930
2019-06-19,82.346733
2019-06-20,82.708733
2019-06-21,83.105934
2019-06-24,82.671486
2019-06-25,82.334572
2019-06-26,81.297188
2019-06-27,81.864632
2019-06-28,82.139496
2019-07-01,82.547348
2019-07-02,82.990677
2019-07-03,83.700027
2019-07-05,83.123680
2019-07-08,82.503021
2019-07-09,82.582809
2019-07-10,82.866547
2019-07-11,82.884293
2019-07-12,81.962143
2019-07-15,82.139496
2019-07-16,81.731644
2019-07-17,81.749367
2019-07-18,82.210403
2019-07-19,81.359253
2019-07-22,81.190758
2019-07-23,81.696144
2019-07-24,81.740486
2019-07-25,81.341515
2019-07-26,81.634094
2019-07-29,81.971016
2019-07-30,81.616356
2019-07-31,80.809502
2019-08-01,80.915924
2019-08-02,80.729713
2019-08-05,78.832291
2019-08-06,79.851921
2019-08-07,79.878510
2019-08-08,80.942505
2019-08-09,81.040054
2019-08-12,80.250931
2019-08-13,81.297188
2019-08-14,79.036209
2019-08-15,79.311058
2019-08-16,80.286392
2019-08-19,81.057755
2019-08-20,80.366173
2019-08-21,80.960266
2019-08-22,80.561256
2019-08-23,78.699272
2019-08-26,79.523888
2019-08-27,79.053947
2019-08-28,79.630280
2019-08-29,80.233185
2019-08-30,80.330711
2019-09-03,79.860786
2019-09-04,79.913979
2019-09-05,80.703110
2019-09-06,80.924759
2019-09-09,80.179985
2019-09-10,80.410538
2019-09-11,81.208496
2019-09-12,81.181938
2019-09-13,81.137573
2019-09-16,80.960266
2019-09-17,81.084358
2019-09-18,81.075508
2019-09-19,81.456757
2019-09-20,81.910843
2019-09-23,81.474579
2019-09-24,80.726677
2019-09-25,80.334938
2019-09-26,79.889778
2019-09-27,79.533653
2019-09-30,80.245903
2019-10-01,79.462418
2019-10-02,78.304970
2019-10-03,79.008339
2019-10-04,80.245903
2019-10-07,79.978806
2019-10-08,78.456360
2019-10-09,79.026154
2019-10-10,79.417915
2019-10-11,80.076752
2019-10-14,80.041130
2019-10-15,81.501297
2019-10-16,81.394440
2019-10-17,81.999886
2019-10-18,81.697166
2019-10-21,81.608124
2019-10-22,81.786171
2019-10-23,82.293678
2019-10-24,81.875214
2019-10-25,81.964272
2019-10-28,82.810051
2019-10-29,83.985321
2019-10-30,84.457199
2019-10-31,84.359268
2019-11-01,84.466103
2019-11-04,84.207901
2019-11-05,83.611374
2019-11-06,83.896278
2019-11-07,84.083275
2019-11-08,84.697601
2019-11-11,84.350349
2019-11-12,84.857826
2019-11-13,84.955795
2019-11-14,84.964691
2019-11-15,86.772064
2019-11-18,86.478241
2019-11-19,87.065865
2019-11-20,86.950157
2019-11-21,87.172722
2019-11-22,87.484337
2019-11-25,88.508217
2019-11-26,88.437012
2019-11-27,88.891060
2019-11-29,88.579430
2019-12-02,88.187706
2019-12-03,87.991821
2019-12-04,88.810944
2019-12-05,88.810944
2019-12-06,89.398567
2019-12-09,88.775322
2019-12-10,88.971199
2019-12-11,89.051346
2019-12-12,89.879318
2019-12-13,89.817009
2019-12-16,90.787491
2019-12-17,90.689529
2019-12-18,90.814186
2019-12-19,91.170319
2019-12-20,91.815781
2019-12-23,92.182365
2019-12-24,92.066139
2019-12-26,92.003540
2019-12-27,92.030365
2019-12-30,91.477882
2019-12-31,91.657845
2020-01-02,91.900803
2020-01-03,91.099922
2020-01-06,91.666824
2020-01-07,91.486847
2020-01-08,92.080757
2020-01-09,92.476685
2020-01-10,92.503685
2020-01-13,92.179733
2020-01-14,92.737648
2020-01-15,93.538506
2020-01-16,94.024399
2020-01-17,94.024399
2020-01-21,94.123390
2020-01-22,94.240402
2020-01-23,93.763458
2020-01-24,92.197754
2020-01-27,91.495865
2020-01-28,91.945778
2020-01-29,91.693840
2020-01-30,91.027939
2020-01-31,89.210258
2020-02-03,90.020103
2020-02-04,91.603844
2020-02-05,93.367523
2020-02-06,93.448517
2020-02-07,92.719635
2020-02-10,93.214531
2020-02-11,93.772461
2020-02-12,93.889435
2020-02-13,93.448517
2020-02-14,93.520508
2020-02-18,93.187569
2020-02-19,93.619476
2020-02-20,93.016609
2020-02-21,93.070595
2020-02-24,90.137093
2020-02-25,87.401558
2020-02-26,87.392601
2020-02-27,84.423103
2020-02-28,83.334312
2020-03-02,87.239624
2020-03-03,85.070984
2020-03-04,89.975128
2020-03-05,87.887497
2020-03-06,87.419586
2020-03-09,82.875381
2020-03-10,85.718864
2020-03-11,82.443459
2020-03-12,76.288544
2020-03-13,81.579620
2020-03-16,73.535011
2020-03-17,78.151207
2020-03-18,75.559677
2020-03-19,74.011963
2020-03-20,71.168457
2020-03-23,67.472023
2020-03-24,72.671227
2020-03-25,73.638748
2020-03-26,78.530510
2020-03-27,76.848663
2020-03-30,80.447449
2020-03-31,80.094780
2020-04-01,77.047592
2020-04-02,79.181549
2020-04-03,78.467216
2020-04-06,82.581367
2020-04-07,81.903221
2020-04-08,85.275925
2020-04-09,85.746094
2020-04-13,84.995605
2020-04-14,87.816742
2020-04-15,87.364632
2020-04-16,89.272530
2020-04-17,91.126137
2020-04-20,90.402763
2020-04-21,87.653969
2020-04-22,88.992210
2020-04-23,89.480476
2020-04-24,90.683083
2020-04-27,91.849487
2020-04-28,89.995872
2020-04-29,90.592651
2020-04-30,90.176720
2020-05-01,88.458725
2020-05-04,88.413521
2020-05-05,90.330437
2020-05-06,89.435265
2020-05-07,89.426239
2020-05-08,89.887360
2020-05-11,91.433571
2020-05-12,90.041100
2020-05-13,89.064545
2020-05-14,90.041100
2020-05-15,90.800621
2020-05-18,91.551125
2020-05-19,90.447990
2020-05-20,90.556488
2020-05-21,89.887360
2020-05-22,90.077263
2020-05-26,89.914505
2020-05-27,90.845833
2020-05-28,92.030350
2020-05-29,93.142517
2020-06-01,92.220253
2020-06-02,92.753700
2020-06-03,92.572891
2020-06-04,91.840469
2020-06-05,93.323357
2020-06-08,93.965355
2020-06-09,92.988800
2020-06-10,92.844139
2020-06-11,87.681099
2020-06-12,88.250755
2020-06-15,88.449684
2020-06-16,90.628815
2020-06-17,90.538391
2020-06-18,90.230980
2020-06-19,91.099014
2020-06-22,90.749428
2020-06-23,91.139877
2020-06-24,88.760818
2020-06-25,89.632515
2020-06-26,88.542870
2020-06-29,89.341949
2020-06-30,90.867462
2020-07-01,91.566650
2020-07-02,92.256752
2020-07-06,93.192024
2020-07-07,92.383858
2020-07-08,92.392967
2020-07-09,91.666542
2020-07-10,91.448601
2020-07-13,91.966171
2020-07-14,93.791336
2020-07-15,95.008118
2020-07-16,94.853722
2020-07-17,96.152245
2020-07-20,96.134087
2020-07-21,96.070526
2020-07-22,96.933167
2020-07-23,96.497299
2020-07-24,95.434891
2020-07-27,96.152245
2020-07-28,96.043274
2020-07-29,97.051201
2020-07-30,96.379250
2020-07-31,95.825348
2020-08-03,96.815117
2020-08-04,96.388336
2020-08-05,96.833260
2020-08-06,96.315681
2020-08-07,96.624435
2020-08-10,96.297546
2020-08-11,95.689133
2020-08-12,97.296387
2020-08-13,97.169266
2020-08-14,96.978577
2020-08-17,97.550659
2020-08-18,97.523384
2020-08-19,97.205589
2020-08-20,96.896835
2020-08-21,96.996735
2020-08-24,96.551765
2020-08-25,97.205589
2020-08-26,97.087517
2020-08-27,97.850281
2020-08-28,98.068214
2020-08-31,98.304298
2020-09-01,97.423500
2020-09-02,99.375771
2020-09-03,96.669830
2020-09-04,95.979721
2020-09-08,94.399727
2020-09-09,96.070526
2020-09-10,94.599495
2020-09-11,94.971802
2020-09-14,96.333847
2020-09-15,96.460983
2020-09-16,96.297546
2020-09-17,95.979721
2020-09-18,95.834442
2020-09-21,94.064018
2020-09-22,93.863449
2020-09-23,92.897095
2020-09-24,92.432152
2020-09-25,93.918144
2020-09-28,94.765968
2020-09-29,94.647476
2020-09-30,96.160805
2020-10-01,95.832619
2020-10-02,94.957443
2020-10-05,96.908371
2020-10-06,95.622948
2020-10-07,97.427994
2020-10-08,97.902061
2020-10-09,98.786362
2020-10-12,99.460960
2020-10-13,98.704300
2020-10-14,98.129974
2020-10-15,97.418884
2020-10-16,98.385216
2020-10-19,96.826302
2020-10-20,96.953941
2020-10-21,96.470764
2020-10-22,97.929413
2020-10-23,98.294067
2020-10-26,97.200104
2020-10-27,96.534584
2020-10-28,93.471443
2020-10-29,92.705658
2020-10-30,92.678322
2020-11-02,94.346642
2020-11-03,95.723206
2020-11-04,99.971497
2020-11-05,100.172066
2020-11-06,100.208519
2020-11-09,101.147522
2020-11-10,101.439262
2020-11-11,101.311623
2020-11-12,100.937859
2020-11-13,102.214172
2020-11-16,102.040947
2020-11-17,101.375450
2020-11-18,99.488342
2020-11-19,99.415382
2020-11-20,99.187485
2020-11-23,98.932205
2020-11-24,99.223961
2020-11-25,98.859299
2020-11-27,99.770935
2020-11-30,100.044449
2020-12-01,100.883163
2020-12-02,101.639824
2020-12-03,101.512184
2020-12-04,102.597038
2020-12-07,101.968018
2020-12-08,102.742920
2020-12-09,102.387390
2020-12-10,102.214172
2020-12-11,101.813042
2020-12-14,101.047241
2020-12-15,102.141243
2020-12-16,101.840393
2020-12-17,102.934372
2020-12-18,103.016411
2020-12-21,101.985687
2020-12-22,101.674423
2020-12-23,101.747658
2020-12-24,102.040581
2020-12-28,102.296913
2020-12-29,102.782066
2020-12-30,102.763771
2020-12-31,103.843933
2021-01-04,103.395401
2021-01-05,104.146027
2021-01-06,105.574043
2021-01-07,106.947159
2021-01-08,107.459816
2021-01-11,107.963280
2021-01-12,106.791565
2021-01-13,107.084503
2021-01-14,106.745804
2021-01-15,107.075333
2021-01-19,107.880890
2021-01-20,108.475899
2021-01-21,107.963280
2021-01-22,107.642883
2021-01-25,108.347755
2021-01-26,107.944977
2021-01-27,104.667801
2021-01-28,106.196541
2021-01-29,105.299431
2021-02-01,105.702225
2021-02-02,106.004326
2021-02-03,105.253670
2021-02-04,105.693069
2021-02-05,105.885307
2021-02-08,106.013466
2021-02-09,106.169083
2021-02-10,106.361328
2021-02-11,106.562698
2021-02-12,107.359123
2021-02-16,106.297234
2021-02-17,106.681717
2021-02-18,106.013466
2021-02-19,104.731895
2021-02-22,104.484726
2021-02-23,104.310806
2021-02-24,105.033974
2021-02-25,103.981247
2021-02-26,103.084152
2021-03-01,104.429817
2021-03-02,104.127724
2021-03-03,102.809540
2021-03-04,101.427269
2021-03-05,103.459473
2021-03-08,103.203156
2021-03-09,103.807343
2021-03-10,104.045349
2021-03-11,104.676956
2021-03-12,104.905815
2021-03-15,105.628998
2021-03-16,105.564896
2021-03-17,105.180443
2021-03-18,104.960747
2021-03-19,105.336067
2021-03-22,106.252800
2021-03-23,105.178078
2021-03-24,105.058655
2021-03-25,105.499573
2021-03-26,107.492889
2021-03-29,107.998116
2021-03-30,107.024414
2021-03-31,107.235687
2021-04-01,106.914192
2021-04-05,107.658249
2021-04-06,107.244888
2021-04-07,107.006035
2021-04-08,107.171379
2021-04-09,108.347183
2021-04-12,108.457420
2021-04-13,108.907532
2021-04-14,108.898338
2021-04-15,110.763069
2021-04-16,111.589790
2021-04-19,111.617371
2021-04-20,112.049080
2021-04-21,113.371834
2021-04-22,112.866615
2021-04-23,113.610680
2021-04-26,113.224869
2021-04-27,112.572670
2021-04-28,112.232803
2021-04-29,111.782692
2021-04-30,111.451996
2021-05-03,112.719650
2021-05-04,112.839050
2021-05-05,113.041138
2021-05-06,113.188133
2021-05-07,113.968941
2021-05-10,114.115898
2021-05-11,112.884995
2021-05-12,111.819443
2021-05-13,112.829895
2021-05-14,113.399384
2021-05-17,113.188133
2021-05-18,113.224869
2021-05-19,113.031975
2021-05-20,114.216942
2021-05-21,114.235336
2021-05-24,114.345558
2021-05-25,114.005669
2021-05-26,113.344284
2021-05-27,113.096283
2021-05-28,113.537193
2021-06-01,111.672447
2021-06-02,111.451996
2021-06-03,111.791878
2021-06-04,112.150131
2021-06-07,112.554306
2021-06-08,112.205254
2021-06-09,113.289177
2021-06-10,115.227402
2021-06-11,114.409859
2021-06-14,114.510887
2021-06-15,114.547646
2021-06-16,114.106712
2021-06-17,114.979355
2021-06-18,113.665787
2021-06-21,115.031532
2021-06-22,115.280502
2021-06-23,114.800980
2021-06-24,115.391182
2021-06-25,115.916817
2021-06-28,116.092026
2021-06-29,116.221138
2021-06-30,116.147346
2021-07-01,117.180168
2021-07-02,118.305237
2021-07-06,118.194580
2021-07-07,118.941536
2021-07-08,118.286804
2021-07-09,118.692543
2021-07-12,118.923096
2021-07-13,118.812439
2021-07-14,118.701775
2021-07-15,118.286804
2021-07-16,118.609550
2021-07-19,117.364624
2021-07-20,118.793983
2021-07-21,118.987633
2021-07-22,119.863708
2021-07-23,121.246948
2021-07-26,120.463127
2021-07-27,121.025650
2021-07-28,121.459045
2021-07-29,121.754143
2021-07-30,121.864838
2021-08-02,122.030807
2021-08-03,123.727577
2021-08-04,123.201958
2021-08-05,122.694778
2021-08-06,122.593323
2021-08-09,123.063614
2021-08-10,122.777763
2021-08-11,121.560486
2021-08-12,122.519569
2021-08-13,123.284966
2021-08-16,124.686653
2021-08-17,126.162094
2021-08-18,124.244003
2021-08-19,124.806503
2021-08-20,125.516579
2021-08-23,125.562714
2021-08-24,125.120087
2021-08-25,124.778877
2021-08-26,124.290100
2021-08-27,124.151787
2021-08-30,124.852623
2021-08-31,124.686653
2021-09-01,124.723534
2021-09-02,126.060661
2021-09-03,126.199051
2021-09-07,125.461281
2021-09-08,125.405960
2021-09-09,123.958107
2021-09-10,122.823883
2021-09-13,122.067688
2021-09-14,122.049278
2021-09-15,122.842316
2021-09-16,122.528763
2021-09-17,122.648643
2021-09-20,121.368805
2021-09-21,121.553886
2021-09-22,121.757477
2021-09-23,122.636604
2021-09-24,122.136894
2021-09-27,120.397110
2021-09-28,118.333435
2021-09-29,119.268089
2021-09-30,117.805916
2021-10-01,117.833694
2021-10-04,116.038391
2021-10-05,116.732437
2021-10-06,116.519592
2021-10-07,118.065056
2021-10-08,117.472778
2021-10-11,116.556610
2021-10-12,115.992104
2021-10-13,116.177185
2021-10-14,117.842934
2021-10-15,118.425964
2021-10-18,117.620842
2021-10-19,119.166306
2021-10-20,120.869072
2021-10-21,121.359528
2021-10-22,121.850006
2021-10-25,121.998077
2021-10-26,122.599594
2021-10-27,121.627914
2021-10-28,122.645866
2021-10-29,123.839661
2021-11-01,123.691612
2021-11-02,124.468948
2021-11-03,125.200005
2021-11-04,124.339401
2021-11-05,122.951263
2021-11-08,123.682343
2021-11-09,123.228889
2021-11-10,123.580559
2021-11-11,123.219643
2021-11-12,123.830414
2021-11-15,123.062309
2021-11-16,123.580559
2021-11-17,123.756363
2021-11-18,123.802643
2021-11-19,123.053070
2021-11-22,122.497803
2021-11-23,122.627373
2021-11-24,122.581085
2021-11-26,122.127640
2021-11-29,122.460808
2021-11-30,120.054703
2021-12-01,119.841843
2021-12-02,120.424881
2021-12-03,120.646965
2021-12-06,121.331795
2021-12-07,122.895714
2021-12-08,123.821152
2021-12-09,124.108017
2021-12-10,124.542969
2021-12-13,125.718292
2021-12-14,125.209290
2021-12-15,127.772705
2021-12-16,128.531525
2021-12-17,127.633888
2021-12-20,126.860962
2021-12-21,127.390503
2021-12-22,128.876846
2021-12-23,129.406372
2021-12-27,130.772003
2021-12-28,130.428253
2021-12-29,131.171417
2021-12-30,131.440811
2021-12-31,130.883453
2022-01-03,129.536407
2022-01-04,127.827103
2022-01-05,126.916702
2022-01-06,125.448921
2022-01-07,124.807953
2022-01-10,126.089897
2022-01-11,127.093224
2022-01-12,126.730927
2022-01-13,124.761482
2022-01-14,124.547844
2022-01-18,122.801353
2022-01-19,122.299706
2022-01-20,121.500763
2022-01-21,120.274529
2022-01-24,119.875076
2022-01-25,119.104042
2022-01-26,118.481606
2022-01-27,118.788177
2022-01-28,121.212807
2022-01-31,121.909515
2022-02-01,122.234665
2022-02-02,123.878975
2022-02-03,123.349449
2022-02-04,122.903549
2022-02-07,122.689880
2022-02-08,123.693176
2022-02-09,124.650009
2022-02-10,122.699158
2022-02-11,120.999146
2022-02-14,119.763603
2022-02-15,121.110611
2022-02-16,121.296394
2022-02-17,119.345543
2022-02-18,118.453743
2022-02-22,118.156464
2022-02-23,117.561943
2022-02-24,118.035690
2022-02-25,121.649422
2022-02-28,120.729736
2022-03-01,120.060890
2022-03-02,121.872383
2022-03-03,122.494789
2022-03-04,123.107948
2022-03-07,120.961983
2022-03-08,118.490913
2022-03-09,120.729736
2022-03-10,120.683281
2022-03-11,119.782188
2022-03-14,120.627548
2022-03-15,123.033607
2022-03-16,124.510674
2022-03-17,126.480087
2022-03-18,127.260445
2022-03-21,127.163528
2022-03-22,127.191475
2022-03-23,124.908394
2022-03-24,126.399368
2022-03-25,126.986458
2022-03-28,127.909027
2022-03-29,128.663834
2022-03-30,128.915436
2022-03-31,127.657417
2022-04-01,128.663834
2022-04-04,127.592178
2022-04-05,127.862442
2022-04-06,129.810043
2022-04-07,132.307449
2022-04-08,133.099564
2022-04-11,130.453049
2022-04-12,129.185715
2022-04-13,129.819336
2022-04-14,129.194977
2022-04-18,127.769272
2022-04-19,128.990005
2022-04-20,130.723267
2022-04-21,129.278854
2022-04-22,124.563614
2022-04-25,125.402275
2022-04-26,123.193726
2022-04-27,122.923477
2022-04-28,124.619499
2022-04-29,121.413841
2022-05-02,120.659050
2022-05-03,121.041100
2022-05-04,123.724907
2022-05-05,121.320656
2022-05-06,120.938606
2022-05-09,117.807518
2022-05-10,118.226845
2022-05-11,117.444069
2022-05-12,118.580956
2022-05-13,119.838989
2022-05-16,120.724274
2022-05-17,122.382996
2022-05-18,119.223946
2022-05-19,119.484901
2022-05-20,120.938606
2022-05-23,122.000946
2022-05-24,122.364349
2022-05-25,122.327095
2022-05-26,122.848923
2022-05-27,124.889732
2022-05-31,123.221672
2022-06-01,121.451118
2022-06-02,122.410957
2022-06-03,120.975876
2022-06-06,120.994514
2022-06-07,122.569397
2022-06-08,121.600243
2022-06-09,118.851196
2022-06-10,116.940857
2022-06-13,113.399742
2022-06-14,112.318756
2022-06-15,113.455658
2022-06-16,111.787590
2022-06-17,111.722359
2022-06-21,114.730042
2022-06-22,116.320938
2022-06-23,118.931816
2022-06-24,120.906372
2022-06-27,121.355545
2022-06-28,119.240654
2022-06-29,120.279411
2022-06-30,120.008026
2022-07-01,121.355545
2022-07-05,120.653717
2022-07-06,121.467865
2022-07-07,121.982597
2022-07-08,122.347542
2022-07-11,122.038712
2022-07-12,120.485275
2022-07-13,119.315506
2022-07-14,118.969261
2022-07-15,121.842186
2022-07-18,119.268723
2022-07-19,121.299416
2022-07-20,120.101585
2022-07-21,122.001289
2022-07-22,121.495934
2022-07-25,122.132294
2022-07-26,122.759254
2022-07-27,123.526657
2022-07-28,124.312714
2022-07-29,123.900970
2022-08-01,122.983871
2022-08-02,122.544037
2022-08-03,123.667023
2022-08-04,123.058746
2022-08-05,123.011955
2022-08-08,123.302055
2022-08-09,122.927727
2022-08-10,124.265923
2022-08-11,123.461121
2022-08-12,125.042656
2022-08-15,125.669655
2022-08-16,125.332741
2022-08-17,124.602837
2022-08-18,124.050720
2022-08-19,124.387596
2022-08-22,122.759254
2022-08-23,121.046776
2022-08-24,121.196487
2022-08-25,122.534698
2022-08-26,119.118996
2022-08-29,118.286110
2022-08-30,117.500053
2022-08-31,116.751404
2022-09-01,118.669792
2022-09-02,116.966629
2022-09-06,117.078918
2022-09-07,118.987984
2022-09-08,121.056129
2022-09-09,122.122932
2022-09-12,122.937080
2022-09-13,118.875679
2022-09-14,118.941193
2022-09-15,119.605614
2022-09-16,119.268723
2022-09-19,118.626083
2022-09-20,117.235558
2022-09-21,115.290703
2022-09-22,115.901428
2022-09-23,115.309517
2022-09-26,114.210258
2022-09-27,113.862625
2022-09-28,116.352386
2022-09-29,115.375275
2022-09-30,113.787460
2022-10-03,116.126915
2022-10-04,118.823372
2022-10-05,119.217964
2022-10-06,117.695923
2022-10-07,115.206161
2022-10-10,114.482712
2022-10-11,115.093414
2022-10-12,114.529701
2022-10-13,117.197983
2022-10-14,116.408775
2022-10-17,118.278442
2022-10-18,118.936119
2022-10-19,117.273155
2022-10-20,116.277229
2022-10-21,118.889153
2022-10-24,121.181625
2022-10-25,122.102386
2022-10-26,123.455292
2022-10-27,122.807037
2022-10-28,124.827026
2022-10-31,124.723694
2022-11-01,124.798866
2022-11-02,122.675484
2022-11-03,122.158752
2022-11-04,122.900970
2022-11-07,124.216354
2022-11-08,124.836433
2022-11-09,123.492897
2022-11-10,126.630943
2022-11-11,125.080696
2022-11-14,125.193474
2022-11-15,125.033714
2022-11-16,124.977356
2022-11-17,124.920998
2022-11-18,126.433670
2022-11-21,126.490013
2022-11-22,127.589249
2022-11-23,128.096619
2022-11-25,128.857666
2022-11-28,127.889908
2022-11-29,127.570457
2022-11-30,130.614578
2022-12-01,130.990387
2022-12-02,131.328644
2022-12-05,130.069672
2022-12-06,129.083130
2022-12-07,130.144806
2022-12-08,131.319244
2022-12-09,129.637451
2022-12-12,131.018585
2022-12-13,131.422607
2022-12-14,131.629272
2022-12-15,129.214676
2022-12-16,127.335579
2022-12-19,126.860123
2022-12-20,126.831841
2022-12-21,128.501678
2022-12-22,128.322403
2022-12-23,128.397888
2022-12-27,128.067673
2022-12-28,127.237495
2022-12-29,128.624268
2022-12-30,128.162018
2023-01-03,127.794121
2023-01-04,128.133759
2023-01-05,126.822380
2023-01-06,127.992203
2023-01-09,125.850662
2023-01-10,126.907303
2023-01-11,127.624283
2023-01-12,127.218613
2023-01-13,127.784668
2023-01-17,127.190315
2023-01-18,125.397827
2023-01-19,125.699730
2023-01-20,126.331833
2023-01-23,126.765793
2023-01-24,125.926117
2023-01-25,125.963905
2023-01-26,126.199707
2023-01-27,125.341225
2023-01-30,124.209137
2023-01-31,125.812950
2023-02-01,126.407280
2023-02-02,125.548782
2023-02-03,125.180847
2023-02-06,124.482719
2023-02-07,125.284630
2023-02-08,124.916710
2023-02-09,123.822365
2023-02-10,124.992149
2023-02-13,126.029907
2023-02-14,125.284630
2023-02-15,124.661972
2023-02-16,123.416695
2023-02-17,124.520454
2023-02-21,122.907227
2023-02-22,122.492157
2023-02-23,122.822319
2023-02-24,121.237396
2023-02-27,120.869476
2023-02-28,119.973251
2023-03-01,119.775146
2023-03-02,120.510963
2023-03-03,121.860054
2023-03-06,121.803467
2023-03-07,119.841164
2023-03-08,119.199638
2023-03-09,117.992081
2023-03-10,117.124153
2023-03-13,118.218506
2023-03-14,119.275131
2023-03-15,119.171341
2023-03-16,120.284561
2023-03-17,118.737381
2023-03-20,120.242317
2023-03-21,120.971573
2023-03-22,119.143661
2023-03-23,118.916382
2023-03-24,120.564308
2023-03-27,121.056793
2023-03-28,120.327530
2023-03-29,120.659019
2023-03-30,121.312500
2023-03-31,122.610039
2023-04-03,123.983299
2023-04-04,124.002228
2023-04-05,126.142632
2023-04-06,126.455215
2023-04-10,126.369957
2023-04-11,126.796135
2023-04-12,126.834053
2023-04-13,128.481964
2023-04-14,127.449661
2023-04-17,127.345474
2023-04-18,126.474144
2023-04-19,126.862465
2023-04-20,126.341530
2023-04-21,127.193909
2023-04-24,127.904274
2023-04-25,126.540413
2023-04-26,124.740959
2023-04-27,125.394455
2023-04-28,126.464676
2023-05-01,127.118149
2023-05-02,126.568855
2023-05-03,126.398369
2023-05-04,125.394455
2023-05-05,126.521477
2023-05-08,126.246819
2023-05-09,125.403938
2023-05-10,125.754341
2023-05-11,125.366028
2023-05-12,125.195580
2023-05-15,124.977753
2023-05-16,123.935951
2023-05-17,124.087494
2023-05-18,123.784409
2023-05-19,124.362114
2023-05-22,124.485260
2023-05-23,123.121437
2023-05-24,122.278549
2023-05-25,121.028374
2023-05-26,120.782143
2023-05-30,120.033943
2023-05-31,121.066277
2023-06-01,121.861809
2023-06-02,123.424530
2023-06-05,123.869629
2023-06-06,122.837296
2023-06-07,122.354301
2023-06-08,123.140404
2023-06-09,123.519211
2023-06-12,123.964340
2023-06-13,124.589432
2023-06-14,123.310860
2023-06-15,125.223976
2023-06-16,125.214539
2023-06-20,125.073776
2023-06-21,125.092789
2023-06-22,125.948669
2023-06-23,125.530251
2023-06-26,124.817009
2023-06-27,124.531715
2023-06-28,124.132286
2023-06-29,124.940628
2023-06-30,126.224449
2023-07-03,125.187904
2023-07-05,125.121315
2023-07-06,124.122795
2023-07-07,122.677277
2023-07-10,123.647293
2023-07-11,123.675835
2023-07-12,123.342949
2023-07-13,123.390511
2023-07-14,125.244934
2023-07-17,124.674332
2023-07-18,125.596809
2023-07-19,126.176895
2023-07-20,128.269058
2023-07-21,129.562424
2023-07-24,129.277130
2023-07-25,129.220062
2023-07-26,129.134460
2023-07-27,128.183472
2023-07-28,128.563873
2023-07-31,127.574821
2023-08-01,126.909157
2023-08-02,126.994759
2023-08-03,126.357605
2023-08-04,125.910614
2023-08-07,127.365654
2023-08-08,128.345169
2023-08-09,128.307114
2023-08-10,128.221527
2023-08-11,129.020370
2023-08-14,129.410278
2023-08-15,128.934784
2023-08-16,127.955246
2023-08-17,126.937691
2023-08-18,126.985245
2023-08-21,127.118393
2023-08-22,126.671417
2023-08-23,127.051811
2023-08-24,125.948669
2023-08-25,126.871132
2023-08-28,127.165932
2023-08-29,128.307114
2023-08-30,128.212021
2023-08-31,126.680901
2023-09-01,127.023331
2023-09-05,125.710945
2023-09-06,125.026237
2023-09-07,125.587303
2023-09-08,125.587303
2023-09-11,126.452690
2023-09-12,126.291016
2023-09-13,126.310074
2023-09-14,126.709465
2023-09-15,125.710945
2023-09-18,125.519958
2023-09-19,125.624977
2023-09-20,125.634544
2023-09-21,124.536392
2023-09-22,124.278595
2023-09-25,124.956573
2023-09-26,123.896629
2023-09-27,123.275970
2023-09-28,123.868011
2023-09-29,122.932213
2023-10-02,122.760315
2023-10-03,121.671753
2023-10-04,122.187378
2023-10-05,122.855804
2023-10-06,124.144897
2023-10-09,124.574608
2023-10-10,125.166626
2023-10-11,124.612801
2023-10-12,123.543320
2023-10-13,124.316780
2023-10-16,125.252586
2023-10-17,125.080704
2023-10-18,123.992142
2023-10-19,122.769882
2023-10-20,122.282875
2023-10-23,121.518974
2023-10-24,121.891365
2023-10-25,120.802803
2023-10-26,119.609200
2023-10-27,117.584831
2023-10-30,118.243706
2023-10-31,118.921684
2023-11-01,119.169952
2023-11-02,121.060631
2023-11-03,121.662193
2023-11-06,122.473831
2023-11-07,122.559799
2023-11-08,122.387924
2023-11-09,119.857460
2023-11-10,120.573639
2023-11-13,121.270699
2023-11-14,122.091896
2023-11-15,122.187378
2023-11-16,122.712563
2023-11-17,122.464302
2023-11-20,123.209122
2023-11-21,123.953918
2023-11-22,124.545952
2023-11-24,125.214417
2023-11-27,124.431366
2023-11-28,123.791603
2023-11-29,123.829773
2023-11-30,125.386253
2023-12-01,125.882812
2023-12-04,126.121536
2023-12-05,125.959206
2023-12-06,126.054680
2023-12-07,125.901917
2023-12-08,126.111984
2023-12-11,126.942719
2023-12-12,127.487000
2023-12-13,129.836029
2023-12-14,129.205811
2023-12-15,128.107697
2023-12-18,128.316788
2023-12-19,129.180023
2023-12-20,127.309669
2023-12-21,128.863495
2023-12-22,129.506149
2023-12-26,129.793915
2023-12-27,130.340622
2023-12-28,130.676331
2023-12-29,130.810608
2024-01-02,133.112595
2024-01-03,132.891998
2024-01-04,133.553833
2024-01-05,133.438721
2024-01-08,134.618500
2024-01-09,134.599289
2024-01-10,135.213165
2024-01-11,135.117233
2024-01-12,134.781540
2024-01-16,133.975861
2024-01-17,133.707260
2024-01-18,133.688095
2024-01-19,133.764816
2024-01-22,134.349930
2024-01-23,134.253983
2024-01-24,133.026260
2024-01-25,132.824829
2024-01-26,133.582626
2024-01-29,134.522568
2024-01-30,134.829529
2024-01-31,134.647293
2024-02-01,136.392944
2024-02-02,136.191528
2024-02-05,136.613525
2024-02-06,138.100250
2024-02-07,138.474319
2024-02-08,138.234512
2024-02-09,138.128998
2024-02-12,138.311249
2024-02-13,137.025970
2024-02-14,138.215363
2024-02-15,139.222427
2024-02-16,139.673264
2024-02-20,139.203262
2024-02-21,139.510208
2024-02-22,141.150406
2024-02-23,141.821793
2024-02-26,141.092834
2024-02-27,140.747528
2024-02-28,140.047348
2024-02-29,138.905945
2024-03-01,140.363861
2024-03-04,140.152847
2024-03-05,139.107361
2024-03-06,140.056931
2024-03-07,140.709198
2024-03-08,140.450195
2024-03-11,140.373474
2024-03-12,141.025696
2024-03-13,140.478973
2024-03-14,139.980225
2024-03-15,139.423889
2024-03-18,139.407516
2024-03-19,140.331619
2024-03-20,140.013962
2024-03-21,140.196884
2024-03-22,140.004379
2024-03-25,139.811813
2024-03-26,140.322021
2024-03-27,142.189514
2024-03-28,142.208771
2024-04-01,140.995865
2024-04-02,138.801071
2024-04-03,138.647049
2024-04-04,136.644775
2024-04-05,137.867325
2024-04-08,137.424515
2024-04-09,137.915451
2024-04-10,136.298233
2024-04-11,135.739914
2024-04-12,133.718414
2024-04-15,133.448868
2024-04-16,133.497009
2024-04-17,133.265976
2024-04-18,133.256348
2024-04-19,133.756912
2024-04-22,134.267105
2024-04-23,136.019058
2024-04-24,135.595520
2024-04-25,134.690643
2024-04-26,134.729172
2024-04-29,135.181595
2024-04-30,135.085327
2024-05-01,135.325974
2024-05-02,135.229721
2024-05-03,135.566650
2024-05-06,136.115326
2024-05-07,137.241638
2024-05-08,136.769928
2024-05-09,137.944351
2024-05-10,138.223495
2024-05-13,138.088730
2024-05-14,138.675919
2024-05-15,140.735947
2024-05-16,140.572296
2024-05-17,140.841827
2024-05-20,140.543442
2024-05-21,140.784088
2024-05-22,141.034363
2024-05-23,139.494171
2024-05-24,139.022461
2024-05-28,137.337891
2024-05-29,136.269348
2024-05-30,136.336761
2024-05-31,138.329391
2024-06-03,139.301651
2024-06-04,139.705933
2024-06-05,140.341248
2024-06-06,140.803345
2024-06-07,140.957352
2024-06-10,141.477173
2024-06-11,140.889969
2024-06-12,140.591553
2024-06-13,140.476059
2024-06-14,140.427933
2024-06-17,140.283508
2024-06-18,140.466415
2024-06-20,140.928452
2024-06-21,141.323135
2024-06-24,142.147491
2024-06-25,141.702957
2024-06-26,141.200424
2024-06-27,140.968475
2024-06-28,140.852524
2024-07-01,140.060089
2024-07-02,139.547882
2024-07-03,138.484863
2024-07-05,139.557526
2024-07-08,139.402939
2024-07-09,140.079407
2024-07-10,141.403366
2024-07-11,142.398743
2024-07-12,143.287857
2024-07-15,142.785294
2024-07-16,144.824402
2024-07-17,145.481567
2024-07-18,142.176468
2024-07-19,142.901276
2024-07-22,143.722733
2024-07-23,143.635757
2024-07-24,144.834045
2024-07-25,144.109268
2024-07-26,144.921066
2024-07-29,145.008057
2024-07-30,145.133667
2024-07-31,144.602158
2024-08-01,146.080734
2024-08-02,145.790833
2024-08-05,141.896225
2024-08-06,142.553375
2024-08-07,141.103775
2024-08-08,144.225235
2024-08-09,144.940369
2024-08-12,144.389557
2024-08-13,146.138718
2024-08-14,146.660553
2024-08-15,147.578659
2024-08-16,147.733292
2024-08-19,148.632004
2024-08-20,149.231186
2024-08-21,149.482452
2024-08-22,149.579102
2024-08-23,150.226578
2024-08-26,150.149246
2024-08-27,150.381226
2024-08-28,150.555145
2024-08-29,150.874069
2024-08-30,151.917770
2024-09-03,151.627869
2024-09-04,151.366928
2024-09-05,149.289154
2024-09-06,148.776962
2024-09-09,149.820694
2024-09-10,150.506836
2024-09-11,150.062286
2024-09-12,150.603470
2024-09-13,150.912720
2024-09-16,151.956436
2024-09-17,150.390869
2024-09-18,150.139603
2024-09-19,150.680756
2024-09-20,150.062286
2024-09-23,149.768356
2024-09-24,149.467697
2024-09-25,148.012650
2024-09-26,148.507385
2024-09-27,148.429794
2024-09-30,149.399796
2024-10-01,148.614075
2024-10-02,148.313370
2024-10-03,146.974792
2024-10-04,147.091187
2024-10-07,146.441269
2024-10-08,147.236664
2024-10-09,148.740204
2024-10-10,148.187286
2024-10-11,149.273666
2024-10-14,150.098175
2024-10-15,148.264877
2024-10-16,148.681992
2024-10-17,147.818680
2024-10-18,148.536484
2024-10-21,146.790466
2024-10-22,146.577087
2024-10-23,145.888367
2024-10-24,144.928085
2024-10-25,144.132660
2024-10-28,144.346069
2024-10-29,143.948380
2024-10-30,143.676758
2024-10-31,142.464249
2024-11-01,143.308167
2024-11-04,142.367264
2024-11-05,143.414886
2024-11-06,143.599182
2024-11-07,144.637070
2024-11-08,145.674973
2024-11-11,144.821365
2024-11-12,142.803757
2024-11-13,142.425461
2024-11-14,140.184769
2024-11-15,137.585159
2024-11-18,137.682144
2024-11-19,136.974045
2024-11-20,138.593964
2024-11-21,139.709457
2024-11-22,139.835541
2024-11-25,141.028656
2024-11-26,141.785263
2024-11-27,142.541885
2024-11-29,142.988068
2024-12-02,142.735855
2024-12-03,142.415787
2024-12-04,142.338165
2024-12-05,140.747360
2024-12-06,139.951950
2024-12-09,140.359375
2024-12-10,139.777374
2024-12-11,137.876160
2024-12-12,136.780045
2024-12-13,136.760666
2024-12-16,135.131058
2024-12-17,135.034058
2024-12-18,133.200760
2024-12-19,132.191940
2024-12-20,133.860352
2024-12-23,135.197205
2024-12-24,135.752625
2024-12-26,136.025467
2024-12-27,135.392090
2024-12-30,133.725876
2024-12-31,134.047455
2025-01-02,134.086395
2025-01-03,135.401840
2025-01-06,135.460297
2025-01-07,136.132645
2025-01-08,136.834198
2025-01-10,136.064423
2025-01-13,137.837830
2025-01-14,136.415207
2025-01-15,136.970627
2025-01-16,137.516266
2025-01-17,136.590591
2025-01-21,138.851196
2025-01-22,138.539352
2025-01-23,140.390732
2025-01-24,140.614853
2025-01-27,143.771881
2025-01-28,142.768265
2025-01-29,141.930298
2025-01-30,143.567261
2025-01-31,143.109283
2025-02-03,143.664703
2025-02-04,143.274933
2025-02-05,144.648834
2025-02-06,143.352890
2025-02-07,142.680557
2025-02-10,142.553879
2025-02-11,142.290787
2025-02-12,142.086197
2025-02-13,142.641571
2025-02-14,141.092300
2025-02-18,140.819473
2025-02-19,142.651321
2025-02-20,143.450317
2025-02-21,142.680557
2025-02-24,143.840073
2025-02-25,145.077576
2025-02-26,144.034973
2025-02-27,143.450317
2025-02-28,145.116547
2025-03-03,145.749893
2025-03-04,144.395508
2025-03-05,145.847336
2025-03-06,145.447845
2025-03-07,145.457581
2025-03-10,143.888809
2025-03-11,142.320038
2025-03-12,140.897430
2025-03-13,140.147141
2025-03-14,141.218964
2025-03-17,143.011841
2025-03-18,143.080063
2025-03-19,143.158005
2025-03-20,143.245682
2025-03-21,142.846207
2025-03-24,143.936859
2025-03-25,142.097900
2025-03-26,141.579468
2025-03-27,141.804474
2025-03-28,141.364288
2025-03-31,142.821777
2025-04-01,140.210052
2025-04-02,141.149094
2025-04-03,140.004639
2025-04-04,132.326050
2025-04-07,131.533752
2025-04-08,130.076263
2025-04-09,135.730057
2025-04-10,131.944565
2025-04-11,133.881332
2025-04-14,135.514877
2025-04-15,134.683426
2025-04-16,133.313980
2025-04-17,132.531464
2025-04-21,129.675247
2025-04-22,132.110855
2025-04-23,132.766235
2025-04-24,134.389969
2025-04-25,135.035568
2025-04-28,135.573563
2025-04-29,136.238708
2025-04-30,137.402725
2025-05-01,133.656357
2025-05-02,135.505096
2025-05-05,135.123596
2025-05-06,131.396820
2025-05-07,132.404312
2025-05-08,131.210953
2025-05-09,129.782806
2025-05-12,132.991211
2025-05-13,128.990494
2025-05-14,125.958214
2025-05-15,127.611320
2025-05-16,130.183868
2025-05-19,131.435913
2025-05-20,131.758713
2025-05-21,128.706833
2025-05-22,127.699356
2025-05-23,127.493912
2025-05-27,129.274185
2025-05-28,128.609039
2025-05-29,129.469818
2025-05-30,129.743698
2025-06-02,129.821960
2025-06-03,130.125183
2025-06-04,130.379486
2025-06-05,130.203430
2025-06-06,131.445694
2025-06-09,131.220718
2025-06-10,132.717300
2025-06-11,132.785782
2025-06-12,133.822632
2025-06-13,133.157486
2025-06-16,132.746674
2025-06-17,130.555573
2025-06-18,130.330612
2025-06-20,129.704575
2025-06-23,129.891312
2025-06-24,131.483505
2025-06-25,131.601440
2025-06-26,131.915970
2025-06-27,131.630920
2025-06-30,132.476166
2025-07-01,134.363205
2025-07-02,133.036377
2025-07-03,133.173981
2025-07-07,132.053543
2025-07-08,132.653076
2025-07-09,133.164154
2025-07-10,133.979919
2025-07-11,132.869293
2025-07-14,132.712051
2025-07-15,130.323776
2025-07-16,131.945435
2025-07-17,130.441696
2025-07-18,129.576797
2025-07-21,128.839676
2025-07-22,131.237793
2025-07-23,133.930771
2025-07-24,133.429504
2025-07-25,134.137131
2025-07-28,132.967575
2025-07-29,132.122345
2025-07-30,131.886475
2025-07-31,128.190994
2025-08-01,128.879013
2025-08-04,130.726730
2025-08-05,130.225479
2025-08-06,128.269623
2025-08-07,126.795380
2025-08-08,127.925659
2025-08-11,128.053406
2025-08-12,128.937973
2025-08-13,131.001907
2025-08-14,131.660431
2025-08-15,133.871796
2025-08-18,133.557297
2025-08-19,134.412338
2025-08-20,135.139648
2025-08-21,134.687546
2025-08-22,135.798141
2025-08-25,133.861969
2025-08-26,134.697372
2025-08-27,134.618744
2025-08-28,134.088013
2025-08-29,135.070847
2025-09-02,135.198608
2025-09-03,134.559799
2025-09-04,135.070847
2025-09-05,135.532776
2025-09-08,135.483643
2025-09-09,136.210938
2025-09-10,134.972565
2025-09-11,137.321533
2025-09-12,135.739182
2025-09-15,134.579422
2025-09-16,134.579422
2025-09-17,134.844788
2025-09-18,135.110153
2025-09-19,134.933243
2025-09-22,134.898697
2025-09-23,135.204773
2025-09-24,134.661728
2025-09-25,132.430389
2025-09-26,133.783020
2025-09-29,134.177933
2025-09-30,137.406509
2025-10-01,141.652039
2025-10-02,141.375565
2025-10-03,142.984924
2025-10-06,142.293793
2025-10-07,142.402390
2025-10-08,142.678848
2025-10-09,142.362900
2025-10-10,140.309265
2025-10-13,140.151276
2025-10-14,140.536331
2025-10-15,140.753555
2025-10-16,140.516617
2025-10-17,141.454559
2025-10-20,142.955292
2025-10-21,143.290985
2025-10-22,144.110474
2025-10-23,144.189438
2025-10-24,144.179581
2025-10-27,144.515259
2025-10-28,143.606934
2025-10-29,142.155548
2025-10-30,142.471512
2025-10-31,142.422134
2025-11-03,142.619598
2025-11-04,143.261383
2025-11-05,143.814285
2025-11-06,144.090729
2025-11-07,144.288208
2025-11-10,145.413727
2025-11-11,148.770660
2025-11-12,150.883560
2025-11-13,150.804565
2025-11-14,149.906097
2025-11-17,149.777756
2025-11-18,150.656448
2025-11-19,150.399750
2025-11-20,149.501282
2025-11-21,152.650848
2025-11-24,153.292633
2025-11-25,156.758148
2025-11-26,156.412582
2025-11-28,155.652328
2025-12-01,153.322235
2025-12-02,152.404037
2025-12-03,153.114899
2025-12-04,151.949844
2025-12-05,151.317978
2025-12-08,149.511139
2025-12-09,148.059784
2025-12-10,150.212173
2025-12-11,151.633911
2025-12-12,152.107834
2025-12-15,154.121979
2025-12-16,152.117722
2025-12-17,151.841248
2025-12-18,151.959747
2025-12-19,152.976685
2025-12-22,153.985077
2025-12-23,153.677704
2025-12-24,154.480835
2025-12-26,154.728729
2025-12-29,154.490753
2025-12-30,154.361847
2025-12-31,153.489304
2026-01-02,154.193283
2026-01-05,153.727249
2026-01-06,156.751450
2026-01-07,158.308151
2026-01-08,156.781189
2026-01-09,155.978043
2026-01-12,156.047455
2026-01-13,155.412872
2026-01-14,156.523392
2026-01-15,155.631027
2026-01-16,154.421341
2026-01-20,154.084213
2026-01-21,156.919998
2026-01-22,156.949738
2026-01-23,156.146606
2026-01-26,156.761368
2026-01-27,154.133789
2026-01-28,153.003433
2026-01-29,152.517593
2026-01-30,153.429825
2026-02-02,154.371765
2026-02-03,152.795242
2026-02-04,154.708893
2026-02-05,153.528961
2026-02-06,156.374664
2026-02-09,154.996445
2026-02-10,154.014816
2026-02-11,154.927017
2026-02-12,154.679138
2026-02-13,156.335007
2026-02-17,156.037537
2026-02-18,156.335007
2026-02-19,155.928467
2026-02-20,155.492203
2026-02-23,157.197632
2026-02-24,156.533295
2026-02-25,156.493652
2026-02-26,156.087128
2026-02-27,158.843582
2026-03-02,157.187714
2026-03-03,155.412872
2026-03-04,155.720261
2026-03-05,152.606842
2026-03-06,151.407089
2026-03-09,152.953873
2026-03-10,151.853256
2026-03-11,151.555832
2026-03-12,148.888596
2026-03-13,148.521713
2026-03-16,149.731384
2026-03-17,148.372986
2026-03-18,145.894165
2026-03-19,145.368637
2026-03-20,144.099487
2026-03-23,144.134338
2026-03-24,144.154236
2026-03-25,145.597885
2026-03-26,145.100082
2026-03-27,142.630951
2026-03-30,143.188507
2026-03-31,145.966248
2026-04-01,147.081329
2026-04-02,146.165375
2026-04-06,145.637695
2026-04-07,145.926437
2026-04-08,149.012817
2026-04-09,148.674316
2026-04-10,146.663177
2026-04-13,147.320282
2026-04-14,148.176498
2026-04-15,147.121155
2026-04-16,145.966248
2026-04-17,148.146637
2026-04-20,146.772690
2026-04-21,145.279282
2026-04-22,145.737259
2026-04-23,145.597885
2026-04-24,143.546921
2026-04-27,142.830093
2026-04-28,143.208405
2026-04-29,142.212799
2026-04-30,145.348984
2026-05-01,144.522629
2026-05-04,144.094498
2026-05-05,144.662003
2026-05-06,144.761551
2026-05-07,144.084549
2026-05-08,142.859955
2026-05-11,142.411926
2026-05-12,145.209595
2026-05-13,146.065811
2026-05-14,145.986160
2026-05-15,144.462891
2026-05-18,145.080154
2026-05-19,146.673141
2026-05-20,146.483978
2026-05-21,147.499481
2026-05-22,149.231842
2026-05-26,147.857910
2026-05-27,148.136673
2026-05-28,150.217514
2026-05-29,148.813690
2026-06-01,147.190842
2026-06-02,145.757172
2026-06-03,146.902130
2026-06-04,151.412231
2026-06-05,152.338150
2026-06-08,151.979721
2026-06-09,153.891312
2026-06-10,152.178864
2026-06-11,153.413406
2026-06-12,153.134628
2026-06-15,152.218674
2026-06-16,152.268463
2026-06-17,150.048248
2026-06-18,148.743988
2026-06-22,150.059998
2026-06-23,152.179993
2026-06-24,153.350006
2026-06-25,155.630005
2026-06-26,160.339996
2026-06-29,160.740005
2026-06-30,158.660004
2026-07-01,159.539993
2026-07-02,163.740005
2026-07-06,161.960007
2026-07-07,164.440002
2026-07-08,162.300003
2026-07-09,162.169998
2026-07-10,160.839996
2026-07-13,161.410004
2026-07-14,158.289993
2026-07-15,158.289993
2026-07-16,161.800003
2026-07-17,161.089996
2026-07-20,159.835007
2026-07-21,160.250000
2026-07-22,159.429993
2026-07-23,161.440002
2026-07-24,162.570007
2026-07-27,163.399994
