date,value
1998-12-22,5.695556
1998-12-23,5.814133
1998-12-24,5.783533
1998-12-28,5.752931
1998-12-29,5.810307
1998-12-30,5.722329
1998-12-31,5.714679
1999-01-04,5.710855
1999-01-05,5.680254
1999-01-06,5.867682
1999-01-07,5.840907
1999-01-08,5.867682
1999-01-11,5.756752
1999-01-12,5.668779
1999-01-13,5.584627
1999-01-14,5.477525
1999-01-15,5.561675
1999-01-19,5.561675
1999-01-20,5.515775
1999-01-21,5.561675
1999-01-22,5.531077
1999-01-25,5.523426
1999-01-26,5.469874
1999-01-27,5.370422
1999-01-28,5.339820
1999-01-29,5.339820
1999-02-01,5.286268
1999-02-02,5.293921
1999-02-03,5.416322
1999-02-04,5.446925
1999-02-05,5.599926
1999-02-08,5.676430
1999-02-09,5.569328
1999-02-10,5.584627
1999-02-11,5.538723
1999-02-12,5.423972
1999-02-16,5.385722
1999-02-17,5.332172
1999-02-18,5.347471
1999-02-19,5.316870
1999-02-22,5.370422
1999-02-23,5.324520
1999-02-24,5.301569
1999-02-25,5.328347
1999-02-26,5.293921
1999-03-01,5.240369
1999-03-02,5.186817
1999-03-03,5.301569
1999-03-04,5.492827
1999-03-05,5.596104
1999-03-08,5.676430
1999-03-09,5.615228
1999-03-10,5.936535
1999-03-11,6.020686
1999-03-12,5.997737
1999-03-15,5.951838
1999-03-16,5.921235
1999-03-17,6.074236
1999-03-18,6.150741
1999-03-19,6.088397
1999-03-22,6.126788
1999-03-23,6.019299
1999-03-24,5.988588
1999-03-25,6.003942
1999-03-26,6.080721
1999-03-29,6.249626
1999-03-30,6.134460
1999-03-31,6.042330
1999-04-01,6.034655
1999-04-05,6.180530
1999-04-06,6.119108
1999-04-07,6.057685
1999-04-08,6.119108
1999-04-09,6.234272
1999-04-12,6.280339
1999-04-13,6.272660
1999-04-14,6.195882
1999-04-15,6.464601
1999-04-16,6.668062
1999-04-19,6.748676
1999-04-20,6.641193
1999-04-21,6.541379
1999-04-22,6.656546
1999-04-23,6.572090
1999-04-26,6.426215
1999-04-27,6.629676
1999-04-28,6.848484
1999-04-29,7.055784
1999-04-30,6.936780
1999-05-03,7.109526
1999-05-04,7.117208
1999-05-05,7.013557
1999-05-06,6.994362
1999-05-07,7.036589
1999-05-10,6.955971
1999-05-11,6.979007
1999-05-12,6.848484
1999-05-13,6.883037
1999-05-14,6.833131
1999-05-17,6.806261
1999-05-18,6.648866
1999-05-19,6.741001
1999-05-20,6.817778
1999-05-21,6.925262
1999-05-24,6.760194
1999-05-25,6.733323
1999-05-26,6.925262
1999-05-27,6.717965
1999-05-28,6.787066
1999-06-01,6.748676
1999-06-02,6.825454
1999-06-03,6.848484
1999-06-04,6.955971
1999-06-07,7.036589
1999-06-08,6.925262
1999-06-09,6.940616
1999-06-10,6.979007
1999-06-11,7.032753
1999-06-14,7.094173
1999-06-15,7.182464
1999-06-16,7.109526
1999-06-17,7.117208
1999-06-18,7.130107
1999-06-21,6.964202
1999-06-22,6.890896
1999-06-23,6.944911
1999-06-24,6.829163
1999-06-25,6.775146
1999-06-28,6.732705
1999-06-29,6.825302
1999-06-30,6.925621
1999-07-01,6.979633
1999-07-02,7.002784
1999-07-06,7.133965
1999-07-07,7.114673
1999-07-08,7.160973
1999-07-09,7.157111
1999-07-12,7.230422
1999-07-13,7.160973
1999-07-14,7.172547
1999-07-15,7.238140
1999-07-16,7.191840
1999-07-19,7.164834
1999-07-20,6.975777
1999-07-21,7.052941
1999-07-22,6.948770
1999-07-23,6.983494
1999-07-26,6.852314
1999-07-27,6.852314
1999-07-28,6.952629
1999-07-29,6.910184
1999-07-30,7.056800
1999-08-02,6.902471
1999-08-03,6.991206
1999-08-04,7.087668
1999-08-05,7.211129
1999-08-06,7.199558
1999-08-09,7.373181
1999-08-10,7.330738
1999-08-11,7.377038
1999-08-12,7.392468
1999-08-13,7.369320
1999-08-16,7.296016
1999-08-17,7.350031
1999-08-18,7.296016
1999-08-19,7.346173
1999-08-20,7.369320
1999-08-23,7.407903
1999-08-24,7.361604
1999-08-25,7.326880
1999-08-26,7.137824
1999-08-27,7.133965
1999-08-30,7.037508
1999-08-31,7.133965
1999-09-01,7.114673
1999-09-02,7.037508
1999-09-03,7.122391
1999-09-07,7.253574
1999-09-08,7.276723
1999-09-09,7.438769
1999-09-10,7.415617
1999-09-13,7.299874
1999-09-14,7.218846
1999-09-15,7.114673
1999-09-16,7.110815
1999-09-17,7.177944
1999-09-20,7.069423
1999-09-21,6.836876
1999-09-22,6.844628
1999-09-23,6.767110
1999-09-24,6.697351
1999-09-27,6.759359
1999-09-28,6.650837
1999-09-29,6.739982
1999-09-30,6.805869
1999-10-01,6.782616
1999-10-04,6.705097
1999-10-05,6.557817
1999-10-06,6.674091
1999-10-07,6.550067
1999-10-08,6.476429
1999-10-11,6.573320
1999-10-12,6.608207
1999-10-13,6.650837
1999-10-14,6.627584
1999-10-15,6.530694
1999-10-18,6.542314
1999-10-19,6.561699
1999-10-20,6.697351
1999-10-21,6.728355
1999-10-22,6.840756
1999-10-25,6.728355
1999-10-26,6.573320
1999-10-27,6.627584
1999-10-28,6.658589
1999-10-29,6.705097
1999-11-01,6.701223
1999-11-02,6.639213
1999-11-03,6.604331
1999-11-04,6.499684
1999-11-05,6.340775
1999-11-08,6.581074
1999-11-09,6.720602
1999-11-10,6.867885
1999-11-11,6.867885
1999-11-12,6.914391
1999-11-15,6.953149
1999-11-16,7.069423
1999-11-17,7.193447
1999-11-18,7.193447
1999-11-19,7.030665
1999-11-22,6.918269
1999-11-23,6.774865
1999-11-24,6.860128
1999-11-26,6.759359
1999-11-29,6.705097
1999-11-30,6.693474
1999-12-01,6.825251
1999-12-02,6.759359
1999-12-03,6.728355
1999-12-06,6.724476
1999-12-07,6.596579
1999-12-08,6.666342
1999-12-09,6.720602
1999-12-10,6.526812
1999-12-13,6.565572
1999-12-14,6.550067
1999-12-15,6.681847
1999-12-16,6.747735
1999-12-17,6.717105
1999-12-20,6.569387
1999-12-21,6.588823
1999-12-22,6.553838
1999-12-23,6.740421
1999-12-27,6.693777
1999-12-28,6.701550
1999-12-29,6.771523
1999-12-30,6.717105
1999-12-31,6.740421
2000-01-03,6.608261
2000-01-04,6.483872
2000-01-05,6.654904
2000-01-06,6.911462
2000-01-07,6.985319
2000-01-10,6.927013
2000-01-11,6.934786
2000-01-12,6.903687
2000-01-13,7.024193
2000-01-14,6.981434
2000-01-18,7.066950
2000-01-19,7.043629
2000-01-20,7.043629
2000-01-21,7.237988
2000-01-24,6.981434
2000-01-25,6.965884
2000-01-26,6.857042
2000-01-27,6.717105
2000-01-28,6.639358
2000-01-31,6.794847
2000-02-01,6.779294
2000-02-02,6.822055
2000-02-03,6.740421
2000-02-04,6.546062
2000-02-07,6.619920
2000-02-08,6.561610
2000-02-09,6.343928
2000-02-10,6.476093
2000-02-11,6.398348
2000-02-14,6.499417
2000-02-15,6.771523
2000-02-16,6.802620
2000-02-17,6.794847
2000-02-18,6.596599
2000-02-22,6.538292
2000-02-23,6.367252
2000-02-24,6.297282
2000-02-25,6.172890
2000-02-28,6.359477
2000-02-29,6.507196
2000-03-01,6.670454
2000-03-02,6.794847
2000-03-03,6.686006
2000-03-06,6.647133
2000-03-07,7.105822
2000-03-08,6.989207
2000-03-09,6.996982
2000-03-10,6.903687
2000-03-13,6.802620
2000-03-14,6.888138
2000-03-15,6.857042
2000-03-16,7.152470
2000-03-17,6.934617
2000-03-20,6.825411
2000-03-21,7.043825
2000-03-22,6.989223
2000-03-23,6.981419
2000-03-24,6.997021
2000-03-27,7.020424
2000-03-28,6.989223
2000-03-29,7.355838
2000-03-30,7.355838
2000-03-31,7.316844
2000-04-03,7.441648
2000-04-04,7.348044
2000-04-05,7.129629
2000-04-06,7.316844
2000-04-07,7.203734
2000-04-10,7.098427
2000-04-11,7.223235
2000-04-12,7.285635
2000-04-13,7.270041
2000-04-14,7.114029
2000-04-17,6.942420
2000-04-18,6.977522
2000-04-19,7.129629
2000-04-20,7.141334
2000-04-24,7.219337
2000-04-25,7.231032
2000-04-26,7.324642
2000-04-27,7.426049
2000-04-28,7.207635
2000-05-01,7.324642
2000-05-02,7.429946
2000-05-03,7.238838
2000-05-04,7.426049
2000-05-05,7.504052
2000-05-08,7.597659
2000-05-09,7.601559
2000-05-10,7.624960
2000-05-11,7.862875
2000-05-12,7.890179
2000-05-15,8.053987
2000-05-16,7.897974
2000-05-17,7.936976
2000-05-18,7.925274
2000-05-19,7.940875
2000-05-22,7.874573
2000-05-23,7.843369
2000-05-24,7.851173
2000-05-25,7.706866
2000-05-26,7.710766
2000-05-30,7.819972
2000-05-31,8.053987
2000-06-01,7.979880
2000-06-02,7.706866
2000-06-05,7.597659
2000-06-06,7.894074
2000-06-07,7.792671
2000-06-08,7.831674
2000-06-09,7.780969
2000-06-12,7.956481
2000-06-13,7.956481
2000-06-14,7.944777
2000-06-15,7.831674
2000-06-16,7.963602
2000-06-19,7.896981
2000-06-20,7.853871
2000-06-21,7.994956
2000-06-22,7.783327
2000-06-23,7.881307
2000-06-26,7.818594
2000-06-27,7.763731
2000-06-28,7.697106
2000-06-29,7.712784
2000-06-30,7.610886
2000-07-03,7.657917
2000-07-05,7.340466
2000-07-06,7.414928
2000-07-07,7.450203
2000-07-10,7.485479
2000-07-11,7.751974
2000-07-12,7.650076
2000-07-13,7.532501
2000-07-14,7.524667
2000-07-17,7.426690
2000-07-18,7.493314
2000-07-19,7.473716
2000-07-20,7.399258
2000-07-21,7.258168
2000-07-24,7.183702
2000-07-25,7.117078
2000-07-26,7.175868
2000-07-27,7.422771
2000-07-28,7.367903
2000-07-31,7.320873
2000-08-01,7.458041
2000-08-02,7.599130
2000-08-03,7.493314
2000-08-04,7.524667
2000-08-07,7.622647
2000-08-08,7.638321
2000-08-09,7.775487
2000-08-10,7.846031
2000-08-11,7.838192
2000-08-14,7.947927
2000-08-15,7.916577
2000-08-16,8.026308
2000-08-17,8.214427
2000-08-18,8.120368
2000-08-21,8.151721
2000-08-22,8.128205
2000-08-23,8.339836
2000-08-24,8.159560
2000-08-25,8.183075
2000-08-28,8.214427
2000-08-29,8.222265
2000-08-30,8.151721
2000-08-31,8.120368
2000-09-01,8.202670
2000-09-05,8.202670
2000-09-06,8.382948
2000-09-07,8.343753
2000-09-08,8.245778
2000-09-11,8.508357
2000-09-12,8.496607
2000-09-13,8.355512
2000-09-14,8.331998
2000-09-15,8.549084
2000-09-18,8.564821
2000-09-19,8.336533
2000-09-20,8.171219
2000-09-21,8.108246
2000-09-22,8.057074
2000-09-25,7.935061
2000-09-26,8.123990
2000-09-27,8.277490
2000-09-28,8.246002
2000-09-29,8.253879
2000-10-02,8.423127
2000-10-03,8.419189
2000-10-04,8.171219
2000-10-05,8.159413
2000-10-06,8.123990
2000-10-09,8.249944
2000-10-10,8.434937
2000-10-11,8.513656
2000-10-12,8.643542
2000-10-13,8.312920
2000-10-16,8.234193
2000-10-17,8.238133
2000-10-18,8.127922
2000-10-19,8.167283
2000-10-20,8.328664
2000-10-23,8.194840
2000-10-24,8.057074
2000-10-25,7.860272
2000-10-26,7.895695
2000-10-27,7.840591
2000-10-30,7.974418
2000-10-31,8.029521
2000-11-01,8.289303
2000-11-02,7.998030
2000-11-03,7.966544
2000-11-06,7.998030
2000-11-07,8.061009
2000-11-08,8.139731
2000-11-09,8.053138
2000-11-10,8.076752
2000-11-13,8.013781
2000-11-14,8.061009
2000-11-15,8.218453
2000-11-16,8.249944
2000-11-17,8.183028
2000-11-20,8.143666
2000-11-21,8.328664
2000-11-22,8.194840
2000-11-24,8.312920
2000-11-27,8.246002
2000-11-28,8.238133
2000-11-29,7.876021
2000-11-30,7.608368
2000-12-01,7.777617
2000-12-04,7.911443
2000-12-05,7.746128
2000-12-06,7.683151
2000-12-07,7.809104
2000-12-08,7.805169
2000-12-11,7.828783
2000-12-12,7.919314
2000-12-13,7.935061
2000-12-14,7.691025
2000-12-15,7.781129
2000-12-18,8.021943
2000-12-19,8.160122
2000-12-20,7.919304
2000-12-21,7.978519
2000-12-22,8.085109
2000-12-26,8.424618
2000-12-27,8.416727
2000-12-28,8.554896
2000-12-29,8.385148
2001-01-02,8.404880
2001-01-03,8.148273
2001-01-04,7.895617
2001-01-05,8.065370
2001-01-08,8.037738
2001-01-09,7.875876
2001-01-10,7.927197
2001-01-11,8.014050
2001-01-12,7.962729
2001-01-16,7.958779
2001-01-17,7.919304
2001-01-18,7.769287
2001-01-19,7.733754
2001-01-22,7.816659
2001-01-23,7.939039
2001-01-24,7.931142
2001-01-25,8.168016
2001-01-26,8.029841
2001-01-29,7.963833
2001-01-30,8.032048
2001-01-31,8.117956
2001-02-01,8.014363
2001-02-02,8.148273
2001-02-05,8.312505
2001-02-06,8.365562
2001-02-07,8.388299
2001-02-08,8.433783
2001-02-09,8.570214
2001-02-12,8.456515
2001-02-13,8.438834
2001-02-14,8.378198
2001-02-15,8.269551
2001-02-16,8.342820
2001-02-20,8.294819
2001-02-21,8.239228
2001-02-22,8.198806
2001-02-23,8.095214
2001-02-26,8.183651
2001-02-27,8.133112
2001-02-28,8.019419
2001-03-01,8.110376
2001-03-02,8.294819
2001-03-05,8.340293
2001-03-06,8.383247
2001-03-07,8.562633
2001-03-08,8.648540
2001-03-09,8.608112
2001-03-12,8.322611
2001-03-13,8.224071
2001-03-14,8.100273
2001-03-15,8.105323
2001-03-16,7.970247
2001-03-19,8.071618
2001-03-20,8.142575
2001-03-21,7.909421
2001-03-22,7.676271
2001-03-23,7.737093
2001-03-26,7.838462
2001-03-27,7.881549
2001-03-28,7.767510
2001-03-29,7.602779
2001-03-30,7.780177
2001-04-02,7.635722
2001-04-03,7.425381
2001-04-04,7.557161
2001-04-05,7.754831
2001-04-06,7.764972
2001-04-09,7.947438
2001-04-10,8.084286
2001-04-11,7.939833
2001-04-12,8.023466
2001-04-16,8.180590
2001-04-17,8.223674
2001-04-18,8.180590
2001-04-19,8.038671
2001-04-20,8.124842
2001-04-23,8.340250
2001-04-24,8.355456
2001-04-25,8.474562
2001-04-26,8.641827
2001-04-27,8.583537
2001-04-30,8.583537
2001-05-01,8.527785
2001-05-02,8.195794
2001-05-03,8.155243
2001-05-04,8.284492
2001-05-07,8.307302
2001-05-08,8.299699
2001-05-09,8.446684
2001-05-10,8.385862
2001-05-11,8.304769
2001-05-14,8.434016
2001-05-15,8.510044
2001-05-16,8.580998
2001-05-17,8.608882
2001-05-18,8.788811
2001-05-21,8.768538
2001-05-22,8.679835
2001-05-23,8.548057
2001-05-24,8.532852
2001-05-25,8.459360
2001-05-29,8.446684
2001-05-30,8.413738
2001-05-31,8.502441
2001-06-01,8.464425
2001-06-04,8.578466
2001-06-05,8.603813
2001-06-06,8.385862
2001-06-07,8.287026
2001-06-08,8.309835
2001-06-11,8.332644
2001-06-12,8.396000
2001-06-13,8.355456
2001-06-14,8.185658
2001-06-15,8.247020
2001-06-18,8.155357
2001-06-19,8.147718
2001-06-20,7.994952
2001-06-21,7.875282
2001-06-22,8.028053
2001-06-25,7.933839
2001-06-26,7.982219
2001-06-27,7.791260
2001-06-28,7.625757
2001-06-29,7.727598
2001-07-02,7.707231
2001-07-03,7.697051
2001-07-05,7.765796
2001-07-06,7.737785
2001-07-09,7.628304
2001-07-10,7.638486
2001-07-11,7.536641
2001-07-12,7.526455
2001-07-13,7.554463
2001-07-16,7.429703
2001-07-17,7.396602
2001-07-18,7.317671
2001-07-19,7.394057
2001-07-20,7.551915
2001-07-23,7.465351
2001-07-24,7.197999
2001-07-25,7.531550
2001-07-26,7.684322
2001-07-27,7.719959
2001-07-30,7.727598
2001-07-31,7.638486
2001-08-01,7.610482
2001-08-02,7.605386
2001-08-03,7.490810
2001-08-06,7.480626
2001-08-07,7.480626
2001-08-08,7.327858
2001-08-09,7.371141
2001-08-10,7.378776
2001-08-13,7.414426
2001-08-14,7.455162
2001-08-15,7.567192
2001-08-16,7.523912
2001-08-17,7.467896
2001-08-20,7.414426
2001-08-21,7.409334
2001-08-22,7.414426
2001-08-23,7.480626
2001-08-24,7.541734
2001-08-27,7.531550
2001-08-28,7.452618
2001-08-29,7.422060
2001-08-30,7.315124
2001-08-31,7.315124
2001-09-04,7.358409
2001-09-05,7.383871
2001-09-06,7.332945
2001-09-07,7.327858
2001-09-10,7.350772
2001-09-17,7.200548
2001-09-18,6.851722
2001-09-19,6.604745
2001-09-20,6.418876
2001-09-21,6.421692
2001-09-24,6.252698
2001-09-25,6.183567
2001-09-26,6.140040
2001-09-27,6.383281
2001-09-28,6.611166
2001-10-01,6.518988
2001-10-02,6.662378
2001-10-03,6.754555
2001-10-04,6.913303
2001-10-05,6.964517
2001-10-08,6.977315
2001-10-09,6.990115
2001-10-10,7.299940
2001-10-11,7.297380
2001-10-12,7.248725
2001-10-15,7.115585
2001-10-16,7.200081
2001-10-17,7.164231
2001-10-18,6.874894
2001-10-19,6.900506
2001-10-22,6.984999
2001-10-23,6.959394
2001-10-24,6.862096
2001-10-25,7.036204
2001-10-26,7.171912
2001-10-29,7.105340
2001-10-30,6.867213
2001-10-31,6.877460
2001-11-01,6.982436
2001-11-02,6.792961
2001-11-05,6.751996
2001-11-06,6.711026
2001-11-07,6.739192
2001-11-08,6.869774
2001-11-09,7.002920
2001-11-12,6.984999
2001-11-13,7.041329
2001-11-14,6.698223
2001-11-15,6.360239
2001-11-16,6.478019
2001-11-19,6.462657
2001-11-20,6.700785
2001-11-21,6.613726
2001-11-23,6.675180
2001-11-26,6.565080
2001-11-27,6.570200
2001-11-28,6.416571
2001-11-29,6.526670
2001-11-30,6.493387
2001-12-03,6.580443
2001-12-04,6.672620
2001-12-05,6.810886
2001-12-06,6.608605
2001-12-07,6.652132
2001-12-10,6.559961
2001-12-11,6.452418
2001-12-12,6.467782
2001-12-13,6.362803
2001-12-14,6.426813
2001-12-17,6.411452
2001-12-18,6.495948
2001-12-19,6.644452
2001-12-20,6.613726
2001-12-21,6.658979
2001-12-24,6.769535
2001-12-26,6.887798
2001-12-27,6.910937
2001-12-28,6.941789
2001-12-31,6.864662
2002-01-02,6.813241
2002-01-03,6.772106
2002-01-04,6.802957
2002-01-07,6.800384
2002-01-08,6.741251
2002-01-09,6.748962
2002-01-10,6.697545
2002-01-11,6.568993
2002-01-14,6.489290
2002-01-15,6.594706
2002-01-16,6.458436
2002-01-17,6.455867
2002-01-18,6.401875
2002-01-22,6.355594
2002-01-23,6.535570
2002-01-24,6.625557
2002-01-25,6.697545
2002-01-28,6.594706
2002-01-29,6.414732
2002-01-30,6.466150
2002-01-31,6.620411
2002-02-01,6.656406
2002-02-04,6.479006
2002-02-05,6.435298
2002-02-06,6.479006
2002-02-07,6.404446
2002-02-08,6.476436
2002-02-11,6.561279
2002-02-12,6.530427
2002-02-13,6.568993
2002-02-14,6.622982
2002-02-15,6.628123
2002-02-19,6.568993
2002-02-20,6.548424
2002-02-21,6.625557
2002-02-22,6.808099
2002-02-25,6.905800
2002-02-26,6.869805
2002-02-27,6.864662
2002-02-28,6.846663
2002-03-01,6.944361
2002-03-04,7.096054
2002-03-05,7.098621
2002-03-06,7.234889
2002-03-07,7.288884
2002-03-08,7.255456
2002-03-11,7.332589
2002-03-12,7.396865
2002-03-13,7.348014
2002-03-14,7.345446
2002-03-15,7.398587
2002-03-18,7.455336
2002-03-19,7.545628
2002-03-20,7.465656
2002-03-21,7.506935
2002-03-22,7.331514
2002-03-25,7.264442
2002-03-26,7.323776
2002-03-27,7.494033
2002-03-28,7.452759
2002-04-01,7.504353
2002-04-02,7.597222
2002-04-03,7.432123
2002-04-04,7.297978
2002-04-05,7.215427
2002-04-08,7.326355
2002-04-09,7.220587
2002-04-10,7.303138
2002-04-11,7.228325
2002-04-12,6.990994
2002-04-15,7.127718
2002-04-16,7.261864
2002-04-17,7.352157
2002-04-18,7.388267
2002-04-19,7.421804
2002-04-22,7.349571
2002-04-23,7.331514
2002-04-24,7.199949
2002-04-25,7.251542
2002-04-26,7.171573
2002-04-29,7.125138
2002-04-30,7.184472
2002-05-01,7.228325
2002-05-02,7.282499
2002-05-03,7.308296
2002-05-06,7.058064
2002-05-07,7.024528
2002-05-08,7.171573
2002-05-09,7.107080
2002-05-10,7.101923
2002-05-13,7.238647
2002-05-14,7.259282
2002-05-15,7.138037
2002-05-16,7.220587
2002-05-17,7.161256
2002-05-20,7.112237
2002-05-21,7.117398
2002-05-22,7.236063
2002-05-23,7.297978
2002-05-24,7.218007
2002-05-28,7.161256
2002-05-29,7.094183
2002-05-30,6.957456
2002-05-31,7.058064
2002-06-03,6.836212
2002-06-04,6.836212
2002-06-05,6.810412
2002-06-06,6.738182
2002-06-07,6.807836
2002-06-10,6.681430
2002-06-11,6.580822
2002-06-12,6.673690
2002-06-13,6.665949
2002-06-14,6.658209
2002-06-17,6.831050
2002-06-18,6.797516
2002-06-19,6.730442
2002-06-20,6.717546
2002-06-21,6.674987
2002-06-24,6.734675
2002-06-25,6.706128
2002-06-26,6.708723
2002-06-27,6.742459
2002-06-28,6.799557
2002-07-01,6.734675
2002-07-02,6.602318
2002-07-03,6.643843
2002-07-05,6.799557
2002-07-08,6.716506
2002-07-09,6.633461
2002-07-10,6.350577
2002-07-11,6.228601
2002-07-12,6.117004
2002-07-15,5.982049
2002-07-16,5.891218
2002-07-17,5.956098
2002-07-18,5.917171
2002-07-19,5.553836
2002-07-22,5.213857
2002-07-23,5.138595
2002-07-24,5.478573
2002-07-25,5.455214
2002-07-26,5.527884
2002-07-29,5.847101
2002-07-30,5.756265
2002-07-31,5.857479
2002-08-01,5.512312
2002-08-02,5.450025
2002-08-05,5.247595
2002-08-06,5.437047
2002-08-07,5.514904
2002-08-08,5.748478
2002-08-09,5.852288
2002-08-12,5.839311
2002-08-13,5.751073
2002-08-14,5.976862
2002-08-15,6.145549
2002-08-16,6.046934
2002-08-19,6.096246
2002-08-20,5.943122
2002-08-21,5.956098
2002-08-22,6.124793
2002-08-23,6.026171
2002-08-26,6.106622
2002-08-27,6.104025
2002-08-28,5.958694
2002-08-29,5.906791
2002-08-30,5.945719
2002-09-03,5.709549
2002-09-04,5.696574
2002-09-05,5.706954
2002-09-06,5.800383
2002-09-09,5.792601
2002-09-10,5.917171
2002-09-11,5.886028
2002-09-12,5.740694
2002-09-13,5.802978
2002-09-16,5.844502
2002-09-17,5.655047
2002-09-18,5.670620
2002-09-19,5.509716
2002-09-20,5.550163
2002-09-23,5.518847
2002-09-24,5.359676
2002-09-25,5.505801
2002-09-26,5.738036
2002-09-27,5.631054
2002-09-30,5.521458
2002-10-01,5.696286
2002-10-02,5.633664
2002-10-03,5.670191
2002-10-04,5.573646
2002-10-07,5.503193
2002-10-08,5.443177
2002-10-09,5.336193
2002-10-10,5.461444
2002-10-11,5.552772
2002-10-14,5.706722
2002-10-15,5.878944
2002-10-16,5.787618
2002-10-17,5.910258
2002-10-18,5.905038
2002-10-21,5.933740
2002-10-22,5.766742
2002-10-23,5.860679
2002-10-24,5.764131
2002-10-25,5.675412
2002-10-28,5.664975
2002-10-29,5.500582
2002-10-30,5.683241
2002-10-31,5.623224
2002-11-01,5.771961
2002-11-04,5.675412
2002-11-05,5.792833
2002-11-06,5.845021
2002-11-07,5.735430
2002-11-08,5.701504
2002-11-11,5.631054
2002-11-12,5.612786
2002-11-13,5.487536
2002-11-14,5.664975
2002-11-15,5.709334
2002-11-18,5.714551
2002-11-19,5.714551
2002-11-20,5.826755
2002-11-21,5.871116
2002-11-22,5.745864
2002-11-25,5.792833
2002-11-26,5.683241
2002-11-27,5.785007
2002-11-29,5.855457
2002-12-02,5.873725
2002-12-03,5.931132
2002-12-04,5.878944
2002-12-05,5.918085
2002-12-06,5.975491
2002-12-09,5.871116
2002-12-10,5.962444
2002-12-11,5.931132
2002-12-12,5.983318
2002-12-13,5.967660
2002-12-16,6.069428
2002-12-17,6.006804
2002-12-18,5.957226
2002-12-19,5.897209
2002-12-20,6.016810
2002-12-23,6.043039
2002-12-24,6.014187
2002-12-26,5.945994
2002-12-27,5.817476
2002-12-30,5.846325
2002-12-31,5.856816
2003-01-02,5.980094
2003-01-03,5.969602
2003-01-06,6.019433
2003-01-07,5.822721
2003-01-08,5.767640
2003-01-09,5.841080
2003-01-10,5.793869
2003-01-13,5.772888
2003-01-14,5.796494
2003-01-15,5.814854
2003-01-16,5.872557
2003-01-17,5.827964
2003-01-21,5.691579
2003-01-22,5.675842
2003-01-23,5.691579
2003-01-24,5.591910
2003-01-27,5.416178
2003-01-28,5.507978
2003-01-29,5.686332
2003-01-30,5.597156
2003-01-31,5.709936
2003-02-03,5.754526
2003-02-04,5.793869
2003-02-05,5.751904
2003-02-06,5.728298
2003-02-07,5.675842
2003-02-10,5.749282
2003-02-11,5.712562
2003-02-12,5.612894
2003-02-13,5.586666
2003-02-14,5.631255
2003-02-18,5.723049
2003-02-19,5.717807
2003-02-20,5.704693
2003-02-21,5.830586
2003-02-24,5.880424
2003-02-25,5.848947
2003-02-26,5.864684
2003-02-27,5.830586
2003-02-28,5.877800
2003-03-03,5.898781
2003-03-04,5.869935
2003-03-05,5.922389
2003-03-06,5.927634
2003-03-07,5.927634
2003-03-10,5.867306
2003-03-11,5.809607
2003-03-12,5.717807
2003-03-13,5.741414
2003-03-14,5.717807
2003-03-17,5.791246
2003-03-18,5.901405
2003-03-19,5.909276
2003-03-20,5.966976
2003-03-21,5.900800
2003-03-24,5.813787
2003-03-25,5.866524
2003-03-26,5.879703
2003-03-27,5.927164
2003-03-28,5.979898
2003-03-31,5.884980
2003-04-01,5.995716
2003-04-02,5.982535
2003-04-03,5.871794
2003-04-04,5.903437
2003-04-07,5.858610
2003-04-08,5.787421
2003-04-09,5.784785
2003-04-10,5.863884
2003-04-11,5.829609
2003-04-14,5.858610
2003-04-15,5.842789
2003-04-16,5.763692
2003-04-17,5.879703
2003-04-21,5.877067
2003-04-22,5.958803
2003-04-23,5.958803
2003-04-24,5.937709
2003-04-25,5.863884
2003-04-28,5.890252
2003-04-29,5.808516
2003-04-30,5.834877
2003-05-01,5.863884
2003-05-02,5.956168
2003-05-05,5.993083
2003-05-06,5.985170
2003-05-07,6.024718
2003-05-08,6.032631
2003-05-09,6.072180
2003-05-12,6.101183
2003-05-13,6.169738
2003-05-14,6.196101
2003-05-15,6.198738
2003-05-16,6.219831
2003-05-19,6.156552
2003-05-20,6.132821
2003-05-21,6.314752
2003-05-22,6.301568
2003-05-23,6.359574
2003-05-27,6.486132
2003-05-28,6.409669
2003-05-29,6.349027
2003-05-30,6.454490
2003-06-02,6.488770
2003-06-03,6.536230
2003-06-04,6.578418
2003-06-05,6.544138
2003-06-06,6.530955
2003-06-09,6.520408
2003-06-10,6.559958
2003-06-11,6.749795
2003-06-12,6.689154
2003-06-13,6.578418
2003-06-16,6.570504
2003-06-17,6.507226
2003-06-18,6.467678
2003-06-19,6.501950
2003-06-20,6.477579
2003-06-23,6.459032
2003-06-24,6.453736
2003-06-25,6.464332
2003-06-26,6.435190
2003-06-27,6.411345
2003-06-30,6.371605
2003-07-01,6.366304
2003-07-02,6.358361
2003-07-03,6.347760
2003-07-07,6.305369
2003-07-08,6.294774
2003-07-09,6.358361
2003-07-10,6.262983
2003-07-11,6.281529
2003-07-14,6.225891
2003-07-15,6.172907
2003-07-16,6.114619
2003-07-17,6.154358
2003-07-18,6.294774
2003-07-21,6.260334
2003-07-22,6.244438
2003-07-23,6.209997
2003-07-24,6.151710
2003-07-25,6.207349
2003-07-28,6.180857
2003-07-29,6.093428
2003-07-30,6.101377
2003-07-31,6.146413
2003-08-01,6.130517
2003-08-04,6.066932
2003-08-05,6.040441
2003-08-06,6.146413
2003-08-07,6.300074
2003-08-08,6.318616
2003-08-11,6.347760
2003-08-12,6.392798
2003-08-13,6.387500
2003-08-14,6.411345
2003-08-15,6.432540
2003-08-18,6.432540
2003-08-19,6.403399
2003-08-20,6.432540
2003-08-21,6.493475
2003-08-22,6.392798
2003-08-25,6.392798
2003-08-26,6.398097
2003-08-27,6.424590
2003-08-28,6.530563
2003-08-29,6.538511
2003-09-02,6.580904
2003-09-03,6.583552
2003-09-04,6.572953
2003-09-05,6.543813
2003-09-08,6.633887
2003-09-09,6.562356
2003-09-10,6.493475
2003-09-11,6.480225
2003-09-12,6.488177
2003-09-15,6.445785
2003-09-16,6.456382
2003-09-17,6.371605
2003-09-18,6.398097
2003-09-19,6.456942
2003-09-22,6.419665
2003-09-23,6.456942
2003-09-24,6.488894
2003-09-25,6.430315
2003-09-26,6.371738
2003-09-29,6.403690
2003-09-30,6.403690
2003-10-01,6.496884
2003-10-02,6.539488
2003-10-03,6.576765
2003-10-06,6.616703
2003-10-07,6.648650
2003-10-08,6.603386
2003-10-09,6.582088
2003-10-10,6.630015
2003-10-13,6.656642
2003-10-14,6.630015
2003-10-15,6.534160
2003-10-16,6.603386
2003-10-17,6.558123
2003-10-20,6.555464
2003-10-21,6.576765
2003-10-22,6.488894
2003-10-23,6.478244
2003-10-24,6.475582
2003-10-27,6.448954
2003-10-28,6.467595
2003-10-29,6.454280
2003-10-30,6.366412
2003-10-31,6.464932
2003-11-03,6.424990
2003-11-04,6.403690
2003-11-05,6.422329
2003-11-06,6.430315
2003-11-07,6.446289
2003-11-10,6.435642
2003-11-11,6.432976
2003-11-12,6.470255
2003-11-13,6.528834
2003-11-14,6.542150
2003-11-17,6.475582
2003-11-18,6.430315
2003-11-19,6.446289
2003-11-20,6.430315
2003-11-21,6.382388
2003-11-24,6.417003
2003-11-25,6.454280
2003-11-26,6.515520
2003-11-28,6.515520
2003-12-01,6.582088
2003-12-02,6.627353
2003-12-03,6.590074
2003-12-04,6.749835
2003-12-05,6.797762
2003-12-08,6.872316
2003-12-09,6.877644
2003-12-10,6.882967
2003-12-11,6.917580
2003-12-12,6.994799
2003-12-15,6.906931
2003-12-16,7.010774
2003-12-17,7.077342
2003-12-18,7.266393
2003-12-19,7.253552
2003-12-22,7.261574
2003-12-23,7.210757
2003-12-24,7.288320
2003-12-26,7.317741
2003-12-29,7.403330
2003-12-30,7.419379
2003-12-31,7.368561
2004-01-02,7.365884
2004-01-05,7.507638
2004-01-06,7.499615
2004-01-07,7.422050
2004-01-08,7.443449
2004-01-09,7.480893
2004-01-12,7.502291
2004-01-13,7.504967
2004-01-14,7.486245
2004-01-15,7.360537
2004-01-16,7.430076
2004-01-20,7.617300
2004-01-21,7.662770
2004-01-22,7.625321
2004-01-23,7.692188
2004-01-26,7.737657
2004-01-27,7.721611
2004-01-28,7.611949
2004-01-29,7.606600
2004-01-30,7.534386
2004-02-02,7.577180
2004-02-03,7.547759
2004-02-04,7.494267
2004-02-05,7.427401
2004-02-06,7.478218
2004-02-09,7.569159
2004-02-10,7.670795
2004-02-11,7.775098
2004-02-12,7.799175
2004-02-13,7.780454
2004-02-17,7.847316
2004-02-18,7.764406
2004-02-19,7.756378
2004-02-20,7.753705
2004-02-23,7.815220
2004-02-24,7.828596
2004-02-25,7.866040
2004-02-26,7.892781
2004-02-27,7.930228
2004-03-01,8.082680
2004-03-02,8.013146
2004-03-03,8.002444
2004-03-04,7.978372
2004-03-05,8.047913
2004-03-08,8.082680
2004-03-09,8.029189
2004-03-10,7.890111
2004-03-11,7.713586
2004-03-12,7.825920
2004-03-15,7.841966
2004-03-16,7.839295
2004-03-17,7.948953
2004-03-18,8.029189
2004-03-19,7.864539
2004-03-22,7.789331
2004-03-23,7.735617
2004-03-24,7.571768
2004-03-25,7.542219
2004-03-26,7.628173
2004-03-29,7.668465
2004-03-30,7.808133
2004-03-31,7.880659
2004-04-01,7.789331
2004-04-02,7.824252
2004-04-05,7.864539
2004-04-06,7.864539
2004-04-07,7.864539
2004-04-08,7.934378
2004-04-12,8.084789
2004-04-13,8.014956
2004-04-14,8.031070
2004-04-15,8.138507
2004-04-16,8.202975
2004-04-19,8.184172
2004-04-20,8.017639
2004-04-21,7.990781
2004-04-22,8.149254
2004-04-23,8.084789
2004-04-26,8.130454
2004-04-27,8.299664
2004-04-28,8.181487
2004-04-29,7.985409
2004-04-30,8.014956
2004-05-03,8.200288
2004-05-04,8.205657
2004-05-05,8.232520
2004-05-06,8.192231
2004-05-07,7.993465
2004-05-10,7.762472
2004-05-11,7.896772
2004-05-12,7.945117
2004-05-13,7.923634
2004-05-14,8.017639
2004-05-17,8.017639
2004-05-18,7.899456
2004-05-19,7.864539
2004-05-20,7.856479
2004-05-21,7.818878
2004-05-24,7.996154
2004-05-25,8.130454
2004-05-26,8.063302
2004-05-27,7.950495
2004-05-28,7.990781
2004-06-01,8.100904
2004-06-02,8.084789
2004-06-03,8.012264
2004-06-04,7.971976
2004-06-07,8.119709
2004-06-08,8.084789
2004-06-09,8.020325
2004-06-10,8.122397
2004-06-14,8.060616
2004-06-15,8.176112
2004-06-16,8.334587
2004-06-17,8.396363
2004-06-18,8.419017
2004-06-21,8.400140
2004-06-22,8.456769
2004-06-23,8.599691
2004-06-24,8.548457
2004-06-25,8.499915
2004-06-28,8.378567
2004-06-29,8.424406
2004-06-30,8.489126
2004-07-01,8.499915
2004-07-02,8.532276
2004-07-06,8.553846
2004-07-07,8.605086
2004-07-08,8.561941
2004-07-09,8.610477
2004-07-12,8.561941
2004-07-13,8.540362
2004-07-14,8.642840
2004-07-15,8.699466
2004-07-16,8.804642
2004-07-19,8.774973
2004-07-20,8.748007
2004-07-21,8.591604
2004-07-22,8.618568
2004-07-23,8.586207
2004-07-26,8.510701
2004-07-27,8.596994
2004-07-28,8.656322
2004-07-29,8.718345
2004-07-30,8.750707
2004-08-02,8.739923
2004-08-03,8.845094
2004-08-04,8.640142
2004-08-05,8.510701
2004-08-06,8.340810
2004-08-09,8.475648
2004-08-10,8.443285
2004-08-11,8.400140
2004-08-12,8.292272
2004-08-13,8.394746
2004-08-16,8.445981
2004-08-17,8.251823
2004-08-18,8.359691
2004-08-19,8.386658
2004-08-20,8.472947
2004-08-23,8.367775
2004-08-24,8.346205
2004-08-25,8.400140
2004-08-26,8.459466
2004-08-27,8.513400
2004-08-30,8.475648
2004-08-31,8.615871
2004-09-01,8.766885
2004-09-02,8.837000
2004-09-03,8.855879
2004-09-07,8.845094
2004-09-08,8.853180
2004-09-09,8.979926
2004-09-10,8.931386
2004-09-13,8.993405
2004-09-14,9.033856
2004-09-15,9.004194
2004-09-16,9.031165
2004-09-17,9.183587
2004-09-20,9.186298
2004-09-21,9.413721
2004-09-22,9.354154
2004-09-23,9.267520
2004-09-24,9.373108
2004-09-27,9.367694
2004-09-28,9.527430
2004-09-29,9.400182
2004-09-30,9.457038
2004-10-01,9.592408
2004-10-04,9.581585
2004-10-05,9.684461
2004-10-06,9.863149
2004-10-07,9.787349
2004-10-08,9.798171
2004-10-11,9.714246
2004-10-12,9.603240
2004-10-13,9.402890
2004-10-14,9.478701
2004-10-15,9.519311
2004-10-18,9.392057
2004-10-19,9.364987
2004-10-20,9.570748
2004-10-21,9.624901
2004-10-22,9.605950
2004-10-25,9.614066
2004-10-26,9.719660
2004-10-27,9.551800
2004-10-28,9.383939
2004-10-29,9.513894
2004-11-01,9.457038
2004-11-02,9.316252
2004-11-03,9.503063
2004-11-04,9.616774
2004-11-05,9.673636
2004-11-08,9.513894
2004-11-09,9.427259
2004-11-10,9.538263
2004-11-11,9.519311
2004-11-12,9.719660
2004-11-15,9.508482
2004-11-16,9.508482
2004-11-17,9.657387
2004-11-18,9.733195
2004-11-19,9.849618
2004-11-22,10.006649
2004-11-23,10.068916
2004-11-24,10.152844
2004-11-26,10.196167
2004-11-29,10.142018
2004-11-30,10.155556
2004-12-01,9.911887
2004-12-02,9.649264
2004-12-03,9.744026
2004-12-06,9.749441
2004-12-07,9.546385
2004-12-08,9.611360
2004-12-09,9.692582
2004-12-10,9.624901
2004-12-13,9.795467
2004-12-14,9.825249
2004-12-15,9.898348
2004-12-16,9.798171
2004-12-17,9.795730
2004-12-20,9.915288
2004-12-21,9.999525
2004-12-22,9.863665
2004-12-23,9.920722
2004-12-27,9.746818
2004-12-28,9.814750
2004-12-29,9.888115
2004-12-30,9.844638
2004-12-31,9.869098
2005-01-03,9.504983
2005-01-04,9.456069
2005-01-05,9.415312
2005-01-06,9.578346
2005-01-07,9.502265
2005-01-10,9.572917
2005-01-11,9.586498
2005-01-12,9.754971
2005-01-13,9.820182
2005-01-14,9.907133
2005-01-18,10.004961
2005-01-19,9.969632
2005-01-20,9.869098
2005-01-21,9.890830
2005-01-24,9.977781
2005-01-25,10.018542
2005-01-26,10.116364
2005-01-27,10.206038
2005-01-28,10.083756
2005-01-31,10.203321
2005-02-01,10.377221
2005-02-02,10.521240
2005-02-03,10.572865
2005-02-04,10.610907
2005-02-07,10.540253
2005-02-08,10.616343
2005-02-09,10.597322
2005-02-10,10.888065
2005-02-11,10.983167
2005-02-14,10.996758
2005-02-15,11.021209
2005-02-16,11.330982
2005-02-17,11.178813
2005-02-18,11.426085
2005-02-22,11.344569
2005-02-23,11.488582
2005-02-24,11.714118
2005-02-25,12.002148
2005-02-28,11.915192
2005-03-01,11.684227
2005-03-02,11.855415
2005-03-03,12.051057
2005-03-04,12.205938
2005-03-07,12.121702
2005-03-08,12.108123
2005-03-09,11.773897
2005-03-10,11.534773
2005-03-11,11.629881
2005-03-14,11.714118
2005-03-15,11.551077
2005-03-16,11.589123
2005-03-17,11.790198
2005-03-18,11.935781
2005-03-21,11.832193
2005-03-22,11.690414
2005-03-23,11.466864
2005-03-24,11.458679
2005-03-28,11.472314
2005-03-29,11.286920
2005-03-30,11.455954
2005-03-31,11.687689
2005-04-01,11.976678
2005-04-04,11.873077
2005-04-05,11.723134
2005-04-06,11.908522
2005-04-07,11.862170
2005-04-08,11.646794
2005-04-11,11.734035
2005-04-12,11.548649
2005-04-13,11.265110
2005-04-14,11.259662
2005-04-15,10.831631
2005-04-18,11.027921
2005-04-19,11.286920
2005-04-20,11.055189
2005-04-21,11.436867
2005-04-22,11.461411
2005-04-25,11.622259
2005-04-26,11.431417
2005-04-27,11.136973
2005-04-28,10.913422
2005-04-29,11.055189
2005-05-02,11.254208
2005-05-03,10.989752
2005-05-04,11.117892
2005-05-05,11.237846
2005-05-06,11.205134
2005-05-09,11.355078
2005-05-10,11.164240
2005-05-11,11.232401
2005-05-12,10.741660
2005-05-13,10.578080
2005-05-16,10.531735
2005-05-17,10.719848
2005-05-18,10.698038
2005-05-19,10.891612
2005-05-20,10.809814
2005-05-23,10.989752
2005-05-24,11.036102
2005-05-25,11.205134
2005-05-26,11.262387
2005-05-27,11.450501
2005-05-31,11.363256
2005-06-01,11.578640
2005-06-02,11.556830
2005-06-03,11.622259
2005-06-06,11.657701
2005-06-07,11.545921
2005-06-08,11.578640
2005-06-09,11.913973
2005-06-10,11.900344
2005-06-13,11.946684
2005-06-14,12.020295
2005-06-15,12.164787
2005-06-16,12.336551
2005-06-17,12.536469
2005-06-20,12.550139
2005-06-21,12.284859
2005-06-22,12.355970
2005-06-23,12.366908
2005-06-24,12.290326
2005-06-27,12.479036
2005-06-28,12.246574
2005-06-29,12.235639
2005-06-30,12.156326
2005-07-01,12.427076
2005-07-05,12.799009
2005-07-06,12.569282
2005-07-07,12.730640
2005-07-08,12.645864
2005-07-11,12.738843
2005-07-12,12.853706
2005-07-13,12.779867
2005-07-14,12.473567
2005-07-15,12.407924
2005-07-18,12.355970
2005-07-19,12.621251
2005-07-20,12.634921
2005-07-21,12.511854
2005-07-22,12.960362
2005-07-25,13.080696
2005-07-26,13.050617
2005-07-27,13.116246
2005-07-28,13.154536
2005-07-29,13.017797
2005-08-01,13.154536
2005-08-02,13.373330
2005-08-03,13.307685
2005-08-04,13.335037
2005-08-05,13.233849
2005-08-08,13.425289
2005-08-09,13.395206
2005-08-10,13.613989
2005-08-11,13.745256
2005-08-12,13.720656
2005-08-15,13.586644
2005-08-16,13.288548
2005-08-17,12.982248
2005-08-18,12.954894
2005-08-19,13.176416
2005-08-22,13.209240
2005-08-23,13.184623
2005-08-24,13.310422
2005-08-25,13.274874
2005-08-26,13.124458
2005-08-29,13.231119
2005-08-30,13.477256
2005-08-31,13.849183
2005-09-01,14.210188
2005-09-02,13.933968
2005-09-06,14.032423
2005-09-07,14.054297
2005-09-08,14.073445
2005-09-09,14.439911
2005-09-12,14.144547
2005-09-13,14.024214
2005-09-14,14.199240
2005-09-15,14.199240
2005-09-16,14.338576
2005-09-19,14.717059
2005-09-20,14.577182
2005-09-21,14.782882
2005-09-22,14.673175
2005-09-23,14.415364
2005-09-26,14.678663
2005-09-27,14.689630
2005-09-28,14.810308
2005-09-29,14.952929
2005-09-30,14.719802
2005-10-03,14.681405
2005-10-04,14.152068
2005-10-05,13.609024
2005-10-06,13.285391
2005-10-07,13.584340
2005-10-10,13.378648
2005-10-11,13.699536
2005-10-12,13.436244
2005-10-13,13.071465
2005-10-14,13.257968
2005-10-17,13.422523
2005-10-18,12.799945
2005-10-19,13.087928
2005-10-20,12.492764
2005-10-21,12.621670
2005-10-24,13.071465
2005-10-25,13.342988
2005-10-26,13.263452
2005-10-27,12.887718
2005-10-28,13.238772
2005-10-31,13.389609
2005-11-01,13.471886
2005-11-02,13.735187
2005-11-03,13.995741
2005-11-04,13.576118
2005-11-07,13.340246
2005-11-08,13.452699
2005-11-09,13.329281
2005-11-10,12.915137
2005-11-11,13.019359
2005-11-14,13.087928
2005-11-15,13.109861
2005-11-16,13.449955
2005-11-17,13.444467
2005-11-18,13.449955
2005-11-21,13.784558
2005-11-22,14.003968
2005-11-23,13.951859
2005-11-25,13.987514
2005-11-28,13.515773
2005-11-29,13.537717
2005-11-30,13.589823
2005-12-01,14.020423
2005-12-02,14.034134
2005-12-05,14.132877
2005-12-06,14.193208
2005-12-07,14.141103
2005-12-08,14.390680
2005-12-09,14.212404
2005-12-12,14.396173
2005-12-13,14.335828
2005-12-14,14.508616
2005-12-15,14.393422
2005-12-16,14.043373
2005-12-19,13.927876
2005-12-20,14.117620
2005-12-21,14.147863
2005-12-22,14.131366
2005-12-23,14.092864
2005-12-27,13.677642
2005-12-28,13.883888
2005-12-29,13.776636
2005-12-30,13.834383
2006-01-03,14.491591
2006-01-04,14.532838
2006-01-05,14.348601
2006-01-06,14.700581
2006-01-09,14.684079
2006-01-10,14.843569
2006-01-11,14.906818
2006-01-12,14.799575
2006-01-13,14.975560
2006-01-17,15.305542
2006-01-18,15.179053
2006-01-19,15.443035
2006-01-20,15.511780
2006-01-23,15.682271
2006-01-24,15.588775
2006-01-25,15.261545
2006-01-26,15.311048
2006-01-27,15.577769
2006-01-30,15.935254
2006-01-31,15.855512
2006-02-01,15.478777
2006-02-02,15.324788
2006-02-03,15.184554
2006-02-06,15.481533
2006-02-07,14.835321
2006-02-08,14.838072
2006-02-09,14.499842
2006-02-10,14.447596
2006-02-13,14.389854
2006-02-14,14.227612
2006-02-15,14.150612
2006-02-16,14.475094
2006-02-17,14.576844
2006-02-21,14.862823
2006-02-22,14.585083
2006-02-23,14.568585
2006-02-24,14.747327
2006-02-27,14.491591
2006-02-28,14.392601
2006-03-01,14.637330
2006-03-02,14.882068
2006-03-03,14.884824
2006-03-06,14.367852
2006-03-07,14.156115
2006-03-08,14.156115
2006-03-09,14.054371
2006-03-10,14.131366
2006-03-13,14.409107
2006-03-14,14.675835
2006-03-15,14.752822
2006-03-16,14.986561
2006-03-17,14.796533
2006-03-20,14.468344
2006-03-21,14.443522
2006-03-22,14.540051
2006-03-23,14.755168
2006-03-24,14.854456
2006-03-27,14.931675
2006-03-28,15.047517
2006-03-29,15.224027
2006-03-30,15.215747
2006-03-31,15.003385
2006-04-03,15.086122
2006-04-04,15.284701
2006-04-05,15.535671
2006-04-06,15.568768
2006-04-07,15.265395
2006-04-10,15.554981
2006-04-11,15.444666
2006-04-12,15.342619
2006-04-13,15.392260
2006-04-17,15.676332
2006-04-18,16.059687
2006-04-19,16.307909
2006-04-20,16.139669
2006-04-21,16.476149
2006-04-24,16.225170
2006-04-25,16.015560
2006-04-26,15.761831
2006-04-27,15.582556
2006-04-28,15.759072
2006-05-01,16.018322
2006-05-02,16.374096
2006-05-03,16.120365
2006-05-04,16.045902
2006-05-05,16.233450
2006-05-08,16.161736
2006-05-09,16.258266
2006-05-10,16.409962
2006-05-11,16.197588
2006-05-12,15.648747
2006-05-15,15.320552
2006-05-16,15.375714
2006-05-17,14.984075
2006-05-18,14.802055
2006-05-19,14.898580
2006-05-22,14.813083
2006-05-23,14.815845
2006-05-24,14.633818
2006-05-25,15.146802
2006-05-26,15.196453
2006-05-30,14.956499
2006-05-31,15.320552
2006-06-01,15.361916
2006-06-02,15.590831
2006-06-05,15.099916
2006-06-06,15.086122
2006-06-07,14.506946
2006-06-08,14.711039
2006-06-09,14.562108
2006-06-12,14.264250
2006-06-13,13.842283
2006-06-14,14.198057
2006-06-15,14.738619
2006-06-16,14.699033
2006-06-19,14.145397
2006-06-20,14.078964
2006-06-21,14.394534
2006-06-22,14.455441
2006-06-23,14.776546
2006-06-26,14.939870
2006-06-27,14.967545
2006-06-28,15.224990
2006-06-29,15.656824
2006-06-30,15.709421
2006-07-03,15.878283
2006-07-05,15.950247
2006-07-06,15.908731
2006-07-07,15.692810
2006-07-10,15.739877
2006-07-11,16.027756
2006-07-12,15.972396
2006-07-13,15.820148
2006-07-14,16.005613
2006-07-17,15.487965
2006-07-18,15.507340
2006-07-19,15.667900
2006-07-20,15.288657
2006-07-21,15.081046
2006-07-24,15.535022
2006-07-25,15.806310
2006-07-26,16.124647
2006-07-27,15.986238
2006-07-28,15.991772
2006-07-31,16.235374
2006-08-01,16.254755
2006-08-02,16.287971
2006-08-03,16.146791
2006-08-04,16.011150
2006-08-07,16.180008
2006-08-08,16.085894
2006-08-09,16.221533
2006-08-10,16.088665
2006-08-11,16.096970
2006-08-14,15.764785
2006-08-15,15.845064
2006-08-16,15.778622
2006-08-17,15.667900
2006-08-18,15.911496
2006-08-21,16.016685
2006-08-22,16.124647
2006-08-23,15.786934
2006-08-24,15.991772
2006-08-25,16.116346
2006-08-28,15.883820
2006-08-29,15.784159
2006-08-30,15.518417
2006-08-31,15.410451
2006-09-01,15.640209
2006-09-05,15.845064
2006-09-06,15.308040
2006-09-07,15.321877
2006-09-08,14.934329
2006-09-11,14.472048
2006-09-12,14.380700
2006-09-13,14.679657
2006-09-14,14.353013
2006-09-15,14.402176
2006-09-18,14.749382
2006-09-19,14.527167
2006-09-20,14.138304
2006-09-21,14.318847
2006-09-22,14.257740
2006-09-25,14.277182
2006-09-26,14.591056
2006-09-27,14.832715
2006-09-28,14.785493
2006-09-29,14.846600
2006-10-02,14.677160
2006-10-03,14.138304
2006-10-04,14.346622
2006-10-05,14.621614
2006-10-06,14.635498
2006-10-09,14.416067
2006-10-10,14.685503
2006-10-11,14.452173
2006-10-12,14.791053
2006-10-13,14.993818
2006-10-16,15.346576
2006-10-17,15.179920
2006-10-18,15.082701
2006-10-19,15.393803
2006-10-20,15.193810
2006-10-23,15.221583
2006-10-24,15.499355
2006-10-25,15.766002
2006-10-26,15.729901
2006-10-27,15.602129
2006-10-30,15.321586
2006-10-31,15.479909
2006-11-01,15.321586
2006-11-02,15.382690
2006-11-03,15.721562
2006-11-06,15.835454
2006-11-07,15.713226
2006-11-08,15.977111
2006-11-09,16.110435
2006-11-10,15.957667
2006-11-13,15.929890
2006-11-14,16.024334
2006-11-15,16.174322
2006-11-16,15.729901
2006-11-17,15.860454
2006-11-20,15.818782
2006-11-21,16.110435
2006-11-22,16.015999
2006-11-24,15.982672
2006-11-27,15.910447
2006-11-28,16.165995
2006-11-29,16.679859
2006-11-30,16.807631
2006-12-01,16.865959
2006-12-04,16.840965
2006-12-05,16.907625
2006-12-06,16.860413
2006-12-07,16.760408
2006-12-08,16.740971
2006-12-11,16.699303
2006-12-12,16.738194
2006-12-13,16.907625
2006-12-14,17.152073
2006-12-15,16.997166
2006-12-18,16.506834
2006-12-19,16.788219
2006-12-20,16.559769
2006-12-21,16.481754
2006-12-22,16.322964
2006-12-26,16.342463
2006-12-27,16.534695
2006-12-28,16.498470
2006-12-29,16.334103
2007-01-03,15.762989
2007-01-04,15.476024
2007-01-05,15.579106
2007-01-08,15.579106
2007-01-09,15.445381
2007-01-10,15.147283
2007-01-11,15.060924
2007-01-12,15.445381
2007-01-16,15.286585
2007-01-17,15.456524
2007-01-18,15.342305
2007-01-19,15.762989
2007-01-22,15.654328
2007-01-23,16.061081
2007-01-24,16.130722
2007-01-25,15.799200
2007-01-26,15.838201
2007-01-29,15.760185
2007-01-30,16.080585
2007-01-31,16.183662
2007-02-01,16.242167
2007-02-02,16.334103
2007-02-05,16.317387
2007-02-06,16.267233
2007-02-07,16.169735
2007-02-08,16.334103
2007-02-09,16.267233
2007-02-12,16.041578
2007-02-13,16.275597
2007-02-14,16.278385
2007-02-15,16.155796
2007-02-16,16.158585
2007-02-20,15.977498
2007-02-21,16.153015
2007-02-22,16.297884
2007-02-23,16.339676
2007-02-26,16.437180
2007-02-27,15.782485
2007-02-28,15.852138
2007-03-01,15.801980
2007-03-02,15.615325
2007-03-05,15.434237
2007-03-06,15.726763
2007-03-07,15.921782
2007-03-08,16.061081
2007-03-09,15.991427
2007-03-12,15.969142
2007-03-13,15.754631
2007-03-14,15.935711
2007-03-15,15.932920
2007-03-16,15.761584
2007-03-19,16.013145
2007-03-20,16.127741
2007-03-21,16.418423
2007-03-22,16.748253
2007-03-23,16.832109
2007-03-26,16.949505
2007-03-27,16.980251
2007-03-28,16.977451
2007-03-29,17.083670
2007-03-30,16.848885
2007-04-02,17.013792
2007-04-03,17.120001
2007-04-04,17.147955
2007-04-05,17.259762
2007-04-09,17.195471
2007-04-10,17.455416
2007-04-11,17.349201
2007-04-12,17.614740
2007-04-13,17.623125
2007-04-16,17.726542
2007-04-17,17.625925
2007-04-18,17.564423
2007-04-19,17.318453
2007-04-20,17.637091
2007-04-23,17.656662
2007-04-24,17.603558
2007-04-25,17.933378
2007-04-26,17.927790
2007-04-27,17.924992
2007-04-30,17.712563
2007-05-01,17.790825
2007-05-02,17.938965
2007-05-03,18.084316
2007-05-04,18.070335
2007-05-07,18.117863
2007-05-08,18.120651
2007-05-09,18.112268
2007-05-10,17.818783
2007-05-11,18.226864
2007-05-14,18.232450
2007-05-15,18.293951
2007-05-16,18.363823
2007-05-17,18.657312
2007-05-18,18.959190
2007-05-21,19.118502
2007-05-22,18.939619
2007-05-23,18.978748
2007-05-24,18.632145
2007-05-25,18.922852
2007-05-29,18.797064
2007-05-30,19.191172
2007-05-31,19.090553
2007-06-01,19.263851
2007-06-04,19.565722
2007-06-05,19.495846
2007-06-06,19.247078
2007-06-07,18.906069
2007-06-08,18.984341
2007-06-11,19.129692
2007-06-12,18.894890
2007-06-13,19.272234
2007-06-14,19.596474
2007-06-15,19.897253
2007-06-18,19.919680
2007-06-19,19.942104
2007-06-20,19.361841
2007-06-21,19.748674
2007-06-22,19.552458
2007-06-25,19.395475
2007-06-26,18.977800
2007-06-27,19.272135
2007-06-28,19.272135
2007-06-29,19.339405
2007-07-02,19.681398
2007-07-03,19.832773
2007-07-05,19.785126
2007-07-06,20.054234
2007-07-09,20.242048
2007-07-10,20.062645
2007-07-11,20.138325
2007-07-12,20.527975
2007-07-13,20.729801
2007-07-16,20.463501
2007-07-17,20.197195
2007-07-18,20.654119
2007-07-19,20.841936
2007-07-20,20.743826
2007-07-23,20.827917
2007-07-24,20.225231
2007-07-25,20.547598
2007-07-26,19.773901
2007-07-27,19.202049
2007-07-30,19.532827
2007-07-31,19.342213
2007-08-01,19.291759
2007-08-02,19.160007
2007-08-03,18.534889
2007-08-06,18.641415
2007-08-07,19.078711
2007-08-08,19.440327
2007-08-09,18.882484
2007-08-10,18.983406
2007-08-13,19.005825
2007-08-14,18.879684
2007-08-15,18.361080
2007-08-16,18.248953
2007-08-17,18.921732
2007-08-20,18.879684
2007-08-21,18.613369
2007-08-22,18.837635
2007-08-23,19.005825
2007-08-24,19.412296
2007-08-27,19.174019
2007-08-28,18.711493
2007-08-29,19.330999
2007-08-30,19.319788
2007-08-31,19.574879
2007-09-04,19.930887
2007-09-05,19.824368
2007-09-06,20.127123
2007-09-07,19.695423
2007-09-10,19.664585
2007-09-11,20.000975
2007-09-12,20.141136
2007-09-13,20.267273
2007-09-14,20.323347
2007-09-17,20.365395
2007-09-18,20.982100
2007-09-19,21.164305
2007-09-20,21.150295
2007-09-21,21.276197
2007-09-24,21.236864
2007-09-25,20.888344
2007-09-26,20.947359
2007-09-27,21.219992
2007-09-28,21.023245
2007-10-01,21.388634
2007-10-02,21.054165
2007-10-03,20.930504
2007-10-04,21.009207
2007-10-05,21.110380
2007-10-08,20.896765
2007-10-09,21.318369
2007-10-10,21.593807
2007-10-11,21.486996
2007-10-12,21.689365
2007-10-15,21.866434
2007-10-16,21.922644
2007-10-17,21.782116
2007-10-18,21.950756
2007-10-19,20.910833
2007-10-22,20.671923
2007-10-23,20.967033
2007-10-24,21.104748
2007-10-25,21.304314
2007-10-26,21.627525
2007-10-29,21.731524
2007-10-30,20.992346
2007-10-31,21.557264
2007-11-01,20.924881
2007-11-02,21.318369
2007-11-05,21.146921
2007-11-06,21.852375
2007-11-07,20.952978
2007-11-08,21.318369
2007-11-09,20.924881
2007-11-12,19.913069
2007-11-13,20.615709
2007-11-14,20.584799
2007-11-15,19.899015
2007-11-16,20.421782
2007-11-19,20.081699
2007-11-20,20.728146
2007-11-21,20.278448
2007-11-23,20.812464
2007-11-26,20.092941
2007-11-27,19.870913
2007-11-28,20.362764
2007-11-29,20.587614
2007-11-30,20.649446
2007-12-03,20.728146
2007-12-04,20.517344
2007-12-05,20.969856
2007-12-06,21.543213
2007-12-07,21.411106
2007-12-10,21.627525
2007-12-11,21.093513
2007-12-12,21.782116
2007-12-13,21.835518
2007-12-14,21.486996
2007-12-17,21.101942
2007-12-18,21.304314
2007-12-19,21.509485
2007-12-20,21.782116
2007-12-21,22.345404
2007-12-24,22.446831
2007-12-26,22.697622
2007-12-27,22.458113
2007-12-28,22.646902
2007-12-31,22.359488
2008-01-02,22.401762
2008-01-03,22.666632
2008-01-04,21.838192
2008-01-07,21.753643
2008-01-08,21.373253
2008-01-09,21.655024
2008-01-10,21.564857
2008-01-11,21.302805
2008-01-14,21.725473
2008-01-15,20.826588
2008-01-16,20.133396
2008-01-17,19.372591
2008-01-18,19.414850
2008-01-22,18.865368
2008-01-23,19.040081
2008-01-24,19.710728
2008-01-25,19.358496
2008-01-28,19.798079
2008-01-29,20.020689
2008-01-30,19.769901
2008-01-31,19.612106
2008-02-01,20.105225
2008-02-04,20.119307
2008-02-05,19.288054
2008-02-06,19.023176
2008-02-07,19.397938
2008-02-08,19.682549
2008-02-11,20.189762
2008-02-12,20.178486
2008-02-13,20.668783
2008-02-14,20.491266
2008-02-15,20.527899
2008-02-19,21.204174
2008-02-20,21.457790
2008-02-21,20.868849
2008-02-22,21.105553
2008-02-25,21.708570
2008-02-26,22.077705
2008-02-27,21.790287
2008-02-28,22.165058
2008-02-29,21.429600
2008-03-03,21.697298
2008-03-04,21.274624
2008-03-05,21.810007
2008-03-06,21.373253
2008-03-07,20.784313
2008-03-10,20.527899
2008-03-11,21.584578
2008-03-12,21.105553
2008-03-13,21.457790
2008-03-14,21.066107
2008-03-17,20.330656
2008-03-18,21.218264
2008-03-19,19.922066
2008-03-20,20.010517
2008-03-24,20.360931
2008-03-25,20.564400
2008-03-26,21.010897
2008-03-27,20.798956
2008-03-28,20.742432
2008-03-31,20.928942
2008-04-01,21.321749
2008-04-02,21.618481
2008-04-03,21.669352
2008-04-04,21.847370
2008-04-07,21.963242
2008-04-08,22.211924
2008-04-09,22.254320
2008-04-10,22.211924
2008-04-11,21.901070
2008-04-14,22.404089
2008-04-15,22.522776
2008-04-16,23.285789
2008-04-17,23.266005
2008-04-18,23.622068
2008-04-21,23.890537
2008-04-22,23.901838
2008-04-23,23.715326
2008-04-24,23.093622
2008-04-25,23.421436
2008-04-28,23.460991
2008-04-29,22.932545
2008-04-30,23.102100
2008-05-01,22.596258
2008-05-02,23.022972
2008-05-05,23.356432
2008-05-06,23.975311
2008-05-07,23.528822
2008-05-08,24.000748
2008-05-09,23.955538
2008-05-12,23.822712
2008-05-13,24.212692
2008-05-14,23.935755
2008-05-15,24.252253
2008-05-16,25.136787
2008-05-19,25.292215
2008-05-20,25.543716
2008-05-21,25.165041
2008-05-22,24.797678
2008-05-23,24.376589
2008-05-27,24.218342
2008-05-28,24.729841
2008-05-29,24.054440
2008-05-30,24.303133
2008-06-02,24.447248
2008-06-03,23.921627
2008-06-04,23.565552
2008-06-05,24.794834
2008-06-06,24.308779
2008-06-09,25.023737
2008-06-10,24.407686
2008-06-11,24.557468
2008-06-12,24.184429
2008-06-13,24.472681
2008-06-16,24.560289
2008-06-17,24.967216
2008-06-18,25.063303
2008-06-19,24.461372
2008-06-20,24.296471
2008-06-23,25.256994
2008-06-24,24.778154
2008-06-25,24.684649
2008-06-26,24.506151
2008-06-27,24.721491
2008-06-30,25.070004
2008-07-01,25.174831
2008-07-02,24.415482
2008-07-03,24.055635
2008-07-07,23.452120
2008-07-08,23.063946
2008-07-09,22.624767
2008-07-10,23.318958
2008-07-11,23.177277
2008-07-14,23.330275
2008-07-15,22.347086
2008-07-16,21.771908
2008-07-17,21.414902
2008-07-18,21.788898
2008-07-21,22.440598
2008-07-22,21.695412
2008-07-23,20.907713
2008-07-24,20.856726
2008-07-25,20.913380
2008-07-28,20.995544
2008-07-29,20.746208
2008-07-30,21.981575
2008-07-31,21.080563
2008-08-01,21.077724
2008-08-04,20.086029
2008-08-05,20.236202
2008-08-06,20.698046
2008-08-07,20.457203
2008-08-08,20.111532
2008-08-11,20.103031
2008-08-12,20.114363
2008-08-13,20.825546
2008-08-14,20.443035
2008-08-15,20.060528
2008-08-18,19.805523
2008-08-19,20.516710
2008-08-20,21.108891
2008-08-21,21.638727
2008-08-22,21.142889
2008-08-25,20.868055
2008-08-26,21.293060
2008-08-27,21.630239
2008-08-28,21.250561
2008-08-29,21.151396
2008-09-02,19.989697
2008-09-03,19.913185
2008-09-04,19.465511
2008-09-05,19.386177
2008-09-08,19.252998
2008-09-09,17.921309
2008-09-10,18.626827
2008-09-11,18.893160
2008-09-12,19.530685
2008-09-15,18.034649
2008-09-16,18.796827
2008-09-17,18.402985
2008-09-18,18.952660
2008-09-19,20.253128
2008-09-22,19.897812
2008-09-23,19.241188
2008-09-24,19.298040
2008-09-25,19.769894
2008-09-26,19.244032
2008-09-29,16.955784
2008-09-30,17.993307
2008-10-01,17.697681
2008-10-02,16.688578
2008-10-03,16.489595
2008-10-06,15.602725
2008-10-07,14.747119
2008-10-08,15.025688
2008-10-09,12.862511
2008-10-10,12.336642
2008-10-13,14.369067
2008-10-14,14.386115
2008-10-15,12.308220
2008-10-16,12.777236
2008-10-17,13.058652
2008-10-20,14.579412
2008-10-21,13.917097
2008-10-22,12.564050
2008-10-23,13.232042
2008-10-24,12.407709
2008-10-27,11.614635
2008-10-28,13.385543
2008-10-29,13.681173
2008-10-30,14.312211
2008-10-31,14.610681
2008-11-03,14.158716
2008-11-04,15.071169
2008-11-05,14.397487
2008-11-06,13.530508
2008-11-07,14.170086
2008-11-10,14.218409
2008-11-11,13.809087
2008-11-12,12.677745
2008-11-13,14.167245
2008-11-14,13.578835
2008-11-17,13.297421
2008-11-18,13.669796
2008-11-19,12.961999
2008-11-20,11.358810
2008-11-21,12.626585
2008-11-24,13.539043
2008-11-25,13.755082
2008-11-26,14.525401
2008-11-28,14.292318
2008-12-01,12.771553
2008-12-02,13.203623
2008-12-03,13.212146
2008-12-04,12.296847
2008-12-05,12.552678
2008-12-08,13.109817
2008-12-09,13.240577
2008-12-10,13.925628
2008-12-11,13.860248
2008-12-12,13.723804
2008-12-15,13.644217
2008-12-16,14.067753
2008-12-17,13.976789
2008-12-18,13.163826
2008-12-19,13.143541
2008-12-22,12.752089
2008-12-23,12.780662
2008-12-24,12.732088
2008-12-26,12.903522
2008-12-29,13.186397
2008-12-30,13.506418
2008-12-31,13.649272
2009-01-02,14.329313
2009-01-05,14.666468
2009-01-06,14.826479
2009-01-07,14.197875
2009-01-08,14.380748
2009-01-09,13.897861
2009-01-12,13.349264
2009-01-13,13.683567
2009-01-14,13.029247
2009-01-15,13.192108
2009-01-16,13.297829
2009-01-20,12.589223
2009-01-21,13.434982
2009-01-22,13.066391
2009-01-23,13.446408
2009-01-26,13.695002
2009-01-27,13.717848
2009-01-28,14.092157
2009-01-29,13.594994
2009-01-30,13.406404
2009-02-02,13.192108
2009-02-03,13.420691
2009-02-04,13.546409
2009-02-05,13.877860
2009-02-06,14.135020
2009-02-09,14.186451
2009-02-10,13.526409
2009-02-11,13.372119
2009-02-12,13.394981
2009-02-13,13.426411
2009-02-17,12.497787
2009-02-18,12.426363
2009-02-19,12.429214
2009-02-20,12.109197
2009-02-23,11.543454
2009-02-24,12.086332
2009-02-25,12.014907
2009-02-26,12.043482
2009-02-27,11.752031
2009-03-02,10.891990
2009-03-03,10.946277
2009-03-04,11.469163
2009-03-05,10.963423
2009-03-06,11.083426
2009-03-09,11.103430
2009-03-10,11.666319
2009-03-11,11.617748
2009-03-12,11.966334
2009-03-13,11.857754
2009-03-16,12.009193
2009-03-17,12.423499
2009-03-18,12.549220
2009-03-19,12.852097
2009-03-20,12.349497
2009-03-23,13.366179
2009-03-24,13.113443
2009-03-25,13.050263
2009-03-26,13.162268
2009-03-27,12.771677
2009-03-30,12.297798
2009-03-31,12.194407
2009-04-01,12.452887
2009-04-02,12.964102
2009-04-03,13.216836
2009-04-06,12.949742
2009-04-07,12.562023
2009-04-08,12.722854
2009-04-09,13.096216
2009-04-13,12.952612
2009-04-14,12.918150
2009-04-15,12.935376
2009-04-16,12.995688
2009-04-17,13.147904
2009-04-20,12.510328
2009-04-21,12.757315
2009-04-22,12.622334
2009-04-23,12.857836
2009-04-24,13.231196
2009-04-27,12.981327
2009-04-28,13.010056
2009-04-29,13.369053
2009-04-30,13.147904
2009-05-01,13.572961
2009-05-04,14.115765
2009-05-05,13.926217
2009-05-06,14.466146
2009-05-07,14.279464
2009-05-08,14.888321
2009-05-11,14.434554
2009-05-12,14.526454
2009-05-13,14.046837
2009-05-14,14.087047
2009-05-15,13.785487
2009-05-18,14.262234
2009-05-19,14.331163
2009-05-20,14.379986
2009-05-21,13.954930
2009-05-22,13.960679
2009-05-26,14.256485
2009-05-27,14.101403
2009-05-28,14.569531
2009-05-29,14.842371
2009-06-01,15.388047
2009-06-02,15.347836
2009-06-03,14.756218
2009-06-04,15.089362
2009-06-05,14.965864
2009-06-08,14.931413
2009-06-09,15.077869
2009-06-10,15.212865
2009-06-11,15.517285
2009-06-12,15.367943
2009-06-15,14.960119
2009-06-16,14.641335
2009-06-17,14.402962
2009-06-18,14.348392
2009-06-19,14.205210
2009-06-22,13.495099
2009-06-23,13.575926
2009-06-24,13.630773
2009-06-25,13.916550
2009-06-26,13.824177
2009-06-29,13.954073
2009-06-30,13.870370
2009-07-01,13.881911
2009-07-02,13.324788
2009-07-06,13.189112
2009-07-07,12.851375
2009-07-08,12.854267
2009-07-09,12.987051
2009-07-10,12.894676
2009-07-13,13.090965
2009-07-14,13.267053
2009-07-15,13.737574
2009-07-16,13.904997
2009-07-17,13.985830
2009-07-20,14.225421
2009-07-21,14.349547
2009-07-22,14.219646
2009-07-23,14.623778
2009-07-24,14.776771
2009-07-27,14.825850
2009-07-28,14.609351
2009-07-29,14.271609
2009-07-30,14.470786
2009-07-31,14.612229
2009-08-03,14.987495
2009-08-04,14.961519
2009-08-05,14.811410
2009-08-06,14.690176
2009-08-07,14.672852
2009-08-10,14.736363
2009-08-11,14.522747
2009-08-12,14.678625
2009-08-13,14.857597
2009-08-14,14.638215
2009-08-17,14.164799
2009-08-18,14.306253
2009-08-19,14.571818
2009-08-20,14.695951
2009-08-21,15.111628
2009-08-24,15.305026
2009-08-25,15.071212
2009-08-26,15.140492
2009-08-27,15.094301
2009-08-28,15.062553
2009-08-31,14.771001
2009-09-01,14.514085
2009-09-02,14.407284
2009-09-03,14.508315
2009-09-04,14.710381
2009-09-08,15.114510
2009-09-09,15.149153
2009-09-10,15.411839
2009-09-11,15.472451
2009-09-14,15.587920
2009-09-15,15.743799
2009-09-16,16.133495
2009-09-17,16.055557
2009-09-18,15.999304
2009-09-21,15.863037
2009-09-22,16.112389
2009-09-23,15.776043
2009-09-24,15.549895
2009-09-25,15.529591
2009-09-28,15.778941
2009-09-29,15.735453
2009-09-30,15.633971
2009-10-01,15.146866
2009-10-02,15.068573
2009-10-05,15.402015
2009-10-06,15.767348
2009-10-07,15.889132
2009-10-08,16.297956
2009-10-09,16.283455
2009-10-12,16.503817
2009-10-13,16.529909
2009-10-14,16.805359
2009-10-15,17.156197
2009-10-16,17.104006
2009-10-19,17.327265
2009-10-20,17.217091
2009-10-21,17.170692
2009-10-22,17.237387
2009-10-23,16.903940
2009-10-26,16.625595
2009-10-27,16.773468
2009-10-28,16.219671
2009-10-29,16.651690
2009-10-30,16.019604
2009-11-02,16.121088
2009-11-03,16.329845
2009-11-04,16.315351
2009-11-05,16.593702
2009-11-06,16.550211
2009-11-09,16.866249
2009-11-10,16.877853
2009-11-11,16.872047
2009-11-12,16.500914
2009-11-13,16.605297
2009-11-16,17.040220
2009-11-17,17.011225
2009-11-18,16.944536
2009-11-19,16.564711
2009-11-20,16.411030
2009-11-23,16.622694
2009-11-24,16.718382
2009-11-25,16.848860
2009-11-27,16.532812
2009-11-30,16.474825
2009-12-01,16.692282
2009-12-02,16.593702
2009-12-03,16.326948
2009-12-04,16.208076
2009-12-07,16.170374
2009-12-08,15.894929
2009-12-09,15.894929
2009-12-10,16.092089
2009-12-11,16.100792
2009-12-14,16.266062
2009-12-15,16.318251
2009-12-16,16.422625
2009-12-17,16.283455
2009-12-18,16.369171
2009-12-21,16.564487
2009-12-22,16.643196
2009-12-23,16.774382
2009-12-24,16.853102
2009-12-28,16.882248
2009-12-29,16.771473
2009-12-30,16.753984
2009-12-31,16.619875
2010-01-04,17.144629
2010-01-05,17.284557
2010-01-06,17.491537
2010-01-07,17.465303
2010-01-08,17.578997
2010-01-11,17.555676
2010-01-12,17.302046
2010-01-13,17.366182
2010-01-14,17.415747
2010-01-15,17.275808
2010-01-19,17.433233
2010-01-20,17.162117
2010-01-21,16.812286
2010-01-22,16.412891
2010-01-25,16.520760
2010-01-26,16.415810
2010-01-27,16.351675
2010-01-28,16.179678
2010-01-29,15.888155
2010-02-01,16.412891
2010-02-02,16.628620
2010-02-03,16.485777
2010-02-04,15.809443
2010-02-05,15.812352
2010-02-08,15.666590
2010-02-09,15.996016
2010-02-10,15.928960
2010-02-11,16.200077
2010-02-12,16.205914
2010-02-16,16.587807
2010-02-17,16.564487
2010-02-18,16.657778
2010-02-19,16.721914
2010-02-22,16.491610
2010-02-23,16.217567
2010-02-24,16.319605
2010-02-25,16.328354
2010-02-26,16.366255
2010-03-01,16.517838
2010-03-02,16.654861
2010-03-03,16.727745
2010-03-04,16.640285
2010-03-05,16.952217
2010-03-08,16.925980
2010-03-09,16.925980
2010-03-10,17.074656
2010-03-11,17.045504
2010-03-12,17.054255
2010-03-15,16.879337
2010-03-16,17.030931
2010-03-17,17.217506
2010-03-18,16.960966
2010-03-19,16.757059
2010-03-22,16.713179
2010-03-23,16.777542
2010-03-24,16.681002
2010-03-25,16.400152
2010-03-26,16.406002
2010-03-29,16.724880
2010-03-30,16.751204
2010-03-31,16.827269
2010-04-01,17.125664
2010-04-05,17.429916
2010-04-06,17.429916
2010-04-07,17.257318
2010-04-08,17.318748
2010-04-09,17.503050
2010-04-12,17.544010
2010-04-13,17.482571
2010-04-14,17.649330
2010-04-15,17.646404
2010-04-16,17.348001
2010-04-19,17.371412
2010-04-20,17.710762
2010-04-21,17.693214
2010-04-22,17.737085
2010-04-23,18.164202
2010-04-26,18.102770
2010-04-27,17.546940
2010-04-28,17.725386
2010-04-29,17.745857
2010-04-30,17.526459
2010-05-03,17.725386
2010-05-04,17.251461
2010-05-05,16.979389
2010-05-06,16.400152
2010-05-07,16.087126
2010-05-10,16.774607
2010-05-11,16.663441
2010-05-12,16.894558
2010-05-13,16.786320
2010-05-14,16.452812
2010-05-17,16.283136
2010-05-18,16.157339
2010-05-19,15.973030
2010-05-20,15.259217
2010-05-21,15.525441
2010-05-24,15.171457
2010-05-25,15.206567
2010-05-26,15.174386
2010-05-27,15.817986
2010-05-28,15.519588
2010-06-01,14.782366
2010-06-02,15.423046
2010-06-03,15.630752
2010-06-04,15.080771
2010-06-07,14.949122
2010-06-08,15.197781
2010-06-09,15.039816
2010-06-10,15.794578
2010-06-11,15.891122
2010-06-14,15.809204
2010-06-15,16.271427
2010-06-16,16.259735
2010-06-17,16.242174
2010-06-18,16.342688
2010-06-21,16.307421
2010-06-22,15.831329
2010-06-23,15.710845
2010-06-24,15.381693
2010-06-25,15.425773
2010-06-28,15.217119
2010-06-29,14.714591
2010-06-30,14.599979
2010-07-01,14.547067
2010-07-02,14.511811
2010-07-06,14.652874
2010-07-07,15.170104
2010-07-08,15.384635
2010-07-09,15.463980
2010-07-12,15.422833
2010-07-13,15.607983
2010-07-14,15.590349
2010-07-15,15.572720
2010-07-16,15.202421
2010-07-19,15.299406
2010-07-20,15.649124
2010-07-21,15.393455
2010-07-22,15.734358
2010-07-23,15.804881
2010-07-26,15.943010
2010-07-27,15.866594
2010-07-28,15.831329
2010-07-29,15.854851
2010-07-30,15.822515
2010-08-02,16.375013
2010-08-03,16.369133
2010-08-04,16.495504
2010-08-05,16.548401
2010-08-06,16.351500
2010-08-09,16.419094
2010-08-10,16.283911
2010-08-11,15.799003
2010-08-12,15.704959
2010-08-13,15.678509
2010-08-16,15.675578
2010-08-17,15.937134
2010-08-18,15.784315
2010-08-19,15.528640
2010-08-20,15.337612
2010-08-23,15.343489
2010-08-24,15.105444
2010-08-25,15.058431
2010-08-26,14.923245
2010-08-27,15.311164
2010-08-30,15.087816
2010-08-31,15.046674
2010-09-01,15.607983
2010-09-02,15.737287
2010-09-03,15.928308
2010-09-07,15.690269
2010-09-08,15.825452
2010-09-09,15.857781
2010-09-10,16.022356
2010-09-13,16.151657
2010-09-14,16.095827
2010-09-15,16.063498
2010-09-16,15.990026
2010-09-17,15.910019
2010-09-20,16.178679
2010-09-21,16.190487
2010-09-22,16.072397
2010-09-23,15.972014
2010-09-24,16.317438
2010-09-27,16.255438
2010-09-28,16.370579
2010-09-29,16.544765
2010-09-30,16.550669
2010-10-01,16.772095
2010-10-04,16.562483
2010-10-05,16.952177
2010-10-06,17.102758
2010-10-07,17.017136
2010-10-08,17.229704
2010-10-11,17.276941
2010-10-12,17.250372
2010-10-13,17.459982
2010-10-14,17.433413
2010-10-15,17.480648
2010-10-18,17.527885
2010-10-19,17.179514
2010-10-20,17.400940
2010-10-21,17.392084
2010-10-22,17.507217
2010-10-25,17.554462
2010-10-26,17.589886
2010-10-27,17.516073
2010-10-28,17.477701
2010-10-29,17.489506
2010-11-01,17.510180
2010-11-02,17.702072
2010-11-03,17.740448
2010-11-04,18.304358
2010-11-05,18.395872
2010-11-08,18.451965
2010-11-09,18.416533
2010-11-10,18.652719
2010-11-11,18.859381
2010-11-12,18.581867
2010-11-15,18.487389
2010-11-16,18.141972
2010-11-17,18.215775
2010-11-18,18.617290
2010-11-19,18.773766
2010-11-22,18.714714
2010-11-23,18.348629
2010-11-24,18.679293
2010-11-26,18.454908
2010-11-29,18.578907
2010-11-30,18.513968
2010-12-01,19.063093
2010-12-02,19.346510
2010-12-03,19.432133
2010-12-06,19.497078
2010-12-07,19.423273
2010-12-08,19.331753
2010-12-09,19.376038
2010-12-10,19.455753
2010-12-13,19.621078
2010-12-14,19.529556
2010-12-15,19.423273
2010-12-16,19.532503
2010-12-17,19.539331
2010-12-20,19.666843
2010-12-21,19.865528
2010-12-22,19.933737
2010-12-23,19.990080
2010-12-27,19.918907
2010-12-28,19.993053
2010-12-29,20.191732
2010-12-30,20.209520
2010-12-31,20.239172
2011-01-03,20.390411
2011-01-04,20.215450
2011-01-05,20.295517
2011-01-06,20.102764
2011-01-07,20.248070
2011-01-10,20.168009
2011-01-11,20.503101
2011-01-12,20.784813
2011-01-13,20.725512
2011-01-14,20.950876
2011-01-18,21.081367
2011-01-19,20.826332
2011-01-20,20.678061
2011-01-21,20.787783
2011-01-24,20.864880
2011-01-25,20.805574
2011-01-26,21.303770
2011-01-27,21.179218
2011-01-28,21.087294
2011-01-31,21.692240
2011-02-01,22.045132
2011-02-02,22.027338
2011-02-03,22.039207
2011-02-04,21.982853
2011-02-07,22.110373
2011-02-08,22.036242
2011-02-09,21.757484
2011-02-10,21.979887
2011-02-11,21.976925
2011-02-14,22.460300
2011-02-15,22.226028
2011-02-16,22.522562
2011-02-17,22.744980
2011-02-18,22.839863
2011-02-22,22.617453
2011-02-23,23.077114
2011-02-24,22.750910
2011-02-25,23.112698
2011-02-28,23.290621
2011-03-01,22.854704
2011-03-02,22.985178
2011-03-03,23.379570
2011-03-04,23.231318
2011-03-07,23.068213
2011-03-08,22.878431
2011-03-09,22.721249
2011-03-10,21.893896
2011-03-11,22.273464
2011-03-14,22.395058
2011-03-15,22.226028
2011-03-16,21.870167
2011-03-17,22.537394
2011-03-18,22.431759
2011-03-21,23.113146
2011-03-22,23.062555
2011-03-23,23.122063
2011-03-24,23.205383
2011-03-25,23.413662
2011-03-28,23.357128
2011-03-29,23.642771
2011-03-30,23.806412
2011-03-31,23.729055
2011-04-01,23.800468
2011-04-04,23.815344
2011-04-05,23.886751
2011-04-06,23.636814
2011-04-07,23.636814
2011-04-08,23.720137
2011-04-11,23.252987
2011-04-12,22.532932
2011-04-13,22.625172
2011-04-14,22.779902
2011-04-15,22.967356
2011-04-18,22.625172
2011-04-19,22.854280
2011-04-20,23.392836
2011-04-21,23.499937
2011-04-25,23.377953
2011-04-26,23.610033
2011-04-27,23.598131
2011-04-28,23.595163
2011-04-29,23.946266
2011-05-02,23.627897
2011-05-03,23.035778
2011-05-04,22.628155
2011-05-05,22.158026
2011-05-06,22.256216
2011-05-09,22.646006
2011-05-10,22.753109
2011-05-11,22.095543
2011-05-12,22.062817
2011-05-13,21.955696
2011-05-16,21.789080
2011-05-17,21.789080
2011-05-18,22.229445
2011-05-19,22.232424
2011-05-20,22.205633
2011-05-23,21.860491
2011-05-24,22.169939
2011-05-25,22.544834
2011-05-26,22.657902
2011-05-27,22.714434
2011-05-31,22.943542
2011-06-01,22.396067
2011-06-02,22.387138
2011-06-03,22.393093
2011-06-06,21.887262
2011-06-07,21.887262
2011-06-08,21.952728
2011-06-09,22.250265
2011-06-10,21.818830
2011-06-13,21.473680
2011-06-14,21.931889
2011-06-15,21.429045
2011-06-16,21.461779
2011-06-17,21.406527
2011-06-20,21.466259
2011-06-21,21.893309
2011-06-22,21.830593
2011-06-23,21.591682
2011-06-24,21.182550
2011-06-27,21.296032
2011-06-28,21.917206
2011-06-29,22.174038
2011-06-30,22.502541
2011-07-01,22.714575
2011-07-05,22.854933
2011-07-06,22.813122
2011-07-07,23.156561
2011-07-08,22.962442
2011-07-11,22.418921
2011-07-12,22.335300
2011-07-13,22.502541
2011-07-14,22.353218
2011-07-15,22.953484
2011-07-18,22.875841
2011-07-19,23.293941
2011-07-20,23.234209
2011-07-21,23.691128
2011-07-22,23.810589
2011-07-25,23.715027
2011-07-26,23.601528
2011-07-27,23.156561
2011-07-28,23.060999
2011-07-29,22.831043
2011-08-01,22.798187
2011-08-02,22.162088
2011-08-03,22.036663
2011-08-04,20.525545
2011-08-05,20.328445
2011-08-08,18.599314
2011-08-09,19.546003
2011-08-10,18.871073
2011-08-11,19.850616
2011-08-12,19.996948
2011-08-15,20.671875
2011-08-16,20.328445
2011-08-17,20.409067
2011-08-18,19.226454
2011-08-19,18.886002
2011-08-22,18.733704
2011-08-23,19.578850
2011-08-24,19.695324
2011-08-25,19.280210
2011-08-26,19.653509
2011-08-29,20.226904
2011-08-30,20.346355
2011-08-31,20.498669
2011-09-01,20.343376
2011-09-02,19.775957
2011-09-06,19.560932
2011-09-07,20.277670
2011-09-08,20.041748
2011-09-09,19.378771
2011-09-12,19.471336
2011-09-13,19.525099
2011-09-14,19.767000
2011-09-15,20.158211
2011-09-16,20.114437
2011-09-19,19.796640
2011-09-20,19.673717
2011-09-21,18.855234
2011-09-22,17.790890
2011-09-23,17.599016
2011-09-26,18.240610
2011-09-27,18.507446
2011-09-28,17.901823
2011-09-29,18.072716
2011-09-30,17.542048
2011-10-03,16.945423
2011-10-04,17.500067
2011-10-05,18.144670
2011-10-06,18.486460
2011-10-07,18.258604
2011-10-10,19.086082
2011-10-11,19.125059
2011-10-12,19.226995
2011-10-13,19.200016
2011-10-14,19.967535
2011-10-17,19.604759
2011-10-18,20.234369
2011-10-19,20.024498
2011-10-20,20.180397
2011-10-21,20.552174
2011-10-24,20.821997
2011-10-25,20.387270
2011-10-26,20.827997
2011-10-27,21.751421
2011-10-28,21.898331
2011-10-31,20.899944
2011-11-01,20.225374
2011-11-02,20.833998
2011-11-03,21.382647
2011-11-04,21.364666
2011-11-07,21.481588
2011-11-08,21.832369
2011-11-09,20.866972
2011-11-10,21.229748
2011-11-11,21.664474
2011-11-14,21.379650
2011-11-15,21.355667
2011-11-16,21.034864
2011-11-17,20.555168
2011-11-18,20.432247
2011-11-21,20.066471
2011-11-22,19.877592
2011-11-23,19.274967
2011-11-25,19.137056
2011-11-28,19.853607
2011-11-29,20.138428
2011-11-30,21.247734
2011-12-01,21.130806
2011-12-02,21.112818
2011-12-05,21.373661
2011-12-06,21.370651
2011-12-07,21.166782
2011-12-08,20.576151
2011-12-09,21.043863
2011-12-12,20.552174
2011-12-13,20.360292
2011-12-14,19.787649
2011-12-15,19.703697
2011-12-16,19.913557
2011-12-19,19.564295
2011-12-20,20.368179
2011-12-21,20.593994
2011-12-22,20.834864
2011-12-23,20.955296
2011-12-27,21.009489
2011-12-28,20.609051
2011-12-29,20.822826
2011-12-30,20.813784
2012-01-03,21.391863
2012-01-04,21.437019
2012-01-05,21.334656
2012-01-06,21.208202
2012-01-09,21.310572
2012-01-10,21.500261
2012-01-11,21.211218
2012-01-12,21.012508
2012-01-13,20.907127
2012-01-17,21.054651
2012-01-18,21.400898
2012-01-19,21.488203
2012-01-20,21.491220
2012-01-23,21.662846
2012-01-24,21.599617
2012-01-25,21.864555
2012-01-26,21.566490
2012-01-27,21.521328
2012-01-30,21.418966
2012-01-31,21.283474
2012-02-01,21.367779
2012-02-02,21.530359
2012-02-03,21.909719
2012-02-06,22.171675
2012-02-07,22.286070
2012-02-08,22.210804
2012-02-09,22.213810
2012-02-10,21.991022
2012-02-13,22.165642
2012-02-14,22.204786
2012-02-15,22.168657
2012-02-16,22.457689
2012-02-17,22.541996
2012-02-21,22.695543
2012-02-22,22.746733
2012-02-23,22.861139
2012-02-24,22.951471
2012-02-27,22.879206
2012-02-28,22.803940
2012-02-29,22.545002
2012-03-01,22.761789
2012-03-02,22.502857
2012-03-05,22.358332
2012-03-06,21.994028
2012-03-07,22.177689
2012-03-08,22.358332
2012-03-09,22.337265
2012-03-12,22.213810
2012-03-13,22.481785
2012-03-14,22.264997
2012-03-15,22.301130
2012-03-16,22.607908
2012-03-19,22.710667
2012-03-20,22.369135
2012-03-21,22.103165
2012-03-22,21.604458
2012-03-23,21.840206
2012-03-26,22.003418
2012-03-27,21.782782
2012-03-28,21.510756
2012-03-29,21.510756
2012-03-30,21.686062
2012-04-02,21.897636
2012-04-03,21.707220
2012-04-04,21.429152
2012-04-05,21.308252
2012-04-09,21.039261
2012-04-10,20.625181
2012-04-11,20.631235
2012-04-12,21.081573
2012-04-13,20.764210
2012-04-16,20.625181
2012-04-17,20.960672
2012-04-18,20.918356
2012-04-19,20.891155
2012-04-20,20.842796
2012-04-23,20.821644
2012-04-24,20.975784
2012-04-25,21.184334
2012-04-26,21.407993
2012-04-27,21.398932
2012-04-30,21.531912
2012-05-01,21.840206
2012-05-02,21.483557
2012-05-03,21.126915
2012-05-04,20.643314
2012-05-07,20.582869
2012-05-08,20.516371
2012-05-09,20.416637
2012-05-10,20.504278
2012-05-11,20.353161
2012-05-14,20.014650
2012-05-15,19.682177
2012-05-16,19.570347
2012-05-17,19.446426
2012-05-18,19.325531
2012-05-21,19.769825
2012-05-22,19.721468
2012-05-23,19.794012
2012-05-24,19.778896
2012-05-25,19.685204
2012-05-29,20.014650
2012-05-30,19.401098
2012-05-31,19.231836
2012-06-01,18.751266
2012-06-04,18.736155
2012-06-05,18.896339
2012-06-06,19.479677
2012-06-07,19.491764
2012-06-08,19.494787
2012-06-11,19.228819
2012-06-12,19.500830
2012-06-13,19.252991
2012-06-14,19.555235
2012-06-15,19.929096
2012-06-18,19.749908
2012-06-19,20.035397
2012-06-20,19.956429
2012-06-21,19.139467
2012-06-22,19.267023
2012-06-25,18.835766
2012-06-26,19.039244
2012-06-27,19.434057
2012-06-28,19.567688
2012-06-29,20.156876
2012-07-02,20.165985
2012-07-03,20.648880
2012-07-05,20.378586
2012-07-06,20.132584
2012-07-09,20.041468
2012-07-10,19.728649
2012-07-11,19.995913
2012-07-12,19.929096
2012-07-13,20.278357
2012-07-16,20.345173
2012-07-17,20.600288
2012-07-18,20.779472
2012-07-19,20.843246
2012-07-20,20.891846
2012-07-23,20.691397
2012-07-24,20.360357
2012-07-25,20.375553
2012-07-26,20.955624
2012-07-27,21.326151
2012-07-30,21.386879
2012-07-31,21.153030
2012-08-01,21.256287
2012-08-02,20.900955
2012-08-03,21.392954
2012-08-06,21.450663
2012-08-07,21.772581
2012-08-08,21.790808
2012-08-09,21.939625
2012-08-10,21.979101
2012-08-13,21.897104
2012-08-14,21.857615
2012-08-15,21.854586
2012-08-16,22.048958
2012-08-17,22.039839
2012-08-20,21.963923
2012-08-21,21.894072
2012-08-22,21.976070
2012-08-23,21.733099
2012-08-24,21.860664
2012-08-27,21.869774
2012-08-28,21.884960
2012-08-29,21.739178
2012-08-30,21.508362
2012-08-31,21.723989
2012-09-04,21.556957
2012-09-05,21.474958
2012-09-06,21.927471
2012-09-07,22.307106
2012-09-10,22.209913
2012-09-11,22.446808
2012-09-12,22.583479
2012-09-13,22.950956
2012-09-14,23.254654
2012-09-17,23.078514
2012-09-18,22.914515
2012-09-19,22.692812
2012-09-20,22.756596
2012-09-21,22.782213
2012-09-24,22.666288
2012-09-25,22.419189
2012-09-26,22.205643
2012-09-27,22.507654
2012-09-28,22.400879
2012-10-01,22.513756
2012-10-02,22.553410
2012-10-03,22.275806
2012-10-04,22.498503
2012-10-05,22.446636
2012-10-08,22.483248
2012-10-09,22.513756
2012-10-10,22.092766
2012-10-11,22.257505
2012-10-12,22.135475
2012-10-15,22.248346
2012-10-16,22.602219
2012-10-17,22.885933
2012-10-18,22.882881
2012-10-19,22.522911
2012-10-22,22.410036
2012-10-23,21.888374
2012-10-24,21.720589
2012-10-25,21.924982
2012-10-26,21.952438
2012-10-31,21.946335
2012-11-01,22.040903
2012-11-02,21.677879
2012-11-05,21.842617
2012-11-06,22.193439
2012-11-07,21.613821
2012-11-08,21.223326
2012-11-09,21.217230
2012-11-12,21.259941
2012-11-13,21.171471
2012-11-14,20.915211
2012-11-15,20.942671
2012-11-16,21.025045
2012-11-19,21.510090
2012-11-20,21.424677
2012-11-21,21.540607
2012-11-23,21.845663
2012-11-26,21.632124
2012-11-27,21.452127
2012-11-28,21.647375
2012-11-29,21.696184
2012-11-30,21.677879
2012-12-03,21.558910
2012-12-04,21.479582
2012-12-05,21.629070
2012-12-06,21.699236
2012-12-07,21.830410
2012-12-10,21.806005
2012-12-11,21.934134
2012-12-12,22.013458
2012-12-13,21.809053
2012-12-14,21.726692
2012-12-17,21.924982
2012-12-18,22.327663
2012-12-19,22.175135
2012-12-20,22.324617
2012-12-21,22.098026
2012-12-24,21.929382
2012-12-26,21.831266
2012-12-27,21.791407
2012-12-28,21.411196
2012-12-31,21.898726
2013-01-02,22.383181
2013-01-03,22.377050
2013-01-04,22.625408
2013-01-07,22.450636
2013-01-08,22.377050
2013-01-09,22.340252
2013-01-10,22.542620
2013-01-11,22.570223
2013-01-14,22.573282
2013-01-15,22.674463
2013-01-16,22.775650
2013-01-17,22.919756
2013-01-18,23.146666
2013-01-22,23.367422
2013-01-23,23.287697
2013-01-24,23.355150
2013-01-25,23.575918
2013-01-28,23.536068
2013-01-29,23.916275
2013-01-30,23.796690
2013-01-31,23.716970
2013-02-01,23.937740
2013-02-04,23.710840
2013-02-05,23.916275
2013-02-06,23.931612
2013-02-07,23.870275
2013-02-08,24.094107
2013-02-11,23.974527
2013-02-12,24.038927
2013-02-13,24.124775
2013-02-14,24.333277
2013-02-15,24.054249
2013-02-19,24.333277
2013-02-20,23.824286
2013-02-21,23.658716
2013-02-22,23.907076
2013-02-25,23.281570
2013-02-26,23.511539
2013-02-27,23.870275
2013-02-28,23.821224
2013-03-01,23.851889
2013-03-04,23.799763
2013-03-05,23.953079
2013-03-06,23.980661
2013-03-07,24.103308
2013-03-08,24.219835
2013-03-11,24.232088
2013-03-12,24.259682
2013-03-13,24.204500
2013-03-14,24.535648
2013-03-15,24.516239
2013-03-18,24.319120
2013-03-19,24.051170
2013-03-20,24.186684
2013-03-21,24.063490
2013-03-22,24.254452
2013-03-25,24.162048
2013-03-26,24.417683
2013-03-27,24.497757
2013-03-28,24.426931
2013-04-01,24.377640
2013-04-02,24.239048
2013-04-03,23.786303
2013-04-04,23.755493
2013-04-05,23.807871
2013-04-08,23.968014
2013-04-09,24.171299
2013-04-10,24.300652
2013-04-11,24.405359
2013-04-12,24.023451
2013-04-15,23.044039
2013-04-16,23.327393
2013-04-17,22.816122
2013-04-18,23.010159
2013-04-19,22.963947
2013-04-22,23.210352
2013-04-23,23.478302
2013-04-24,23.792459
2013-04-25,23.810944
2013-04-26,23.770891
2013-04-29,24.011137
2013-04-30,24.106607
2013-05-01,23.730864
2013-05-02,24.041931
2013-05-03,24.476204
2013-05-06,24.642521
2013-05-07,24.833471
2013-05-08,24.873512
2013-05-09,24.851954
2013-05-10,24.722589
2013-05-13,24.719522
2013-05-14,25.070631
2013-05-15,24.999790
2013-05-16,24.876593
2013-05-17,25.292379
2013-05-20,25.649647
2013-05-21,25.597303
2013-05-22,25.301624
2013-05-23,25.313942
2013-05-24,25.166109
2013-05-28,25.430973
2013-05-29,25.375546
2013-05-30,25.317019
2013-05-31,24.793438
2013-06-03,25.033670
2013-06-04,24.836550
2013-06-05,24.547035
2013-06-06,24.731833
2013-06-07,25.042902
2013-06-10,24.972082
2013-06-11,24.593241
2013-06-12,24.442324
2013-06-13,24.851954
2013-06-14,24.611717
2013-06-17,24.965918
2013-06-18,25.107580
2013-06-19,24.876593
2013-06-20,24.149725
2013-06-21,24.191198
2013-06-24,23.832230
2013-06-25,24.138584
2013-06-26,24.287148
2013-06-27,24.333557
2013-06-28,24.231432
2013-07-01,24.404734
2013-07-02,24.457333
2013-07-03,24.441877
2013-07-05,24.745148
2013-07-08,24.906073
2013-07-09,25.159836
2013-07-10,25.005102
2013-07-11,25.206255
2013-07-12,25.348606
2013-07-15,25.326944
2013-07-16,25.172216
2013-07-17,25.283623
2013-07-18,25.552853
2013-07-19,25.908751
2013-07-22,25.825203
2013-07-23,25.868515
2013-07-24,25.580717
2013-07-25,25.750921
2013-07-26,25.685938
2013-07-29,25.472403
2013-07-30,25.422886
2013-07-31,25.506437
2013-08-01,25.921135
2013-08-02,25.806631
2013-08-05,25.744738
2013-08-06,25.586903
2013-08-07,25.497160
2013-08-08,25.636423
2013-08-09,25.559052
2013-08-12,25.450733
2013-08-13,25.497160
2013-08-14,25.379562
2013-08-15,25.240295
2013-08-16,25.138184
2013-08-19,24.738956
2013-08-20,24.890602
2013-08-21,24.754435
2013-08-22,25.122704
2013-08-23,25.302189
2013-08-26,25.258869
2013-08-27,25.101040
2013-08-28,25.518827
2013-08-29,25.252682
2013-08-30,25.243399
2013-09-03,25.429073
2013-09-04,25.565239
2013-09-05,25.651888
2013-09-06,25.648804
2013-09-09,25.936604
2013-09-10,25.945896
2013-09-11,26.143936
2013-09-12,25.989214
2013-09-13,25.979923
2013-09-16,25.973738
2013-09-17,26.091337
2013-09-18,26.407000
2013-09-19,26.342010
2013-09-20,26.128420
2013-09-23,26.000946
2013-09-24,26.025820
2013-09-25,26.019596
2013-09-26,26.066244
2013-09-27,25.976078
2013-09-30,25.777096
2013-10-01,25.941870
2013-10-02,26.000946
2013-10-03,25.773981
2013-10-04,26.035130
2013-10-07,25.820621
2013-10-08,25.543917
2013-10-09,25.453758
2013-10-10,25.926332
2013-10-11,26.206148
2013-10-14,26.383366
2013-10-15,26.286978
2013-10-16,26.681829
2013-10-17,26.737797
2013-10-18,27.030041
2013-10-21,26.908779
2013-10-22,27.058029
2013-10-23,26.635199
2013-10-24,26.762659
2013-10-25,26.924332
2013-10-28,26.946100
2013-10-29,27.135746
2013-10-30,26.952316
2013-10-31,26.859043
2013-11-01,26.762659
2013-11-04,27.095331
2013-11-05,26.849718
2013-11-06,26.930555
2013-11-07,26.513943
2013-11-08,26.908779
2013-11-11,26.958534
2013-11-12,26.709812
2013-11-13,26.942997
2013-11-14,27.104666
2013-11-15,27.253893
2013-11-18,27.045584
2013-11-19,27.092218
2013-11-20,27.026926
2013-11-21,27.284983
2013-11-22,27.431112
2013-11-25,27.182375
2013-11-26,27.113989
2013-11-27,26.930555
2013-11-29,26.874588
2013-12-02,26.893244
2013-12-03,26.958534
2013-12-04,26.871487
2013-12-05,26.781326
2013-12-06,26.865267
2013-12-09,26.902575
2013-12-10,26.821733
2013-12-11,26.442423
2013-12-12,26.554367
2013-12-13,26.467310
2013-12-16,26.697371
2013-12-17,26.545027
2013-12-18,26.946100
2013-12-19,27.023825
2013-12-20,27.071615
2013-12-23,27.099731
2013-12-24,27.249655
2013-12-26,27.443308
2013-12-27,27.577631
2013-12-30,27.380842
2013-12-31,27.646339
2014-01-02,27.252775
2014-01-03,27.152819
2014-01-06,27.190308
2014-01-07,27.396475
2014-01-08,27.205925
2014-01-09,27.121592
2014-01-10,27.143459
2014-01-13,26.603077
2014-01-14,26.949795
2014-01-15,26.871710
2014-01-16,26.909180
2014-01-17,26.865458
2014-01-21,27.087234
2014-01-22,27.212175
2014-01-23,26.902945
2014-01-24,26.340708
2014-01-27,26.247011
2014-01-28,26.446909
2014-01-29,26.300097
2014-01-30,26.384438
2014-01-31,26.043972
2014-02-03,25.578562
2014-02-04,25.840950
2014-02-05,25.587946
2014-02-06,25.969007
2014-02-07,26.250130
2014-02-10,26.122065
2014-02-11,26.462528
2014-02-12,26.400053
2014-02-13,26.524990
2014-02-14,26.871710
2014-02-18,26.993530
2014-02-19,27.027885
2014-02-20,27.205925
2014-02-21,26.990404
2014-02-24,27.396475
2014-02-25,27.383972
2014-02-26,27.212175
2014-02-27,27.240288
2014-02-28,27.377722
2014-03-03,27.202799
2014-03-04,27.499531
2014-03-05,27.243406
2014-03-06,27.440191
2014-03-07,27.493284
2014-03-10,27.537018
2014-03-11,27.224663
2014-03-12,27.227779
2014-03-13,26.956051
2014-03-14,26.981026
2014-03-17,27.124708
2014-03-18,27.352730
2014-03-19,27.146582
2014-03-20,27.252775
2014-03-21,27.327168
2014-03-24,27.270670
2014-03-25,27.515507
2014-03-26,27.386805
2014-03-27,27.609673
2014-03-28,27.954948
2014-03-31,27.954948
2014-04-01,28.121305
2014-04-02,28.221752
2014-04-03,28.403803
2014-04-04,28.300215
2014-04-07,27.826258
2014-04-08,28.105612
2014-04-09,28.234306
2014-04-10,27.841946
2014-04-11,27.763477
2014-04-14,28.143284
2014-04-15,28.519947
2014-04-16,28.862080
2014-04-17,29.125755
2014-04-21,29.323500
2014-04-22,29.276415
2014-04-23,29.430227
2014-04-24,29.439638
2014-04-25,29.263859
2014-04-28,29.314091
2014-04-29,29.449045
2014-04-30,29.423946
2014-05-01,29.358036
2014-05-02,29.417669
2014-05-05,29.555786
2014-05-06,29.599718
2014-05-07,29.857105
2014-05-08,29.430227
2014-05-09,29.401983
2014-05-12,29.609131
2014-05-13,29.719006
2014-05-14,29.731556
2014-05-15,29.392559
2014-05-16,29.317225
2014-05-19,29.408253
2014-05-20,29.323500
2014-05-21,29.640533
2014-05-22,29.612274
2014-05-23,29.552641
2014-05-27,29.634243
2014-05-28,29.684479
2014-05-29,29.938721
2014-05-30,29.916758
2014-06-02,29.879076
2014-06-03,29.982655
2014-06-04,29.966970
2014-06-05,30.139610
2014-06-06,30.387577
2014-06-09,30.434671
2014-06-10,30.384445
2014-06-11,30.500582
2014-06-12,30.601027
2014-06-13,30.892948
2014-06-16,31.078152
2014-06-17,31.056175
2014-06-18,31.291582
2014-06-19,31.514448
2014-06-20,31.827894
2014-06-23,31.941431
2014-06-24,31.269743
2014-06-25,31.506250
2014-06-26,31.540928
2014-06-27,31.540928
2014-06-30,31.566172
2014-07-01,31.585093
2014-07-02,31.537771
2014-07-03,31.657616
2014-07-07,31.414801
2014-07-08,31.364338
2014-07-09,31.572475
2014-07-10,31.269743
2014-07-11,31.030075
2014-07-14,31.298120
2014-07-15,31.162523
2014-07-16,31.635530
2014-07-17,31.124685
2014-07-18,31.216139
2014-07-21,31.263422
2014-07-22,31.487328
2014-07-23,31.689146
2014-07-24,31.717522
2014-07-25,31.484180
2014-07-28,31.408482
2014-07-29,31.329639
2014-07-30,31.143604
2014-07-31,30.471910
2014-08-01,30.225948
2014-08-04,30.733648
2014-08-05,30.061964
2014-08-06,30.150251
2014-08-07,29.961065
2014-08-08,30.462452
2014-08-11,30.465609
2014-08-12,30.241707
2014-08-13,30.339464
2014-08-14,30.166031
2014-08-15,30.389929
2014-08-18,30.471910
2014-08-19,30.705271
2014-08-20,30.771490
2014-08-21,30.796719
2014-08-22,30.591755
2014-08-25,30.862936
2014-08-26,31.020613
2014-08-27,30.957535
2014-08-28,30.963858
2014-08-29,31.137295
2014-09-02,30.743101
2014-09-03,30.825100
2014-09-04,30.408842
2014-09-05,30.613825
2014-09-08,30.137648
2014-09-09,30.005213
2014-09-10,29.932673
2014-09-11,29.951586
2014-09-12,29.503798
2014-09-15,29.711931
2014-09-16,30.071426
2014-09-17,29.907448
2014-09-18,29.752926
2014-09-19,29.728521
2014-09-22,29.291094
2014-09-23,29.205526
2014-09-24,29.230871
2014-09-25,28.783949
2014-09-26,29.154802
2014-09-29,29.088236
2014-09-30,28.723724
2014-10-01,28.137335
2014-10-02,27.991528
2014-10-03,27.947159
2014-10-06,27.978846
2014-10-07,27.614342
2014-10-08,27.883757
2014-10-09,26.859941
2014-10-10,26.482752
2014-10-13,25.664978
2014-10-14,25.341665
2014-10-15,25.535011
2014-10-16,25.991455
2014-10-17,26.213318
2014-10-20,26.441545
2014-10-21,27.246656
2014-10-22,26.729996
2014-10-23,27.227623
2014-10-24,27.132547
2014-10-27,26.562000
2014-10-28,27.167400
2014-10-29,27.256165
2014-10-30,27.157898
2014-10-31,27.709425
2014-11-03,27.271999
2014-11-04,26.710976
2014-11-05,27.180082
2014-11-06,27.522409
2014-11-07,27.826696
2014-11-10,27.576298
2014-11-11,27.658703
2014-11-12,27.414642
2014-11-13,27.050133
2014-11-14,27.325897
2014-11-17,27.183258
2014-11-18,27.205442
2014-11-19,27.348083
2014-11-20,27.690407
2014-11-21,28.051756
2014-11-24,27.836206
2014-11-25,27.382944
2014-11-26,27.037453
2014-11-28,25.300457
2014-12-01,25.389217
2014-12-02,25.664978
2014-12-03,25.978775
2014-12-04,25.753714
2014-12-05,25.446264
2014-12-08,24.416122
2014-12-09,24.682371
2014-12-10,23.921646
2014-12-11,23.905798
2014-12-12,23.462036
2014-12-15,23.252844
2014-12-16,23.458868
2014-12-17,24.431969
2014-12-18,24.901083
2014-12-19,25.696833
2014-12-22,25.435299
2014-12-23,25.744677
2014-12-24,25.556499
2014-12-26,25.550121
2014-12-29,25.642609
2014-12-30,25.438486
2014-12-31,25.247129
2015-01-02,25.365133
2015-01-05,24.315826
2015-01-06,23.958620
2015-01-07,24.009645
2015-01-08,24.548653
2015-01-09,24.354107
2015-01-12,23.652443
2015-01-13,23.464264
2015-01-14,23.537615
2015-01-15,23.237823
2015-01-16,23.993698
2015-01-20,24.022408
2015-01-21,24.510384
2015-01-22,24.625206
2015-01-23,24.449783
2015-01-26,24.800613
2015-01-27,24.784664
2015-01-28,23.808718
2015-01-29,23.888454
2015-01-30,24.095760
2015-02-02,24.832514
2015-02-03,25.511848
2015-02-04,25.090839
2015-02-05,25.451248
2015-02-06,25.457624
2015-02-09,25.483145
2015-02-10,25.470390
2015-02-11,25.291775
2015-02-12,25.623472
2015-02-13,26.165674
2015-02-17,26.245405
2015-02-18,25.932842
2015-02-19,25.811646
2015-02-20,25.687256
2015-02-23,25.582006
2015-02-24,25.652176
2015-02-25,25.792509
2015-02-26,25.314095
2015-02-27,25.202478
2015-03-02,25.027060
2015-03-03,25.119543
2015-03-04,25.084473
2015-03-05,24.934566
2015-03-06,24.488056
2015-03-09,24.312635
2015-03-10,23.974566
2015-03-11,24.044739
2015-03-12,23.891642
2015-03-13,23.802336
2015-03-16,24.124462
2015-03-17,24.031969
2015-03-18,24.730442
2015-03-19,24.338150
2015-03-20,24.696182
2015-03-23,24.609484
2015-03-24,24.445719
2015-03-25,24.763622
2015-03-26,24.734724
2015-03-27,24.532427
2015-03-30,25.059040
2015-03-31,24.911329
2015-04-01,24.904894
2015-04-02,24.956280
2015-04-06,25.405828
2015-04-07,25.421885
2015-04-08,25.216373
2015-04-09,25.620968
2015-04-10,25.733356
2015-04-13,25.476477
2015-04-14,25.935648
2015-04-15,26.555380
2015-04-16,26.494368
2015-04-17,26.301712
2015-04-20,26.401260
2015-04-21,26.121895
2015-04-22,26.295290
2015-04-23,26.475109
2015-04-24,26.324190
2015-04-27,26.295290
2015-04-28,26.426945
2015-04-29,26.632452
2015-04-30,26.548958
2015-05-01,26.609976
2015-05-04,26.542551
2015-05-05,26.215017
2015-05-06,26.112267
2015-05-07,25.829689
2015-05-08,26.253544
2015-05-11,25.759039
2015-05-12,25.877848
2015-05-13,25.810423
2015-05-14,25.800793
2015-05-15,25.903542
2015-05-18,25.926018
2015-05-19,25.556747
2015-05-20,25.604914
2015-05-21,25.845743
2015-05-22,25.752625
2015-05-26,25.344816
2015-05-27,25.299860
2015-05-28,25.200327
2015-05-29,25.171427
2015-06-01,25.107206
2015-06-02,25.280605
2015-06-03,25.107206
2015-06-04,24.766827
2015-06-05,24.940224
2015-06-08,24.798943
2015-06-09,24.795732
2015-06-10,25.100775
2015-06-11,24.988390
2015-06-12,24.709028
2015-06-15,24.651230
2015-06-16,24.843895
2015-06-17,24.782877
2015-06-18,24.766827
2015-06-19,24.537012
2015-06-22,24.837610
2015-06-23,24.918440
2015-06-24,24.763269
2015-06-25,24.511150
2015-06-26,24.591959
2015-06-29,24.126493
2015-06-30,24.294575
2015-07-01,23.984270
2015-07-02,24.090935
2015-07-06,23.774166
2015-07-07,23.990744
2015-07-08,23.505869
2015-07-09,23.625467
2015-07-10,23.754766
2015-07-13,23.922857
2015-07-14,24.094173
2015-07-15,23.670731
2015-07-16,23.703051
2015-07-17,23.415377
2015-07-20,23.105061
2015-07-21,23.114763
2015-07-22,22.927280
2015-07-23,22.907887
2015-07-24,22.468285
2015-07-27,22.145048
2015-07-28,22.778593
2015-07-29,23.088896
2015-07-30,22.927280
2015-07-31,22.426258
2015-08-03,21.954334
2015-08-04,21.879986
2015-08-05,21.715130
2015-08-06,22.061003
2015-08-07,21.666653
2015-08-10,22.358381
2015-08-11,22.400402
2015-08-12,22.807686
2015-08-13,22.461813
2015-08-14,22.413338
2015-08-17,22.461813
2015-08-18,22.377789
2015-08-19,21.760389
2015-08-20,21.269073
2015-08-21,20.525623
2015-08-24,19.423380
2015-08-25,19.142160
2015-08-26,19.801567
2015-08-27,20.780987
2015-08-28,21.252901
2015-08-31,21.472713
2015-09-01,20.716333
2015-09-02,20.907040
2015-09-03,20.965223
2015-09-04,20.619358
2015-09-08,20.942595
2015-09-09,20.548248
2015-09-10,20.667847
2015-09-11,20.483604
2015-09-14,20.305815
2015-09-15,20.532091
2015-09-16,21.113918
2015-09-17,21.100985
2015-09-18,20.546774
2015-09-21,20.664001
2015-09-22,20.445841
2015-09-23,20.182077
2015-09-24,20.269999
2015-09-25,20.309071
2015-09-28,19.498272
2015-09-29,19.468969
2015-09-30,19.928093
2015-10-01,19.967167
2015-10-02,20.790993
2015-10-05,21.419443
2015-10-06,21.894854
2015-10-07,22.171629
2015-10-08,22.594940
2015-10-09,22.448410
2015-10-12,22.158611
2015-10-13,21.927412
2015-10-14,22.116278
2015-10-15,22.513536
2015-10-16,22.542852
2015-10-19,22.096737
2015-10-20,22.158611
2015-10-21,21.885088
2015-10-22,22.279087
2015-10-23,22.226988
2015-10-26,21.683193
2015-10-27,21.422705
2015-10-28,21.898111
2015-10-29,22.008818
2015-10-30,22.152096
2015-11-02,22.669842
2015-11-03,23.249447
2015-11-04,23.041040
2015-11-05,22.845673
2015-11-06,22.728451
2015-11-09,22.503769
2015-11-10,22.552616
2015-11-11,22.073946
2015-11-12,21.572491
2015-11-13,21.484566
2015-11-16,22.200943
2015-11-17,21.956724
2015-11-18,22.318161
2015-11-19,22.018593
2015-11-20,21.784149
2015-11-23,21.940437
2015-11-24,22.409342
2015-11-25,22.226988
2015-11-27,22.067429
2015-11-30,22.148842
2015-12-01,22.324675
2015-12-02,21.634356
2015-12-03,21.201277
2015-12-04,21.067774
2015-12-07,20.266743
2015-12-08,20.058342
2015-12-09,20.322098
2015-12-10,20.452343
2015-12-11,19.687132
2015-12-14,19.791332
2015-12-15,20.289534
2015-12-16,20.156029
2015-12-17,19.661087
2015-12-18,19.316736
2015-12-21,19.336456
2015-12-22,19.563168
2015-12-23,20.414169
2015-12-24,20.230175
2015-12-28,19.862167
2015-12-29,20.000172
2015-12-30,19.730740
2015-12-31,19.819454
2016-01-04,19.812887
2016-01-05,19.888458
2016-01-06,19.122885
2016-01-07,18.656307
2016-01-08,18.416458
2016-01-11,18.022167
2016-01-12,18.064878
2016-01-13,17.631163
2016-01-14,18.390171
2016-01-15,17.857885
2016-01-19,17.473452
2016-01-20,17.010166
2016-01-21,17.539165
2016-01-22,18.314592
2016-01-25,17.460306
2016-01-26,18.120743
2016-01-27,18.035313
2016-01-28,18.584026
2016-01-29,19.126167
2016-02-01,18.807455
2016-02-02,18.179874
2016-02-03,18.827169
2016-02-04,18.817312
2016-02-05,18.380310
2016-02-08,18.285027
2016-02-09,17.844736
2016-02-10,17.772455
2016-02-11,17.696882
2016-02-12,18.163456
2016-02-16,18.344168
2016-02-17,18.945446
2016-02-18,18.708883
2016-02-19,18.666168
2016-02-22,19.142599
2016-02-23,18.488741
2016-02-24,18.676025
2016-02-25,18.692450
2016-02-26,18.804171
2016-02-29,18.590597
2016-03-01,19.076880
2016-03-02,19.543455
2016-03-03,19.839172
2016-03-04,20.029741
2016-03-07,20.499598
2016-03-08,19.638739
2016-03-09,19.957453
2016-03-10,19.973877
2016-03-11,20.489744
2016-03-14,20.355032
2016-03-15,20.315598
2016-03-16,20.667168
2016-03-17,20.949739
2016-03-18,21.009970
2016-03-21,20.937168
2016-03-22,20.821342
2016-03-23,20.364677
2016-03-24,20.463959
2016-03-28,20.354753
2016-03-29,20.450716
2016-03-30,20.490429
2016-03-31,20.480497
2016-04-01,20.205837
2016-04-04,20.056925
2016-04-05,19.921253
2016-04-06,20.351448
2016-04-07,20.232315
2016-04-08,20.639336
2016-04-11,20.553303
2016-04-12,21.165503
2016-04-13,21.264771
2016-04-14,21.314417
2016-04-15,21.026518
2016-04-18,21.373980
2016-04-19,21.800859
2016-04-20,21.996101
2016-04-21,21.867046
2016-04-22,22.184727
2016-04-25,21.936543
2016-04-26,22.287310
2016-04-27,22.710880
2016-04-28,22.373350
2016-04-29,22.336939
2016-05-02,22.313793
2016-05-03,21.787624
2016-05-04,21.473255
2016-05-05,21.648642
2016-05-06,21.598999
2016-05-09,21.284630
2016-05-10,21.658567
2016-05-11,21.724751
2016-05-12,21.784319
2016-05-13,21.506346
2016-05-16,21.870352
2016-05-17,21.972940
2016-05-18,21.761152
2016-05-19,21.764458
2016-05-20,21.893520
2016-05-23,21.837263
2016-05-24,21.946470
2016-05-25,22.293930
2016-05-26,22.201277
2016-05-27,22.214512
2016-05-31,22.128473
2016-06-01,22.135090
2016-06-02,22.105309
2016-06-03,22.019264
2016-06-06,22.505718
2016-06-07,23.015329
2016-06-08,22.962385
2016-06-09,22.786999
2016-06-10,22.293930
2016-06-13,22.227751
2016-06-14,22.214512
2016-06-15,22.161566
2016-06-16,22.055676
2016-06-17,22.280844
2016-06-20,22.474037
2016-06-21,22.740507
2016-06-22,22.613937
2016-06-23,22.987013
2016-06-24,22.244207
2016-06-27,21.531368
2016-06-28,22.130949
2016-06-29,22.550646
2016-06-30,22.730522
2016-07-01,22.850437
2016-07-05,22.390768
2016-07-06,22.487362
2016-07-07,22.257526
2016-07-08,22.553984
2016-07-11,22.597286
2016-07-12,23.156895
2016-07-13,22.957035
2016-07-14,23.073614
2016-07-15,23.060291
2016-07-18,23.076944
2016-07-19,22.947035
2016-07-20,22.913729
2016-07-21,22.687218
2016-07-22,22.757168
2016-07-25,22.304161
2016-07-26,22.434065
2016-07-27,22.214224
2016-07-28,22.217552
2016-07-29,22.444057
2016-08-01,21.704582
2016-08-02,21.901110
2016-08-03,22.324142
2016-08-04,22.290838
2016-08-05,22.494026
2016-08-08,22.793804
2016-08-09,22.673895
2016-08-10,22.427406
2016-08-11,22.757168
2016-08-12,22.883749
2016-08-15,23.066948
2016-08-16,23.103590
2016-08-17,23.173538
2016-08-18,23.649870
2016-08-19,23.453342
2016-08-22,23.183535
2016-08-23,23.346746
2016-08-24,23.253479
2016-08-25,23.190195
2016-08-26,23.110250
2016-08-29,23.266808
2016-08-30,23.186867
2016-08-31,22.820456
2016-09-01,22.753839
2016-09-02,23.010323
2016-09-06,23.356749
2016-09-07,23.489985
2016-09-08,23.929678
2016-09-09,23.216843
2016-09-12,23.446676
2016-09-13,22.777155
2016-09-14,22.507347
2016-09-15,22.787148
2016-09-16,22.603174
2016-09-19,22.589773
2016-09-20,22.425570
2016-09-21,22.944990
2016-09-22,22.971802
2016-09-23,22.666845
2016-09-26,22.566309
2016-09-27,22.415512
2016-09-28,23.383984
2016-09-29,23.343771
2016-09-30,23.662128
2016-10-03,23.645370
2016-10-04,23.404089
2016-10-05,23.762653
2016-10-06,23.799519
2016-10-07,23.662128
2016-10-10,24.034094
2016-10-11,23.759304
2016-10-12,23.658768
2016-10-13,23.528072
2016-10-14,23.390682
2016-10-17,23.276741
2016-10-18,23.370577
2016-10-19,23.702339
2016-10-20,23.675524
2016-10-21,23.521381
2016-10-24,23.451000
2016-10-25,23.343771
2016-10-26,23.397377
2016-10-27,23.310253
2016-10-28,23.246588
2016-10-31,22.995260
2016-11-01,22.998596
2016-11-02,22.743921
2016-11-03,22.834398
2016-11-04,22.710415
2016-11-07,23.199669
2016-11-08,23.229824
2016-11-09,23.608500
2016-11-10,23.709040
2016-11-11,23.276741
2016-11-14,23.407434
2016-11-15,24.067610
2016-11-16,23.900051
2016-11-17,23.739187
2016-11-18,23.836376
2016-11-21,24.402710
2016-11-22,24.389313
2016-11-23,24.489843
2016-11-25,24.369205
2016-11-28,24.030746
2016-11-29,23.735849
2016-11-30,24.942240
2016-12-01,25.002563
2016-12-02,25.076288
2016-12-05,25.297457
2016-12-06,25.250546
2016-12-07,25.451614
2016-12-08,25.588999
2016-12-09,25.669432
2016-12-12,25.790068
2016-12-13,26.081610
2016-12-14,25.558842
2016-12-15,25.615820
2016-12-16,25.774826
2016-12-19,25.656918
2016-12-20,25.599648
2016-12-21,25.640066
2016-12-22,25.744497
2016-12-23,25.720911
2016-12-27,25.778193
2016-12-28,25.498583
2016-12-29,25.448040
2016-12-30,25.373930
2017-01-03,25.660284
2017-01-04,25.606382
2017-01-05,25.542370
2017-01-06,25.565956
2017-01-09,25.195387
2017-01-10,24.966303
2017-01-11,25.235806
2017-01-12,25.131378
2017-01-13,25.057268
2017-01-17,25.212229
2017-01-18,25.154966
2017-01-19,25.016842
2017-01-20,25.111166
2017-01-23,24.845028
2017-01-24,25.117899
2017-01-25,25.249292
2017-01-26,25.269499
2017-01-27,25.006731
2017-01-30,24.548573
2017-01-31,24.558681
2017-02-01,24.376764
2017-02-02,24.514889
2017-02-03,24.727127
2017-02-06,24.518253
2017-02-07,24.171261
2017-02-08,24.228529
2017-02-09,24.501410
2017-02-10,24.686693
2017-02-13,24.733864
2017-02-14,24.814707
2017-02-15,24.717020
2017-02-16,24.380133
2017-02-17,24.245380
2017-02-21,24.410444
2017-02-22,24.039881
2017-02-23,24.140949
2017-02-24,23.915236
2017-02-27,24.120733
2017-02-28,24.046619
2017-03-01,24.528357
2017-03-02,24.295914
2017-03-03,24.252117
2017-03-06,24.306015
2017-03-07,24.090412
2017-03-08,23.463814
2017-03-09,23.618776
2017-03-10,23.585089
2017-03-13,23.588465
2017-03-14,23.322325
2017-03-15,23.841120
2017-03-16,23.672684
2017-03-17,23.655396
2017-03-20,23.621508
2017-03-21,23.455448
2017-03-22,23.421553
2017-03-23,23.326662
2017-03-24,23.235153
2017-03-27,23.126707
2017-03-28,23.455448
2017-03-29,23.777403
2017-03-30,23.770622
2017-03-31,23.689289
2017-04-03,23.648624
2017-04-04,23.821457
2017-04-05,23.746902
2017-04-06,23.936691
2017-04-07,23.845181
2017-04-10,24.024797
2017-04-11,24.028187
2017-04-12,23.926517
2017-04-13,23.489332
2017-04-17,23.540171
2017-04-18,23.319883
2017-04-19,22.977591
2017-04-20,23.089422
2017-04-21,22.974201
2017-04-24,23.109760
2017-04-25,23.306330
2017-04-26,23.228374
2017-04-27,22.974201
2017-04-28,22.991146
2017-05-01,22.926752
2017-05-02,22.811523
2017-05-03,22.875916
2017-05-04,22.455679
2017-05-05,22.811523
2017-05-08,22.974201
2017-05-09,22.784416
2017-05-10,23.086037
2017-05-11,23.038595
2017-05-12,22.960649
2017-05-15,23.140263
2017-05-16,23.025043
2017-05-17,22.797966
2017-05-18,22.791191
2017-05-19,23.072479
2017-05-22,23.021648
2017-05-23,23.075871
2017-05-24,22.953871
2017-05-25,22.537020
2017-05-26,22.574295
2017-05-30,22.272676
2017-05-31,22.177780
2017-06-01,22.316734
2017-06-02,22.059160
2017-06-05,22.099831
2017-06-06,22.360783
2017-06-07,22.045610
2017-06-08,21.981218
2017-06-09,22.509909
2017-06-12,22.669189
2017-06-13,22.838640
2017-06-14,22.425180
2017-06-15,22.255728
2017-06-16,22.623926
2017-06-19,22.480600
2017-06-20,22.193968
2017-06-21,21.835669
2017-06-22,21.822020
2017-06-23,21.968748
2017-06-26,21.920980
2017-06-27,21.886852
2017-06-28,22.006287
2017-06-29,22.054056
2017-06-30,22.153015
2017-07-03,22.579563
2017-07-05,22.122301
2017-07-06,21.876614
2017-07-07,21.842491
2017-07-10,21.914152
2017-07-11,22.033590
2017-07-12,22.095005
2017-07-13,22.183729
2017-07-14,22.316813
2017-07-17,22.289503
2017-07-18,22.183729
2017-07-19,22.507902
2017-07-20,22.439653
2017-07-21,22.217852
2017-07-24,22.176903
2017-07-25,22.456717
2017-07-26,22.480600
2017-07-27,22.709227
2017-07-28,22.681929
2017-07-31,22.733116
2017-08-01,22.729702
2017-08-02,22.644398
2017-08-03,22.327042
2017-08-04,22.398706
2017-08-07,22.228088
2017-08-08,22.176903
2017-08-09,22.197376
2017-08-10,21.961922
2017-08-11,21.818605
2017-08-14,21.753773
2017-08-15,21.671875
2017-08-16,21.463724
2017-08-17,21.160019
2017-08-18,21.265806
2017-08-21,21.156610
2017-08-22,21.296513
2017-08-23,21.388653
2017-08-24,21.402296
2017-08-25,21.497845
2017-08-28,21.402296
2017-08-29,21.375004
2017-08-30,21.385235
2017-08-31,21.487608
2017-09-01,21.695765
2017-09-05,21.815195
2017-09-06,22.170076
2017-09-07,22.211021
2017-09-08,21.975571
2017-09-11,22.183729
2017-09-12,22.320225
2017-09-13,22.600040
2017-09-14,22.709227
2017-09-15,22.762815
2017-09-18,22.859625
2017-09-19,22.952969
2017-09-20,23.108541
2017-09-21,23.115456
2017-09-22,23.233006
2017-09-25,23.568371
2017-09-26,23.557993
2017-09-27,23.658258
2017-09-28,23.679003
2017-09-29,23.675547
2017-10-02,23.668631
2017-10-03,23.644430
2017-10-04,23.627134
2017-10-05,23.734310
2017-10-06,23.533798
2017-10-09,23.582197
2017-10-10,23.602934
2017-10-11,23.658258
2017-10-12,23.571827
2017-10-13,23.557993
2017-10-16,23.609854
2017-10-17,23.623686
2017-10-18,23.457739
2017-10-19,23.385134
2017-10-20,23.430079
2017-10-23,23.309069
2017-10-24,23.354019
2017-10-25,23.191525
2017-10-26,23.239925
2017-10-27,23.281416
2017-10-30,23.402418
2017-10-31,23.478477
2017-11-01,23.744692
2017-11-02,23.675547
2017-11-03,23.744692
2017-11-06,24.287481
2017-11-07,24.256371
2017-11-08,24.138817
2017-11-09,24.211424
2017-11-10,24.083513
2017-11-13,23.945211
2017-11-14,23.557993
2017-11-15,23.291784
2017-11-16,23.198439
2017-11-17,23.312531
2017-11-20,23.257206
2017-11-21,23.309069
2017-11-22,23.402418
2017-11-24,23.468105
2017-11-27,23.229557
2017-11-28,23.409330
2017-11-29,23.537249
2017-11-30,23.889896
2017-12-01,24.090416
2017-12-04,24.080051
2017-12-05,23.976328
2017-12-06,23.665171
2017-12-07,23.734310
2017-12-08,23.952131
2017-12-11,24.124998
2017-12-12,24.059303
2017-12-13,24.024729
2017-12-14,23.938301
2017-12-15,23.916727
2017-12-18,24.101181
2017-12-19,24.135981
2017-12-20,24.477051
2017-12-21,24.995619
2017-12-22,25.047819
2017-12-26,25.267084
2017-12-27,25.183559
2017-12-28,25.221836
2017-12-29,25.148754
2018-01-02,25.562904
2018-01-03,25.945740
2018-01-04,26.102352
2018-01-05,26.091913
2018-01-08,26.248543
2018-01-09,26.182407
2018-01-10,26.151081
2018-01-11,26.687048
2018-01-12,26.944590
2018-01-16,26.603525
2018-01-17,26.836700
2018-01-18,26.617445
2018-01-19,26.582638
2018-01-22,27.156900
2018-01-23,27.115129
2018-01-24,27.042040
2018-01-25,26.829742
2018-01-26,26.975922
2018-01-29,26.568727
2018-01-30,26.032745
2018-01-31,26.050148
2018-02-01,26.318138
2018-02-02,25.218359
2018-02-05,24.160341
2018-02-06,24.351759
2018-02-07,23.944559
2018-02-08,23.220652
2018-02-09,23.203259
2018-02-12,23.582607
2018-02-13,23.485165
2018-02-14,23.826231
2018-02-15,23.767069
2018-02-16,23.707903
2018-02-20,23.579128
2018-02-21,23.182377
2018-02-22,23.436440
2018-02-23,23.944559
2018-02-26,24.087257
2018-02-27,23.774029
2018-02-28,23.227617
2018-03-01,23.192816
2018-03-02,23.300707
2018-03-05,23.547810
2018-03-06,23.561726
2018-03-07,23.384233
2018-03-08,23.377272
2018-03-09,23.822754
2018-03-12,23.815792
2018-03-13,23.645258
2018-03-14,23.506037
2018-03-15,23.384233
2018-03-16,23.592783
2018-03-19,23.228258
2018-03-20,23.424540
2018-03-21,24.037933
2018-03-22,23.547220
2018-03-23,23.403505
2018-03-26,23.824123
2018-03-27,23.599794
2018-03-28,23.140629
2018-03-29,23.627842
2018-04-02,23.154644
2018-04-03,23.648874
2018-04-04,23.617327
2018-04-05,24.041433
2018-04-06,23.606802
2018-04-09,23.718966
2018-04-10,24.504108
2018-04-11,24.759979
2018-04-12,24.756483
2018-04-13,25.029873
2018-04-16,25.285749
2018-04-17,25.383888
2018-04-18,25.783468
2018-04-19,25.815014
2018-04-20,25.692337
2018-04-23,25.850067
2018-04-24,25.573168
2018-04-25,25.776461
2018-04-26,26.151501
2018-04-27,25.874598
2018-04-30,25.871094
2018-05-01,25.713369
2018-05-02,25.818521
2018-05-03,25.758932
2018-05-04,25.885117
2018-05-07,25.920166
2018-05-08,26.123465
2018-05-09,26.656242
2018-05-10,26.856028
2018-05-11,26.894590
2018-05-14,27.080362
2018-05-15,27.087370
2018-05-16,27.182005
2018-05-17,27.592093
2018-05-18,27.378284
2018-05-21,27.658695
2018-05-22,27.290655
2018-05-23,27.287155
2018-05-24,26.838505
2018-05-25,26.140984
2018-05-29,26.060373
2018-05-30,26.849014
2018-05-31,26.645720
2018-06-01,26.771902
2018-06-04,26.540573
2018-06-05,26.477478
2018-06-06,26.603659
2018-06-07,27.006748
2018-06-08,26.954166
2018-06-11,27.094370
2018-06-12,26.887573
2018-06-13,26.785925
2018-06-14,26.747368
2018-06-15,26.172878
2018-06-18,26.434013
2018-06-19,26.374029
2018-06-20,26.490480
2018-06-21,25.999983
2018-06-22,26.518713
2018-06-25,25.985859
2018-06-26,26.314034
2018-06-27,26.666910
2018-06-28,26.631632
2018-06-29,26.797483
2018-07-02,26.402258
2018-07-03,26.568104
2018-07-05,26.539873
2018-07-06,26.702206
2018-07-09,27.100958
2018-07-10,27.302095
2018-07-11,26.723383
2018-07-12,26.769243
2018-07-13,26.910402
2018-07-16,26.599865
2018-07-17,26.494007
2018-07-18,26.511650
2018-07-19,26.518713
2018-07-20,26.426956
2018-07-23,26.310505
2018-07-24,26.642214
2018-07-25,26.864517
2018-07-26,27.157415
2018-07-27,27.040962
2018-07-30,27.263275
2018-07-31,27.213879
2018-08-01,26.836296
2018-08-02,26.688087
2018-08-03,26.550467
2018-08-06,26.649277
2018-08-07,26.846889
2018-08-08,26.652794
2018-08-09,26.405783
2018-08-10,26.568104
2018-08-13,26.229349
2018-08-14,26.292868
2018-08-15,25.375385
2018-08-16,25.558872
2018-08-17,25.622400
2018-08-20,25.795307
2018-08-21,25.925867
2018-08-22,26.236403
2018-08-23,26.112898
2018-08-24,26.303444
2018-08-27,26.497530
2018-08-28,26.384611
2018-08-29,26.546928
2018-08-30,26.472828
2018-08-31,26.268162
2018-09-04,26.211702
2018-09-05,26.176416
2018-09-06,25.692968
2018-09-07,25.689447
2018-09-10,25.678860
2018-09-11,25.922346
2018-09-12,26.056438
2018-09-13,26.067020
2018-09-14,26.204639
2018-09-17,26.246998
2018-09-18,26.419897
2018-09-19,26.501062
2018-09-20,26.508120
2018-09-21,26.683283
2018-09-24,27.074120
2018-09-25,27.248220
2018-09-26,26.985296
2018-09-27,26.985296
2018-09-28,26.910686
2018-10-01,27.283747
2018-10-02,27.312185
2018-10-03,27.532463
2018-10-04,27.418760
2018-10-05,27.415207
2018-10-08,27.393892
2018-10-09,27.639053
2018-10-10,26.772106
2018-10-11,25.866093
2018-10-12,25.937153
2018-10-15,25.720415
2018-10-16,25.933596
2018-10-17,25.770157
2018-10-18,25.642241
2018-10-19,25.414852
2018-10-22,25.134157
2018-10-23,24.476851
2018-10-24,23.510427
2018-10-25,23.798220
2018-10-26,23.620569
2018-10-29,23.179993
2018-10-30,23.716501
2018-10-31,23.862173
2018-11-01,24.064695
2018-11-02,24.004290
2018-11-05,24.405790
2018-11-06,24.519485
2018-11-07,24.920980
2018-11-08,24.380922
2018-11-09,24.338285
2018-11-12,23.833754
2018-11-13,23.286583
2018-11-14,23.247503
2018-11-15,23.588593
2018-11-16,23.869278
2018-11-19,23.862173
2018-11-20,23.080509
2018-11-21,23.442915
2018-11-23,22.707436
2018-11-26,23.048532
2018-11-27,22.984577
2018-11-28,23.378967
2018-11-29,23.531750
2018-11-30,23.489101
2018-12-03,24.011396
2018-12-04,23.322111
2018-12-06,22.892200
2018-12-07,22.764286
2018-12-10,22.408987
2018-12-11,22.416090
2018-12-12,22.504913
2018-12-13,22.575974
2018-12-14,22.060789
2018-12-17,21.659296
2018-12-18,21.147659
2018-12-19,20.898945
2018-12-20,20.319799
2018-12-21,20.122557
2018-12-24,19.308474
2018-12-26,20.509871
2018-12-27,20.617456
2018-12-28,20.459667
2018-12-31,20.567249
2019-01-02,20.972500
2019-01-03,20.764500
2019-01-04,21.470991
2019-01-07,21.790165
2019-01-08,21.958723
2019-01-09,22.306595
2019-01-10,22.371149
2019-01-11,22.238457
2019-01-14,22.184656
2019-01-15,22.263557
2019-01-16,22.234867
2019-01-17,22.439281
2019-01-18,22.894737
2019-01-22,22.396248
2019-01-23,22.166731
2019-01-24,22.285076
2019-01-25,22.568386
2019-01-28,22.342453
2019-01-29,22.410593
2019-01-30,22.726189
2019-01-31,22.873224
2019-02-01,23.271299
2019-02-04,23.325094
2019-02-05,23.360958
2019-02-06,23.188818
2019-02-07,22.675983
2019-02-08,22.571978
2019-02-11,22.679565
2019-02-12,22.966469
2019-02-13,23.253374
2019-02-14,23.335852
2019-02-15,23.712408
2019-02-19,23.784140
2019-02-20,23.884554
2019-02-21,23.515165
2019-02-22,23.583303
2019-02-25,23.622757
2019-02-26,23.547447
2019-02-27,23.637100
2019-02-28,23.400404
2019-03-01,23.830761
2019-03-04,23.873791
2019-03-05,23.794895
2019-03-06,23.493647
2019-03-07,23.353777
2019-03-08,22.916262
2019-03-11,23.274883
2019-03-12,23.425508
2019-03-13,23.662201
2019-03-14,23.687309
2019-03-15,23.677906
2019-03-18,24.006817
2019-03-19,23.941761
2019-03-20,24.151394
2019-03-21,24.321270
2019-03-22,23.663450
2019-03-25,23.674297
2019-03-26,24.014050
2019-03-27,23.844170
2019-03-28,23.934530
2019-03-29,23.898388
2019-04-01,24.212835
2019-04-02,24.046576
2019-04-03,23.815254
2019-04-04,24.014050
2019-04-05,24.436932
2019-04-08,24.545366
2019-04-09,24.245371
2019-04-10,24.335728
2019-04-11,24.353804
2019-04-12,24.418858
2019-04-15,24.274286
2019-04-16,24.433315
2019-04-17,24.400791
2019-04-18,24.285130
2019-04-22,24.798374
2019-04-23,24.758610
2019-04-24,24.324886
2019-04-25,24.248985
2019-04-26,23.934530
2019-04-29,23.912846
2019-04-30,23.894773
2019-05-01,23.417675
2019-05-02,23.009249
2019-05-03,23.222494
2019-05-06,23.244177
2019-05-07,23.041779
2019-05-08,23.041779
2019-05-09,23.041779
2019-05-10,23.150208
2019-05-13,22.752626
2019-05-14,23.030937
2019-05-15,23.150208
2019-05-16,23.276711
2019-05-17,23.041779
2019-05-20,23.052618
2019-05-21,23.320082
2019-05-22,22.958652
2019-05-23,22.188782
2019-05-24,22.271912
2019-05-28,22.040586
2019-05-29,21.899628
2019-05-30,21.621321
2019-05-31,21.241812
2019-06-03,21.512888
2019-06-04,21.885170
2019-06-05,21.643003
2019-06-06,22.044199
2019-06-07,22.145407
2019-06-10,22.210464
2019-06-11,22.253836
2019-06-12,21.939383
2019-06-13,22.196007
2019-06-14,22.051434
2019-06-17,22.235765
2019-06-18,22.542984
2019-06-19,22.517691
2019-06-20,23.016474
2019-06-21,23.182793
2019-06-24,22.974894
2019-06-25,22.792524
2019-06-26,23.142672
2019-06-27,22.971249
2019-06-28,23.237507
2019-07-01,23.259394
2019-07-02,22.887362
2019-07-03,22.978540
2019-07-05,23.011368
2019-07-08,23.044197
2019-07-09,23.062429
2019-07-10,23.357870
2019-07-11,23.405291
2019-07-12,23.503759
2019-07-15,23.292213
2019-07-16,23.044197
2019-07-17,22.781578
2019-07-18,22.785233
2019-07-19,22.891001
2019-07-22,22.996778
2019-07-23,23.058784
2019-07-24,23.157267
2019-07-25,22.894655
2019-07-26,22.777937
2019-07-29,22.686750
2019-07-30,22.942072
2019-07-31,22.869120
2019-08-01,22.351191
2019-08-02,22.030220
2019-08-05,21.373693
2019-08-06,21.348160
2019-08-07,21.187674
2019-08-08,21.796787
2019-08-09,21.556057
2019-08-12,21.300745
2019-08-13,21.497700
2019-08-14,20.655157
2019-08-15,20.527496
2019-08-16,20.797403
2019-08-19,21.256975
2019-08-20,21.078251
2019-08-21,21.213207
2019-08-22,21.118372
2019-08-23,20.410784
2019-08-26,20.498314
2019-08-27,20.370657
2019-08-28,20.662453
2019-08-29,20.965187
2019-08-30,20.965187
2019-09-03,20.863062
2019-09-04,21.154846
2019-09-05,21.417463
2019-09-06,21.530531
2019-09-09,21.960922
2019-09-10,22.219887
2019-09-11,22.241770
2019-09-12,22.103165
2019-09-13,22.278244
2019-09-16,23.025959
2019-09-17,22.704988
2019-09-18,22.595572
2019-09-19,22.537205
2019-09-20,22.555613
2019-09-23,22.562973
2019-09-24,22.205946
2019-09-25,22.242748
2019-09-26,21.951971
2019-09-27,21.948290
2019-09-30,21.790014
2019-10-01,21.285755
2019-10-02,20.763092
2019-10-03,20.987617
2019-10-04,21.120121
2019-10-07,20.932404
2019-10-08,20.575375
2019-10-09,20.763092
2019-10-10,21.024418
2019-10-11,21.307837
2019-10-14,21.296801
2019-10-15,21.385136
2019-10-16,21.086998
2019-10-17,21.101719
2019-10-18,20.991295
2019-10-21,21.366726
2019-10-22,21.642782
2019-10-23,21.823143
2019-10-24,21.731119
2019-10-25,21.907801
2019-10-28,21.782654
2019-10-29,21.870991
2019-10-30,21.425623
2019-10-31,21.333603
2019-11-01,21.819468
2019-11-04,22.529848
2019-11-05,22.559296
2019-11-06,22.099199
2019-11-07,22.430468
2019-11-08,22.338453
2019-11-11,22.213301
2019-11-12,22.099199
2019-11-13,22.003500
2019-11-14,21.944609
2019-11-15,22.113922
2019-11-18,21.845222
2019-11-19,21.521324
2019-11-20,21.738489
2019-11-21,22.095518
2019-11-22,22.021906
2019-11-25,22.043983
2019-11-26,21.841541
2019-11-27,21.896757
2019-11-29,21.675915
2019-12-02,21.675915
2019-12-03,21.352009
2019-12-04,21.672234
2019-12-05,21.569176
2019-12-06,21.981419
2019-12-09,21.955650
2019-12-10,21.999817
2019-12-11,21.963009
2019-12-12,22.367893
2019-12-13,22.198580
2019-12-16,22.496721
2019-12-17,22.511446
2019-12-18,22.596100
2019-12-19,22.588736
2019-12-20,22.805418
2019-12-23,23.039572
2019-12-24,23.028419
2019-12-26,23.020985
2019-12-27,22.924351
2019-12-30,22.852005
2019-12-31,22.982155
2020-01-02,23.188852
2020-01-03,23.119953
2020-01-06,23.299866
2020-01-07,23.238613
2020-01-08,22.855833
2020-01-09,23.024260
2020-01-10,22.894112
2020-01-13,22.901770
2020-01-14,22.905594
2020-01-15,22.737173
2020-01-16,22.775450
2020-01-17,22.629995
2020-01-21,22.224243
2020-01-22,22.009886
2020-01-23,21.925671
2020-01-24,21.673044
2020-01-27,21.072075
2020-01-28,21.167770
2020-01-29,20.945759
2020-01-30,21.114187
2020-01-31,20.455801
2020-02-03,20.187855
2020-02-04,20.260580
2020-02-05,21.022312
2020-02-06,20.807959
2020-02-07,20.662502
2020-02-10,20.559149
2020-02-11,20.788816
2020-02-12,21.068249
2020-02-13,21.003170
2020-02-14,20.892170
2020-02-18,20.719919
2020-02-19,20.995522
2020-02-20,20.972555
2020-02-21,20.723745
2020-02-24,19.766792
2020-02-25,18.894049
2020-02-26,18.323709
2020-02-27,17.343788
2020-02-28,17.328484
2020-03-02,18.028971
2020-03-03,17.477762
2020-03-04,17.891169
2020-03-05,17.236612
2020-03-06,16.268183
2020-03-09,12.991576
2020-03-10,13.607852
2020-03-11,12.888223
2020-03-12,11.280547
2020-03-13,12.321711
2020-03-16,10.645130
2020-03-17,10.717858
2020-03-18,9.179078
2020-03-19,9.803013
2020-03-20,9.898705
2020-03-23,9.224027
2020-03-24,10.703316
2020-03-25,11.208149
2020-03-26,11.893006
2020-03-27,11.086833
2020-03-30,11.200327
2020-03-31,11.372519
2020-04-01,10.808979
2020-04-02,11.799085
2020-04-03,11.673856
2020-04-06,12.292180
2020-04-07,12.554383
2020-04-08,13.391866
2020-04-09,13.270546
2020-04-13,13.227498
2020-04-14,13.164882
2020-04-15,12.546558
2020-04-16,12.010411
2020-04-17,13.286201
2020-04-20,12.871372
2020-04-21,12.644393
2020-04-22,13.094442
2020-04-23,13.517093
2020-04-24,13.548404
2020-04-27,13.841910
2020-04-28,14.158902
2020-04-29,15.207707
2020-04-30,14.871150
2020-05-01,14.029757
2020-05-04,14.515026
2020-05-05,14.526764
2020-05-06,14.147159
2020-05-07,14.515026
2020-05-08,15.176403
2020-05-11,14.910286
2020-05-12,14.648087
2020-05-13,13.982796
2020-05-14,14.139335
2020-05-15,14.084545
2020-05-18,15.235106
2020-05-19,14.808537
2020-05-20,15.399467
2020-05-21,15.152917
2020-05-22,15.059002
2020-05-26,15.477740
2020-05-27,15.677325
2020-05-28,15.239016
2020-05-29,15.168572
2020-06-01,15.434689
2020-06-02,15.865173
2020-06-03,16.330873
2020-06-04,16.334784
2020-06-05,17.547956
2020-06-08,18.338480
2020-06-09,17.649706
2020-06-10,16.780922
2020-06-11,15.199880
2020-06-12,15.583404
2020-06-15,15.630365
2020-06-16,16.080408
2020-06-17,15.532521
2020-06-18,15.724284
2020-06-19,15.485564
2020-06-22,15.557304
2020-06-23,15.573164
2020-06-24,14.709090
2020-06-25,14.990507
2020-06-26,14.471262
2020-06-29,14.665486
2020-06-30,15.002398
2020-07-01,14.637741
2020-07-02,14.800251
2020-07-06,14.843850
2020-07-07,14.372173
2020-07-08,14.360284
2020-07-09,13.650793
2020-07-10,14.086798
2020-07-13,14.011482
2020-07-14,14.502978
2020-07-15,14.816108
2020-07-16,14.748723
2020-07-17,14.542615
2020-07-20,14.300833
2020-07-21,15.164905
2020-07-22,14.978613
2020-07-23,14.950870
2020-07-24,14.867635
2020-07-27,14.883485
2020-07-28,14.629816
2020-07-29,14.935013
2020-07-30,14.348394
2020-07-31,14.281014
2020-08-03,14.332540
2020-08-04,14.681340
2020-08-05,14.835921
2020-08-06,14.717013
2020-08-07,14.736833
2020-08-10,15.192652
2020-08-11,15.141127
2020-08-12,15.291743
2020-08-13,14.994467
2020-08-14,15.137160
2020-08-17,15.049959
2020-08-18,14.859706
2020-08-19,14.689268
2020-08-20,14.372173
2020-08-21,14.281014
2020-08-24,14.673413
2020-08-25,14.467304
2020-08-26,14.162102
2020-08-27,14.189852
2020-08-28,14.443523
2020-08-31,14.130397
2020-09-01,14.035268
2020-09-02,13.967886
2020-09-03,13.864831
2020-09-04,13.821234
2020-09-08,13.317847
2020-09-09,13.409012
2020-09-10,12.917518
2020-09-11,12.929408
2020-09-14,13.028500
2020-09-15,12.933372
2020-09-16,13.452610
2020-09-17,13.472431
2020-09-18,13.321809
2020-09-21,12.880247
2020-09-22,12.747296
2020-09-23,12.171167
2020-09-24,12.167143
2020-09-25,12.159081
2020-09-28,12.445131
2020-09-29,12.102681
2020-09-30,12.066421
2020-10-01,11.695765
2020-10-02,11.808574
2020-10-05,12.163111
2020-10-06,11.981812
2020-10-07,12.151025
2020-10-08,12.606286
2020-10-09,12.404842
2020-10-12,12.437074
2020-10-13,12.243691
2020-10-14,12.296065
2020-10-15,12.445131
2020-10-16,12.163111
2020-10-19,11.905266
2020-10-20,12.046275
2020-10-21,11.816629
2020-10-22,12.304120
2020-10-23,12.243691
2020-10-26,11.804543
2020-10-27,11.651445
2020-10-28,11.163956
2020-10-29,11.506407
2020-10-30,11.570870
2020-11-02,11.965698
2020-11-03,11.897207
2020-11-04,11.913321
2020-11-05,11.913321
2020-11-06,11.655478
2020-11-09,13.319392
2020-11-10,13.750481
2020-11-11,13.609468
2020-11-12,13.170326
2020-11-13,13.649758
2020-11-16,14.548193
2020-11-17,14.697259
2020-11-18,14.270200
2020-11-19,14.503874
2020-11-20,14.427329
2020-11-23,15.446630
2020-11-24,16.240313
2020-11-25,15.861598
2020-11-27,15.676272
2020-11-30,14.810070
2020-12-01,14.878560
2020-12-02,15.362025
2020-12-03,15.523175
2020-12-04,16.369234
2020-12-07,15.986498
2020-12-08,16.224203
2020-12-09,16.260456
2020-12-10,16.760033
2020-12-11,16.566654
2020-12-14,15.986498
2020-12-15,16.300747
2020-12-16,16.220169
2020-12-17,16.143618
2020-12-18,15.873683
2020-12-21,15.567485
2020-12-22,15.306187
2020-12-23,15.645050
2020-12-24,15.563399
2020-12-28,15.465413
2020-12-29,15.363345
2020-12-30,15.604228
2020-12-31,15.473581
2021-01-04,15.498077
2021-01-05,16.192141
2021-01-06,16.686152
2021-01-07,16.931114
2021-01-08,16.910704
2021-01-11,17.176081
2021-01-12,17.776247
2021-01-13,17.637430
2021-01-14,18.160025
2021-01-15,17.453709
2021-01-19,17.804819
2021-01-20,17.870146
2021-01-21,17.265902
2021-01-22,17.176081
2021-01-25,17.000521
2021-01-26,16.637157
2021-01-27,16.412607
2021-01-28,16.604500
2021-01-29,16.053329
2021-02-01,16.167646
2021-02-02,16.343204
2021-02-03,17.041349
2021-02-04,17.229155
2021-02-05,17.376133
2021-02-08,18.102863
2021-02-09,17.910973
2021-02-10,18.253927
2021-02-11,17.972210
2021-02-12,18.237591
2021-02-16,18.694860
2021-02-17,18.972488
2021-02-18,18.543795
2021-02-19,18.854084
2021-02-22,19.507324
2021-02-23,19.829857
2021-02-24,20.532089
2021-02-25,20.136068
2021-02-26,19.658388
2021-03-01,20.168728
2021-03-02,20.058491
2021-03-03,20.352449
2021-03-04,20.838291
2021-03-05,21.618103
2021-03-08,21.658922
2021-03-09,21.279230
2021-03-10,21.818155
2021-03-11,21.826324
2021-03-12,21.871229
2021-03-15,21.622183
2021-03-16,21.005690
2021-03-17,21.168995
2021-03-18,20.217722
2021-03-19,20.221800
2021-03-22,20.027880
2021-03-23,19.734930
2021-03-24,20.230059
2021-03-25,20.304327
2021-03-26,20.807707
2021-03-29,20.560141
2021-03-30,20.382719
2021-03-31,20.242435
2021-04-01,20.758190
2021-04-05,20.263063
2021-04-06,20.209423
2021-04-07,20.279570
2021-04-08,20.015501
2021-04-09,19.883465
2021-04-12,19.726675
2021-04-13,19.747307
2021-04-14,20.296072
2021-04-15,20.131031
2021-04-16,19.970114
2021-04-19,19.949482
2021-04-20,19.421349
2021-04-21,19.668909
2021-04-22,19.437859
2021-04-23,19.615271
2021-04-26,19.747307
2021-04-27,19.986618
2021-04-28,20.675671
2021-04-29,20.906727
2021-04-30,20.378595
2021-05-03,20.939739
2021-05-04,20.952116
2021-05-05,21.628788
2021-05-06,21.740187
2021-05-07,22.128042
2021-05-10,22.136295
2021-05-11,21.566896
2021-05-12,21.670050
2021-05-13,21.405979
2021-05-14,22.070280
2021-05-17,22.581911
2021-05-18,22.057903
2021-05-19,21.509132
2021-05-20,21.476124
2021-05-21,21.521515
2021-05-24,21.736063
2021-05-25,21.294580
2021-05-26,21.484379
2021-05-27,21.500875
2021-05-28,21.542143
2021-06-01,22.371477
2021-06-02,22.788214
2021-06-03,22.850105
2021-06-04,23.002766
2021-06-07,22.903742
2021-06-08,23.101791
2021-06-09,22.957378
2021-06-10,22.928492
2021-06-11,22.850105
2021-06-14,22.751078
2021-06-15,23.184313
2021-06-16,23.060532
2021-06-17,22.276581
2021-06-18,21.616407
2021-06-21,22.537588
2021-06-22,22.687645
2021-06-23,22.750172
2021-06-24,22.946075
2021-06-25,23.066957
2021-06-28,22.287500
2021-06-29,22.179119
2021-06-30,22.454227
2021-07-01,22.846039
2021-07-02,22.796019
2021-07-06,22.054077
2021-07-07,21.695606
2021-07-08,21.570560
2021-07-09,22.029062
2021-07-12,21.995720
2021-07-13,21.828987
2021-07-14,21.178745
2021-07-15,20.882803
2021-07-16,20.290916
2021-07-19,19.573978
2021-07-20,19.836582
2021-07-21,20.528502
2021-07-22,20.299253
2021-07-23,20.224222
2021-07-26,20.724411
2021-07-27,20.532669
2021-07-28,20.720243
2021-07-29,20.920321
2021-07-30,20.586857
2021-08-02,20.432636
2021-08-03,20.782766
2021-08-04,20.220055
2021-08-05,20.449308
2021-08-06,20.636875
2021-08-09,20.345106
2021-08-10,20.703568
2021-08-11,20.866133
2021-08-12,20.845289
2021-08-13,20.599365
2021-08-16,20.220055
2021-08-17,20.011642
2021-08-18,19.594820
2021-08-19,19.086302
2021-08-20,19.127977
2021-08-23,19.844913
2021-08-24,20.174206
2021-08-25,20.328430
2021-08-26,20.019985
2021-08-27,20.553514
2021-08-30,20.311758
2021-08-31,20.174206
2021-09-01,19.878262
2021-09-02,20.382622
2021-09-03,20.265903
2021-09-07,20.145027
2021-09-08,19.886600
2021-09-09,19.928278
2021-09-10,19.919945
2021-09-13,20.490988
2021-09-14,20.195045
2021-09-15,20.949497
2021-09-16,20.711905
2021-09-17,20.557684
2021-09-20,19.929916
2021-09-21,19.976318
2021-09-22,20.592278
2021-09-23,21.313705
2021-09-24,21.474024
2021-09-27,22.237635
2021-09-28,22.313576
2021-09-29,22.313576
2021-09-30,21.976063
2021-10-01,22.714365
2021-10-04,23.085630
2021-10-05,23.220627
2021-10-06,22.975937
2021-10-07,23.153128
2021-10-08,23.866119
2021-10-11,23.777519
2021-10-12,23.798622
2021-10-13,23.777519
2021-10-14,24.068621
2021-10-15,24.186752
2021-10-18,24.203623
2021-10-19,24.477852
2021-10-20,24.676140
2021-10-21,24.220499
2021-10-22,24.448320
2021-10-25,24.806923
2021-10-26,24.950365
2021-10-27,24.233154
2021-10-28,24.406130
2021-10-29,24.245815
2021-11-01,24.663479
2021-11-02,24.431442
2021-11-03,24.228937
2021-11-04,24.262688
2021-11-05,24.579107
2021-11-08,24.802704
2021-11-09,24.903959
2021-11-10,24.245815
2021-11-11,24.338625
2021-11-12,24.279564
2021-11-15,24.482071
2021-11-16,24.520039
2021-11-17,24.144564
2021-11-18,24.001118
2021-11-19,23.064531
2021-11-22,23.473761
2021-11-23,24.195190
2021-11-24,24.431442
2021-11-26,23.448448
2021-11-29,23.583452
2021-11-30,23.030785
2021-12-01,22.786085
2021-12-02,23.448448
2021-12-03,23.262819
2021-12-06,23.608765
2021-12-07,24.161438
2021-12-08,24.157213
2021-12-09,23.971590
2021-12-10,24.148783
2021-12-13,23.477982
2021-12-14,23.380943
2021-12-15,23.267038
2021-12-16,23.414696
2021-12-17,22.937965
2021-12-20,22.653780
2021-12-21,23.299082
2021-12-22,23.448650
2021-12-23,23.461472
2021-12-27,23.974285
2021-12-28,23.957195
2021-12-29,23.803345
2021-12-30,23.658051
2021-12-31,23.717876
2022-01-03,24.452921
2022-01-04,25.299068
2022-01-05,25.294798
2022-01-06,25.858898
2022-01-07,26.213596
2022-01-10,26.132399
2022-01-11,27.021288
2022-01-12,27.072573
2022-01-13,26.935818
2022-01-14,27.568295
2022-01-18,27.679401
2022-01-19,27.478554
2022-01-20,27.226412
2022-01-21,26.687954
2022-01-24,26.867443
2022-01-25,27.910172
2022-01-26,27.863163
2022-01-27,28.166588
2022-01-28,28.046923
2022-01-31,28.170855
2022-02-01,29.175127
2022-02-02,29.269148
2022-02-03,28.991360
2022-02-04,29.444359
2022-02-07,29.820427
2022-02-08,29.179399
2022-02-09,29.422987
2022-02-10,29.239229
2022-02-11,30.089653
2022-02-14,29.380255
2022-02-15,29.072559
2022-02-16,29.307600
2022-02-17,29.260595
2022-02-18,29.081112
2022-02-22,28.611025
2022-02-23,28.905905
2022-02-24,28.679403
2022-02-25,29.435810
2022-02-28,30.162296
2022-03-01,30.465721
2022-03-02,31.162296
2022-03-03,31.247778
2022-03-04,32.149471
2022-03-07,32.623837
2022-03-08,33.136654
2022-03-09,32.123837
2022-03-10,33.106747
2022-03-11,32.841778
2022-03-14,31.858883
2022-03-15,30.692223
2022-03-16,30.551188
2022-03-17,31.602468
2022-03-18,31.572552
2022-03-21,32.845295
2022-03-22,32.603687
2022-03-23,33.164555
2022-03-24,33.246529
2022-03-25,33.975662
2022-03-28,33.134354
2022-03-29,33.048069
2022-03-30,33.432053
2022-03-31,32.979042
2022-04-01,33.246529
2022-04-04,33.289673
2022-04-05,32.767632
2022-04-06,32.961781
2022-04-07,33.393211
2022-04-08,34.312180
2022-04-11,33.281048
2022-04-12,33.833294
2022-04-13,34.338058
2022-04-14,34.450249
2022-04-18,34.955017
2022-04-19,34.670273
2022-04-20,34.804016
2022-04-21,33.699535
2022-04-22,32.875496
2022-04-25,31.788280
2022-04-26,31.831415
2022-04-27,32.297367
2022-04-28,33.276733
2022-04-29,32.422489
2022-05-02,32.940212
2022-05-03,33.863487
2022-05-04,35.269966
2022-05-05,34.739300
2022-05-06,35.774750
2022-05-09,32.815094
2022-05-10,33.112789
2022-05-11,33.557167
2022-05-12,33.699535
2022-05-13,34.851475
2022-05-16,35.770432
2022-05-17,36.184624
2022-05-18,35.257027
2022-05-19,35.127594
2022-05-20,35.278591
2022-05-23,36.210506
2022-05-24,36.348568
2022-05-25,37.099255
2022-05-26,37.509125
2022-05-27,38.195114
2022-05-31,37.621296
2022-06-01,38.233952
2022-06-02,38.113136
2022-06-03,38.617920
2022-06-06,38.574776
2022-06-07,39.726715
2022-06-08,39.813004
2022-06-09,38.932873
2022-06-10,38.272766
2022-06-13,36.275223
2022-06-14,36.344242
2022-06-15,35.541767
2022-06-16,33.539906
2022-06-17,31.706308
2022-06-21,33.348877
2022-06-22,32.013878
2022-06-23,30.827206
2022-06-24,31.232944
2022-06-27,32.149120
2022-06-28,33.017311
2022-06-29,31.869907
2022-06-30,31.198034
2022-07-01,31.664856
2022-07-05,30.408375
2022-07-06,29.889217
2022-07-07,30.966818
2022-07-08,30.953724
2022-07-11,30.657059
2022-07-12,30.059366
2022-07-13,30.011370
2022-07-14,29.444210
2022-07-15,29.924114
2022-07-18,30.609066
2022-07-19,31.551426
2022-07-20,31.856806
2022-07-21,31.298384
2022-07-22,31.040981
2022-07-25,32.179653
2022-07-26,31.887354
2022-07-27,32.607208
2022-07-28,32.790447
2022-07-29,34.212700
2022-08-01,33.505936
2022-08-02,33.427402
2022-08-03,32.467598
2022-08-04,31.263485
2022-08-05,31.882996
2022-08-08,32.048767
2022-08-09,32.611572
2022-08-10,32.847160
2022-08-11,33.977116
2022-08-12,34.234516
2022-08-15,33.567013
2022-08-16,33.488483
2022-08-17,33.767704
2022-08-18,34.675156
2022-08-19,34.666424
2022-08-22,34.600986
2022-08-23,35.848740
2022-08-24,36.289375
2022-08-25,36.568588
2022-08-26,36.141033
2022-08-29,36.686386
2022-08-30,35.442997
2022-08-31,35.120155
2022-09-01,34.256329
2022-09-02,34.884560
2022-09-06,34.561729
2022-09-07,34.160355
2022-09-08,34.308681
2022-09-09,35.163780
2022-09-12,35.809475
2022-09-13,34.906384
2022-09-14,35.892361
2022-09-15,34.967457
2022-09-16,34.221436
2022-09-19,34.241714
2022-09-20,34.003559
2022-09-21,33.505192
2022-09-22,33.386112
2022-09-23,31.083931
2022-09-26,30.320942
2022-09-27,30.660536
2022-09-28,32.018913
2022-09-29,32.018913
2022-09-30,31.763117
2022-10-03,33.558113
2022-10-04,35.000294
2022-10-05,35.723583
2022-10-06,36.358669
2022-10-07,36.076412
2022-10-10,35.335476
2022-10-11,35.053219
2022-10-12,35.335476
2022-10-13,36.777649
2022-10-14,35.406040
2022-10-17,35.847069
2022-10-18,36.160206
2022-10-19,37.227497
2022-10-20,37.262783
2022-10-21,38.338902
2022-10-24,38.519726
2022-10-25,38.559418
2022-10-26,39.084251
2022-10-27,39.225376
2022-10-28,39.362095
2022-10-31,39.692875
2022-11-01,40.076569
2022-11-02,39.110706
2022-11-03,39.833996
2022-11-04,40.319134
2022-11-07,41.011555
2022-11-08,41.051239
2022-11-09,39.044548
2022-11-10,39.913391
2022-11-11,41.073292
2022-11-14,41.060066
2022-11-15,41.492275
2022-11-16,40.645496
2022-11-17,40.733704
2022-11-18,40.411751
2022-11-21,39.864880
2022-11-22,41.112988
2022-11-23,40.667557
2022-11-25,40.517601
2022-11-28,39.406193
2022-11-29,40.001591
2022-11-30,40.200066
2022-12-01,40.067749
2022-12-02,39.829594
2022-12-05,38.647617
2022-12-06,37.628841
2022-12-07,37.540634
2022-12-08,37.373039
2022-12-09,36.464523
2022-12-12,37.421558
2022-12-13,38.131615
2022-12-14,37.897873
2022-12-15,37.668533
2022-12-16,37.205444
2022-12-19,37.200996
2022-12-20,37.762417
2022-12-21,38.479794
2022-12-22,37.593090
2022-12-23,38.791698
2022-12-27,39.206078
2022-12-28,38.328300
2022-12-29,38.729317
2022-12-30,38.974380
2023-01-03,37.606464
2023-01-04,37.602005
2023-01-05,38.288200
2023-01-06,39.014477
2023-01-09,38.876350
2023-01-10,39.152611
2023-01-11,39.272919
2023-01-12,40.021473
2023-01-13,40.079411
2023-01-17,40.164062
2023-01-18,39.428871
2023-01-19,39.918999
2023-01-20,40.315556
2023-01-23,40.369026
2023-01-24,40.213078
2023-01-25,40.217533
2023-01-26,41.487415
2023-01-27,40.649738
2023-01-30,39.718491
2023-01-31,40.070488
2023-02-01,39.281830
2023-02-02,38.386219
2023-02-03,38.301567
2023-02-06,38.127792
2023-02-07,39.366486
2023-02-08,39.014477
2023-02-09,38.680302
2023-02-10,40.195251
2023-02-13,40.092777
2023-02-14,40.106140
2023-02-15,39.424412
2023-02-16,39.036762
2023-02-17,37.646568
2023-02-21,37.459438
2023-02-22,37.209908
2023-02-23,37.771328
2023-02-24,37.722321
2023-02-27,37.833710
2023-02-28,37.290104
2023-03-01,38.025311
2023-03-02,38.359482
2023-03-03,38.880802
2023-03-06,38.898632
2023-03-07,38.221363
2023-03-08,37.829254
2023-03-09,37.294567
2023-03-10,36.817795
2023-03-13,36.069237
2023-03-14,36.425690
2023-03-15,34.469631
2023-03-16,34.843903
2023-03-17,34.295849
2023-03-20,34.982437
2023-03-21,36.193546
2023-03-22,35.423668
2023-03-23,34.932911
2023-03-24,35.067989
2023-03-27,35.815361
2023-03-28,36.369137
2023-03-29,36.873390
2023-03-30,37.035469
2023-03-31,37.292099
2023-04-03,38.980434
2023-04-04,38.273586
2023-04-05,38.849876
2023-04-06,38.260078
2023-04-10,38.566231
2023-04-11,38.930912
2023-04-12,38.957928
2023-04-13,39.201050
2023-04-14,39.273075
2023-04-17,38.809341
2023-04-18,38.962425
2023-04-19,38.827362
2023-04-20,38.485191
2023-04-21,38.260078
2023-04-24,38.845367
2023-04-25,38.116009
2023-04-26,37.607250
2023-04-27,37.742313
2023-04-28,38.327614
2023-05-01,37.895390
2023-05-02,36.247570
2023-05-03,35.563232
2023-05-04,35.167034
2023-05-05,36.121513
2023-05-08,36.121513
2023-05-09,36.135017
2023-05-10,35.725319
2023-05-11,35.297600
2023-05-12,35.351627
2023-05-15,35.531719
2023-05-16,34.658283
2023-05-17,35.324608
2023-05-18,35.581245
2023-05-19,35.855877
2023-05-22,35.707302
2023-05-23,36.089993
2023-05-24,36.247570
2023-05-25,35.603756
2023-05-26,35.464184
2023-05-30,35.099503
2023-05-31,34.482693
2023-06-01,34.910408
2023-06-02,35.972939
2023-06-05,35.734314
2023-06-06,36.022469
2023-06-07,36.976936
2023-06-08,36.819359
2023-06-09,36.616756
2023-06-12,36.265579
2023-06-13,36.436668
2023-06-14,36.062977
2023-06-15,36.459183
2023-06-16,36.405155
2023-06-20,35.590332
2023-06-21,35.871929
2023-06-22,35.390491
2023-06-23,35.136147
2023-06-26,35.767471
2023-06-27,35.849228
2023-06-28,36.212578
2023-06-29,36.630428
2023-06-30,36.866608
2023-07-03,36.952904
2023-07-05,36.748528
2023-07-06,35.921894
2023-07-07,36.694019
2023-07-10,36.980152
2023-07-11,37.793159
2023-07-12,38.142887
2023-07-13,37.997543
2023-07-14,36.993782
2023-07-17,36.921112
2023-07-18,37.293549
2023-07-19,37.511555
2023-07-20,37.952122
2023-07-21,38.288223
2023-07-24,38.905922
2023-07-25,39.110310
2023-07-26,39.123932
2023-07-27,38.874126
2023-07-28,38.992214
2023-07-31,39.732555
2023-08-01,39.546333
2023-08-02,39.028553
2023-08-03,39.423698
2023-08-04,39.478199
2023-08-07,39.523624
2023-08-08,39.718929
2023-08-09,40.218529
2023-08-10,40.213989
2023-08-11,40.831692
2023-08-14,40.659088
2023-08-15,39.814308
2023-08-16,39.469120
2023-08-17,39.941475
2023-08-18,40.336613
2023-08-21,40.082272
2023-08-22,39.773426
2023-08-23,39.673500
2023-08-24,39.400993
2023-08-25,39.782513
2023-08-28,40.050484
2023-08-29,40.159489
2023-08-30,40.359329
2023-08-31,40.386581
2023-09-01,41.213207
2023-09-05,41.431221
2023-09-06,41.449387
2023-09-07,41.408512
2023-09-08,41.808201
2023-09-11,41.258625
2023-09-12,42.230595
2023-09-13,41.912659
2023-09-14,42.403187
2023-09-15,41.790035
2023-09-18,42.144169
2023-09-19,41.750679
2023-09-20,41.361774
2023-09-21,40.794418
2023-09-22,40.863045
2023-09-25,41.375500
2023-09-26,41.137581
2023-09-27,42.162468
2023-09-28,42.208214
2023-09-29,41.357197
2023-10-02,40.533615
2023-10-03,40.506165
2023-10-04,39.234200
2023-10-05,38.991703
2023-10-06,39.225056
2023-10-09,40.533615
2023-10-10,40.583950
2023-10-11,40.062351
2023-10-12,40.108112
2023-10-13,40.991158
2023-10-16,41.265690
2023-10-17,41.695770
2023-10-18,42.075535
2023-10-19,42.002327
2023-10-20,41.297710
2023-10-23,40.629707
2023-10-24,40.057781
2023-10-25,39.984566
2023-10-26,39.673443
2023-10-27,38.721752
2023-10-30,38.849873
2023-10-31,38.977974
2023-11-01,38.886463
2023-11-02,40.062351
2023-11-03,39.659710
2023-11-06,39.211327
2023-11-07,38.341995
2023-11-08,37.861572
2023-11-09,37.747192
2023-11-10,38.163551
2023-11-13,38.438080
2023-11-14,38.781235
2023-11-15,38.708027
2023-11-16,37.953087
2023-11-17,38.749214
2023-11-20,38.804115
2023-11-21,38.717186
2023-11-22,38.698879
2023-11-24,38.859016
2023-11-27,38.721752
2023-11-28,38.730900
2023-11-29,38.442646
2023-11-30,38.698879
2023-12-01,38.900200
2023-12-04,38.721752
2023-12-05,38.044594
2023-12-06,37.477245
2023-12-07,37.221020
2023-12-08,37.623653
2023-12-11,37.669411
2023-12-12,37.152382
2023-12-13,37.669411
2023-12-14,38.776657
2023-12-15,38.570766
2023-12-18,38.885807
2023-12-19,39.352360
2023-12-20,38.987434
2023-12-21,39.139877
2023-12-22,39.255352
2023-12-26,39.592567
2023-12-27,39.417030
2023-12-28,38.816517
2023-12-29,38.728748
2024-01-02,39.144489
2024-01-03,39.781967
2024-01-04,39.084438
2024-01-05,39.116779
2024-01-08,38.664078
2024-01-09,38.045082
2024-01-10,37.670914
2024-01-11,37.767921
2024-01-12,38.192902
2024-01-16,37.282887
2024-01-17,36.973392
2024-01-18,36.913338
2024-01-19,37.033432
2024-01-22,37.172024
2024-01-23,37.250549
2024-01-24,37.781780
2024-01-25,38.631741
2024-01-26,38.918140
2024-01-29,38.862709
2024-01-30,39.264591
2024-01-31,38.530113
2024-02-01,38.525494
2024-02-02,38.580929
2024-02-05,38.483917
2024-02-06,38.608650
2024-02-07,38.687172
2024-02-08,39.084438
2024-02-09,38.483917
2024-02-12,38.908905
2024-02-13,38.516251
2024-02-14,38.479305
2024-02-15,39.550999
2024-02-16,39.527901
2024-02-20,39.167587
2024-02-21,39.902065
2024-02-22,39.971355
2024-02-23,39.708050
2024-02-26,39.846634
2024-02-27,39.675716
2024-02-28,39.597191
2024-02-29,39.791203
2024-03-01,40.253139
2024-03-04,39.823540
2024-03-05,40.119179
2024-03-06,40.243904
2024-03-07,40.585735
2024-03-08,40.728931
2024-03-11,41.149300
2024-03-12,41.084629
2024-03-13,41.740574
2024-03-14,42.170174
2024-03-15,42.294899
2024-03-18,42.441120
2024-03-19,42.925407
2024-03-20,42.864880
2024-03-21,43.120995
2024-03-22,43.027863
2024-03-25,43.428337
2024-03-26,43.093052
2024-03-27,43.493534
2024-03-28,43.963856
2024-04-01,44.289825
2024-04-02,44.909164
2024-04-03,45.216503
2024-04-04,45.188564
2024-04-05,45.672863
2024-04-08,45.384148
2024-04-09,45.398117
2024-04-10,45.537827
2024-04-11,45.505226
2024-04-12,44.764805
2024-04-15,44.345707
2024-04-16,43.959198
2024-04-17,43.833469
2024-04-18,43.698421
2024-04-19,44.224632
2024-04-22,44.513344
2024-04-23,44.760155
2024-04-24,44.792747
2024-04-25,44.997635
2024-04-26,44.583195
2024-04-29,44.885880
2024-04-30,43.549412
2024-05-01,42.855560
2024-05-02,43.102367
2024-05-03,43.107018
2024-05-06,43.446964
2024-05-07,43.405052
2024-05-08,43.353825
2024-05-09,43.935913
2024-05-10,43.693760
2024-05-13,43.577351
2024-05-14,43.633232
2024-05-15,43.731018
2024-05-16,43.609947
2024-05-17,44.219971
2024-05-20,43.931255
2024-05-21,43.717052
2024-05-22,42.878841
2024-05-23,42.487690
2024-05-24,42.548222
2024-05-28,42.985950
2024-05-29,42.226910
2024-05-30,42.347980
2024-05-31,43.400391
2024-06-03,42.264160
2024-06-04,41.859028
2024-06-05,41.854370
2024-06-06,42.073231
2024-06-07,41.905594
2024-06-10,42.222252
2024-06-11,42.138432
2024-06-12,41.686729
2024-06-13,41.304882
2024-06-14,40.997536
2024-06-17,41.104641
2024-06-18,41.276943
2024-06-20,42.035976
2024-06-21,41.793835
2024-06-24,42.847664
2024-06-25,42.946239
2024-06-26,42.523766
2024-06-27,42.622341
2024-06-28,42.786636
2024-07-01,42.810104
2024-07-02,42.777245
2024-07-03,42.965008
2024-07-05,42.293755
2024-07-08,42.035583
2024-07-09,41.664749
2024-07-10,41.946392
2024-07-11,42.382942
2024-07-12,42.490902
2024-07-15,43.133999
2024-07-16,43.326454
2024-07-17,43.758316
2024-07-18,43.838116
2024-07-19,43.359314
2024-07-22,43.087059
2024-07-23,42.401718
2024-07-24,42.406410
2024-07-25,43.138691
2024-07-26,43.274822
2024-07-29,42.903992
2024-07-30,43.570553
2024-07-31,43.753616
2024-08-01,42.594177
2024-08-02,41.495762
2024-08-05,40.580414
2024-08-06,40.829205
2024-08-07,40.993492
2024-08-08,41.875984
2024-08-09,41.969868
2024-08-12,42.176403
2024-08-13,41.768017
2024-08-14,42.012112
2024-08-15,42.514374
2024-08-16,42.467438
2024-08-19,42.753777
2024-08-20,41.627193
2024-08-21,41.697613
2024-08-22,41.805576
2024-08-23,42.429886
2024-08-26,42.810104
2024-08-27,42.411102
2024-08-28,42.138851
2024-08-29,42.688057
2024-08-30,42.847664
2024-09-03,41.782104
2024-09-04,41.204723
2024-09-05,40.885529
2024-09-06,40.373871
2024-09-09,40.664906
2024-09-10,39.965485
2024-09-11,39.594654
2024-09-12,39.951405
2024-09-13,40.176716
2024-09-16,40.636742
2024-09-17,41.185951
2024-09-18,41.265751
2024-09-19,41.758633
2024-09-20,41.664749
2024-09-23,42.179211
2024-09-24,42.075089
2024-09-25,41.251572
2024-09-26,40.442249
2024-09-27,41.265774
2024-09-30,41.554474
2024-10-01,42.501049
2024-10-02,42.936470
2024-10-03,43.693726
2024-10-04,44.100750
2024-10-07,44.256935
2024-10-08,43.102116
2024-10-09,43.362423
2024-10-10,43.655857
2024-10-11,43.925632
2024-10-14,43.906704
2024-10-15,42.491577
2024-10-16,42.695087
2024-10-17,42.898609
2024-10-18,42.756615
2024-10-21,42.628826
2024-10-22,42.728218
2024-10-23,42.505772
2024-10-24,42.501049
2024-10-25,42.486847
2024-10-28,42.217068
2024-10-29,41.573402
2024-10-30,41.668060
2024-10-31,41.928371
2024-11-01,41.663326
2024-11-04,42.392185
2024-11-05,42.676159
2024-11-06,44.280594
2024-11-07,44.077080
2024-11-08,44.370518
2024-11-11,44.621361
2024-11-12,44.384720
2024-11-13,44.730221
2024-11-14,44.900604
2024-11-15,44.834343
2024-11-18,45.430672
2024-11-19,45.141972
2024-11-20,45.596325
2024-11-21,45.965496
2024-11-22,46.036488
2024-11-25,45.127777
2024-11-26,45.066257
2024-11-27,45.018921
2024-11-29,45.212971
2024-12-02,44.734947
2024-12-03,44.730221
2024-12-04,43.651127
2024-12-05,43.821507
2024-12-06,43.078449
2024-12-09,43.007462
2024-12-10,42.714024
2024-12-11,42.785015
2024-12-12,42.439514
2024-12-13,42.226540
2024-12-16,41.298901
2024-12-17,40.991264
2024-12-18,39.779655
2024-12-19,39.434151
2024-12-20,39.822243
2024-12-23,40.056103
2024-12-24,40.394955
2024-12-26,40.361546
2024-12-27,40.356773
2024-12-30,40.352009
2024-12-31,40.881760
2025-01-02,41.359013
2025-01-03,41.745590
2025-01-06,41.554688
2025-01-07,41.969902
2025-01-08,42.012852
2025-01-10,42.184666
2025-01-13,43.072361
2025-01-14,43.535305
2025-01-15,44.179592
2025-01-16,44.499359
2025-01-17,44.842983
2025-01-21,44.613899
2025-01-22,43.802567
2025-01-23,44.003010
2025-01-24,43.578255
2025-01-27,43.124859
2025-01-28,42.714420
2025-01-29,42.809872
2025-01-30,43.029411
2025-01-31,41.826725
2025-02-03,42.089214
2025-02-04,42.972137
2025-02-05,43.062817
2025-02-06,42.270576
2025-02-07,42.265800
2025-02-10,43.196453
2025-02-11,43.544846
2025-02-12,42.494881
2025-02-13,42.814644
2025-02-14,42.986454
2025-02-18,43.573483
2025-02-19,43.917107
2025-02-20,44.318001
2025-02-21,43.396896
2025-02-24,43.406445
2025-02-25,42.781239
2025-02-26,42.537838
2025-02-27,42.766918
2025-02-28,43.430305
2025-03-03,41.912632
2025-03-04,41.506962
2025-03-05,40.900845
2025-03-06,41.024929
2025-03-07,41.726501
2025-03-10,42.036716
2025-03-11,41.702637
2025-03-12,41.893536
2025-03-13,41.607189
2025-03-14,42.838509
2025-03-17,43.520985
2025-03-18,43.592571
2025-03-19,44.303688
2025-03-20,44.465954
2025-03-21,44.155731
2025-03-24,44.658836
2025-03-25,44.841618
2025-03-26,45.106152
2025-03-27,44.668461
2025-03-28,44.456825
2025-03-31,44.947426
2025-04-01,45.211964
2025-04-02,45.274487
2025-04-03,41.720058
2025-04-04,37.881851
2025-04-07,37.636555
2025-04-08,36.765984
2025-04-09,39.613377
2025-04-10,37.025715
2025-04-11,37.944378
2025-04-14,38.079052
2025-04-15,38.021336
2025-04-16,38.333977
2025-04-17,39.199734
2025-04-21,38.175251
2025-04-22,39.146828
2025-04-23,39.074677
2025-04-24,39.699947
2025-04-25,39.627808
2025-04-28,39.906769
2025-04-29,39.791340
2025-04-30,38.718758
2025-05-01,38.863049
2025-05-02,39.430607
2025-05-05,38.718758
2025-05-06,38.728378
2025-05-07,38.742805
2025-05-08,39.252647
2025-05-09,39.647045
2025-05-12,40.681149
2025-05-13,41.253513
2025-05-14,41.003407
2025-05-15,41.176556
2025-05-16,41.114029
2025-05-19,40.580143
2025-05-20,40.204979
2025-05-21,39.464272
2025-05-22,39.310364
2025-05-23,39.435410
2025-05-27,39.776905
2025-05-28,39.271885
2025-05-29,39.565281
2025-05-30,39.214161
2025-06-02,39.728809
2025-06-03,40.200169
2025-06-04,39.416172
2025-06-05,39.377697
2025-06-06,40.118401
2025-06-09,40.195358
2025-06-10,40.912018
2025-06-11,41.503624
2025-06-12,41.647911
2025-06-13,42.374191
2025-06-16,42.249134
2025-06-17,42.643539
2025-06-18,42.364574
2025-06-20,42.797459
2025-06-23,41.715176
2025-06-24,41.172100
2025-06-25,40.992683
2025-06-26,41.579403
2025-06-27,41.361206
2025-06-30,41.123608
2025-07-01,41.438789
2025-07-02,42.151577
2025-07-03,42.200066
2025-07-07,41.792759
2025-07-08,42.917706
2025-07-09,42.699501
2025-07-10,43.024380
2025-07-11,43.218338
2025-07-14,42.743149
2025-07-15,42.127331
2025-07-16,41.763668
2025-07-17,42.020657
2025-07-18,41.681232
2025-07-21,41.249676
2025-07-22,41.443638
2025-07-23,42.093391
2025-07-24,42.394024
2025-07-25,42.234009
2025-07-28,42.714050
2025-07-29,43.131054
2025-07-30,42.515244
2025-07-31,42.287346
2025-08-01,41.501823
2025-08-04,41.409695
2025-08-05,41.463032
2025-08-06,41.079967
2025-08-07,40.919956
2025-08-08,41.181797
2025-08-11,40.852070
2025-08-12,41.050877
2025-08-13,41.526070
2025-08-14,41.487274
2025-08-15,41.487274
2025-08-18,41.239986
2025-08-19,41.254528
2025-08-20,41.598801
2025-08-21,41.884888
2025-08-22,42.738297
2025-08-25,42.849823
2025-08-26,42.781937
2025-08-27,43.261978
2025-08-28,43.591705
2025-08-29,43.829296
2025-09-02,43.892334
2025-09-03,42.908005
2025-09-04,43.194092
2025-09-05,42.360081
2025-09-08,42.263103
2025-09-09,42.466759
2025-09-10,43.208641
2025-09-11,43.218338
2025-09-12,42.961342
2025-09-15,42.815876
2025-09-16,43.533516
2025-09-17,43.635342
2025-09-18,43.499573
2025-09-19,42.922554
2025-09-22,42.873158
2025-09-23,43.611591
2025-09-24,44.178871
2025-09-25,44.574978
2025-09-26,44.985767
2025-09-29,44.159306
2025-09-30,43.689835
2025-10-01,43.689835
2025-10-02,43.249718
2025-10-03,43.479561
2025-10-06,43.694729
2025-10-07,43.763191
2025-10-08,43.508900
2025-10-09,42.917175
2025-10-10,41.675045
2025-10-13,42.242313
2025-10-14,42.237423
2025-10-15,42.212971
2025-10-16,41.704380
2025-10-17,42.046703
2025-10-20,42.491718
2025-10-21,42.393913
2025-10-22,42.936733
2025-10-23,43.508900
2025-10-24,43.068771
2025-10-27,43.171471
2025-10-28,42.721561
2025-10-29,43.039433
2025-10-30,42.785133
2025-10-31,43.098114
2025-11-03,43.103004
2025-11-04,42.638428
2025-11-05,42.750904
2025-11-06,43.166576
2025-11-07,43.787643
2025-11-10,44.183758
2025-11-11,44.760811
2025-11-12,44.134857
2025-11-13,44.247334
2025-11-14,45.000435
2025-11-17,44.178871
2025-11-18,44.530968
2025-11-19,43.953911
2025-11-20,43.455109
2025-11-21,43.728962
2025-11-24,43.606705
2025-11-25,43.332848
2025-11-26,43.660496
2025-11-28,44.232658
2025-12-01,44.658119
2025-12-02,44.081059
2025-12-03,44.907520
2025-12-04,45.098240
2025-12-05,44.912407
2025-12-08,44.423378
2025-12-09,44.697239
2025-12-10,45.166706
2025-12-11,44.951534
2025-12-12,44.511406
2025-12-15,44.198429
2025-12-16,42.848709
2025-12-17,43.797424
2025-12-18,43.161694
2025-12-19,43.161694
2025-12-22,43.608524
2025-12-23,43.894577
2025-12-24,43.766346
2025-12-26,43.598660
2025-12-29,44.012947
2025-12-30,44.348320
2025-12-31,44.101723
2026-01-02,45.028938
2026-01-05,46.252064
2026-01-06,45.019066
2026-01-07,44.516010
2026-01-08,45.916687
2026-01-09,46.035053
2026-01-12,45.709549
2026-01-13,46.360569
2026-01-14,47.406147
2026-01-15,46.962269
2026-01-16,47.041180
2026-01-20,46.952404
2026-01-21,48.086758
2026-01-22,48.244583
2026-01-23,48.520771
2026-01-26,48.550365
2026-01-27,48.994240
2026-01-28,49.369072
2026-01-29,49.822815
2026-01-30,50.355465
2026-02-02,49.369072
2026-02-03,50.967030
2026-02-04,52.111252
2026-02-05,51.499687
2026-02-06,52.525539
2026-02-09,52.910233
2026-02-10,52.851048
2026-02-11,54.231998
2026-02-12,53.245602
2026-02-13,53.610569
2026-02-17,53.018734
2026-02-18,54.034721
2026-02-19,54.429279
2026-02-20,54.133362
2026-02-23,54.399689
2026-02-24,54.350365
2026-02-25,54.123497
2026-02-26,54.301048
2026-02-27,55.159210
2026-03-02,56.263977
2026-03-03,55.751049
2026-03-04,55.425537
2026-03-05,55.711594
2026-03-06,55.800369
2026-03-09,55.553768
2026-03-10,54.843563
2026-03-11,56.204788
2026-03-12,56.727577
2026-03-13,56.914993
2026-03-16,57.112278
2026-03-17,57.713974
2026-03-18,57.635063
2026-03-19,58.552410
2026-03-20,58.503090
2026-03-23,59.203041
2026-03-24,60.404377
2026-03-25,60.136311
2026-03-26,61.079510
2026-03-27,62.112064
2026-03-30,61.516357
2026-03-31,60.821369
2026-04-01,58.547768
2026-04-02,58.825764
2026-04-06,59.252686
2026-04-07,59.729248
2026-04-08,57.634354
2026-04-09,56.919510
2026-04-10,56.532303
2026-04-13,56.701084
2026-04-14,55.549393
2026-04-15,55.360748
2026-04-16,56.174881
2026-04-17,54.626049
2026-04-20,54.675690
2026-04-21,55.469963
2026-04-22,56.135166
2026-04-23,56.572014
2026-04-24,56.462803
2026-04-27,56.363522
2026-04-28,57.296787
2026-04-29,58.607338
2026-04-30,59.222900
2026-05-01,58.428623
2026-05-04,58.964760
2026-05-05,59.024330
2026-05-06,56.591873
2026-05-07,55.549393
2026-05-08,55.301182
2026-05-11,56.760654
2026-05-12,57.157791
2026-05-13,57.217361
2026-05-14,57.654213
2026-05-15,59.014400
2026-05-18,60.146240
2026-05-19,60.851158
2026-05-20,59.371822
2026-05-21,58.706623
2026-05-22,59.064045
2026-05-26,57.435783
2026-05-27,56.581947
2026-05-28,56.542233
2026-05-29,55.886959
2026-06-01,56.889725
2026-06-02,57.544998
2026-06-03,58.289627
2026-06-04,58.329342
2026-06-05,57.257072
2026-06-08,57.912350
2026-06-09,56.979080
2026-06-10,57.832924
2026-06-11,56.711014
2026-06-12,57.137936
2026-06-15,55.152256
2026-06-16,54.963615
2026-06-17,54.278553
2026-06-18,53.385002
2026-06-22,54.060001
2026-06-23,54.459999
2026-06-24,53.570000
2026-06-25,54.090000
2026-06-26,53.840000
2026-06-29,53.580002
2026-06-30,53.110001
2026-07-01,52.810001
2026-07-02,53.220001
2026-07-06,53.130001
2026-07-07,54.639999
2026-07-08,55.599998
2026-07-09,54.820000
2026-07-10,55.080002
2026-07-13,56.740002
2026-07-14,56.950001
2026-07-15,56.500000
2026-07-16,57.020000
2026-07-17,57.680000
2026-07-20,58.185001
2026-07-21,58.500000
2026-07-22,59.200001
2026-07-23,59.380001
2026-07-24,59.619999
2026-07-27,58.360001
2026-07-28,57.570000
2026-07-29,58.650002
2026-07-30,58.959999
2026-07-31,59.549999
2026-08-03,58.790001
2026-08-04,58.520000
2026-08-05,57.310001
2026-08-06,58.160000
2026-08-07,57.500000
2026-08-10,60.180000
2026-08-11,60.930000
2026-08-12,61.029999
2026-08-13,61.060001
2026-08-14,61.910000
2026-08-17,62.580002
2026-08-18,63.680000
