date,value
1998-12-22,11.124486
1998-12-23,11.288521
1998-12-24,11.363082
1998-12-28,11.213963
1998-12-29,11.333261
1998-12-30,11.288521
1998-12-31,11.184134
1999-01-04,11.184134
1999-01-05,11.288521
1999-01-06,11.646411
1999-01-07,11.825357
1999-01-08,11.899922
1999-01-11,11.720978
1999-01-12,11.392908
1999-01-13,11.243784
1999-01-14,10.960458
1999-01-15,11.273605
1999-01-19,11.213963
1999-01-20,11.295975
1999-01-21,11.094664
1999-01-22,11.020100
1999-01-25,11.109573
1999-01-26,11.117031
1999-01-27,10.975360
1999-01-28,11.139396
1999-01-29,11.377988
1999-02-01,11.184134
1999-02-02,11.064838
1999-02-03,11.146853
1999-02-04,10.885893
1999-02-05,10.796419
1999-02-08,10.766595
1999-02-09,10.617469
1999-02-10,10.706945
1999-02-11,11.139396
1999-02-12,10.975360
1999-02-16,11.139396
1999-02-17,11.184134
1999-02-18,11.295975
1999-02-19,11.333261
1999-02-22,11.661321
1999-02-23,11.810444
1999-02-24,11.422729
1999-02-25,11.348163
1999-02-26,11.556934
1999-03-01,11.601677
1999-03-02,11.631498
1999-03-03,11.519657
1999-03-04,11.780615
1999-03-05,12.078865
1999-03-08,11.996848
1999-03-09,12.093775
1999-03-10,12.317457
1999-03-11,12.377109
1999-03-12,12.399474
1999-03-15,12.436760
1999-03-16,12.257812
1999-03-17,12.153426
1999-03-18,12.436760
1999-03-19,12.200640
1999-03-22,12.230545
1999-03-23,11.811890
1999-03-24,11.781987
1999-03-25,12.051123
1999-03-26,11.946457
1999-03-29,12.215591
1999-03-30,12.073552
1999-03-31,11.931508
1999-04-01,11.961416
1999-04-05,12.200640
1999-04-06,12.110929
1999-04-07,12.439870
1999-04-08,12.664140
1999-04-09,12.634234
1999-04-12,12.858518
1999-04-13,12.843568
1999-04-14,12.679096
1999-04-15,12.559482
1999-04-16,12.499670
1999-04-19,12.499670
1999-04-20,12.664140
1999-04-21,12.858518
1999-04-22,12.993078
1999-04-23,12.948226
1999-04-26,12.753850
1999-04-27,12.978131
1999-04-28,12.903374
1999-04-29,12.948226
1999-04-30,12.768804
1999-05-03,12.918325
1999-05-04,12.514620
1999-05-05,12.589390
1999-05-06,12.380063
1999-05-07,12.619289
1999-05-10,12.574431
1999-05-11,12.723942
1999-05-12,12.903374
1999-05-13,13.022986
1999-05-14,12.619289
1999-05-17,12.380063
1999-05-18,12.409962
1999-05-19,12.499670
1999-05-20,12.335204
1999-05-21,12.305296
1999-05-24,12.036172
1999-05-25,11.722189
1999-05-26,12.103455
1999-05-27,11.811890
1999-05-28,11.998790
1999-06-01,11.826850
1999-06-02,11.752095
1999-06-03,11.744609
1999-06-04,11.961416
1999-06-07,12.185686
1999-06-08,11.968884
1999-06-09,11.938980
1999-06-10,11.714706
1999-06-11,11.737136
1999-06-14,11.677323
1999-06-15,11.737136
1999-06-16,12.043642
1999-06-17,12.275396
1999-06-18,12.294465
1999-06-21,12.369435
1999-06-22,12.234502
1999-06-23,12.114558
1999-06-24,11.919640
1999-06-25,11.949627
1999-06-28,12.226999
1999-06-29,12.264482
1999-06-30,12.519370
1999-07-01,12.654312
1999-07-02,12.654312
1999-07-06,12.759261
1999-07-07,12.714286
1999-07-08,12.669293
1999-07-09,12.684296
1999-07-12,12.579345
1999-07-13,12.444405
1999-07-14,12.474384
1999-07-15,12.586845
1999-07-16,12.654312
1999-07-19,12.564356
1999-07-20,12.406918
1999-07-21,12.264482
1999-07-22,12.279470
1999-07-23,12.144533
1999-07-26,12.189513
1999-07-27,12.354445
1999-07-28,12.204507
1999-07-29,12.024589
1999-07-30,11.754712
1999-08-02,11.694736
1999-08-03,11.544807
1999-08-04,11.394879
1999-08-05,11.439856
1999-08-06,11.139988
1999-08-09,11.169974
1999-08-10,10.975060
1999-08-11,11.184970
1999-08-12,11.237442
1999-08-13,11.604784
1999-08-16,11.559806
1999-08-17,11.979609
1999-08-18,11.852169
1999-08-19,11.694736
1999-08-20,11.859663
1999-08-23,12.174521
1999-08-24,12.204507
1999-08-25,12.107057
1999-08-26,11.829679
1999-08-27,11.634768
1999-08-30,11.252436
1999-08-31,11.237442
1999-09-01,11.289924
1999-09-02,11.072524
1999-09-03,11.634768
1999-09-07,11.319906
1999-09-08,11.244942
1999-09-09,11.110000
1999-09-10,11.192462
1999-09-13,11.087512
1999-09-14,10.885106
1999-09-15,10.832629
1999-09-16,10.795148
1999-09-17,11.026813
1999-09-20,10.898946
1999-09-21,10.725945
1999-09-22,10.718424
1999-09-23,10.635683
1999-09-24,10.710904
1999-09-27,10.530384
1999-09-28,10.515335
1999-09-29,10.440122
1999-09-30,10.650730
1999-10-01,10.470202
1999-10-04,10.868858
1999-10-05,10.913984
1999-10-06,11.102027
1999-10-07,10.996727
1999-10-08,11.192289
1999-10-11,11.071939
1999-10-12,10.861337
1999-10-13,10.537899
1999-10-14,10.522859
1999-10-15,10.048993
1999-10-18,10.372425
1999-10-19,10.590549
1999-10-20,10.778596
1999-10-21,10.831250
1999-10-22,11.282550
1999-10-25,11.184764
1999-10-26,11.011765
1999-10-27,11.553330
1999-10-28,12.373193
1999-10-29,12.305506
1999-11-01,12.155073
1999-11-02,12.140025
1999-11-03,12.087376
1999-11-04,12.230285
1999-11-05,12.531154
1999-11-08,12.463459
1999-11-09,12.222762
1999-11-10,12.034723
1999-11-11,11.967029
1999-11-12,12.486023
1999-11-15,12.478498
1999-11-16,12.816980
1999-11-17,12.546196
1999-11-18,12.508581
1999-11-19,12.320541
1999-11-22,12.275414
1999-11-23,12.079849
1999-11-24,11.936939
1999-11-26,11.854199
1999-11-29,11.568379
1999-11-30,11.763940
1999-12-01,11.673680
1999-12-02,11.726331
1999-12-03,12.004636
1999-12-06,11.681205
1999-12-07,11.658632
1999-12-08,11.380327
1999-12-09,11.545813
1999-12-10,11.748897
1999-12-13,11.613508
1999-12-14,11.335200
1999-12-15,11.305118
1999-12-16,11.056893
1999-12-17,11.142778
1999-12-20,11.052191
1999-12-21,11.263566
1999-12-22,11.263566
1999-12-23,11.444751
1999-12-27,11.354157
1999-12-28,11.308867
1999-12-29,11.422105
1999-12-30,11.474952
1999-12-31,11.482497
2000-01-03,11.052191
2000-01-04,10.569034
2000-01-05,10.485991
2000-01-06,10.946493
2000-01-07,11.127685
2000-01-10,10.931403
2000-01-11,10.750216
2000-01-12,10.961596
2000-01-13,11.293772
2000-01-14,11.557992
2000-01-18,11.172975
2000-01-19,11.135231
2000-01-20,10.931403
2000-01-21,10.795512
2000-01-24,10.599233
2000-01-25,10.712470
2000-01-26,11.112579
2000-01-27,11.233370
2000-01-28,10.840807
2000-01-31,11.142778
2000-02-01,11.203181
2000-02-02,11.089932
2000-02-03,11.021988
2000-02-04,10.908751
2000-02-07,10.795512
2000-02-08,10.916298
2000-02-09,10.659622
2000-02-10,10.365203
2000-02-11,10.387847
2000-02-14,10.478441
2000-02-15,10.493541
2000-02-16,10.274612
2000-02-17,10.146266
2000-02-18,9.783910
2000-02-22,9.874497
2000-02-23,9.836745
2000-02-24,9.632921
2000-02-25,9.572523
2000-02-28,9.882042
2000-02-29,9.949992
2000-03-01,10.085876
2000-03-02,10.025481
2000-03-03,10.116074
2000-03-06,10.017935
2000-03-07,9.715955
2000-03-08,9.602724
2000-03-09,9.655567
2000-03-10,9.685757
2000-03-13,9.783910
2000-03-14,9.746156
2000-03-15,10.342555
2000-03-16,11.233370
2000-03-17,11.236703
2000-03-20,11.024549
2000-03-21,11.426130
2000-03-22,11.524630
2000-03-23,11.926209
2000-03-24,12.062601
2000-03-27,11.668597
2000-03-28,11.759514
2000-03-29,11.668597
2000-03-30,11.691326
2000-03-31,11.767095
2000-04-03,12.335373
2000-04-04,11.842869
2000-04-05,11.751939
2000-04-06,11.880756
2000-04-07,11.638284
2000-04-10,11.971673
2000-04-11,12.123222
2000-04-12,12.176260
2000-04-13,11.858023
2000-04-14,10.895740
2000-04-17,10.986663
2000-04-18,11.426130
2000-04-19,11.274588
2000-04-20,11.486744
2000-04-24,11.759514
2000-04-25,12.123222
2000-04-26,11.880756
2000-04-27,11.638284
2000-04-28,11.880756
2000-05-01,11.615554
2000-05-02,11.501900
2000-05-03,11.297323
2000-05-04,11.123048
2000-05-05,11.198818
2000-05-08,11.418555
2000-05-09,11.388249
2000-05-10,11.085163
2000-05-11,11.418555
2000-05-12,11.547359
2000-05-15,12.062601
2000-05-16,11.994410
2000-05-17,11.789826
2000-05-18,11.941363
2000-05-19,11.729204
2000-05-22,11.880756
2000-05-23,11.956522
2000-05-24,12.108061
2000-05-25,11.804977
2000-05-26,11.759514
2000-05-30,12.001985
2000-05-31,12.145942
2000-06-01,12.547527
2000-06-02,13.062763
2000-06-05,12.767258
2000-06-06,12.486910
2000-06-07,12.668758
2000-06-08,12.456606
2000-06-09,12.244452
2000-06-12,12.350527
2000-06-13,12.335373
2000-06-14,12.547527
2000-06-15,12.252027
2000-06-16,11.678493
2000-06-19,11.982630
2000-06-20,11.830560
2000-06-21,11.739328
2000-06-22,11.731724
2000-06-23,11.648092
2000-06-26,11.830560
2000-06-27,11.944613
2000-06-28,11.853372
2000-06-29,11.845771
2000-06-30,11.556848
2000-07-03,11.769743
2000-07-05,11.898992
2000-07-06,11.990231
2000-07-07,12.195515
2000-07-10,12.225931
2000-07-11,12.286759
2000-07-12,12.461627
2000-07-13,12.339976
2000-07-14,12.545259
2000-07-17,12.309566
2000-07-18,12.332369
2000-07-19,12.286759
2000-07-20,12.598490
2000-07-21,12.560472
2000-07-24,12.636504
2000-07-25,12.659311
2000-07-26,12.598490
2000-07-27,12.636504
2000-07-28,12.362790
2000-07-31,12.575676
2000-08-01,12.659311
2000-08-02,12.644109
2000-08-03,12.978646
2000-08-04,13.480455
2000-08-07,13.518472
2000-08-08,13.518472
2000-08-09,13.427235
2000-08-10,13.351209
2000-08-11,13.556500
2000-08-14,13.731360
2000-08-15,13.480455
2000-08-16,13.320790
2000-08-17,13.495658
2000-08-18,13.396828
2000-08-21,13.503271
2000-08-22,13.647725
2000-08-23,13.472859
2000-08-24,13.450040
2000-08-25,13.267570
2000-08-28,13.518472
2000-08-29,13.381614
2000-08-30,13.503271
2000-08-31,13.853001
2000-09-01,13.624915
2000-09-05,13.792188
2000-09-06,13.898634
2000-09-07,13.784574
2000-09-08,14.096317
2000-09-11,14.377636
2000-09-12,14.354820
2000-09-13,14.263589
2000-09-14,14.210352
2000-09-15,13.978766
2000-09-18,13.513580
2000-09-19,13.803371
2000-09-20,13.605087
2000-09-21,13.452556
2000-09-22,13.711859
2000-09-25,13.933020
2000-09-26,13.841498
2000-09-27,13.849131
2000-09-28,14.199924
2000-09-29,14.154176
2000-10-02,14.352451
2000-10-03,14.337202
2000-10-04,14.154176
2000-10-05,14.291443
2000-10-06,13.696605
2000-10-09,13.483061
2000-10-10,13.094135
2000-10-11,13.117015
2000-10-12,12.354387
2000-10-13,12.994995
2000-10-16,13.109394
2000-10-17,12.750956
2000-10-18,12.606067
2000-10-19,13.200896
2000-10-20,13.254284
2000-10-23,13.033132
2000-10-24,13.361053
2000-10-25,13.437320
2000-10-26,13.002625
2000-10-27,13.429688
2000-10-30,13.917763
2000-10-31,14.032161
2000-11-01,13.971145
2000-11-02,14.039787
2000-11-03,14.001649
2000-11-06,14.192294
2000-11-07,14.146553
2000-11-08,13.894871
2000-11-09,13.994022
2000-11-10,13.841498
2000-11-13,13.513580
2000-11-14,13.589839
2000-11-15,13.483061
2000-11-16,13.437320
2000-11-17,13.330545
2000-11-20,12.933988
2000-11-21,12.964485
2000-11-22,12.651814
2000-11-24,12.743335
2000-11-27,12.918736
2000-11-28,13.056005
2000-11-29,13.376299
2000-11-30,13.315297
2000-12-01,13.239032
2000-12-04,13.178020
2000-12-05,13.727112
2000-12-06,13.666098
2000-12-07,13.696605
2000-12-08,14.093163
2000-12-11,14.207563
2000-12-12,14.039787
2000-12-13,14.047410
2000-12-14,13.643217
2000-12-15,13.586514
2000-12-18,13.984552
2000-12-19,13.831461
2000-12-20,13.701331
2000-12-21,14.022820
2000-12-22,14.137634
2000-12-26,14.390220
2000-12-27,14.482083
2000-12-28,14.627509
2000-12-29,14.451458
2001-01-02,14.045779
2001-01-03,14.803563
2001-01-04,14.543313
2001-01-05,14.237142
2001-01-08,14.091712
2001-01-09,13.854421
2001-01-10,14.084055
2001-01-11,14.114670
2001-01-12,13.846766
2001-01-16,14.091712
2001-01-17,14.114670
2001-01-18,13.908001
2001-01-19,13.808492
2001-01-22,14.053428
2001-01-23,14.191213
2001-01-24,14.275413
2001-01-25,14.405530
2001-01-26,14.459118
2001-01-29,14.471059
2001-01-30,14.598418
2001-01-31,14.417166
2001-02-01,14.436769
2001-02-02,14.475952
2001-02-05,14.573928
2001-02-06,14.289799
2001-02-07,14.255507
2001-02-08,14.216318
2001-02-09,14.275105
2001-02-12,14.475952
2001-02-13,14.392673
2001-02-14,14.226115
2001-02-15,14.226115
2001-02-16,14.231009
2001-02-20,13.706838
2001-02-21,13.300243
2001-02-22,13.393320
2001-02-23,13.329638
2001-02-26,13.623568
2001-02-27,13.770527
2001-02-28,13.447205
2001-03-01,13.461905
2001-03-02,13.481498
2001-03-05,13.412909
2001-03-06,13.452110
2001-03-07,13.736238
2001-03-08,13.790118
2001-03-09,13.471695
2001-03-12,12.810363
2001-03-13,13.153277
2001-03-14,12.545818
2001-03-15,12.923031
2001-03-16,12.754451
2001-03-19,12.901891
2001-03-20,12.543104
2001-03-21,12.179397
2001-03-22,11.864839
2001-03-23,12.366162
2001-03-26,12.562760
2001-03-27,12.916646
2001-03-28,12.847834
2001-03-29,12.818350
2001-03-30,13.044433
2001-04-02,13.103414
2001-04-03,12.661063
2001-04-04,12.351418
2001-04-05,12.803600
2001-04-06,12.518526
2001-04-09,12.513614
2001-04-10,12.877326
2001-04-11,12.985453
2001-04-12,13.083764
2001-04-16,12.990372
2001-04-17,13.098505
2001-04-18,13.648987
2001-04-19,13.722705
2001-04-20,13.486786
2001-04-23,13.319680
2001-04-24,13.250860
2001-04-25,13.393406
2001-04-26,13.447463
2001-04-27,13.737453
2001-04-30,13.516277
2001-05-01,13.629324
2001-05-02,13.737453
2001-05-03,13.742368
2001-05-04,13.909475
2001-05-07,13.821008
2001-05-08,13.678471
2001-05-09,13.663725
2001-05-10,13.668639
2001-05-11,13.540854
2001-05-14,13.653895
2001-05-15,13.737453
2001-05-16,14.106076
2001-05-17,14.032351
2001-05-18,13.953711
2001-05-21,14.150312
2001-05-22,14.292858
2001-05-23,14.233865
2001-05-24,14.287928
2001-05-25,14.096246
2001-05-29,14.106076
2001-05-30,13.988122
2001-05-31,14.110987
2001-06-01,14.086418
2001-06-04,14.199464
2001-06-05,14.263358
2001-06-06,14.155229
2001-06-07,14.061838
2001-06-08,13.978289
2001-06-11,13.845581
2001-06-12,13.889812
2001-06-13,13.776774
2001-06-14,13.535939
2001-06-15,13.605494
2001-06-18,13.640026
2001-06-19,13.763354
2001-06-20,13.837348
2001-06-21,14.394786
2001-06-22,14.207331
2001-06-25,14.093875
2001-06-26,13.916278
2001-06-27,13.921214
2001-06-28,14.103739
2001-06-29,14.010003
2001-07-02,14.182673
2001-07-03,14.172802
2001-07-05,14.084008
2001-07-06,13.797885
2001-07-09,13.842285
2001-07-10,13.506836
2001-07-11,13.482162
2001-07-12,13.718955
2001-07-13,13.881747
2001-07-16,13.684422
2001-07-17,13.965605
2001-07-18,13.886682
2001-07-19,13.792957
2001-07-20,13.728814
2001-07-23,13.654828
2001-07-24,13.477232
2001-07-25,13.580827
2001-07-26,13.689357
2001-07-27,13.768289
2001-07-30,13.723887
2001-07-31,13.876809
2001-08-01,13.936016
2001-08-02,13.916278
2001-08-03,13.975471
2001-08-06,13.773219
2001-08-07,13.921214
2001-08-08,13.640026
2001-08-09,13.704159
2001-08-10,13.714014
2001-08-13,13.699221
2001-08-14,13.704159
2001-08-15,13.649896
2001-08-16,13.610425
2001-08-17,13.408170
2001-08-20,13.541364
2001-08-21,13.373641
2001-08-22,13.432833
2001-08-23,13.437768
2001-08-24,13.472297
2001-08-27,13.339109
2001-08-28,13.126980
2001-08-29,13.008590
2001-08-30,12.919794
2001-08-31,12.959262
2001-09-04,12.904997
2001-09-05,12.826064
2001-09-06,12.530075
2001-09-07,12.283419
2001-09-10,12.308088
2001-09-17,11.765445
2001-09-18,11.617456
2001-09-19,11.533589
2001-09-20,11.025482
2001-09-21,10.851561
2001-09-24,11.416435
2001-09-25,11.599769
2001-09-26,11.713736
2001-09-27,11.906986
2001-09-28,12.229061
2001-10-01,12.194383
2001-10-02,12.362847
2001-10-03,12.561048
2001-10-04,12.461951
2001-10-05,12.120051
2001-10-08,11.847528
2001-10-09,11.946624
2001-10-10,12.134914
2001-10-11,12.328164
2001-10-12,12.134914
2001-10-15,12.189429
2001-10-16,12.387621
2001-10-17,12.263753
2001-10-18,12.248888
2001-10-19,12.050681
2001-10-22,12.343026
2001-10-23,12.372752
2001-10-24,12.328164
2001-10-25,12.491683
2001-10-26,12.635376
2001-10-29,12.189429
2001-10-30,12.164644
2001-10-31,12.055637
2001-11-01,12.253836
2001-11-02,12.318254
2001-11-05,12.585826
2001-11-06,12.739443
2001-11-07,12.788981
2001-11-08,12.828629
2001-11-09,12.744387
2001-11-12,12.684931
2001-11-13,13.026826
2001-11-14,13.002051
2001-11-15,12.922764
2001-11-16,12.858353
2001-11-19,13.120976
2001-11-20,13.046648
2001-11-21,12.932685
2001-11-23,13.130883
2001-11-26,13.200252
2001-11-27,13.229983
2001-11-28,12.833581
2001-11-29,12.972312
2001-11-30,12.838536
2001-12-03,12.660151
2001-12-04,12.833581
2001-12-05,13.011965
2001-12-06,13.180433
2001-12-07,13.091242
2001-12-10,12.883127
2001-12-11,12.957451
2001-12-12,12.907905
2001-12-13,12.704742
2001-12-14,12.635376
2001-12-17,12.808804
2001-12-18,12.927725
2001-12-19,13.180433
2001-12-20,13.125925
2001-12-21,13.033860
2001-12-24,13.023900
2001-12-26,13.083629
2001-12-27,13.073672
2001-12-28,13.213026
2001-12-31,13.088604
2002-01-02,13.073672
2002-01-03,13.163252
2002-01-04,13.337440
2002-01-07,13.302596
2002-01-08,13.118463
2002-01-09,13.188137
2002-01-10,13.138366
2002-01-11,13.063725
2002-01-14,12.964179
2002-01-15,13.247847
2002-01-16,13.083629
2002-01-17,13.208040
2002-01-18,13.158275
2002-01-22,13.113484
2002-01-23,13.173205
2002-01-24,13.188137
2002-01-25,13.272736
2002-01-28,13.138366
2002-01-29,12.566054
2002-01-30,12.725305
2002-01-31,12.939297
2002-02-01,12.780047
2002-02-04,12.317221
2002-02-05,12.317221
2002-02-06,12.143034
2002-02-07,12.257502
2002-02-08,12.580986
2002-02-11,12.690462
2002-02-12,12.546145
2002-02-13,12.799951
2002-02-14,12.775076
2002-02-15,12.576002
2002-02-19,12.232621
2002-02-20,12.461541
2002-02-21,12.317221
2002-02-22,12.242571
2002-02-25,12.556095
2002-02-26,12.546145
2002-02-27,12.675535
2002-02-28,12.715354
2002-03-01,12.889533
2002-03-04,13.327476
2002-03-05,13.337440
2002-03-06,13.561386
2002-03-07,13.441951
2002-03-08,13.501663
2002-03-11,13.581293
2002-03-12,13.586271
2002-03-13,13.461851
2002-03-14,13.496683
2002-03-15,13.781300
2002-03-18,13.751342
2002-03-19,13.746347
2002-03-20,13.531634
2002-03-21,13.536635
2002-03-22,13.531634
2002-03-25,13.316927
2002-03-26,13.481703
2002-03-27,13.656473
2002-03-28,13.556612
2002-04-01,13.531634
2002-04-02,13.581570
2002-04-03,13.381845
2002-04-04,13.501685
2002-04-05,13.566596
2002-04-08,13.606541
2002-04-09,13.691422
2002-04-10,13.741355
2002-04-11,13.401813
2002-04-12,13.571590
2002-04-15,13.396823
2002-04-16,13.671456
2002-04-17,13.706408
2002-04-18,13.706408
2002-04-19,13.681441
2002-04-22,13.496681
2002-04-23,13.431775
2002-04-24,13.346888
2002-04-25,13.222057
2002-04-26,13.172130
2002-04-29,13.057279
2002-04-30,13.212072
2002-05-01,13.301946
2002-05-02,13.431775
2002-05-03,13.366870
2002-05-06,13.057279
2002-05-07,12.997363
2002-05-08,13.381845
2002-05-09,13.222057
2002-05-10,13.052293
2002-05-13,13.286968
2002-05-14,13.491702
2002-05-15,13.426778
2002-05-16,13.586561
2002-05-17,13.646481
2002-05-20,13.411798
2002-05-21,13.286968
2002-05-22,13.311941
2002-05-23,13.456750
2002-05-24,13.366870
2002-05-28,13.227053
2002-05-29,13.222057
2002-05-30,13.167136
2002-05-31,13.172130
2002-06-03,12.912478
2002-06-04,12.827591
2002-06-05,12.952426
2002-06-06,12.672803
2002-06-07,12.712755
2002-06-10,12.782654
2002-06-11,12.557957
2002-06-12,12.627866
2002-06-13,12.333263
2002-06-14,12.448111
2002-06-17,13.007346
2002-06-18,13.032318
2002-06-19,12.907487
2002-06-20,12.647842
2002-06-21,12.508412
2002-06-24,12.543521
2002-06-25,12.423147
2002-06-26,12.187426
2002-06-27,12.448223
2002-06-28,12.608723
2002-07-01,12.347920
2002-07-02,12.177392
2002-07-03,12.041983
2002-07-05,12.503393
2002-07-08,12.438198
2002-07-09,12.112195
2002-07-10,11.726002
2002-07-11,11.886498
2002-07-12,11.710962
2002-07-15,11.710962
2002-07-16,11.475242
2002-07-17,11.405024
2002-07-18,11.008809
2002-07-19,10.773086
2002-07-22,10.406958
2002-07-23,9.815141
2002-07-24,10.406958
2002-07-25,10.331725
2002-07-26,10.647697
2002-07-29,11.359885
2002-07-30,11.384954
2002-07-31,11.560498
2002-08-01,11.274624
2002-08-02,10.988747
2002-08-05,10.557423
2002-08-06,10.903482
2002-08-07,11.043919
2002-08-08,11.620682
2002-08-09,11.720998
2002-08-12,11.590593
2002-08-13,11.314751
2002-08-14,11.766129
2002-08-15,11.911576
2002-08-16,11.826314
2002-08-19,12.127243
2002-08-20,11.961732
2002-08-21,11.986811
2002-08-22,12.127243
2002-08-23,11.871453
2002-08-26,12.046997
2002-08-27,11.936655
2002-08-28,11.741055
2002-08-29,11.751087
2002-08-30,11.776162
2002-09-03,11.199395
2002-09-04,11.410037
2002-09-05,11.239514
2002-09-06,11.410037
2002-09-09,11.590593
2002-09-10,11.520379
2002-09-11,11.455174
2002-09-12,11.134188
2002-09-13,11.219453
2002-09-16,11.194377
2002-09-17,10.953637
2002-09-18,10.863359
2002-09-19,10.487202
2002-09-20,10.437789
2002-09-23,10.442827
2002-09-24,10.241136
2002-09-25,10.442827
2002-09-26,10.745374
2002-09-27,10.412575
2002-09-30,10.422664
2002-10-01,10.866392
2002-10-02,10.432749
2002-10-03,10.014227
2002-10-04,9.736897
2002-10-07,9.429307
2002-10-08,9.792361
2002-10-09,9.378880
2002-10-10,9.873039
2002-10-11,10.392408
2002-10-14,10.468040
2002-10-15,11.219358
2002-10-16,11.017665
2002-10-17,11.345423
2002-10-18,11.335342
2002-10-21,11.521909
2002-10-22,11.416012
2002-10-23,11.421062
2002-10-24,11.214321
2002-10-25,11.496691
2002-10-28,11.466439
2002-10-29,11.340379
2002-10-30,11.466439
2002-10-31,11.375683
2002-11-01,11.537037
2002-11-04,11.632839
2002-11-05,11.673178
2002-11-06,11.698390
2002-11-07,11.274832
2002-11-08,11.214321
2002-11-11,11.093301
2002-11-12,11.209273
2002-11-13,11.153811
2002-11-14,11.491654
2002-11-15,11.597539
2002-11-18,11.395848
2002-11-19,11.400888
2002-11-20,11.688305
2002-11-21,11.965633
2002-11-22,11.884963
2002-11-25,11.864792
2002-11-26,11.542074
2002-11-27,11.900086
2002-11-29,11.799240
2002-12-02,11.799240
2002-12-03,11.627795
2002-12-04,11.627795
2002-12-05,11.426102
2002-12-06,11.516863
2002-12-09,11.295000
2002-12-10,11.466439
2002-12-11,11.476519
2002-12-12,11.426102
2002-12-13,11.295000
2002-12-16,11.617713
2002-12-17,11.562248
2002-12-18,11.345423
2002-12-19,11.244572
2002-12-20,11.489586
2002-12-23,11.464221
2002-12-24,11.362767
2002-12-26,11.327263
2002-12-27,11.119280
2002-12-30,11.200447
2002-12-31,11.159858
2003-01-02,11.565671
2003-01-03,11.555529
2003-01-06,11.946123
2003-01-07,11.814235
2003-01-08,11.692488
2003-01-09,11.925831
2003-01-10,11.920759
2003-01-13,11.956271
2003-01-14,12.047573
2003-01-15,11.870036
2003-01-16,11.753360
2003-01-17,11.717853
2003-01-21,11.525094
2003-01-22,11.342481
2003-01-23,11.514942
2003-01-24,11.073622
2003-01-27,10.906226
2003-01-28,11.063479
2003-01-29,11.083771
2003-01-30,10.804775
2003-01-31,11.017825
2003-02-03,11.043183
2003-02-04,10.779409
2003-02-05,10.677958
2003-02-06,10.551141
2003-02-07,10.480121
2003-02-10,10.551141
2003-02-11,10.404035
2003-02-12,10.272141
2003-02-13,10.348233
2003-02-14,10.581581
2003-02-18,10.748973
2003-02-19,10.723611
2003-02-20,10.622160
2003-02-21,10.779409
2003-02-24,10.495345
2003-02-25,10.596796
2003-02-26,10.475051
2003-02-27,10.627234
2003-02-28,10.677958
2003-03-03,10.561284
2003-03-04,10.409108
2003-03-05,10.556219
2003-03-06,10.409108
2003-03-07,10.500416
2003-03-10,10.119966
2003-03-11,9.952570
2003-03-12,9.967784
2003-03-13,10.393888
2003-03-14,10.439540
2003-03-17,10.759119
2003-03-18,10.819991
2003-03-19,10.977247
2003-03-20,10.992462
2003-03-21,11.271188
2003-03-24,10.878831
2003-03-25,10.960364
2003-03-26,10.909403
2003-03-27,10.843163
2003-03-28,10.832971
2003-03-31,10.578199
2003-04-01,10.858450
2003-04-02,11.143800
2003-04-03,11.092842
2003-04-04,11.204950
2003-04-07,11.245704
2003-04-08,11.245704
2003-04-09,11.087746
2003-04-10,11.179472
2003-04-11,11.174372
2003-04-14,11.398571
2003-04-15,11.592199
2003-04-16,11.434240
2003-04-17,11.638059
2003-04-21,11.597291
2003-04-22,11.953976
2003-04-23,12.040599
2003-04-24,11.790920
2003-04-25,11.663538
2003-04-28,11.867360
2003-04-29,11.882648
2003-04-30,11.908122
2003-05-01,11.903026
2003-05-02,12.091553
2003-05-05,12.040599
2003-05-06,12.132314
2003-05-07,12.055888
2003-05-08,11.918311
2003-05-09,11.994743
2003-05-12,12.132314
2003-05-13,12.096650
2003-05-14,12.091553
2003-05-15,12.213850
2003-05-16,12.244417
2003-05-19,11.913210
2003-05-20,11.923410
2003-05-21,11.948883
2003-05-22,11.984550
2003-05-23,12.030408
2003-05-27,12.249516
2003-05-28,12.397284
2003-05-29,12.264807
2003-05-30,12.514477
2003-06-02,12.626578
2003-06-03,12.697912
2003-06-04,12.881354
2003-06-05,12.962887
2003-06-06,12.952689
2003-06-09,12.682631
2003-06-10,12.789639
2003-06-11,12.983261
2003-06-12,12.957789
2003-06-13,12.911932
2003-06-16,13.227844
2003-06-17,13.222748
2003-06-18,13.095366
2003-06-19,12.784540
2003-06-20,12.823442
2003-06-23,12.623799
2003-06-24,12.695471
2003-06-25,12.613566
2003-06-26,12.721063
2003-06-27,12.613566
2003-06-30,12.567492
2003-07-01,12.715945
2003-07-02,12.874639
2003-07-03,12.813209
2003-07-07,13.033328
2003-07-08,13.120350
2003-07-09,13.099882
2003-07-10,12.910473
2003-07-11,13.089643
2003-07-14,13.335354
2003-07-15,13.263700
2003-07-16,13.197145
2003-07-17,12.977017
2003-07-18,13.135713
2003-07-21,12.982136
2003-07-22,13.110115
2003-07-23,13.069168
2003-07-24,13.012851
2003-07-25,13.319998
2003-07-28,13.268805
2003-07-29,13.125479
2003-07-30,13.130590
2003-07-31,13.115238
2003-08-01,12.859274
2003-08-04,12.874639
2003-08-05,12.664759
2003-08-06,12.838804
2003-08-07,12.900237
2003-08-08,12.961663
2003-08-11,12.936064
2003-08-12,13.089643
2003-08-13,12.992379
2003-08-14,13.115238
2003-08-15,13.104994
2003-08-18,13.120350
2003-08-19,13.104994
2003-08-20,13.074291
2003-08-21,13.074291
2003-08-22,12.823442
2003-08-25,12.869523
2003-08-26,12.895123
2003-08-27,12.843924
2003-08-28,12.900237
2003-08-29,12.961663
2003-09-02,13.192021
2003-09-03,13.217619
2003-09-04,13.161312
2003-09-05,13.099882
2003-09-08,13.227860
2003-09-09,13.161312
2003-09-10,12.946303
2003-09-11,13.002616
2003-09-12,13.023097
2003-09-15,13.023097
2003-09-16,13.176665
2003-09-17,13.197145
2003-09-18,13.514532
2003-09-19,13.493431
2003-09-22,13.297874
2003-09-23,13.390502
2003-09-24,13.158926
2003-09-25,13.097174
2003-09-26,13.025122
2003-09-29,13.164076
2003-09-30,13.076580
2003-10-01,13.405941
2003-10-02,13.431681
2003-10-03,13.534596
2003-10-06,13.596357
2003-10-07,13.678692
2003-10-08,13.658109
2003-10-09,13.694128
2003-10-10,13.694128
2003-10-13,13.910270
2003-10-14,13.992613
2003-10-15,13.956589
2003-10-16,13.972035
2003-10-17,13.848516
2003-10-20,13.853670
2003-10-21,13.848516
2003-10-22,13.652966
2003-10-23,13.745595
2003-10-24,13.730156
2003-10-27,13.730156
2003-10-28,13.905133
2003-10-29,13.925712
2003-10-30,13.946298
2003-10-31,13.982327
2003-11-03,14.131557
2003-11-04,14.059516
2003-11-05,14.028640
2003-11-06,14.095540
2003-11-07,13.946298
2003-11-10,13.961737
2003-11-11,13.915421
2003-11-12,14.023494
2003-11-13,13.977179
2003-11-14,13.797059
2003-11-17,13.761030
2003-11-18,13.601499
2003-11-19,13.704425
2003-11-20,13.586063
2003-11-21,13.663259
2003-11-24,13.791913
2003-11-25,13.869112
2003-11-26,13.951448
2003-11-28,13.930863
2003-12-01,14.090396
2003-12-02,14.049227
2003-12-03,14.023494
2003-12-04,14.059516
2003-12-05,13.946298
2003-12-08,14.074959
2003-12-09,13.951448
2003-12-10,13.874249
2003-12-11,14.033774
2003-12-12,14.074959
2003-12-15,14.038933
2003-12-16,14.162440
2003-12-17,14.110975
2003-12-18,14.234487
2003-12-19,14.277976
2003-12-22,14.355620
2003-12-23,14.376328
2003-12-24,14.376328
2003-12-26,14.371161
2003-12-29,14.567883
2003-12-30,14.598943
2003-12-31,14.562703
2004-01-02,14.541991
2004-01-05,14.661065
2004-01-06,14.655889
2004-01-07,14.666248
2004-01-08,14.718012
2004-01-09,14.666248
2004-01-12,14.728364
2004-01-13,14.655889
2004-01-14,14.769785
2004-01-15,14.894030
2004-01-16,14.940620
2004-01-20,14.919911
2004-01-21,15.142520
2004-01-22,15.142520
2004-01-23,15.070047
2004-01-26,15.277125
2004-01-27,15.173584
2004-01-28,14.904377
2004-01-29,15.028623
2004-01-30,15.038981
2004-02-02,15.126987
2004-02-03,15.142520
2004-02-04,15.018274
2004-02-05,15.013102
2004-02-06,15.266768
2004-02-09,15.204648
2004-02-10,15.251230
2004-02-11,15.484195
2004-02-12,15.458307
2004-02-13,15.427253
2004-02-17,15.541145
2004-02-18,15.458307
2004-02-19,15.453138
2004-02-20,15.411716
2004-02-23,15.411716
2004-02-24,15.349601
2004-02-25,15.416901
2004-02-26,15.432427
2004-02-27,15.468666
2004-03-01,15.577381
2004-03-02,15.499725
2004-03-03,15.592916
2004-03-04,15.634328
2004-03-05,15.768929
2004-03-08,15.686098
2004-03-09,15.582561
2004-03-10,15.334067
2004-03-11,15.085573
2004-03-12,15.308184
2004-03-15,15.085573
2004-03-16,15.225352
2004-03-17,15.401361
2004-03-18,15.406541
2004-03-19,15.237014
2004-03-22,15.039400
2004-03-23,15.034207
2004-03-24,14.919791
2004-03-25,15.075810
2004-03-26,15.065399
2004-03-29,15.257819
2004-03-30,15.361821
2004-03-31,15.289016
2004-04-01,15.450233
2004-04-02,15.393024
2004-04-05,15.434621
2004-04-06,15.424225
2004-04-07,15.382627
2004-04-08,15.356620
2004-04-12,15.450233
2004-04-13,15.122611
2004-04-14,14.940598
2004-04-15,14.852189
2004-04-16,15.013399
2004-04-19,14.987399
2004-04-20,14.711773
2004-04-21,14.706577
2004-04-22,14.961397
2004-04-23,14.883390
2004-04-26,14.852189
2004-04-27,14.888586
2004-04-28,14.675385
2004-04-29,14.628571
2004-04-30,14.623375
2004-05-03,14.722177
2004-05-04,14.768983
2004-05-05,14.753379
2004-05-06,14.592172
2004-05-07,14.280150
2004-05-10,14.160549
2004-05-11,14.233345
2004-05-12,14.394555
2004-05-13,14.420552
2004-05-14,14.430964
2004-05-17,14.243745
2004-05-18,14.358151
2004-05-19,14.368557
2004-05-20,14.420552
2004-05-21,14.508965
2004-05-24,14.529776
2004-05-25,14.737782
2004-05-26,14.826191
2004-05-27,14.862584
2004-05-28,14.872981
2004-06-01,14.815780
2004-06-02,14.888586
2004-06-03,14.768983
2004-06-04,14.893790
2004-06-07,15.107003
2004-06-08,15.086205
2004-06-09,14.930188
2004-06-10,15.002993
2004-06-14,14.794983
2004-06-15,14.852189
2004-06-16,14.878181
2004-06-17,14.888586
2004-06-18,14.907413
2004-06-21,14.860367
2004-06-22,14.933538
2004-06-23,14.970131
2004-06-24,15.001491
2004-06-25,14.949211
2004-06-28,14.938772
2004-06-29,14.876041
2004-06-30,14.938772
2004-07-01,14.834229
2004-07-02,14.876041
2004-07-06,14.771509
2004-07-07,14.740140
2004-07-08,14.630378
2004-07-09,14.630378
2004-07-12,14.698325
2004-07-13,14.714006
2004-07-14,14.646059
2004-07-15,14.510154
2004-07-16,14.515378
2004-07-19,14.536295
2004-07-20,14.609470
2004-07-21,14.463113
2004-07-22,14.478793
2004-07-23,14.405615
2004-07-26,14.410835
2004-07-27,14.531067
2004-07-28,14.578109
2004-07-29,14.640829
2004-07-30,14.619922
2004-08-02,14.708773
2004-08-03,14.619922
2004-08-04,14.656518
2004-08-05,14.416071
2004-08-06,14.290623
2004-08-09,14.274939
2004-08-10,14.473566
2004-08-11,14.515378
2004-08-12,14.363798
2004-08-13,14.379473
2004-08-16,14.599020
2004-08-17,14.682649
2004-08-18,14.860367
2004-08-19,14.797641
2004-08-20,14.949211
2004-08-23,14.896960
2004-08-24,14.923091
2004-08-25,15.053757
2004-08-26,15.090356
2004-08-27,15.106038
2004-08-30,15.017174
2004-08-31,15.095573
2004-09-01,15.038083
2004-09-02,15.205342
2004-09-03,15.200125
2004-09-07,15.383064
2004-09-08,15.268076
2004-09-09,15.252389
2004-09-10,15.325566
2004-09-13,15.283751
2004-09-14,15.304664
2004-09-15,15.247167
2004-09-16,15.325566
2004-09-17,15.361310
2004-09-20,15.203645
2004-09-21,15.329779
2004-09-22,15.051245
2004-09-23,14.898835
2004-09-24,14.956646
2004-09-27,14.883071
2004-09-28,14.940882
2004-09-29,14.993432
2004-09-30,14.956646
2004-10-01,15.208902
2004-10-04,15.229923
2004-10-05,15.145833
2004-10-06,15.256198
2004-10-07,15.214149
2004-10-08,15.161605
2004-10-11,15.203645
2004-10-12,15.193134
2004-10-13,15.093275
2004-10-14,14.725410
2004-10-15,14.746428
2004-10-18,14.809500
2004-10-19,14.562490
2004-10-20,14.488915
2004-10-21,14.478411
2004-10-22,14.399579
2004-10-25,14.394330
2004-10-26,14.714907
2004-10-27,14.935620
2004-10-28,15.014455
2004-10-29,15.035474
2004-11-01,15.082768
2004-11-02,15.145833
2004-11-03,15.235173
2004-11-04,15.492682
2004-11-05,15.461148
2004-11-08,15.440137
2004-11-09,15.424365
2004-11-10,15.466407
2004-11-11,15.613553
2004-11-12,15.676617
2004-11-15,15.723922
2004-11-16,15.592538
2004-11-17,15.629323
2004-11-18,15.592538
2004-11-19,15.392838
2004-11-22,15.482176
2004-11-23,15.518955
2004-11-24,15.582019
2004-11-26,15.592538
2004-11-29,15.518955
2004-11-30,15.503195
2004-12-01,15.808000
2004-12-02,15.781725
2004-12-03,15.776467
2004-12-06,15.765965
2004-12-07,15.634578
2004-12-08,15.676617
2004-12-09,15.760711
2004-12-10,15.786988
2004-12-13,15.892085
2004-12-14,15.944650
2004-12-15,16.028723
2004-12-16,15.918356
2004-12-17,15.869188
2004-12-20,15.842751
2004-12-21,16.048979
2004-12-22,16.138870
2004-12-23,16.170607
2004-12-27,16.085993
2004-12-28,16.160028
2004-12-29,16.123009
2004-12-30,16.144165
2004-12-31,16.144165
2005-01-03,16.085993
2005-01-04,15.932642
2005-01-05,15.906206
2005-01-06,15.985525
2005-01-07,15.900921
2005-01-10,15.916781
2005-01-11,15.848040
2005-01-12,15.826890
2005-01-13,15.673535
2005-01-14,15.726413
2005-01-18,15.974946
2005-01-19,15.816311
2005-01-20,15.699974
2005-01-21,15.620658
2005-01-24,15.625945
2005-01-25,15.636519
2005-01-26,15.710549
2005-01-27,15.631234
2005-01-28,15.610076
2005-01-31,15.795157
2005-02-01,15.964376
2005-02-02,15.964376
2005-02-03,15.890344
2005-02-04,16.080704
2005-02-07,16.096569
2005-02-08,16.033119
2005-02-09,15.990816
2005-02-10,16.038399
2005-02-11,16.165314
2005-02-14,16.138870
2005-02-15,16.175888
2005-02-16,16.064840
2005-02-17,15.922071
2005-02-18,15.752857
2005-02-22,15.520185
2005-02-23,15.662961
2005-02-24,15.684113
2005-02-25,15.842751
2005-02-28,15.689401
2005-03-01,15.842751
2005-03-02,15.795157
2005-03-03,15.768713
2005-03-04,15.969659
2005-03-07,15.969659
2005-03-08,15.943225
2005-03-09,15.747567
2005-03-10,15.837464
2005-03-11,15.699974
2005-03-14,15.784581
2005-03-15,15.678828
2005-03-16,15.520185
2005-03-17,15.477883
2005-03-18,15.400797
2005-03-21,15.262571
2005-03-22,14.980824
2005-03-23,15.012718
2005-03-24,14.938293
2005-03-28,15.044618
2005-03-29,14.991457
2005-03-30,15.177522
2005-03-31,15.092471
2005-04-01,14.885136
2005-04-04,14.991457
2005-04-05,15.033974
2005-04-06,15.134993
2005-04-07,15.193462
2005-04-08,15.055248
2005-04-11,15.087145
2005-04-12,15.294477
2005-04-13,15.071201
2005-04-14,14.901090
2005-04-15,14.741593
2005-04-18,14.863874
2005-04-19,14.885136
2005-04-20,14.699070
2005-04-21,14.784135
2005-04-22,14.746919
2005-04-25,14.932976
2005-04-26,14.847920
2005-04-27,15.055248
2005-04-28,14.890451
2005-04-29,15.119046
2005-05-02,15.156243
2005-05-03,15.172202
2005-05-04,15.464589
2005-05-05,15.395477
2005-05-06,15.283849
2005-05-09,15.416739
2005-05-10,15.214731
2005-05-11,15.283849
2005-05-12,15.140315
2005-05-13,15.007409
2005-05-16,15.273211
2005-05-17,15.368898
2005-05-18,15.549651
2005-05-19,15.565600
2005-05-20,15.549651
2005-05-23,15.570914
2005-05-24,15.517750
2005-05-25,15.464589
2005-05-26,15.565600
2005-05-27,15.592183
2005-05-31,15.565600
2005-06-01,15.687870
2005-06-02,15.645339
2005-06-03,15.565600
2005-06-06,15.602808
2005-06-07,15.592183
2005-06-08,15.602808
2005-06-09,15.650660
2005-06-10,15.602808
2005-06-13,15.602808
2005-06-14,15.645339
2005-06-15,15.682549
2005-06-16,15.762291
2005-06-17,15.845183
2005-06-20,15.807750
2005-06-21,15.866565
2005-06-22,15.845183
2005-06-23,15.700795
2005-06-24,15.674057
2005-06-27,15.668700
2005-06-28,15.786360
2005-06-29,15.861220
2005-06-30,15.759626
2005-07-01,15.775654
2005-07-05,15.904009
2005-07-06,15.786360
2005-07-07,15.818436
2005-07-08,15.978874
2005-07-11,16.048388
2005-07-12,16.048388
2005-07-13,16.117912
2005-07-14,16.198126
2005-07-15,16.240908
2005-07-18,16.069780
2005-07-19,16.064434
2005-07-20,16.123259
2005-07-21,16.037701
2005-07-22,16.123259
2005-07-25,16.059086
2005-07-26,16.080477
2005-07-27,16.101877
2005-07-28,16.150002
2005-07-29,16.005613
2005-08-01,16.005613
2005-08-02,16.123259
2005-08-03,16.144651
2005-08-04,16.032347
2005-08-05,15.850533
2005-08-08,15.786360
2005-08-09,15.887960
2005-08-10,15.871914
2005-08-11,15.930749
2005-08-12,15.887960
2005-08-15,15.962825
2005-08-16,15.855879
2005-08-17,15.893310
2005-08-18,15.882619
2005-08-19,15.909351
2005-08-22,15.952142
2005-08-23,15.850533
2005-08-24,15.668700
2005-08-25,15.748918
2005-08-26,15.583152
2005-08-29,15.706132
2005-08-30,15.567111
2005-08-31,15.743576
2005-09-01,15.781004
2005-09-02,15.770312
2005-09-06,15.962825
2005-09-07,15.925398
2005-09-08,15.834484
2005-09-09,15.973534
2005-09-12,16.021645
2005-09-13,15.887960
2005-09-14,15.871914
2005-09-15,15.882619
2005-09-16,16.109608
2005-09-19,15.964373
2005-09-20,15.878309
2005-09-21,15.614758
2005-09-22,15.733091
2005-09-23,15.786872
2005-09-26,15.700807
2005-09-27,15.754599
2005-09-28,15.625514
2005-09-29,15.915956
2005-09-30,15.878309
2005-10-03,15.840664
2005-10-04,15.641644
2005-10-05,15.577096
2005-10-06,15.620133
2005-10-07,15.673923
2005-10-10,15.507173
2005-10-11,15.458760
2005-10-12,15.388845
2005-10-13,15.464148
2005-10-14,15.636263
2005-10-17,15.652402
2005-10-18,15.528687
2005-10-19,15.840664
2005-10-20,15.700807
2005-10-21,15.792253
2005-10-24,16.104227
2005-10-25,16.012779
2005-10-26,16.120358
2005-10-27,16.028915
2005-10-28,16.303240
2005-10-31,16.362408
2005-11-01,16.303240
2005-11-02,16.437702
2005-11-03,16.448465
2005-11-04,16.475361
2005-11-07,16.615210
2005-11-08,16.566803
2005-11-09,16.609831
2005-11-10,16.943327
2005-11-11,17.002487
2005-11-14,17.013239
2005-11-15,16.857262
2005-11-16,16.765818
2005-11-17,16.964828
2005-11-18,17.050900
2005-11-21,17.131578
2005-11-22,17.282192
2005-11-23,17.416658
2005-11-25,17.454304
2005-11-28,17.373632
2005-11-29,17.362864
2005-11-30,17.142344
2005-12-01,17.233774
2005-12-02,17.271429
2005-12-05,17.239155
2005-12-06,17.185369
2005-12-07,17.045511
2005-12-08,17.034760
2005-12-09,17.158476
2005-12-12,17.083172
2005-12-13,17.303705
2005-12-14,17.368242
2005-12-15,17.271429
2005-12-16,17.313656
2005-12-19,17.162067
2005-12-20,17.237856
2005-12-21,17.286592
2005-12-22,17.405708
2005-12-23,17.427349
2005-12-27,17.292004
2005-12-28,17.254110
2005-12-29,17.237856
2005-12-30,17.145824
2006-01-03,17.432755
2006-01-04,17.416525
2006-01-05,17.476070
2006-01-06,17.578934
2006-01-09,17.627666
2006-01-10,17.643906
2006-01-11,17.741352
2006-01-12,17.616842
2006-01-13,17.606009
2006-01-17,17.421938
2006-01-18,17.373213
2006-01-19,17.319067
2006-01-20,16.956341
2006-01-23,16.999649
2006-01-24,17.075438
2006-01-25,17.107929
2006-01-26,17.400280
2006-01-27,17.416525
2006-01-30,17.362379
2006-01-31,17.297419
2006-02-01,17.286592
2006-02-02,17.167482
2006-02-03,17.097099
2006-02-06,17.145824
2006-02-07,17.032135
2006-02-08,17.140417
2006-02-09,17.183723
2006-02-10,17.281181
2006-02-13,17.216219
2006-02-14,17.421938
2006-02-15,17.524797
2006-02-16,17.627666
2006-02-17,17.557281
2006-02-21,17.503139
2006-02-22,17.833387
2006-02-23,17.768427
2006-02-24,17.806316
2006-02-27,17.838808
2006-02-28,17.665560
2006-03-01,17.757599
2006-03-02,17.649317
2006-03-03,17.606009
2006-03-06,17.551870
2006-03-07,17.611423
2006-03-08,17.622248
2006-03-09,17.513969
2006-03-10,17.670975
2006-03-13,17.676384
2006-03-14,17.882120
2006-03-15,17.903778
2006-03-16,17.963327
2006-03-17,18.016129
2006-03-20,18.027008
2006-03-21,17.847397
2006-03-22,17.988909
2006-03-23,17.901815
2006-03-24,17.896378
2006-03-27,17.885490
2006-03-28,17.738531
2006-03-29,17.820175
2006-03-30,17.711323
2006-03-31,17.716761
2006-04-03,17.743975
2006-04-04,17.934479
2006-04-05,17.967133
2006-04-06,17.901815
2006-04-07,17.733082
2006-04-10,17.765745
2006-04-11,17.613348
2006-04-12,17.651443
2006-04-13,17.678663
2006-04-17,17.662336
2006-04-18,17.988909
2006-04-19,18.010674
2006-04-20,18.048780
2006-04-21,18.027008
2006-04-24,18.032442
2006-04-25,17.923594
2006-04-26,18.027008
2006-04-27,18.310038
2006-04-28,18.484213
2006-05-01,18.195744
2006-05-02,18.310038
2006-05-03,18.293709
2006-05-04,18.331816
2006-05-05,18.593073
2006-05-08,18.516876
2006-05-09,18.549530
2006-05-10,18.560421
2006-05-11,18.255610
2006-05-12,18.070553
2006-05-15,18.195744
2006-05-16,18.173969
2006-05-17,17.809296
2006-05-18,17.651443
2006-05-19,17.743975
2006-05-22,17.700432
2006-05-23,17.613348
2006-05-24,17.624233
2006-05-25,17.782080
2006-05-26,17.929037
2006-05-30,17.662336
2006-05-31,17.787514
2006-06-01,17.994345
2006-06-02,18.097773
2006-06-05,17.803850
2006-06-06,17.760305
2006-06-07,17.820175
2006-06-08,17.852835
2006-06-09,17.792967
2006-06-12,17.597019
2006-06-13,17.254116
2006-06-14,17.150703
2006-06-15,17.531702
2006-06-16,17.420563
2006-06-19,17.300117
2006-06-20,17.349390
2006-06-21,17.491735
2006-06-22,17.426039
2006-06-23,17.311071
2006-06-26,17.464361
2006-06-27,17.294640
2006-06-28,17.387720
2006-06-29,17.754522
2006-06-30,17.705248
2006-07-03,17.913292
2006-07-05,17.743576
2006-07-06,17.798309
2006-07-07,17.710720
2006-07-10,17.831177
2006-07-11,17.836637
2006-07-12,17.661446
2006-07-13,17.382240
2006-07-14,17.311071
2006-07-17,17.343916
2006-07-18,17.382240
2006-07-19,17.842119
2006-07-20,17.770947
2006-07-21,17.672392
2006-07-24,17.902334
2006-07-25,17.946135
2006-07-26,17.924236
2006-07-27,17.820213
2006-07-28,18.137754
2006-07-31,18.110373
2006-08-01,18.055637
2006-08-02,18.088482
2006-08-03,18.165131
2006-08-04,18.203451
2006-08-07,18.165131
2006-08-08,18.033733
2006-08-09,17.820213
2006-08-10,17.907814
2006-08-11,17.853065
2006-08-14,17.874969
2006-08-15,18.176079
2006-08-16,18.274624
2006-08-17,18.334843
2006-08-18,18.362213
2006-08-21,18.291046
2006-08-22,18.285576
2006-08-23,18.230820
2006-08-24,18.291046
2006-08-25,18.192503
2006-08-28,18.323889
2006-08-29,18.247250
2006-08-30,18.301994
2006-08-31,18.323889
2006-09-01,18.351273
2006-09-05,18.416964
2006-09-06,18.356739
2006-09-07,18.214401
2006-09-08,18.318419
2006-09-11,18.329365
2006-09-12,18.564777
2006-09-13,18.701645
2006-09-14,18.745440
2006-09-15,18.802711
2006-09-18,18.780699
2006-09-19,18.813723
2006-09-20,18.940353
2006-09-21,18.808222
2006-09-22,18.841249
2006-09-25,19.033958
2006-09-26,19.138563
2006-09-27,19.050474
2006-09-28,19.116547
2006-09-29,19.061485
2006-10-02,19.017431
2006-10-03,19.204638
2006-10-04,19.435892
2006-10-05,19.424881
2006-10-06,19.358805
2006-10-09,19.413868
2006-10-10,19.413868
2006-10-11,19.364311
2006-10-12,19.468924
2006-10-13,19.540504
2006-10-16,19.435892
2006-10-17,19.435892
2006-10-18,19.490952
2006-10-19,19.364311
2006-10-20,19.342295
2006-10-23,19.468924
2006-10-24,19.463430
2006-10-25,19.546005
2006-10-26,19.683653
2006-10-27,19.535002
2006-10-30,19.540504
2006-10-31,19.507473
2006-11-01,19.386332
2006-11-02,19.331278
2006-11-03,19.331278
2006-11-06,19.557022
2006-11-07,19.601070
2006-11-08,19.683653
2006-11-09,19.551519
2006-11-10,19.711184
2006-11-13,19.689161
2006-11-14,19.804783
2006-11-15,19.777252
2006-11-16,19.969959
2006-11-17,19.821310
2006-11-20,19.947941
2006-11-21,19.914909
2006-11-22,19.936939
2006-11-24,19.837822
2006-11-27,19.529484
2006-11-28,19.562525
2006-11-29,19.683653
2006-11-30,19.645107
2006-12-01,19.529484
2006-12-04,19.804783
2006-12-05,19.898382
2006-12-06,19.925920
2006-12-07,19.876358
2006-12-08,19.936939
2006-12-11,20.047047
2006-12-12,20.063564
2006-12-13,20.085587
2006-12-14,20.256268
2006-12-15,20.306761
2006-12-18,20.406624
2006-12-19,20.389982
2006-12-20,20.456568
2006-12-21,20.367796
2006-12-22,20.267921
2006-12-26,20.451021
2006-12-27,20.595274
2006-12-28,20.500957
2006-12-29,20.384441
2007-01-03,20.484297
2007-01-04,20.417727
2007-01-05,20.256832
2007-01-08,20.345596
2007-01-09,20.312309
2007-01-10,20.378885
2007-01-11,20.506498
2007-01-12,20.528688
2007-01-16,20.584179
2007-01-17,20.528688
2007-01-18,20.445467
2007-01-19,20.506498
2007-01-22,20.489853
2007-01-23,20.478758
2007-01-24,20.689592
2007-01-25,20.389982
2007-01-26,20.428829
2007-01-29,20.328957
2007-01-30,20.406624
2007-01-31,20.573080
2007-02-01,20.706240
2007-02-02,20.745075
2007-02-05,20.739519
2007-02-06,20.833845
2007-02-07,20.911528
2007-02-08,20.844946
2007-02-09,20.623013
2007-02-12,20.573080
2007-02-13,20.722887
2007-02-14,20.922619
2007-02-15,20.955912
2007-02-16,20.950365
2007-02-20,21.061331
2007-02-21,20.972557
2007-02-22,20.889336
2007-02-23,20.695143
2007-02-26,20.545338
2007-02-27,19.585485
2007-02-28,19.946115
2007-03-01,19.923931
2007-03-02,19.696447
2007-03-05,19.385746
2007-03-06,19.790770
2007-03-07,19.674259
2007-03-08,19.851799
2007-03-09,19.901730
2007-03-12,19.901730
2007-03-13,19.308067
2007-03-14,19.352455
2007-03-15,19.585485
2007-03-16,19.511938
2007-03-19,19.640079
2007-03-20,19.818377
2007-03-21,20.269684
2007-03-22,20.147095
2007-03-23,20.169394
2007-03-26,20.069105
2007-03-27,19.946527
2007-03-28,19.695805
2007-03-29,19.796087
2007-03-30,19.851809
2007-04-02,19.667942
2007-04-03,19.913095
2007-04-04,19.913095
2007-04-05,19.924236
2007-04-09,19.918669
2007-04-10,20.007816
2007-04-11,19.840664
2007-04-12,19.807236
2007-04-13,19.890800
2007-04-16,20.375546
2007-04-17,20.369972
2007-04-18,20.603985
2007-04-19,20.576120
2007-04-20,20.681990
2007-04-23,20.626268
2007-04-24,20.564980
2007-04-25,20.843559
2007-04-26,20.810133
2007-04-27,20.782276
2007-04-30,20.620684
2007-05-01,20.659698
2007-05-02,20.748844
2007-05-03,20.943844
2007-05-04,21.016285
2007-05-07,21.044140
2007-05-08,20.999569
2007-05-09,21.111004
2007-05-10,20.810133
2007-05-11,21.032991
2007-05-14,20.932711
2007-05-15,20.882566
2007-05-16,21.122139
2007-05-17,21.016285
2007-05-18,21.072004
2007-05-21,21.094284
2007-05-22,21.111004
2007-05-23,21.094284
2007-05-24,20.904848
2007-05-25,20.943844
2007-05-29,21.032991
2007-05-30,21.177853
2007-05-31,21.116568
2007-06-01,21.183434
2007-06-04,21.155577
2007-06-05,21.027430
2007-06-06,20.849136
2007-06-07,20.498125
2007-06-08,20.737705
2007-06-11,20.832418
2007-06-12,20.548267
2007-06-13,20.938292
2007-06-14,20.904848
2007-06-15,20.979912
2007-06-18,20.974310
2007-06-19,21.063951
2007-06-20,20.694216
2007-06-21,20.727819
2007-06-22,20.464525
2007-06-25,20.302063
2007-06-26,20.111588
2007-06-27,20.414110
2007-06-28,20.380497
2007-06-29,20.268454
2007-07-02,20.442106
2007-07-03,20.621391
2007-07-05,20.447714
2007-07-06,20.548555
2007-07-09,20.464525
2007-07-10,20.033159
2007-07-11,20.100391
2007-07-12,20.470121
2007-07-13,20.548555
2007-07-16,20.475733
2007-07-17,20.542950
2007-07-18,20.279655
2007-07-19,20.212425
2007-07-20,19.859491
2007-07-23,19.848295
2007-07-24,19.349691
2007-07-25,19.439335
2007-07-26,18.979959
2007-07-27,18.683046
2007-07-30,19.035982
2007-07-31,18.430954
2007-08-01,18.638237
2007-08-02,18.761480
2007-08-03,17.960381
2007-08-06,18.879126
2007-08-07,19.013577
2007-08-08,19.467348
2007-08-09,18.767084
2007-08-10,18.683046
2007-08-13,18.514984
2007-08-14,18.190067
2007-08-15,18.027603
2007-08-16,18.571011
2007-08-17,19.327291
2007-08-20,19.069590
2007-08-21,19.204042
2007-08-22,19.254465
2007-08-23,19.282475
2007-08-24,19.349691
2007-08-27,19.125622
2007-08-28,18.554201
2007-08-29,18.778288
2007-08-30,18.660652
2007-08-31,18.907135
2007-09-04,19.052786
2007-09-05,18.823111
2007-09-06,18.683046
2007-09-07,18.492577
2007-09-10,18.430954
2007-09-11,18.621431
2007-09-12,18.660652
2007-09-13,18.968763
2007-09-14,19.035982
2007-09-17,18.856712
2007-09-18,19.568190
2007-09-19,19.691437
2007-09-20,19.450544
2007-09-21,19.526720
2007-09-24,19.255844
2007-09-25,19.216331
2007-09-26,19.221979
2007-09-27,19.447720
2007-09-28,19.368708
2007-10-01,19.735542
2007-10-02,19.961288
2007-10-03,19.916134
2007-10-04,20.034647
2007-10-05,20.254738
2007-10-08,19.978224
2007-10-09,20.147520
2007-10-10,20.034647
2007-10-11,19.927422
2007-10-12,20.057226
2007-10-15,19.650890
2007-10-16,19.284052
2007-10-17,19.272766
2007-10-18,19.030094
2007-10-19,18.398018
2007-10-22,18.623758
2007-10-23,18.725338
2007-10-24,18.584259
2007-10-25,18.567320
2007-10-26,19.018810
2007-10-29,19.075239
2007-10-30,18.781780
2007-10-31,19.035740
2007-11-01,18.059404
2007-11-02,17.969107
2007-11-05,17.647427
2007-11-06,17.946539
2007-11-07,16.964550
2007-11-08,17.139502
2007-11-09,17.009701
2007-11-12,17.071781
2007-11-13,17.873161
2007-11-14,17.805435
2007-11-15,17.353958
2007-11-16,17.218513
2007-11-19,16.755741
2007-11-20,16.388905
2007-11-21,16.134953
2007-11-23,16.518702
2007-11-26,15.965642
2007-11-27,16.253464
2007-11-28,17.224152
2007-11-29,17.071781
2007-11-30,17.495045
2007-12-03,17.353958
2007-12-04,17.032280
2007-12-05,17.286238
2007-12-06,17.844948
2007-12-07,17.607916
2007-12-10,17.980394
2007-12-11,17.071781
2007-12-12,16.941975
2007-12-13,16.936327
2007-12-14,16.563860
2007-12-17,16.388905
2007-12-18,16.400190
2007-12-19,16.496130
2007-12-20,16.377625
2007-12-21,16.680595
2007-12-24,16.982430
2007-12-26,16.862839
2007-12-27,16.521135
2007-12-28,16.481268
2007-12-31,16.475567
2008-01-02,16.150955
2008-01-03,16.048447
2008-01-04,15.592856
2008-01-07,15.632713
2008-01-08,15.063215
2008-01-09,15.347974
2008-01-10,15.609938
2008-01-11,15.661194
2008-01-14,15.877603
2008-01-15,15.222683
2008-01-16,15.478962
2008-01-17,14.693050
2008-01-18,14.522199
2008-01-22,14.835420
2008-01-23,15.888989
2008-01-24,15.894687
2008-01-25,15.478962
2008-01-28,16.031355
2008-01-29,16.276243
2008-01-30,15.945945
2008-01-31,16.595175
2008-02-01,16.902695
2008-02-04,16.412926
2008-02-05,15.746614
2008-02-06,15.564381
2008-02-07,15.706758
2008-02-08,15.444791
2008-02-11,15.103083
2008-02-12,15.518823
2008-02-13,15.461869
2008-02-14,15.040438
2008-02-15,15.279634
2008-02-19,15.256854
2008-02-20,15.433399
2008-02-21,15.160038
2008-02-22,15.490339
2008-02-25,15.490339
2008-02-26,15.627020
2008-02-27,15.695362
2008-02-28,15.205589
2008-02-29,14.710135
2008-03-03,14.510805
2008-03-04,14.431067
2008-03-05,14.317179
2008-03-06,13.821713
2008-03-07,13.850190
2008-03-10,13.457238
2008-03-11,14.339957
2008-03-12,14.100766
2008-03-13,14.066597
2008-03-14,13.667956
2008-03-17,13.354724
2008-03-18,14.476636
2008-03-19,14.095074
2008-03-20,15.110067
2008-03-24,15.305254
2008-03-25,15.259326
2008-03-26,14.708211
2008-03-27,14.478570
2008-03-28,14.151330
2008-03-31,14.277628
2008-04-01,15.282295
2008-04-02,15.270807
2008-04-03,15.339704
2008-04-04,15.133030
2008-04-07,15.224878
2008-04-08,15.052656
2008-04-09,14.800057
2008-04-10,14.708211
2008-04-11,14.426891
2008-04-14,14.088182
2008-04-15,14.231705
2008-04-16,14.616344
2008-04-17,14.868941
2008-04-18,15.196183
2008-04-21,14.960797
2008-04-22,14.754130
2008-04-23,14.656536
2008-04-24,15.184702
2008-04-25,15.471741
2008-04-28,15.511933
2008-04-29,15.322484
2008-04-30,15.276546
2008-05-01,15.798975
2008-05-02,15.908040
2008-05-05,15.632491
2008-05-06,15.798975
2008-05-07,15.230618
2008-05-08,14.920616
2008-05-09,14.920616
2008-05-12,15.098581
2008-05-13,14.960797
2008-05-14,15.064137
2008-05-15,15.213402
2008-05-16,15.150244
2008-05-19,15.006732
2008-05-20,14.656536
2008-05-21,14.283374
2008-05-22,14.363740
2008-05-23,14.151330
2008-05-27,14.225965
2008-05-28,14.145590
2008-05-29,14.398188
2008-05-30,14.214484
2008-06-02,14.002068
2008-06-03,13.956141
2008-06-04,13.870032
2008-06-05,14.145590
2008-06-06,13.393538
2008-06-09,13.209826
2008-06-10,13.250013
2008-06-11,12.865373
2008-06-12,13.215571
2008-06-13,13.422237
2008-06-16,13.548538
2008-06-17,13.152417
2008-06-18,12.934261
2008-06-19,13.072047
2008-06-20,12.846166
2008-06-23,12.440736
2008-06-24,12.585531
2008-06-25,12.556572
2008-06-26,12.104819
2008-06-27,11.913688
2008-06-30,11.734142
2008-07-01,11.768893
2008-07-02,11.589348
2008-07-03,11.548806
2008-07-07,11.166547
2008-07-08,11.890518
2008-07-09,11.212883
2008-07-10,11.131798
2008-07-11,10.819039
2008-07-14,10.263034
2008-07-15,9.944487
2008-07-16,11.247634
2008-07-17,11.734142
2008-07-18,11.971604
2008-07-21,12.017939
2008-07-22,13.025711
2008-07-23,13.008332
2008-07-24,12.133779
2008-07-25,12.087440
2008-07-28,11.519842
2008-07-29,12.452325
2008-07-30,12.643451
2008-07-31,12.527618
2008-08-01,12.527618
2008-08-04,12.423366
2008-08-05,13.054673
2008-08-06,12.921462
2008-08-07,12.284360
2008-08-08,12.707163
2008-08-11,12.921462
2008-08-12,12.266989
2008-08-13,11.913688
2008-08-14,12.284360
2008-08-15,12.371240
2008-08-18,11.896317
2008-08-19,11.548806
2008-08-20,11.786271
2008-08-21,11.571972
2008-08-22,12.012145
2008-08-25,11.589348
2008-08-26,11.682019
2008-08-27,11.907902
2008-08-28,12.388611
2008-08-29,12.405990
2008-09-02,12.579741
2008-09-03,12.776662
2008-09-04,12.151153
2008-09-05,12.591325
2008-09-08,13.135750
2008-09-09,12.295948
2008-09-10,12.145357
2008-09-11,12.423366
2008-09-12,12.249614
2008-09-15,11.056506
2008-09-16,11.884726
2008-09-17,10.743751
2008-09-18,11.589348
2008-09-19,13.086256
2008-09-22,12.016201
2008-09-23,11.981115
2008-09-24,11.846632
2008-09-25,12.174077
2008-09-26,12.507372
2008-09-29,10.858438
2008-09-30,11.630274
2008-10-01,12.086368
2008-10-02,11.484095
2008-10-03,10.981229
2008-10-06,10.408196
2008-10-07,9.308902
2008-10-08,8.934681
2008-10-09,8.004954
2008-10-10,8.829426
2008-10-13,9.519403
2008-10-14,10.133372
2008-10-15,9.034078
2008-10-16,9.238731
2008-10-17,8.975606
2008-10-20,9.420003
2008-10-21,9.133482
2008-10-22,8.560446
2008-10-23,8.472738
2008-10-24,7.923094
2008-10-27,7.706742
2008-10-28,8.917133
2008-10-29,8.367488
2008-10-30,8.659849
2008-10-31,9.080855
2008-11-03,9.133482
2008-11-04,9.648045
2008-11-05,8.765099
2008-11-06,8.162828
2008-11-07,8.314860
2008-11-10,8.069277
2008-11-11,7.788603
2008-11-12,7.309124
2008-11-13,7.841230
2008-11-14,7.443611
2008-11-17,6.969979
2008-11-18,6.870577
2008-11-19,6.151362
2008-11-20,5.490614
2008-11-21,5.660188
2008-11-24,6.519741
2008-11-25,6.899815
2008-11-26,7.221414
2008-11-28,7.402683
2008-12-01,6.168901
2008-12-02,6.671770
2008-12-03,7.016762
2008-12-04,6.940742
2008-12-05,7.490392
2008-12-08,7.993261
2008-12-09,7.671660
2008-12-10,7.537168
2008-12-11,6.958286
2008-12-12,7.092776
2008-12-15,6.800413
2008-12-16,7.560563
2008-12-17,7.490392
2008-12-18,7.274041
2008-12-19,7.258017
2008-12-22,7.002831
2008-12-23,6.836661
2008-12-24,6.985027
2008-12-26,6.990963
2008-12-29,6.931613
2008-12-30,7.198671
2008-12-31,7.430120
2009-01-02,7.513210
2009-01-05,7.388578
2009-01-06,7.507271
2009-01-07,7.115587
2009-01-08,7.085914
2009-01-09,6.860399
2009-01-12,6.498388
2009-01-13,6.587406
2009-01-14,6.207594
2009-01-15,5.922733
2009-01-16,5.744695
2009-01-20,4.795158
2009-01-21,5.501379
2009-01-22,5.163105
2009-01-23,5.335209
2009-01-26,5.240252
2009-01-27,5.424227
2009-01-28,6.118574
2009-01-29,5.637873
2009-01-30,5.483573
2009-02-02,5.483573
2009-02-03,5.382682
2009-02-04,5.323337
2009-02-05,5.406421
2009-02-06,5.809978
2009-02-09,5.875256
2009-02-10,5.275860
2009-02-11,5.531048
2009-02-12,5.459834
2009-02-13,5.252123
2009-02-17,4.729877
2009-02-18,4.729877
2009-02-19,4.480627
2009-02-20,4.415343
2009-02-23,4.261045
2009-02-24,4.777354
2009-02-25,4.747683
2009-02-26,4.824830
2009-02-27,4.510296
2009-03-02,4.225437
2009-03-03,4.142353
2009-03-04,4.088940
2009-03-05,3.703193
2009-03-06,3.667585
2009-03-09,3.715060
2009-03-10,4.266976
2009-03-11,4.379735
2009-03-12,4.830766
2009-03-13,4.860440
2009-03-16,4.765484
2009-03-17,5.074086
2009-03-18,5.584461
2009-03-19,5.139366
2009-03-20,4.879220
2009-03-23,5.682435
2009-03-24,5.406703
2009-03-25,5.586526
2009-03-26,5.652464
2009-03-27,5.478633
2009-03-30,5.005099
2009-03-31,5.280827
2009-04-01,5.430680
2009-04-02,5.580532
2009-04-03,5.808311
2009-04-06,5.652464
2009-04-07,5.484628
2009-04-08,5.514598
2009-04-09,6.371758
2009-04-13,6.641494
2009-04-14,6.203923
2009-04-15,6.503630
2009-04-16,6.575559
2009-04-17,6.659475
2009-04-20,5.916205
2009-04-21,6.353774
2009-04-22,6.125998
2009-04-23,6.413720
2009-04-24,6.557574
2009-04-27,6.449681
2009-04-28,6.251876
2009-04-29,6.521612
2009-04-30,6.431699
2009-05-01,6.383748
2009-05-04,7.031112
2009-05-05,6.929211
2009-05-06,7.480673
2009-05-07,7.264885
2009-05-08,7.804353
2009-05-11,7.348801
2009-05-12,7.192955
2009-05-13,6.827314
2009-05-14,7.055089
2009-05-15,6.911228
2009-05-18,7.366786
2009-05-19,7.216931
2009-05-20,7.025116
2009-05-21,7.037107
2009-05-22,6.989156
2009-05-26,7.216931
2009-05-27,7.001140
2009-05-28,7.198947
2009-05-29,7.330816
2009-06-01,7.408744
2009-06-02,7.288861
2009-06-03,7.192955
2009-06-04,7.450704
2009-06-05,7.384767
2009-06-08,7.438712
2009-06-09,7.492660
2009-06-10,7.378772
2009-06-11,7.438712
2009-06-12,7.486665
2009-06-15,7.294856
2009-06-16,7.168976
2009-06-17,6.959183
2009-06-18,7.127020
2009-06-19,7.254143
2009-06-22,6.832395
2009-06-23,6.910721
2009-06-24,6.995073
2009-06-25,7.145698
2009-06-26,7.181846
2009-06-29,7.272221
2009-06-30,7.199923
2009-07-01,7.157745
2009-07-02,6.910721
2009-07-06,6.916745
2009-07-07,6.808296
2009-07-08,6.693816
2009-07-09,6.778170
2009-07-10,6.687789
2009-07-13,7.115573
2009-07-14,7.085443
2009-07-15,7.386697
2009-07-16,7.362599
2009-07-17,7.314394
2009-07-20,7.374649
2009-07-21,7.308372
2009-07-22,7.314394
2009-07-23,7.525273
2009-07-24,7.483100
2009-07-27,7.603597
2009-07-28,7.585523
2009-07-29,7.585523
2009-07-30,7.760251
2009-07-31,7.838575
2009-08-03,8.037404
2009-08-04,8.200078
2009-08-05,8.483255
2009-08-06,8.423006
2009-08-07,8.645932
2009-08-10,8.609777
2009-08-11,8.290454
2009-08-12,8.459152
2009-08-13,8.633878
2009-08-14,8.579657
2009-08-17,8.218154
2009-08-18,8.386852
2009-08-19,8.380831
2009-08-20,8.597731
2009-08-21,8.766436
2009-08-24,8.700156
2009-08-25,8.808604
2009-08-26,8.784508
2009-08-27,8.874882
2009-08-28,8.886933
2009-08-31,8.856804
2009-09-01,8.380831
2009-09-02,8.308525
2009-09-03,8.471207
2009-09-04,8.567606
2009-09-08,8.603755
2009-09-09,8.736306
2009-09-10,8.808604
2009-09-11,8.754377
2009-09-14,8.868855
2009-09-15,8.886933
2009-09-16,9.194212
2009-09-17,9.164087
2009-09-18,9.150187
2009-09-21,9.065570
2009-09-22,9.271056
2009-09-23,9.083701
2009-09-24,8.902392
2009-09-25,8.817780
2009-09-28,9.113917
2009-09-29,9.071613
2009-09-30,9.029309
2009-10-01,8.630423
2009-10-02,8.636465
2009-10-05,8.908436
2009-10-06,9.023265
2009-10-07,9.119966
2009-10-08,9.132051
2009-10-09,9.210622
2009-10-12,9.283144
2009-10-13,9.192492
2009-10-14,9.506760
2009-10-15,9.422150
2009-10-16,9.198529
2009-10-19,9.240837
2009-10-20,9.168313
2009-10-21,8.993049
2009-10-22,9.258969
2009-10-23,9.126002
2009-10-26,8.890301
2009-10-27,8.823824
2009-10-28,8.551856
2009-10-29,8.908436
2009-10-30,8.491419
2009-11-02,8.563944
2009-11-03,8.588119
2009-11-04,8.467245
2009-11-05,8.684817
2009-11-06,8.648556
2009-11-09,8.956785
2009-11-10,8.926564
2009-11-11,9.047440
2009-11-12,8.878211
2009-11-13,8.860084
2009-11-16,8.956785
2009-11-17,8.980957
2009-11-18,9.053484
2009-11-19,8.878211
2009-11-20,8.823824
2009-11-23,8.950739
2009-11-24,8.884258
2009-11-25,8.866126
2009-11-27,8.630423
2009-11-30,8.860084
2009-12-01,8.866126
2009-12-02,8.860084
2009-12-03,8.678772
2009-12-04,8.841954
2009-12-07,8.696907
2009-12-08,8.618338
2009-12-09,8.648556
2009-12-10,8.636465
2009-12-11,8.696907
2009-12-14,8.745253
2009-12-15,8.606250
2009-12-16,8.660639
2009-12-17,8.497465
2009-12-18,8.626065
2009-12-21,8.753451
2009-12-22,8.771650
2009-12-23,8.735255
2009-12-24,8.814112
2009-12-28,8.783783
2009-12-29,8.747386
2009-12-30,8.753451
2009-12-31,8.735255
2010-01-04,8.911167
2010-01-05,9.074961
2010-01-06,9.093158
2010-01-07,9.287274
2010-01-08,9.232676
2010-01-11,9.238747
2010-01-12,9.105289
2010-01-13,9.208415
2010-01-14,9.250876
2010-01-15,9.062826
2010-01-19,9.178082
2010-01-20,9.153821
2010-01-21,8.892973
2010-01-22,8.601801
2010-01-25,8.650331
2010-01-26,8.498677
2010-01-27,8.704926
2010-01-28,8.662460
2010-01-29,8.601801
2010-02-01,8.747386
2010-02-02,8.832312
2010-02-03,8.735255
2010-02-04,8.359153
2010-02-05,8.456211
2010-02-08,8.286362
2010-02-09,8.371287
2010-02-10,8.438015
2010-02-11,8.456211
2010-02-12,8.462276
2010-02-16,8.638197
2010-02-17,8.668524
2010-02-18,8.723118
2010-02-19,8.771650
2010-02-22,8.886909
2010-02-23,8.723118
2010-02-24,8.874776
2010-02-25,8.850513
2010-02-26,8.905107
2010-03-01,8.929369
2010-03-02,8.959700
2010-03-03,8.965773
2010-03-04,9.056762
2010-03-05,9.232676
2010-03-08,9.250876
2010-03-09,9.281206
2010-03-10,9.384331
2010-03-11,9.463194
2010-03-12,9.426796
2010-03-15,9.426796
2010-03-16,9.542050
2010-03-17,9.657309
2010-03-18,9.602716
2010-03-19,9.539482
2010-03-22,9.588125
2010-03-23,9.667160
2010-03-24,9.673242
2010-03-25,9.715803
2010-03-26,9.727965
2010-03-29,9.740125
2010-03-30,9.679322
2010-03-31,9.697559
2010-04-01,9.776601
2010-04-05,9.873881
2010-04-06,9.977242
2010-04-07,9.940762
2010-04-08,10.019802
2010-04-09,10.056278
2010-04-12,10.098839
2010-04-13,10.104920
2010-04-14,10.366360
2010-04-15,10.323798
2010-04-16,9.946840
2010-04-19,10.044123
2010-04-20,10.177880
2010-04-21,10.117079
2010-04-22,10.171801
2010-04-23,10.202200
2010-04-26,10.044123
2010-04-27,9.703641
2010-04-28,9.843480
2010-04-29,10.068441
2010-04-30,9.825242
2010-05-03,10.013721
2010-05-04,9.740125
2010-05-05,9.685404
2010-05-06,9.278046
2010-05-07,9.174685
2010-05-10,9.685404
2010-05-11,9.648923
2010-05-12,9.758362
2010-05-13,9.582047
2010-05-14,9.332766
2010-05-17,9.338844
2010-05-18,9.071322
2010-05-19,9.083483
2010-05-20,8.663966
2010-05-21,8.967965
2010-05-24,8.712605
2010-05-25,8.791646
2010-05-26,8.730844
2010-05-27,9.126042
2010-05-28,8.925403
2010-06-01,8.736923
2010-06-02,9.010530
2010-06-03,8.961885
2010-06-04,8.603167
2010-06-07,8.432925
2010-06-08,8.609248
2010-06-09,8.518049
2010-06-10,8.797728
2010-06-11,8.822043
2010-06-14,8.785569
2010-06-15,8.992284
2010-06-16,8.998364
2010-06-17,8.986207
2010-06-18,9.035559
2010-06-21,9.023370
2010-06-22,8.883239
2010-06-23,8.840588
2010-06-24,8.682176
2010-06-25,8.919794
2010-06-28,8.834493
2010-06-29,8.517672
2010-06-30,8.414095
2010-07-01,8.334888
2010-07-02,8.237402
2010-07-06,8.286148
2010-07-07,8.651712
2010-07-08,8.718734
2010-07-09,8.840588
2010-07-12,8.852773
2010-07-13,9.072115
2010-07-14,9.005096
2010-07-15,8.986814
2010-07-16,8.609060
2010-07-19,8.602970
2010-07-20,8.694362
2010-07-21,8.554228
2010-07-22,8.804033
2010-07-23,8.871053
2010-07-26,8.992907
2010-07-27,9.017280
2010-07-28,8.938070
2010-07-29,8.968533
2010-07-30,8.962442
2010-08-02,9.187873
2010-08-03,9.084298
2010-08-04,9.120852
2010-08-05,9.084298
2010-08-06,9.005096
2010-08-09,9.053834
2010-08-10,8.974627
2010-08-11,8.657807
2010-08-12,8.596875
2010-08-13,8.572505
2010-08-16,8.548135
2010-08-17,8.615156
2010-08-18,8.651712
2010-08-19,8.450651
2010-08-20,8.426280
2010-08-23,8.371445
2010-08-24,8.231311
2010-08-25,8.255684
2010-08-26,8.188660
2010-08-27,8.365354
2010-08-30,8.188660
2010-08-31,8.261776
2010-09-01,8.578597
2010-09-02,8.663899
2010-09-03,8.846679
2010-09-07,8.645619
2010-09-08,8.730916
2010-09-09,8.840588
2010-09-10,8.852773
2010-09-13,9.041646
2010-09-14,8.962442
2010-09-15,8.992907
2010-09-16,8.968533
2010-09-17,8.921517
2010-09-20,9.092498
2010-09-21,9.007006
2010-09-22,8.860451
2010-09-23,8.689472
2010-09-24,8.921517
2010-09-27,8.823813
2010-09-28,8.842130
2010-09-29,8.774963
2010-09-30,8.762750
2010-10-01,8.854342
2010-10-04,8.793279
2010-10-05,8.994793
2010-10-06,8.988685
2010-10-07,8.952048
2010-10-08,8.976474
2010-10-11,8.964260
2010-10-12,9.068069
2010-10-13,9.074177
2010-10-14,8.915409
2010-10-15,8.762750
2010-10-18,8.958153
2010-10-19,8.836025
2010-10-20,8.921517
2010-10-21,8.921517
2010-10-22,8.915409
2010-10-25,8.884881
2010-10-26,8.897094
2010-10-27,8.903199
2010-10-28,8.903199
2010-10-29,8.890984
2010-11-01,8.890984
2010-11-02,8.915409
2010-11-03,9.000898
2010-11-04,9.300117
2010-11-05,9.513838
2010-11-08,9.440563
2010-11-09,9.263473
2010-11-10,9.367286
2010-11-11,9.275689
2010-11-12,9.123029
2010-11-15,9.165773
2010-11-16,9.013110
2010-11-17,8.952048
2010-11-18,9.074177
2010-11-19,9.074177
2010-11-22,8.939836
2010-11-23,8.799386
2010-11-24,8.933729
2010-11-26,8.805492
2010-11-29,8.878772
2010-11-30,8.829918
2010-12-01,9.007006
2010-12-02,9.239050
2010-12-03,9.269583
2010-12-06,9.257370
2010-12-07,9.269583
2010-12-08,9.422245
2010-12-09,9.538264
2010-12-10,9.623758
2010-12-13,9.617650
2010-12-14,9.532160
2010-12-15,9.452778
2010-12-16,9.464990
2010-12-17,9.517696
2010-12-20,9.523824
2010-12-21,9.689295
2010-12-22,9.799609
2010-12-23,9.726068
2010-12-27,9.811867
2010-12-28,9.811867
2010-12-29,9.793482
2010-12-30,9.762837
2010-12-31,9.775098
2011-01-03,9.989596
2011-01-04,9.977339
2011-01-05,10.093783
2011-01-06,10.026366
2011-01-07,9.940566
2011-01-10,9.916055
2011-01-11,9.952826
2011-01-12,10.118297
2011-01-13,10.087651
2011-01-14,10.246996
2011-01-18,10.185711
2011-01-19,9.958953
2011-01-20,10.007980
2011-01-21,10.087651
2011-01-24,10.075397
2011-01-25,10.057012
2011-01-26,10.050882
2011-01-27,10.136681
2011-01-28,9.958953
2011-01-31,10.050882
2011-02-01,10.259254
2011-02-02,10.179582
2011-02-03,10.185711
2011-02-04,10.179582
2011-02-07,10.326665
2011-02-08,10.400211
2011-02-09,10.326665
2011-02-10,10.326665
2011-02-11,10.467626
2011-02-14,10.473755
2011-02-15,10.461494
2011-02-16,10.516654
2011-02-17,10.504397
2011-02-18,10.528909
2011-02-22,10.204097
2011-02-23,10.161198
2011-02-24,10.136681
2011-02-25,10.277638
2011-02-28,10.326665
2011-03-01,10.106043
2011-03-02,10.044752
2011-03-03,10.253124
2011-03-04,10.124427
2011-03-07,10.057012
2011-03-08,10.277638
2011-03-09,10.277638
2011-03-10,10.069263
2011-03-11,10.136681
2011-03-14,10.044752
2011-03-15,9.928311
2011-03-16,9.744452
2011-03-17,9.860893
2011-03-18,9.997307
2011-03-21,10.046467
2011-03-22,9.991158
2011-03-23,9.966581
2011-03-24,10.015739
2011-03-25,10.040318
2011-03-28,10.009596
2011-03-29,10.028030
2011-03-30,10.107910
2011-03-31,10.071041
2011-04-01,10.157070
2011-04-04,10.144778
2011-04-05,10.138630
2011-04-06,10.255378
2011-04-07,10.206223
2011-04-08,10.114053
2011-04-11,10.114053
2011-04-12,10.077186
2011-04-13,10.003454
2011-04-14,9.911284
2011-04-15,9.917427
2011-04-18,9.782246
2011-04-19,9.812963
2011-04-20,9.837544
2011-04-21,9.892846
2011-04-25,9.880559
2011-04-26,9.942004
2011-04-27,10.003454
2011-04-28,10.083328
2011-04-29,10.064897
2011-05-02,10.021890
2011-05-03,10.064897
2011-05-04,9.978875
2011-05-05,9.849833
2011-05-06,9.898994
2011-05-09,9.874417
2011-05-10,9.966581
2011-05-11,9.831407
2011-05-12,9.831407
2011-05-13,9.690075
2011-05-16,9.677785
2011-05-17,9.751520
2011-05-18,9.794532
2011-05-19,9.794532
2011-05-20,9.659351
2011-05-23,9.524168
2011-05-24,9.511882
2011-05-25,9.518024
2011-05-26,9.567181
2011-05-27,9.634773
2011-05-31,9.733089
2011-06-01,9.407425
2011-06-02,9.413565
2011-06-03,9.352120
2011-06-06,9.173926
2011-06-07,9.155493
2011-06-08,9.069467
2011-06-09,9.173926
2011-06-10,9.112479
2011-06-13,9.204652
2011-06-14,9.253806
2011-06-15,9.051036
2011-06-16,9.100195
2011-06-17,9.182209
2011-06-20,9.176043
2011-06-21,9.305544
2011-06-22,9.250041
2011-06-23,9.157539
2011-06-24,9.102042
2011-06-27,9.194542
2011-06-28,9.237711
2011-06-29,9.428877
2011-06-30,9.465876
2011-07-01,9.638542
2011-07-05,9.552209
2011-07-06,9.502876
2011-07-07,9.657043
2011-07-08,9.533712
2011-07-11,9.274711
2011-07-12,9.237711
2011-07-13,9.243874
2011-07-14,9.176043
2011-07-15,9.157539
2011-07-18,9.034208
2011-07-19,9.145208
2011-07-20,9.250041
2011-07-21,9.472044
2011-07-22,9.447375
2011-07-25,9.379544
2011-07-26,9.367209
2011-07-27,9.145208
2011-07-28,9.151374
2011-07-29,9.126707
2011-08-01,9.095875
2011-08-02,8.849207
2011-08-03,8.892370
2011-08-04,8.442202
2011-08-05,8.281869
2011-08-08,7.498702
2011-08-09,8.078368
2011-08-10,7.517200
2011-08-11,7.936535
2011-08-12,7.881036
2011-08-15,8.133868
2011-08-16,7.973536
2011-08-17,8.022867
2011-08-18,7.634367
2011-08-19,7.480198
2011-08-22,7.387700
2011-08-23,7.628201
2011-08-24,7.831703
2011-08-25,7.807035
2011-08-26,7.874869
2011-08-29,8.201705
2011-08-30,8.146202
2011-08-31,8.251036
2011-09-01,8.066037
2011-09-02,7.733035
2011-09-06,7.597365
2011-09-07,7.961205
2011-09-08,7.788533
2011-09-09,7.541869
2011-09-12,7.628201
2011-09-13,7.677533
2011-09-14,7.770034
2011-09-15,7.967369
2011-09-16,7.992133
2011-09-19,7.775459
2011-09-20,7.750696
2011-09-21,7.366874
2011-09-22,7.156394
2011-09-23,7.230681
2011-09-26,7.552594
2011-09-27,7.589739
2011-09-28,7.373066
2011-09-29,7.577358
2011-09-30,7.311161
2011-10-03,6.983054
2011-10-04,7.261635
2011-10-05,7.366874
2011-10-06,7.595930
2011-10-07,7.323543
2011-10-10,7.701169
2011-10-11,7.694982
2011-10-12,7.893082
2011-10-13,7.707359
2011-10-14,7.800223
2011-10-17,7.558785
2011-10-18,7.917843
2011-10-19,7.806411
2011-10-20,7.924036
2011-10-21,8.128328
2011-10-24,8.307856
2011-10-25,8.060229
2011-10-26,8.202615
2011-10-27,8.691674
2011-10-28,8.697865
2011-10-31,8.357378
2011-11-01,7.961181
2011-11-02,8.196422
2011-11-03,8.338808
2011-11-04,8.227377
2011-11-07,8.270711
2011-11-08,8.425478
2011-11-09,7.967370
2011-11-10,8.004514
2011-11-11,8.196422
2011-11-14,8.029274
2011-11-15,8.066419
2011-11-16,7.868319
2011-11-17,7.713552
2011-11-18,7.738315
2011-11-21,7.546405
2011-11-22,7.478309
2011-11-23,7.274016
2011-11-25,7.292588
2011-11-28,7.509260
2011-11-29,7.472116
2011-11-30,7.930224
2011-12-01,7.886896
2011-12-02,7.992133
2011-12-05,8.153090
2011-12-06,8.159280
2011-12-07,8.258330
2011-12-08,7.936413
2011-12-09,8.109757
2011-12-12,7.917843
2011-12-13,7.806411
2011-12-14,7.775459
2011-12-15,7.781650
2011-12-16,7.812801
2011-12-19,7.638353
2011-12-20,7.924946
2011-12-21,7.968558
2011-12-22,8.136777
2011-12-23,8.192849
2011-12-27,8.149239
2011-12-28,8.018401
2011-12-29,8.143009
2011-12-30,8.099397
2012-01-03,8.311226
2012-01-04,8.286304
2012-01-05,8.398448
2012-01-06,8.348602
2012-01-09,8.392219
2012-01-10,8.541747
2012-01-11,8.641431
2012-01-12,8.672584
2012-01-13,8.610280
2012-01-17,8.541747
2012-01-18,8.672584
2012-01-19,8.753576
2012-01-20,8.809649
2012-01-23,8.840804
2012-01-24,8.828342
2012-01-25,8.847030
2012-01-26,8.772269
2012-01-27,8.803422
2012-01-30,8.722425
2012-01-31,8.759807
2012-02-01,8.896876
2012-02-02,8.940489
2012-02-03,9.183466
2012-02-06,9.139855
2012-02-07,9.133623
2012-02-08,9.202155
2012-02-09,9.164779
2012-02-10,9.077552
2012-02-13,9.158547
2012-02-14,9.071321
2012-02-15,9.015249
2012-02-16,9.158547
2012-02-17,9.214621
2012-02-21,9.208390
2012-02-22,9.090012
2012-02-23,9.171006
2012-02-24,9.139855
2012-02-27,9.208390
2012-02-28,9.233313
2012-02-29,9.195929
2012-03-01,9.295614
2012-03-02,9.264461
2012-03-05,9.227079
2012-03-06,9.002787
2012-03-07,9.114935
2012-03-08,9.202155
2012-03-09,9.276921
2012-03-12,9.251999
2012-03-13,9.607130
2012-03-14,9.619591
2012-03-15,9.787805
2012-03-16,9.825310
2012-03-19,9.875310
2012-03-20,9.925309
2012-03-21,9.881561
2012-03-22,9.750307
2012-03-23,9.831563
2012-03-26,9.987811
2012-03-27,9.894062
2012-03-28,9.919063
2012-03-29,9.819057
2012-03-30,9.875310
2012-04-02,9.950314
2012-04-03,9.894062
2012-04-04,9.737804
2012-04-05,9.712803
2012-04-09,9.562799
2012-04-10,9.356544
2012-04-11,9.506551
2012-04-12,9.681555
2012-04-13,9.456545
2012-04-16,9.525301
2012-04-17,9.650303
2012-04-18,9.587801
2012-04-19,9.544045
2012-04-20,9.494049
2012-04-23,9.425300
2012-04-24,9.531550
2012-04-25,9.612801
2012-04-26,9.694052
2012-04-27,9.700307
2012-04-30,9.644053
2012-05-01,9.744057
2012-05-02,9.669053
2012-05-03,9.587801
2012-05-04,9.437795
2012-05-07,9.494049
2012-05-08,9.431547
2012-05-09,9.325293
2012-05-10,9.362791
2012-05-11,9.256540
2012-05-14,9.069036
2012-05-15,9.019032
2012-05-16,8.887779
2012-05-17,8.706526
2012-05-18,8.606519
2012-05-21,8.687771
2012-05-22,8.756522
2012-05-23,8.787775
2012-05-24,8.794025
2012-05-25,8.762776
2012-05-29,8.887779
2012-05-30,8.681524
2012-05-31,8.756522
2012-06-01,8.431514
2012-06-04,8.350261
2012-06-05,8.487762
2012-06-06,8.737773
2012-06-07,8.731527
2012-06-08,8.837776
2012-06-11,8.675272
2012-06-12,8.806524
2012-06-13,8.775270
2012-06-14,8.881528
2012-06-15,9.005878
2012-06-18,8.955637
2012-06-19,9.106359
2012-06-20,9.125203
2012-06-21,8.924234
2012-06-22,9.005878
2012-06-25,8.817467
2012-06-26,8.861431
2012-06-27,8.968199
2012-06-28,8.961917
2012-06-29,9.194284
2012-07-02,9.250806
2012-07-03,9.301050
2012-07-05,9.162882
2012-07-06,9.087519
2012-07-09,9.074960
2012-07-10,9.005878
2012-07-11,9.081239
2012-07-12,8.987034
2012-07-13,9.238249
2012-07-16,9.219406
2012-07-17,9.269650
2012-07-18,9.225689
2012-07-19,9.169165
2012-07-20,9.030998
2012-07-23,8.955637
2012-07-24,8.930516
2012-07-25,8.961917
2012-07-26,9.100080
2012-07-27,9.269650
2012-07-30,9.250806
2012-07-31,9.206846
2012-08-01,9.162882
2012-08-02,9.093799
2012-08-03,9.307330
2012-08-06,9.345010
2012-08-07,9.382690
2012-08-08,9.382690
2012-08-09,9.376416
2012-08-10,9.382690
2012-08-13,9.388969
2012-08-14,9.376416
2012-08-15,9.407813
2012-08-16,9.470620
2012-08-17,9.502015
2012-08-20,9.527140
2012-08-21,9.558540
2012-08-22,9.545980
2012-08-23,9.451774
2012-08-24,9.502015
2012-08-27,9.495738
2012-08-28,9.483177
2012-08-29,9.502015
2012-08-30,9.451774
2012-08-31,9.520857
2012-09-04,9.520857
2012-09-05,9.520857
2012-09-06,9.746950
2012-09-07,9.847434
2012-09-10,9.765789
2012-09-11,9.847434
2012-09-12,9.885116
2012-09-13,10.142604
2012-09-14,10.224249
2012-09-17,10.130042
2012-09-18,10.079800
2012-09-19,10.073525
2012-09-20,10.016998
2012-09-21,9.982945
2012-09-24,9.989252
2012-09-25,9.837896
2012-09-26,9.774834
2012-09-27,9.863123
2012-09-28,9.831588
2012-10-01,9.875735
2012-10-02,9.894651
2012-10-03,9.982945
2012-10-04,10.134296
2012-10-05,10.127989
2012-10-08,10.121682
2012-10-09,10.058623
2012-10-10,10.052312
2012-10-11,10.109069
2012-10-12,9.970334
2012-10-15,10.083841
2012-10-16,10.146911
2012-10-17,10.279343
2012-10-18,10.298258
2012-10-19,10.159520
2012-10-22,10.159520
2012-10-23,9.989252
2012-10-24,9.989252
2012-10-25,10.014475
2012-10-26,9.964022
2012-10-31,10.027086
2012-11-01,10.153217
2012-11-02,10.090154
2012-11-05,10.071231
2012-11-06,10.184745
2012-11-07,9.844204
2012-11-08,9.762221
2012-11-09,9.774834
2012-11-12,9.793754
2012-11-13,9.724381
2012-11-14,9.554111
2012-11-15,9.573030
2012-11-16,9.636093
2012-11-19,9.818979
2012-11-20,9.869428
2012-11-21,9.869428
2012-11-23,9.989252
2012-11-26,9.951412
2012-11-27,9.863123
2012-11-28,9.900960
2012-11-29,9.951412
2012-11-30,9.938801
2012-12-03,9.900960
2012-12-04,9.875735
2012-12-05,9.995558
2012-12-06,10.027086
2012-12-07,10.109069
2012-12-10,10.083841
2012-12-11,10.134296
2012-12-12,10.178443
2012-12-13,10.127989
2012-12-14,10.090154
2012-12-17,10.298258
2012-12-18,10.449612
2012-12-19,10.386547
2012-12-20,10.531596
2012-12-21,10.407217
2012-12-24,10.388180
2012-12-26,10.388180
2012-12-27,10.350103
2012-12-28,10.267608
2012-12-31,10.400870
2013-01-02,10.705471
2013-01-03,10.692781
2013-01-04,10.819700
2013-01-07,10.794315
2013-01-08,10.762586
2013-01-09,10.749892
2013-01-10,10.883159
2013-01-11,10.857773
2013-01-14,10.826044
2013-01-15,10.870464
2013-01-16,10.876813
2013-01-17,10.870464
2013-01-18,10.883159
2013-01-22,10.984690
2013-01-23,10.978340
2013-01-24,11.035459
2013-01-25,11.086226
2013-01-28,11.041800
2013-01-29,11.086226
2013-01-30,11.035459
2013-01-31,11.029111
2013-02-01,11.175065
2013-02-04,11.048153
2013-02-05,11.156029
2013-02-06,11.175065
2013-02-07,11.143338
2013-02-08,11.168721
2013-02-11,11.219489
2013-02-12,11.308330
2013-02-13,11.282946
2013-02-14,11.321021
2013-02-15,11.270255
2013-02-19,11.378135
2013-02-20,11.206799
2013-02-21,11.117954
2013-02-22,11.257564
2013-02-25,10.952962
2013-02-26,11.010077
2013-02-27,11.181413
2013-02-28,11.162375
2013-03-01,11.194100
2013-03-04,11.289294
2013-03-05,11.384480
2013-03-06,11.460630
2013-03-07,11.543126
2013-03-08,11.574857
2013-03-11,11.663697
2013-03-12,11.600236
2013-03-13,11.631969
2013-03-14,11.708119
2013-03-15,11.747599
2013-03-18,11.632988
2013-03-19,11.569315
2013-03-20,11.645721
2013-03-21,11.505642
2013-03-22,11.575682
2013-03-25,11.543845
2013-03-26,11.620251
2013-03-27,11.562949
2013-03-28,11.594784
2013-04-01,11.537475
2013-04-02,11.607517
2013-04-03,11.416499
2013-04-04,11.518375
2013-04-05,11.480170
2013-04-08,11.594784
2013-04-09,11.626619
2013-04-10,11.785800
2013-04-11,11.811267
2013-04-12,11.760330
2013-04-15,11.512005
2013-04-16,11.690288
2013-04-17,11.473804
2013-04-18,11.352826
2013-04-19,11.512005
2013-04-22,11.524745
2013-04-23,11.734862
2013-04-24,11.804901
2013-04-25,11.874943
2013-04-26,11.824003
2013-04-29,11.874943
2013-04-30,11.906779
2013-05-01,11.773067
2013-05-02,11.874943
2013-05-03,12.002287
2013-05-06,12.129632
2013-05-07,12.193305
2013-05-08,12.295178
2013-05-09,12.206040
2013-05-10,12.256980
2013-05-13,12.295178
2013-05-14,12.505302
2013-05-15,12.619911
2013-05-16,12.537138
2013-05-17,12.702687
2013-05-20,12.728153
2013-05-21,12.759990
2013-05-22,12.626280
2013-05-23,12.549872
2013-05-24,12.562608
2013-05-28,12.689949
2013-05-29,12.689949
2013-05-30,12.842765
2013-05-31,12.632644
2013-06-03,12.645380
2013-06-04,12.530766
2013-06-05,12.327014
2013-06-06,12.498933
2013-06-07,12.715419
2013-06-10,12.721788
2013-06-11,12.511667
2013-06-12,12.377954
2013-06-13,12.613544
2013-06-14,12.447995
2013-06-17,12.568974
2013-06-18,12.651749
2013-06-19,12.479833
2013-06-20,12.212403
2013-06-21,12.223276
2013-06-24,12.005917
2013-06-25,12.229668
2013-06-26,12.351133
2013-06-27,12.510952
2013-06-28,12.434239
2013-07-01,12.472602
2013-07-02,12.485386
2013-07-03,12.447023
2013-07-05,12.670779
2013-07-08,12.766673
2013-07-09,12.875351
2013-07-10,12.798637
2013-07-11,12.920103
2013-07-12,13.009604
2013-07-15,13.067138
2013-07-16,13.015996
2013-07-17,13.073534
2013-07-18,13.246143
2013-07-19,13.252539
2013-07-22,13.342035
2013-07-23,13.290896
2013-07-24,13.194998
2013-07-25,13.207783
2013-07-26,13.194998
2013-07-29,13.099103
2013-07-30,13.092714
2013-07-31,13.099103
2013-08-01,13.310076
2013-08-02,13.303675
2013-08-05,13.278109
2013-08-06,13.156637
2013-08-07,13.067138
2013-08-08,13.099103
2013-08-09,13.054358
2013-08-12,13.003214
2013-08-13,13.067138
2013-08-14,13.015996
2013-08-15,12.824213
2013-08-16,12.798637
2013-08-19,12.632422
2013-08-20,12.753889
2013-08-21,12.664387
2013-08-22,12.811423
2013-08-23,12.824213
2013-08-26,12.741098
2013-08-27,12.434239
2013-08-28,12.453422
2013-08-29,12.485386
2013-08-30,12.427847
2013-09-03,12.530137
2013-09-04,12.626028
2013-09-05,12.657993
2013-09-06,12.657993
2013-09-09,12.805031
2013-09-10,12.958461
2013-09-11,12.971245
2013-09-12,12.875351
2013-09-13,12.913713
2013-09-16,13.054358
2013-09-17,13.118282
2013-09-18,13.233356
2013-09-19,13.182216
2013-09-20,13.112257
2013-09-23,12.926127
2013-09-24,12.842694
2013-09-25,12.913297
2013-09-26,12.913297
2013-09-27,12.868366
2013-09-30,12.778512
2013-10-01,12.868366
2013-10-02,12.861947
2013-10-03,12.765675
2013-10-04,12.868366
2013-10-07,12.720749
2013-10-08,12.560296
2013-10-09,12.605225
2013-10-10,12.964643
2013-10-11,13.035240
2013-10-14,13.099420
2013-10-15,13.003147
2013-10-16,13.279127
2013-10-17,13.394653
2013-10-18,13.420326
2013-10-21,13.394653
2013-10-22,13.420326
2013-10-23,13.311217
2013-10-24,13.330472
2013-10-25,13.388236
2013-10-28,13.356142
2013-10-29,13.394653
2013-10-30,13.343308
2013-10-31,13.202113
2013-11-01,13.234200
2013-11-04,13.240621
2013-11-05,13.170016
2013-11-06,13.234200
2013-11-07,13.086578
2013-11-08,13.388236
2013-11-11,13.394653
2013-11-12,13.266288
2013-11-13,13.381816
2013-11-14,13.497344
2013-11-15,13.561527
2013-11-18,13.555103
2013-11-19,13.574364
2013-11-20,13.535856
2013-11-21,13.728399
2013-11-22,13.792582
2013-11-25,13.811830
2013-11-26,13.798996
2013-11-27,13.837507
2013-11-29,13.786163
2013-12-02,13.779743
2013-12-03,13.638545
2013-12-04,13.670632
2013-12-05,13.542271
2013-12-06,13.728399
2013-12-09,13.786163
2013-12-10,13.734815
2013-12-11,13.548685
2013-12-12,13.548685
2013-12-13,13.561527
2013-12-16,13.644956
2013-12-17,13.555103
2013-12-18,13.869596
2013-12-19,13.850338
2013-12-20,13.934818
2013-12-23,13.999298
2013-12-24,14.025087
2013-12-26,14.057335
2013-12-27,14.050884
2013-12-30,14.025087
2013-12-31,14.096021
2014-01-02,14.018639
2014-01-03,14.115371
2014-01-06,14.128264
2014-01-07,14.134714
2014-01-08,14.179850
2014-01-09,14.231434
2014-01-10,14.205644
2014-01-13,13.992853
2014-01-14,14.108921
2014-01-15,14.276576
2014-01-16,14.186298
2014-01-17,14.141162
2014-01-21,14.154057
2014-01-22,14.160503
2014-01-23,13.928361
2014-01-24,13.612399
2014-01-27,13.528573
2014-01-28,13.709120
2014-01-29,13.547917
2014-01-30,13.741364
2014-01-31,13.580155
2014-02-03,13.238397
2014-02-04,13.367364
2014-02-05,13.354470
2014-02-06,13.560809
2014-02-07,13.728470
2014-02-10,13.741364
2014-02-11,13.883223
2014-02-12,13.883223
2014-02-13,13.934818
2014-02-14,13.954164
2014-02-18,13.979951
2014-02-19,13.786507
2014-02-20,13.825193
2014-02-21,13.850989
2014-02-24,13.954164
2014-02-25,13.870334
2014-02-26,13.850989
2014-02-27,13.921921
2014-02-28,13.992853
2014-03-03,13.883223
2014-03-04,14.166958
2014-03-05,14.315265
2014-03-06,14.360407
2014-03-07,14.424886
2014-03-10,14.431338
2014-03-11,14.334609
2014-03-12,14.308825
2014-03-13,14.147610
2014-03-14,14.057335
2014-03-17,14.205644
2014-03-18,14.276576
2014-03-19,14.270123
2014-03-20,14.495819
2014-03-21,14.497758
2014-03-24,14.491292
2014-03-25,14.478344
2014-03-26,14.329483
2014-03-27,14.251816
2014-03-28,14.310061
2014-03-31,14.458932
2014-04-01,14.484817
2014-04-02,14.517180
2014-04-03,14.491292
2014-04-04,14.348900
2014-04-07,14.128844
2014-04-08,14.148260
2014-04-09,14.271236
2014-04-10,13.941153
2014-04-11,13.772873
2014-04-14,13.882901
2014-04-15,14.012340
2014-04-16,14.122372
2014-04-17,14.148260
2014-04-21,14.135318
2014-04-22,14.232399
2014-04-23,14.264761
2014-04-24,14.258288
2014-04-25,14.141790
2014-04-28,14.057648
2014-04-29,14.193563
2014-04-30,14.212980
2014-05-01,14.238868
2014-05-02,14.232399
2014-05-05,14.174151
2014-05-06,13.973513
2014-05-07,14.161205
2014-05-08,14.200040
2014-05-09,14.193563
2014-05-12,14.335956
2014-05-13,14.323006
2014-05-14,14.219460
2014-05-15,14.057648
2014-05-16,14.077062
2014-05-19,14.148260
2014-05-20,14.064121
2014-05-21,14.154734
2014-05-22,14.219460
2014-05-23,14.264761
2014-05-27,14.387732
2014-05-28,14.361848
2014-05-29,14.394199
2014-05-30,14.426564
2014-06-02,14.465402
2014-06-03,14.484817
2014-06-04,14.523649
2014-06-05,14.659568
2014-06-06,14.756646
2014-06-09,14.821374
2014-06-10,14.814897
2014-06-11,14.717823
2014-06-12,14.627200
2014-06-13,14.633676
2014-06-16,14.562486
2014-06-17,14.711338
2014-06-18,14.795479
2014-06-19,14.776065
2014-06-20,14.834546
2014-06-23,14.867036
2014-06-24,14.769561
2014-06-25,14.782564
2014-06-26,14.730581
2014-06-27,14.789056
2014-06-30,14.776072
2014-07-01,14.867036
2014-07-02,14.854036
2014-07-03,14.971002
2014-07-07,14.906020
2014-07-08,14.776072
2014-07-09,14.815048
2014-07-10,14.717587
2014-07-11,14.743574
2014-07-14,14.834546
2014-07-15,14.938518
2014-07-16,14.912518
2014-07-17,14.717587
2014-07-18,14.886530
2014-07-21,14.847548
2014-07-22,14.893027
2014-07-23,14.925514
2014-07-24,14.958008
2014-07-25,14.873532
2014-07-28,14.880033
2014-07-29,14.802059
2014-07-30,14.867036
2014-07-31,14.561635
2014-08-01,14.438176
2014-08-04,14.555138
2014-08-05,14.405688
2014-08-06,14.464170
2014-08-07,14.399192
2014-08-08,14.542143
2014-08-11,14.555138
2014-08-12,14.587626
2014-08-13,14.652604
2014-08-14,14.743574
2014-08-15,14.672100
2014-08-18,14.834546
2014-08-19,14.860536
2014-08-20,14.899523
2014-08-21,15.074968
2014-08-22,15.022984
2014-08-25,15.152940
2014-08-26,15.185431
2014-08-27,15.152940
2014-08-28,15.107454
2014-08-29,15.178938
2014-09-02,15.237414
2014-09-03,15.211416
2014-09-04,15.224420
2014-09-05,15.243903
2014-09-08,15.250403
2014-09-09,15.094460
2014-09-10,15.172431
2014-09-11,15.211416
2014-09-12,15.198421
2014-09-15,15.191924
2014-09-16,15.256900
2014-09-17,15.321883
2014-09-18,15.471333
2014-09-19,15.430881
2014-09-22,15.326490
2014-09-23,15.222089
2014-09-24,15.306909
2014-09-25,15.052451
2014-09-26,15.195996
2014-09-29,15.143792
2014-09-30,15.117692
2014-10-01,14.935003
2014-10-02,14.974150
2014-10-03,15.189467
2014-10-06,15.143792
2014-10-07,14.889333
2014-10-08,15.169892
2014-10-09,14.850177
2014-10-10,14.732739
2014-10-13,14.602247
2014-10-14,14.660966
2014-10-15,14.380405
2014-10-16,14.380405
2014-10-17,14.563100
2014-10-20,14.647914
2014-10-21,14.921955
2014-10-22,14.784938
2014-10-23,14.928481
2014-10-24,15.072027
2014-10-27,15.091597
2014-10-28,15.254715
2014-10-29,15.293865
2014-10-30,15.378684
2014-10-31,15.554849
2014-11-03,15.613569
2014-11-04,15.620099
2014-11-05,15.724487
2014-11-06,15.750590
2014-11-07,15.757113
2014-11-10,15.841935
2014-11-11,15.789739
2014-11-12,15.757113
2014-11-13,15.750590
2014-11-14,15.698396
2014-11-17,15.698396
2014-11-18,15.750590
2014-11-19,15.717968
2014-11-20,15.717968
2014-11-21,15.796262
2014-11-24,15.900659
2014-11-25,15.887608
2014-11-26,15.907183
2014-11-28,15.920233
2014-12-01,15.809307
2014-12-02,15.959378
2014-12-03,16.031153
2014-12-04,16.050730
2014-12-05,16.194267
2014-12-08,16.272560
2014-12-09,16.233412
2014-12-10,16.024624
2014-12-11,16.063770
2014-12-12,15.750590
2014-12-15,15.607049
2014-12-16,15.456978
2014-12-17,15.809307
2014-12-18,16.174698
2014-12-19,16.185186
2014-12-22,16.296679
2014-12-23,16.388493
2014-12-24,16.362259
2014-12-26,16.362259
2014-12-29,16.421276
2014-12-30,16.401602
2014-12-31,16.217978
2015-01-02,16.217978
2015-01-05,15.876958
2015-01-06,15.634313
2015-01-07,15.798265
2015-01-08,16.034355
2015-01-09,15.817938
2015-01-12,15.686784
2015-01-13,15.634313
2015-01-14,15.411341
2015-01-15,15.221157
2015-01-16,15.404787
2015-01-20,15.339202
2015-01-21,15.378557
2015-01-22,15.758915
2015-01-23,15.588404
2015-01-26,15.667103
2015-01-27,15.496591
2015-01-28,15.214605
2015-01-29,15.339202
2015-01-30,15.089997
2015-02-02,15.332644
2015-02-03,15.588404
2015-02-04,15.549058
2015-02-05,15.706452
2015-02-06,15.831056
2015-02-09,15.752356
2015-02-10,15.876958
2015-02-11,15.876958
2015-02-12,16.034355
2015-02-13,16.021236
2015-02-17,16.073698
2015-02-18,15.975331
2015-02-19,15.909749
2015-02-20,16.027796
2015-02-23,15.988450
2015-02-24,16.067139
2015-02-25,16.067139
2015-02-26,16.027796
2015-02-27,15.968770
2015-03-02,16.086821
2015-03-03,16.040911
2015-03-04,15.942541
2015-03-05,16.008118
2015-03-06,15.890076
2015-03-09,15.962212
2015-03-10,15.621202
2015-03-11,15.719562
2015-03-12,16.060585
2015-03-13,15.949103
2015-03-16,16.145838
2015-03-17,16.106493
2015-03-18,16.198298
2015-03-19,16.047470
2015-03-20,16.265348
2015-03-23,16.173199
2015-03-24,16.041548
2015-03-25,15.784824
2015-03-26,15.771661
2015-03-27,15.751912
2015-03-30,15.982302
2015-03-31,15.870399
2015-04-01,15.857236
2015-04-02,15.936224
2015-04-06,15.962560
2015-04-07,15.876983
2015-04-08,15.936224
2015-04-09,15.962560
2015-04-10,15.955971
2015-04-13,16.015223
2015-04-14,16.015223
2015-04-15,16.074457
2015-04-16,16.100790
2015-04-17,15.883563
2015-04-20,15.949385
2015-04-21,15.870399
2015-04-22,15.982302
2015-04-23,16.008636
2015-04-24,15.982302
2015-04-27,15.923058
2015-04-28,16.015223
2015-04-29,16.008636
2015-04-30,15.883563
2015-05-01,16.021791
2015-05-04,16.179779
2015-05-05,16.034966
2015-05-06,15.955971
2015-05-07,16.067873
2015-05-08,16.298262
2015-05-11,16.239025
2015-05-12,16.179779
2015-05-13,16.186357
2015-05-14,16.331175
2015-05-15,16.258762
2015-05-18,16.350924
2015-05-19,16.443077
2015-05-20,16.397003
2015-05-21,16.357510
2015-05-22,16.364086
2015-05-26,16.179779
2015-05-27,16.357510
2015-05-28,16.337761
2015-05-29,16.192945
2015-06-01,16.206106
2015-06-02,16.232443
2015-06-03,16.370672
2015-06-04,16.225857
2015-06-05,16.318014
2015-06-08,16.219275
2015-06-09,16.258762
2015-06-10,16.489153
2015-06-11,16.554981
2015-06-12,16.482571
2015-06-15,16.410164
2015-06-16,16.502319
2015-06-17,16.482571
2015-06-18,16.633970
2015-06-19,16.356298
2015-06-22,16.607529
2015-06-23,16.640581
2015-06-24,16.501745
2015-06-25,16.402576
2015-06-26,16.455469
2015-06-29,16.058786
2015-06-30,16.118290
2015-07-01,16.362904
2015-07-02,16.290186
2015-07-06,16.224077
2015-07-07,16.257124
2015-07-08,15.972844
2015-07-09,16.098455
2015-07-10,16.290186
2015-07-13,16.488522
2015-07-14,16.528191
2015-07-15,16.667028
2015-07-16,16.832306
2015-07-17,16.786024
2015-07-20,16.805866
2015-07-21,16.786024
2015-07-22,16.911648
2015-07-23,16.766190
2015-07-24,16.607529
2015-07-27,16.488522
2015-07-28,16.554632
2015-07-29,16.719921
2015-07-30,16.719921
2015-07-31,16.667028
2015-08-03,16.647190
2015-08-04,16.620749
2015-08-05,16.686861
2015-08-06,16.627357
2015-08-07,16.660416
2015-08-10,16.819082
2015-08-11,16.667028
2015-08-12,16.514965
2015-08-13,16.574463
2015-08-14,16.693470
2015-08-17,16.726532
2015-08-18,16.713301
2015-08-19,16.561243
2015-08-20,16.210854
2015-08-21,15.629053
2015-08-24,14.961319
2015-08-25,14.762981
2015-08-26,15.318323
2015-08-27,15.695171
2015-08-28,15.622437
2015-08-31,15.490212
2015-09-01,14.987762
2015-09-02,15.192713
2015-09-03,15.278660
2015-09-04,14.974544
2015-09-08,15.357987
2015-09-09,15.146433
2015-09-10,15.219154
2015-09-11,15.285270
2015-09-14,15.252215
2015-09-15,15.470387
2015-09-16,15.569556
2015-09-17,15.351381
2015-09-18,15.054416
2015-09-21,15.227150
2015-09-22,15.034484
2015-09-23,15.041121
2015-09-24,14.934829
2015-09-25,15.154069
2015-09-28,14.801953
2015-09-29,14.828527
2015-09-30,15.054416
2015-10-01,15.061057
2015-10-02,15.080985
2015-10-05,15.399879
2015-10-06,15.326803
2015-10-07,15.446385
2015-10-08,15.539396
2015-10-09,15.439746
2015-10-12,15.453028
2015-10-13,15.333446
2015-10-14,15.207215
2015-10-15,15.552687
2015-10-16,15.645697
2015-10-19,15.632403
2015-10-20,15.725415
2015-10-21,15.612476
2015-10-22,15.864937
2015-10-23,16.037668
2015-10-26,15.971231
2015-10-27,15.878221
2015-10-28,16.250265
2015-10-29,16.230330
2015-10-30,15.997806
2015-11-02,16.217047
2015-11-03,16.243618
2015-11-04,16.197111
2015-11-05,16.263554
2015-11-06,16.429647
2015-11-09,16.250265
2015-11-10,16.323341
2015-11-11,16.270193
2015-11-12,16.024380
2015-11-13,15.891504
2015-11-16,16.084169
2015-11-17,16.050953
2015-11-18,16.336628
2015-11-19,16.363203
2015-11-20,16.389784
2015-11-23,16.323341
2015-11-24,16.276833
2015-11-25,16.290129
2015-11-27,16.329983
2015-11-30,16.316698
2015-12-01,16.496077
2015-12-02,16.303415
2015-12-03,16.037668
2015-12-04,16.462866
2015-12-07,16.310053
2015-12-08,16.104101
2015-12-09,15.918079
2015-12-10,15.931365
2015-12-11,15.579260
2015-12-14,15.612476
2015-12-15,15.977869
2015-12-16,16.236973
2015-12-17,16.004448
2015-12-18,15.576597
2015-12-21,15.730352
2015-12-22,15.877434
2015-12-23,16.064615
2015-12-24,16.051249
2015-12-28,16.037872
2015-12-29,16.205008
2015-12-30,16.091370
2015-12-31,15.930908
2016-01-04,15.623396
2016-01-05,15.683560
2016-01-06,15.442890
2016-01-07,15.008346
2016-01-08,14.774371
2016-01-11,14.794417
2016-01-12,14.908073
2016-01-13,14.520325
2016-01-14,14.647351
2016-01-15,14.319768
2016-01-19,14.313085
2016-01-20,14.032311
2016-01-21,13.972140
2016-01-22,14.226179
2016-01-25,13.938709
2016-01-26,14.172697
2016-01-27,14.119213
2016-01-28,14.125904
2016-01-29,14.520325
2016-02-01,14.460163
2016-02-02,14.059046
2016-02-03,14.072412
2016-02-04,14.192754
2016-02-05,14.005566
2016-02-08,13.651248
2016-02-09,13.631187
2016-02-10,13.557655
2016-02-11,13.143167
2016-02-12,13.698046
2016-02-16,13.918659
2016-02-17,14.105843
2016-02-18,14.025624
2016-02-19,14.025624
2016-02-22,14.246236
2016-02-23,13.992194
2016-02-24,13.958767
2016-02-25,14.152642
2016-02-26,14.252918
2016-02-29,14.099160
2016-03-01,14.573814
2016-03-02,14.734257
2016-03-03,14.834536
2016-03-04,14.894697
2016-03-07,14.888017
2016-03-08,14.647351
2016-03-09,14.667399
2016-03-10,14.654033
2016-03-11,15.035090
2016-03-14,14.988291
2016-03-15,14.981604
2016-03-16,14.948182
2016-03-17,15.128686
2016-03-18,15.262983
2016-03-21,15.236121
2016-03-22,15.189117
2016-03-23,15.074964
2016-03-24,14.980952
2016-03-28,15.027960
2016-03-29,15.054816
2016-03-30,15.142118
2016-03-31,15.108541
2016-04-01,15.242836
2016-04-04,15.168973
2016-04-05,14.954097
2016-04-06,15.034678
2016-04-07,14.752650
2016-04-08,14.806368
2016-04-11,14.866804
2016-04-12,15.054816
2016-04-13,15.397282
2016-04-14,15.430854
2016-04-15,15.377131
2016-04-18,15.491292
2016-04-19,15.686021
2016-04-20,15.806890
2016-04-21,15.665874
2016-04-22,15.813604
2016-04-25,15.780030
2016-04-26,15.880751
2016-04-27,15.907610
2016-04-28,15.739739
2016-04-29,15.652447
2016-05-02,15.793462
2016-05-03,15.592009
2016-05-04,15.471148
2016-05-05,15.464430
2016-05-06,15.531580
2016-05-09,15.491292
2016-05-10,15.712880
2016-05-11,15.545007
2016-05-12,15.551724
2016-05-13,15.363708
2016-05-16,15.444283
2016-05-17,15.356991
2016-05-18,15.625588
2016-05-19,15.477853
2016-05-20,15.585297
2016-05-23,15.571876
2016-05-24,15.806890
2016-05-25,15.974760
2016-05-26,15.880751
2016-05-27,15.988186
2016-05-31,15.947901
2016-06-01,15.981478
2016-06-02,16.015051
2016-06-03,15.786744
2016-06-06,15.880751
2016-06-07,15.847184
2016-06-08,15.860614
2016-06-09,15.746455
2016-06-10,15.551724
2016-06-13,15.444283
2016-06-14,15.215979
2016-06-15,15.236121
2016-06-16,15.276410
2016-06-17,15.263585
2016-06-20,15.351351
2016-06-21,15.439106
2016-06-22,15.425611
2016-06-23,15.749645
2016-06-24,14.905793
2016-06-27,14.480489
2016-06-28,14.851784
2016-06-29,15.189323
2016-06-30,15.432359
2016-07-01,15.351351
2016-07-05,15.121819
2016-07-06,15.162329
2016-07-07,15.182573
2016-07-08,15.472863
2016-07-11,15.560619
2016-07-12,15.756393
2016-07-13,15.756393
2016-07-14,15.904917
2016-07-15,15.877916
2016-07-18,15.931912
2016-07-19,15.938668
2016-07-20,15.965671
2016-07-21,15.884657
2016-07-22,15.985924
2016-07-25,15.952165
2016-07-26,15.965671
2016-07-27,15.958919
2016-07-28,15.992670
2016-07-29,15.965671
2016-08-01,15.925165
2016-08-02,15.790143
2016-08-03,15.952165
2016-08-04,15.911663
2016-08-05,16.215448
2016-08-08,16.235701
2016-08-09,16.249205
2016-08-10,16.120939
2016-08-11,16.154697
2016-08-12,16.107435
2016-08-15,16.215448
2016-08-16,16.174944
2016-08-17,16.228951
2016-08-18,16.215448
2016-08-19,16.208702
2016-08-22,16.208702
2016-08-23,16.228951
2016-08-24,16.222198
2016-08-25,16.255955
2016-08-26,16.276205
2016-08-29,16.417973
2016-08-30,16.566498
2016-08-31,16.579994
2016-09-01,16.512484
2016-09-02,16.586746
2016-09-06,16.559740
2016-09-07,16.552996
2016-09-08,16.539484
2016-09-09,16.228951
2016-09-12,16.411222
2016-09-13,16.120939
2016-09-14,16.080435
2016-09-15,16.174944
2016-09-16,16.021646
2016-09-19,16.123808
2016-09-20,16.132153
2016-09-21,16.232349
2016-09-22,16.265755
2016-09-23,16.182255
2016-09-26,15.923408
2016-09-27,16.048655
2016-09-28,16.123808
2016-09-29,15.898359
2016-09-30,16.115454
2016-10-03,16.040302
2016-10-04,16.107107
2016-10-05,16.365959
2016-10-06,16.391006
2016-10-07,16.382658
2016-10-10,16.466156
2016-10-11,16.315853
2016-10-12,16.299154
2016-10-13,16.140505
2016-10-14,16.215658
2016-10-17,16.140505
2016-10-18,16.274105
2016-10-19,16.416054
2016-10-20,16.416054
2016-10-21,16.407703
2016-10-24,16.457809
2016-10-25,16.441109
2016-10-26,16.541306
2016-10-27,16.583061
2016-10-28,16.507908
2016-10-31,16.482859
2016-11-01,16.416054
2016-11-02,16.307505
2016-11-03,16.324205
2016-11-04,16.274105
2016-11-07,16.683256
2016-11-08,16.691603
2016-11-09,17.401352
2016-11-10,18.044302
2016-11-11,18.094402
2016-11-14,18.536957
2016-11-15,18.520250
2016-11-16,18.253050
2016-11-17,18.503548
2016-11-18,18.503548
2016-11-21,18.570347
2016-11-22,18.578695
2016-11-23,18.687244
2016-11-25,18.712299
2016-11-28,18.495201
2016-11-29,18.545305
2016-11-30,18.795799
2016-12-01,19.121449
2016-12-02,18.912701
2016-12-05,19.138153
2016-12-06,19.305155
2016-12-07,19.605742
2016-12-08,19.789450
2016-12-09,19.831194
2016-12-12,19.639143
2016-12-13,19.689245
2016-12-14,19.597399
2016-12-15,19.764400
2016-12-16,19.594124
2016-12-19,19.602510
2016-12-20,19.845762
2016-12-21,19.795433
2016-12-22,19.745102
2016-12-23,19.778656
2016-12-27,19.803825
2016-12-28,19.602510
2016-12-29,19.459917
2016-12-30,19.501856
2017-01-03,19.719940
2017-01-04,19.879311
2017-01-05,19.677999
2017-01-06,19.745102
2017-01-09,19.610895
2017-01-10,19.652842
2017-01-11,19.778656
2017-01-12,19.610895
2017-01-13,19.719940
2017-01-17,19.250223
2017-01-18,19.409586
2017-01-19,19.325712
2017-01-20,19.417976
2017-01-23,19.292160
2017-01-24,19.535408
2017-01-25,19.862535
2017-01-26,19.912857
2017-01-27,19.837379
2017-01-30,19.677999
2017-01-31,19.552185
2017-02-01,19.577343
2017-02-02,19.501856
2017-02-03,19.896091
2017-02-06,19.803825
2017-02-07,19.753492
2017-02-08,19.619282
2017-02-09,19.887703
2017-02-10,19.946415
2017-02-13,20.172892
2017-02-14,20.407753
2017-02-15,20.567123
2017-02-16,20.516788
2017-02-17,20.525179
2017-02-21,20.625835
2017-02-22,20.642609
2017-02-23,20.642609
2017-02-24,20.483242
2017-02-27,20.592281
2017-02-28,20.583897
2017-03-01,21.171041
2017-03-02,20.843924
2017-03-03,20.944574
2017-03-06,20.785206
2017-03-07,20.726488
2017-03-08,20.734882
2017-03-09,20.810368
2017-03-10,20.793600
2017-03-13,20.843924
2017-03-14,20.785206
2017-03-15,20.751661
2017-03-16,20.785206
2017-03-17,20.581493
2017-03-20,20.413137
2017-03-21,19.840727
2017-03-22,19.798637
2017-03-23,19.840727
2017-03-24,19.815475
2017-03-27,19.739712
2017-03-28,20.009089
2017-03-29,19.882820
2017-03-30,20.143768
2017-03-31,19.975412
2017-04-03,19.933327
2017-04-04,19.908075
2017-04-05,19.756552
2017-04-06,19.882820
2017-04-07,19.798637
2017-04-10,19.748133
2017-04-11,19.689203
2017-04-12,19.529274
2017-04-13,19.276735
2017-04-17,19.613449
2017-04-18,19.428259
2017-04-19,19.369328
2017-04-20,19.697628
2017-04-21,19.495600
2017-04-24,19.933327
2017-04-25,20.110096
2017-04-26,20.093264
2017-04-27,20.000671
2017-04-28,19.807056
2017-05-01,19.933327
2017-05-02,19.908075
2017-05-03,20.068010
2017-05-04,20.101681
2017-05-05,20.068010
2017-05-08,20.051172
2017-05-09,19.975412
2017-05-10,20.042759
2017-05-11,19.916496
2017-05-12,19.832312
2017-05-15,19.983828
2017-05-16,20.042759
2017-05-17,19.411423
2017-05-18,19.487186
2017-05-19,19.655542
2017-05-22,19.706047
2017-05-23,19.857563
2017-05-24,19.849146
2017-05-25,19.882820
2017-05-26,19.874403
2017-05-30,19.739712
2017-05-31,19.571358
2017-06-01,19.815475
2017-06-02,19.739712
2017-06-05,19.773390
2017-06-06,19.689203
2017-06-07,19.840727
2017-06-08,20.068010
2017-06-09,20.446810
2017-06-12,20.488897
2017-06-13,20.598328
2017-06-14,20.632000
2017-06-15,20.547819
2017-06-16,20.525007
2017-06-19,20.736258
2017-06-20,20.558809
2017-06-21,20.389805
2017-06-22,20.263060
2017-06-23,20.187008
2017-06-26,20.296860
2017-06-27,20.398260
2017-06-28,20.719364
2017-06-29,20.863010
2017-06-30,20.846109
2017-07-03,21.150309
2017-07-05,21.184107
2017-07-06,21.023556
2017-07-07,21.167208
2017-07-10,21.141855
2017-07-11,20.955956
2017-07-12,21.023556
2017-07-13,21.150309
2017-07-14,21.057358
2017-07-17,20.989758
2017-07-18,20.955956
2017-07-19,20.964407
2017-07-20,20.955956
2017-07-21,20.955956
2017-07-24,21.048910
2017-07-25,21.310854
2017-07-26,21.167208
2017-07-27,21.048910
2017-07-28,21.048910
2017-07-31,21.201008
2017-08-01,21.353106
2017-08-02,21.386908
2017-08-03,21.310854
2017-08-04,21.454506
2017-08-07,21.420708
2017-08-08,21.361565
2017-08-09,21.361565
2017-08-10,20.981308
2017-08-11,20.896809
2017-08-14,21.184107
2017-08-15,21.201008
2017-08-16,21.158758
2017-08-17,20.795408
2017-08-18,20.803860
2017-08-21,20.744705
2017-08-22,20.972860
2017-08-23,20.905262
2017-08-24,20.905262
2017-08-25,20.964407
2017-08-28,20.829205
2017-08-29,20.761610
2017-08-30,20.846109
2017-08-31,20.871454
2017-09-01,20.930611
2017-09-05,20.482758
2017-09-06,20.533455
2017-09-07,20.178560
2017-09-08,20.364456
2017-09-11,20.719364
2017-09-12,20.964407
2017-09-13,20.998209
2017-09-14,20.955956
2017-09-15,21.017900
2017-09-18,21.263973
2017-09-19,21.425194
2017-09-20,21.552469
2017-09-21,21.603378
2017-09-22,21.577925
2017-09-25,21.552469
2017-09-26,21.543989
2017-09-27,21.807022
2017-09-28,21.840971
2017-09-29,21.942795
2017-10-02,22.129469
2017-10-03,22.205830
2017-10-04,22.104010
2017-10-05,22.333107
2017-10-06,22.358562
2017-10-09,22.273714
2017-10-10,22.375542
2017-10-11,22.333107
2017-10-12,22.163404
2017-10-13,22.171888
2017-10-16,22.316137
2017-10-17,22.205830
2017-10-18,22.324625
2017-10-19,22.341593
2017-10-20,22.604631
2017-10-23,22.587666
2017-10-24,22.748888
2017-10-25,22.613125
2017-10-26,22.740404
2017-10-27,22.723434
2017-10-30,22.630095
2017-10-31,22.570696
2017-11-01,22.604631
2017-11-02,22.816763
2017-11-03,22.723434
2017-11-06,22.697979
2017-11-07,22.384020
2017-11-08,22.273714
2017-11-09,22.197348
2017-11-10,22.129469
2017-11-13,22.163404
2017-11-14,22.154919
2017-11-15,22.214317
2017-11-16,22.222799
2017-11-17,22.197348
2017-11-20,22.299166
2017-11-21,22.367048
2017-11-22,22.256742
2017-11-24,22.248257
2017-11-27,22.231287
2017-11-28,22.808283
2017-11-29,23.198605
2017-11-30,23.351337
2017-12-01,23.402248
2017-12-04,23.758621
2017-12-05,23.631355
2017-12-06,23.546499
2017-12-07,23.622864
2017-12-08,23.767111
2017-12-11,23.707712
2017-12-12,23.945299
2017-12-13,23.648323
2017-12-14,23.495588
2017-12-15,23.706993
2017-12-18,23.920109
2017-12-19,23.817814
2017-12-20,23.775190
2017-12-21,23.979780
2017-12-22,23.911589
2017-12-26,23.843390
2017-12-27,23.868958
2017-12-28,23.962738
2017-12-29,23.792238
2018-01-02,23.800768
2018-01-03,23.928642
2018-01-04,24.150276
2018-01-05,24.218472
2018-01-08,24.184378
2018-01-09,24.371920
2018-01-10,24.576506
2018-01-11,24.695850
2018-01-12,24.917490
2018-01-16,24.849298
2018-01-17,25.036839
2018-01-18,25.002737
2018-01-19,25.181755
2018-01-22,25.386349
2018-01-23,25.411917
2018-01-24,25.582413
2018-01-25,25.531269
2018-01-26,25.718813
2018-01-29,25.616508
2018-01-30,25.284056
2018-01-31,25.352249
2018-02-01,25.590942
2018-02-02,25.028313
2018-02-05,23.766665
2018-02-06,24.201422
2018-02-07,24.218472
2018-02-08,23.152893
2018-02-09,23.596178
2018-02-12,23.928642
2018-02-13,24.030930
2018-02-14,24.602087
2018-02-15,24.738476
2018-02-16,24.704376
2018-02-20,24.627655
2018-02-21,24.661753
2018-02-22,24.457161
2018-02-23,24.823719
2018-02-26,25.198811
2018-02-27,24.960114
2018-02-28,24.610603
2018-03-01,24.184378
2018-03-02,24.244047
2018-03-05,24.585037
2018-03-06,24.687330
2018-03-07,24.644705
2018-03-08,24.721424
2018-03-09,25.318155
2018-03-12,25.232903
2018-03-13,24.951595
2018-03-14,24.670282
2018-03-15,24.678802
2018-03-16,24.700190
2018-03-19,24.520525
2018-03-20,24.580410
2018-03-21,24.571856
2018-03-22,23.664955
2018-03-23,22.946281
2018-03-26,23.690624
2018-03-27,23.228621
2018-03-28,23.271397
2018-03-29,23.587957
2018-04-02,23.066057
2018-04-03,23.382618
2018-04-04,23.630737
2018-04-05,23.818962
2018-04-06,23.245731
2018-04-09,23.374062
2018-04-10,23.724846
2018-04-11,23.442513
2018-04-12,23.853182
2018-04-13,23.493849
2018-04-16,23.596512
2018-04-17,23.596512
2018-04-18,23.485291
2018-04-19,23.844629
2018-04-20,23.853182
2018-04-23,23.827518
2018-04-24,23.673513
2018-04-25,23.656401
2018-04-26,23.664955
2018-04-27,23.699181
2018-04-30,23.485291
2018-05-01,23.493849
2018-05-02,23.228621
2018-05-03,23.031839
2018-05-04,23.331289
2018-05-07,23.485291
2018-05-08,23.647844
2018-05-09,23.998631
2018-05-10,24.195406
2018-05-11,24.178301
2018-05-14,24.161186
2018-05-15,24.118404
2018-05-16,24.161186
2018-05-17,24.109856
2018-05-18,23.913073
2018-05-21,24.084185
2018-05-22,24.246742
2018-05-23,24.092741
2018-05-24,23.904512
2018-05-25,23.827518
2018-05-29,23.031839
2018-05-30,23.451061
2018-05-31,23.254290
2018-06-01,23.510952
2018-06-04,23.587957
2018-06-05,23.485291
2018-06-06,23.913073
2018-06-07,23.990076
2018-06-08,24.024294
2018-06-11,23.972960
2018-06-12,23.913073
2018-06-13,23.827518
2018-06-14,23.605062
2018-06-15,23.604212
2018-06-18,23.561239
2018-06-19,23.501089
2018-06-20,23.440943
2018-06-21,23.372206
2018-06-22,23.260496
2018-06-25,23.011314
2018-06-26,22.933977
2018-06-27,22.650414
2018-06-28,22.848051
2018-06-29,22.848051
2018-07-02,22.959755
2018-07-03,22.753529
2018-07-05,22.805080
2018-07-06,22.916790
2018-07-09,23.440943
2018-07-10,23.355022
2018-07-11,23.243311
2018-07-12,23.286278
2018-07-13,23.183168
2018-07-16,23.595621
2018-07-17,23.621395
2018-07-18,23.999474
2018-07-19,23.638582
2018-07-20,23.681543
2018-07-23,24.008060
2018-07-24,24.076809
2018-07-25,24.128365
2018-07-26,24.119776
2018-07-27,24.171326
2018-07-30,24.188513
2018-07-31,24.016661
2018-08-01,24.016661
2018-08-02,24.025251
2018-08-03,24.162739
2018-08-06,24.291622
2018-08-07,24.403328
2018-08-08,24.463478
2018-08-09,24.317402
2018-08-10,24.033846
2018-08-13,23.801838
2018-08-14,24.025251
2018-08-15,23.836216
2018-08-16,24.154146
2018-08-17,24.205700
2018-08-20,24.283037
2018-08-21,24.377556
2018-08-22,24.291622
2018-08-23,24.179922
2018-08-24,24.265848
2018-08-27,24.592371
2018-08-28,24.566595
2018-08-29,24.558004
2018-08-30,24.368959
2018-08-31,24.343184
2018-09-04,24.463478
2018-09-05,24.480661
2018-09-06,24.368959
2018-09-07,24.343184
2018-09-10,24.317402
2018-09-11,24.343184
2018-09-12,24.119776
2018-09-13,24.085402
2018-09-14,24.257257
2018-09-17,24.154146
2018-09-18,24.274443
2018-09-19,24.686890
2018-09-20,24.901707
2018-09-21,24.805042
2018-09-24,24.528852
2018-09-25,24.433916
2018-09-26,24.140469
2018-09-27,24.054157
2018-09-28,23.803862
2018-10-01,23.898804
2018-10-02,23.898804
2018-10-03,24.123209
2018-10-04,24.287195
2018-10-05,24.166363
2018-10-08,24.330349
2018-10-09,24.235411
2018-10-10,23.484526
2018-10-11,22.785423
2018-10-12,22.811317
2018-10-15,22.707747
2018-10-16,23.087511
2018-10-17,23.320538
2018-10-18,22.932152
2018-10-19,23.018456
2018-10-22,22.526501
2018-10-23,22.345259
2018-10-24,21.784246
2018-10-25,22.120850
2018-10-26,21.801510
2018-10-29,21.991386
2018-10-30,22.371149
2018-10-31,22.681852
2018-11-01,22.785423
2018-11-02,22.768164
2018-11-05,23.130663
2018-11-06,23.251493
2018-11-07,23.553579
2018-11-08,23.622620
2018-11-09,23.406851
2018-11-12,22.940775
2018-11-13,23.070246
2018-11-14,22.759533
2018-11-15,23.096138
2018-11-16,23.122032
2018-11-19,23.113403
2018-11-20,22.604176
2018-11-21,22.621441
2018-11-23,22.440197
2018-11-26,22.897623
2018-11-27,22.914885
2018-11-28,23.355062
2018-11-29,23.156553
2018-11-30,23.277386
2018-12-03,23.424107
2018-12-04,22.405664
2018-12-06,22.094959
2018-12-07,21.672054
2018-12-10,21.369968
2018-12-11,21.162834
2018-12-12,21.283663
2018-12-13,21.128298
2018-12-14,20.921164
2018-12-17,20.714022
2018-12-18,20.636343
2018-12-19,20.377419
2018-12-20,20.196173
2018-12-21,19.792337
2018-12-24,19.375471
2018-12-26,20.252621
2018-12-27,20.495792
2018-12-28,20.487112
2018-12-31,20.686855
2019-01-02,20.860554
2019-01-03,20.391577
2019-01-04,21.068981
2019-01-07,21.095036
2019-01-08,21.112406
2019-01-09,21.216619
2019-01-10,21.225302
2019-01-11,21.277409
2019-01-14,21.425056
2019-01-15,21.616112
2019-01-16,22.076397
2019-01-17,22.197987
2019-01-18,22.580111
2019-01-22,22.319569
2019-01-23,22.345623
2019-01-24,22.397738
2019-01-25,22.580111
2019-01-28,22.510635
2019-01-29,22.432474
2019-01-30,22.562740
2019-01-31,22.528006
2019-02-01,22.623533
2019-02-04,22.719065
2019-02-05,22.658276
2019-02-06,22.632221
2019-02-07,22.406420
2019-02-08,22.293522
2019-02-11,22.362997
2019-02-12,22.693014
2019-02-13,22.753807
2019-02-14,22.475895
2019-02-15,22.953550
2019-02-19,22.988289
2019-02-20,23.135929
2019-02-21,23.014339
2019-02-22,22.979603
2019-02-25,23.075136
2019-02-26,23.005661
2019-02-27,23.092510
2019-02-28,23.031710
2019-03-01,23.179350
2019-03-04,23.031710
2019-03-05,22.944864
2019-03-06,22.797228
2019-03-07,22.562740
2019-03-08,22.554052
2019-03-11,22.788544
2019-03-12,22.840652
2019-03-13,22.996975
2019-03-14,23.083820
2019-03-15,23.245312
2019-03-18,23.480993
2019-03-19,23.297682
2019-03-20,22.817589
2019-03-21,22.747757
2019-03-22,22.119270
2019-03-25,22.023249
2019-03-26,22.285124
2019-03-27,22.189102
2019-03-28,22.381144
2019-03-29,22.442234
2019-04-01,22.992165
2019-04-02,22.974712
2019-04-03,23.044544
2019-04-04,23.184208
2019-04-05,23.219124
2019-04-08,23.245312
2019-04-09,23.053272
2019-04-10,23.123104
2019-04-11,23.262764
2019-04-12,23.690487
2019-04-15,23.542093
2019-04-16,23.873795
2019-04-17,23.934898
2019-04-18,23.865067
2019-04-22,23.795233
2019-04-23,23.943630
2019-04-24,23.917440
2019-04-25,23.961090
2019-04-26,24.179312
2019-04-29,24.423723
2019-04-30,24.458641
2019-05-01,24.257877
2019-05-02,24.284058
2019-05-03,24.502287
2019-05-06,24.336433
2019-05-07,23.934898
2019-05-08,23.882524
2019-05-09,23.830154
2019-05-10,23.987274
2019-05-13,23.288954
2019-05-14,23.472260
2019-05-15,23.384974
2019-05-16,23.620655
2019-05-17,23.463528
2019-05-20,23.489721
2019-05-21,23.734133
2019-05-22,23.594473
2019-05-23,23.262764
2019-05-24,23.446077
2019-05-28,23.175476
2019-05-29,23.131830
2019-05-30,23.053272
2019-05-31,22.704109
2019-06-03,22.852505
2019-06-04,23.472260
2019-06-05,23.620655
2019-06-06,23.707943
2019-06-07,23.673031
2019-06-10,23.873795
2019-06-11,23.882524
2019-06-12,23.646839
2019-06-13,23.725403
2019-06-14,23.777777
2019-06-17,23.559553
2019-06-18,23.873795
2019-06-19,23.830154
2019-06-20,23.934898
2019-06-21,23.881382
2019-06-24,23.784876
2019-06-25,23.705914
2019-06-26,23.662048
2019-06-27,23.872608
2019-06-28,24.214773
2019-07-01,24.504297
2019-07-02,24.442884
2019-07-03,24.635904
2019-07-05,24.706087
2019-07-08,24.583258
2019-07-09,24.627131
2019-07-10,24.539387
2019-07-11,24.679764
2019-07-12,24.846462
2019-07-15,24.706087
2019-07-16,24.644674
2019-07-17,24.434113
2019-07-18,24.618359
2019-07-19,24.513071
2019-07-22,24.565712
2019-07-23,24.820147
2019-07-24,25.074572
2019-07-25,24.899101
2019-07-26,25.171080
2019-07-29,24.978062
2019-07-30,24.907875
2019-07-31,24.785048
2019-08-01,24.223549
2019-08-02,24.214773
2019-08-05,23.407619
2019-08-06,23.784876
2019-08-07,23.469030
2019-08-08,23.916470
2019-08-09,23.837519
2019-08-12,23.381292
2019-08-13,23.670816
2019-08-14,22.793470
2019-08-15,22.907524
2019-08-16,23.311106
2019-08-19,23.547989
2019-08-20,23.232141
2019-08-21,23.337429
2019-08-22,23.495352
2019-08-23,22.898756
2019-08-26,23.118088
2019-08-27,22.977713
2019-08-28,23.188278
2019-08-29,23.539215
2019-08-30,23.618181
2019-09-03,23.372520
2019-09-04,23.600630
2019-09-05,24.083174
2019-09-06,24.074398
2019-09-09,24.442884
2019-09-10,24.530619
2019-09-11,24.670994
2019-09-12,24.802597
2019-09-13,24.995611
2019-09-16,24.907875
2019-09-17,24.934200
2019-09-18,25.021935
2019-09-19,24.907875
2019-09-20,24.761497
2019-09-23,24.805588
2019-09-24,24.567493
2019-09-25,24.770315
2019-09-26,24.655674
2019-09-27,24.752682
2019-09-30,24.690947
2019-10-01,24.170673
2019-10-02,23.676855
2019-10-03,23.773857
2019-10-04,24.214766
2019-10-07,24.091311
2019-10-08,23.615131
2019-10-09,23.835587
2019-10-10,24.082502
2019-10-11,24.382313
2019-10-14,24.417589
2019-10-15,24.770315
2019-10-16,24.708588
2019-10-17,24.726227
2019-10-18,24.787952
2019-10-21,25.131857
2019-10-22,25.061316
2019-10-23,25.167135
2019-10-24,25.131857
2019-10-25,25.255318
2019-10-28,25.387590
2019-10-29,25.449316
2019-10-30,25.431681
2019-10-31,25.308222
2019-11-01,25.678589
2019-11-04,25.899044
2019-11-05,25.996044
2019-11-06,26.128315
2019-11-07,26.322319
2019-11-08,26.313499
2019-11-11,26.242958
2019-11-12,26.278227
2019-11-13,26.110680
2019-11-14,26.163591
2019-11-15,26.234133
2019-11-18,26.287041
2019-11-19,26.339954
2019-11-20,26.216497
2019-11-21,26.190050
2019-11-22,26.384047
2019-11-25,26.551592
2019-11-26,26.525135
2019-11-27,26.630959
2019-11-29,26.586864
2019-12-02,26.419317
2019-12-03,26.048956
2019-12-04,26.295862
2019-12-05,26.419317
2019-12-06,26.772045
2019-12-09,26.710320
2019-12-10,26.719141
2019-12-11,26.657410
2019-12-12,27.177683
2019-12-13,27.080681
2019-12-16,27.177683
2019-12-17,27.283499
2019-12-18,27.168869
2019-12-19,27.160053
2019-12-20,27.191950
2019-12-23,27.129911
2019-12-24,27.191950
2019-12-26,27.342628
2019-12-27,27.271721
2019-12-30,27.191950
2019-12-31,27.280586
2020-01-02,27.546480
2020-01-03,27.253996
2020-01-06,27.236265
2020-01-07,27.059010
2020-01-08,27.236265
2020-01-09,27.404667
2020-01-10,27.200819
2020-01-13,27.386946
2020-01-14,27.333763
2020-01-15,27.183088
2020-01-16,27.422392
2020-01-17,27.502165
2020-01-21,27.271721
2020-01-22,27.351490
2020-01-23,27.280586
2020-01-24,26.934929
2020-01-27,26.518362
2020-01-28,26.828569
2020-01-29,26.784246
2020-01-30,27.121046
2020-01-31,26.553810
2020-02-03,26.739931
2020-02-04,26.996967
2020-02-05,27.537617
2020-02-06,27.502165
2020-02-07,27.404667
2020-02-10,27.484440
2020-02-11,27.581930
2020-02-12,27.599649
2020-02-13,27.590794
2020-02-14,27.626245
2020-02-18,27.386946
2020-02-19,27.590794
2020-02-20,27.537617
2020-02-21,27.271721
2020-02-24,26.385410
2020-02-25,25.490238
2020-02-26,25.304115
2020-02-27,24.222820
2020-02-28,23.566956
2020-03-02,24.772327
2020-03-03,23.841705
2020-03-04,24.630526
2020-03-05,23.442869
2020-03-06,22.645193
2020-03-09,20.216703
2020-03-10,21.404362
2020-03-11,20.243292
2020-03-12,18.054110
2020-03-13,20.429419
2020-03-16,17.628681
2020-03-17,18.585896
2020-03-18,17.008265
2020-03-19,17.380516
2020-03-20,16.760099
2020-03-23,15.784938
2020-03-24,17.742411
2020-03-25,18.225077
2020-03-26,19.369171
2020-03-27,18.779245
2020-03-30,19.136780
2020-03-31,18.609421
2020-04-01,17.474262
2020-04-02,17.912233
2020-04-03,17.554712
2020-04-06,18.815004
2020-04-07,19.002708
2020-04-08,19.833961
2020-04-09,20.897608
2020-04-13,20.137861
2020-04-14,20.227242
2020-04-15,19.351295
2020-04-16,19.011639
2020-04-17,20.012726
2020-04-20,19.664135
2020-04-21,19.029520
2020-04-22,19.235092
2020-04-23,19.154655
2020-04-24,19.431742
2020-04-27,20.093172
2020-04-28,20.307692
2020-04-29,20.897608
2020-04-30,20.370256
2020-05-01,19.717762
2020-05-04,19.538998
2020-05-05,19.476433
2020-05-06,19.056334
2020-05-07,19.503252
2020-05-08,19.923342
2020-05-11,19.538998
2020-05-12,19.029520
2020-05-13,18.466406
2020-05-14,18.940140
2020-05-15,18.815004
2020-05-18,19.780329
2020-05-19,19.297667
2020-05-20,19.726702
2020-05-21,19.664135
2020-05-22,19.592630
2020-05-26,20.611589
2020-05-27,21.505411
2020-05-28,21.165762
2020-05-29,20.924429
2020-06-01,21.165762
2020-06-02,21.335587
2020-06-03,22.131090
2020-06-04,22.613754
2020-06-05,23.453949
2020-06-08,23.900862
2020-06-09,23.391384
2020-06-10,22.515438
2020-06-11,20.674156
2020-06-12,21.299831
2020-06-15,21.594793
2020-06-16,21.934446
2020-06-17,21.603735
2020-06-18,21.576921
2020-06-19,21.433903
2020-06-22,21.327763
2020-06-23,21.426712
2020-06-24,20.671108
2020-06-25,21.219820
2020-06-26,20.311300
2020-06-29,20.536177
2020-06-30,20.815033
2020-07-01,20.635128
2020-07-02,20.662115
2020-07-06,21.057905
2020-07-07,20.626131
2020-07-08,20.842018
2020-07-09,20.401257
2020-07-10,21.102882
2020-07-13,21.192829
2020-07-14,21.300779
2020-07-15,21.723555
2020-07-16,21.723555
2020-07-17,21.543650
2020-07-20,21.444700
2020-07-21,21.867476
2020-07-22,21.867476
2020-07-23,21.885466
2020-07-24,21.831501
2020-07-27,21.651588
2020-07-28,21.597620
2020-07-29,22.002401
2020-07-30,21.606615
2020-07-31,21.615608
2020-08-03,21.678579
2020-08-04,21.588625
2020-08-05,21.885466
2020-08-06,21.876476
2020-08-07,22.344231
2020-08-10,22.506140
2020-08-11,22.767004
2020-08-12,22.704037
2020-08-13,22.560116
2020-08-14,22.650064
2020-08-17,22.272266
2020-08-18,22.128342
2020-08-19,22.119345
2020-08-20,21.912453
2020-08-21,21.867476
2020-08-24,22.389206
2020-08-25,22.452166
2020-08-26,22.344231
2020-08-27,22.722027
2020-08-28,22.811983
2020-08-31,22.542122
2020-09-01,22.605091
2020-09-02,22.928911
2020-09-03,22.578108
2020-09-04,22.749018
2020-09-08,22.164322
2020-09-09,22.389206
2020-09-10,22.074368
2020-09-11,22.227285
2020-09-14,22.533127
2020-09-15,22.227285
2020-09-16,22.479155
2020-09-17,22.245279
2020-09-18,22.200298
2020-09-21,21.644051
2020-09-22,21.463158
2020-09-23,20.983788
2020-09-24,21.029009
2020-09-25,21.246086
2020-09-28,21.752590
2020-09-29,21.481247
2020-09-30,21.770676
2020-10-01,21.806860
2020-10-02,21.978706
2020-10-05,22.340498
2020-10-06,22.114378
2020-10-07,22.485209
2020-10-08,22.792736
2020-10-09,22.819864
2020-10-12,23.073122
2020-10-13,22.629930
2020-10-14,22.412855
2020-10-15,22.584703
2020-10-16,22.602791
2020-10-19,22.259096
2020-10-20,22.439987
2020-10-21,22.322403
2020-10-22,22.765596
2020-10-23,22.837957
2020-10-26,22.322403
2020-10-27,21.915396
2020-10-28,21.354616
2020-10-29,21.517426
2020-10-30,21.580742
2020-11-02,21.987755
2020-11-03,22.476171
2020-11-04,22.213869
2020-11-05,22.756554
2020-11-06,22.575657
2020-11-09,24.429831
2020-11-10,24.556459
2020-11-11,24.456961
2020-11-12,24.049953
2020-11-13,24.447920
2020-11-16,24.990601
2020-11-17,24.954422
2020-11-18,24.719261
2020-11-19,24.800661
2020-11-20,24.583590
2020-11-23,25.044874
2020-11-24,25.922209
2020-11-25,25.831766
2020-11-27,25.750360
2020-11-30,25.216719
2020-12-01,25.605646
2020-12-02,25.886032
2020-12-03,25.895079
2020-12-04,26.211639
2020-12-07,26.030746
2020-12-08,26.021702
2020-12-09,25.958393
2020-12-10,26.003616
2020-12-11,25.741318
2020-12-14,25.442841
2020-12-15,25.876987
2020-12-16,25.922209
2020-12-17,25.994564
2020-12-18,25.768448
2020-12-21,26.115807
2020-12-22,25.861202
2020-12-23,26.288580
2020-12-24,26.324961
2020-12-28,26.452261
2020-12-29,26.361328
2020-12-30,26.479544
2020-12-31,26.806898
2021-01-04,26.443167
2021-01-05,26.561378
2021-01-06,27.734417
2021-01-07,28.134510
2021-01-08,28.116325
2021-01-11,28.207262
2021-01-12,28.498249
2021-01-13,28.480057
2021-01-14,28.607365
2021-01-15,28.134510
2021-01-19,28.207262
2021-01-20,28.089052
2021-01-21,27.788975
2021-01-22,27.588921
2021-01-25,27.388868
2021-01-26,27.170630
2021-01-27,26.370426
2021-01-28,26.861465
2021-01-29,26.324961
2021-02-01,26.670502
2021-02-02,27.316124
2021-02-03,27.470707
2021-02-04,28.079954
2021-02-05,28.089052
2021-02-08,28.452778
2021-02-09,28.461870
2021-02-10,28.461870
2021-02-11,28.370943
2021-02-12,28.661924
2021-02-16,29.152962
2021-02-17,29.298450
2021-02-18,29.125675
2021-02-19,29.471226
2021-02-22,29.744013
2021-02-23,29.925880
2021-02-24,30.507847
2021-02-25,29.953163
2021-02-26,29.380293
2021-03-01,30.298702
2021-03-02,30.189598
2021-03-03,30.426012
2021-03-04,30.080469
2021-03-05,30.653345
2021-03-08,31.044352
2021-03-09,30.762468
2021-03-10,31.389894
2021-03-11,31.298964
2021-03-12,31.617231
2021-03-15,31.435358
2021-03-16,31.108013
2021-03-17,31.317148
2021-03-18,31.480835
2021-03-19,31.117104
2021-03-22,30.716141
2021-03-23,30.286856
2021-03-24,30.396463
2021-03-25,30.907951
2021-03-26,31.392023
2021-03-29,31.118015
2021-03-30,31.337221
2021-03-31,31.099751
2021-04-01,31.483362
2021-04-05,31.729963
2021-04-06,31.666027
2021-04-07,31.821299
2021-04-08,31.830425
2021-04-09,32.104446
2021-04-12,32.241436
2021-04-13,31.940035
2021-04-14,32.131832
2021-04-15,32.104446
2021-04-16,32.332783
2021-04-19,32.241436
2021-04-20,31.638626
2021-04-21,32.077030
2021-04-22,31.720819
2021-04-23,32.314510
2021-04-26,32.442375
2021-04-27,32.698116
2021-04-28,32.825981
2021-04-29,33.410538
2021-04-30,33.118259
2021-05-03,33.282673
2021-05-04,33.547543
2021-05-05,33.821552
2021-05-06,34.323898
2021-05-07,34.506550
2021-05-10,34.479164
2021-05-11,33.867222
2021-05-12,33.520130
2021-05-13,34.059017
2021-05-14,34.597893
2021-05-17,34.661831
2021-05-18,34.177753
2021-05-19,33.967678
2021-05-20,33.985950
2021-05-21,34.323898
2021-05-24,34.488289
2021-05-25,34.141232
2021-05-26,34.241684
2021-05-27,34.634434
2021-05-28,34.698368
2021-06-01,34.908443
2021-06-02,34.963234
2021-06-03,35.045444
2021-06-04,35.136772
2021-06-07,34.908443
2021-06-08,34.817101
2021-06-09,34.488289
2021-06-10,34.086418
2021-06-11,34.305622
2021-06-14,33.949417
2021-06-15,34.013355
2021-06-16,33.976822
2021-06-17,32.972130
2021-06-18,32.177502
2021-06-21,32.928513
2021-06-22,32.983521
2021-06-23,33.047718
2021-06-24,33.460350
2021-06-25,33.863831
2021-06-28,33.616238
2021-06-29,33.497032
2021-06-30,33.643753
2021-07-01,33.909676
2021-07-02,33.872990
2021-07-06,33.341145
2021-07-07,33.387001
2021-07-08,32.717598
2021-07-09,33.662090
2021-07-12,33.992184
2021-07-13,33.625408
2021-07-14,33.469532
2021-07-15,33.579556
2021-07-16,33.121067
2021-07-19,32.194939
2021-07-20,32.992695
2021-07-21,33.561222
2021-07-22,33.194439
2021-07-23,33.249451
2021-07-26,33.442009
2021-07-27,33.432842
2021-07-28,33.387001
2021-07-29,33.753784
2021-07-30,33.487865
2021-08-02,33.497032
2021-08-03,33.872990
2021-08-04,33.588734
2021-08-05,34.028873
2021-08-06,34.716602
2021-08-09,34.808308
2021-08-10,35.175091
2021-08-11,35.578564
2021-08-12,35.642750
2021-08-13,35.376823
2021-08-16,35.285130
2021-08-17,35.037540
2021-08-18,34.606575
2021-08-19,34.349823
2021-08-20,34.560719
2021-08-23,34.844975
2021-08-24,35.055882
2021-08-25,35.468521
2021-08-26,35.294300
2021-08-27,35.761951
2021-08-30,35.257618
2021-08-31,35.211769
2021-09-01,35.010040
2021-09-02,35.129242
2021-09-03,34.909161
2021-09-07,34.698269
2021-09-08,34.615738
2021-09-09,34.716602
2021-09-10,34.459862
2021-09-13,34.854156
2021-09-14,34.386494
2021-09-15,34.716602
2021-09-16,34.615738
2021-09-17,34.459862
2021-09-20,33.660465
2021-09-21,33.614437
2021-09-22,34.176205
2021-09-23,35.014259
2021-09-24,35.198448
2021-09-27,35.677338
2021-09-28,35.087936
2021-09-29,35.115566
2021-09-30,34.562996
2021-10-01,35.133984
2021-10-04,34.830074
2021-10-05,35.511581
2021-10-06,35.548416
2021-10-07,35.760231
2021-10-08,35.935200
2021-10-11,35.576038
2021-10-12,35.465523
2021-10-13,35.262913
2021-10-14,35.852322
2021-10-15,36.386471
2021-10-18,36.395679
2021-10-19,36.754841
2021-10-20,37.049549
2021-10-21,36.892986
2021-10-22,37.408707
2021-10-25,37.362659
2021-10-26,37.390293
2021-10-27,36.773262
2021-10-28,37.224525
2021-10-29,37.077164
2021-11-01,37.095592
2021-11-02,37.187695
2021-11-03,37.325836
2021-11-04,36.837727
2021-11-05,36.856148
2021-11-08,37.058750
2021-11-09,36.856148
2021-11-10,36.791672
2021-11-11,36.892986
2021-11-12,36.975876
2021-11-15,36.975876
2021-11-16,36.939034
2021-11-17,36.515404
2021-11-18,36.331211
2021-11-19,35.935200
2021-11-22,36.441719
2021-11-23,37.012707
2021-11-24,36.929810
2021-11-26,35.704971
2021-11-29,35.815479
2021-11-30,34.959011
2021-12-01,34.572205
2021-12-02,35.603672
2021-12-03,35.023472
2021-12-06,35.557617
2021-12-07,36.193077
2021-12-08,35.999672
2021-12-09,35.925999
2021-12-10,35.962830
2021-12-13,35.576038
2021-12-14,35.787846
2021-12-15,35.889156
2021-12-16,36.340416
2021-12-17,35.539196
2021-12-20,34.848892
2021-12-21,35.570656
2021-12-22,35.737221
2021-12-23,35.922298
2021-12-27,36.292446
2021-12-28,36.310947
2021-12-29,36.264675
2021-12-30,36.199902
2021-12-31,36.135128
2022-01-03,36.579292
2022-01-04,37.541668
2022-01-05,37.106739
2022-01-06,37.652702
2022-01-07,38.096882
2022-01-10,37.967327
2022-01-11,38.300457
2022-01-12,38.328220
2022-01-13,38.180157
2022-01-14,37.782257
2022-01-18,36.940182
2022-01-19,36.320206
2022-01-20,36.088856
2022-01-21,35.348576
2022-01-24,35.450363
2022-01-25,35.598427
2022-01-26,35.690964
2022-01-27,35.367088
2022-01-28,35.829765
2022-01-31,36.144386
2022-02-01,36.644073
2022-02-02,36.893917
2022-02-03,36.486767
2022-02-04,37.106739
2022-02-07,37.217800
2022-02-08,37.735992
2022-02-09,37.976585
2022-02-10,37.643459
2022-02-11,37.116005
2022-02-14,36.699596
2022-02-15,37.199299
2022-02-16,37.227055
2022-02-17,36.301693
2022-02-18,36.292446
2022-02-22,36.107368
2022-02-23,35.478130
2022-02-24,35.052460
2022-02-25,36.181393
2022-02-28,35.644688
2022-03-01,34.330685
2022-03-02,35.219028
2022-03-03,35.107979
2022-03-04,34.450989
2022-03-07,33.192490
2022-03-08,32.998180
2022-03-09,34.210388
2022-03-10,33.923527
2022-03-11,33.682934
2022-03-14,34.108593
2022-03-15,34.589787
2022-03-16,35.561405
2022-03-17,36.005589
2022-03-18,36.088856
2022-03-21,36.053555
2022-03-22,36.638817
2022-03-23,35.960659
2022-03-24,36.248646
2022-03-25,36.713135
2022-03-28,36.610950
2022-03-29,36.694546
2022-03-30,36.434433
2022-03-31,35.598366
2022-04-01,35.505470
2022-04-04,35.347530
2022-04-05,35.124580
2022-04-06,34.883045
2022-04-07,34.845886
2022-04-08,35.198906
2022-04-11,35.040977
2022-04-12,34.660091
2022-04-13,34.660091
2022-04-14,34.269924
2022-04-18,34.474297
2022-04-19,34.948074
2022-04-20,35.189617
2022-04-21,34.632233
2022-04-22,33.601055
2022-04-25,33.656792
2022-04-26,32.811432
2022-04-27,32.783562
2022-04-28,33.201607
2022-04-29,32.058960
2022-05-02,32.068245
2022-05-03,32.486290
2022-05-04,33.480297
2022-05-05,32.504868
2022-05-06,32.272633
2022-05-09,31.501574
2022-05-10,31.222881
2022-05-11,30.934900
2022-05-12,30.702660
2022-05-13,31.148565
2022-05-16,30.888447
2022-05-17,31.715235
2022-05-18,30.842005
2022-05-19,30.637627
2022-05-20,30.581888
2022-05-23,31.575897
2022-05-24,31.510860
2022-05-25,31.761690
2022-05-26,32.495586
2022-05-27,33.043678
2022-05-31,32.950783
2022-06-01,32.421261
2022-06-02,32.867172
2022-06-03,32.393394
2022-06-06,32.486290
2022-06-07,32.737110
2022-06-08,32.161152
2022-06-09,31.352938
2022-06-10,30.219585
2022-06-13,29.318483
2022-06-14,29.067661
2022-06-15,29.392805
2022-06-16,28.649622
2022-06-17,28.733225
2022-06-21,29.306660
2022-06-22,29.241283
2022-06-23,29.129217
2022-06-24,30.203230
2022-06-27,30.100498
2022-06-28,29.801638
2022-06-29,29.633532
2022-06-30,29.372036
2022-07-01,29.773626
2022-07-05,29.670893
2022-07-06,29.596178
2022-07-07,30.025784
2022-07-08,29.960411
2022-07-11,29.717588
2022-07-12,29.530804
2022-07-13,29.269306
2022-07-14,28.708946
2022-07-15,29.680229
2022-07-18,29.568163
2022-07-19,30.455395
2022-07-20,30.567465
2022-07-21,30.763590
2022-07-22,30.586136
2022-07-25,30.782265
2022-07-26,30.352659
2022-07-27,30.819616
2022-07-28,31.043770
2022-07-29,31.482712
2022-08-01,31.221214
2022-08-02,30.875660
2022-08-03,31.342625
2022-08-04,31.239891
2022-08-05,31.464029
2022-08-08,31.445356
2022-08-09,31.604120
2022-08-10,32.313908
2022-08-11,32.696823
2022-08-12,33.210480
2022-08-15,33.201145
2022-08-16,33.443954
2022-08-17,33.275852
2022-08-18,33.313202
2022-08-19,32.650120
2022-08-22,31.930990
2022-08-23,31.800249
2022-08-24,31.968353
2022-08-25,32.463341
2022-08-26,31.492052
2022-08-29,31.267912
2022-08-30,31.099810
2022-08-31,30.866322
2022-09-01,30.959715
2022-09-02,30.716887
2022-09-06,30.642174
2022-09-07,31.249231
2022-09-08,31.800249
2022-09-09,32.089764
2022-09-12,32.351257
2022-09-13,31.146500
2022-09-14,31.053106
2022-09-15,31.155844
2022-09-16,30.875660
2022-09-19,31.225847
2022-09-20,30.765818
2022-09-21,30.127401
2022-09-22,29.620430
2022-09-23,29.151011
2022-09-26,28.690977
2022-09-27,28.568930
2022-09-28,29.132235
2022-09-29,28.766085
2022-09-30,28.503210
2022-10-03,29.273058
2022-10-04,30.362112
2022-10-05,30.127401
2022-10-06,29.704924
2022-10-07,29.000792
2022-10-10,28.869356
2022-10-11,28.503210
2022-10-12,28.437492
2022-10-13,29.611044
2022-10-14,29.113459
2022-10-17,29.845751
2022-10-18,30.324558
2022-10-19,29.826975
2022-10-20,29.348167
2022-10-21,30.221285
2022-10-24,30.624985
2022-10-25,30.991138
2022-10-26,31.066244
2022-10-27,31.319735
2022-10-28,32.098965
2022-10-31,31.901815
2022-11-01,31.986305
2022-11-02,31.582605
2022-11-03,31.263409
2022-11-04,31.836092
2022-11-07,32.155300
2022-11-08,32.343067
2022-11-09,31.798540
2022-11-10,33.403965
2022-11-11,33.676220
2022-11-14,33.197411
2022-11-15,33.272518
2022-11-16,33.112915
2022-11-17,32.934536
2022-11-18,33.206799
2022-11-21,33.310074
2022-11-22,33.648060
2022-11-23,33.788891
2022-11-25,33.901546
2022-11-28,33.319458
2022-11-29,33.516621
2022-11-30,34.089314
2022-12-01,33.892159
2022-12-02,33.732555
2022-12-05,32.896984
2022-12-06,32.605942
2022-12-07,32.474506
2022-12-08,32.502670
2022-12-09,32.418175
2022-12-12,32.850044
2022-12-13,32.934536
2022-12-14,32.521442
2022-12-15,31.883036
2022-12-16,31.638935
2022-12-19,31.553909
2022-12-20,31.686178
2022-12-21,32.177429
2022-12-22,31.894009
2022-12-23,32.073502
2022-12-27,32.064064
2022-12-28,31.950697
2022-12-29,32.394718
2022-12-30,32.309692
2023-01-03,32.423065
2023-01-04,32.942661
2023-01-05,32.697037
2023-01-06,33.424469
2023-01-09,33.301659
2023-01-10,33.490604
2023-01-11,33.802361
2023-01-12,33.868492
2023-01-13,34.123569
2023-01-17,33.896832
2023-01-18,33.263866
2023-01-19,32.876526
2023-01-20,33.396133
2023-01-23,33.783463
2023-01-24,33.802361
2023-01-25,34.066887
2023-01-26,34.246384
2023-01-27,34.246384
2023-01-30,34.076328
2023-01-31,34.539257
2023-02-01,34.539257
2023-02-02,34.633717
2023-02-03,34.567593
2023-02-06,34.558155
2023-02-07,34.954926
2023-02-08,34.747089
2023-02-09,34.359753
2023-02-10,34.473118
2023-02-13,34.869896
2023-02-14,34.680954
2023-02-15,34.718746
2023-02-16,34.369202
2023-02-17,34.378647
2023-02-21,33.670094
2023-02-22,33.632317
2023-02-23,33.660652
2023-02-24,33.688992
2023-02-27,33.679550
2023-02-28,33.745674
2023-03-01,33.632317
2023-03-02,33.471703
2023-03-03,34.000759
2023-03-06,34.029095
2023-03-07,33.150494
2023-03-08,33.027687
2023-03-09,31.686178
2023-03-10,31.109898
2023-03-13,29.881741
2023-03-14,30.486366
2023-03-15,29.673903
2023-03-16,30.240738
2023-03-17,29.267666
2023-03-20,29.593317
2023-03-21,30.343357
2023-03-22,29.640789
2023-03-23,29.441414
2023-03-24,29.422422
2023-03-27,29.830677
2023-03-28,29.821180
2023-03-29,30.257912
2023-03-30,30.191448
2023-03-31,30.523745
2023-04-03,30.580715
2023-04-04,30.295885
2023-04-05,30.257912
2023-04-06,30.371838
2023-04-10,30.438301
2023-04-11,30.704138
2023-04-12,30.637676
2023-04-13,30.913010
2023-04-14,31.216824
2023-04-17,31.577600
2023-04-18,31.672546
2023-04-19,31.748493
2023-04-20,31.653555
2023-04-21,31.539629
2023-04-24,31.463671
2023-04-25,30.922501
2023-04-26,30.628180
2023-04-27,31.121880
2023-04-28,31.492151
2023-05-01,31.406710
2023-05-02,30.694643
2023-05-03,30.343357
2023-05-04,29.954098
2023-05-05,30.694643
2023-05-08,30.742113
2023-05-09,30.628180
2023-05-10,30.457293
2023-05-11,30.409817
2023-05-12,30.286390
2023-05-15,30.533243
2023-05-16,30.248417
2023-05-17,30.856041
2023-05-18,31.083899
2023-05-19,30.950983
2023-05-22,31.007946
2023-05-23,30.647167
2023-05-24,30.248417
2023-05-25,30.238922
2023-05-26,30.485771
2023-05-30,30.476274
2023-05-31,30.153477
2023-06-01,30.476274
2023-06-02,31.140867
2023-06-05,30.979469
2023-06-06,31.368729
2023-06-07,31.492151
2023-06-08,31.463671
2023-06-09,31.473167
2023-06-12,31.463671
2023-06-13,31.653555
2023-06-14,31.530130
2023-06-15,31.947872
2023-06-16,31.881416
2023-06-20,31.642996
2023-06-21,31.604851
2023-06-22,31.356890
2023-06-23,31.223373
2023-06-26,31.156618
2023-06-27,31.404581
2023-06-28,31.328276
2023-06-29,31.871876
2023-06-30,32.148441
2023-07-03,32.329643
2023-07-05,32.262890
2023-07-06,31.986324
2023-07-07,32.034000
2023-07-10,32.177055
2023-07-11,32.558525
2023-07-12,32.768330
2023-07-13,32.882778
2023-07-14,32.663425
2023-07-17,32.978142
2023-07-18,33.350071
2023-07-19,33.493130
2023-07-20,33.741085
2023-07-21,33.626637
2023-07-24,33.950886
2023-07-25,33.731548
2023-07-26,33.931828
2023-07-27,33.502666
2023-07-28,33.569424
2023-07-31,33.693398
2023-08-01,33.693398
2023-08-02,33.407295
2023-08-03,33.426369
2023-08-04,33.292862
2023-08-07,33.760162
2023-08-08,33.454979
2023-08-09,33.207027
2023-08-10,33.235630
2023-08-11,33.302391
2023-08-14,33.235630
2023-08-15,32.625286
2023-08-16,32.577591
2023-08-17,32.415474
2023-08-18,32.405941
2023-08-21,32.367786
2023-08-22,32.062614
2023-08-23,32.377323
2023-08-24,32.262890
2023-08-25,32.415474
2023-08-28,32.596672
2023-08-29,32.892315
2023-08-30,32.911385
2023-08-31,32.787407
2023-09-01,33.083042
2023-09-05,32.749256
2023-09-06,32.730190
2023-09-07,32.644352
2023-09-08,32.711113
2023-09-11,32.863708
2023-09-12,33.083042
2023-09-13,33.083042
2023-09-14,33.388222
2023-09-15,33.216564
2023-09-18,33.307564
2023-09-19,33.269249
2023-09-20,33.039349
2023-09-21,32.493317
2023-09-22,32.244251
2023-09-25,32.320892
2023-09-26,31.889816
2023-09-27,31.841921
2023-09-28,32.071827
2023-09-29,31.774858
2023-10-02,31.506641
2023-10-03,31.008511
2023-10-04,31.238422
2023-10-05,31.382105
2023-10-06,31.650333
2023-10-09,31.669491
2023-10-10,31.899391
2023-10-11,31.947290
2023-10-12,31.746122
2023-10-13,31.813171
2023-10-16,32.148460
2023-10-17,32.301731
2023-10-18,31.746122
2023-10-19,31.324631
2023-10-20,30.845659
2023-10-23,30.654076
2023-10-24,30.864820
2023-10-25,30.749865
2023-10-26,30.682810
2023-10-27,30.127205
2023-10-30,30.663652
2023-10-31,30.998930
2023-11-01,31.200100
2023-11-02,31.937710
2023-11-03,32.359203
2023-11-06,32.263412
2023-11-07,32.215515
2023-11-08,32.253834
2023-11-09,32.119713
2023-11-10,32.483738
2023-11-13,32.435837
2023-11-14,33.048916
2023-11-15,33.230927
2023-11-16,33.365044
2023-11-17,33.537472
2023-11-20,33.671585
2023-11-21,33.652424
2023-11-22,33.786537
2023-11-24,33.891914
2023-11-27,33.776958
2023-11-28,33.767376
2023-11-29,34.006866
2023-11-30,34.390038
2023-12-01,34.648674
2023-12-04,34.610359
2023-12-05,34.437935
2023-12-06,34.265503
2023-12-07,34.428352
2023-12-08,34.610359
2023-12-11,34.821114
2023-12-12,35.070171
2023-12-13,35.635361
2023-12-14,35.989799
2023-12-15,35.779049
2023-12-18,35.898426
2023-12-19,36.167976
2023-12-20,35.522984
2023-12-21,35.869545
2023-12-22,35.946556
2023-12-26,36.090958
2023-12-27,36.206478
2023-12-28,36.312378
2023-12-29,36.196857
2024-01-02,36.350880
2024-01-03,36.042824
2024-01-04,36.187225
2024-01-05,36.341255
2024-01-08,36.572304
2024-01-09,36.341255
2024-01-10,36.399025
2024-01-11,36.264244
2024-01-12,36.196857
2024-01-16,35.946556
2024-01-17,35.879169
2024-01-18,35.936928
2024-01-19,36.514545
2024-01-22,36.687824
2024-01-23,36.745586
2024-01-24,36.889992
2024-01-25,37.072891
2024-01-26,37.207676
2024-01-29,37.303936
2024-01-30,37.775654
2024-01-31,37.313560
2024-02-01,37.371330
2024-02-02,37.525356
2024-02-05,37.303936
2024-02-06,37.380947
2024-02-07,37.660130
2024-02-08,37.515728
2024-02-09,37.621628
2024-02-12,37.794907
2024-02-13,37.284683
2024-02-14,37.640877
2024-02-15,38.285877
2024-02-16,38.151104
2024-02-20,38.045204
2024-02-21,38.160725
2024-02-22,38.603554
2024-02-23,38.796097
2024-02-26,38.603554
2024-02-27,38.709454
2024-02-28,38.853859
2024-02-29,38.834606
2024-03-01,38.786472
2024-03-04,38.882732
2024-03-05,38.892368
2024-03-06,39.094524
2024-03-07,39.036766
2024-03-08,39.104153
2024-03-11,39.171539
2024-03-12,39.335201
2024-03-13,39.624004
2024-03-14,39.306324
2024-03-15,39.267822
2024-03-18,39.492962
2024-03-19,39.686222
2024-03-20,40.159710
2024-03-21,40.488262
2024-03-22,40.024433
2024-03-25,39.869823
2024-03-26,40.005104
2024-03-27,40.478592
2024-03-28,40.700844
2024-04-01,40.478592
2024-04-02,40.266010
2024-04-03,40.246681
2024-04-04,39.792519
2024-04-05,40.169376
2024-04-08,40.343311
2024-04-09,40.111393
2024-04-10,39.512283
2024-04-11,39.232056
2024-04-12,38.710251
2024-04-15,38.516991
2024-04-16,38.256088
2024-04-17,38.352718
2024-04-18,38.488003
2024-04-19,39.019474
2024-04-22,39.492962
2024-04-23,39.744202
2024-04-24,39.734539
2024-04-25,39.502625
2024-04-26,39.444641
2024-04-29,39.386665
2024-04-30,39.000145
2024-05-01,39.000145
2024-05-02,39.096775
2024-05-03,39.183746
2024-05-06,39.686222
2024-05-07,39.821507
2024-05-08,39.966450
2024-05-09,40.266010
2024-05-10,40.420616
2024-05-13,40.256344
2024-05-14,40.459270
2024-05-15,40.758827
2024-05-16,40.758827
2024-05-17,41.058376
2024-05-20,40.497921
2024-05-21,40.758827
2024-05-22,40.526909
2024-05-23,39.966450
2024-05-24,40.208023
2024-05-28,39.763527
2024-05-29,39.444641
2024-05-30,39.657234
2024-05-31,40.237019
2024-06-03,39.985779
2024-06-04,39.802177
2024-06-05,39.918133
2024-06-06,39.898811
2024-06-07,40.082409
2024-06-10,39.927799
2024-06-11,39.473629
2024-06-12,39.434982
2024-06-13,39.405994
2024-06-14,39.280369
2024-06-17,39.628242
2024-06-18,39.879482
2024-06-20,40.092072
2024-06-21,39.937462
2024-06-24,40.347828
2024-06-25,40.047085
2024-06-26,39.794849
2024-06-27,39.746349
2024-06-28,39.882168
2024-07-01,39.969471
2024-07-02,40.435146
2024-07-03,40.309021
2024-07-05,40.299324
2024-07-08,40.192608
2024-07-09,40.503048
2024-07-10,40.658272
2024-07-11,40.978416
2024-07-12,41.114239
2024-07-15,41.715710
2024-07-16,42.191082
2024-07-17,42.511227
2024-07-18,41.997051
2024-07-19,41.570198
2024-07-22,41.803024
2024-07-23,41.880642
2024-07-24,41.308258
2024-07-25,41.463486
2024-07-26,42.113472
2024-07-29,42.055264
2024-07-30,42.540329
2024-07-31,42.433613
2024-08-01,41.832130
2024-08-02,40.803787
2024-08-05,39.620228
2024-08-06,40.260521
2024-08-07,40.309021
2024-08-08,40.959015
2024-08-09,41.133640
2024-08-12,40.920208
2024-08-13,41.259747
2024-08-14,41.764221
2024-08-15,42.152275
2024-08-16,42.462719
2024-08-19,42.695541
2024-08-20,42.559727
2024-08-21,42.491817
2024-08-22,42.734352
2024-08-23,43.103004
2024-08-26,43.238823
2024-08-27,43.461956
2024-08-28,43.568665
2024-08-29,43.956726
2024-08-30,44.373882
2024-09-03,44.044037
2024-09-04,44.092545
2024-09-05,43.607471
2024-09-06,42.967190
2024-09-09,43.607471
2024-09-10,43.161213
2024-09-11,42.957489
2024-09-12,43.054501
2024-09-13,43.180614
2024-09-16,43.743298
2024-09-17,43.976128
2024-09-18,43.840305
2024-09-19,44.325367
2024-09-20,44.296268
2024-09-23,44.242718
2024-09-24,43.872730
2024-09-25,43.609840
2024-09-26,43.833782
2024-09-27,43.960358
2024-09-30,44.125877
2024-10-01,43.892208
2024-10-02,43.940887
2024-10-03,43.707207
2024-10-04,44.447182
2024-10-07,43.901943
2024-10-08,44.155090
2024-10-09,44.564026
2024-10-10,44.427708
2024-10-11,45.284523
2024-10-14,45.566883
2024-10-15,45.664253
2024-10-16,46.228962
2024-10-17,46.355545
2024-10-18,46.365273
2024-10-21,45.995293
2024-10-22,45.907665
2024-10-23,45.868717
2024-10-24,45.907665
2024-10-25,45.401363
2024-10-28,45.966076
2024-10-29,45.683720
2024-10-30,45.888191
2024-10-31,45.255318
2024-11-01,45.411098
2024-11-04,45.060581
2024-11-05,45.479252
2024-11-06,48.244423
2024-11-07,47.465504
2024-11-08,47.893913
2024-11-11,48.575466
2024-11-12,48.429417
2024-11-13,48.458630
2024-11-14,48.332054
2024-11-15,48.555992
2024-11-18,48.702045
2024-11-19,48.380733
2024-11-20,48.234688
2024-11-21,48.848083
2024-11-22,49.393333
2024-11-25,49.714642
2024-11-26,49.812004
2024-11-27,49.909367
2024-11-29,49.987263
2024-12-02,49.490700
2024-12-03,49.120712
2024-12-04,48.935711
2024-12-05,49.081764
2024-12-06,49.072025
2024-12-09,48.400208
2024-12-10,48.390472
2024-12-11,48.487839
2024-12-12,48.273640
2024-12-13,48.234688
2024-12-16,48.147064
2024-12-17,47.806278
2024-12-18,46.375015
2024-12-19,46.540535
2024-12-20,47.231823
2024-12-23,47.345253
2024-12-24,47.902603
2024-12-26,48.019936
2024-12-27,47.667927
2024-12-30,47.208363
2024-12-31,47.257252
2025-01-02,47.139912
2025-01-03,47.511478
2025-01-06,47.364807
2025-01-07,47.257252
2025-01-08,47.413700
2025-01-10,46.269672
2025-01-13,46.602123
2025-01-14,47.179028
2025-01-15,48.381725
2025-01-16,48.704395
2025-01-17,49.115074
2025-01-21,49.525753
2025-01-22,49.291080
2025-01-23,49.574646
2025-01-24,49.721310
2025-01-27,50.268887
2025-01-28,50.180885
2025-01-29,50.141769
2025-01-30,50.620895
2025-01-31,50.327557
2025-02-03,50.122211
2025-02-04,50.004875
2025-02-05,50.532890
2025-02-06,50.953346
2025-02-07,50.669785
2025-02-10,50.268887
2025-02-11,50.396000
2025-02-12,50.219994
2025-02-13,50.552452
2025-02-14,50.650230
2025-02-18,51.012016
2025-02-19,51.031574
2025-02-20,50.249325
2025-02-21,49.623531
2025-02-24,49.838650
2025-02-25,49.828873
2025-02-26,49.721310
2025-02-27,49.995098
2025-02-28,51.021793
2025-03-03,50.591564
2025-03-04,48.811954
2025-03-05,49.095520
2025-03-06,48.283943
2025-03-07,48.029720
2025-03-10,46.954128
2025-03-11,46.553234
2025-03-12,46.621677
2025-03-13,46.367447
2025-03-14,47.443031
2025-03-17,48.000381
2025-03-18,47.941715
2025-03-19,48.469730
2025-03-20,48.538174
2025-03-21,48.362167
2025-03-24,49.214962
2025-03-25,49.489746
2025-03-26,49.342537
2025-03-27,49.244404
2025-03-28,48.292488
2025-03-31,48.881302
2025-04-01,48.822422
2025-04-02,49.224777
2025-04-03,46.800831
2025-04-04,43.375900
2025-04-07,43.267952
2025-04-08,43.101120
2025-04-09,46.349407
2025-04-10,45.054024
2025-04-11,45.799847
2025-04-14,46.270905
2025-04-15,46.388668
2025-04-16,45.662457
2025-04-17,45.780220
2025-04-21,44.798866
2025-04-22,46.280712
2025-04-23,46.830273
2025-04-24,47.350391
2025-04-25,47.124676
2025-04-28,47.271881
2025-04-29,47.762558
2025-04-30,47.850880
2025-05-01,47.841068
2025-05-02,48.832233
2025-05-05,48.518204
2025-05-06,48.243423
2025-05-07,48.528019
2025-05-08,48.930367
2025-05-09,48.930367
2025-05-12,49.921539
2025-05-13,50.127628
2025-05-14,49.990234
2025-05-15,50.323895
2025-05-16,50.628117
2025-05-19,50.657551
2025-05-20,50.382778
2025-05-21,49.352356
2025-05-22,49.293472
2025-05-23,49.116833
2025-05-27,49.980427
2025-05-28,49.646763
2025-05-29,49.901909
2025-05-30,50.009861
2025-06-02,50.029491
2025-06-03,50.127628
2025-06-04,49.843037
2025-06-05,49.705643
2025-06-06,50.323895
2025-06-09,50.049118
2025-06-10,50.108002
2025-06-11,50.049118
2025-06-12,50.049118
2025-06-13,49.028507
2025-06-16,49.587879
2025-06-17,49.303288
2025-06-18,49.283661
2025-06-20,49.421051
2025-06-23,50.043388
2025-06-24,50.791782
2025-06-25,50.624374
2025-06-26,50.998569
2025-06-27,51.146275
2025-06-30,51.569702
2025-07-01,51.855274
2025-07-02,51.815884
2025-07-03,52.377174
2025-07-07,51.874969
2025-07-08,51.412151
2025-07-09,51.599247
2025-07-10,51.904510
2025-07-11,51.362911
2025-07-14,51.746956
2025-07-15,50.860710
2025-07-16,51.215206
2025-07-17,51.707565
2025-07-18,51.737110
2025-07-21,51.589401
2025-07-22,51.874969
2025-07-23,52.288548
2025-07-24,52.259010
2025-07-25,52.623352
2025-07-28,52.259010
2025-07-29,51.993137
2025-07-30,51.894661
2025-07-31,51.569702
2025-08-01,50.614532
2025-08-04,51.116734
2025-08-05,50.909946
2025-08-06,51.156124
2025-08-07,50.584984
2025-08-08,51.057655
2025-08-11,51.037960
2025-08-12,51.658329
2025-08-13,51.953747
2025-08-14,52.199921
2025-08-15,51.658329
2025-08-18,51.697716
2025-08-19,51.796188
2025-08-20,52.062061
2025-08-21,51.894661
2025-08-22,52.751369
2025-08-25,52.446102
2025-08-26,52.849838
2025-08-27,52.958153
2025-08-28,53.027084
2025-08-29,53.164951
2025-09-02,52.771065
2025-09-03,52.682438
2025-09-04,53.233879
2025-09-05,52.259010
2025-09-08,52.298393
2025-09-09,52.524883
2025-09-10,52.347633
2025-09-11,53.204338
2025-09-12,52.977848
2025-09-15,52.859688
2025-09-16,52.741520
2025-09-17,53.253574
2025-09-18,53.302814
2025-09-19,53.420975
2025-09-22,53.349842
2025-09-23,53.112732
2025-09-24,52.964542
2025-09-25,52.826225
2025-09-26,53.211529
2025-09-29,53.478279
2025-09-30,53.221409
2025-10-01,52.747189
2025-10-02,52.707668
2025-10-03,53.073215
2025-10-06,53.053455
2025-10-07,53.122616
2025-10-08,52.865742
2025-10-09,52.678032
2025-10-10,51.531998
2025-10-13,52.025974
2025-10-14,52.598991
2025-10-15,52.598991
2025-10-16,51.136810
2025-10-17,51.551754
2025-10-20,52.154411
2025-10-21,52.095135
2025-10-22,51.798748
2025-10-23,51.907425
2025-10-24,52.470558
2025-10-27,52.687908
2025-10-28,52.352005
2025-10-29,51.462837
2025-10-30,51.601154
2025-10-31,51.739464
2025-11-03,51.522118
2025-11-04,51.788864
2025-11-05,51.966698
2025-11-06,51.778988
2025-11-07,52.144531
2025-11-10,52.332245
2025-11-11,52.569355
2025-11-12,53.023815
2025-11-13,52.342125
2025-11-14,51.818508
2025-11-17,50.830547
2025-11-18,50.751507
2025-11-19,50.939220
2025-11-20,50.494640
2025-11-21,51.047897
2025-11-24,51.265244
2025-11-25,51.907425
2025-11-26,52.312485
2025-11-28,52.687908
2025-12-01,52.253204
2025-12-02,52.203812
2025-12-03,52.905262
2025-12-04,53.013935
2025-12-05,53.033695
2025-12-08,52.836102
2025-12-09,52.638512
2025-12-10,53.241169
2025-12-11,54.209366
2025-12-12,54.288410
2025-12-15,54.327923
2025-12-16,53.982136
2025-12-17,53.972260
2025-12-18,53.883343
2025-12-19,54.179729
2025-12-22,54.844971
2025-12-23,54.954025
2025-12-24,55.251450
2025-12-26,55.142391
2025-12-29,54.844971
2025-12-30,54.706169
2025-12-31,54.299690
2026-01-02,54.458317
2026-01-05,55.648014
2026-01-06,55.915699
2026-01-07,55.132481
2026-01-08,55.419991
2026-01-09,55.251450
2026-01-12,54.815228
2026-01-13,53.764328
2026-01-14,53.685017
2026-01-15,53.903126
2026-01-16,53.972523
2026-01-20,52.743176
2026-01-21,53.000938
2026-01-22,53.347935
2026-01-23,52.614288
2026-01-26,52.951370
2026-01-27,52.544891
2026-01-28,52.534977
2026-01-29,53.090168
2026-01-30,52.981110
2026-02-02,53.566044
2026-02-03,53.070335
2026-02-04,53.496647
2026-02-05,52.832401
2026-02-06,53.794071
2026-02-09,53.476818
2026-02-10,53.090168
2026-02-11,52.287125
2026-02-12,51.246140
2026-02-13,51.206486
2026-02-17,51.751759
2026-02-18,52.138412
2026-02-19,51.702190
2026-02-20,52.039272
2026-02-23,50.294380
2026-02-24,50.542236
2026-02-25,51.424595
2026-02-26,52.049183
2026-02-27,50.988373
2026-03-02,50.859489
2026-03-03,50.770264
2026-03-04,51.057770
2026-03-05,50.790089
2026-03-06,50.135757
2026-03-09,49.897820
2026-03-10,49.630135
2026-03-11,49.213741
2026-03-12,48.410698
2026-03-13,48.470184
2026-03-16,48.876659
2026-03-17,49.134434
2026-03-18,48.549500
2026-03-19,48.569328
2026-03-20,48.658554
2026-03-23,49.098011
2026-03-24,49.107975
2026-03-25,49.167767
2026-03-26,48.878777
2026-03-27,47.643108
2026-03-30,48.191189
2026-03-31,49.197662
2026-04-01,49.267418
2026-04-02,49.357101
2026-04-06,49.705883
2026-04-07,49.705883
2026-04-08,51.021275
2026-04-09,51.150822
2026-04-10,50.592773
2026-04-13,51.479668
2026-04-14,51.599247
2026-04-15,51.987885
2026-04-16,51.848373
2026-04-17,52.246979
2026-04-20,52.446281
2026-04-21,52.117432
2026-04-22,52.027748
2026-04-23,51.619179
2026-04-24,51.240505
2026-04-27,51.629147
2026-04-28,51.669003
2026-04-29,51.738758
2026-04-30,51.948029
2026-05-01,51.738758
2026-05-04,51.399948
2026-05-05,51.409912
2026-05-06,51.659039
2026-05-07,51.370052
2026-05-08,51.061134
2026-05-11,51.001343
2026-05-12,51.399948
2026-05-13,50.812008
2026-05-14,51.110962
2026-05-15,50.921623
2026-05-18,51.559391
2026-05-19,50.921623
2026-05-20,51.479668
2026-05-21,51.549423
2026-05-22,51.758690
2026-05-26,51.669003
2026-05-27,51.240505
2026-05-28,51.091030
2026-05-29,51.399948
2026-06-01,51.250473
2026-06-02,51.280365
2026-06-03,50.692425
2026-06-04,52.007816
2026-06-05,52.117432
2026-06-08,51.788586
2026-06-09,52.276875
2026-06-10,52.047676
2026-06-11,52.436317
2026-06-12,53.153805
2026-06-15,53.373035
2026-06-16,54.160278
2026-06-17,53.861324
2026-06-18,53.382999
2026-06-22,53.700001
2026-06-23,53.880001
2026-06-24,53.720001
2026-06-25,53.450001
2026-06-26,53.570000
2026-06-29,53.720001
2026-06-30,53.610001
2026-07-01,54.779999
2026-07-02,55.619999
2026-07-06,56.139999
2026-07-07,56.049999
2026-07-08,54.970001
2026-07-09,55.540001
2026-07-10,55.709999
2026-07-13,56.070000
2026-07-14,56.180000
2026-07-15,56.560001
2026-07-16,56.750000
2026-07-17,56.259998
2026-07-20,56.005001
2026-07-21,56.110001
2026-07-22,56.049999
2026-07-23,55.830002
2026-07-24,56.310001
2026-07-27,56.880001
2026-07-28,57.599998
2026-07-29,56.680000
2026-07-30,57.000000
2026-07-31,56.939999
2026-08-03,57.380001
2026-08-04,57.880001
2026-08-05,58.000000
2026-08-06,57.810001
2026-08-07,57.599998
2026-08-10,57.810001
2026-08-11,57.799999
2026-08-12,57.919998
2026-08-13,58.259998
2026-08-14,58.160000
2026-08-17,57.580002
2026-08-18,57.840000
2026-08-19,57.480000
2026-08-20,56.950001
2026-08-21,57.480000
2026-08-24,58.220001
2026-08-25,58.310001
2026-08-26,58.259998
2026-08-27,58.025002
2026-08-28,58.064999
2026-08-31,57.709999
2026-09-01,57.200001
2026-09-02,57.660000
2026-09-03,58.560001
2026-09-04,58.099998
