date,value
2003-01-02,2.430000
2003-01-03,2.430000
2003-01-06,2.460000
2003-01-07,2.420000
2003-01-08,2.290000
2003-01-09,2.410000
2003-01-10,2.410000
2003-01-13,2.380000
2003-01-14,2.340000
2003-01-15,2.300000
2003-01-16,2.310000
2003-01-17,2.250000
2003-01-21,2.230000
2003-01-22,2.230000
2003-01-23,2.200000
2003-01-24,2.140000
2003-01-27,2.160000
2003-01-28,2.190000
2003-01-29,2.210000
2003-01-30,2.200000
2003-01-31,2.190000
2003-02-03,2.200000
2003-02-04,2.120000
2003-02-05,2.120000
2003-02-06,2.090000
2003-02-07,2.070000
2003-02-10,2.060000
2003-02-11,2.050000
2003-02-12,2.040000
2003-02-13,2.010000
2003-02-14,2.030000
2003-02-18,2.050000
2003-02-19,1.990000
2003-02-20,1.910000
2003-02-21,1.930000
2003-02-24,1.870000
2003-02-25,1.840000
2003-02-26,1.840000
2003-02-27,1.820000
2003-02-28,1.770000
2003-03-03,1.770000
2003-03-04,1.770000
2003-03-05,1.750000
2003-03-06,1.740000
2003-03-07,1.720000
2003-03-10,1.690000
2003-03-11,1.680000
2003-03-12,1.680000
2003-03-13,1.730000
2003-03-14,1.890000
2003-03-17,1.970000
2003-03-18,2.080000
2003-03-19,2.150000
2003-03-20,2.200000
2003-03-21,2.290000
2003-03-24,2.180000
2003-03-25,2.170000
2003-03-26,2.150000
2003-03-27,2.100000
2003-03-28,2.090000
2003-03-31,2.030000
2003-04-01,2.020000
2003-04-02,2.110000
2003-04-03,2.120000
2003-04-04,2.160000
2003-04-07,2.210000
2003-04-08,2.180000
2003-04-09,2.130000
2003-04-10,2.160000
2003-04-11,2.230000
2003-04-14,2.220000
2003-04-15,2.180000
2003-04-16,2.200000
2003-04-17,2.220000
2003-04-21,2.250000
2003-04-22,2.270000
2003-04-23,2.260000
2003-04-24,2.220000
2003-04-25,2.180000
2003-04-28,2.160000
2003-04-29,2.220000
2003-04-30,2.160000
2003-05-01,2.130000
2003-05-02,2.190000
2003-05-05,2.190000
2003-05-06,2.170000
2003-05-07,2.020000
2003-05-08,2.000000
2003-05-09,2.000000
2003-05-12,1.960000
2003-05-13,1.940000
2003-05-14,1.870000
2003-05-15,1.860000
2003-05-16,1.840000
2003-05-19,1.850000
2003-05-20,1.730000
2003-05-21,1.730000
2003-05-22,1.710000
2003-05-23,1.720000
2003-05-27,1.800000
2003-05-28,1.830000
2003-05-29,1.760000
2003-05-30,1.770000
2003-06-02,1.830000
2003-06-03,1.760000
2003-06-04,1.730000
2003-06-05,1.750000
2003-06-06,1.760000
2003-06-09,1.680000
2003-06-10,1.610000
2003-06-11,1.620000
2003-06-12,1.570000
2003-06-13,1.510000
2003-06-16,1.590000
2003-06-17,1.700000
2003-06-18,1.790000
2003-06-19,1.740000
2003-06-20,1.770000
2003-06-23,1.710000
2003-06-24,1.680000
2003-06-25,1.710000
2003-06-26,1.850000
2003-06-27,1.900000
2003-06-30,1.900000
2003-07-01,1.920000
2003-07-02,1.960000
2003-07-03,2.090000
2003-07-07,2.140000
2003-07-08,2.120000
2003-07-09,2.000000
2003-07-10,1.940000
2003-07-11,1.880000
2003-07-14,1.920000
2003-07-15,2.060000
2003-07-16,2.080000
2003-07-17,2.050000
2003-07-18,2.040000
2003-07-21,2.210000
2003-07-22,2.190000
2003-07-23,2.110000
2003-07-24,2.180000
2003-07-25,2.140000
2003-07-28,2.270000
2003-07-29,2.380000
2003-07-30,2.320000
2003-07-31,2.410000
2003-08-01,2.400000
2003-08-04,2.340000
2003-08-05,2.430000
2003-08-06,2.340000
2003-08-07,2.290000
2003-08-08,2.270000
2003-08-11,2.310000
2003-08-12,2.290000
2003-08-13,2.410000
2003-08-14,2.380000
2003-08-15,2.360000
2003-08-18,2.330000
2003-08-19,2.240000
2003-08-20,2.260000
2003-08-21,2.290000
2003-08-22,2.260000
2003-08-25,2.310000
2003-08-26,2.280000
2003-08-27,2.360000
2003-08-28,2.290000
2003-08-29,2.290000
2003-09-02,2.430000
2003-09-03,2.400000
2003-09-04,2.320000
2003-09-05,2.170000
2003-09-08,2.240000
2003-09-09,2.210000
2003-09-10,2.180000
2003-09-11,2.220000
2003-09-12,2.180000
2003-09-15,2.180000
2003-09-16,2.260000
2003-09-17,2.200000
2003-09-18,2.180000
2003-09-19,2.170000
2003-09-22,2.210000
2003-09-23,2.190000
2003-09-24,2.130000
2003-09-25,2.070000
2003-09-26,1.990000
2003-09-29,2.030000
2003-09-30,1.950000
2003-10-01,1.960000
2003-10-02,2.010000
2003-10-03,2.160000
2003-10-06,2.110000
2003-10-07,2.170000
2003-10-08,2.180000
2003-10-09,2.200000
2003-10-10,2.140000
2003-10-14,2.180000
2003-10-15,2.200000
2003-10-16,2.210000
2003-10-17,2.140000
2003-10-20,2.130000
2003-10-21,2.120000
2003-10-22,2.070000
2003-10-23,2.030000
2003-10-24,1.920000
2003-10-27,1.960000
2003-10-28,1.910000
2003-10-29,1.980000
2003-10-30,1.970000
2003-10-31,1.930000
2003-11-03,1.970000
2003-11-04,1.930000
2003-11-05,2.020000
2003-11-06,2.080000
2003-11-07,2.100000
2003-11-10,2.090000
2003-11-12,2.040000
2003-11-13,1.940000
2003-11-14,1.870000
2003-11-17,1.820000
2003-11-18,1.830000
2003-11-19,1.910000
2003-11-20,1.920000
2003-11-21,1.930000
2003-11-24,1.990000
2003-11-25,1.920000
2003-11-26,1.960000
2003-11-28,2.030000
2003-12-01,2.080000
2003-12-02,2.050000
2003-12-03,2.080000
2003-12-04,2.040000
2003-12-05,1.920000
2003-12-08,1.960000
2003-12-09,2.000000
2003-12-10,1.970000
2003-12-11,1.900000
2003-12-12,1.910000
2003-12-15,1.980000
2003-12-16,1.990000
2003-12-17,1.960000
2003-12-18,1.940000
2003-12-19,1.950000
2003-12-22,1.980000
2003-12-23,2.030000
2003-12-24,1.960000
2003-12-26,1.940000
2003-12-29,1.990000
2003-12-30,2.010000
2003-12-31,2.000000
2004-01-02,2.060000
2004-01-05,2.060000
2004-01-06,1.970000
2004-01-07,1.940000
2004-01-08,1.990000
2004-01-09,1.890000
2004-01-12,1.890000
2004-01-13,1.830000
2004-01-14,1.850000
2004-01-15,1.820000
2004-01-16,1.830000
2004-01-20,1.840000
2004-01-21,1.790000
2004-01-22,1.760000
2004-01-23,1.820000
2004-01-26,1.890000
2004-01-27,1.840000
2004-01-28,1.920000
2004-01-29,1.910000
2004-01-30,1.850000
2004-02-02,1.840000
2004-02-03,1.810000
2004-02-04,1.820000
2004-02-05,1.850000
2004-02-06,1.790000
2004-02-09,1.760000
2004-02-10,1.790000
2004-02-11,1.750000
2004-02-12,1.770000
2004-02-13,1.740000
2004-02-17,1.750000
2004-02-18,1.750000
2004-02-19,1.760000
2004-02-20,1.790000
2004-02-23,1.760000
2004-02-24,1.740000
2004-02-25,1.710000
2004-02-26,1.690000
2004-02-27,1.610000
2004-03-01,1.550000
2004-03-02,1.580000
2004-03-03,1.590000
2004-03-04,1.600000
2004-03-05,1.460000
2004-03-08,1.430000
2004-03-09,1.400000
2004-03-10,1.450000
2004-03-11,1.500000
2004-03-12,1.520000
2004-03-15,1.470000
2004-03-16,1.400000
2004-03-17,1.360000
2004-03-18,1.370000
2004-03-19,1.440000
2004-03-22,1.420000
2004-03-23,1.410000
2004-03-24,1.380000
2004-03-25,1.400000
2004-03-26,1.470000
2004-03-29,1.500000
2004-03-30,1.520000
2004-03-31,1.480000
2004-04-01,1.480000
2004-04-02,1.690000
2004-04-05,1.750000
2004-04-06,1.730000
2004-04-07,1.820000
2004-04-08,1.800000
2004-04-12,1.810000
2004-04-13,1.880000
2004-04-14,1.910000
2004-04-15,1.930000
2004-04-16,1.870000
2004-04-19,1.870000
2004-04-20,1.970000
2004-04-21,1.960000
2004-04-22,1.980000
2004-04-23,2.120000
2004-04-26,2.030000
2004-04-27,2.000000
2004-04-28,2.100000
2004-04-29,2.150000
2004-04-30,2.110000
2004-05-03,2.090000
2004-05-04,2.100000
2004-05-05,2.100000
2004-05-06,2.150000
2004-05-07,2.240000
2004-05-10,2.250000
2004-05-11,2.210000
2004-05-12,2.170000
2004-05-13,2.180000
2004-05-14,2.160000
2004-05-17,2.070000
2004-05-18,2.050000
2004-05-19,2.030000
2004-05-20,1.960000
2004-05-21,2.040000
2004-05-24,2.010000
2004-05-25,2.030000
2004-05-26,1.990000
2004-05-27,1.970000
2004-05-28,2.000000
2004-06-01,1.970000
2004-06-02,2.040000
2004-06-03,2.050000
2004-06-04,2.110000
2004-06-07,2.110000
2004-06-08,2.150000
2004-06-09,2.200000
2004-06-10,2.180000
2004-06-14,2.260000
2004-06-15,2.160000
2004-06-16,2.180000
2004-06-17,2.160000
2004-06-18,2.150000
2004-06-21,2.160000
2004-06-22,2.170000
2004-06-23,2.180000
2004-06-24,2.150000
2004-06-25,2.160000
2004-06-28,2.230000
2004-06-29,2.200000
2004-06-30,2.100000
2004-07-01,2.040000
2004-07-02,1.960000
2004-07-06,1.970000
2004-07-07,2.000000
2004-07-08,2.020000
2004-07-09,2.020000
2004-07-12,2.020000
2004-07-13,2.030000
2004-07-14,2.020000
2004-07-15,2.010000
2004-07-16,1.940000
2004-07-19,1.960000
2004-07-20,2.050000
2004-07-21,2.050000
2004-07-22,2.030000
2004-07-23,2.000000
2004-07-26,2.050000
2004-07-27,2.150000
2004-07-28,2.110000
2004-07-29,2.070000
2004-07-30,2.010000
2004-08-02,2.000000
2004-08-03,1.980000
2004-08-04,2.000000
2004-08-05,1.960000
2004-08-06,1.820000
2004-08-09,1.850000
2004-08-10,1.900000
2004-08-11,1.860000
2004-08-12,1.810000
2004-08-13,1.770000
2004-08-16,1.820000
2004-08-17,1.820000
2004-08-18,1.830000
2004-08-19,1.760000
2004-08-20,1.790000
2004-08-23,1.860000
2004-08-24,1.870000
2004-08-25,1.880000
2004-08-26,1.860000
2004-08-27,1.860000
2004-08-30,1.830000
2004-08-31,1.780000
2004-09-01,1.770000
2004-09-02,1.830000
2004-09-03,1.880000
2004-09-07,1.860000
2004-09-08,1.820000
2004-09-09,1.830000
2004-09-10,1.830000
2004-09-13,1.810000
2004-09-14,1.810000
2004-09-15,1.860000
2004-09-16,1.810000
2004-09-17,1.850000
2004-09-20,1.800000
2004-09-21,1.800000
2004-09-22,1.730000
2004-09-23,1.760000
2004-09-24,1.780000
2004-09-27,1.720000
2004-09-28,1.700000
2004-09-29,1.760000
2004-09-30,1.770000
2004-10-01,1.830000
2004-10-04,1.860000
2004-10-05,1.840000
2004-10-06,1.900000
2004-10-07,1.890000
2004-10-08,1.780000
2004-10-12,1.750000
2004-10-13,1.720000
2004-10-14,1.680000
2004-10-15,1.700000
2004-10-18,1.710000
2004-10-19,1.700000
2004-10-20,1.660000
2004-10-21,1.620000
2004-10-22,1.640000
2004-10-25,1.630000
2004-10-26,1.630000
2004-10-27,1.730000
2004-10-28,1.680000
2004-10-29,1.630000
2004-11-01,1.670000
2004-11-02,1.610000
2004-11-03,1.610000
2004-11-04,1.650000
2004-11-05,1.710000
2004-11-08,1.720000
2004-11-09,1.740000
2004-11-10,1.750000
2004-11-12,1.710000
2004-11-15,1.670000
2004-11-16,1.680000
2004-11-17,1.630000
2004-11-18,1.640000
2004-11-19,1.670000
2004-11-22,1.620000
2004-11-23,1.650000
2004-11-24,1.640000
2004-11-26,1.660000
2004-11-29,1.740000
2004-11-30,1.750000
2004-12-01,1.790000
2004-12-02,1.830000
2004-12-03,1.730000
2004-12-06,1.700000
2004-12-07,1.690000
2004-12-08,1.620000
2004-12-09,1.640000
2004-12-10,1.660000
2004-12-13,1.650000
2004-12-14,1.620000
2004-12-15,1.570000
2004-12-16,1.640000
2004-12-17,1.640000
2004-12-20,1.620000
2004-12-21,1.590000
2004-12-22,1.630000
2004-12-23,1.620000
2004-12-27,1.670000
2004-12-28,1.690000
2004-12-29,1.730000
2004-12-30,1.700000
2004-12-31,1.680000
2005-01-03,1.700000
2005-01-04,1.780000
2005-01-05,1.790000
2005-01-06,1.760000
2005-01-07,1.800000
2005-01-10,1.770000
2005-01-11,1.760000
2005-01-12,1.730000
2005-01-13,1.700000
2005-01-14,1.720000
2005-01-18,1.710000
2005-01-19,1.700000
2005-01-20,1.700000
2005-01-21,1.690000
2005-01-24,1.680000
2005-01-25,1.740000
2005-01-26,1.720000
2005-01-27,1.720000
2005-01-28,1.650000
2005-01-31,1.650000
2005-02-01,1.670000
2005-02-02,1.700000
2005-02-03,1.730000
2005-02-04,1.650000
2005-02-07,1.620000
2005-02-08,1.570000
2005-02-09,1.490000
2005-02-10,1.570000
2005-02-11,1.570000
2005-02-14,1.540000
2005-02-15,1.610000
2005-02-16,1.650000
2005-02-17,1.650000
2005-02-18,1.670000
2005-02-22,1.670000
2005-02-23,1.640000
2005-02-24,1.650000
2005-02-25,1.640000
2005-02-28,1.700000
2005-03-01,1.690000
2005-03-02,1.690000
2005-03-03,1.690000
2005-03-04,1.650000
2005-03-07,1.630000
2005-03-08,1.670000
2005-03-09,1.770000
2005-03-10,1.760000
2005-03-11,1.820000
2005-03-14,1.820000
2005-03-15,1.820000
2005-03-16,1.790000
2005-03-17,1.730000
2005-03-18,1.770000
2005-03-21,1.800000
2005-03-22,1.870000
2005-03-23,1.920000
2005-03-24,1.900000
2005-03-28,1.940000
2005-03-29,1.910000
2005-03-30,1.890000
2005-03-31,1.790000
2005-04-01,1.770000
2005-04-04,1.790000
2005-04-05,1.810000
2005-04-06,1.800000
2005-04-07,1.850000
2005-04-08,1.840000
2005-04-11,1.820000
2005-04-12,1.730000
2005-04-13,1.740000
2005-04-14,1.720000
2005-04-15,1.670000
2005-04-18,1.660000
2005-04-19,1.620000
2005-04-20,1.600000
2005-04-21,1.660000
2005-04-22,1.610000
2005-04-25,1.630000
2005-04-26,1.660000
2005-04-27,1.650000
2005-04-28,1.580000
2005-04-29,1.610000
2005-05-02,1.610000
2005-05-03,1.640000
2005-05-04,1.630000
2005-05-05,1.620000
2005-05-06,1.690000
2005-05-09,1.690000
2005-05-10,1.650000
2005-05-11,1.640000
2005-05-12,1.660000
2005-05-13,1.660000
2005-05-16,1.660000
2005-05-17,1.640000
2005-05-18,1.650000
2005-05-19,1.690000
2005-05-20,1.670000
2005-05-23,1.650000
2005-05-24,1.620000
2005-05-25,1.660000
2005-05-26,1.690000
2005-05-27,1.670000
2005-05-31,1.630000
2005-06-01,1.540000
2005-06-02,1.550000
2005-06-03,1.610000
2005-06-06,1.600000
2005-06-07,1.600000
2005-06-08,1.630000
2005-06-09,1.640000
2005-06-10,1.740000
2005-06-13,1.760000
2005-06-14,1.790000
2005-06-15,1.790000
2005-06-16,1.750000
2005-06-17,1.720000
2005-06-20,1.740000
2005-06-21,1.720000
2005-06-22,1.680000
2005-06-23,1.680000
2005-06-24,1.650000
2005-06-27,1.620000
2005-06-28,1.670000
2005-06-29,1.690000
2005-06-30,1.670000
2005-07-01,1.750000
2005-07-05,1.800000
2005-07-06,1.780000
2005-07-07,1.770000
2005-07-08,1.830000
2005-07-11,1.810000
2005-07-12,1.830000
2005-07-13,1.870000
2005-07-14,1.940000
2005-07-15,1.950000
2005-07-18,1.980000
2005-07-19,1.920000
2005-07-20,1.900000
2005-07-21,1.950000
2005-07-22,1.890000
2005-07-25,1.940000
2005-07-26,1.920000
2005-07-27,1.920000
2005-07-28,1.860000
2005-07-29,1.920000
2005-08-01,1.950000
2005-08-02,1.990000
2005-08-03,1.930000
2005-08-04,1.940000
2005-08-05,2.000000
2005-08-08,2.020000
2005-08-09,2.020000
2005-08-10,2.010000
2005-08-11,1.970000
2005-08-12,1.910000
2005-08-15,1.920000
2005-08-16,1.870000
2005-08-17,1.910000
2005-08-18,1.860000
2005-08-19,1.850000
2005-08-22,1.860000
2005-08-23,1.850000
2005-08-24,1.830000
2005-08-25,1.800000
2005-08-26,1.810000
2005-08-29,1.790000
2005-08-30,1.710000
2005-08-31,1.650000
2005-09-01,1.610000
2005-09-02,1.590000
2005-09-06,1.650000
2005-09-07,1.690000
2005-09-08,1.680000
2005-09-09,1.640000
2005-09-12,1.690000
2005-09-13,1.670000
2005-09-14,1.680000
2005-09-15,1.710000
2005-09-16,1.730000
2005-09-19,1.700000
2005-09-20,1.740000
2005-09-21,1.680000
2005-09-22,1.670000
2005-09-23,1.740000
2005-09-26,1.780000
2005-09-27,1.770000
2005-09-28,1.730000
2005-09-29,1.750000
2005-09-30,1.780000
2005-10-03,1.840000
2005-10-04,1.870000
2005-10-05,1.860000
2005-10-06,1.910000
2005-10-07,1.900000
2005-10-11,1.920000
2005-10-12,1.960000
2005-10-13,1.960000
2005-10-14,1.980000
2005-10-17,1.940000
2005-10-18,1.920000
2005-10-19,1.920000
2005-10-20,1.920000
2005-10-21,1.890000
2005-10-24,1.930000
2005-10-25,2.050000
2005-10-26,2.060000
2005-10-27,2.010000
2005-10-28,2.010000
2005-10-31,2.000000
2005-11-01,2.000000
2005-11-02,2.020000
2005-11-03,2.030000
2005-11-04,2.060000
2005-11-07,2.030000
2005-11-08,2.010000
2005-11-09,2.080000
2005-11-10,2.070000
2005-11-14,2.140000
2005-11-15,2.120000
2005-11-16,2.070000
2005-11-17,2.040000
2005-11-18,2.090000
2005-11-21,2.080000
2005-11-22,2.030000
2005-11-23,2.080000
2005-11-25,2.050000
2005-11-28,2.040000
2005-11-29,2.110000
2005-11-30,2.120000
2005-12-01,2.150000
2005-12-02,2.160000
2005-12-05,2.170000
2005-12-06,2.120000
2005-12-07,2.180000
2005-12-08,2.140000
2005-12-09,2.180000
2005-12-12,2.170000
2005-12-13,2.160000
2005-12-14,2.100000
2005-12-15,2.120000
2005-12-16,2.110000
2005-12-19,2.110000
2005-12-20,2.120000
2005-12-21,2.140000
2005-12-22,2.110000
2005-12-23,2.070000
2005-12-27,2.050000
2005-12-28,2.100000
2005-12-29,2.070000
2005-12-30,2.060000
2006-01-03,2.030000
2006-01-04,2.010000
2006-01-05,2.040000
2006-01-06,2.050000
2006-01-09,2.050000
2006-01-10,2.060000
2006-01-11,2.070000
2006-01-12,2.010000
2006-01-13,1.970000
2006-01-17,1.950000
2006-01-18,1.970000
2006-01-19,1.970000
2006-01-20,1.940000
2006-01-23,1.940000
2006-01-24,1.970000
2006-01-25,2.030000
2006-01-26,2.010000
2006-01-27,2.020000
2006-01-30,2.030000
2006-01-31,2.000000
2006-02-01,2.020000
2006-02-02,2.040000
2006-02-03,2.000000
2006-02-06,2.000000
2006-02-07,2.020000
2006-02-08,2.070000
2006-02-09,2.050000
2006-02-10,2.090000
2006-02-13,2.080000
2006-02-14,2.140000
2006-02-15,2.130000
2006-02-16,2.100000
2006-02-17,2.030000
2006-02-21,2.040000
2006-02-22,2.010000
2006-02-23,2.030000
2006-02-24,2.020000
2006-02-27,2.040000
2006-02-28,2.020000
2006-03-01,2.020000
2006-03-02,2.050000
2006-03-03,2.070000
2006-03-06,2.140000
2006-03-07,2.160000
2006-03-08,2.200000
2006-03-09,2.200000
2006-03-10,2.230000
2006-03-13,2.240000
2006-03-14,2.170000
2006-03-15,2.180000
2006-03-16,2.120000
2006-03-17,2.160000
2006-03-20,2.150000
2006-03-21,2.230000
2006-03-22,2.230000
2006-03-23,2.240000
2006-03-24,2.200000
2006-03-27,2.230000
2006-03-28,2.300000
2006-03-29,2.320000
2006-03-30,2.350000
2006-03-31,2.350000
2006-04-03,2.360000
2006-04-04,2.380000
2006-04-05,2.340000
2006-04-06,2.380000
2006-04-07,2.430000
2006-04-10,2.410000
2006-04-11,2.370000
2006-04-12,2.410000
2006-04-13,2.480000
2006-04-17,2.430000
2006-04-18,2.380000
2006-04-19,2.380000
2006-04-20,2.420000
2006-04-21,2.390000
2006-04-24,2.390000
2006-04-25,2.470000
2006-04-26,2.510000
2006-04-27,2.450000
2006-04-28,2.390000
2006-05-01,2.420000
2006-05-02,2.430000
2006-05-03,2.470000
2006-05-04,2.490000
2006-05-05,2.450000
2006-05-08,2.450000
2006-05-09,2.430000
2006-05-10,2.430000
2006-05-11,2.430000
2006-05-12,2.470000
2006-05-15,2.470000
2006-05-16,2.440000
2006-05-17,2.470000
2006-05-18,2.410000
2006-05-19,2.430000
2006-05-22,2.430000
2006-05-23,2.440000
2006-05-24,2.420000
2006-05-25,2.460000
2006-05-26,2.440000
2006-05-30,2.450000
2006-05-31,2.480000
2006-06-01,2.460000
2006-06-02,2.370000
2006-06-05,2.400000
2006-06-06,2.440000
2006-06-07,2.480000
2006-06-08,2.470000
2006-06-09,2.450000
2006-06-12,2.450000
2006-06-13,2.440000
2006-06-14,2.500000
2006-06-15,2.520000
2006-06-16,2.540000
2006-06-19,2.580000
2006-06-20,2.580000
2006-06-21,2.590000
2006-06-22,2.610000
2006-06-23,2.640000
2006-06-26,2.670000
2006-06-27,2.630000
2006-06-28,2.680000
2006-06-29,2.610000
2006-06-30,2.540000
2006-07-03,2.560000
2006-07-05,2.630000
2006-07-06,2.590000
2006-07-07,2.550000
2006-07-10,2.560000
2006-07-11,2.530000
2006-07-12,2.540000
2006-07-13,2.510000
2006-07-14,2.500000
2006-07-17,2.490000
2006-07-18,2.550000
2006-07-19,2.490000
2006-07-20,2.450000
2006-07-21,2.490000
2006-07-24,2.490000
2006-07-25,2.480000
2006-07-26,2.440000
2006-07-27,2.470000
2006-07-28,2.410000
2006-07-31,2.410000
2006-08-01,2.400000
2006-08-02,2.360000
2006-08-03,2.350000
2006-08-04,2.300000
2006-08-07,2.290000
2006-08-08,2.270000
2006-08-09,2.280000
2006-08-10,2.300000
2006-08-11,2.330000
2006-08-14,2.360000
2006-08-15,2.320000
2006-08-16,2.280000
2006-08-17,2.280000
2006-08-18,2.260000
2006-08-21,2.230000
2006-08-22,2.220000
2006-08-23,2.250000
2006-08-24,2.280000
2006-08-25,2.240000
2006-08-28,2.280000
2006-08-29,2.290000
2006-08-30,2.280000
2006-08-31,2.240000
2006-09-01,2.250000
2006-09-05,2.310000
2006-09-06,2.320000
2006-09-07,2.340000
2006-09-08,2.350000
2006-09-11,2.380000
2006-09-12,2.360000
2006-09-13,2.350000
2006-09-14,2.350000
2006-09-15,2.380000
2006-09-18,2.390000
2006-09-19,2.350000
2006-09-20,2.390000
2006-09-21,2.310000
2006-09-22,2.270000
2006-09-25,2.240000
2006-09-26,2.250000
2006-09-27,2.260000
2006-09-28,2.270000
2006-09-29,2.270000
2006-10-02,2.270000
2006-10-03,2.290000
2006-10-04,2.270000
2006-10-05,2.310000
2006-10-06,2.370000
2006-10-10,2.420000
2006-10-11,2.450000
2006-10-12,2.440000
2006-10-13,2.470000
2006-10-16,2.450000
2006-10-17,2.460000
2006-10-18,2.460000
2006-10-19,2.490000
2006-10-20,2.490000
2006-10-23,2.530000
2006-10-24,2.520000
2006-10-25,2.440000
2006-10-26,2.410000
2006-10-27,2.370000
2006-10-30,2.390000
2006-10-31,2.340000
2006-11-01,2.290000
2006-11-02,2.320000
2006-11-03,2.400000
2006-11-06,2.360000
2006-11-07,2.320000
2006-11-08,2.290000
2006-11-09,2.280000
2006-11-10,2.250000
2006-11-13,2.290000
2006-11-14,2.280000
2006-11-15,2.300000
2006-11-16,2.380000
2006-11-17,2.330000
2006-11-20,2.330000
2006-11-21,2.310000
2006-11-22,2.300000
2006-11-24,2.270000
2006-11-27,2.240000
2006-11-28,2.210000
2006-11-29,2.220000
2006-11-30,2.160000
2006-12-01,2.100000
2006-12-04,2.110000
2006-12-05,2.110000
2006-12-06,2.140000
2006-12-07,2.150000
2006-12-08,2.210000
2006-12-11,2.170000
2006-12-12,2.150000
2006-12-13,2.220000
2006-12-14,2.230000
2006-12-15,2.290000
2006-12-18,2.310000
2006-12-19,2.310000
2006-12-20,2.320000
2006-12-21,2.290000
2006-12-22,2.350000
2006-12-26,2.340000
2006-12-27,2.390000
2006-12-28,2.410000
2006-12-29,2.410000
2007-01-02,2.380000
2007-01-03,2.360000
2007-01-04,2.360000
2007-01-05,2.380000
2007-01-08,2.380000
2007-01-09,2.390000
2007-01-10,2.420000
2007-01-11,2.430000
2007-01-12,2.490000
2007-01-16,2.480000
2007-01-17,2.500000
2007-01-18,2.470000
2007-01-19,2.470000
2007-01-22,2.440000
2007-01-23,2.460000
2007-01-24,2.440000
2007-01-25,2.480000
2007-01-26,2.480000
2007-01-29,2.500000
2007-01-30,2.460000
2007-01-31,2.400000
2007-02-01,2.420000
2007-02-02,2.420000
2007-02-05,2.410000
2007-02-06,2.400000
2007-02-07,2.400000
2007-02-08,2.390000
2007-02-09,2.430000
2007-02-12,2.460000
2007-02-13,2.460000
2007-02-14,2.380000
2007-02-15,2.380000
2007-02-16,2.360000
2007-02-20,2.360000
2007-02-21,2.330000
2007-02-22,2.350000
2007-02-23,2.300000
2007-02-26,2.260000
2007-02-27,2.140000
2007-02-28,2.200000
2007-03-01,2.190000
2007-03-02,2.150000
2007-03-05,2.170000
2007-03-06,2.190000
2007-03-07,2.160000
2007-03-08,2.170000
2007-03-09,2.250000
2007-03-12,2.220000
2007-03-13,2.150000
2007-03-14,2.180000
2007-03-15,2.170000
2007-03-16,2.160000
2007-03-19,2.180000
2007-03-20,2.170000
2007-03-21,2.140000
2007-03-22,2.170000
2007-03-23,2.190000
2007-03-26,2.160000
2007-03-27,2.160000
2007-03-28,2.170000
2007-03-29,2.180000
2007-03-30,2.210000
2007-04-02,2.210000
2007-04-03,2.250000
2007-04-04,2.230000
2007-04-05,2.220000
2007-04-06,2.270000
2007-04-09,2.270000
2007-04-10,2.270000
2007-04-11,2.280000
2007-04-12,2.280000
2007-04-13,2.310000
2007-04-16,2.300000
2007-04-17,2.290000
2007-04-18,2.260000
2007-04-19,2.270000
2007-04-20,2.270000
2007-04-23,2.250000
2007-04-24,2.210000
2007-04-25,2.220000
2007-04-26,2.260000
2007-04-27,2.250000
2007-04-30,2.200000
2007-05-01,2.190000
2007-05-02,2.220000
2007-05-03,2.250000
2007-05-04,2.240000
2007-05-07,2.270000
2007-05-08,2.270000
2007-05-09,2.290000
2007-05-10,2.270000
2007-05-11,2.300000
2007-05-14,2.320000
2007-05-15,2.370000
2007-05-16,2.380000
2007-05-17,2.410000
2007-05-18,2.460000
2007-05-21,2.430000
2007-05-22,2.480000
2007-05-23,2.500000
2007-05-24,2.480000
2007-05-25,2.490000
2007-05-29,2.540000
2007-05-30,2.520000
2007-05-31,2.540000
2007-06-01,2.570000
2007-06-04,2.550000
2007-06-05,2.600000
2007-06-06,2.580000
2007-06-07,2.700000
2007-06-08,2.690000
2007-06-11,2.720000
2007-06-12,2.830000
2007-06-13,2.750000
2007-06-14,2.770000
2007-06-15,2.730000
2007-06-18,2.730000
2007-06-19,2.670000
2007-06-20,2.730000
2007-06-21,2.740000
2007-06-22,2.700000
2007-06-25,2.670000
2007-06-26,2.700000
2007-06-27,2.700000
2007-06-28,2.730000
2007-06-29,2.650000
2007-07-02,2.610000
2007-07-03,2.680000
2007-07-05,2.760000
2007-07-06,2.790000
2007-07-09,2.750000
2007-07-10,2.640000
2007-07-11,2.710000
2007-07-12,2.740000
2007-07-13,2.730000
2007-07-16,2.690000
2007-07-17,2.730000
2007-07-18,2.640000
2007-07-19,2.650000
2007-07-20,2.600000
2007-07-23,2.630000
2007-07-24,2.580000
2007-07-25,2.560000
2007-07-26,2.470000
2007-07-27,2.480000
2007-07-30,2.490000
2007-07-31,2.440000
2007-08-01,2.440000
2007-08-02,2.460000
2007-08-03,2.440000
2007-08-06,2.460000
2007-08-07,2.510000
2007-08-08,2.580000
2007-08-09,2.540000
2007-08-10,2.560000
2007-08-13,2.520000
2007-08-14,2.490000
2007-08-15,2.460000
2007-08-16,2.390000
2007-08-17,2.450000
2007-08-20,2.440000
2007-08-21,2.380000
2007-08-22,2.420000
2007-08-23,2.390000
2007-08-24,2.400000
2007-08-27,2.380000
2007-08-28,2.330000
2007-08-29,2.380000
2007-08-30,2.320000
2007-08-31,2.340000
2007-09-04,2.360000
2007-09-05,2.290000
2007-09-06,2.320000
2007-09-07,2.190000
2007-09-10,2.140000
2007-09-11,2.160000
2007-09-12,2.180000
2007-09-13,2.240000
2007-09-14,2.200000
2007-09-17,2.210000
2007-09-18,2.190000
2007-09-19,2.210000
2007-09-20,2.340000
2007-09-21,2.310000
2007-09-24,2.330000
2007-09-25,2.340000
2007-09-26,2.340000
2007-09-27,2.270000
2007-09-28,2.270000
2007-10-01,2.260000
2007-10-02,2.230000
2007-10-03,2.250000
2007-10-04,2.240000
2007-10-05,2.340000
2007-10-09,2.340000
2007-10-10,2.330000
2007-10-11,2.320000
2007-10-12,2.360000
2007-10-15,2.340000
2007-10-16,2.310000
2007-10-17,2.220000
2007-10-18,2.200000
2007-10-19,2.090000
2007-10-22,2.110000
2007-10-23,2.110000
2007-10-24,2.070000
2007-10-25,2.040000
2007-10-26,2.050000
2007-10-29,2.040000
2007-10-30,2.060000
2007-10-31,2.140000
2007-11-01,2.000000
2007-11-02,1.920000
2007-11-05,1.940000
2007-11-06,1.930000
2007-11-07,1.910000
2007-11-08,1.880000
2007-11-09,1.820000
2007-11-13,1.860000
2007-11-14,1.880000
2007-11-15,1.810000
2007-11-16,1.800000
2007-11-19,1.700000
2007-11-20,1.680000
2007-11-21,1.620000
2007-11-23,1.630000
2007-11-26,1.450000
2007-11-27,1.580000
2007-11-28,1.710000
2007-11-29,1.610000
2007-11-30,1.630000
2007-12-03,1.570000
2007-12-04,1.590000
2007-12-05,1.660000
2007-12-06,1.770000
2007-12-07,1.860000
2007-12-10,1.890000
2007-12-11,1.730000
2007-12-12,1.780000
2007-12-13,1.870000
2007-12-14,1.900000
2007-12-17,1.860000
2007-12-18,1.800000
2007-12-19,1.730000
2007-12-20,1.740000
2007-12-21,1.840000
2007-12-24,1.880000
2007-12-26,1.950000
2007-12-27,1.850000
2007-12-28,1.780000
2007-12-31,1.730000
2008-01-02,1.590000
2008-01-03,1.580000
2008-01-04,1.560000
2008-01-07,1.570000
2008-01-08,1.570000
2008-01-09,1.560000
2008-01-10,1.680000
2008-01-11,1.560000
2008-01-14,1.530000
2008-01-15,1.450000
2008-01-16,1.500000
2008-01-17,1.430000
2008-01-18,1.420000
2008-01-22,1.280000
2008-01-23,1.310000
2008-01-24,1.440000
2008-01-25,1.340000
2008-01-28,1.330000
2008-01-29,1.370000
2008-01-30,1.450000
2008-01-31,1.330000
2008-02-01,1.310000
2008-02-04,1.380000
2008-02-05,1.340000
2008-02-06,1.360000
2008-02-07,1.470000
2008-02-08,1.360000
2008-02-11,1.320000
2008-02-12,1.360000
2008-02-13,1.420000
2008-02-14,1.570000
2008-02-15,1.480000
2008-02-19,1.560000
2008-02-20,1.550000
2008-02-21,1.430000
2008-02-22,1.440000
2008-02-25,1.530000
2008-02-26,1.440000
2008-02-27,1.420000
2008-02-28,1.260000
2008-02-29,1.100000
2008-03-03,1.080000
2008-03-04,1.150000
2008-03-05,1.160000
2008-03-06,1.070000
2008-03-07,1.010000
2008-03-10,0.900000
2008-03-11,1.050000
2008-03-12,0.950000
2008-03-13,1.050000
2008-03-14,1.010000
2008-03-17,1.050000
2008-03-18,1.080000
2008-03-19,1.040000
2008-03-20,1.020000
2008-03-24,1.240000
2008-03-25,1.250000
2008-03-26,1.240000
2008-03-27,1.230000
2008-03-28,1.130000
2008-03-31,1.110000
2008-04-01,1.220000
2008-04-02,1.260000
2008-04-03,1.280000
2008-04-04,1.180000
2008-04-07,1.230000
2008-04-08,1.260000
2008-04-09,1.190000
2008-04-10,1.260000
2008-04-11,1.190000
2008-04-14,1.230000
2008-04-15,1.280000
2008-04-16,1.410000
2008-04-17,1.440000
2008-04-18,1.450000
2008-04-21,1.440000
2008-04-22,1.430000
2008-04-23,1.440000
2008-04-24,1.560000
2008-04-25,1.600000
2008-04-28,1.560000
2008-04-29,1.560000
2008-04-30,1.500000
2008-05-01,1.520000
2008-05-02,1.530000
2008-05-05,1.530000
2008-05-06,1.550000
2008-05-07,1.510000
2008-05-08,1.430000
2008-05-09,1.390000
2008-05-12,1.410000
2008-05-13,1.510000
2008-05-14,1.490000
2008-05-15,1.400000
2008-05-16,1.410000
2008-05-19,1.360000
2008-05-20,1.310000
2008-05-21,1.300000
2008-05-22,1.410000
2008-05-23,1.360000
2008-05-27,1.460000
2008-05-28,1.580000
2008-05-29,1.620000
2008-05-30,1.580000
2008-06-02,1.510000
2008-06-03,1.510000
2008-06-04,1.590000
2008-06-05,1.630000
2008-06-06,1.470000
2008-06-09,1.540000
2008-06-10,1.620000
2008-06-11,1.620000
2008-06-12,1.730000
2008-06-13,1.770000
2008-06-16,1.760000
2008-06-17,1.750000
2008-06-18,1.680000
2008-06-19,1.750000
2008-06-20,1.720000
2008-06-23,1.750000
2008-06-24,1.640000
2008-06-25,1.650000
2008-06-26,1.550000
2008-06-27,1.480000
2008-06-30,1.480000
2008-07-01,1.490000
2008-07-02,1.430000
2008-07-03,1.420000
2008-07-07,1.430000
2008-07-08,1.450000
2008-07-09,1.390000
2008-07-10,1.400000
2008-07-11,1.480000
2008-07-14,1.430000
2008-07-15,1.400000
2008-07-16,1.480000
2008-07-17,1.600000
2008-07-18,1.650000
2008-07-21,1.660000
2008-07-22,1.710000
2008-07-23,1.800000
2008-07-24,1.690000
2008-07-25,1.790000
2008-07-28,1.700000
2008-07-29,1.760000
2008-07-30,1.710000
2008-07-31,1.650000
2008-08-01,1.630000
2008-08-04,1.640000
2008-08-05,1.740000
2008-08-06,1.790000
2008-08-07,1.680000
2008-08-08,1.720000
2008-08-11,1.800000
2008-08-12,1.720000
2008-08-13,1.750000
2008-08-14,1.670000
2008-08-15,1.660000
2008-08-18,1.670000
2008-08-19,1.680000
2008-08-20,1.600000
2008-08-21,1.610000
2008-08-22,1.690000
2008-08-25,1.640000
2008-08-26,1.630000
2008-08-27,1.580000
2008-08-28,1.620000
2008-08-29,1.680000
2008-09-02,1.690000
2008-09-03,1.710000
2008-09-04,1.700000
2008-09-05,1.710000
2008-09-08,1.680000
2008-09-09,1.690000
2008-09-10,1.700000
2008-09-11,1.670000
2008-09-12,1.790000
2008-09-15,1.700000
2008-09-16,1.850000
2008-09-17,1.810000
2008-09-18,1.940000
2008-09-19,1.850000
2008-09-22,1.850000
2008-09-23,1.990000
2008-09-24,2.050000
2008-09-25,2.090000
2008-09-26,2.100000
2008-09-29,2.030000
2008-09-30,2.250000
2008-10-01,2.260000
2008-10-02,2.170000
2008-10-03,2.180000
2008-10-06,2.210000
2008-10-07,2.320000
2008-10-08,2.690000
2008-10-09,2.790000
2008-10-10,2.970000
2008-10-14,3.050000
2008-10-15,3.020000
2008-10-16,3.020000
2008-10-17,2.870000
2008-10-20,2.760000
2008-10-21,2.630000
2008-10-22,2.590000
2008-10-23,2.670000
2008-10-24,3.020000
2008-10-27,3.020000
2008-10-28,3.060000
2008-10-29,3.050000
2008-10-30,3.060000
2008-10-31,3.140000
2008-11-03,3.090000
2008-11-04,2.880000
2008-11-05,2.760000
2008-11-06,2.810000
2008-11-07,2.860000
2008-11-10,2.840000
2008-11-12,2.790000
2008-11-13,2.950000
2008-11-14,2.870000
2008-11-17,2.850000
2008-11-18,2.920000
2008-11-19,2.980000
2008-11-20,3.060000
2008-11-21,3.150000
2008-11-24,3.110000
2008-11-25,2.790000
2008-11-26,2.680000
2008-11-28,2.600000
2008-12-01,2.380000
2008-12-02,2.260000
2008-12-03,2.140000
2008-12-04,1.980000
2008-12-05,2.230000
2008-12-08,2.470000
2008-12-09,2.410000
2008-12-10,2.440000
2008-12-11,2.350000
2008-12-12,2.430000
2008-12-15,2.430000
2008-12-16,2.210000
2008-12-17,1.860000
2008-12-18,1.850000
2008-12-19,1.980000
2008-12-22,2.010000
2008-12-23,2.030000
2008-12-24,2.070000
2008-12-26,2.030000
2008-12-29,2.020000
2008-12-30,2.020000
2008-12-31,2.140000
2009-01-02,2.290000
2009-01-05,2.340000
2009-01-06,2.090000
2009-01-07,2.050000
2009-01-08,1.970000
2009-01-09,1.870000
2009-01-12,1.750000
2009-01-13,1.740000
2009-01-14,1.790000
2009-01-15,1.780000
2009-01-16,1.810000
2009-01-20,1.820000
2009-01-21,1.980000
2009-01-22,1.970000
2009-01-23,1.930000
2009-01-26,1.920000
2009-01-27,1.770000
2009-01-28,1.810000
2009-01-29,1.830000
2009-01-30,1.730000
2009-02-02,1.690000
2009-02-03,1.760000
2009-02-04,1.780000
2009-02-05,1.840000
2009-02-06,1.820000
2009-02-09,1.660000
2009-02-10,1.650000
2009-02-11,1.660000
2009-02-12,1.610000
2009-02-13,1.680000
2009-02-17,1.530000
2009-02-18,1.630000
2009-02-19,1.730000
2009-02-20,1.670000
2009-02-23,1.700000
2009-02-24,1.820000
2009-02-25,1.980000
2009-02-26,2.020000
2009-02-27,2.060000
2009-03-02,2.000000
2009-03-03,2.020000
2009-03-04,2.090000
2009-03-05,1.980000
2009-03-06,2.020000
2009-03-09,2.060000
2009-03-10,2.150000
2009-03-11,2.030000
2009-03-12,1.880000
2009-03-13,1.870000
2009-03-16,1.880000
2009-03-17,1.900000
2009-03-18,1.280000
2009-03-19,1.310000
2009-03-20,1.430000
2009-03-23,1.400000
2009-03-24,1.360000
2009-03-25,1.440000
2009-03-26,1.300000
2009-03-27,1.380000
2009-03-30,1.390000
2009-03-31,1.430000
2009-04-01,1.370000
2009-04-02,1.440000
2009-04-03,1.530000
2009-04-06,1.520000
2009-04-07,1.610000
2009-04-08,1.570000
2009-04-09,1.620000
2009-04-13,1.550000
2009-04-14,1.520000
2009-04-15,1.550000
2009-04-16,1.590000
2009-04-17,1.700000
2009-04-20,1.660000
2009-04-21,1.690000
2009-04-22,1.650000
2009-04-23,1.520000
2009-04-24,1.530000
2009-04-27,1.480000
2009-04-28,1.540000
2009-04-29,1.590000
2009-04-30,1.690000
2009-05-01,1.800000
2009-05-04,1.770000
2009-05-05,1.770000
2009-05-06,1.740000
2009-05-07,1.740000
2009-05-08,1.770000
2009-05-11,1.700000
2009-05-12,1.690000
2009-05-13,1.670000
2009-05-14,1.680000
2009-05-15,1.660000
2009-05-18,1.660000
2009-05-19,1.650000
2009-05-20,1.560000
2009-05-21,1.670000
2009-05-22,1.720000
2009-05-26,1.720000
2009-05-27,1.830000
2009-05-28,1.870000
2009-05-29,1.670000
2009-06-01,1.800000
2009-06-02,1.690000
2009-06-03,1.680000
2009-06-04,1.830000
2009-06-05,1.880000
2009-06-08,1.940000
2009-06-09,1.880000
2009-06-10,1.910000
2009-06-11,1.890000
2009-06-12,1.910000
2009-06-15,1.900000
2009-06-16,1.880000
2009-06-17,1.950000
2009-06-18,1.980000
2009-06-19,1.910000
2009-06-22,1.890000
2009-06-23,1.840000
2009-06-24,1.930000
2009-06-25,1.820000
2009-06-26,1.850000
2009-06-29,1.830000
2009-06-30,1.780000
2009-07-01,1.830000
2009-07-02,1.870000
2009-07-06,2.030000
2009-07-07,1.870000
2009-07-08,1.790000
2009-07-09,1.870000
2009-07-10,1.800000
2009-07-13,1.840000
2009-07-14,1.860000
2009-07-15,1.870000
2009-07-16,1.820000
2009-07-17,1.810000
2009-07-20,1.730000
2009-07-21,1.710000
2009-07-22,1.750000
2009-07-23,1.800000
2009-07-24,1.810000
2009-07-27,1.850000
2009-07-28,1.860000
2009-07-29,1.840000
2009-07-30,1.780000
2009-07-31,1.710000
2009-08-03,1.780000
2009-08-04,1.810000
2009-08-05,1.850000
2009-08-06,1.870000
2009-08-07,1.880000
2009-08-10,1.830000
2009-08-11,1.800000
2009-08-12,1.840000
2009-08-13,1.800000
2009-08-14,1.850000
2009-08-17,1.790000
2009-08-18,1.780000
2009-08-19,1.700000
2009-08-20,1.600000
2009-08-21,1.690000
2009-08-24,1.670000
2009-08-25,1.720000
2009-08-26,1.720000
2009-08-27,1.750000
2009-08-28,1.760000
2009-08-31,1.760000
2009-09-01,1.740000
2009-09-02,1.710000
2009-09-03,1.690000
2009-09-04,1.700000
2009-09-08,1.660000
2009-09-09,1.660000
2009-09-10,1.590000
2009-09-11,1.590000
2009-09-14,1.650000
2009-09-15,1.640000
2009-09-16,1.620000
2009-09-17,1.620000
2009-09-18,1.680000
2009-09-21,1.690000
2009-09-22,1.650000
2009-09-23,1.630000
2009-09-24,1.640000
2009-09-25,1.600000
2009-09-28,1.570000
2009-09-29,1.590000
2009-09-30,1.560000
2009-10-01,1.500000
2009-10-02,1.540000
2009-10-05,1.510000
2009-10-06,1.530000
2009-10-07,1.450000
2009-10-08,1.490000
2009-10-09,1.560000
2009-10-13,1.460000
2009-10-14,1.510000
2009-10-15,1.500000
2009-10-16,1.450000
2009-10-19,1.380000
2009-10-20,1.370000
2009-10-21,1.430000
2009-10-22,1.490000
2009-10-23,1.510000
2009-10-26,1.590000
2009-10-27,1.490000
2009-10-28,1.480000
2009-10-29,1.500000
2009-10-30,1.410000
2009-11-02,1.410000
2009-11-03,1.450000
2009-11-04,1.450000
2009-11-05,1.410000
2009-11-06,1.370000
2009-11-09,1.300000
2009-11-10,1.310000
2009-11-12,1.330000
2009-11-13,1.310000
2009-11-16,1.210000
2009-11-17,1.200000
2009-11-18,1.210000
2009-11-19,1.210000
2009-11-20,1.210000
2009-11-23,1.200000
2009-11-24,1.210000
2009-11-25,1.160000
2009-11-27,1.150000
2009-11-30,1.130000
2009-12-01,1.140000
2009-12-02,1.180000
2009-12-03,1.240000
2009-12-04,1.340000
2009-12-07,1.310000
2009-12-08,1.310000
2009-12-09,1.360000
2009-12-10,1.400000
2009-12-11,1.410000
2009-12-14,1.370000
2009-12-15,1.370000
2009-12-16,1.340000
2009-12-17,1.280000
2009-12-18,1.310000
2009-12-21,1.390000
2009-12-22,1.430000
2009-12-23,1.460000
2009-12-24,1.500000
2009-12-28,1.500000
2009-12-29,1.460000
2009-12-30,1.440000
2009-12-31,1.480000
2010-01-04,1.470000
2010-01-05,1.430000
2010-01-06,1.480000
2010-01-07,1.440000
2010-01-08,1.410000
2010-01-11,1.470000
2010-01-12,1.350000
2010-01-13,1.430000
2010-01-14,1.400000
2010-01-15,1.340000
2010-01-19,1.350000
2010-01-20,1.310000
2010-01-21,1.290000
2010-01-22,1.310000
2010-01-25,1.330000
2010-01-26,1.310000
2010-01-27,1.350000
2010-01-28,1.350000
2010-01-29,1.300000
2010-02-01,1.290000
2010-02-02,1.260000
2010-02-03,1.300000
2010-02-04,1.270000
2010-02-05,1.320000
2010-02-08,1.350000
2010-02-09,1.370000
2010-02-10,1.440000
2010-02-11,1.470000
2010-02-12,1.460000
2010-02-16,1.420000
2010-02-17,1.460000
2010-02-18,1.480000
2010-02-19,1.520000
2010-02-22,1.550000
2010-02-23,1.500000
2010-02-24,1.510000
2010-02-25,1.510000
2010-02-26,1.480000
2010-03-01,1.460000
2010-03-02,1.460000
2010-03-03,1.460000
2010-03-04,1.440000
2010-03-05,1.480000
2010-03-08,1.490000
2010-03-09,1.480000
2010-03-10,1.490000
2010-03-11,1.490000
2010-03-12,1.450000
2010-03-15,1.460000
2010-03-16,1.420000
2010-03-17,1.400000
2010-03-18,1.450000
2010-03-19,1.500000
2010-03-22,1.480000
2010-03-23,1.490000
2010-03-24,1.600000
2010-03-25,1.650000
2010-03-26,1.620000
2010-03-29,1.660000
2010-03-30,1.660000
2010-03-31,1.600000
2010-04-01,1.610000
2010-04-02,1.690000
2010-04-05,1.700000
2010-04-06,1.680000
2010-04-07,1.550000
2010-04-08,1.580000
2010-04-09,1.560000
2010-04-12,1.520000
2010-04-13,1.500000
2010-04-14,1.540000
2010-04-15,1.490000
2010-04-16,1.460000
2010-04-19,1.490000
2010-04-20,1.470000
2010-04-21,1.420000
2010-04-22,1.460000
2010-04-23,1.470000
2010-04-26,1.460000
2010-04-27,1.370000
2010-04-28,1.400000
2010-04-29,1.310000
2010-04-30,1.290000
2010-05-03,1.320000
2010-05-04,1.310000
2010-05-05,1.300000
2010-05-06,1.250000
2010-05-07,1.300000
2010-05-10,1.330000
2010-05-11,1.310000
2010-05-12,1.280000
2010-05-13,1.280000
2010-05-14,1.260000
2010-05-17,1.310000
2010-05-18,1.250000
2010-05-19,1.320000
2010-05-20,1.360000
2010-05-21,1.330000
2010-05-24,1.350000
2010-05-25,1.330000
2010-05-26,1.300000
2010-05-27,1.330000
2010-05-28,1.320000
2010-06-01,1.320000
2010-06-02,1.360000
2010-06-03,1.340000
2010-06-04,1.260000
2010-06-07,1.250000
2010-06-08,1.290000
2010-06-09,1.280000
2010-06-10,1.350000
2010-06-11,1.290000
2010-06-14,1.310000
2010-06-15,1.320000
2010-06-16,1.280000
2010-06-17,1.220000
2010-06-18,1.250000
2010-06-21,1.240000
2010-06-22,1.200000
2010-06-23,1.190000
2010-06-24,1.230000
2010-06-25,1.210000
2010-06-28,1.170000
2010-06-29,1.140000
2010-06-30,1.150000
2010-07-01,1.210000
2010-07-02,1.270000
2010-07-06,1.260000
2010-07-07,1.300000
2010-07-08,1.250000
2010-07-09,1.260000
2010-07-12,1.260000
2010-07-13,1.280000
2010-07-14,1.230000
2010-07-15,1.210000
2010-07-16,1.250000
2010-07-19,1.290000
2010-07-20,1.280000
2010-07-21,1.190000
2010-07-22,1.210000
2010-07-23,1.240000
2010-07-26,1.240000
2010-07-27,1.260000
2010-07-28,1.220000
2010-07-29,1.210000
2010-07-30,1.140000
2010-08-02,1.130000
2010-08-03,1.070000
2010-08-04,1.120000
2010-08-05,1.070000
2010-08-06,1.040000
2010-08-09,1.040000
2010-08-10,0.950000
2010-08-11,0.950000
2010-08-12,1.050000
2010-08-13,1.000000
2010-08-16,0.950000
2010-08-17,1.010000
2010-08-18,1.020000
2010-08-19,1.020000
2010-08-20,1.050000
2010-08-23,1.050000
2010-08-24,1.010000
2010-08-25,1.010000
2010-08-26,0.950000
2010-08-27,1.050000
2010-08-30,0.990000
2010-08-31,0.950000
2010-09-01,1.020000
2010-09-02,1.050000
2010-09-03,1.100000
2010-09-07,0.980000
2010-09-08,1.020000
2010-09-09,1.050000
2010-09-10,1.020000
2010-09-13,0.940000
2010-09-14,0.930000
2010-09-15,0.970000
2010-09-16,1.000000
2010-09-17,1.000000
2010-09-20,0.940000
2010-09-21,0.780000
2010-09-22,0.740000
2010-09-23,0.770000
2010-09-24,0.810000
2010-09-27,0.790000
2010-09-28,0.690000
2010-09-29,0.740000
2010-09-30,0.750000
2010-10-01,0.750000
2010-10-04,0.720000
2010-10-05,0.650000
2010-10-06,0.520000
2010-10-07,0.530000
2010-10-08,0.450000
2010-10-12,0.490000
2010-10-13,0.440000
2010-10-14,0.410000
2010-10-15,0.500000
2010-10-18,0.470000
2010-10-19,0.440000
2010-10-20,0.470000
2010-10-21,0.500000
2010-10-22,0.500000
2010-10-25,0.450000
2010-10-26,0.520000
2010-10-27,0.620000
2010-10-28,0.570000
2010-10-29,0.500000
2010-11-01,0.490000
2010-11-02,0.490000
2010-11-03,0.500000
2010-11-04,0.440000
2010-11-05,0.480000
2010-11-08,0.480000
2010-11-09,0.580000
2010-11-10,0.560000
2010-11-12,0.710000
2010-11-15,0.870000
2010-11-16,0.870000
2010-11-17,0.840000
2010-11-18,0.830000
2010-11-19,0.770000
2010-11-22,0.700000
2010-11-23,0.690000
2010-11-24,0.800000
2010-11-26,0.750000
2010-11-29,0.730000
2010-11-30,0.740000
2010-12-01,0.830000
2010-12-02,0.840000
2010-12-03,0.860000
2010-12-06,0.790000
2010-12-07,0.920000
2010-12-08,1.070000
2010-12-09,1.090000
2010-12-10,1.160000
2010-12-13,1.110000
2010-12-14,1.270000
2010-12-15,1.220000
2010-12-16,1.150000
2010-12-17,1.050000
2010-12-20,1.070000
2010-12-21,1.060000
2010-12-22,1.030000
2010-12-23,1.080000
2010-12-27,1.060000
2010-12-28,1.170000
2010-12-29,1.060000
2010-12-30,1.080000
2010-12-31,1.000000
2011-01-03,1.050000
2011-01-04,1.010000
2011-01-05,1.080000
2011-01-06,1.030000
2011-01-07,0.980000
2011-01-10,0.960000
2011-01-11,0.970000
2011-01-12,0.980000
2011-01-13,0.970000
2011-01-14,1.000000
2011-01-18,0.990000
2011-01-19,0.990000
2011-01-20,1.220000
2011-01-21,1.200000
2011-01-24,1.180000
2011-01-25,1.110000
2011-01-26,1.160000
2011-01-27,1.160000
2011-01-28,1.090000
2011-01-31,1.080000
2011-02-01,1.110000
2011-02-02,1.160000
2011-02-03,1.230000
2011-02-04,1.300000
2011-02-07,1.320000
2011-02-08,1.390000
2011-02-09,1.340000
2011-02-10,1.390000
2011-02-11,1.360000
2011-02-14,1.340000
2011-02-15,1.330000
2011-02-16,1.370000
2011-02-17,1.310000
2011-02-18,1.250000
2011-02-22,1.120000
2011-02-23,1.100000
2011-02-24,1.050000
2011-02-25,1.020000
2011-02-28,1.030000
2011-03-01,1.000000
2011-03-02,1.010000
2011-03-03,1.090000
2011-03-04,1.000000
2011-03-07,1.000000
2011-03-08,1.010000
2011-03-09,0.980000
2011-03-10,0.910000
2011-03-11,0.960000
2011-03-14,0.930000
2011-03-15,0.930000
2011-03-16,0.850000
2011-03-17,0.820000
2011-03-18,0.850000
2011-03-21,0.900000
2011-03-22,0.950000
2011-03-23,0.980000
2011-03-24,0.950000
2011-03-25,1.020000
2011-03-28,1.010000
2011-03-29,1.030000
2011-03-30,1.000000
2011-03-31,0.990000
2011-04-01,0.940000
2011-04-04,0.910000
2011-04-05,0.940000
2011-04-06,0.990000
2011-04-07,0.990000
2011-04-08,0.950000
2011-04-11,0.960000
2011-04-12,0.900000
2011-04-13,0.880000
2011-04-14,0.890000
2011-04-15,0.820000
2011-04-18,0.800000
2011-04-19,0.760000
2011-04-20,0.820000
2011-04-21,0.830000
2011-04-25,0.790000
2011-04-26,0.760000
2011-04-27,0.810000
2011-04-28,0.780000
2011-04-29,0.750000
2011-05-02,0.750000
2011-05-03,0.730000
2011-05-04,0.700000
2011-05-05,0.700000
2011-05-06,0.710000
2011-05-09,0.690000
2011-05-10,0.740000
2011-05-11,0.760000
2011-05-12,0.790000
2011-05-13,0.790000
2011-05-16,0.810000
2011-05-17,0.820000
2011-05-18,0.820000
2011-05-19,0.910000
2011-05-20,0.850000
2011-05-23,0.840000
2011-05-24,0.790000
2011-05-25,0.800000
2011-05-26,0.760000
2011-05-27,0.790000
2011-05-31,0.800000
2011-06-01,0.740000
2011-06-02,0.780000
2011-06-03,0.750000
2011-06-06,0.760000
2011-06-07,0.760000
2011-06-08,0.760000
2011-06-09,0.800000
2011-06-10,0.790000
2011-06-13,0.800000
2011-06-14,0.830000
2011-06-15,0.740000
2011-06-16,0.730000
2011-06-17,0.750000
2011-06-20,0.790000
2011-06-21,0.780000
2011-06-22,0.820000
2011-06-23,0.710000
2011-06-24,0.640000
2011-06-27,0.670000
2011-06-28,0.730000
2011-06-29,0.740000
2011-06-30,0.750000
2011-07-01,0.770000
2011-07-05,0.770000
2011-07-06,0.740000
2011-07-07,0.750000
2011-07-08,0.690000
2011-07-11,0.630000
2011-07-12,0.600000
2011-07-13,0.590000
2011-07-14,0.680000
2011-07-15,0.610000
2011-07-18,0.580000
2011-07-19,0.540000
2011-07-20,0.620000
2011-07-21,0.680000
2011-07-22,0.610000
2011-07-25,0.580000
2011-07-26,0.570000
2011-07-27,0.560000
2011-07-28,0.520000
2011-07-29,0.380000
2011-08-01,0.330000
2011-08-02,0.290000
2011-08-03,0.360000
2011-08-04,0.240000
2011-08-05,0.320000
2011-08-08,0.200000
2011-08-09,0.000000
2011-08-10,-0.130000
2011-08-11,0.060000
2011-08-12,-0.020000
2011-08-15,0.060000
2011-08-16,0.050000
2011-08-17,0.010000
2011-08-18,0.090000
2011-08-19,0.020000
2011-08-22,0.030000
2011-08-23,0.130000
2011-08-24,0.250000
2011-08-25,0.130000
2011-08-26,0.150000
2011-08-29,0.220000
2011-08-30,0.140000
2011-08-31,0.180000
2011-09-01,0.070000
2011-09-02,0.000000
2011-09-06,0.050000
2011-09-07,0.090000
2011-09-08,0.000000
2011-09-09,-0.030000
2011-09-12,0.000000
2011-09-13,0.070000
2011-09-14,0.120000
2011-09-15,0.130000
2011-09-16,0.130000
2011-09-19,0.090000
2011-09-20,0.040000
2011-09-21,0.020000
2011-09-22,0.010000
2011-09-23,0.100000
2011-09-26,0.120000
2011-09-27,0.120000
2011-09-28,0.160000
2011-09-29,0.170000
2011-09-30,0.170000
2011-10-03,0.070000
2011-10-04,0.050000
2011-10-05,0.120000
2011-10-06,0.130000
2011-10-07,0.160000
2011-10-11,0.230000
2011-10-12,0.260000
2011-10-13,0.270000
2011-10-14,0.280000
2011-10-17,0.240000
2011-10-18,0.220000
2011-10-19,0.230000
2011-10-20,0.220000
2011-10-21,0.230000
2011-10-24,0.230000
2011-10-25,0.120000
2011-10-26,0.150000
2011-10-27,0.240000
2011-10-28,0.190000
2011-10-31,0.080000
2011-11-01,-0.040000
2011-11-02,-0.070000
2011-11-03,0.000000
2011-11-04,-0.060000
2011-11-07,-0.100000
2011-11-08,-0.030000
2011-11-09,-0.040000
2011-11-10,-0.040000
2011-11-14,-0.010000
2011-11-15,0.040000
2011-11-16,0.050000
2011-11-17,0.060000
2011-11-18,0.050000
2011-11-21,0.070000
2011-11-22,0.050000
2011-11-23,-0.010000
2011-11-25,0.050000
2011-11-28,0.020000
2011-11-29,0.010000
2011-11-30,0.030000
2011-12-01,0.060000
2011-12-02,0.000000
2011-12-05,-0.010000
2011-12-06,0.010000
2011-12-07,-0.010000
2011-12-08,0.010000
2011-12-09,0.050000
2011-12-12,-0.010000
2011-12-13,-0.050000
2011-12-14,-0.040000
2011-12-15,-0.010000
2011-12-16,-0.050000
2011-12-19,-0.120000
2011-12-20,-0.100000
2011-12-21,-0.070000
2011-12-22,-0.070000
2011-12-23,-0.040000
2011-12-27,-0.020000
2011-12-28,-0.070000
2011-12-29,-0.050000
2011-12-30,-0.070000
2012-01-03,-0.040000
2012-01-04,-0.080000
2012-01-05,-0.100000
2012-01-06,-0.110000
2012-01-09,-0.130000
2012-01-10,-0.080000
2012-01-11,-0.100000
2012-01-12,-0.100000
2012-01-13,-0.140000
2012-01-17,-0.170000
2012-01-18,-0.150000
2012-01-19,0.000000
2012-01-20,0.010000
2012-01-23,0.020000
2012-01-24,-0.010000
2012-01-25,-0.120000
2012-01-26,-0.160000
2012-01-27,-0.180000
2012-01-30,-0.240000
2012-01-31,-0.280000
2012-02-01,-0.280000
2012-02-02,-0.300000
2012-02-03,-0.210000
2012-02-06,-0.260000
2012-02-07,-0.210000
2012-02-08,-0.210000
2012-02-09,-0.170000
2012-02-10,-0.240000
2012-02-13,-0.220000
2012-02-14,-0.270000
2012-02-15,-0.260000
2012-02-16,-0.240000
2012-02-17,-0.230000
2012-02-21,-0.220000
2012-02-22,-0.270000
2012-02-23,-0.300000
2012-02-24,-0.290000
2012-02-27,-0.320000
2012-02-28,-0.310000
2012-02-29,-0.280000
2012-03-01,-0.230000
2012-03-02,-0.240000
2012-03-05,-0.200000
2012-03-06,-0.210000
2012-03-07,-0.220000
2012-03-08,-0.210000
2012-03-09,-0.240000
2012-03-12,-0.240000
2012-03-13,-0.200000
2012-03-14,-0.070000
2012-03-15,-0.080000
2012-03-16,-0.090000
2012-03-19,-0.030000
2012-03-20,-0.040000
2012-03-21,-0.080000
2012-03-22,-0.080000
2012-03-23,-0.110000
2012-03-26,-0.080000
2012-03-27,-0.130000
2012-03-28,-0.110000
2012-03-29,-0.130000
2012-03-30,-0.090000
2012-04-02,-0.140000
2012-04-03,-0.060000
2012-04-04,-0.050000
2012-04-05,-0.080000
2012-04-06,-0.160000
2012-04-09,-0.170000
2012-04-10,-0.240000
2012-04-11,-0.250000
2012-04-12,-0.220000
2012-04-13,-0.250000
2012-04-16,-0.260000
2012-04-17,-0.260000
2012-04-18,-0.260000
2012-04-19,-0.210000
2012-04-20,-0.240000
2012-04-23,-0.260000
2012-04-24,-0.250000
2012-04-25,-0.240000
2012-04-26,-0.290000
2012-04-27,-0.300000
2012-04-30,-0.300000
2012-05-01,-0.280000
2012-05-02,-0.280000
2012-05-03,-0.270000
2012-05-04,-0.300000
2012-05-07,-0.270000
2012-05-08,-0.280000
2012-05-09,-0.270000
2012-05-10,-0.250000
2012-05-11,-0.280000
2012-05-14,-0.330000
2012-05-15,-0.360000
2012-05-16,-0.330000
2012-05-17,-0.350000
2012-05-18,-0.390000
2012-05-21,-0.410000
2012-05-22,-0.380000
2012-05-23,-0.410000
2012-05-24,-0.370000
2012-05-25,-0.380000
2012-05-29,-0.370000
2012-05-30,-0.450000
2012-05-31,-0.500000
2012-06-01,-0.590000
2012-06-04,-0.560000
2012-06-05,-0.560000
2012-06-06,-0.500000
2012-06-07,-0.490000
2012-06-08,-0.500000
2012-06-11,-0.530000
2012-06-12,-0.480000
2012-06-13,-0.510000
2012-06-14,-0.470000
2012-06-15,-0.540000
2012-06-18,-0.540000
2012-06-19,-0.530000
2012-06-20,-0.510000
2012-06-21,-0.470000
2012-06-22,-0.420000
2012-06-25,-0.470000
2012-06-26,-0.450000
2012-06-27,-0.450000
2012-06-28,-0.480000
2012-06-29,-0.460000
2012-07-02,-0.500000
2012-07-03,-0.480000
2012-07-05,-0.510000
2012-07-06,-0.530000
2012-07-09,-0.570000
2012-07-10,-0.590000
2012-07-11,-0.570000
2012-07-12,-0.580000
2012-07-13,-0.590000
2012-07-16,-0.610000
2012-07-17,-0.590000
2012-07-18,-0.600000
2012-07-19,-0.620000
2012-07-20,-0.670000
2012-07-23,-0.680000
2012-07-24,-0.680000
2012-07-25,-0.670000
2012-07-26,-0.660000
2012-07-27,-0.610000
2012-07-30,-0.640000
2012-07-31,-0.690000
2012-08-01,-0.670000
2012-08-02,-0.690000
2012-08-03,-0.660000
2012-08-06,-0.680000
2012-08-07,-0.650000
2012-08-08,-0.610000
2012-08-09,-0.580000
2012-08-10,-0.600000
2012-08-13,-0.580000
2012-08-14,-0.530000
2012-08-15,-0.450000
2012-08-16,-0.420000
2012-08-17,-0.430000
2012-08-20,-0.430000
2012-08-21,-0.450000
2012-08-22,-0.550000
2012-08-23,-0.620000
2012-08-24,-0.600000
2012-08-27,-0.640000
2012-08-28,-0.680000
2012-08-29,-0.640000
2012-08-30,-0.630000
2012-08-31,-0.680000
2012-09-04,-0.680000
2012-09-05,-0.690000
2012-09-06,-0.630000
2012-09-07,-0.680000
2012-09-10,-0.680000
2012-09-11,-0.680000
2012-09-12,-0.610000
2012-09-13,-0.720000
2012-09-14,-0.760000
2012-09-17,-0.740000
2012-09-18,-0.730000
2012-09-19,-0.750000
2012-09-20,-0.700000
2012-09-21,-0.710000
2012-09-24,-0.730000
2012-09-25,-0.740000
2012-09-26,-0.770000
2012-09-27,-0.780000
2012-09-28,-0.770000
2012-10-01,-0.780000
2012-10-02,-0.830000
2012-10-03,-0.830000
2012-10-04,-0.860000
2012-10-05,-0.820000
2012-10-09,-0.810000
2012-10-10,-0.800000
2012-10-11,-0.770000
2012-10-12,-0.780000
2012-10-15,-0.780000
2012-10-16,-0.710000
2012-10-17,-0.650000
2012-10-18,-0.660000
2012-10-19,-0.710000
2012-10-22,-0.700000
2012-10-23,-0.710000
2012-10-24,-0.690000
2012-10-25,-0.630000
2012-10-26,-0.690000
2012-10-29,-0.730000
2012-10-31,-0.780000
2012-11-01,-0.770000
2012-11-02,-0.730000
2012-11-05,-0.750000
2012-11-06,-0.720000
2012-11-07,-0.800000
2012-11-08,-0.850000
2012-11-09,-0.830000
2012-11-13,-0.840000
2012-11-14,-0.810000
2012-11-15,-0.800000
2012-11-16,-0.810000
2012-11-19,-0.780000
2012-11-20,-0.740000
2012-11-21,-0.710000
2012-11-23,-0.720000
2012-11-26,-0.730000
2012-11-27,-0.740000
2012-11-28,-0.750000
2012-11-29,-0.780000
2012-11-30,-0.790000
2012-12-03,-0.810000
2012-12-04,-0.830000
2012-12-05,-0.850000
2012-12-06,-0.870000
2012-12-07,-0.860000
2012-12-10,-0.870000
2012-12-11,-0.840000
2012-12-12,-0.790000
2012-12-13,-0.730000
2012-12-14,-0.740000
2012-12-17,-0.700000
2012-12-18,-0.670000
2012-12-19,-0.660000
2012-12-20,-0.690000
2012-12-21,-0.710000
2012-12-24,-0.690000
2012-12-26,-0.710000
2012-12-27,-0.730000
2012-12-28,-0.730000
2012-12-31,-0.670000
2013-01-02,-0.620000
2013-01-03,-0.540000
2013-01-04,-0.550000
2013-01-07,-0.600000
2013-01-08,-0.600000
2013-01-09,-0.640000
2013-01-10,-0.620000
2013-01-11,-0.630000
2013-01-14,-0.660000
2013-01-15,-0.660000
2013-01-16,-0.650000
2013-01-17,-0.640000
2013-01-18,-0.660000
2013-01-22,-0.680000
2013-01-23,-0.660000
2013-01-24,-0.620000
2013-01-25,-0.560000
2013-01-28,-0.550000
2013-01-29,-0.530000
2013-01-30,-0.540000
2013-01-31,-0.570000
2013-02-01,-0.550000
2013-02-04,-0.590000
2013-02-05,-0.550000
2013-02-06,-0.580000
2013-02-07,-0.580000
2013-02-08,-0.570000
2013-02-11,-0.580000
2013-02-12,-0.570000
2013-02-13,-0.540000
2013-02-14,-0.560000
2013-02-15,-0.530000
2013-02-19,-0.520000
2013-02-20,-0.520000
2013-02-21,-0.540000
2013-02-22,-0.570000
2013-02-25,-0.620000
2013-02-26,-0.620000
2013-02-27,-0.610000
2013-02-28,-0.640000
2013-03-01,-0.670000
2013-03-04,-0.650000
2013-03-05,-0.650000
2013-03-06,-0.610000
2013-03-07,-0.560000
2013-03-08,-0.500000
2013-03-11,-0.500000
2013-03-12,-0.520000
2013-03-13,-0.520000
2013-03-14,-0.530000
2013-03-15,-0.550000
2013-03-18,-0.600000
2013-03-19,-0.610000
2013-03-20,-0.570000
2013-03-21,-0.570000
2013-03-22,-0.600000
2013-03-25,-0.600000
2013-03-26,-0.610000
2013-03-27,-0.640000
2013-03-28,-0.640000
2013-04-01,-0.650000
2013-04-02,-0.630000
2013-04-03,-0.650000
2013-04-04,-0.700000
2013-04-05,-0.740000
2013-04-08,-0.690000
2013-04-09,-0.670000
2013-04-10,-0.600000
2013-04-11,-0.650000
2013-04-12,-0.680000
2013-04-15,-0.690000
2013-04-16,-0.650000
2013-04-17,-0.640000
2013-04-18,-0.550000
2013-04-19,-0.590000
2013-04-22,-0.630000
2013-04-23,-0.640000
2013-04-24,-0.650000
2013-04-25,-0.660000
2013-04-26,-0.680000
2013-04-29,-0.670000
2013-04-30,-0.640000
2013-05-01,-0.640000
2013-05-02,-0.620000
2013-05-03,-0.530000
2013-05-06,-0.510000
2013-05-07,-0.500000
2013-05-08,-0.480000
2013-05-09,-0.500000
2013-05-10,-0.450000
2013-05-13,-0.410000
2013-05-14,-0.370000
2013-05-15,-0.360000
2013-05-16,-0.400000
2013-05-17,-0.310000
2013-05-20,-0.310000
2013-05-21,-0.340000
2013-05-22,-0.240000
2013-05-23,-0.240000
2013-05-24,-0.260000
2013-05-28,-0.140000
2013-05-29,-0.100000
2013-05-30,-0.050000
2013-05-31,-0.050000
2013-06-03,-0.070000
2013-06-04,-0.050000
2013-06-05,-0.060000
2013-06-06,-0.050000
2013-06-07,0.030000
2013-06-10,0.110000
2013-06-11,0.130000
2013-06-12,0.210000
2013-06-13,0.150000
2013-06-14,0.090000
2013-06-17,0.150000
2013-06-18,0.140000
2013-06-19,0.290000
2013-06-20,0.460000
2013-06-21,0.590000
2013-06-24,0.640000
2013-06-25,0.640000
2013-06-26,0.600000
2013-06-27,0.500000
2013-06-28,0.530000
2013-07-01,0.480000
2013-07-02,0.440000
2013-07-03,0.480000
2013-07-05,0.660000
2013-07-08,0.580000
2013-07-09,0.590000
2013-07-10,0.640000
2013-07-11,0.560000
2013-07-12,0.550000
2013-07-15,0.470000
2013-07-16,0.410000
2013-07-17,0.380000
2013-07-18,0.380000
2013-07-19,0.290000
2013-07-22,0.280000
2013-07-23,0.330000
2013-07-24,0.440000
2013-07-25,0.440000
2013-07-26,0.430000
2013-07-29,0.450000
2013-07-30,0.460000
2013-07-31,0.380000
2013-08-01,0.480000
2013-08-02,0.420000
2013-08-05,0.420000
2013-08-06,0.390000
2013-08-07,0.350000
2013-08-08,0.340000
2013-08-09,0.330000
2013-08-12,0.370000
2013-08-13,0.480000
2013-08-14,0.500000
2013-08-15,0.600000
2013-08-16,0.680000
2013-08-19,0.750000
2013-08-20,0.670000
2013-08-21,0.730000
2013-08-22,0.790000
2013-08-23,0.690000
2013-08-26,0.640000
2013-08-27,0.570000
2013-08-28,0.630000
2013-08-29,0.650000
2013-08-30,0.680000
2013-09-03,0.760000
2013-09-04,0.830000
2013-09-05,0.920000
2013-09-06,0.870000
2013-09-09,0.840000
2013-09-10,0.860000
2013-09-11,0.800000
2013-09-12,0.810000
2013-09-13,0.800000
2013-09-16,0.760000
2013-09-17,0.700000
2013-09-18,0.490000
2013-09-19,0.550000
2013-09-20,0.520000
2013-09-23,0.460000
2013-09-24,0.480000
2013-09-25,0.450000
2013-09-26,0.470000
2013-09-27,0.460000
2013-09-30,0.450000
2013-10-01,0.460000
2013-10-02,0.430000
2013-10-03,0.430000
2013-10-04,0.460000
2013-10-07,0.450000
2013-10-08,0.480000
2013-10-09,0.470000
2013-10-10,0.500000
2013-10-11,0.500000
2013-10-15,0.540000
2013-10-16,0.500000
2013-10-17,0.450000
2013-10-18,0.420000
2013-10-21,0.440000
2013-10-22,0.370000
2013-10-23,0.360000
2013-10-24,0.360000
2013-10-25,0.340000
2013-10-28,0.350000
2013-10-29,0.350000
2013-10-30,0.370000
2013-10-31,0.400000
2013-11-01,0.500000
2013-11-04,0.500000
2013-11-05,0.550000
2013-11-06,0.480000
2013-11-07,0.460000
2013-11-08,0.590000
2013-11-12,0.620000
2013-11-13,0.580000
2013-11-14,0.510000
2013-11-15,0.530000
2013-11-18,0.480000
2013-11-19,0.530000
2013-11-20,0.640000
2013-11-21,0.600000
2013-11-22,0.560000
2013-11-25,0.560000
2013-11-26,0.540000
2013-11-27,0.580000
2013-11-29,0.600000
2013-12-02,0.660000
2013-12-03,0.640000
2013-12-04,0.730000
2013-12-05,0.760000
2013-12-06,0.770000
2013-12-09,0.740000
2013-12-10,0.690000
2013-12-11,0.710000
2013-12-12,0.750000
2013-12-13,0.720000
2013-12-16,0.710000
2013-12-17,0.670000
2013-12-18,0.720000
2013-12-19,0.790000
2013-12-20,0.730000
2013-12-23,0.760000
2013-12-24,0.800000
2013-12-26,0.800000
2013-12-27,0.800000
2013-12-30,0.760000
2013-12-31,0.800000
2014-01-02,0.740000
2014-01-03,0.750000
2014-01-06,0.720000
2014-01-07,0.700000
2014-01-08,0.720000
2014-01-09,0.660000
2014-01-10,0.590000
2014-01-13,0.570000
2014-01-14,0.620000
2014-01-15,0.620000
2014-01-16,0.610000
2014-01-17,0.580000
2014-01-21,0.590000
2014-01-22,0.620000
2014-01-23,0.660000
2014-01-24,0.610000
2014-01-27,0.640000
2014-01-28,0.620000
2014-01-29,0.550000
2014-01-30,0.570000
2014-01-31,0.530000
2014-02-03,0.470000
2014-02-04,0.510000
2014-02-05,0.560000
2014-02-06,0.570000
2014-02-07,0.530000
2014-02-10,0.510000
2014-02-11,0.560000
2014-02-12,0.590000
2014-02-13,0.560000
2014-02-14,0.590000
2014-02-18,0.570000
2014-02-19,0.600000
2014-02-20,0.630000
2014-02-21,0.610000
2014-02-24,0.590000
2014-02-25,0.550000
2014-02-26,0.510000
2014-02-27,0.490000
2014-02-28,0.490000
2014-03-03,0.440000
2014-03-04,0.520000
2014-03-05,0.520000
2014-03-06,0.530000
2014-03-07,0.570000
2014-03-10,0.570000
2014-03-11,0.570000
2014-03-12,0.540000
2014-03-13,0.490000
2014-03-14,0.480000
2014-03-17,0.520000
2014-03-18,0.500000
2014-03-19,0.620000
2014-03-20,0.660000
2014-03-21,0.610000
2014-03-24,0.590000
2014-03-25,0.610000
2014-03-26,0.570000
2014-03-27,0.560000
2014-03-28,0.600000
2014-03-31,0.600000
2014-04-01,0.630000
2014-04-02,0.680000
2014-04-03,0.660000
2014-04-04,0.610000
2014-04-07,0.590000
2014-04-08,0.580000
2014-04-09,0.570000
2014-04-10,0.510000
2014-04-11,0.500000
2014-04-14,0.520000
2014-04-15,0.500000
2014-04-16,0.480000
2014-04-17,0.520000
2014-04-21,0.530000
2014-04-22,0.520000
2014-04-23,0.490000
2014-04-24,0.490000
2014-04-25,0.480000
2014-04-28,0.520000
2014-04-29,0.530000
2014-04-30,0.490000
2014-05-01,0.430000
2014-05-02,0.410000
2014-05-05,0.450000
2014-05-06,0.450000
2014-05-07,0.420000
2014-05-08,0.420000
2014-05-09,0.440000
2014-05-12,0.480000
2014-05-13,0.450000
2014-05-14,0.370000
2014-05-15,0.310000
2014-05-16,0.340000
2014-05-19,0.370000
2014-05-20,0.350000
2014-05-21,0.360000
2014-05-22,0.350000
2014-05-23,0.320000
2014-05-27,0.310000
2014-05-28,0.220000
2014-05-29,0.220000
2014-05-30,0.260000
2014-06-02,0.320000
2014-06-03,0.410000
2014-06-04,0.440000
2014-06-05,0.410000
2014-06-06,0.400000
2014-06-09,0.410000
2014-06-10,0.430000
2014-06-11,0.430000
2014-06-12,0.390000
2014-06-13,0.410000
2014-06-16,0.410000
2014-06-17,0.430000
2014-06-18,0.380000
2014-06-19,0.390000
2014-06-20,0.350000
2014-06-23,0.350000
2014-06-24,0.310000
2014-06-25,0.290000
2014-06-26,0.260000
2014-06-27,0.270000
2014-06-30,0.270000
2014-07-01,0.320000
2014-07-02,0.380000
2014-07-03,0.370000
2014-07-07,0.360000
2014-07-08,0.310000
2014-07-09,0.280000
2014-07-10,0.270000
2014-07-11,0.250000
2014-07-14,0.280000
2014-07-15,0.310000
2014-07-16,0.320000
2014-07-17,0.240000
2014-07-18,0.260000
2014-07-21,0.250000
2014-07-22,0.250000
2014-07-23,0.250000
2014-07-24,0.250000
2014-07-25,0.200000
2014-07-28,0.220000
2014-07-29,0.200000
2014-07-30,0.290000
2014-07-31,0.290000
2014-08-01,0.250000
2014-08-04,0.260000
2014-08-05,0.250000
2014-08-06,0.240000
2014-08-07,0.190000
2014-08-08,0.190000
2014-08-11,0.190000
2014-08-12,0.220000
2014-08-13,0.200000
2014-08-14,0.190000
2014-08-15,0.160000
2014-08-18,0.210000
2014-08-19,0.230000
2014-08-20,0.260000
2014-08-21,0.240000
2014-08-22,0.260000
2014-08-25,0.240000
2014-08-26,0.250000
2014-08-27,0.230000
2014-08-28,0.210000
2014-08-29,0.230000
2014-09-02,0.270000
2014-09-03,0.240000
2014-09-04,0.280000
2014-09-05,0.310000
2014-09-08,0.350000
2014-09-09,0.390000
2014-09-10,0.440000
2014-09-11,0.420000
2014-09-12,0.490000
2014-09-15,0.470000
2014-09-16,0.480000
2014-09-17,0.560000
2014-09-18,0.610000
2014-09-19,0.560000
2014-09-22,0.580000
2014-09-23,0.520000
2014-09-24,0.540000
2014-09-25,0.500000
2014-09-26,0.570000
2014-09-29,0.550000
2014-09-30,0.550000
2014-10-01,0.460000
2014-10-02,0.490000
2014-10-03,0.520000
2014-10-06,0.500000
2014-10-07,0.440000
2014-10-08,0.390000
2014-10-09,0.370000
2014-10-10,0.350000
2014-10-14,0.290000
2014-10-15,0.290000
2014-10-16,0.280000
2014-10-17,0.300000
2014-10-20,0.290000
2014-10-21,0.330000
2014-10-22,0.340000
2014-10-23,0.380000
2014-10-24,0.390000
2014-10-27,0.380000
2014-10-28,0.390000
2014-10-29,0.420000
2014-10-30,0.420000
2014-10-31,0.430000
2014-11-03,0.430000
2014-11-04,0.430000
2014-11-05,0.430000
2014-11-06,0.450000
2014-11-07,0.380000
2014-11-10,0.440000
2014-11-12,0.460000
2014-11-13,0.470000
2014-11-14,0.430000
2014-11-17,0.480000
2014-11-18,0.480000
2014-11-19,0.530000
2014-11-20,0.490000
2014-11-21,0.450000
2014-11-24,0.440000
2014-11-25,0.420000
2014-11-26,0.420000
2014-11-28,0.390000
2014-12-01,0.430000
2014-12-02,0.510000
2014-12-03,0.500000
2014-12-04,0.480000
2014-12-05,0.560000
2014-12-08,0.550000
2014-12-09,0.490000
2014-12-10,0.470000
2014-12-11,0.490000
2014-12-12,0.460000
2014-12-15,0.500000
2014-12-16,0.420000
2014-12-17,0.490000
2014-12-18,0.570000
2014-12-19,0.490000
2014-12-22,0.470000
2014-12-23,0.560000
2014-12-24,0.590000
2014-12-26,0.580000
2014-12-29,0.570000
2014-12-30,0.560000
2014-12-31,0.490000
2015-01-02,0.410000
2015-01-05,0.400000
2015-01-06,0.410000
2015-01-07,0.390000
2015-01-08,0.410000
2015-01-09,0.360000
2015-01-12,0.350000
2015-01-13,0.370000
2015-01-14,0.290000
2015-01-15,0.190000
2015-01-16,0.230000
2015-01-20,0.230000
2015-01-21,0.260000
2015-01-22,0.290000
2015-01-23,0.210000
2015-01-26,0.220000
2015-01-27,0.170000
2015-01-28,0.120000
2015-01-29,0.150000
2015-01-30,0.030000
2015-02-02,0.030000
2015-02-03,0.090000
2015-02-04,0.100000
2015-02-05,0.130000
2015-02-06,0.240000
2015-02-09,0.250000
2015-02-10,0.310000
2015-02-11,0.320000
2015-02-12,0.330000
2015-02-13,0.340000
2015-02-17,0.430000
2015-02-18,0.360000
2015-02-19,0.370000
2015-02-20,0.380000
2015-02-23,0.340000
2015-02-24,0.270000
2015-02-25,0.240000
2015-02-26,0.240000
2015-02-27,0.170000
2015-03-02,0.250000
2015-03-03,0.260000
2015-03-04,0.250000
2015-03-05,0.270000
2015-03-06,0.410000
2015-03-09,0.440000
2015-03-10,0.410000
2015-03-11,0.390000
2015-03-12,0.390000
2015-03-13,0.440000
2015-03-16,0.450000
2015-03-17,0.420000
2015-03-18,0.230000
2015-03-19,0.190000
2015-03-20,0.170000
2015-03-23,0.170000
2015-03-24,0.110000
2015-03-25,0.120000
2015-03-26,0.210000
2015-03-27,0.190000
2015-03-30,0.230000
2015-03-31,0.180000
2015-04-01,0.070000
2015-04-02,0.110000
2015-04-03,0.020000
2015-04-06,0.070000
2015-04-07,0.040000
2015-04-08,0.080000
2015-04-09,0.130000
2015-04-10,0.140000
2015-04-13,0.140000
2015-04-14,0.100000
2015-04-15,0.070000
2015-04-16,0.050000
2015-04-17,-0.020000
2015-04-20,0.010000
2015-04-21,0.060000
2015-04-22,0.120000
2015-04-23,0.070000
2015-04-24,0.040000
2015-04-27,0.030000
2015-04-28,0.110000
2015-04-29,0.140000
2015-04-30,0.110000
2015-05-01,0.180000
2015-05-04,0.240000
2015-05-05,0.250000
2015-05-06,0.340000
2015-05-07,0.300000
2015-05-08,0.280000
2015-05-11,0.400000
2015-05-12,0.400000
2015-05-13,0.410000
2015-05-14,0.360000
2015-05-15,0.310000
2015-05-18,0.370000
2015-05-19,0.420000
2015-05-20,0.380000
2015-05-21,0.350000
2015-05-22,0.340000
2015-05-26,0.320000
2015-05-27,0.340000
2015-05-28,0.330000
2015-05-29,0.320000
2015-06-01,0.390000
2015-06-02,0.440000
2015-06-03,0.550000
2015-06-04,0.500000
2015-06-05,0.550000
2015-06-08,0.540000
2015-06-09,0.560000
2015-06-10,0.630000
2015-06-11,0.560000
2015-06-12,0.550000
2015-06-15,0.510000
2015-06-16,0.440000
2015-06-17,0.420000
2015-06-18,0.460000
2015-06-19,0.400000
2015-06-22,0.470000
2015-06-23,0.500000
2015-06-24,0.480000
2015-06-25,0.490000
2015-06-26,0.570000
2015-06-29,0.460000
2015-06-30,0.480000
2015-07-01,0.540000
2015-07-02,0.490000
2015-07-06,0.430000
2015-07-07,0.400000
2015-07-08,0.390000
2015-07-09,0.470000
2015-07-10,0.550000
2015-07-13,0.580000
2015-07-14,0.560000
2015-07-15,0.520000
2015-07-16,0.520000
2015-07-17,0.510000
2015-07-20,0.560000
2015-07-21,0.530000
2015-07-22,0.530000
2015-07-23,0.490000
2015-07-24,0.510000
2015-07-27,0.500000
2015-07-28,0.510000
2015-07-29,0.520000
2015-07-30,0.510000
2015-07-31,0.460000
2015-08-03,0.460000
2015-08-04,0.520000
2015-08-05,0.580000
2015-08-06,0.560000
2015-08-07,0.520000
2015-08-10,0.550000
2015-08-11,0.490000
2015-08-12,0.520000
2015-08-13,0.570000
2015-08-14,0.580000
2015-08-17,0.580000
2015-08-18,0.620000
2015-08-19,0.550000
2015-08-20,0.530000
2015-08-21,0.520000
2015-08-24,0.520000
2015-08-25,0.590000
2015-08-26,0.650000
2015-08-27,0.600000
2015-08-28,0.580000
2015-08-31,0.580000
2015-09-01,0.600000
2015-09-02,0.640000
2015-09-03,0.640000
2015-09-04,0.620000
2015-09-08,0.670000
2015-09-09,0.650000
2015-09-10,0.640000
2015-09-11,0.610000
2015-09-14,0.620000
2015-09-15,0.720000
2015-09-16,0.730000
2015-09-17,0.630000
2015-09-18,0.580000
2015-09-21,0.660000
2015-09-22,0.630000
2015-09-23,0.640000
2015-09-24,0.640000
2015-09-25,0.710000
2015-09-28,0.710000
2015-09-29,0.660000
2015-09-30,0.650000
2015-10-01,0.590000
2015-10-02,0.510000
2015-10-05,0.560000
2015-10-06,0.530000
2015-10-07,0.530000
2015-10-08,0.540000
2015-10-09,0.580000
2015-10-13,0.540000
2015-10-14,0.500000
2015-10-15,0.540000
2015-10-16,0.560000
2015-10-19,0.590000
2015-10-20,0.600000
2015-10-21,0.590000
2015-10-22,0.570000
2015-10-23,0.580000
2015-10-26,0.590000
2015-10-27,0.570000
2015-10-28,0.630000
2015-10-29,0.670000
2015-10-30,0.630000
2015-11-02,0.650000
2015-11-03,0.650000
2015-11-04,0.680000
2015-11-05,0.710000
2015-11-06,0.750000
2015-11-09,0.760000
2015-11-10,0.770000
2015-11-12,0.780000
2015-11-13,0.760000
2015-11-16,0.760000
2015-11-17,0.720000
2015-11-18,0.710000
2015-11-19,0.680000
2015-11-20,0.660000
2015-11-23,0.640000
2015-11-24,0.620000
2015-11-25,0.620000
2015-11-27,0.620000
2015-11-30,0.620000
2015-12-01,0.580000
2015-12-02,0.620000
2015-12-03,0.720000
2015-12-04,0.680000
2015-12-07,0.670000
2015-12-08,0.680000
2015-12-09,0.690000
2015-12-10,0.730000
2015-12-11,0.670000
2015-12-14,0.780000
2015-12-15,0.800000
2015-12-16,0.840000
2015-12-17,0.770000
2015-12-18,0.730000
2015-12-21,0.750000
2015-12-22,0.780000
2015-12-23,0.760000
2015-12-24,0.730000
2015-12-28,0.740000
2015-12-29,0.790000
2015-12-30,0.770000
2015-12-31,0.730000
2016-01-04,0.690000
2016-01-05,0.690000
2016-01-06,0.650000
2016-01-07,0.660000
2016-01-08,0.650000
2016-01-11,0.720000
2016-01-12,0.690000
2016-01-13,0.650000
2016-01-14,0.670000
2016-01-15,0.670000
2016-01-19,0.680000
2016-01-20,0.690000
2016-01-21,0.740000
2016-01-22,0.720000
2016-01-25,0.690000
2016-01-26,0.650000
2016-01-27,0.620000
2016-01-28,0.580000
2016-01-29,0.530000
2016-02-01,0.570000
2016-02-02,0.510000
2016-02-03,0.500000
2016-02-04,0.510000
2016-02-05,0.530000
2016-02-08,0.520000
2016-02-09,0.530000
2016-02-10,0.500000
2016-02-11,0.450000
2016-02-12,0.490000
2016-02-16,0.530000
2016-02-17,0.530000
2016-02-18,0.510000
2016-02-19,0.500000
2016-02-22,0.460000
2016-02-23,0.420000
2016-02-24,0.390000
2016-02-25,0.320000
2016-02-26,0.350000
2016-02-29,0.320000
2016-03-01,0.350000
2016-03-02,0.330000
2016-03-03,0.300000
2016-03-04,0.370000
2016-03-07,0.430000
2016-03-08,0.370000
2016-03-09,0.390000
2016-03-10,0.450000
2016-03-11,0.440000
2016-03-14,0.450000
2016-03-15,0.470000
2016-03-16,0.360000
2016-03-17,0.340000
2016-03-18,0.270000
2016-03-21,0.280000
2016-03-22,0.310000
2016-03-23,0.300000
2016-03-24,0.340000
2016-03-28,0.330000
2016-03-29,0.200000
2016-03-30,0.180000
2016-03-31,0.160000
2016-04-01,0.170000
2016-04-04,0.140000
2016-04-05,0.140000
2016-04-06,0.170000
2016-04-07,0.120000
2016-04-08,0.140000
2016-04-11,0.170000
2016-04-12,0.220000
2016-04-13,0.210000
2016-04-14,0.240000
2016-04-15,0.200000
2016-04-18,0.210000
2016-04-19,0.190000
2016-04-20,0.230000
2016-04-21,0.240000
2016-04-22,0.250000
2016-04-25,0.260000
2016-04-26,0.270000
2016-04-27,0.190000
2016-04-28,0.120000
2016-04-29,0.120000
2016-05-02,0.200000
2016-05-03,0.170000
2016-05-04,0.160000
2016-05-05,0.130000
2016-05-06,0.180000
2016-05-09,0.180000
2016-05-10,0.150000
2016-05-11,0.140000
2016-05-12,0.150000
2016-05-13,0.130000
2016-05-16,0.150000
2016-05-17,0.150000
2016-05-18,0.260000
2016-05-19,0.290000
2016-05-20,0.290000
2016-05-23,0.300000
2016-05-24,0.310000
2016-05-25,0.290000
2016-05-26,0.250000
2016-05-27,0.270000
2016-05-31,0.300000
2016-06-01,0.310000
2016-06-02,0.270000
2016-06-03,0.190000
2016-06-06,0.190000
2016-06-07,0.150000
2016-06-08,0.120000
2016-06-09,0.120000
2016-06-10,0.120000
2016-06-13,0.150000
2016-06-14,0.170000
2016-06-15,0.130000
2016-06-16,0.150000
2016-06-17,0.200000
2016-06-20,0.240000
2016-06-21,0.280000
2016-06-22,0.250000
2016-06-23,0.240000
2016-06-24,0.150000
2016-06-27,0.120000
2016-06-28,0.090000
2016-06-29,0.100000
2016-06-30,0.090000
2016-07-01,0.030000
2016-07-05,-0.030000
2016-07-06,-0.050000
2016-07-07,-0.030000
2016-07-08,-0.060000
2016-07-11,0.010000
2016-07-12,0.070000
2016-07-13,0.030000
2016-07-14,0.080000
2016-07-15,0.110000
2016-07-18,0.100000
2016-07-19,0.120000
2016-07-20,0.130000
2016-07-21,0.050000
2016-07-22,0.060000
2016-07-25,0.080000
2016-07-26,0.070000
2016-07-27,0.030000
2016-07-28,0.000000
2016-07-29,-0.030000
2016-08-01,0.050000
2016-08-02,0.110000
2016-08-03,0.090000
2016-08-04,0.040000
2016-08-05,0.090000
2016-08-08,0.080000
2016-08-09,0.060000
2016-08-10,0.060000
2016-08-11,0.100000
2016-08-12,0.070000
2016-08-15,0.100000
2016-08-16,0.130000
2016-08-17,0.090000
2016-08-18,0.060000
2016-08-19,0.100000
2016-08-22,0.080000
2016-08-23,0.070000
2016-08-24,0.080000
2016-08-25,0.090000
2016-08-26,0.150000
2016-08-29,0.110000
2016-08-30,0.110000
2016-08-31,0.110000
2016-09-01,0.120000
2016-09-02,0.130000
2016-09-06,0.060000
2016-09-07,0.030000
2016-09-08,0.090000
2016-09-09,0.170000
2016-09-12,0.170000
2016-09-13,0.240000
2016-09-14,0.210000
2016-09-15,0.220000
2016-09-16,0.190000
2016-09-19,0.200000
2016-09-20,0.200000
2016-09-21,0.150000
2016-09-22,0.080000
2016-09-23,0.050000
2016-09-26,0.050000
2016-09-27,0.040000
2016-09-28,0.010000
2016-09-29,0.020000
2016-09-30,0.000000
2016-10-03,0.000000
2016-10-04,0.070000
2016-10-05,0.100000
2016-10-06,0.110000
2016-10-07,0.100000
2016-10-11,0.130000
2016-10-12,0.150000
2016-10-13,0.120000
2016-10-14,0.130000
2016-10-17,0.090000
2016-10-18,0.090000
2016-10-19,0.080000
2016-10-20,0.080000
2016-10-21,0.070000
2016-10-24,0.110000
2016-10-25,0.070000
2016-10-26,0.080000
2016-10-27,0.130000
2016-10-28,0.130000
2016-10-31,0.110000
2016-11-01,0.110000
2016-11-02,0.110000
2016-11-03,0.140000
2016-11-04,0.110000
2016-11-07,0.120000
2016-11-08,0.150000
2016-11-09,0.250000
2016-11-10,0.270000
2016-11-14,0.400000
2016-11-15,0.410000
2016-11-16,0.390000
2016-11-17,0.420000
2016-11-18,0.440000
2016-11-21,0.420000
2016-11-22,0.410000
2016-11-23,0.440000
2016-11-25,0.470000
2016-11-28,0.470000
2016-11-29,0.440000
2016-11-30,0.430000
2016-12-01,0.480000
2016-12-02,0.490000
2016-12-05,0.450000
2016-12-06,0.440000
2016-12-07,0.420000
2016-12-08,0.450000
2016-12-09,0.510000
2016-12-12,0.510000
2016-12-13,0.530000
2016-12-14,0.600000
2016-12-15,0.700000
2016-12-16,0.740000
2016-12-19,0.680000
2016-12-20,0.670000
2016-12-21,0.640000
2016-12-22,0.600000
2016-12-23,0.580000
2016-12-27,0.580000
2016-12-28,0.560000
2016-12-29,0.550000
2016-12-30,0.500000
2017-01-03,0.470000
2017-01-04,0.470000
2017-01-05,0.420000
2017-01-06,0.460000
2017-01-09,0.430000
2017-01-10,0.430000
2017-01-11,0.390000
2017-01-12,0.380000
2017-01-13,0.410000
2017-01-17,0.360000
2017-01-18,0.420000
2017-01-19,0.430000
2017-01-20,0.440000
2017-01-23,0.390000
2017-01-24,0.410000
2017-01-25,0.450000
2017-01-26,0.430000
2017-01-27,0.410000
2017-01-30,0.420000
2017-01-31,0.400000
2017-02-01,0.430000
2017-02-02,0.430000
2017-02-03,0.440000
2017-02-06,0.400000
2017-02-07,0.400000
2017-02-08,0.380000
2017-02-09,0.410000
2017-02-10,0.400000
2017-02-13,0.430000
2017-02-14,0.460000
2017-02-15,0.450000
2017-02-16,0.430000
2017-02-17,0.410000
2017-02-21,0.400000
2017-02-22,0.380000
2017-02-23,0.350000
2017-02-24,0.310000
2017-02-27,0.350000
2017-02-28,0.340000
2017-03-01,0.430000
2017-03-02,0.480000
2017-03-03,0.450000
2017-03-06,0.480000
2017-03-07,0.490000
2017-03-08,0.560000
2017-03-09,0.600000
2017-03-10,0.570000
2017-03-13,0.610000
2017-03-14,0.610000
2017-03-15,0.500000
2017-03-16,0.510000
2017-03-17,0.490000
2017-03-20,0.470000
2017-03-21,0.450000
2017-03-22,0.430000
2017-03-23,0.460000
2017-03-24,0.420000
2017-03-27,0.410000
2017-03-28,0.450000
2017-03-29,0.410000
2017-03-30,0.460000
2017-03-31,0.430000
2017-04-03,0.390000
2017-04-04,0.400000
2017-04-05,0.370000
2017-04-06,0.390000
2017-04-07,0.440000
2017-04-10,0.440000
2017-04-11,0.410000
2017-04-12,0.380000
2017-04-13,0.320000
2017-04-17,0.380000
2017-04-18,0.330000
2017-04-19,0.360000
2017-04-20,0.390000
2017-04-21,0.400000
2017-04-24,0.410000
2017-04-25,0.440000
2017-04-26,0.420000
2017-04-27,0.390000
2017-04-28,0.370000
2017-05-01,0.410000
2017-05-02,0.410000
2017-05-03,0.460000
2017-05-04,0.500000
2017-05-05,0.500000
2017-05-08,0.530000
2017-05-09,0.560000
2017-05-10,0.560000
2017-05-11,0.510000
2017-05-12,0.490000
2017-05-15,0.520000
2017-05-16,0.510000
2017-05-17,0.440000
2017-05-18,0.430000
2017-05-19,0.410000
2017-05-22,0.430000
2017-05-23,0.460000
2017-05-24,0.450000
2017-05-25,0.450000
2017-05-26,0.440000
2017-05-30,0.400000
2017-05-31,0.400000
2017-06-01,0.400000
2017-06-02,0.360000
2017-06-05,0.390000
2017-06-06,0.370000
2017-06-07,0.400000
2017-06-08,0.410000
2017-06-09,0.430000
2017-06-12,0.460000
2017-06-13,0.460000
2017-06-14,0.440000
2017-06-15,0.490000
2017-06-16,0.490000
2017-06-19,0.520000
2017-06-20,0.500000
2017-06-21,0.500000
2017-06-22,0.460000
2017-06-23,0.450000
2017-06-26,0.430000
2017-06-27,0.500000
2017-06-28,0.490000
2017-06-29,0.550000
2017-06-30,0.580000
2017-07-03,0.600000
2017-07-05,0.580000
2017-07-06,0.610000
2017-07-07,0.660000
2017-07-10,0.660000
2017-07-11,0.620000
2017-07-12,0.570000
2017-07-13,0.580000
2017-07-14,0.570000
2017-07-17,0.540000
2017-07-18,0.510000
2017-07-19,0.510000
2017-07-20,0.500000
2017-07-21,0.480000
2017-07-24,0.480000
2017-07-25,0.520000
2017-07-26,0.490000
2017-07-27,0.490000
2017-07-28,0.470000
2017-07-31,0.480000
2017-08-01,0.470000
2017-08-02,0.480000
2017-08-03,0.460000
2017-08-04,0.470000
2017-08-07,0.460000
2017-08-08,0.460000
2017-08-09,0.420000
2017-08-10,0.400000
2017-08-11,0.400000
2017-08-14,0.450000
2017-08-15,0.490000
2017-08-16,0.450000
2017-08-17,0.420000
2017-08-18,0.430000
2017-08-21,0.430000
2017-08-22,0.450000
2017-08-23,0.420000
2017-08-24,0.440000
2017-08-25,0.420000
2017-08-28,0.410000
2017-08-29,0.390000
2017-08-30,0.390000
2017-08-31,0.360000
2017-09-01,0.370000
2017-09-05,0.300000
2017-09-06,0.320000
2017-09-07,0.260000
2017-09-08,0.250000
2017-09-11,0.310000
2017-09-12,0.330000
2017-09-13,0.350000
2017-09-14,0.350000
2017-09-15,0.350000
2017-09-18,0.360000
2017-09-19,0.370000
2017-09-20,0.430000
2017-09-21,0.440000
2017-09-22,0.420000
2017-09-25,0.380000
2017-09-26,0.400000
2017-09-27,0.440000
2017-09-28,0.440000
2017-09-29,0.490000
2017-10-02,0.510000
2017-10-03,0.490000
2017-10-04,0.480000
2017-10-05,0.490000
2017-10-06,0.500000
2017-10-10,0.470000
2017-10-11,0.460000
2017-10-12,0.440000
2017-10-13,0.430000
2017-10-16,0.460000
2017-10-17,0.480000
2017-10-18,0.500000
2017-10-19,0.490000
2017-10-20,0.520000
2017-10-23,0.520000
2017-10-24,0.550000
2017-10-25,0.560000
2017-10-26,0.570000
2017-10-27,0.540000
2017-10-30,0.500000
2017-10-31,0.500000
2017-11-01,0.490000
2017-11-02,0.480000
2017-11-03,0.480000
2017-11-06,0.460000
2017-11-07,0.440000
2017-11-08,0.450000
2017-11-09,0.460000
2017-11-10,0.520000
2017-11-13,0.520000
2017-11-14,0.510000
2017-11-15,0.480000
2017-11-16,0.530000
2017-11-17,0.490000
2017-11-20,0.520000
2017-11-21,0.520000
2017-11-22,0.480000
2017-11-24,0.500000
2017-11-27,0.490000
2017-11-28,0.500000
2017-11-29,0.530000
2017-11-30,0.560000
2017-12-01,0.510000
2017-12-04,0.500000
2017-12-05,0.500000
2017-12-06,0.470000
2017-12-07,0.500000
2017-12-08,0.500000
2017-12-11,0.510000
2017-12-12,0.510000
2017-12-13,0.480000
2017-12-14,0.480000
2017-12-15,0.470000
2017-12-18,0.500000
2017-12-19,0.550000
2017-12-20,0.570000
2017-12-21,0.550000
2017-12-22,0.540000
2017-12-26,0.530000
2017-12-27,0.480000
2017-12-28,0.470000
2017-12-29,0.440000
2018-01-02,0.460000
2018-01-03,0.460000
2018-01-04,0.450000
2018-01-05,0.460000
2018-01-08,0.470000
2018-01-09,0.520000
2018-01-10,0.520000
2018-01-11,0.540000
2018-01-12,0.540000
2018-01-16,0.510000
2018-01-17,0.530000
2018-01-18,0.570000
2018-01-19,0.580000
2018-01-22,0.600000
2018-01-23,0.570000
2018-01-24,0.580000
2018-01-25,0.560000
2018-01-26,0.570000
2018-01-29,0.610000
2018-01-30,0.630000
2018-01-31,0.610000
2018-02-01,0.670000
2018-02-02,0.700000
2018-02-05,0.670000
2018-02-06,0.690000
2018-02-07,0.740000
2018-02-08,0.760000
2018-02-09,0.780000
2018-02-12,0.790000
2018-02-13,0.780000
2018-02-14,0.820000
2018-02-15,0.790000
2018-02-16,0.780000
2018-02-20,0.780000
2018-02-21,0.820000
2018-02-22,0.810000
2018-02-23,0.760000
2018-02-26,0.730000
2018-02-27,0.770000
2018-02-28,0.750000
2018-03-01,0.710000
2018-03-02,0.740000
2018-03-05,0.750000
2018-03-06,0.760000
2018-03-07,0.760000
2018-03-08,0.750000
2018-03-09,0.780000
2018-03-12,0.770000
2018-03-13,0.750000
2018-03-14,0.740000
2018-03-15,0.740000
2018-03-16,0.770000
2018-03-19,0.770000
2018-03-20,0.810000
2018-03-21,0.800000
2018-03-22,0.750000
2018-03-23,0.750000
2018-03-26,0.770000
2018-03-27,0.710000
2018-03-28,0.720000
2018-03-29,0.690000
2018-04-02,0.680000
2018-04-03,0.710000
2018-04-04,0.710000
2018-04-05,0.750000
2018-04-06,0.700000
2018-04-09,0.710000
2018-04-10,0.720000
2018-04-11,0.680000
2018-04-12,0.700000
2018-04-13,0.690000
2018-04-16,0.710000
2018-04-17,0.680000
2018-04-18,0.710000
2018-04-19,0.750000
2018-04-20,0.790000
2018-04-23,0.800000
2018-04-24,0.830000
2018-04-25,0.860000
2018-04-26,0.820000
2018-04-27,0.790000
2018-04-30,0.780000
2018-05-01,0.810000
2018-05-02,0.800000
2018-05-03,0.780000
2018-05-04,0.790000
2018-05-07,0.780000
2018-05-08,0.810000
2018-05-09,0.820000
2018-05-10,0.800000
2018-05-11,0.820000
2018-05-14,0.850000
2018-05-15,0.900000
2018-05-16,0.920000
2018-05-17,0.950000
2018-05-18,0.910000
2018-05-21,0.900000
2018-05-22,0.910000
2018-05-23,0.870000
2018-05-24,0.860000
2018-05-25,0.840000
2018-05-29,0.730000
2018-05-30,0.780000
2018-05-31,0.760000
2018-06-01,0.800000
2018-06-04,0.820000
2018-06-05,0.790000
2018-06-06,0.830000
2018-06-07,0.800000
2018-06-08,0.820000
2018-06-11,0.830000
2018-06-12,0.830000
2018-06-13,0.860000
2018-06-14,0.820000
2018-06-15,0.810000
2018-06-18,0.800000
2018-06-19,0.770000
2018-06-20,0.810000
2018-06-21,0.790000
2018-06-22,0.780000
2018-06-25,0.770000
2018-06-26,0.760000
2018-06-27,0.720000
2018-06-28,0.740000
2018-06-29,0.740000
2018-07-02,0.730000
2018-07-03,0.710000
2018-07-05,0.710000
2018-07-06,0.700000
2018-07-09,0.730000
2018-07-10,0.740000
2018-07-11,0.740000
2018-07-12,0.750000
2018-07-13,0.720000
2018-07-16,0.750000
2018-07-17,0.770000
2018-07-18,0.790000
2018-07-19,0.750000
2018-07-20,0.780000
2018-07-23,0.850000
2018-07-24,0.840000
2018-07-25,0.810000
2018-07-26,0.870000
2018-07-27,0.840000
2018-07-30,0.850000
2018-07-31,0.840000
2018-08-01,0.870000
2018-08-02,0.860000
2018-08-03,0.830000
2018-08-06,0.830000
2018-08-07,0.850000
2018-08-08,0.850000
2018-08-09,0.820000
2018-08-10,0.780000
2018-08-13,0.780000
2018-08-14,0.800000
2018-08-15,0.780000
2018-08-16,0.790000
2018-08-17,0.790000
2018-08-20,0.750000
2018-08-21,0.770000
2018-08-22,0.740000
2018-08-23,0.730000
2018-08-24,0.730000
2018-08-27,0.740000
2018-08-28,0.770000
2018-08-29,0.770000
2018-08-30,0.760000
2018-08-31,0.780000
2018-09-04,0.800000
2018-09-05,0.810000
2018-09-06,0.800000
2018-09-07,0.840000
2018-09-10,0.840000
2018-09-11,0.860000
2018-09-12,0.850000
2018-09-13,0.870000
2018-09-14,0.890000
2018-09-17,0.890000
2018-09-18,0.920000
2018-09-19,0.930000
2018-09-20,0.920000
2018-09-21,0.920000
2018-09-24,0.920000
2018-09-25,0.940000
2018-09-26,0.920000
2018-09-27,0.910000
2018-09-28,0.910000
2018-10-01,0.950000
2018-10-02,0.930000
2018-10-03,0.990000
2018-10-04,1.030000
2018-10-05,1.070000
2018-10-09,1.040000
2018-10-10,1.060000
2018-10-11,1.020000
2018-10-12,1.030000
2018-10-15,1.030000
2018-10-16,1.030000
2018-10-17,1.060000
2018-10-18,1.070000
2018-10-19,1.090000
2018-10-22,1.090000
2018-10-23,1.080000
2018-10-24,1.030000
2018-10-25,1.090000
2018-10-26,1.020000
2018-10-29,1.020000
2018-10-30,1.070000
2018-10-31,1.100000
2018-11-01,1.120000
2018-11-02,1.160000
2018-11-05,1.140000
2018-11-06,1.150000
2018-11-07,1.150000
2018-11-08,1.170000
2018-11-09,1.150000
2018-11-13,1.120000
2018-11-14,1.120000
2018-11-15,1.110000
2018-11-16,1.060000
2018-11-19,1.070000
2018-11-20,1.090000
2018-11-21,1.090000
2018-11-23,1.090000
2018-11-26,1.110000
2018-11-27,1.150000
2018-11-28,1.120000
2018-11-29,1.050000
2018-11-30,1.040000
2018-12-03,1.020000
2018-12-04,0.970000
2018-12-06,0.970000
2018-12-07,0.960000
2018-12-10,0.990000
2018-12-11,1.060000
2018-12-12,1.080000
2018-12-13,1.080000
2018-12-14,1.070000
2018-12-17,1.050000
2018-12-18,1.010000
2018-12-19,0.970000
2018-12-20,1.030000
2018-12-21,1.020000
2018-12-24,0.990000
2018-12-26,1.040000
2018-12-27,1.030000
2018-12-28,0.990000
2018-12-31,0.980000
2019-01-02,0.960000
2019-01-03,0.880000
2019-01-04,0.910000
2019-01-07,0.920000
2019-01-08,0.910000
2019-01-09,0.910000
2019-01-10,0.930000
2019-01-11,0.880000
2019-01-14,0.900000
2019-01-15,0.910000
2019-01-16,0.910000
2019-01-17,0.960000
2019-01-18,0.960000
2019-01-22,0.950000
2019-01-23,0.960000
2019-01-24,0.950000
2019-01-25,0.970000
2019-01-28,0.970000
2019-01-29,0.940000
2019-01-30,0.860000
2019-01-31,0.780000
2019-02-01,0.820000
2019-02-04,0.860000
2019-02-05,0.840000
2019-02-06,0.840000
2019-02-07,0.810000
2019-02-08,0.810000
2019-02-11,0.830000
2019-02-12,0.850000
2019-02-13,0.850000
2019-02-14,0.810000
2019-02-15,0.800000
2019-02-19,0.780000
2019-02-20,0.760000
2019-02-21,0.780000
2019-02-22,0.740000
2019-02-25,0.750000
2019-02-26,0.720000
2019-02-27,0.760000
2019-02-28,0.780000
2019-03-01,0.800000
2019-03-04,0.780000
2019-03-05,0.790000
2019-03-06,0.780000
2019-03-07,0.740000
2019-03-08,0.720000
2019-03-11,0.730000
2019-03-12,0.710000
2019-03-13,0.690000
2019-03-14,0.690000
2019-03-15,0.650000
2019-03-18,0.640000
2019-03-19,0.660000
2019-03-20,0.580000
2019-03-21,0.580000
2019-03-22,0.540000
2019-03-25,0.550000
2019-03-26,0.550000
2019-03-27,0.550000
2019-03-28,0.560000
2019-03-29,0.530000
2019-04-01,0.590000
2019-04-02,0.580000
2019-04-03,0.610000
2019-04-04,0.610000
2019-04-05,0.600000
2019-04-08,0.610000
2019-04-09,0.600000
2019-04-10,0.540000
2019-04-11,0.570000
2019-04-12,0.610000
2019-04-15,0.610000
2019-04-16,0.640000
2019-04-17,0.650000
2019-04-18,0.620000
2019-04-22,0.640000
2019-04-23,0.620000
2019-04-24,0.570000
2019-04-25,0.560000
2019-04-26,0.540000
2019-04-29,0.580000
2019-04-30,0.560000
2019-05-01,0.590000
2019-05-02,0.660000
2019-05-03,0.630000
2019-05-06,0.600000
2019-05-07,0.580000
2019-05-08,0.620000
2019-05-09,0.600000
2019-05-10,0.590000
2019-05-13,0.550000
2019-05-14,0.560000
2019-05-15,0.540000
2019-05-16,0.560000
2019-05-17,0.580000
2019-05-20,0.600000
2019-05-21,0.600000
2019-05-22,0.600000
2019-05-23,0.580000
2019-05-24,0.560000
2019-05-28,0.530000
2019-05-29,0.500000
2019-05-30,0.480000
2019-05-31,0.400000
2019-06-03,0.340000
2019-06-04,0.380000
2019-06-05,0.370000
2019-06-06,0.390000
2019-06-07,0.350000
2019-06-10,0.420000
2019-06-11,0.430000
2019-06-12,0.420000
2019-06-13,0.420000
2019-06-14,0.460000
2019-06-17,0.480000
2019-06-18,0.420000
2019-06-19,0.360000
2019-06-20,0.270000
2019-06-21,0.340000
2019-06-24,0.310000
2019-06-25,0.330000
2019-06-26,0.350000
2019-06-27,0.330000
2019-06-28,0.310000
2019-07-01,0.340000
2019-07-02,0.330000
2019-07-03,0.310000
2019-07-05,0.350000
2019-07-08,0.350000
2019-07-09,0.360000
2019-07-10,0.330000
2019-07-11,0.360000
2019-07-12,0.350000
2019-07-15,0.320000
2019-07-16,0.330000
2019-07-17,0.310000
2019-07-18,0.250000
2019-07-19,0.250000
2019-07-22,0.260000
2019-07-23,0.270000
2019-07-24,0.260000
2019-07-25,0.280000
2019-07-26,0.300000
2019-07-29,0.290000
2019-07-30,0.280000
2019-07-31,0.260000
2019-08-01,0.200000
2019-08-02,0.200000
2019-08-05,0.150000
2019-08-06,0.110000
2019-08-07,0.090000
2019-08-08,0.070000
2019-08-09,0.080000
2019-08-12,0.040000
2019-08-13,0.050000
2019-08-14,0.020000
2019-08-15,-0.020000
2019-08-16,0.010000
2019-08-19,0.040000
2019-08-20,0.020000
2019-08-21,0.050000
2019-08-22,0.070000
2019-08-23,-0.020000
2019-08-26,0.000000
2019-08-27,-0.060000
2019-08-28,-0.080000
2019-08-29,-0.090000
2019-08-30,-0.050000
2019-09-03,-0.030000
2019-09-04,-0.040000
2019-09-05,0.010000
2019-09-06,0.010000
2019-09-09,0.060000
2019-09-10,0.120000
2019-09-11,0.150000
2019-09-12,0.160000
2019-09-13,0.230000
2019-09-16,0.170000
2019-09-17,0.150000
2019-09-18,0.210000
2019-09-19,0.180000
2019-09-20,0.130000
2019-09-23,0.110000
2019-09-24,0.060000
2019-09-25,0.130000
2019-09-26,0.130000
2019-09-27,0.160000
2019-09-30,0.150000
2019-10-01,0.130000
2019-10-02,0.100000
2019-10-03,0.060000
2019-10-04,0.020000
2019-10-07,0.050000
2019-10-08,0.060000
2019-10-09,0.100000
2019-10-10,0.150000
2019-10-11,0.200000
2019-10-15,0.210000
2019-10-16,0.180000
2019-10-17,0.170000
2019-10-18,0.160000
2019-10-21,0.190000
2019-10-22,0.170000
2019-10-23,0.160000
2019-10-24,0.150000
2019-10-25,0.150000
2019-10-28,0.210000
2019-10-29,0.230000
2019-10-30,0.210000
2019-10-31,0.150000
2019-11-01,0.140000
2019-11-04,0.150000
2019-11-05,0.180000
2019-11-06,0.150000
2019-11-07,0.230000
2019-11-08,0.230000
2019-11-12,0.220000
2019-11-13,0.220000
2019-11-14,0.200000
2019-11-15,0.210000
2019-11-18,0.180000
2019-11-19,0.160000
2019-11-20,0.130000
2019-11-21,0.140000
2019-11-22,0.150000
2019-11-25,0.140000
2019-11-26,0.120000
2019-11-27,0.140000
2019-11-29,0.170000
2019-12-02,0.180000
2019-12-03,0.090000
2019-12-04,0.110000
2019-12-05,0.130000
2019-12-06,0.150000
2019-12-09,0.140000
2019-12-10,0.140000
2019-12-11,0.100000
2019-12-12,0.180000
2019-12-13,0.120000
2019-12-16,0.160000
2019-12-17,0.140000
2019-12-18,0.160000
2019-12-19,0.150000
2019-12-20,0.150000
2019-12-23,0.180000
2019-12-24,0.150000
2019-12-26,0.160000
2019-12-27,0.150000
2019-12-30,0.150000
2019-12-31,0.150000
2020-01-02,0.080000
2020-01-03,0.030000
2020-01-06,0.060000
2020-01-07,0.090000
2020-01-08,0.120000
2020-01-09,0.110000
2020-01-10,0.070000
2020-01-13,0.080000
2020-01-14,0.050000
2020-01-15,0.040000
2020-01-16,0.070000
2020-01-17,0.090000
2020-01-21,0.040000
2020-01-22,0.050000
2020-01-23,0.040000
2020-01-24,0.020000
2020-01-27,-0.020000
2020-01-28,0.000000
2020-01-29,-0.040000
2020-01-30,-0.070000
2020-01-31,-0.140000
2020-02-03,-0.090000
2020-02-04,-0.030000
2020-02-05,0.000000
2020-02-06,-0.020000
2020-02-07,-0.070000
2020-02-10,-0.100000
2020-02-11,-0.060000
2020-02-12,-0.040000
2020-02-13,-0.060000
2020-02-14,-0.070000
2020-02-18,-0.100000
2020-02-19,-0.090000
2020-02-20,-0.110000
2020-02-21,-0.150000
2020-02-24,-0.210000
2020-02-25,-0.200000
2020-02-26,-0.210000
2020-02-27,-0.230000
2020-02-28,-0.280000
2020-03-02,-0.310000
2020-03-03,-0.430000
2020-03-04,-0.440000
2020-03-05,-0.480000
2020-03-06,-0.570000
2020-03-09,-0.450000
2020-03-10,-0.240000
2020-03-11,-0.140000
2020-03-12,-0.040000
2020-03-13,0.040000
2020-03-16,0.000000
2020-03-17,0.390000
2020-03-18,0.550000
2020-03-19,0.620000
2020-03-20,0.170000
2020-03-23,-0.040000
2020-03-24,-0.130000
2020-03-25,-0.190000
2020-03-26,-0.240000
2020-03-27,-0.220000
2020-03-30,-0.250000
2020-03-31,-0.170000
2020-04-01,-0.290000
2020-04-02,-0.400000
2020-04-03,-0.460000
2020-04-06,-0.470000
2020-04-07,-0.420000
2020-04-08,-0.420000
2020-04-09,-0.500000
2020-04-13,-0.500000
2020-04-14,-0.530000
2020-04-15,-0.560000
2020-04-16,-0.420000
2020-04-17,-0.360000
2020-04-20,-0.310000
2020-04-21,-0.380000
2020-04-22,-0.430000
2020-04-23,-0.440000
2020-04-24,-0.510000
2020-04-27,-0.500000
2020-04-28,-0.520000
2020-04-29,-0.510000
2020-04-30,-0.430000
2020-05-01,-0.420000
2020-05-04,-0.430000
2020-05-05,-0.440000
2020-05-06,-0.380000
2020-05-07,-0.450000
2020-05-08,-0.430000
2020-05-11,-0.400000
2020-05-12,-0.400000
2020-05-13,-0.430000
2020-05-14,-0.430000
2020-05-15,-0.450000
2020-05-18,-0.440000
2020-05-19,-0.450000
2020-05-20,-0.480000
2020-05-21,-0.460000
2020-05-22,-0.460000
2020-05-26,-0.440000
2020-05-27,-0.460000
2020-05-28,-0.480000
2020-05-29,-0.500000
2020-06-01,-0.520000
2020-06-02,-0.500000
2020-06-03,-0.440000
2020-06-04,-0.400000
2020-06-05,-0.360000
2020-06-08,-0.400000
2020-06-09,-0.420000
2020-06-10,-0.520000
2020-06-11,-0.550000
2020-06-12,-0.500000
2020-06-15,-0.520000
2020-06-16,-0.520000
2020-06-17,-0.520000
2020-06-18,-0.570000
2020-06-19,-0.600000
2020-06-22,-0.630000
2020-06-23,-0.660000
2020-06-24,-0.640000
2020-06-25,-0.650000
2020-06-26,-0.680000
2020-06-29,-0.700000
2020-06-30,-0.680000
2020-07-01,-0.680000
2020-07-02,-0.730000
2020-07-06,-0.760000
2020-07-07,-0.780000
2020-07-08,-0.750000
2020-07-09,-0.770000
2020-07-10,-0.760000
2020-07-13,-0.780000
2020-07-14,-0.780000
2020-07-15,-0.770000
2020-07-16,-0.790000
2020-07-17,-0.820000
2020-07-20,-0.840000
2020-07-21,-0.870000
2020-07-22,-0.880000
2020-07-23,-0.900000
2020-07-24,-0.920000
2020-07-27,-0.900000
2020-07-28,-0.920000
2020-07-29,-0.950000
2020-07-30,-0.970000
2020-07-31,-1.000000
2020-08-03,-1.020000
2020-08-04,-1.050000
2020-08-05,-1.060000
2020-08-06,-1.080000
2020-08-07,-1.040000
2020-08-10,-1.020000
2020-08-11,-0.990000
2020-08-12,-0.980000
2020-08-13,-0.960000
2020-08-14,-0.940000
2020-08-17,-0.970000
2020-08-18,-1.010000
2020-08-19,-0.990000
2020-08-20,-0.970000
2020-08-21,-1.000000
2020-08-24,-1.020000
2020-08-25,-1.010000
2020-08-26,-1.030000
2020-08-27,-0.990000
2020-08-28,-1.030000
2020-08-31,-1.080000
2020-09-01,-1.080000
2020-09-02,-1.070000
2020-09-03,-1.020000
2020-09-04,-0.980000
2020-09-08,-0.990000
2020-09-09,-1.000000
2020-09-10,-1.010000
2020-09-11,-0.980000
2020-09-14,-0.970000
2020-09-15,-0.990000
2020-09-16,-0.990000
2020-09-17,-0.970000
2020-09-18,-0.970000
2020-09-21,-0.940000
2020-09-22,-0.940000
2020-09-23,-0.920000
2020-09-24,-0.910000
2020-09-25,-0.920000
2020-09-28,-0.940000
2020-09-29,-0.980000
2020-09-30,-0.940000
2020-10-01,-0.950000
2020-10-02,-0.940000
2020-10-05,-0.900000
2020-10-06,-0.900000
2020-10-07,-0.900000
2020-10-08,-0.940000
2020-10-09,-0.940000
2020-10-13,-0.960000
2020-10-14,-0.960000
2020-10-15,-0.950000
2020-10-16,-0.950000
2020-10-19,-0.930000
2020-10-20,-0.910000
2020-10-21,-0.910000
2020-10-22,-0.890000
2020-10-23,-0.900000
2020-10-26,-0.910000
2020-10-27,-0.920000
2020-10-28,-0.910000
2020-10-29,-0.860000
2020-10-30,-0.820000
2020-11-02,-0.840000
2020-11-03,-0.820000
2020-11-04,-0.860000
2020-11-05,-0.870000
2020-11-06,-0.820000
2020-11-09,-0.770000
2020-11-10,-0.780000
2020-11-12,-0.830000
2020-11-13,-0.830000
2020-11-16,-0.810000
2020-11-17,-0.830000
2020-11-18,-0.820000
2020-11-19,-0.840000
2020-11-20,-0.860000
2020-11-23,-0.850000
2020-11-24,-0.860000
2020-11-25,-0.870000
2020-11-27,-0.910000
2020-11-30,-0.930000
2020-12-01,-0.890000
2020-12-02,-0.900000
2020-12-03,-0.940000
2020-12-04,-0.920000
2020-12-07,-0.940000
2020-12-08,-0.970000
2020-12-09,-0.960000
2020-12-10,-0.960000
2020-12-11,-0.970000
2020-12-14,-0.980000
2020-12-15,-0.990000
2020-12-16,-1.000000
2020-12-17,-1.000000
2020-12-18,-1.000000
2020-12-21,-1.000000
2020-12-22,-1.010000
2020-12-23,-1.010000
2020-12-24,-1.030000
2020-12-28,-1.030000
2020-12-29,-1.020000
2020-12-30,-1.030000
2020-12-31,-1.060000
2021-01-04,-1.080000
2021-01-05,-1.070000
2021-01-06,-1.020000
2021-01-07,-1.010000
2021-01-08,-0.930000
2021-01-11,-0.910000
2021-01-12,-0.930000
2021-01-13,-0.960000
2021-01-14,-0.940000
2021-01-15,-0.990000
2021-01-19,-1.000000
2021-01-20,-1.020000
2021-01-21,-0.980000
2021-01-22,-0.990000
2021-01-25,-1.030000
2021-01-26,-1.030000
2021-01-27,-1.040000
2021-01-28,-1.060000
2021-01-29,-1.020000
2021-02-01,-1.020000
2021-02-02,-1.030000
2021-02-03,-1.040000
2021-02-04,-1.020000
2021-02-05,-1.020000
2021-02-08,-1.030000
2021-02-09,-1.040000
2021-02-10,-1.060000
2021-02-11,-1.040000
2021-02-12,-1.010000
2021-02-16,-0.940000
2021-02-17,-0.920000
2021-02-18,-0.870000
2021-02-19,-0.800000
2021-02-22,-0.790000
2021-02-23,-0.790000
2021-02-24,-0.790000
2021-02-25,-0.600000
2021-02-26,-0.710000
2021-03-01,-0.710000
2021-03-02,-0.780000
2021-03-03,-0.740000
2021-03-04,-0.660000
2021-03-05,-0.660000
2021-03-08,-0.620000
2021-03-09,-0.660000
2021-03-10,-0.730000
2021-03-11,-0.740000
2021-03-12,-0.620000
2021-03-15,-0.650000
2021-03-16,-0.680000
2021-03-17,-0.670000
2021-03-18,-0.560000
2021-03-19,-0.570000
2021-03-22,-0.640000
2021-03-23,-0.660000
2021-03-24,-0.690000
2021-03-25,-0.690000
2021-03-26,-0.670000
2021-03-29,-0.630000
2021-03-30,-0.620000
2021-03-31,-0.630000
2021-04-01,-0.660000
2021-04-02,-0.640000
2021-04-05,-0.620000
2021-04-06,-0.650000
2021-04-07,-0.660000
2021-04-08,-0.690000
2021-04-09,-0.640000
2021-04-12,-0.640000
2021-04-13,-0.690000
2021-04-14,-0.690000
2021-04-15,-0.770000
2021-04-16,-0.770000
2021-04-19,-0.730000
2021-04-20,-0.740000
2021-04-21,-0.760000
2021-04-22,-0.760000
2021-04-23,-0.760000
2021-04-26,-0.780000
2021-04-27,-0.760000
2021-04-28,-0.780000
2021-04-29,-0.770000
2021-04-30,-0.760000
2021-05-03,-0.790000
2021-05-04,-0.810000
2021-05-05,-0.880000
2021-05-06,-0.870000
2021-05-07,-0.890000
2021-05-10,-0.910000
2021-05-11,-0.890000
2021-05-12,-0.850000
2021-05-13,-0.850000
2021-05-14,-0.880000
2021-05-17,-0.900000
2021-05-18,-0.880000
2021-05-19,-0.800000
2021-05-20,-0.780000
2021-05-21,-0.800000
2021-05-24,-0.830000
2021-05-25,-0.860000
2021-05-26,-0.820000
2021-05-27,-0.810000
2021-05-28,-0.840000
2021-06-01,-0.840000
2021-06-02,-0.850000
2021-06-03,-0.790000
2021-06-04,-0.840000
2021-06-07,-0.820000
2021-06-08,-0.830000
2021-06-09,-0.820000
2021-06-10,-0.900000
2021-06-11,-0.850000
2021-06-14,-0.850000
2021-06-15,-0.870000
2021-06-16,-0.750000
2021-06-17,-0.750000
2021-06-18,-0.790000
2021-06-21,-0.750000
2021-06-22,-0.830000
2021-06-23,-0.840000
2021-06-24,-0.810000
2021-06-25,-0.800000
2021-06-28,-0.840000
2021-06-29,-0.830000
2021-06-30,-0.870000
2021-07-01,-0.870000
2021-07-02,-0.890000
2021-07-06,-0.940000
2021-07-07,-0.950000
2021-07-08,-0.920000
2021-07-09,-0.910000
2021-07-12,-0.950000
2021-07-13,-0.940000
2021-07-14,-0.970000
2021-07-15,-1.010000
2021-07-16,-1.020000
2021-07-19,-1.050000
2021-07-20,-1.030000
2021-07-21,-0.980000
2021-07-22,-1.010000
2021-07-23,-1.050000
2021-07-26,-1.110000
2021-07-27,-1.130000
2021-07-28,-1.150000
2021-07-29,-1.150000
2021-07-30,-1.160000
2021-08-02,-1.170000
2021-08-03,-1.190000
2021-08-04,-1.160000
2021-08-05,-1.100000
2021-08-06,-1.060000
2021-08-09,-1.040000
2021-08-10,-1.040000
2021-08-11,-1.070000
2021-08-12,-1.050000
2021-08-13,-1.080000
2021-08-16,-1.100000
2021-08-17,-1.070000
2021-08-18,-1.050000
2021-08-19,-1.040000
2021-08-20,-1.010000
2021-08-23,-1.020000
2021-08-24,-1.010000
2021-08-25,-1.000000
2021-08-26,-0.990000
2021-08-27,-1.080000
2021-08-30,-1.080000
2021-08-31,-1.030000
2021-09-01,-1.030000
2021-09-02,-1.030000
2021-09-03,-1.010000
2021-09-07,-0.980000
2021-09-08,-1.030000
2021-09-09,-1.080000
2021-09-10,-1.050000
2021-09-13,-1.040000
2021-09-14,-1.050000
2021-09-15,-1.040000
2021-09-16,-1.010000
2021-09-17,-0.960000
2021-09-20,-0.980000
2021-09-21,-0.960000
2021-09-22,-0.960000
2021-09-23,-0.900000
2021-09-24,-0.870000
2021-09-27,-0.870000
2021-09-28,-0.840000
2021-09-29,-0.820000
2021-09-30,-0.850000
2021-10-01,-0.900000
2021-10-04,-0.890000
2021-10-05,-0.910000
2021-10-06,-0.900000
2021-10-07,-0.880000
2021-10-08,-0.890000
2021-10-12,-0.900000
2021-10-13,-0.960000
2021-10-14,-1.000000
2021-10-15,-0.970000
2021-10-18,-0.950000
2021-10-19,-0.890000
2021-10-20,-0.920000
2021-10-21,-0.960000
2021-10-22,-0.980000
2021-10-25,-1.020000
2021-10-26,-1.060000
2021-10-27,-1.110000
2021-10-28,-1.000000
2021-10-29,-0.960000
2021-11-01,-0.920000
2021-11-02,-0.950000
2021-11-03,-0.930000
2021-11-04,-1.030000
2021-11-05,-1.090000
2021-11-08,-1.110000
2021-11-09,-1.170000
2021-11-10,-1.140000
2021-11-12,-1.150000
2021-11-15,-1.130000
2021-11-16,-1.100000
2021-11-17,-1.100000
2021-11-18,-1.140000
2021-11-19,-1.110000
2021-11-22,-0.980000
2021-11-23,-0.950000
2021-11-24,-0.970000
2021-11-26,-1.070000
2021-11-29,-1.020000
2021-11-30,-1.070000
2021-12-01,-1.010000
2021-12-02,-1.030000
2021-12-03,-1.080000
2021-12-06,-1.010000
2021-12-07,-0.990000
2021-12-08,-1.000000
2021-12-09,-0.980000
2021-12-10,-0.960000
2021-12-13,-0.980000
2021-12-14,-0.930000
2021-12-15,-0.920000
2021-12-16,-0.980000
2021-12-17,-0.970000
2021-12-20,-0.960000
2021-12-21,-0.960000
2021-12-22,-1.010000
2021-12-23,-0.970000
2021-12-27,-1.020000
2021-12-28,-1.010000
2021-12-29,-0.980000
2021-12-30,-1.060000
2021-12-31,-1.040000
2022-01-03,-0.970000
2022-01-04,-0.910000
2022-01-05,-0.820000
2022-01-06,-0.730000
2022-01-07,-0.720000
2022-01-10,-0.700000
2022-01-11,-0.790000
2022-01-12,-0.740000
2022-01-13,-0.730000
2022-01-14,-0.660000
2022-01-18,-0.590000
2022-01-19,-0.570000
2022-01-20,-0.500000
2022-01-21,-0.590000
2022-01-24,-0.630000
2022-01-25,-0.630000
2022-01-26,-0.530000
2022-01-27,-0.590000
2022-01-28,-0.660000
2022-01-31,-0.650000
2022-02-01,-0.620000
2022-02-02,-0.630000
2022-02-03,-0.560000
2022-02-04,-0.480000
2022-02-07,-0.480000
2022-02-08,-0.460000
2022-02-09,-0.480000
2022-02-10,-0.420000
2022-02-11,-0.510000
2022-02-14,-0.500000
2022-02-15,-0.430000
2022-02-16,-0.430000
2022-02-17,-0.460000
2022-02-18,-0.490000
2022-02-22,-0.510000
2022-02-23,-0.540000
2022-02-24,-0.590000
2022-02-25,-0.570000
2022-02-28,-0.790000
2022-03-01,-0.900000
2022-03-02,-0.850000
2022-03-03,-0.830000
2022-03-04,-0.930000
2022-03-07,-0.990000
2022-03-08,-1.040000
2022-03-09,-0.900000
2022-03-10,-0.880000
2022-03-11,-0.940000
2022-03-14,-0.790000
2022-03-15,-0.690000
2022-03-16,-0.610000
2022-03-17,-0.710000
2022-03-18,-0.720000
2022-03-21,-0.580000
2022-03-22,-0.530000
2022-03-23,-0.620000
2022-03-24,-0.580000
2022-03-25,-0.470000
2022-03-28,-0.490000
2022-03-29,-0.450000
2022-03-30,-0.510000
2022-03-31,-0.520000
2022-04-01,-0.410000
2022-04-04,-0.380000
2022-04-05,-0.300000
2022-04-06,-0.220000
2022-04-07,-0.160000
2022-04-08,-0.150000
2022-04-11,-0.120000
2022-04-12,-0.140000
2022-04-13,-0.100000
2022-04-14,-0.060000
2022-04-18,-0.070000
2022-04-19,0.000000
2022-04-20,-0.070000
2022-04-21,-0.120000
2022-04-22,-0.080000
2022-04-25,-0.100000
2022-04-26,-0.080000
2022-04-27,-0.060000
2022-04-28,-0.120000
2022-04-29,0.010000
2022-05-02,0.180000
2022-05-03,0.140000
2022-05-04,0.070000
2022-05-05,0.180000
2022-05-06,0.260000
2022-05-09,0.300000
2022-05-10,0.340000
2022-05-11,0.210000
2022-05-12,0.250000
2022-05-13,0.240000
2022-05-16,0.200000
2022-05-17,0.270000
2022-05-18,0.170000
2022-05-19,0.250000
2022-05-20,0.230000
2022-05-23,0.260000
2022-05-24,0.210000
2022-05-25,0.190000
2022-05-26,0.130000
2022-05-27,0.110000
2022-05-31,0.210000
2022-06-01,0.290000
2022-06-02,0.260000
2022-06-03,0.220000
2022-06-06,0.280000
2022-06-07,0.250000
2022-06-08,0.280000
2022-06-09,0.290000
2022-06-10,0.390000
2022-06-13,0.690000
2022-06-14,0.890000
2022-06-15,0.630000
2022-06-16,0.660000
2022-06-17,0.670000
2022-06-21,0.700000
2022-06-22,0.620000
2022-06-23,0.590000
2022-06-24,0.570000
2022-06-27,0.650000
2022-06-28,0.720000
2022-06-29,0.740000
2022-06-30,0.650000
2022-07-01,0.540000
2022-07-05,0.520000
2022-07-06,0.640000
2022-07-07,0.680000
2022-07-08,0.720000
2022-07-11,0.670000
2022-07-12,0.640000
2022-07-13,0.600000
2022-07-14,0.620000
2022-07-15,0.570000
2022-07-18,0.590000
2022-07-19,0.620000
2022-07-20,0.660000
2022-07-21,0.580000
2022-07-22,0.430000
2022-07-25,0.450000
2022-07-26,0.450000
2022-07-27,0.360000
2022-07-28,0.200000
2022-07-29,0.140000
2022-08-01,0.090000
2022-08-02,0.270000
2022-08-03,0.230000
2022-08-04,0.220000
2022-08-05,0.370000
2022-08-08,0.290000
2022-08-09,0.330000
2022-08-10,0.350000
2022-08-11,0.400000
2022-08-12,0.370000
2022-08-15,0.350000
2022-08-16,0.380000
2022-08-17,0.430000
2022-08-18,0.360000
2022-08-19,0.430000
2022-08-22,0.460000
2022-08-23,0.470000
2022-08-24,0.490000
2022-08-25,0.430000
2022-08-26,0.470000
2022-08-29,0.540000
2022-08-30,0.560000
2022-08-31,0.670000
2022-09-01,0.810000
2022-09-02,0.730000
2022-09-06,0.850000
2022-09-07,0.820000
2022-09-08,0.880000
2022-09-09,0.910000
2022-09-12,0.950000
2022-09-13,0.980000
2022-09-14,0.950000
2022-09-15,1.020000
2022-09-16,1.070000
2022-09-19,1.150000
2022-09-20,1.170000
2022-09-21,1.130000
2022-09-22,1.290000
2022-09-23,1.320000
2022-09-26,1.560000
2022-09-27,1.640000
2022-09-28,1.390000
2022-09-29,1.570000
2022-09-30,1.680000
2022-10-03,1.430000
2022-10-04,1.380000
2022-10-05,1.540000
2022-10-06,1.610000
2022-10-07,1.620000
2022-10-11,1.620000
2022-10-12,1.620000
2022-10-13,1.630000
2022-10-14,1.590000
2022-10-17,1.570000
2022-10-18,1.600000
2022-10-19,1.720000
2022-10-20,1.730000
2022-10-21,1.690000
2022-10-24,1.660000
2022-10-25,1.590000
2022-10-26,1.600000
2022-10-27,1.510000
2022-10-28,1.510000
2022-10-31,1.580000
2022-11-01,1.560000
2022-11-02,1.570000
2022-11-03,1.740000
2022-11-04,1.690000
2022-11-07,1.690000
2022-11-08,1.640000
2022-11-09,1.700000
2022-11-10,1.430000
2022-11-14,1.510000
2022-11-15,1.450000
2022-11-16,1.380000
2022-11-17,1.490000
2022-11-18,1.570000
2022-11-21,1.520000
2022-11-22,1.440000
2022-11-23,1.390000
2022-11-25,1.360000
2022-11-28,1.430000
2022-11-29,1.500000
2022-11-30,1.340000
2022-12-01,1.170000
2022-12-02,1.080000
2022-12-05,1.210000
2022-12-06,1.200000
2022-12-07,1.160000
2022-12-08,1.200000
2022-12-09,1.310000
2022-12-12,1.330000
2022-12-13,1.270000
2022-12-14,1.300000
2022-12-15,1.280000
2022-12-16,1.350000
2022-12-19,1.420000
2022-12-20,1.450000
2022-12-21,1.410000
2022-12-22,1.480000
2022-12-23,1.550000
2022-12-27,1.580000
2022-12-28,1.600000
2022-12-29,1.560000
2022-12-30,1.580000
2023-01-03,1.530000
2023-01-04,1.470000
2023-01-05,1.490000
2023-01-06,1.340000
2023-01-09,1.310000
2023-01-10,1.370000
2023-01-11,1.310000
2023-01-12,1.220000
2023-01-13,1.310000
2023-01-17,1.360000
2023-01-18,1.250000
2023-01-19,1.190000
2023-01-20,1.250000
2023-01-23,1.240000
2023-01-24,1.190000
2023-01-25,1.170000
2023-01-26,1.160000
2023-01-27,1.190000
2023-01-30,1.260000
2023-01-31,1.280000
2023-02-01,1.140000
2023-02-02,1.180000
2023-02-03,1.310000
2023-02-06,1.380000
2023-02-07,1.360000
2023-02-08,1.290000
2023-02-09,1.340000
2023-02-10,1.410000
2023-02-13,1.410000
2023-02-14,1.460000
2023-02-15,1.460000
2023-02-16,1.490000
2023-02-17,1.460000
2023-02-21,1.530000
2023-02-22,1.520000
2023-02-23,1.490000
2023-02-24,1.570000
2023-02-27,1.560000
2023-02-28,1.490000
2023-03-01,1.570000
2023-03-02,1.600000
2023-03-03,1.450000
2023-03-06,1.490000
2023-03-07,1.590000
2023-03-08,1.660000
2023-03-09,1.630000
2023-03-10,1.440000
2023-03-13,1.310000
2023-03-14,1.330000
2023-03-15,1.220000
2023-03-16,1.340000
2023-03-17,1.290000
2023-03-20,1.330000
2023-03-21,1.360000
2023-03-22,1.200000
2023-03-23,1.190000
2023-03-24,1.160000
2023-03-27,1.290000
2023-03-28,1.240000
2023-03-29,1.240000
2023-03-30,1.210000
2023-03-31,1.160000
2023-04-03,1.140000
2023-04-04,1.100000
2023-04-05,1.070000
2023-04-06,1.060000
2023-04-07,1.140000
2023-04-10,1.140000
2023-04-11,1.140000
2023-04-12,1.140000
2023-04-13,1.160000
2023-04-14,1.220000
2023-04-17,1.280000
2023-04-18,1.300000
2023-04-19,1.320000
2023-04-20,1.280000
2023-04-21,1.290000
2023-04-24,1.240000
2023-04-25,1.150000
2023-04-26,1.180000
2023-04-27,1.260000
2023-04-28,1.260000
2023-05-01,1.360000
2023-05-02,1.240000
2023-05-03,1.180000
2023-05-04,1.180000
2023-05-05,1.230000
2023-05-08,1.290000
2023-05-09,1.300000
2023-05-10,1.260000
2023-05-11,1.230000
2023-05-12,1.280000
2023-05-15,1.310000
2023-05-16,1.350000
2023-05-17,1.350000
2023-05-18,1.420000
2023-05-19,1.460000
2023-05-22,1.480000
2023-05-23,1.440000
2023-05-24,1.480000
2023-05-25,1.580000
2023-05-26,1.570000
2023-05-30,1.470000
2023-05-31,1.460000
2023-06-01,1.450000
2023-06-02,1.510000
2023-06-05,1.500000
2023-06-06,1.500000
2023-06-07,1.580000
2023-06-08,1.530000
2023-06-09,1.550000
2023-06-12,1.560000
2023-06-13,1.640000
2023-06-14,1.620000
2023-06-15,1.510000
2023-06-16,1.550000
2023-06-20,1.520000
2023-06-21,1.510000
2023-06-22,1.560000
2023-06-23,1.530000
2023-06-26,1.540000
2023-06-27,1.570000
2023-06-28,1.530000
2023-06-29,1.650000
2023-06-30,1.590000
2023-07-03,1.610000
2023-07-05,1.690000
2023-07-06,1.780000
2023-07-07,1.790000
2023-07-10,1.760000
2023-07-11,1.750000
2023-07-12,1.600000
2023-07-13,1.520000
2023-07-14,1.590000
2023-07-17,1.560000
2023-07-18,1.570000
2023-07-19,1.530000
2023-07-20,1.500000
2023-07-21,1.490000
2023-07-24,1.480000
2023-07-25,1.520000
2023-07-26,1.500000
2023-07-27,1.640000
2023-07-28,1.580000
2023-07-31,1.600000
2023-08-01,1.680000
2023-08-02,1.720000
2023-08-03,1.830000
2023-08-04,1.670000
2023-08-07,1.680000
2023-08-08,1.660000
2023-08-09,1.660000
2023-08-10,1.760000
2023-08-11,1.800000
2023-08-14,1.830000
2023-08-15,1.890000
2023-08-16,1.960000
2023-08-17,1.970000
2023-08-18,1.940000
2023-08-21,2.000000
2023-08-22,1.990000
2023-08-23,1.840000
2023-08-24,1.910000
2023-08-25,1.920000
2023-08-28,1.900000
2023-08-29,1.830000
2023-08-30,1.860000
2023-08-31,1.850000
2023-09-01,1.920000
2023-09-05,1.980000
2023-09-06,2.000000
2023-09-07,1.950000
2023-09-08,1.930000
2023-09-11,1.940000
2023-09-12,1.930000
2023-09-13,1.900000
2023-09-14,1.950000
2023-09-15,1.980000
2023-09-18,1.960000
2023-09-19,2.000000
2023-09-20,2.000000
2023-09-21,2.110000
2023-09-22,2.070000
2023-09-25,2.180000
2023-09-26,2.230000
2023-09-27,2.270000
2023-09-28,2.200000
2023-09-29,2.240000
2023-10-02,2.340000
2023-10-03,2.450000
2023-10-04,2.400000
2023-10-05,2.410000
2023-10-06,2.470000
2023-10-10,2.340000
2023-10-11,2.260000
2023-10-12,2.360000
2023-10-13,2.290000
2023-10-16,2.330000
2023-10-17,2.420000
2023-10-18,2.470000
2023-10-19,2.490000
2023-10-20,2.460000
2023-10-23,2.450000
2023-10-24,2.430000
2023-10-25,2.520000
2023-10-26,2.440000
2023-10-27,2.420000
2023-10-30,2.440000
2023-10-31,2.460000
2023-11-01,2.360000
2023-11-02,2.270000
2023-11-03,2.180000
2023-11-06,2.250000
2023-11-07,2.190000
2023-11-08,2.150000
2023-11-09,2.290000
2023-11-10,2.290000
2023-11-13,2.320000
2023-11-14,2.160000
2023-11-15,2.220000
2023-11-16,2.180000
2023-11-17,2.160000
2023-11-20,2.120000
2023-11-21,2.160000
2023-11-22,2.160000
2023-11-24,2.210000
2023-11-27,2.180000
2023-11-28,2.120000
2023-11-29,2.060000
2023-11-30,2.140000
2023-12-01,2.000000
2023-12-04,2.070000
2023-12-05,2.010000
2023-12-06,1.980000
2023-12-07,1.970000
2023-12-08,2.020000
2023-12-11,2.040000
2023-12-12,2.040000
2023-12-13,1.880000
2023-12-14,1.700000
2023-12-15,1.690000
2023-12-18,1.740000
2023-12-19,1.740000
2023-12-20,1.670000
2023-12-21,1.700000
2023-12-22,1.710000
2023-12-26,1.710000
2023-12-27,1.640000
2023-12-28,1.680000
2023-12-29,1.720000
2024-01-02,1.740000
2024-01-03,1.710000
2024-01-04,1.770000
2024-01-05,1.830000
2024-01-08,1.790000
2024-01-09,1.800000
2024-01-10,1.820000
2024-01-11,1.760000
2024-01-12,1.690000
2024-01-16,1.770000
2024-01-17,1.800000
2024-01-18,1.800000
2024-01-19,1.810000
2024-01-22,1.800000
2024-01-23,1.850000
2024-01-24,1.880000
2024-01-25,1.850000
2024-01-26,1.850000
2024-01-29,1.780000
2024-01-30,1.800000
2024-01-31,1.730000
2024-02-01,1.680000
2024-02-02,1.820000
2024-02-05,1.900000
2024-02-06,1.850000
2024-02-07,1.860000
2024-02-08,1.910000
2024-02-09,1.920000
2024-02-12,1.930000
2024-02-13,2.020000
2024-02-14,1.970000
2024-02-15,1.940000
2024-02-16,1.970000
2024-02-20,1.950000
2024-02-21,1.980000
2024-02-22,2.020000
2024-02-23,1.960000
2024-02-26,1.970000
2024-02-27,1.990000
2024-02-28,1.940000
2024-02-29,1.920000
2024-03-01,1.870000
2024-03-04,1.880000
2024-03-05,1.810000
2024-03-06,1.810000
2024-03-07,1.810000
2024-03-08,1.810000
2024-03-11,1.830000
2024-03-12,1.860000
2024-03-13,1.890000
2024-03-14,1.990000
2024-03-15,1.990000
2024-03-18,2.030000
2024-03-19,2.000000
2024-03-20,1.960000
2024-03-21,1.930000
2024-03-22,1.870000
2024-03-25,1.920000
2024-03-26,1.920000
2024-03-27,1.880000
2024-03-28,1.880000
2024-04-01,1.980000
2024-04-02,2.000000
2024-04-03,2.000000
2024-04-04,1.970000
2024-04-05,2.020000
2024-04-08,2.040000
2024-04-09,2.000000
2024-04-10,2.150000
2024-04-11,2.160000
2024-04-12,2.110000
2024-04-15,2.200000
2024-04-16,2.240000
2024-04-17,2.200000
2024-04-18,2.240000
2024-04-19,2.210000
2024-04-22,2.210000
2024-04-23,2.200000
2024-04-24,2.240000
2024-04-25,2.280000
2024-04-26,2.240000
2024-04-29,2.220000
2024-04-30,2.280000
2024-05-01,2.250000
2024-05-02,2.210000
2024-05-03,2.150000
2024-05-06,2.140000
2024-05-07,2.150000
2024-05-08,2.170000
2024-05-09,2.130000
2024-05-10,2.160000
2024-05-13,2.150000
2024-05-14,2.120000
2024-05-15,2.050000
2024-05-16,2.070000
2024-05-17,2.100000
2024-05-20,2.110000
2024-05-21,2.090000
2024-05-22,2.100000
2024-05-23,2.170000
2024-05-24,2.140000
2024-05-28,2.200000
2024-05-29,2.250000
2024-05-30,2.190000
2024-05-31,2.160000
2024-06-03,2.080000
2024-06-04,2.020000
2024-06-05,1.990000
2024-06-06,2.000000
2024-06-07,2.130000
2024-06-10,2.160000
2024-06-11,2.120000
2024-06-12,2.090000
2024-06-13,2.030000
2024-06-14,2.030000
2024-06-17,2.060000
2024-06-18,2.010000
2024-06-20,2.000000
2024-06-21,2.020000
2024-06-24,2.030000
2024-06-25,2.010000
2024-06-26,2.060000
2024-06-27,2.030000
2024-06-28,2.080000
2024-07-01,2.160000
2024-07-02,2.130000
2024-07-03,2.090000
2024-07-05,2.000000
2024-07-08,2.010000
2024-07-09,2.040000
2024-07-10,2.010000
2024-07-11,1.950000
2024-07-12,1.940000
2024-07-15,1.960000
2024-07-16,1.910000
2024-07-17,1.900000
2024-07-18,1.890000
2024-07-19,1.930000
2024-07-22,1.960000
2024-07-23,1.960000
2024-07-24,2.000000
2024-07-25,1.990000
2024-07-26,1.930000
2024-07-29,1.920000
2024-07-30,1.900000
2024-07-31,1.850000
2024-08-01,1.790000
2024-08-02,1.760000
2024-08-05,1.710000
2024-08-06,1.780000
2024-08-07,1.850000
2024-08-08,1.870000
2024-08-09,1.840000
2024-08-12,1.790000
2024-08-13,1.760000
2024-08-14,1.770000
2024-08-15,1.800000
2024-08-16,1.810000
2024-08-19,1.790000
2024-08-20,1.750000
2024-08-21,1.720000
2024-08-22,1.760000
2024-08-23,1.680000
2024-08-26,1.670000
2024-08-27,1.680000
2024-08-28,1.690000
2024-08-29,1.710000
2024-08-30,1.760000
2024-09-03,1.730000
2024-09-04,1.700000
2024-09-05,1.700000
2024-09-06,1.690000
2024-09-09,1.660000
2024-09-10,1.630000
2024-09-11,1.610000
2024-09-12,1.630000
2024-09-13,1.580000
2024-09-16,1.540000
2024-09-17,1.530000
2024-09-18,1.580000
2024-09-19,1.560000
2024-09-20,1.580000
2024-09-23,1.580000
2024-09-24,1.550000
2024-09-25,1.610000
2024-09-26,1.630000
2024-09-27,1.600000
2024-09-30,1.630000
2024-10-01,1.550000
2024-10-02,1.580000
2024-10-03,1.640000
2024-10-04,1.750000
2024-10-07,1.760000
2024-10-08,1.770000
2024-10-09,1.770000
2024-10-10,1.760000
2024-10-11,1.750000
2024-10-15,1.750000
2024-10-16,1.750000
2024-10-17,1.790000
2024-10-18,1.770000
2024-10-21,1.880000
2024-10-22,1.870000
2024-10-23,1.930000
2024-10-24,1.910000
2024-10-25,1.960000
2024-10-28,1.990000
2024-10-29,1.980000
2024-10-30,1.950000
2024-10-31,1.950000
2024-11-01,2.040000
2024-11-04,2.030000
2024-11-05,1.990000
2024-11-06,2.040000
2024-11-07,1.980000
2024-11-08,1.950000
2024-11-12,2.080000
2024-11-13,2.090000
2024-11-14,2.100000
2024-11-15,2.100000
2024-11-18,2.080000
2024-11-19,2.050000
2024-11-20,2.060000
2024-11-21,2.090000
2024-11-22,2.070000
2024-11-25,1.980000
2024-11-26,2.020000
2024-11-27,1.990000
2024-11-29,1.920000
2024-12-02,1.930000
2024-12-03,1.950000
2024-12-04,1.900000
2024-12-05,1.920000
2024-12-06,1.910000
2024-12-09,1.930000
2024-12-10,1.930000
2024-12-11,1.960000
2024-12-12,2.000000
2024-12-13,2.070000
2024-12-16,2.070000
2024-12-17,2.090000
2024-12-18,2.180000
2024-12-19,2.280000
2024-12-20,2.230000
2024-12-23,2.270000
2024-12-24,2.240000
2024-12-26,2.230000
2024-12-27,2.280000
2024-12-30,2.240000
2024-12-31,2.240000
2025-01-02,2.230000
2025-01-03,2.260000
2025-01-06,2.280000
2025-01-07,2.290000
2025-01-08,2.270000
2025-01-09,2.290000
2025-01-10,2.340000
2025-01-13,2.340000
2025-01-14,2.340000
2025-01-15,2.240000
2025-01-16,2.190000
2025-01-17,2.200000
2025-01-21,2.190000
2025-01-22,2.200000
2025-01-23,2.230000
2025-01-24,2.200000
2025-01-27,2.130000
2025-01-28,2.130000
2025-01-29,2.150000
2025-01-30,2.140000
2025-01-31,2.160000
2025-02-03,2.090000
2025-02-04,2.080000
2025-02-05,2.010000
2025-02-06,2.030000
2025-02-07,2.070000
2025-02-10,2.070000
2025-02-11,2.080000
2025-02-12,2.160000
2025-02-13,2.080000
2025-02-14,2.040000
2025-02-18,2.100000
2025-02-19,2.080000
2025-02-20,2.050000
2025-02-21,2.000000
2025-02-24,1.980000
2025-02-25,1.920000
2025-02-26,1.890000
2025-02-27,1.920000
2025-02-28,1.860000
2025-03-03,1.800000
2025-03-04,1.870000
2025-03-05,1.940000
2025-03-06,1.950000
2025-03-07,1.990000
2025-03-10,1.910000
2025-03-11,1.970000
2025-03-12,1.990000
2025-03-13,1.980000
2025-03-14,2.010000
2025-03-17,2.020000
2025-03-18,1.990000
2025-03-19,1.940000
2025-03-20,1.930000
2025-03-21,1.920000
2025-03-24,1.980000
2025-03-25,1.960000
2025-03-26,1.980000
2025-03-27,1.990000
2025-03-28,1.900000
2025-03-31,1.850000
2025-04-01,1.840000
2025-04-02,1.880000
2025-04-03,1.780000
2025-04-04,1.830000
2025-04-07,1.960000
2025-04-08,2.040000
2025-04-09,2.070000
2025-04-10,2.210000
2025-04-11,2.280000
2025-04-14,2.150000
2025-04-15,2.160000
2025-04-16,2.120000
2025-04-17,2.110000
2025-04-21,2.200000
2025-04-22,2.140000
2025-04-23,2.110000
2025-04-24,2.020000
2025-04-25,2.020000
2025-04-28,1.980000
2025-04-29,1.960000
2025-04-30,1.940000
2025-05-01,2.000000
2025-05-02,2.060000
2025-05-05,2.080000
2025-05-06,2.040000
2025-05-07,2.010000
2025-05-08,2.080000
2025-05-09,2.080000
2025-05-12,2.160000
2025-05-13,2.170000
2025-05-14,2.160000
2025-05-15,2.110000
2025-05-16,2.090000
2025-05-19,2.100000
2025-05-20,2.130000
2025-05-21,2.230000
2025-05-22,2.200000
2025-05-23,2.180000
2025-05-27,2.110000
2025-05-28,2.150000
2025-05-29,2.110000
2025-05-30,2.070000
2025-06-02,2.130000
2025-06-03,2.140000
2025-06-04,2.060000
2025-06-05,2.110000
2025-06-06,2.200000
2025-06-09,2.180000
2025-06-10,2.180000
2025-06-11,2.140000
2025-06-12,2.110000
2025-06-13,2.130000
2025-06-16,2.160000
2025-06-17,2.080000
2025-06-18,2.070000
2025-06-20,2.050000
2025-06-23,2.040000
2025-06-24,2.010000
2025-06-25,2.010000
2025-06-26,1.980000
2025-06-27,2.000000
2025-06-30,1.950000
2025-07-01,1.970000
2025-07-02,2.000000
2025-07-03,2.020000
2025-07-07,2.050000
2025-07-08,2.070000
2025-07-09,2.010000
2025-07-10,2.010000
2025-07-11,2.060000
2025-07-14,2.040000
2025-07-15,2.090000
2025-07-16,2.050000
2025-07-17,2.040000
2025-07-18,2.030000
2025-07-21,1.980000
2025-07-22,1.960000
2025-07-23,2.030000
2025-07-24,1.980000
2025-07-25,1.960000
2025-07-28,1.980000
2025-07-29,1.910000
2025-07-30,1.960000
2025-07-31,1.980000
2025-08-01,1.900000
2025-08-04,1.850000
2025-08-05,1.860000
2025-08-06,1.880000
2025-08-07,1.880000
2025-08-08,1.880000
2025-08-11,1.870000
2025-08-12,1.910000
2025-08-13,1.870000
2025-08-14,1.900000
2025-08-15,1.950000
2025-08-18,1.960000
2025-08-19,1.950000
2025-08-20,1.940000
2025-08-21,1.940000
2025-08-22,1.850000
2025-08-25,1.870000
2025-08-26,1.840000
2025-08-27,1.810000
2025-08-28,1.810000
2025-08-29,1.820000
2025-09-02,1.870000
2025-09-03,1.820000
2025-09-04,1.790000
2025-09-05,1.730000
2025-09-08,1.700000
2025-09-09,1.720000
2025-09-10,1.690000
2025-09-11,1.670000
2025-09-12,1.700000
2025-09-15,1.680000
2025-09-16,1.670000
2025-09-17,1.680000
2025-09-18,1.730000
2025-09-19,1.750000
2025-09-22,1.780000
2025-09-23,1.750000
2025-09-24,1.780000
2025-09-25,1.800000
2025-09-26,1.820000
2025-09-29,1.800000
2025-09-30,1.800000
2025-10-01,1.770000
2025-10-02,1.760000
2025-10-03,1.800000
2025-10-06,1.840000
2025-10-07,1.790000
2025-10-08,1.780000
2025-10-09,1.800000
2025-10-10,1.750000
2025-10-14,1.730000
2025-10-15,1.760000
2025-10-16,1.710000
2025-10-17,1.750000
2025-10-20,1.740000
2025-10-21,1.700000
2025-10-22,1.680000
2025-10-23,1.710000
2025-10-24,1.730000
2025-10-27,1.730000
2025-10-28,1.710000
2025-10-29,1.780000
2025-10-30,1.820000
2025-10-31,1.810000
2025-11-03,1.820000
2025-11-04,1.810000
2025-11-05,1.870000
2025-11-06,1.830000
2025-11-07,1.830000
2025-11-10,1.840000
2025-11-12,1.810000
2025-11-13,1.830000
2025-11-14,1.860000
2025-11-17,1.850000
2025-11-18,1.850000
2025-11-19,1.860000
2025-11-20,1.860000
2025-11-21,1.820000
2025-11-24,1.810000
2025-11-25,1.790000
2025-11-26,1.770000
2025-11-28,1.790000
2025-12-01,1.850000
2025-12-02,1.850000
2025-12-03,1.820000
2025-12-04,1.850000
2025-12-05,1.880000
2025-12-08,1.910000
2025-12-09,1.920000
2025-12-10,1.880000
2025-12-11,1.890000
2025-12-12,1.930000
2025-12-15,1.930000
2025-12-16,1.920000
2025-12-17,1.920000
2025-12-18,1.880000
2025-12-19,1.920000
2025-12-22,1.940000
2025-12-23,1.940000
2025-12-24,1.910000
2025-12-26,1.910000
2025-12-29,1.900000
2025-12-30,1.900000
2025-12-31,1.930000
2026-01-02,1.940000
2026-01-05,1.910000
2026-01-06,1.910000
2026-01-07,1.880000
2026-01-08,1.920000
2026-01-09,1.900000
2026-01-12,1.900000
2026-01-13,1.880000
2026-01-14,1.860000
2026-01-15,1.880000
2026-01-16,1.910000
2026-01-20,1.970000
2026-01-21,1.920000
2026-01-22,1.950000
2026-01-23,1.920000
2026-01-26,1.900000
2026-01-27,1.900000
2026-01-28,1.900000
2026-01-29,1.890000
2026-01-30,1.900000
2026-02-02,1.940000
2026-02-03,1.920000
2026-02-04,1.940000
2026-02-05,1.890000
2026-02-06,1.880000
2026-02-09,1.870000
2026-02-10,1.840000
2026-02-11,1.860000
2026-02-12,1.800000
2026-02-13,1.770000
2026-02-17,1.790000
2026-02-18,1.800000
2026-02-19,1.790000
2026-02-20,1.800000
2026-02-23,1.770000
2026-02-24,1.780000
2026-02-25,1.770000
2026-02-26,1.740000
2026-02-27,1.720000
2026-03-02,1.760000
2026-03-03,1.770000
2026-03-04,1.800000
2026-03-05,1.820000
2026-03-06,1.800000
2026-03-09,1.780000
2026-03-10,1.820000
2026-03-11,1.850000
2026-03-12,1.890000
2026-03-13,1.920000
2026-03-16,1.870000
2026-03-17,1.830000
2026-03-18,1.860000
2026-03-19,1.880000
2026-03-20,2.010000
2026-03-23,2.010000
2026-03-24,2.060000
2026-03-25,2.020000
2026-03-26,2.080000
2026-03-27,2.130000
2026-03-30,2.040000
2026-03-31,2.000000
2026-04-01,2.020000
2026-04-02,1.970000
2026-04-03,1.990000
2026-04-06,1.980000
2026-04-07,1.960000
2026-04-08,1.960000
2026-04-09,1.950000
2026-04-10,1.950000
2026-04-13,1.920000
2026-04-14,1.890000
2026-04-15,1.900000
2026-04-16,1.930000
2026-04-17,1.900000
2026-04-20,1.910000
2026-04-21,1.920000
2026-04-22,1.920000
2026-04-23,1.920000
2026-04-24,1.890000
2026-04-27,1.910000
2026-04-28,1.920000
2026-04-29,1.960000
2026-04-30,1.940000
2026-05-01,1.910000
2026-05-04,1.950000
2026-05-05,1.960000
2026-05-06,1.940000
2026-05-07,1.960000
2026-05-08,1.930000
2026-05-11,1.950000
2026-05-12,1.990000
2026-05-13,1.990000
2026-05-14,2.000000
2026-05-15,2.100000
2026-05-18,2.130000
2026-05-19,2.180000
2026-05-20,2.130000
2026-05-21,2.180000
2026-05-22,2.160000
2026-05-26,2.100000
2026-05-27,2.090000
2026-05-28,2.060000
2026-05-29,2.070000
2026-06-01,2.070000
2026-06-02,2.070000
2026-06-03,2.110000
2026-06-04,2.110000
2026-06-05,2.190000
2026-06-08,2.210000
2026-06-09,2.200000
2026-06-10,2.210000
2026-06-11,2.160000
2026-06-12,2.170000
2026-06-15,2.150000
2026-06-16,2.140000
2026-06-17,2.230000
2026-06-18,2.210000
2026-06-22,2.280000
2026-06-23,2.290000
2026-06-24,2.230000
2026-06-25,2.190000
2026-06-26,2.180000
2026-06-29,2.160000
2026-06-30,2.200000
2026-07-01,2.250000
2026-07-02,2.260000
2026-07-06,2.240000
2026-07-07,2.300000
2026-07-08,2.310000
2026-07-09,2.310000
2026-07-10,2.320000
2026-07-13,2.360000
2026-07-14,2.330000
2026-07-15,2.320000
2026-07-16,2.350000
