date,value
2003-10-29,8.699811
2003-10-30,8.414334
2003-10-31,8.072622
2003-11-03,8.469470
2003-11-04,8.025305
2003-11-05,8.287673
2003-11-06,8.277498
2003-11-07,8.065545
2003-11-10,7.358767
2003-11-11,6.846569
2003-11-12,6.728924
2003-11-13,6.471782
2003-11-14,6.690410
2003-11-17,6.016349
2003-11-18,5.748438
2003-11-19,4.952767
2003-11-20,4.732801
2003-11-21,4.237275
2003-11-24,4.944702
2003-11-25,5.383822
2003-11-26,5.015760
2003-11-28,5.036660
2003-12-01,5.708440
2003-12-02,4.746990
2003-12-03,4.528967
2003-12-04,4.165942
2003-12-05,4.876074
2003-12-08,5.263544
2003-12-09,4.304113
2003-12-10,3.323376
2003-12-11,4.678683
2003-12-12,4.899520
2003-12-15,4.334720
2003-12-16,4.577523
2003-12-17,4.387751
2003-12-18,4.689935
2003-12-19,5.616473
2003-12-22,5.774102
2003-12-23,5.969918
2003-12-24,6.298857
2003-12-26,5.854933
2003-12-29,5.645402
2003-12-30,6.430044
2003-12-31,6.384965
2004-01-02,5.353538
2004-01-05,5.852866
2004-01-06,5.393366
2004-01-07,4.374922
2004-01-08,5.606990
2004-01-09,6.317423
2004-01-12,5.030933
2004-01-13,6.295313
2004-01-14,6.813746
2004-01-15,7.023974
2004-01-16,7.226160
2004-01-20,7.684828
2004-01-21,6.802894
2004-01-22,7.735147
2004-01-23,6.403276
2004-01-26,6.210554
2004-01-27,5.792811
2004-01-28,5.888820
2004-01-29,5.776859
2004-01-30,5.656054
2004-02-02,5.035017
2004-02-03,5.476857
2004-02-04,4.852337
2004-02-05,5.205366
2004-02-06,6.559105
2004-02-09,6.511155
2004-02-10,6.621159
2004-02-11,6.760162
2004-02-12,6.441441
2004-02-13,5.174233
2004-02-17,5.580862
2004-02-18,5.271785
2004-02-19,4.634524
2004-02-20,3.955641
2004-02-23,2.885715
2004-02-24,2.934599
2004-02-25,3.719377
2004-02-26,3.904739
2004-02-27,3.883249
2004-03-01,3.923913
2004-03-02,4.206099
2004-03-03,3.847774
2004-03-04,4.317185
2004-03-05,4.338729
2004-03-08,4.212374
2004-03-09,3.705904
2004-03-10,4.060779
2004-03-11,4.516843
2004-03-12,4.314058
2004-03-15,3.768185
2004-03-16,3.684427
2004-03-17,4.197579
2004-03-18,4.147615
2004-03-19,4.624140
2004-03-22,3.655617
2004-03-23,4.201532
2004-03-24,3.404463
2004-03-25,3.767748
2004-03-26,4.345697
2004-03-29,4.486545
2004-03-30,5.391040
2004-03-31,4.890270
2004-04-01,5.251519
2004-04-02,5.529434
2004-04-05,5.249612
2004-04-06,5.164484
2004-04-07,4.686572
2004-04-08,4.857674
2004-04-12,4.375075
2004-04-13,4.562240
2004-04-14,2.892864
2004-04-15,3.519376
2004-04-16,3.454229
2004-04-19,3.710290
2004-04-20,4.039495
2004-04-21,4.402738
2004-04-22,4.616576
2004-04-23,4.517777
2004-04-26,3.607409
2004-04-27,4.501397
2004-04-28,3.523552
2004-04-29,2.811299
2004-04-30,2.848654
2004-05-03,2.112419
2004-05-04,2.388734
2004-05-05,1.796642
2004-05-06,1.892570
2004-05-07,1.653297
2004-05-10,1.055780
2004-05-11,0.757731
2004-05-12,0.808137
2004-05-13,1.641897
2004-05-14,1.026761
2004-05-17,0.386833
2004-05-18,1.059614
2004-05-19,1.705564
2004-05-20,1.503776
2004-05-21,1.818364
2004-05-24,2.036137
2004-05-25,2.431145
2004-05-26,1.637194
2004-05-27,1.280374
2004-05-28,1.559528
2004-06-01,1.388482
2004-06-02,1.231264
2004-06-03,1.255949
2004-06-04,1.039185
2004-06-07,1.978672
2004-06-08,1.798391
2004-06-09,1.561606
2004-06-10,1.645903
2004-06-14,2.271308
2004-06-15,1.719738
2004-06-16,1.761811
2004-06-17,2.170341
2004-06-18,2.446912
2004-06-21,2.538762
2004-06-22,2.235473
2004-06-23,2.239771
2004-06-24,2.606867
2004-06-25,2.567044
2004-06-28,2.621554
2004-06-29,2.280921
2004-06-30,2.565790
2004-07-01,2.434735
2004-07-02,2.093468
2004-07-06,2.246072
2004-07-07,1.920473
2004-07-08,1.397641
2004-07-09,1.731170
2004-07-12,1.201061
2004-07-13,0.950751
2004-07-14,0.986229
2004-07-15,1.859814
2004-07-16,1.087195
2004-07-19,1.422556
2004-07-20,0.521737
2004-07-21,0.583839
2004-07-22,0.549410
2004-07-23,0.632896
2004-07-26,0.275979
2004-07-27,0.590233
2004-07-28,-0.058487
2004-07-29,0.634135
2004-07-30,0.620711
2004-08-02,0.672120
2004-08-03,0.814785
2004-08-04,0.437295
2004-08-05,0.503126
2004-08-06,0.159564
2004-08-09,0.176527
2004-08-10,-0.016585
2004-08-11,-0.280108
2004-08-12,-0.434678
2004-08-13,-0.822909
2004-08-16,0.155767
2004-08-17,-0.323821
2004-08-18,-0.201861
2004-08-19,-0.039553
2004-08-20,0.361130
2004-08-23,0.506780
2004-08-24,0.464128
2004-08-25,0.519728
2004-08-26,0.061622
2004-08-27,-0.330265
2004-08-30,-0.494493
2004-08-31,-0.802475
2004-09-01,-0.525567
2004-09-02,-0.482719
2004-09-03,-0.675313
2004-09-07,-0.595561
2004-09-08,-0.522017
2004-09-09,-0.290193
2004-09-10,0.298649
2004-09-13,-0.058429
2004-09-14,0.302904
2004-09-15,0.374444
2004-09-16,0.218278
2004-09-17,0.214669
2004-09-20,-0.034662
2004-09-21,0.562080
2004-09-22,0.371382
2004-09-23,0.992347
2004-09-24,0.126748
2004-09-27,-0.081079
2004-09-28,0.425010
2004-09-29,-0.080988
2004-09-30,0.500991
2004-10-01,0.445008
2004-10-04,0.391356
2004-10-05,0.135536
2004-10-06,-0.020501
2004-10-07,0.400480
2004-10-08,0.209452
2004-10-11,-0.196831
2004-10-12,0.078149
2004-10-13,0.928235
2004-10-14,0.412855
2004-10-15,0.348702
2004-10-18,0.319724
2004-10-19,0.089977
2004-10-20,0.443301
2004-10-21,0.108819
2004-10-22,0.781538
2004-10-25,1.540941
2004-10-26,1.408809
2004-10-27,1.926546
2004-10-28,1.858627
2004-10-29,2.122221
2004-11-01,2.386981
2004-11-02,1.842716
2004-11-03,2.114379
2004-11-04,2.718381
2004-11-05,2.996856
2004-11-08,3.500823
2004-11-09,3.443845
2004-11-10,4.067251
2004-11-11,3.483760
2004-11-12,3.897679
2004-11-15,4.240191
2004-11-16,3.822241
2004-11-17,3.708307
2004-11-18,4.102962
2004-11-19,3.904030
2004-11-22,3.726808
2004-11-23,3.234088
2004-11-24,3.960856
2004-11-26,4.348613
2004-11-29,3.879063
2004-11-30,3.510847
2004-12-01,3.837491
2004-12-02,3.667299
2004-12-03,4.049395
2004-12-06,3.561664
2004-12-07,3.366542
2004-12-08,3.184972
2004-12-09,3.438440
2004-12-10,3.673015
2004-12-13,3.474818
2004-12-14,3.557194
2004-12-15,3.827520
2004-12-16,3.243374
2004-12-17,3.649061
2004-12-20,3.243334
2004-12-21,3.047581
2004-12-22,3.100693
2004-12-23,2.468794
2004-12-27,2.108942
2004-12-28,2.594676
2004-12-29,2.429696
2004-12-30,2.856573
2004-12-31,3.369483
2005-01-03,2.649967
2005-01-04,2.565783
2005-01-05,2.909396
2005-01-06,2.629072
2005-01-07,2.667214
2005-01-10,2.280525
2005-01-11,2.557894
2005-01-12,1.772972
2005-01-13,2.649025
2005-01-14,2.633291
2005-01-18,2.983656
2005-01-19,2.863473
2005-01-20,3.089847
2005-01-21,3.170961
2005-01-24,3.071636
2005-01-25,2.925102
2005-01-26,3.869805
2005-01-27,3.450047
2005-01-28,3.098907
2005-01-31,3.462336
2005-02-01,3.820378
2005-02-02,4.158227
2005-02-03,4.474592
2005-02-04,5.170002
2005-02-07,4.613620
2005-02-08,4.457205
2005-02-09,4.438015
2005-02-10,4.574347
2005-02-11,5.259151
2005-02-14,4.202235
2005-02-15,4.545888
2005-02-16,4.125562
2005-02-17,4.319551
2005-02-18,3.802551
2005-02-22,3.842121
2005-02-23,3.827657
2005-02-24,3.635108
2005-02-25,3.861492
2005-02-28,4.108390
2005-03-01,4.293724
2005-03-02,4.308705
2005-03-03,4.306264
2005-03-04,3.865001
2005-03-07,4.370791
2005-03-08,3.940640
2005-03-09,4.348076
2005-03-10,3.624729
2005-03-11,3.790766
2005-03-14,3.930919
2005-03-15,4.044952
2005-03-16,3.814718
2005-03-17,3.618614
2005-03-18,3.729633
2005-03-21,3.672864
2005-03-22,3.450194
2005-03-23,3.393828
2005-03-24,3.081888
2005-03-28,3.534661
2005-03-29,3.093848
2005-03-30,3.120596
2005-03-31,3.569042
2005-04-01,2.995739
2005-04-04,2.819301
2005-04-05,2.398902
2005-04-06,2.426980
2005-04-07,2.616543
2005-04-08,2.764190
2005-04-11,2.723222
2005-04-12,3.245505
2005-04-13,2.804011
2005-04-14,2.537722
2005-04-15,1.773235
2005-04-18,2.146211
2005-04-19,2.395635
2005-04-20,2.443264
2005-04-21,2.125035
2005-04-22,1.320180
2005-04-25,1.420448
2005-04-26,1.151634
2005-04-27,1.039588
2005-04-28,0.746538
2005-04-29,0.817466
2005-05-02,0.247959
2005-05-03,0.243384
2005-05-04,1.024464
2005-05-05,0.937579
2005-05-06,1.026117
2005-05-09,0.966701
2005-05-10,0.944707
2005-05-11,0.531773
2005-05-12,0.637165
2005-05-13,0.067019
2005-05-16,0.181113
2005-05-17,0.423132
2005-05-18,0.624287
2005-05-19,0.595194
2005-05-20,0.705393
2005-05-23,0.624373
2005-05-24,0.436294
2005-05-25,0.213053
2005-05-26,-0.123021
2005-05-27,-0.381412
2005-05-31,-0.137057
2005-06-01,0.361855
2005-06-02,0.183716
2005-06-03,0.472685
2005-06-06,0.390384
2005-06-07,0.445216
2005-06-08,0.709639
2005-06-09,1.192876
2005-06-10,1.120583
2005-06-13,1.176434
2005-06-14,1.389051
2005-06-15,1.158142
2005-06-16,1.110727
2005-06-17,1.611019
2005-06-20,0.898190
2005-06-21,1.095400
2005-06-22,0.907955
2005-06-23,1.109976
2005-06-24,1.012859
2005-06-27,1.249444
2005-06-28,1.240837
2005-06-29,1.383046
2005-06-30,1.065349
2005-07-01,0.913878
2005-07-05,2.105053
2005-07-06,2.444324
2005-07-07,2.438061
2005-07-08,2.789261
2005-07-11,3.141155
2005-07-12,3.345699
2005-07-13,3.104043
2005-07-14,2.771509
2005-07-15,2.824825
2005-07-18,2.772554
2005-07-19,2.928102
2005-07-20,3.060744
2005-07-21,2.934027
2005-07-22,3.142437
2005-07-25,3.268390
2005-07-26,3.704360
2005-07-27,3.330326
2005-07-28,3.200171
2005-07-29,3.756681
2005-08-01,3.275491
2005-08-02,3.055052
2005-08-03,2.780176
2005-08-04,2.711783
2005-08-05,2.288766
2005-08-08,2.118888
2005-08-09,2.366975
2005-08-10,2.554539
2005-08-11,2.576875
2005-08-12,2.639264
2005-08-15,2.737492
2005-08-16,2.403321
2005-08-17,2.693547
2005-08-18,2.213452
2005-08-19,2.486854
2005-08-22,2.763865
2005-08-23,2.899725
2005-08-24,3.026899
2005-08-25,2.967670
2005-08-26,2.997518
2005-08-29,2.751941
2005-08-30,2.547335
2005-08-31,2.846809
2005-09-01,2.866642
2005-09-02,2.514167
2005-09-06,2.731905
2005-09-07,2.827456
2005-09-08,2.902957
2005-09-09,2.727470
2005-09-12,3.040543
2005-09-13,2.753373
2005-09-14,3.055860
2005-09-15,2.699879
2005-09-16,2.686490
2005-09-19,1.957496
2005-09-20,1.825260
2005-09-21,1.534154
2005-09-22,1.644171
2005-09-23,1.990464
2005-09-26,2.491370
2005-09-27,2.470120
2005-09-28,2.204853
2005-09-29,2.077989
2005-09-30,2.441758
2005-10-03,2.977428
2005-10-04,3.117354
2005-10-05,2.448435
2005-10-06,2.001306
2005-10-07,2.173110
2005-10-10,1.795522
2005-10-11,1.681414
2005-10-12,1.616494
2005-10-13,2.430133
2005-10-14,2.342584
2005-10-17,2.094073
2005-10-18,2.070037
2005-10-19,1.851054
2005-10-20,2.822606
2005-10-21,2.460352
2005-10-24,2.640338
2005-10-25,2.630022
2005-10-26,2.544267
2005-10-27,2.520614
2005-10-28,2.688293
2005-10-31,3.610641
2005-11-01,2.537282
2005-11-02,3.034674
2005-11-03,2.337573
2005-11-04,2.516525
2005-11-07,2.770391
2005-11-08,2.531654
2005-11-09,2.459264
2005-11-10,2.969222
2005-11-11,2.664097
2005-11-14,2.543117
2005-11-15,2.044736
2005-11-16,2.109218
2005-11-17,2.164438
2005-11-18,2.181302
2005-11-21,2.246420
2005-11-22,2.583499
2005-11-23,2.183576
2005-11-25,2.135850
2005-11-28,1.809149
2005-11-29,2.063999
2005-11-30,2.078170
2005-12-01,2.615990
2005-12-02,2.472134
2005-12-05,2.238689
2005-12-06,2.264698
2005-12-07,2.177643
2005-12-08,2.220777
2005-12-09,2.347428
2005-12-12,2.250966
2005-12-13,1.991175
2005-12-14,1.745056
2005-12-15,1.684737
2005-12-16,2.161723
2005-12-19,1.790378
2005-12-20,1.752699
2005-12-21,1.719004
2005-12-22,1.843843
2005-12-23,2.047130
2005-12-27,1.790971
2005-12-28,1.782264
2005-12-29,1.751303
2005-12-30,1.609807
2006-01-03,1.332861
2006-01-04,1.304331
2006-01-05,1.353876
2006-01-06,1.394667
2006-01-09,1.642720
2006-01-10,1.637452
2006-01-11,1.611355
2006-01-12,1.528979
2006-01-13,1.567289
2006-01-17,1.001533
2006-01-18,1.218935
2006-01-19,1.382792
2006-01-20,1.921128
2006-01-23,1.619688
2006-01-24,2.445868
2006-01-25,2.115310
2006-01-26,2.199162
2006-01-27,1.839825
2006-01-30,1.859856
2006-01-31,1.899895
2006-02-01,1.739306
2006-02-02,2.183832
2006-02-03,1.927217
2006-02-06,2.507488
2006-02-07,2.752771
2006-02-08,2.456904
2006-02-09,2.475249
2006-02-10,2.265896
2006-02-13,1.820297
2006-02-14,1.620485
2006-02-15,2.165291
2006-02-16,1.950009
2006-02-17,2.549187
2006-02-21,2.371784
2006-02-22,2.353526
2006-02-23,2.427050
2006-02-24,1.905250
2006-02-27,2.256898
2006-02-28,1.802473
2006-03-01,1.940968
2006-03-02,2.226586
2006-03-03,1.977696
2006-03-06,1.608953
2006-03-07,1.451299
2006-03-08,1.238396
2006-03-09,1.580007
2006-03-10,1.665589
2006-03-13,1.503248
2006-03-14,1.291984
2006-03-15,1.671986
2006-03-16,1.721248
2006-03-17,2.086557
2006-03-20,1.858850
2006-03-21,2.170492
2006-03-22,2.326812
2006-03-23,3.007639
2006-03-24,2.987778
2006-03-27,2.782794
2006-03-28,2.886050
2006-03-29,3.089457
2006-03-30,2.753868
2006-03-31,2.695942
2006-04-03,2.490966
2006-04-04,1.931546
2006-04-05,2.066609
2006-04-06,2.754560
2006-04-07,3.050948
2006-04-10,2.773364
2006-04-11,2.788041
2006-04-12,3.288839
2006-04-13,3.971473
2006-04-17,3.541423
2006-04-18,3.806303
2006-04-19,4.143235
2006-04-20,3.986679
2006-04-21,3.890966
2006-04-24,3.660766
2006-04-25,3.560676
2006-04-26,3.640236
2006-04-27,3.340578
2006-04-28,3.191016
2006-05-01,3.851117
2006-05-02,3.487530
2006-05-03,2.825015
2006-05-04,3.415031
2006-05-05,3.267470
2006-05-08,3.728479
2006-05-09,3.250161
2006-05-10,3.060672
2006-05-11,3.103200
2006-05-12,3.202259
2006-05-15,2.881438
2006-05-16,2.609137
2006-05-17,2.909369
2006-05-18,2.884185
2006-05-19,2.791800
2006-05-22,2.556408
2006-05-23,2.859480
2006-05-24,2.233638
2006-05-25,2.053096
2006-05-26,2.416324
2006-05-30,2.415111
2006-05-31,2.743066
2006-06-01,2.547905
2006-06-02,2.365043
2006-06-05,1.615814
2006-06-06,1.252574
2006-06-07,1.590939
2006-06-08,1.614943
2006-06-09,1.853427
2006-06-12,1.156584
2006-06-13,0.985056
2006-06-14,0.627769
2006-06-15,1.247025
2006-06-16,1.011826
2006-06-19,1.089800
2006-06-20,0.518820
2006-06-21,1.446889
2006-06-22,1.289878
2006-06-23,1.300213
2006-06-26,1.230171
2006-06-27,1.053496
2006-06-28,0.589724
2006-06-29,0.949578
2006-06-30,0.808103
2006-07-03,1.196240
2006-07-05,0.773788
2006-07-06,0.398675
2006-07-07,0.526876
2006-07-10,-0.027060
2006-07-11,-0.372767
2006-07-12,-0.116524
2006-07-13,-0.043008
2006-07-14,-0.307370
2006-07-17,-0.416245
2006-07-18,-0.726478
2006-07-19,-0.689505
2006-07-20,-1.413999
2006-07-21,-2.043019
2006-07-24,-2.000984
2006-07-25,-2.367945
2006-07-26,-2.139238
2006-07-27,-2.776620
2006-07-28,-2.434586
2006-07-31,-2.328042
2006-08-01,-2.602491
2006-08-02,-2.458941
2006-08-03,-2.556798
2006-08-04,-2.350055
2006-08-07,-2.697262
2006-08-08,-2.816458
2006-08-09,-2.862462
2006-08-10,-2.544503
2006-08-11,-2.631565
2006-08-14,-2.347091
2006-08-15,-1.838351
2006-08-16,-1.737563
2006-08-17,-1.552623
2006-08-18,-2.166608
2006-08-21,-2.162544
2006-08-22,-2.087525
2006-08-23,-2.481257
2006-08-24,-2.423163
2006-08-25,-2.770937
2006-08-28,-2.351191
2006-08-29,-2.061420
2006-08-30,-1.936394
2006-08-31,-1.981832
2006-09-01,-1.677019
2006-09-05,-1.487703
2006-09-06,-1.578511
2006-09-07,-2.035392
2006-09-08,-1.522647
2006-09-11,-1.527001
2006-09-12,-1.196384
2006-09-13,-1.342346
2006-09-14,-1.719018
2006-09-15,-1.672490
2006-09-18,-1.686349
2006-09-19,-1.456262
2006-09-20,-1.539746
2006-09-21,-2.026281
2006-09-22,-1.979282
2006-09-25,-1.897600
2006-09-26,-2.239937
2006-09-27,-2.590283
2006-09-28,-2.254315
2006-09-29,-2.492170
2006-10-02,-2.228427
2006-10-03,-2.585193
2006-10-04,-2.488026
2006-10-05,-2.291382
2006-10-06,-2.612019
2006-10-09,-2.271478
2006-10-10,-1.835576
2006-10-11,-1.896592
2006-10-12,-2.132485
2006-10-13,-1.905986
2006-10-16,-1.952571
2006-10-17,-2.233682
2006-10-18,-2.244267
2006-10-19,-2.007663
2006-10-20,-2.577896
2006-10-23,-2.341150
2006-10-24,-2.631621
2006-10-25,-2.277627
2006-10-26,-1.892633
2006-10-27,-2.208761
2006-10-30,-1.652682
2006-10-31,-1.821532
2006-11-01,-2.097693
2006-11-02,-2.167848
2006-11-03,-2.513699
2006-11-06,-2.410720
2006-11-07,-2.489133
2006-11-08,-2.093251
2006-11-09,-2.154689
2006-11-10,-1.642503
2006-11-13,-1.188101
2006-11-14,-1.694963
2006-11-15,-1.251695
2006-11-16,-1.287093
2006-11-17,-1.527328
2006-11-20,-1.919877
2006-11-21,-0.834214
2006-11-22,-0.640185
2006-11-24,-0.577464
2006-11-27,-0.913961
2006-11-28,-1.328429
2006-11-29,-1.584099
2006-11-30,-1.202520
2006-12-01,-1.205914
2006-12-04,-0.412012
2006-12-05,-0.735242
2006-12-06,-0.439266
2006-12-07,-0.845600
2006-12-08,-0.297456
2006-12-11,-0.603146
2006-12-12,-0.345373
2006-12-13,-0.748507
2006-12-14,-0.698244
2006-12-15,-0.897125
2006-12-18,-0.810256
2006-12-19,-1.421464
2006-12-20,-1.088838
2006-12-21,-1.582553
2006-12-22,-1.324985
2006-12-26,-1.360363
2006-12-27,-0.915123
2006-12-28,-1.518741
2006-12-29,-1.360099
2007-01-03,-1.497185
2007-01-04,-1.104544
2007-01-05,-0.660857
2007-01-08,-1.022038
2007-01-09,-0.334567
2007-01-10,-0.460617
2007-01-11,-0.402047
2007-01-12,-0.721638
2007-01-16,0.164227
2007-01-17,0.005294
2007-01-18,0.311438
2007-01-19,0.443118
2007-01-22,0.547901
2007-01-23,1.319989
2007-01-24,1.265500
2007-01-25,1.240750
2007-01-26,1.190078
2007-01-29,1.902096
2007-01-30,1.960948
2007-01-31,1.662251
2007-02-01,1.993875
2007-02-02,2.253530
2007-02-05,1.949400
2007-02-06,2.205360
2007-02-07,2.399338
2007-02-08,3.425691
2007-02-09,3.252732
2007-02-12,2.730360
2007-02-13,2.995192
2007-02-14,3.104495
2007-02-15,2.766406
2007-02-16,2.386384
2007-02-20,2.489997
2007-02-21,3.141600
2007-02-22,3.209062
2007-02-23,3.418361
2007-02-26,3.773808
2007-02-27,3.895016
2007-02-28,3.606663
2007-03-01,3.342409
2007-03-02,2.795044
2007-03-05,2.545236
2007-03-06,2.087123
2007-03-07,2.474226
2007-03-08,2.540274
2007-03-09,3.015927
2007-03-12,3.150321
2007-03-13,2.626932
2007-03-14,2.364163
2007-03-15,2.451436
2007-03-16,2.238454
2007-03-19,2.470046
2007-03-20,2.207880
2007-03-21,2.273653
2007-03-22,2.355261
2007-03-23,2.444896
2007-03-26,2.873733
2007-03-27,2.346792
2007-03-28,2.025819
2007-03-29,2.333921
2007-03-30,2.392401
2007-04-02,2.651925
2007-04-03,2.892168
2007-04-04,2.490920
2007-04-05,3.111233
2007-04-09,2.878728
2007-04-10,2.502836
2007-04-11,2.458599
2007-04-12,2.607759
2007-04-13,2.301128
2007-04-16,2.401665
2007-04-17,2.079433
2007-04-18,2.268710
2007-04-19,1.943139
2007-04-20,1.640072
2007-04-23,2.424073
2007-04-24,2.408851
2007-04-25,3.022680
2007-04-26,2.697244
2007-04-27,2.577347
2007-04-30,2.453737
2007-05-01,2.273225
2007-05-02,2.525570
2007-05-03,1.973189
2007-05-04,1.651209
2007-05-07,2.033459
2007-05-08,2.049951
2007-05-09,2.334956
2007-05-10,2.242465
2007-05-11,2.174030
2007-05-14,1.982126
2007-05-15,1.705131
2007-05-16,1.287933
2007-05-17,1.479016
2007-05-18,1.187919
2007-05-21,1.177145
2007-05-22,1.271337
2007-05-23,1.228574
2007-05-24,1.160470
2007-05-25,0.766052
2007-05-29,0.675128
2007-05-30,0.441812
2007-05-31,1.241847
2007-06-01,1.407148
2007-06-04,1.694806
2007-06-05,1.272354
2007-06-06,1.598402
2007-06-07,0.866145
2007-06-08,1.059965
2007-06-11,0.646016
2007-06-12,0.694659
2007-06-13,0.907394
2007-06-14,0.864278
2007-06-15,0.726622
2007-06-18,0.976427
2007-06-19,1.004898
2007-06-20,1.271973
2007-06-21,1.567411
2007-06-22,1.824505
2007-06-25,1.151362
2007-06-26,2.254847
2007-06-27,1.448282
2007-06-28,1.778037
2007-06-29,1.545273
2007-07-02,1.859150
2007-07-03,1.605309
2007-07-05,1.850322
2007-07-06,1.856715
2007-07-09,1.584058
2007-07-10,1.876080
2007-07-11,1.178281
2007-07-12,1.350728
2007-07-13,1.031085
2007-07-16,0.923674
2007-07-17,0.821538
2007-07-18,0.899071
2007-07-19,1.366676
2007-07-20,0.461761
2007-07-23,0.536492
2007-07-24,0.197944
2007-07-25,-0.150178
2007-07-26,-0.595610
2007-07-27,-0.624359
2007-07-30,-0.804301
2007-07-31,-0.883351
2007-08-01,-0.952572
2007-08-02,-1.228223
2007-08-03,-1.543248
2007-08-06,-1.530313
2007-08-07,-2.239027
2007-08-08,-2.421774
2007-08-09,-2.663783
2007-08-10,-1.698507
2007-08-13,-1.733018
2007-08-14,-2.379967
2007-08-15,-2.669797
2007-08-16,-3.302683
2007-08-17,-2.809655
2007-08-20,-3.018378
2007-08-21,-3.376110
2007-08-22,-3.031242
2007-08-23,-3.482093
2007-08-24,-3.440382
2007-08-27,-4.295579
2007-08-28,-3.521100
2007-08-29,-3.640841
2007-08-30,-3.741912
2007-08-31,-3.528090
2007-09-04,-2.883901
2007-09-05,-4.131427
2007-09-06,-3.539789
2007-09-07,-3.771311
2007-09-10,-4.437171
2007-09-11,-4.376573
2007-09-12,-4.568297
2007-09-13,-5.123145
2007-09-14,-4.662515
2007-09-17,-4.590098
2007-09-18,-4.484652
2007-09-19,-4.170185
2007-09-20,-4.499111
2007-09-21,-4.617522
2007-09-24,-5.094400
2007-09-25,-4.593934
2007-09-26,-4.562638
2007-09-27,-4.949941
2007-09-28,-4.812604
2007-10-01,-4.997116
2007-10-02,-4.476719
2007-10-03,-4.260850
2007-10-04,-4.534684
2007-10-05,-4.468105
2007-10-08,-4.313834
2007-10-09,-4.390289
2007-10-10,-4.587785
2007-10-11,-4.574404
2007-10-12,-4.839383
2007-10-15,-4.731837
2007-10-16,-4.799415
2007-10-17,-4.890488
2007-10-18,-4.416116
2007-10-19,-4.943837
2007-10-22,-4.642925
2007-10-23,-4.722339
2007-10-24,-5.002471
2007-10-25,-5.099063
2007-10-26,-4.819090
2007-10-29,-5.014869
2007-10-30,-4.953609
2007-10-31,-4.828950
2007-11-01,-4.793069
2007-11-02,-4.917999
2007-11-05,-4.558435
2007-11-06,-5.186332
2007-11-07,-4.725258
2007-11-08,-4.237528
2007-11-09,-3.782039
2007-11-12,-3.723516
2007-11-13,-4.082580
2007-11-14,-4.838195
2007-11-15,-3.920452
2007-11-16,-4.388101
2007-11-19,-4.773159
2007-11-20,-5.391899
2007-11-21,-4.425002
2007-11-23,-4.653316
2007-11-26,-4.525632
2007-11-27,-4.220471
2007-11-28,-5.069769
2007-11-29,-5.164045
2007-11-30,-5.256858
2007-12-03,-5.024248
2007-12-04,-4.838592
2007-12-05,-4.973538
2007-12-06,-4.959275
2007-12-07,-4.686938
2007-12-10,-4.583701
2007-12-11,-4.901677
2007-12-12,-4.945649
2007-12-13,-4.644021
2007-12-14,-5.084146
2007-12-17,-4.860039
2007-12-18,-5.189420
2007-12-19,-5.131867
2007-12-20,-5.598299
2007-12-21,-5.143950
2007-12-24,-5.889223
2007-12-26,-5.584307
2007-12-27,-5.817026
2007-12-28,-5.510572
2007-12-31,-5.474074
2008-01-02,-5.814784
2008-01-03,-6.502205
2008-01-04,-6.595080
2008-01-07,-6.161306
2008-01-08,-7.034557
2008-01-09,-6.665862
2008-01-10,-6.063626
2008-01-11,-6.427064
2008-01-14,-5.970133
2008-01-15,-6.311039
2008-01-16,-5.398379
2008-01-17,-5.655155
2008-01-18,-5.133135
2008-01-22,-4.063780
2008-01-23,-3.559488
2008-01-24,-3.602673
2008-01-25,-3.038895
2008-01-28,-2.813011
2008-01-29,-2.414792
2008-01-30,-2.753045
2008-01-31,-2.090167
2008-02-01,-1.555313
2008-02-04,-1.380527
2008-02-05,-1.500433
2008-02-06,-1.003290
2008-02-07,-0.731650
2008-02-08,-1.349772
2008-02-11,-1.303682
2008-02-12,-1.539252
2008-02-13,-0.648099
2008-02-14,-1.167808
2008-02-15,-0.649631
2008-02-19,-1.340176
2008-02-20,-0.746043
2008-02-21,-1.194184
2008-02-22,-1.384081
2008-02-25,-0.805559
2008-02-26,-0.694322
2008-02-27,-0.723207
2008-02-28,-0.953642
2008-02-29,-1.438371
2008-03-03,-1.235769
2008-03-04,-1.275463
2008-03-05,-1.603352
2008-03-06,-1.410549
2008-03-07,-1.376037
2008-03-10,-1.551697
2008-03-11,-0.956296
2008-03-12,-1.183183
2008-03-13,-0.400546
2008-03-14,-0.649284
2008-03-17,-1.654470
2008-03-18,-1.689506
2008-03-19,-1.416691
2008-03-20,-1.296006
2008-03-24,-0.700873
2008-03-25,-0.314580
2008-03-26,-0.292783
2008-03-27,-0.951585
2008-03-28,-1.045244
2008-03-31,-0.984378
2008-04-01,-0.252018
2008-04-02,-0.274497
2008-04-03,-0.735570
2008-04-04,-0.456464
2008-04-07,-0.623167
2008-04-08,-0.898972
2008-04-09,-1.452295
2008-04-10,-1.161924
2008-04-11,-0.952945
2008-04-14,-0.886794
2008-04-15,-0.597489
2008-04-16,-0.532693
2008-04-17,-0.751291
2008-04-18,-0.117024
2008-04-21,-0.399825
2008-04-22,-1.070855
2008-04-23,-0.921006
2008-04-24,-0.624083
2008-04-25,-0.148911
2008-04-28,0.134764
2008-04-29,0.191497
2008-04-30,0.118433
2008-05-01,0.065503
2008-05-02,0.068870
2008-05-05,0.371268
2008-05-06,0.326082
2008-05-07,0.091253
2008-05-08,0.742599
2008-05-09,0.275358
2008-05-12,0.425231
2008-05-13,0.150383
2008-05-14,0.601067
2008-05-15,0.965058
2008-05-16,1.403429
2008-05-19,0.492408
2008-05-20,0.766660
2008-05-21,1.096841
2008-05-22,2.066160
2008-05-23,1.281334
2008-05-27,1.588572
2008-05-28,1.868026
2008-05-29,1.536862
2008-05-30,1.774649
2008-06-02,1.908827
2008-06-03,1.923803
2008-06-04,1.826164
2008-06-05,1.285272
2008-06-06,1.275260
2008-06-09,0.985513
2008-06-10,0.959092
2008-06-11,0.307533
2008-06-12,0.750470
2008-06-13,1.553078
2008-06-16,1.569636
2008-06-17,1.345415
2008-06-18,1.235781
2008-06-19,1.815259
2008-06-20,1.536403
2008-06-23,1.227959
2008-06-24,1.046837
2008-06-25,1.090107
2008-06-26,1.151144
2008-06-27,1.657973
2008-06-30,0.834358
2008-07-01,0.640611
2008-07-02,0.909879
2008-07-03,0.635557
2008-07-07,1.303101
2008-07-08,1.611132
2008-07-09,1.959453
2008-07-10,1.554323
2008-07-11,1.227075
2008-07-14,0.913263
2008-07-15,1.308729
2008-07-16,2.662428
2008-07-17,2.701341
2008-07-18,2.469703
2008-07-21,2.050597
2008-07-22,1.582596
2008-07-23,1.170319
2008-07-24,0.593430
2008-07-25,0.338306
2008-07-28,-0.463385
2008-07-29,-0.084774
2008-07-30,-0.072499
2008-07-31,-0.580033
2008-08-01,-1.035596
2008-08-04,-0.771420
2008-08-05,-0.329920
2008-08-06,-0.410479
2008-08-07,-0.978271
2008-08-08,0.053351
2008-08-11,-0.205985
2008-08-12,-0.324812
2008-08-13,-0.388070
2008-08-14,0.646608
2008-08-15,0.901557
2008-08-18,0.737759
2008-08-19,-0.299624
2008-08-20,0.163562
2008-08-21,-0.639979
2008-08-22,-0.642088
2008-08-25,-0.752673
2008-08-26,-0.294107
2008-08-27,-0.251428
2008-08-28,0.946447
2008-08-29,1.121927
2008-09-02,1.719710
2008-09-03,1.297044
2008-09-04,2.420487
2008-09-05,2.464824
2008-09-08,2.938711
2008-09-09,2.022076
2008-09-10,2.159758
2008-09-11,1.580897
2008-09-12,1.942848
2008-09-15,3.272267
2008-09-16,2.469195
2008-09-17,2.055404
2008-09-18,3.063210
2008-09-19,2.463489
2008-09-22,0.541925
2008-09-23,1.503240
2008-09-24,3.032477
2008-09-25,1.641437
2008-09-26,1.624722
2008-09-29,0.746518
2008-09-30,-0.515497
2008-10-01,-0.546034
2008-10-02,-1.498950
2008-10-03,-2.156586
2008-10-06,-0.634827
2008-10-07,-1.979407
2008-10-08,-0.781154
2008-10-09,-1.100356
2008-10-10,-0.255438
2008-10-13,-2.698327
2008-10-14,-2.176941
2008-10-15,-1.163171
2008-10-16,-2.272109
2008-10-17,-2.772982
2008-10-20,-2.287444
2008-10-21,-2.846693
2008-10-22,-3.518763
2008-10-23,-4.768961
2008-10-24,-3.924117
2008-10-27,-4.728528
2008-10-28,-4.959414
2008-10-29,-4.697394
2008-10-30,-4.944781
2008-10-31,-3.942606
2008-11-03,-4.224611
2008-11-04,-4.206550
2008-11-05,-5.007519
2008-11-06,-4.345780
2008-11-07,-5.010683
2008-11-10,-5.349934
2008-11-11,-5.336026
2008-11-12,-5.427417
2008-11-13,-5.358663
2008-11-14,-4.597520
2008-11-17,-5.558308
2008-11-18,-6.845537
2008-11-19,-6.565786
2008-11-20,-5.828738
2008-11-21,-6.092214
2008-11-24,-6.433904
2008-11-25,-6.073761
2008-11-26,-5.863178
2008-11-28,-6.086783
2008-12-01,-5.837825
2008-12-02,-6.110542
2008-12-03,-5.798589
2008-12-04,-6.217673
2008-12-05,-5.828118
2008-12-08,-6.039260
2008-12-09,-5.449329
2008-12-10,-5.156493
2008-12-11,-5.451776
2008-12-12,-5.815180
2008-12-15,-5.748622
2008-12-16,-5.207231
2008-12-17,-5.209237
2008-12-18,-4.958038
2008-12-19,-3.962149
2008-12-22,-5.017888
2008-12-23,-5.364404
2008-12-24,-5.364057
2008-12-26,-5.244023
2008-12-29,-5.229949
2008-12-30,-4.775692
2008-12-31,-3.995256
2009-01-02,-3.327541
2009-01-05,-3.140124
2009-01-06,-2.411720
2009-01-07,-2.193265
2009-01-08,-1.617808
2009-01-09,-2.247283
2009-01-12,-2.186250
2009-01-13,-2.804765
2009-01-14,-3.764495
2009-01-15,-3.977066
2009-01-16,-3.156783
2009-01-20,-3.634722
2009-01-21,-3.766454
2009-01-22,-4.283109
2009-01-23,-3.434991
2009-01-26,-3.727569
2009-01-27,-3.347439
2009-01-28,-3.466113
2009-01-29,-3.503572
2009-01-30,-4.264620
2009-02-02,-4.186977
2009-02-03,-4.305601
2009-02-04,-4.400271
2009-02-05,-4.101843
2009-02-06,-3.905665
2009-02-09,-4.391911
2009-02-10,-4.777412
2009-02-11,-4.386406
2009-02-12,-4.272804
2009-02-13,-4.402358
2009-02-17,-4.877622
2009-02-18,-5.035771
2009-02-19,-4.950484
2009-02-20,-4.712450
2009-02-23,-4.357226
2009-02-24,-4.329044
2009-02-25,-4.615487
2009-02-26,-4.622533
2009-02-27,-4.341368
2009-03-02,-4.893178
2009-03-03,-5.171436
2009-03-04,-5.320930
2009-03-05,-5.128766
2009-03-06,-5.767103
2009-03-09,-5.752830
2009-03-10,-5.477212
2009-03-11,-5.405816
2009-03-12,-5.542705
2009-03-13,-5.223002
2009-03-16,-5.394154
2009-03-17,-5.978193
2009-03-18,-4.714459
2009-03-19,-4.635964
2009-03-20,-5.770440
2009-03-23,-5.181611
2009-03-24,-4.281901
2009-03-25,-4.874413
2009-03-26,-4.865586
2009-03-27,-3.835939
2009-03-30,-4.337015
2009-03-31,-4.556341
2009-04-01,-3.453947
2009-04-02,-2.411325
2009-04-03,-1.230353
2009-04-06,-0.826028
2009-04-07,-2.669968
2009-04-08,-0.068308
2009-04-09,0.180773
2009-04-13,0.717774
2009-04-14,-1.191517
2009-04-15,2.229546
2009-04-16,2.519442
2009-04-17,2.703308
2009-04-20,1.957178
2009-04-21,3.882561
2009-04-22,4.275997
2009-04-23,5.049487
2009-04-24,7.366160
2009-04-27,8.138608
2009-04-28,7.233278
2009-04-29,10.389736
2009-04-30,9.546327
2009-05-01,9.278874
2009-05-04,10.721306
2009-05-05,9.234048
2009-05-06,10.103365
2009-05-07,8.186355
2009-05-08,11.990570
2009-05-11,10.805736
2009-05-12,9.632289
2009-05-13,8.019433
2009-05-14,9.412768
2009-05-15,9.864220
2009-05-18,10.443834
2009-05-19,10.845200
2009-05-20,12.926813
2009-05-21,14.255172
2009-05-22,15.314134
2009-05-26,16.878010
2009-05-27,15.119738
2009-05-28,14.051630
2009-05-29,13.816427
2009-06-01,14.171510
2009-06-02,14.162497
2009-06-03,14.423930
2009-06-04,15.504398
2009-06-05,14.674120
2009-06-08,14.998145
2009-06-09,14.310894
2009-06-10,15.227888
2009-06-11,13.341556
2009-06-12,12.202560
2009-06-15,11.699521
2009-06-16,11.515527
2009-06-17,11.728418
2009-06-18,9.383147
2009-06-19,9.428135
2009-06-22,8.550969
2009-06-23,7.373515
2009-06-24,9.927078
2009-06-25,11.181601
2009-06-26,10.981654
2009-06-29,10.301353
2009-06-30,11.219312
2009-07-01,10.391295
2009-07-02,8.316726
2009-07-06,7.354997
2009-07-07,6.143666
2009-07-08,4.154218
2009-07-09,5.243558
2009-07-10,4.698974
2009-07-13,5.350621
2009-07-14,7.039076
2009-07-15,7.682072
2009-07-16,10.271274
2009-07-17,7.983029
2009-07-20,7.968540
2009-07-21,9.328312
2009-07-22,8.726732
2009-07-23,10.594928
2009-07-24,10.344151
2009-07-27,11.163262
2009-07-28,10.718398
2009-07-29,9.020708
2009-07-30,10.964045
2009-07-31,12.585482
2009-08-03,13.357807
2009-08-04,13.351545
2009-08-05,13.605201
2009-08-06,12.683914
2009-08-07,13.509696
2009-08-10,12.963954
2009-08-11,14.337165
2009-08-12,14.420517
2009-08-13,14.306823
2009-08-14,13.504423
2009-08-17,14.567105
2009-08-18,15.978789
2009-08-19,16.463446
2009-08-20,16.848684
2009-08-21,18.575030
2009-08-24,16.407102
2009-08-25,17.735665
2009-08-26,18.959111
2009-08-27,18.670995
2009-08-28,21.851804
2009-08-31,21.536999
2009-09-01,18.536708
2009-09-02,19.928229
2009-09-03,22.075816
2009-09-04,21.470651
2009-09-08,19.330221
2009-09-09,20.465849
2009-09-10,20.250425
2009-09-11,19.702443
2009-09-14,21.096655
2009-09-15,20.730804
2009-09-16,19.145559
2009-09-17,18.151405
2009-09-18,20.188377
2009-09-21,17.196243
2009-09-22,18.077873
2009-09-23,17.234584
2009-09-24,14.294789
2009-09-25,14.588019
2009-09-28,17.636440
2009-09-29,17.427486
2009-09-30,16.833153
2009-10-01,12.968625
2009-10-02,11.416184
2009-10-05,12.924563
2009-10-06,14.423764
2009-10-07,12.803057
2009-10-08,10.301312
2009-10-09,9.861302
2009-10-12,11.336904
2009-10-13,10.136684
2009-10-14,9.198291
2009-10-15,7.900310
2009-10-16,10.316915
2009-10-19,9.109980
2009-10-20,7.695388
2009-10-21,7.141514
2009-10-22,6.400500
2009-10-23,7.024212
2009-10-26,6.832629
2009-10-27,4.877624
2009-10-28,3.096904
2009-10-29,3.571503
2009-10-30,1.797474
2009-11-02,1.424096
2009-11-03,1.823842
2009-11-04,2.438590
2009-11-05,0.820572
2009-11-06,1.991257
2009-11-09,3.991812
2009-11-10,6.102222
2009-11-11,4.893170
2009-11-12,5.382571
2009-11-13,3.627260
2009-11-16,3.503877
2009-11-17,3.432559
2009-11-18,3.933814
2009-11-19,3.515395
2009-11-20,2.488404
2009-11-23,2.658301
2009-11-24,2.363111
2009-11-25,2.389749
2009-11-27,0.482302
2009-11-30,0.590236
2009-12-01,1.780631
2009-12-02,1.189285
2009-12-03,0.967678
2009-12-04,2.482253
2009-12-07,1.969246
2009-12-08,0.676737
2009-12-09,2.109109
2009-12-10,2.717279
2009-12-11,3.869428
2009-12-14,5.073730
2009-12-15,5.671049
2009-12-16,6.516145
2009-12-17,5.930683
2009-12-18,6.733727
2009-12-21,7.333418
2009-12-22,7.124779
2009-12-23,7.105750
2009-12-24,7.320702
2009-12-28,6.890335
2009-12-29,6.874354
2009-12-30,6.617545
2009-12-31,7.180920
2010-01-04,7.625280
2010-01-05,8.789579
2010-01-06,9.652912
2010-01-07,8.941851
2010-01-08,9.152708
2010-01-11,9.002036
2010-01-12,7.899262
2010-01-13,7.705975
2010-01-14,5.898685
2010-01-15,7.390343
2010-01-19,6.895821
2010-01-20,7.233667
2010-01-21,6.992464
2010-01-22,5.746018
2010-01-25,5.463695
2010-01-26,5.068730
2010-01-27,4.759134
2010-01-28,5.322512
2010-01-29,4.436121
2010-02-01,4.795302
2010-02-02,4.602222
2010-02-03,3.980742
2010-02-04,3.450023
2010-02-05,3.543089
2010-02-08,2.369926
2010-02-09,3.079500
2010-02-10,3.179427
2010-02-11,2.884604
2010-02-12,2.606380
2010-02-16,3.548194
2010-02-17,4.270751
2010-02-18,3.920116
2010-02-19,4.382989
2010-02-22,4.083583
2010-02-23,3.540732
2010-02-24,3.985953
2010-02-25,3.909853
2010-02-26,3.422797
2010-03-01,4.204223
2010-03-02,3.777827
2010-03-03,4.594778
2010-03-04,5.106819
2010-03-05,5.650281
2010-03-08,5.111294
2010-03-09,5.116289
2010-03-10,5.013971
2010-03-11,4.148802
2010-03-12,3.805198
2010-03-15,3.606237
2010-03-16,3.438136
2010-03-17,3.111855
2010-03-18,2.130395
2010-03-19,2.633354
2010-03-22,2.713631
2010-03-23,2.837059
2010-03-24,2.388568
2010-03-25,2.422842
2010-03-26,3.348816
2010-03-29,3.849081
2010-03-30,3.465102
2010-03-31,3.040988
2010-04-01,3.155777
2010-04-05,4.724958
2010-04-06,4.830849
2010-04-07,4.399664
2010-04-08,4.118622
2010-04-09,4.331146
2010-04-12,3.787187
2010-04-13,3.986620
2010-04-14,4.171302
2010-04-15,4.093753
2010-04-16,3.754795
2010-04-19,3.385427
2010-04-20,4.089696
2010-04-21,4.274809
2010-04-22,5.134097
2010-04-23,5.592584
2010-04-26,5.135937
2010-04-27,5.165936
2010-04-28,5.263667
2010-04-29,6.008490
2010-04-30,6.794481
2010-05-03,6.564263
2010-05-04,6.285551
2010-05-05,6.170982
2010-05-06,4.891153
2010-05-07,5.151162
2010-05-10,5.660485
2010-05-11,5.698473
2010-05-12,5.716143
2010-05-13,6.129942
2010-05-14,5.531821
2010-05-17,5.874408
2010-05-18,5.716077
2010-05-19,5.067146
2010-05-20,4.750693
2010-05-21,5.249207
2010-05-24,5.551872
2010-05-25,5.915368
2010-05-26,6.282278
2010-05-27,7.061609
2010-05-28,6.528388
2010-06-01,6.129462
2010-06-02,6.636526
2010-06-03,6.809121
2010-06-04,5.356754
2010-06-07,5.168072
2010-06-08,4.599422
2010-06-09,4.944344
2010-06-10,5.380206
2010-06-11,5.783925
2010-06-14,5.731063
2010-06-15,5.934645
2010-06-16,5.217658
2010-06-17,5.016773
2010-06-18,4.597891
2010-06-21,4.475160
2010-06-22,4.287270
2010-06-23,3.969716
2010-06-24,3.532610
2010-06-25,3.267768
2010-06-28,3.227547
2010-06-29,2.787261
2010-06-30,2.674345
2010-07-01,2.828673
2010-07-02,2.914414
2010-07-06,2.567381
2010-07-07,2.559224
2010-07-08,2.328503
2010-07-09,2.432181
2010-07-12,2.155230
2010-07-13,2.651793
2010-07-14,2.704810
2010-07-15,2.613964
2010-07-16,2.259192
2010-07-19,2.545217
2010-07-20,2.741168
2010-07-21,2.681689
2010-07-22,2.825664
2010-07-23,3.497139
2010-07-26,3.753593
2010-07-27,3.119320
2010-07-28,3.017881
2010-07-29,2.928558
2010-07-30,3.250481
2010-08-02,3.102595
2010-08-03,2.370407
2010-08-04,2.788062
2010-08-05,3.121685
2010-08-06,2.984280
2010-08-09,3.254419
2010-08-10,2.615734
2010-08-11,2.168266
2010-08-12,2.090728
2010-08-13,2.020394
2010-08-16,1.717910
2010-08-17,1.984666
2010-08-18,1.898970
2010-08-19,1.619407
2010-08-20,1.827890
2010-08-23,1.932727
2010-08-24,1.800952
2010-08-25,1.503807
2010-08-26,1.653788
2010-08-27,1.319560
2010-08-30,1.152892
2010-08-31,0.906434
2010-09-01,1.264289
2010-09-02,1.365644
2010-09-03,1.321169
2010-09-07,1.325493
2010-09-08,1.072216
2010-09-09,1.108365
2010-09-10,1.108633
2010-09-13,1.273959
2010-09-14,1.123911
2010-09-15,0.872184
2010-09-16,1.074389
2010-09-17,1.171265
2010-09-20,1.353493
2010-09-21,0.949909
2010-09-22,1.036875
2010-09-23,1.332611
2010-09-24,1.386780
2010-09-27,1.306259
2010-09-28,1.667296
2010-09-29,1.714155
2010-09-30,1.692568
2010-10-01,1.071450
2010-10-04,1.040104
2010-10-05,1.235273
2010-10-06,1.098068
2010-10-07,1.083045
2010-10-08,1.292245
2010-10-11,1.390335
2010-10-12,1.254000
2010-10-13,1.371455
2010-10-14,1.329764
2010-10-15,1.570017
2010-10-18,0.961711
2010-10-19,0.421522
2010-10-20,-0.059875
2010-10-21,-0.377300
2010-10-22,-0.225040
2010-10-25,0.180178
2010-10-26,0.189082
2010-10-27,0.076675
2010-10-28,0.231910
2010-10-29,0.351951
2010-11-01,0.535338
2010-11-02,0.866331
2010-11-03,1.121733
2010-11-04,1.402894
2010-11-05,0.699091
2010-11-08,0.855858
2010-11-09,0.099922
2010-11-10,0.101111
2010-11-11,0.812970
2010-11-12,0.599387
2010-11-15,0.536801
2010-11-16,0.718580
2010-11-17,1.178938
2010-11-18,0.930341
2010-11-19,1.158807
2010-11-22,1.229225
2010-11-23,0.949578
2010-11-24,0.802721
2010-11-26,1.217289
2010-11-29,1.473195
2010-11-30,1.218549
2010-12-01,1.087966
2010-12-02,2.012638
2010-12-03,2.659908
2010-12-06,2.840955
2010-12-07,2.297636
2010-12-08,1.563573
2010-12-09,1.399843
2010-12-10,1.305050
2010-12-13,0.737822
2010-12-14,0.707382
2010-12-15,0.940060
2010-12-16,1.217396
2010-12-17,1.716193
2010-12-20,2.100582
2010-12-21,2.156207
2010-12-22,2.355131
2010-12-23,2.041084
2010-12-27,2.060376
2010-12-28,2.616675
2010-12-29,2.862477
2010-12-30,2.828216
2010-12-31,2.816235
2011-01-03,3.297480
2011-01-04,2.392054
2011-01-05,2.339710
2011-01-06,2.096305
2011-01-07,2.423645
2011-01-10,2.000308
2011-01-11,2.387976
2011-01-12,2.252740
2011-01-13,2.871556
2011-01-14,2.445782
2011-01-18,2.301612
2011-01-19,2.178994
2011-01-20,1.700854
2011-01-21,1.036282
2011-01-24,0.735917
2011-01-25,1.247082
2011-01-26,1.995554
2011-01-27,2.288278
2011-01-28,1.818660
2011-01-31,2.004529
2011-02-01,2.253563
2011-02-02,1.999738
2011-02-03,2.419820
2011-02-04,2.720066
2011-02-07,2.546794
2011-02-08,2.845311
2011-02-09,3.403803
2011-02-10,3.718588
2011-02-11,4.060355
2011-02-14,4.005576
2011-02-15,3.372754
2011-02-16,3.599009
2011-02-17,3.898638
2011-02-18,3.642227
2011-02-22,3.288763
2011-02-23,2.932197
2011-02-24,3.059707
2011-02-25,3.503218
2011-02-28,2.955197
2011-03-01,3.038591
2011-03-02,3.194335
2011-03-03,3.101355
2011-03-04,2.706978
2011-03-07,2.275175
2011-03-08,2.565814
2011-03-09,2.541522
2011-03-10,2.538088
2011-03-11,2.797865
2011-03-14,2.627311
2011-03-15,2.771757
2011-03-16,2.983543
2011-03-17,2.970349
2011-03-18,3.151974
2011-03-21,2.701046
2011-03-22,2.931720
2011-03-23,3.283761
2011-03-24,3.433679
2011-03-25,3.143372
2011-03-28,2.842784
2011-03-29,2.440338
2011-03-30,2.689341
2011-03-31,2.602652
2011-04-01,2.878039
2011-04-04,2.886568
2011-04-05,3.009710
2011-04-06,3.308108
2011-04-07,3.261438
2011-04-08,2.673696
2011-04-11,2.337665
2011-04-12,2.377002
2011-04-13,2.451217
2011-04-14,2.642965
2011-04-15,3.116962
2011-04-18,3.089158
2011-04-19,3.265140
2011-04-20,3.502576
2011-04-21,3.737760
2011-04-25,3.477372
2011-04-26,3.346975
2011-04-27,3.429882
2011-04-28,3.436061
2011-04-29,3.495073
2011-05-02,3.096139
2011-05-03,3.076603
2011-05-04,2.777906
2011-05-05,3.380942
2011-05-06,3.181854
2011-05-09,3.190697
2011-05-10,3.423630
2011-05-11,3.723742
2011-05-12,3.915251
2011-05-13,3.448284
2011-05-16,3.696165
2011-05-17,3.532719
2011-05-18,3.972401
2011-05-19,3.785028
2011-05-20,3.854613
2011-05-23,3.383966
2011-05-24,3.025238
2011-05-25,3.010598
2011-05-26,2.807154
2011-05-27,2.470878
2011-05-31,2.920304
2011-06-01,2.556280
2011-06-02,2.386899
2011-06-03,1.859217
2011-06-06,1.455998
2011-06-07,1.741925
2011-06-08,1.435822
2011-06-09,1.525450
2011-06-10,1.356427
2011-06-13,1.135036
2011-06-14,1.730824
2011-06-15,1.784775
2011-06-16,1.512781
2011-06-17,1.515014
2011-06-20,1.425351
2011-06-21,1.595613
2011-06-22,1.544228
2011-06-23,1.705497
2011-06-24,1.847997
2011-06-27,1.617937
2011-06-28,1.916399
2011-06-29,1.993016
2011-06-30,1.777942
2011-07-01,1.946045
2011-07-05,1.781219
2011-07-06,2.181620
2011-07-07,2.371252
2011-07-08,2.179908
2011-07-11,1.798906
2011-07-12,1.720286
2011-07-13,1.461727
2011-07-14,1.080330
2011-07-15,1.029064
2011-07-18,0.766476
2011-07-19,0.644411
2011-07-20,1.027166
2011-07-21,1.044849
2011-07-22,1.296189
2011-07-25,1.125428
2011-07-26,1.158311
2011-07-27,0.417664
2011-07-28,0.028519
2011-07-29,0.479170
2011-08-01,-0.033848
2011-08-02,-0.346713
2011-08-03,-0.283259
2011-08-04,-1.142692
2011-08-05,-1.515839
2011-08-08,-2.171784
2011-08-09,-1.892254
2011-08-10,-1.685923
2011-08-11,-1.437281
2011-08-12,-1.707144
2011-08-15,-1.384771
2011-08-16,-1.632167
2011-08-17,-2.003462
2011-08-18,-2.527681
2011-08-19,-2.428143
2011-08-22,-2.126508
2011-08-23,-1.663877
2011-08-24,-1.697775
2011-08-25,-2.266402
2011-08-26,-1.870281
2011-08-29,-1.357758
2011-08-30,-1.297054
2011-08-31,-1.128730
2011-09-01,-1.516769
2011-09-02,-1.638556
2011-09-06,-1.598965
2011-09-07,-1.161688
2011-09-08,-1.379673
2011-09-09,-1.647999
2011-09-12,-1.666446
2011-09-13,-1.659265
2011-09-14,-1.741423
2011-09-15,-1.587387
2011-09-16,-1.974546
2011-09-19,-2.130751
2011-09-20,-2.308221
2011-09-21,-2.871637
2011-09-22,-2.936850
2011-09-23,-2.912874
2011-09-26,-2.760915
2011-09-27,-2.581568
2011-09-28,-3.345454
2011-09-29,-3.392349
2011-09-30,-3.638978
2011-10-03,-4.141123
2011-10-04,-3.866396
2011-10-05,-3.508651
2011-10-06,-3.197492
2011-10-07,-3.344670
2011-10-10,-3.265229
2011-10-11,-3.343175
2011-10-12,-3.300115
2011-10-13,-3.413593
2011-10-14,-3.699275
2011-10-17,-3.894709
2011-10-18,-3.522735
2011-10-19,-3.691796
2011-10-20,-3.694226
2011-10-21,-3.286903
2011-10-24,-2.664521
2011-10-25,-2.759252
2011-10-26,-2.729264
2011-10-27,-2.272086
2011-10-28,-2.159464
2011-10-31,-2.130106
2011-11-01,-2.320460
2011-11-02,-2.508098
2011-11-03,-2.362529
2011-11-04,-2.256157
2011-11-07,-2.619478
2011-11-08,-2.824936
2011-11-09,-3.257707
2011-11-10,-3.300770
2011-11-11,-3.134068
2011-11-14,-2.922827
2011-11-15,-3.103493
2011-11-16,-3.186593
2011-11-17,-3.518818
2011-11-18,-3.489992
2011-11-21,-3.302163
2011-11-22,-3.431097
2011-11-23,-3.568768
2011-11-25,-3.655025
2011-11-28,-3.360678
2011-11-29,-3.416921
2011-11-30,-3.222656
2011-12-01,-3.059246
2011-12-02,-2.890846
2011-12-05,-3.124106
2011-12-06,-2.928807
2011-12-07,-3.124794
2011-12-08,-3.326287
2011-12-09,-3.067758
2011-12-12,-3.400511
2011-12-13,-3.968493
2011-12-14,-3.794809
2011-12-15,-3.822769
2011-12-16,-3.861390
2011-12-19,-4.257289
2011-12-20,-4.195571
2011-12-21,-4.128163
2011-12-22,-4.038979
2011-12-23,-3.926641
2011-12-27,-4.109545
2011-12-28,-4.143429
2011-12-29,-4.099915
2011-12-30,-4.022893
2012-01-03,-4.004447
2012-01-04,-4.172930
2012-01-05,-4.169552
2012-01-06,-3.904141
2012-01-09,-3.656000
2012-01-10,-3.314902
2012-01-11,-3.106749
2012-01-12,-2.645924
2012-01-13,-2.682988
2012-01-17,-2.516295
2012-01-18,-2.292441
2012-01-19,-2.098461
2012-01-20,-2.485582
2012-01-23,-2.199191
2012-01-24,-1.870287
2012-01-25,-1.654116
2012-01-26,-1.494858
2012-01-27,-1.253617
2012-01-30,-1.687289
2012-01-31,-1.335351
2012-02-01,-0.404881
2012-02-02,-0.501446
2012-02-03,0.469856
2012-02-06,0.628668
2012-02-07,1.693877
2012-02-08,1.186057
2012-02-09,1.064866
2012-02-10,0.263712
2012-02-13,0.236227
2012-02-14,-0.161731
2012-02-15,0.404681
2012-02-16,0.858704
2012-02-17,1.594320
2012-02-21,1.234631
2012-02-22,0.990939
2012-02-23,0.747571
2012-02-24,0.501983
2012-02-27,0.906230
2012-02-28,0.268219
2012-02-29,-0.718916
2012-03-01,-0.795296
2012-03-02,-1.267503
2012-03-05,-1.146639
2012-03-06,-1.065902
2012-03-07,-1.013306
2012-03-08,-1.338654
2012-03-09,-0.683369
2012-03-12,-0.879731
2012-03-13,-0.769027
2012-03-14,-1.264714
2012-03-15,-1.174533
2012-03-16,-1.106140
2012-03-19,-1.049058
2012-03-20,-0.937358
2012-03-21,-0.517910
2012-03-22,0.040012
2012-03-23,0.270785
2012-03-26,-0.028145
2012-03-27,-0.056987
2012-03-28,-0.732332
2012-03-29,0.251211
2012-03-30,0.052662
2012-04-02,0.519274
2012-04-03,1.677274
2012-04-04,0.501873
2012-04-05,-0.306856
2012-04-09,-1.103081
2012-04-10,-0.748281
2012-04-11,-0.753223
2012-04-12,-0.428457
2012-04-13,-0.620672
2012-04-16,-0.416483
2012-04-17,-0.527336
2012-04-18,-0.177831
2012-04-19,-0.384554
2012-04-20,-0.285305
2012-04-23,-0.573415
2012-04-24,-1.124602
2012-04-25,-1.985611
2012-04-26,-1.544783
2012-04-27,-1.476643
2012-04-30,-1.926087
2012-05-01,-2.011227
2012-05-02,-1.783329
2012-05-03,-1.738548
2012-05-04,-1.932844
2012-05-07,-2.262521
2012-05-08,-2.703311
2012-05-09,-2.324140
2012-05-10,-2.286790
2012-05-11,-1.694791
2012-05-14,-1.698262
2012-05-15,-2.137467
2012-05-16,-2.475098
2012-05-17,-2.853742
2012-05-18,-2.823560
2012-05-21,-2.305337
2012-05-22,-2.198547
2012-05-23,-2.009088
2012-05-24,-1.933827
2012-05-25,-1.402906
2012-05-29,-1.388636
2012-05-30,-2.001295
2012-05-31,-2.026570
2012-06-01,-2.547176
2012-06-04,-2.667191
2012-06-05,-2.433993
2012-06-06,-2.420102
2012-06-07,-2.492078
2012-06-08,-2.274510
2012-06-11,-2.227217
2012-06-12,-2.378673
2012-06-13,-2.551713
2012-06-14,-2.040809
2012-06-15,-1.849315
2012-06-18,-1.884476
2012-06-19,-1.755449
2012-06-20,-1.368151
2012-06-21,-1.952393
2012-06-22,-2.174298
2012-06-25,-2.562109
2012-06-26,-2.408738
2012-06-27,-2.259240
2012-06-28,-1.828846
2012-06-29,-1.609826
2012-07-02,-1.729577
2012-07-03,-1.387796
2012-07-05,-1.086415
2012-07-06,-1.381397
2012-07-09,-1.988033
2012-07-10,-2.197442
2012-07-11,-2.604076
2012-07-12,-2.777950
2012-07-13,-3.083297
2012-07-16,-3.160126
2012-07-17,-2.954401
2012-07-18,-3.169102
2012-07-19,-3.337039
2012-07-20,-2.987716
2012-07-23,-3.475895
2012-07-24,-3.956258
2012-07-25,-4.063661
2012-07-26,-3.903071
2012-07-27,-3.824537
2012-07-30,-3.705330
2012-07-31,-3.720869
2012-08-01,-4.395743
2012-08-02,-4.420327
2012-08-03,-4.577177
2012-08-06,-4.210910
2012-08-07,-3.671559
2012-08-08,-3.529546
2012-08-09,-3.448251
2012-08-10,-3.474806
2012-08-13,-3.367165
2012-08-14,-3.552714
2012-08-15,-3.482294
2012-08-16,-3.489857
2012-08-17,-3.434272
2012-08-20,-3.194705
2012-08-21,-2.852859
2012-08-22,-3.174822
2012-08-23,-3.135915
2012-08-24,-3.173845
2012-08-27,-3.188342
2012-08-28,-2.861181
2012-08-29,-2.782227
2012-08-30,-2.665301
2012-08-31,-2.488909
2012-09-04,-2.219494
2012-09-05,-2.344503
2012-09-06,-2.446223
2012-09-07,-2.427703
2012-09-10,-2.088175
2012-09-11,-1.857526
2012-09-12,-1.670278
2012-09-13,-1.987425
2012-09-14,-1.638106
2012-09-17,-1.897588
2012-09-18,-1.931464
2012-09-19,-1.809775
2012-09-20,-1.949455
2012-09-21,-2.029468
2012-09-24,-2.025216
2012-09-25,-2.318694
2012-09-26,-2.055081
2012-09-27,-2.190569
2012-09-28,-1.905912
2012-10-01,-2.067412
2012-10-02,-2.035692
2012-10-03,-2.100288
2012-10-04,-1.681285
2012-10-05,-1.434104
2012-10-08,-1.158205
2012-10-09,-1.212750
2012-10-10,-1.572919
2012-10-11,-1.224119
2012-10-12,-1.467465
2012-10-15,-1.487840
2012-10-16,-1.273855
2012-10-17,-1.433165
2012-10-18,-1.123765
2012-10-19,-0.803760
2012-10-22,-0.893176
2012-10-23,-0.517146
2012-10-24,-0.821499
2012-10-25,-0.852526
2012-10-26,-0.976893
2012-10-31,-0.795238
2012-11-01,-0.448277
2012-11-02,-0.281035
2012-11-05,-0.153209
2012-11-06,0.131001
2012-11-07,0.558950
2012-11-08,0.254172
2012-11-09,0.375172
2012-11-12,0.188221
2012-11-13,0.307990
2012-11-14,0.439848
2012-11-15,0.901910
2012-11-16,1.525740
2012-11-19,1.435382
2012-11-20,1.135029
2012-11-21,1.171661
2012-11-23,0.713751
2012-11-26,0.728997
2012-11-27,0.512680
2012-11-28,0.590326
2012-11-29,0.858538
2012-11-30,1.088408
2012-12-03,1.494876
2012-12-04,1.735358
2012-12-05,1.718545
2012-12-06,1.476847
2012-12-07,1.874756
2012-12-10,2.090796
2012-12-11,2.302768
2012-12-12,2.256276
2012-12-13,2.660352
2012-12-14,2.884381
2012-12-17,2.768705
2012-12-18,2.866397
2012-12-19,2.842863
2012-12-20,2.717276
2012-12-21,3.308409
2012-12-24,3.262560
2012-12-26,3.343460
2012-12-27,3.189383
2012-12-28,3.147452
2012-12-31,3.076707
2013-01-02,2.611717
2013-01-03,2.852960
2013-01-04,2.979216
2013-01-07,2.828072
2013-01-08,2.870920
2013-01-09,3.485606
2013-01-10,3.543064
2013-01-11,3.585091
2013-01-14,3.848130
2013-01-15,4.275206
2013-01-16,4.309034
2013-01-17,4.545801
2013-01-18,4.444214
2013-01-22,4.607413
2013-01-23,4.570557
2013-01-24,5.326775
2013-01-25,5.874213
2013-01-28,5.713464
2013-01-29,5.401677
2013-01-30,5.120859
2013-01-31,5.465472
2013-02-01,5.455024
2013-02-04,5.869647
2013-02-05,5.872360
2013-02-06,5.928024
2013-02-07,5.492146
2013-02-08,4.856737
2013-02-11,4.736165
2013-02-12,4.846386
2013-02-13,4.794845
2013-02-14,5.050882
2013-02-15,5.321832
2013-02-19,4.990571
2013-02-20,4.355980
2013-02-21,3.902403
2013-02-22,4.066000
2013-02-25,3.679159
2013-02-26,3.890553
2013-02-27,4.232530
2013-02-28,4.368206
2013-03-01,4.727151
2013-03-04,4.540072
2013-03-05,4.578807
2013-03-06,4.649092
2013-03-07,4.790373
2013-03-08,5.055930
2013-03-11,5.007474
2013-03-12,4.992489
2013-03-13,4.765568
2013-03-14,4.802781
2013-03-15,4.467743
2013-03-18,4.255096
2013-03-19,4.054957
2013-03-20,3.875154
2013-03-21,4.239469
2013-03-22,4.216230
2013-03-25,4.246438
2013-03-26,4.504648
2013-03-27,4.506150
2013-03-28,4.924749
2013-04-01,5.072118
2013-04-02,4.638365
2013-04-03,4.457194
2013-04-04,4.476738
2013-04-05,4.697439
2013-04-08,4.841156
2013-04-09,5.092973
2013-04-10,4.878902
2013-04-11,5.011161
2013-04-12,4.688133
2013-04-15,4.183785
2013-04-16,4.357994
2013-04-17,3.663064
2013-04-18,3.990387
2013-04-19,4.151102
2013-04-22,3.956409
2013-04-23,3.875306
2013-04-24,4.009167
2013-04-25,4.178018
2013-04-26,4.094567
2013-04-29,3.814616
2013-04-30,4.241073
2013-05-01,3.905364
2013-05-02,4.113312
2013-05-03,4.128434
2013-05-06,3.752059
2013-05-07,4.055833
2013-05-08,3.907718
2013-05-09,3.740393
2013-05-10,3.916361
2013-05-13,3.856229
2013-05-14,4.096419
2013-05-15,4.254927
2013-05-16,4.006089
2013-05-17,4.350961
2013-05-20,4.208314
2013-05-21,4.021362
2013-05-22,3.558604
2013-05-23,3.709993
2013-05-24,3.334970
2013-05-28,3.623116
2013-05-29,3.624761
2013-05-30,3.634304
2013-05-31,3.504247
2013-06-03,3.304393
2013-06-04,3.195500
2013-06-05,3.002654
2013-06-06,3.009789
2013-06-07,2.951884
2013-06-10,2.947436
2013-06-11,2.597337
2013-06-12,2.172327
2013-06-13,2.640301
2013-06-14,2.730551
2013-06-17,2.718513
2013-06-18,2.519425
2013-06-19,2.345720
2013-06-20,2.033991
2013-06-21,1.596690
2013-06-24,1.697670
2013-06-25,1.777251
2013-06-26,1.723128
2013-06-27,2.328685
2013-06-28,2.336516
2013-07-01,2.653311
2013-07-02,2.170006
2013-07-03,2.155245
2013-07-05,2.051767
2013-07-08,1.496911
2013-07-09,1.784236
2013-07-10,2.068021
2013-07-11,2.089372
2013-07-12,2.541111
2013-07-15,2.325533
2013-07-16,2.030944
2013-07-17,1.600357
2013-07-18,1.978496
2013-07-19,1.698855
2013-07-22,1.648141
2013-07-23,1.391084
2013-07-24,1.294483
2013-07-25,1.144368
2013-07-26,0.796022
2013-07-29,0.863665
2013-07-30,1.216826
2013-07-31,1.246463
2013-08-01,1.376036
2013-08-02,1.473448
2013-08-05,1.417332
2013-08-06,1.517421
2013-08-07,1.007833
2013-08-08,1.350397
2013-08-09,1.605930
2013-08-12,1.589514
2013-08-13,1.206735
2013-08-14,1.268039
2013-08-15,0.940453
2013-08-16,0.940516
2013-08-19,0.796890
2013-08-20,1.555627
2013-08-21,1.829577
2013-08-22,1.964250
2013-08-23,2.115176
2013-08-26,2.154539
2013-08-27,1.646548
2013-08-28,1.478649
2013-08-29,1.518665
2013-08-30,1.443650
2013-09-03,1.413305
2013-09-04,1.575361
2013-09-05,1.607771
2013-09-06,1.410543
2013-09-09,1.733333
2013-09-10,1.656890
2013-09-11,1.509645
2013-09-12,1.274291
2013-09-13,1.384843
2013-09-16,1.656688
2013-09-17,1.892732
2013-09-18,1.803526
2013-09-19,1.780641
2013-09-20,1.916438
2013-09-23,1.614956
2013-09-24,1.938805
2013-09-25,1.967242
2013-09-26,1.713424
2013-09-27,1.685197
2013-09-30,2.462297
2013-10-01,2.662505
2013-10-02,2.584267
2013-10-03,2.494963
2013-10-04,2.313427
2013-10-07,2.236048
2013-10-08,2.045379
2013-10-09,1.797456
2013-10-10,2.135956
2013-10-11,2.605618
2013-10-14,2.460011
2013-10-15,2.503274
2013-10-16,2.405209
2013-10-17,2.568159
2013-10-18,2.330529
2013-10-21,2.348815
2013-10-22,2.030587
2013-10-23,1.758435
2013-10-24,1.886080
2013-10-25,2.049745
2013-10-28,1.723843
2013-10-29,2.062094
2013-10-30,1.651703
2013-10-31,1.543221
2013-11-01,1.522747
2013-11-04,1.575602
2013-11-05,1.462208
2013-11-06,1.127396
2013-11-07,0.611856
2013-11-08,0.783748
2013-11-11,0.785544
2013-11-12,0.563662
2013-11-13,0.926595
2013-11-14,0.744048
2013-11-15,0.671406
2013-11-18,0.507299
2013-11-19,0.802454
2013-11-20,0.681369
2013-11-21,1.036729
2013-11-22,0.818654
2013-11-25,0.762535
2013-11-26,0.705802
2013-11-27,0.638943
2013-11-29,0.877802
2013-12-02,0.910857
2013-12-03,1.091995
2013-12-04,0.886800
2013-12-05,0.807892
2013-12-06,0.888939
2013-12-09,0.806769
2013-12-10,1.137408
2013-12-11,0.617452
2013-12-12,0.649021
2013-12-13,0.697885
2013-12-16,0.822645
2013-12-17,1.142652
2013-12-18,1.005960
2013-12-19,1.113571
2013-12-20,1.365863
2013-12-23,1.077441
2013-12-24,1.289145
2013-12-26,0.672372
2013-12-27,0.786023
2013-12-30,0.672698
2013-12-31,0.614816
2014-01-02,0.805866
2014-01-03,0.653945
2014-01-06,0.759530
2014-01-07,0.597246
2014-01-08,0.628112
2014-01-09,0.570061
2014-01-10,0.523128
2014-01-13,0.564158
2014-01-14,0.779316
2014-01-15,0.614408
2014-01-16,0.443160
2014-01-17,0.527120
2014-01-21,0.522185
2014-01-22,0.736060
2014-01-23,0.933374
2014-01-24,0.415478
2014-01-27,0.574867
2014-01-28,0.961271
2014-01-29,0.792247
2014-01-30,0.741252
2014-01-31,0.519950
2014-02-03,0.305239
2014-02-04,0.368865
2014-02-05,0.375545
2014-02-06,0.706870
2014-02-07,0.474005
2014-02-10,0.284344
2014-02-11,0.158793
2014-02-12,0.431148
2014-02-13,0.560759
2014-02-14,0.663959
2014-02-18,0.904410
2014-02-19,1.351238
2014-02-20,1.138050
2014-02-21,1.422511
2014-02-24,1.240701
2014-02-25,1.177497
2014-02-26,1.265994
2014-02-27,1.481290
2014-02-28,1.603867
2014-03-03,1.447071
2014-03-04,1.816264
2014-03-05,1.480792
2014-03-06,1.384449
2014-03-07,1.172287
2014-03-10,0.912389
2014-03-11,0.631957
2014-03-12,0.504182
2014-03-13,0.505462
2014-03-14,0.936697
2014-03-17,0.753726
2014-03-18,0.678700
2014-03-19,0.631382
2014-03-20,0.382294
2014-03-21,0.724057
2014-03-24,0.554635
2014-03-25,0.459595
2014-03-26,0.138542
2014-03-27,0.122949
2014-03-28,0.354396
2014-03-31,0.629861
2014-04-01,0.572948
2014-04-02,0.613530
2014-04-03,0.552655
2014-04-04,0.573905
2014-04-07,0.284028
2014-04-08,0.453784
2014-04-09,0.524250
2014-04-10,0.584828
2014-04-11,0.203950
2014-04-14,0.303431
2014-04-15,0.329998
2014-04-16,0.501227
2014-04-17,0.517849
2014-04-21,0.217712
2014-04-22,0.447825
2014-04-23,0.570809
2014-04-24,0.371062
2014-04-25,0.353235
2014-04-28,0.037276
2014-04-29,-0.036781
2014-04-30,0.374026
2014-05-01,0.269112
2014-05-02,0.603964
2014-05-05,0.445974
2014-05-06,0.393402
2014-05-07,0.222822
2014-05-08,0.258430
2014-05-09,0.602169
2014-05-12,0.932584
2014-05-13,0.843139
2014-05-14,0.565752
2014-05-15,0.681247
2014-05-16,0.572315
2014-05-19,0.548572
2014-05-20,0.303848
2014-05-21,0.396666
2014-05-22,0.708284
2014-05-23,0.798084
2014-05-27,0.688877
2014-05-28,0.750777
2014-05-29,0.962131
2014-05-30,0.869890
2014-06-02,0.963149
2014-06-03,1.090274
2014-06-04,1.161264
2014-06-05,1.107179
2014-06-06,1.332451
2014-06-09,1.283919
2014-06-10,1.037463
2014-06-11,1.191339
2014-06-12,1.186605
2014-06-13,1.442334
2014-06-16,1.407216
2014-06-17,1.489571
2014-06-18,1.388864
2014-06-19,1.202665
2014-06-20,1.540058
2014-06-23,1.520414
2014-06-24,1.134239
2014-06-25,1.209916
2014-06-26,1.197481
2014-06-27,1.449469
2014-06-30,1.510452
2014-07-01,1.141374
2014-07-02,1.194786
2014-07-03,1.247989
2014-07-07,0.990765
2014-07-08,1.147731
2014-07-09,1.116506
2014-07-10,0.887108
2014-07-11,0.714855
2014-07-14,0.374281
2014-07-15,0.425409
2014-07-16,0.319911
2014-07-17,0.420499
2014-07-18,0.339339
2014-07-21,0.222866
2014-07-22,0.215010
2014-07-23,-0.172105
2014-07-24,0.227701
2014-07-25,0.445275
2014-07-28,0.400929
2014-07-29,0.014369
2014-07-30,-0.075938
2014-07-31,-0.068729
2014-08-01,-0.089878
2014-08-04,0.117411
2014-08-05,0.032125
2014-08-06,0.069004
2014-08-07,-0.089591
2014-08-08,0.106474
2014-08-11,0.122244
2014-08-12,0.124800
2014-08-13,0.028096
2014-08-14,-0.083000
2014-08-15,-0.054555
2014-08-18,-0.272199
2014-08-19,-0.498569
2014-08-20,-0.541439
2014-08-21,-0.862513
2014-08-22,-0.841505
2014-08-25,-0.814543
2014-08-26,-0.917177
2014-08-27,-0.806082
2014-08-28,-0.810224
2014-08-29,-0.740029
2014-09-02,-0.851066
2014-09-03,-0.553436
2014-09-04,-0.565598
2014-09-05,-0.522941
2014-09-08,-0.368498
2014-09-09,-0.433199
2014-09-10,-0.631912
2014-09-11,-0.552453
2014-09-12,-0.942140
2014-09-15,-1.010513
2014-09-16,-1.140507
2014-09-17,-1.182189
2014-09-18,-1.182720
2014-09-19,-1.585738
2014-09-22,-1.425375
2014-09-23,-1.399095
2014-09-24,-1.359424
2014-09-25,-1.216592
2014-09-26,-1.490691
2014-09-29,-1.574499
2014-09-30,-1.942890
2014-10-01,-1.947206
2014-10-02,-1.867463
2014-10-03,-2.073235
2014-10-06,-1.898549
2014-10-07,-2.071151
2014-10-08,-2.054709
2014-10-09,-2.321666
2014-10-10,-2.155317
2014-10-13,-2.265875
2014-10-14,-1.804347
2014-10-15,-1.468220
2014-10-16,-1.100094
2014-10-17,-1.091444
2014-10-20,-1.008842
2014-10-21,-1.089568
2014-10-22,-1.143918
2014-10-23,-1.033383
2014-10-24,-0.731914
2014-10-27,-0.737377
2014-10-28,-0.867815
2014-10-29,-0.958683
2014-10-30,-0.964909
2014-10-31,-0.835798
2014-11-03,-0.902430
2014-11-04,-1.074865
2014-11-05,-0.899871
2014-11-06,-0.853216
2014-11-07,-0.951211
2014-11-10,-0.878735
2014-11-11,-0.845307
2014-11-12,-0.743942
2014-11-13,-1.141290
2014-11-14,-1.111122
2014-11-17,-0.771841
2014-11-18,-0.585415
2014-11-19,-0.702619
2014-11-20,-0.633726
2014-11-21,-0.524161
2014-11-24,-0.413581
2014-11-25,-0.494179
2014-11-26,-0.674267
2014-11-28,-0.762585
2014-12-01,-0.882545
2014-12-02,-1.110910
2014-12-03,-0.907929
2014-12-04,-1.062998
2014-12-05,-1.083827
2014-12-08,-0.954223
2014-12-09,-0.770992
2014-12-10,-0.937900
2014-12-11,-0.979827
2014-12-12,-0.993591
2014-12-15,-0.980858
2014-12-16,-0.796451
2014-12-17,-0.748238
2014-12-18,-1.142810
2014-12-19,-1.037863
2014-12-22,-0.977238
2014-12-23,-0.783918
2014-12-24,-0.871867
2014-12-26,-1.024127
2014-12-29,-0.976286
2014-12-30,-0.866706
2014-12-31,-0.602824
2015-01-02,-0.651792
2015-01-05,-0.525112
2015-01-06,-0.796879
2015-01-07,-0.806640
2015-01-08,-0.765323
2015-01-09,-0.654870
2015-01-12,-0.713583
2015-01-13,-0.623911
2015-01-14,-0.504573
2015-01-15,-0.439603
2015-01-16,-0.328502
2015-01-20,-0.474403
2015-01-21,-0.293225
2015-01-22,-0.199183
2015-01-23,-0.398514
2015-01-26,-0.148365
2015-01-27,0.424299
2015-01-28,0.204831
2015-01-29,0.235050
2015-01-30,0.168735
2015-02-02,-0.091387
2015-02-03,0.570625
2015-02-04,0.320679
2015-02-05,0.526065
2015-02-06,0.392120
2015-02-09,0.304224
2015-02-10,0.206369
2015-02-11,0.116014
2015-02-12,0.240669
2015-02-13,0.216142
2015-02-17,0.344714
2015-02-18,0.390704
2015-02-19,0.399525
2015-02-20,0.255940
2015-02-23,0.272770
2015-02-24,0.177366
2015-02-25,0.271555
2015-02-26,-0.069313
2015-02-27,0.111750
2015-03-02,-0.058704
2015-03-03,-0.100628
2015-03-04,-0.127521
2015-03-05,-0.189144
2015-03-06,-0.303028
2015-03-09,-0.475721
2015-03-10,-0.325177
2015-03-11,0.003708
2015-03-12,0.188930
2015-03-13,0.036072
2015-03-16,0.218153
2015-03-17,0.294827
2015-03-18,0.594908
2015-03-19,0.502059
2015-03-20,0.774035
2015-03-23,1.056333
2015-03-24,1.189535
2015-03-25,1.458225
2015-03-26,1.415565
2015-03-27,1.520698
2015-03-30,1.583690
2015-03-31,1.777302
2015-04-01,2.089271
2015-04-02,2.193886
2015-04-06,2.219649
2015-04-07,2.199402
2015-04-08,2.247977
2015-04-09,2.318828
2015-04-10,2.072543
2015-04-13,2.329750
2015-04-14,2.537954
2015-04-15,2.858916
2015-04-16,2.213426
2015-04-17,1.897359
2015-04-20,1.300552
2015-04-21,1.359918
2015-04-22,1.087416
2015-04-23,1.033177
2015-04-24,0.792190
2015-04-27,0.601867
2015-04-28,0.615755
2015-04-29,0.649321
2015-04-30,0.787324
2015-05-01,0.790377
2015-05-04,0.778171
2015-05-05,0.598108
2015-05-06,0.697348
2015-05-07,0.690459
2015-05-08,0.454634
2015-05-11,0.482865
2015-05-12,0.452856
2015-05-13,0.494980
2015-05-14,0.342369
2015-05-15,0.331656
2015-05-18,0.720947
2015-05-19,0.497503
2015-05-20,0.491194
2015-05-21,0.404718
2015-05-22,0.534823
2015-05-26,0.269532
2015-05-27,0.064519
2015-05-28,-0.078330
2015-05-29,-0.047420
2015-06-01,0.105323
2015-06-02,0.245886
2015-06-03,0.258227
2015-06-04,0.305444
2015-06-05,0.248775
2015-06-08,0.326615
2015-06-09,0.254508
2015-06-10,0.276276
2015-06-11,-0.015352
2015-06-12,0.174494
2015-06-15,0.131698
2015-06-16,0.055096
2015-06-17,-0.067482
2015-06-18,-0.411485
2015-06-19,-0.547549
2015-06-22,-0.175865
2015-06-23,-0.369081
2015-06-24,-0.356420
2015-06-25,-0.647297
2015-06-26,-0.518371
2015-06-29,-0.486501
2015-06-30,-0.580925
2015-07-01,-0.708450
2015-07-02,-0.737960
2015-07-06,-0.930714
2015-07-07,-0.561251
2015-07-08,-0.511425
2015-07-09,-0.398204
2015-07-10,-0.554474
2015-07-13,-0.647965
2015-07-14,-0.574137
2015-07-15,-0.929039
2015-07-16,-1.220774
2015-07-17,-1.849656
2015-07-20,-2.151876
2015-07-21,-1.945664
2015-07-22,-1.911716
2015-07-23,-1.689656
2015-07-24,-1.764697
2015-07-27,-2.028754
2015-07-28,-2.586620
2015-07-29,-2.223739
2015-07-30,-2.176073
2015-07-31,-2.028400
2015-08-03,-1.885631
2015-08-04,-2.370316
2015-08-05,-2.182850
2015-08-06,-2.162554
2015-08-07,-2.001972
2015-08-10,-1.980032
2015-08-11,-1.776941
2015-08-12,-1.565940
2015-08-13,-1.687830
2015-08-14,-1.633715
2015-08-17,-1.787799
2015-08-18,-1.790259
2015-08-19,-1.776740
2015-08-20,-1.662070
2015-08-21,-1.239622
2015-08-24,-0.890535
2015-08-25,-1.185579
2015-08-26,-1.458300
2015-08-27,-1.558137
2015-08-28,-1.211379
2015-08-31,-1.165870
2015-09-01,-0.960301
2015-09-02,-1.321856
2015-09-03,-0.920764
2015-09-04,-0.758173
2015-09-08,-0.876631
2015-09-09,-1.027734
2015-09-10,-1.201593
2015-09-11,-1.204486
2015-09-14,-1.264884
2015-09-15,-1.270389
2015-09-16,-1.324712
2015-09-17,-1.164191
2015-09-18,-1.338791
2015-09-21,-1.558532
2015-09-22,-1.709203
2015-09-23,-2.093477
2015-09-24,-2.084271
2015-09-25,-2.183265
2015-09-28,-2.303511
2015-09-29,-2.472534
2015-09-30,-2.369713
2015-10-01,-2.882430
2015-10-02,-2.847089
2015-10-05,-2.559497
2015-10-06,-2.485651
2015-10-07,-2.253041
2015-10-08,-1.720670
2015-10-09,-1.767233
2015-10-12,-2.076127
2015-10-13,-2.387495
2015-10-14,-2.102019
2015-10-15,-2.399082
2015-10-16,-2.563699
2015-10-19,-2.747558
2015-10-20,-2.332747
2015-10-21,-2.528621
2015-10-22,-2.365428
2015-10-23,-2.948031
2015-10-26,-3.013977
2015-10-27,-3.300424
2015-10-28,-3.584380
2015-10-29,-3.549630
2015-10-30,-3.223485
2015-11-02,-3.098201
2015-11-03,-3.313491
2015-11-04,-3.162628
2015-11-05,-3.083435
2015-11-06,-3.292733
2015-11-09,-3.302645
2015-11-10,-3.194063
2015-11-11,-3.131669
2015-11-12,-3.305037
2015-11-13,-3.272942
2015-11-16,-3.114651
2015-11-17,-3.319135
2015-11-18,-3.334497
2015-11-19,-3.421718
2015-11-20,-3.409558
2015-11-23,-3.138231
2015-11-24,-2.890658
2015-11-25,-2.859519
2015-11-27,-2.949057
2015-11-30,-2.816463
2015-12-01,-2.783488
2015-12-02,-3.017577
2015-12-03,-3.156795
2015-12-04,-3.565874
2015-12-07,-3.689201
2015-12-08,-3.592893
2015-12-09,-3.367578
2015-12-10,-3.650392
2015-12-11,-3.566204
2015-12-14,-3.886801
2015-12-15,-3.994532
2015-12-16,-3.908642
2015-12-17,-3.979758
2015-12-18,-3.734517
2015-12-21,-3.663068
2015-12-22,-3.505077
2015-12-23,-3.007791
2015-12-24,-3.142926
2015-12-28,-3.380834
2015-12-29,-3.466427
2015-12-30,-3.344090
2015-12-31,-3.136371
2016-01-04,-2.665187
2016-01-05,-2.774224
2016-01-06,-3.241742
2016-01-07,-3.086730
2016-01-08,-2.971226
2016-01-11,-3.233713
2016-01-12,-3.419593
2016-01-13,-3.076865
2016-01-14,-3.180564
2016-01-15,-2.388620
2016-01-19,-2.551051
2016-01-20,-2.357762
2016-01-21,-2.247746
2016-01-22,-2.461303
2016-01-25,-2.737534
2016-01-26,-2.347350
2016-01-27,-2.024997
2016-01-28,-2.551040
2016-01-29,-2.292829
2016-02-01,-2.449216
2016-02-02,-2.617231
2016-02-03,-2.379125
2016-02-04,-2.019322
2016-02-05,-1.939621
2016-02-08,-2.612144
2016-02-09,-2.979846
2016-02-10,-2.944041
2016-02-11,-3.051335
2016-02-12,-2.989713
2016-02-16,-2.789482
2016-02-17,-2.586946
2016-02-18,-2.473357
2016-02-19,-2.747405
2016-02-22,-2.582358
2016-02-23,-2.837738
2016-02-24,-3.066402
2016-02-25,-2.959869
2016-02-26,-1.904957
2016-02-29,-1.913911
2016-03-01,-2.209524
2016-03-02,-2.045672
2016-03-03,-1.723285
2016-03-04,-1.200441
2016-03-07,-1.149096
2016-03-08,-1.716252
2016-03-09,-1.661923
2016-03-10,-1.686701
2016-03-11,-1.243262
2016-03-14,-1.178067
2016-03-15,-1.547077
2016-03-16,-1.102335
2016-03-17,-0.958703
2016-03-18,-0.936200
2016-03-21,-0.943904
2016-03-22,-0.866568
2016-03-23,-1.033909
2016-03-24,-0.840810
2016-03-28,-0.740052
2016-03-29,-0.747170
2016-03-30,-0.620622
2016-03-31,-0.378790
2016-04-01,-0.973374
2016-04-04,-0.802256
2016-04-05,-1.088752
2016-04-06,-1.391964
2016-04-07,-1.493202
2016-04-08,-1.522593
2016-04-11,-1.681581
2016-04-12,-1.455908
2016-04-13,-0.954351
2016-04-14,-0.983798
2016-04-15,-1.032706
2016-04-18,-0.771736
2016-04-19,-0.318901
2016-04-20,-0.024314
2016-04-21,-0.444950
2016-04-22,0.380117
2016-04-25,0.260963
2016-04-26,1.537108
2016-04-27,2.129513
2016-04-28,2.126699
2016-04-29,1.973424
2016-05-02,1.853852
2016-05-03,1.195779
2016-05-04,0.964325
2016-05-05,1.081069
2016-05-06,1.075714
2016-05-09,1.007946
2016-05-10,1.134692
2016-05-11,1.090804
2016-05-12,0.932427
2016-05-13,1.040345
2016-05-16,1.231763
2016-05-17,1.445242
2016-05-18,1.108280
2016-05-19,1.307821
2016-05-20,1.404232
2016-05-23,1.492641
2016-05-24,1.504215
2016-05-25,1.501514
2016-05-26,1.193388
2016-05-27,1.266714
2016-05-31,1.640226
2016-06-01,1.409763
2016-06-02,1.562006
2016-06-03,1.836986
2016-06-06,2.079322
2016-06-07,2.636917
2016-06-08,2.821867
2016-06-09,2.743926
2016-06-10,2.238108
2016-06-13,2.206700
2016-06-14,2.129415
2016-06-15,2.656612
2016-06-16,2.448905
2016-06-17,2.995596
2016-06-20,3.433268
2016-06-21,2.988615
2016-06-22,3.066271
2016-06-23,3.036086
2016-06-24,1.817404
2016-06-27,1.047244
2016-06-28,1.461547
2016-06-29,1.704449
2016-06-30,2.041937
2016-07-01,1.920863
2016-07-05,1.103731
2016-07-06,1.039198
2016-07-07,1.727792
2016-07-08,2.068119
2016-07-11,2.286477
2016-07-12,3.311416
2016-07-13,3.613378
2016-07-14,3.584748
2016-07-15,3.928342
2016-07-18,3.627132
2016-07-19,3.943777
2016-07-20,3.834232
2016-07-21,3.382801
2016-07-22,3.648563
2016-07-25,4.228299
2016-07-26,4.088218
2016-07-27,3.229935
2016-07-28,3.843165
2016-07-29,3.238148
2016-08-01,2.907697
2016-08-02,2.818222
2016-08-03,2.698011
2016-08-04,2.159600
2016-08-05,1.980352
2016-08-08,3.104722
2016-08-09,3.221473
2016-08-10,3.021629
2016-08-11,3.568468
2016-08-12,3.349917
2016-08-15,3.163105
2016-08-16,2.788974
2016-08-17,2.430817
2016-08-18,3.108612
2016-08-19,2.922609
2016-08-22,2.737914
2016-08-23,2.848339
2016-08-24,2.696138
2016-08-25,2.297101
2016-08-26,2.142895
2016-08-29,2.223866
2016-08-30,1.916648
2016-08-31,1.136675
2016-09-01,0.894817
2016-09-02,0.507317
2016-09-06,0.987458
2016-09-07,1.271492
2016-09-08,1.265601
2016-09-09,0.597517
2016-09-12,0.597130
2016-09-13,0.762189
2016-09-14,0.250194
2016-09-15,-0.054918
2016-09-16,-0.183052
2016-09-19,0.163823
2016-09-20,-0.074036
2016-09-21,0.561420
2016-09-22,0.807801
2016-09-23,0.763468
2016-09-26,0.695899
2016-09-27,0.654089
2016-09-28,0.613870
2016-09-29,0.977070
2016-09-30,1.405191
2016-10-03,1.358739
2016-10-04,1.262245
2016-10-05,1.505212
2016-10-06,1.295859
2016-10-07,0.952858
2016-10-10,0.709334
2016-10-11,0.192532
2016-10-12,0.410950
2016-10-13,0.281685
2016-10-14,0.133444
2016-10-17,0.011329
2016-10-18,-0.020058
2016-10-19,0.349471
2016-10-20,-0.305716
2016-10-21,-0.156793
2016-10-24,-0.838164
2016-10-25,-1.523398
2016-10-26,-1.088906
2016-10-27,-1.347359
2016-10-28,-0.836217
2016-10-31,-0.416737
2016-11-01,-0.426587
2016-11-02,-0.537379
2016-11-03,-0.347147
2016-11-04,-0.097949
2016-11-07,-0.131697
2016-11-08,-0.136308
2016-11-09,0.046866
2016-11-10,0.664752
2016-11-11,0.863465
2016-11-14,1.415406
2016-11-15,1.673648
2016-11-16,1.347424
2016-11-17,1.243950
2016-11-18,1.151439
2016-11-21,1.192939
2016-11-22,1.195725
2016-11-23,1.512736
2016-11-25,1.344911
2016-11-28,0.878651
2016-11-29,0.738514
2016-11-30,0.878044
2016-12-01,0.996138
2016-12-02,0.782636
2016-12-05,0.716012
2016-12-06,0.967881
2016-12-07,1.242723
2016-12-08,1.867198
2016-12-09,1.674170
2016-12-12,1.352835
2016-12-13,0.918564
2016-12-14,0.872903
2016-12-15,0.211537
2016-12-16,-0.080132
2016-12-19,0.086596
2016-12-20,-0.042814
2016-12-21,-0.152035
2016-12-22,0.222953
2016-12-23,1.170159
2016-12-27,1.075786
2016-12-28,0.591471
2016-12-29,0.441409
2016-12-30,0.414280
2017-01-03,0.992367
2017-01-04,1.403699
2017-01-05,1.135360
2017-01-06,0.619804
2017-01-09,0.341255
2017-01-10,-0.047585
2017-01-11,-0.020016
2017-01-12,0.221197
2017-01-13,0.116741
2017-01-17,0.306125
2017-01-18,0.560149
2017-01-19,0.337517
2017-01-20,0.342913
2017-01-23,0.105159
2017-01-24,0.428972
2017-01-25,-0.108295
2017-01-26,0.164890
2017-01-27,-0.073651
2017-01-30,0.056991
2017-01-31,0.541422
2017-02-01,0.645232
2017-02-02,0.508099
2017-02-03,0.561850
2017-02-06,0.445350
2017-02-07,0.193136
2017-02-08,0.510972
2017-02-09,0.559788
2017-02-10,0.437607
2017-02-13,0.342620
2017-02-14,-0.003061
2017-02-15,0.016144
2017-02-16,-0.039936
2017-02-17,-0.332287
2017-02-21,-0.415461
2017-02-22,-0.456329
2017-02-23,-0.975921
2017-02-24,-0.618777
2017-02-27,-0.602288
2017-02-28,-0.736278
2017-03-01,-1.003436
2017-03-02,-1.033082
2017-03-03,-0.933669
2017-03-06,-1.064054
2017-03-07,-1.274775
2017-03-08,-1.171312
2017-03-09,-1.721343
2017-03-10,-1.748496
2017-03-13,-1.279025
2017-03-14,-1.329463
2017-03-15,-0.832325
2017-03-16,-0.744986
2017-03-17,-0.581008
2017-03-20,-0.722181
2017-03-21,-0.976047
2017-03-22,-0.767253
2017-03-23,-0.840239
2017-03-24,-0.919171
2017-03-27,-1.055512
2017-03-28,-1.011654
2017-03-29,-0.544662
2017-03-30,-0.894745
2017-03-31,-0.792022
2017-04-03,-1.098681
2017-04-04,-1.109149
2017-04-05,-0.975697
2017-04-06,-0.862980
2017-04-07,-0.823084
2017-04-10,-0.418895
2017-04-11,-0.168847
2017-04-12,-0.113772
2017-04-13,-0.170390
2017-04-17,-0.208101
2017-04-18,-0.057362
2017-04-19,0.179128
2017-04-20,0.119940
2017-04-21,-0.125386
2017-04-24,-0.247323
2017-04-25,-0.191007
2017-04-26,0.026112
2017-04-27,0.148887
2017-04-28,-0.304544
2017-05-01,-0.277691
2017-05-02,-0.543141
2017-05-03,-0.937565
2017-05-04,-0.868227
2017-05-05,-0.442520
2017-05-08,-0.844261
2017-05-09,-0.955338
2017-05-10,-0.659037
2017-05-11,-0.810351
2017-05-12,-1.244626
2017-05-15,-1.725066
2017-05-16,-2.169328
2017-05-17,-2.686635
2017-05-18,-2.820913
2017-05-19,-2.406973
2017-05-22,-2.416197
2017-05-23,-2.630709
2017-05-24,-2.669490
2017-05-25,-2.873832
2017-05-26,-3.077406
2017-05-30,-3.156487
2017-05-31,-2.819245
2017-06-01,-2.444010
2017-06-02,-2.955987
2017-06-05,-3.190063
2017-06-06,-3.235294
2017-06-07,-3.474231
2017-06-08,-3.643826
2017-06-09,-3.238570
2017-06-12,-3.245227
2017-06-13,-2.749446
2017-06-14,-2.420683
2017-06-15,-2.162853
2017-06-16,-1.948293
2017-06-19,-2.116923
2017-06-20,-2.168700
2017-06-21,-2.362826
2017-06-22,-2.212700
2017-06-23,-2.161096
2017-06-26,-1.682119
2017-06-27,-1.581137
2017-06-28,-1.802467
2017-06-29,-1.403795
2017-06-30,-1.331224
2017-07-03,-1.151907
2017-07-05,-1.589020
2017-07-06,-2.155305
2017-07-07,-1.973539
2017-07-10,-1.969828
2017-07-11,-1.759543
2017-07-12,-1.932963
2017-07-13,-1.778834
2017-07-14,-1.919803
2017-07-17,-1.749809
2017-07-18,-2.141854
2017-07-19,-2.043082
2017-07-20,-2.016823
2017-07-21,-1.898432
2017-07-24,-1.918624
2017-07-25,-2.125183
2017-07-26,-2.210181
2017-07-27,-2.048627
2017-07-28,-1.903299
2017-07-31,-1.960099
2017-08-01,-2.270031
2017-08-02,-2.354580
2017-08-03,-2.574169
2017-08-04,-2.597211
2017-08-07,-2.593968
2017-08-08,-2.473270
2017-08-09,-2.701594
2017-08-10,-2.695809
2017-08-11,-2.989540
2017-08-14,-2.950209
2017-08-15,-2.976672
2017-08-16,-2.843396
2017-08-17,-2.604485
2017-08-18,-2.711316
2017-08-21,-2.797071
2017-08-22,-2.771477
2017-08-23,-2.444068
2017-08-24,-2.479892
2017-08-25,-2.441118
2017-08-28,-2.324486
2017-08-29,-2.338458
2017-08-30,-2.340195
2017-08-31,-2.318548
2017-09-01,-1.900281
2017-09-05,-1.700890
2017-09-06,-1.648488
2017-09-07,-1.455145
2017-09-08,-1.286943
2017-09-11,-1.515060
2017-09-12,-1.373657
2017-09-13,-1.635278
2017-09-14,-1.581801
2017-09-15,-1.721399
2017-09-18,-1.598491
2017-09-19,-1.844825
2017-09-20,-1.639644
2017-09-21,-1.737421
2017-09-22,-1.612802
2017-09-25,-1.189961
2017-09-26,-1.225566
2017-09-27,-1.480528
2017-09-28,-1.411279
2017-09-29,-1.601891
2017-10-02,-1.378478
2017-10-03,-1.232401
2017-10-04,-1.163597
2017-10-05,-1.649818
2017-10-06,-1.764377
2017-10-09,-2.145690
2017-10-10,-2.332176
2017-10-11,-2.299031
2017-10-12,-2.061658
2017-10-13,-1.989715
2017-10-16,-2.120242
2017-10-17,-2.448438
2017-10-18,-2.455423
2017-10-19,-2.359063
2017-10-20,-2.055770
2017-10-23,-1.922404
2017-10-24,-2.094806
2017-10-25,-2.132891
2017-10-26,-1.801246
2017-10-27,-2.200864
2017-10-30,-2.365054
2017-10-31,-2.129658
2017-11-01,-2.206187
2017-11-02,-2.540164
2017-11-03,-2.523902
2017-11-06,-2.282758
2017-11-07,-2.582632
2017-11-08,-2.417826
2017-11-09,-2.010193
2017-11-10,-1.953674
2017-11-13,-1.709228
2017-11-14,-1.796289
2017-11-15,-1.635810
2017-11-16,-1.797865
2017-11-17,-1.290473
2017-11-20,-1.093748
2017-11-21,-1.389052
2017-11-22,-1.250858
2017-11-24,-1.445918
2017-11-27,-1.397136
2017-11-28,-1.394799
2017-11-29,-1.072144
2017-11-30,-0.978295
2017-12-01,-0.814528
2017-12-04,-0.368997
2017-12-05,-0.576027
2017-12-06,-0.821046
2017-12-07,-1.169099
2017-12-08,-1.257135
2017-12-11,-1.641063
2017-12-12,-1.720588
2017-12-13,-1.785092
2017-12-14,-1.993663
2017-12-15,-1.705740
2017-12-18,-1.440048
2017-12-19,-1.100924
2017-12-20,-1.117781
2017-12-21,-1.245191
2017-12-22,-1.353733
2017-12-26,-1.254022
2017-12-27,-1.171484
2017-12-28,-1.328118
2017-12-29,-1.490516
2018-01-02,-1.746174
2018-01-03,-1.464191
2018-01-04,-1.364565
2018-01-05,-1.569060
2018-01-08,-1.308632
2018-01-09,-1.499834
2018-01-10,-1.584985
2018-01-11,-1.474775
2018-01-12,-1.456985
2018-01-16,-1.975491
2018-01-17,-1.824484
2018-01-18,-2.126936
2018-01-19,-1.797454
2018-01-22,-2.054014
2018-01-23,-1.932797
2018-01-24,-1.999311
2018-01-25,-1.911186
2018-01-26,-2.179338
2018-01-29,-2.217931
2018-01-30,-2.304748
2018-01-31,-2.246735
2018-02-01,-1.968260
2018-02-02,-1.720575
2018-02-05,-1.084297
2018-02-06,-1.656535
2018-02-07,-1.356222
2018-02-08,-0.914218
2018-02-09,-1.054843
2018-02-12,-1.184210
2018-02-13,-1.131292
2018-02-14,-0.779900
2018-02-15,-1.140555
2018-02-16,-1.165447
2018-02-20,-1.090075
2018-02-21,-1.209451
2018-02-22,-1.181302
2018-02-23,-1.355483
2018-02-26,-1.951935
2018-02-27,-2.104325
2018-02-28,-2.031771
2018-03-01,-1.347542
2018-03-02,-1.192885
2018-03-05,-1.101556
2018-03-06,-1.187306
2018-03-07,-1.290918
2018-03-08,-1.462972
2018-03-09,-1.660483
2018-03-12,-1.898942
2018-03-13,-1.555054
2018-03-14,-1.698036
2018-03-15,-1.822988
2018-03-16,-1.518793
2018-03-19,-1.258928
2018-03-20,-1.266766
2018-03-21,-0.766189
2018-03-22,-0.583050
2018-03-23,-0.391335
2018-03-26,-1.056640
2018-03-27,-0.829072
2018-03-28,-0.702876
2018-03-29,-0.726704
2018-04-02,-0.686199
2018-04-03,-0.768909
2018-04-04,-0.667371
2018-04-05,-0.775041
2018-04-06,-0.728804
2018-04-09,-0.821538
2018-04-10,-0.909451
2018-04-11,-0.529489
2018-04-12,-0.881448
2018-04-13,-0.648950
2018-04-16,-0.697654
2018-04-17,-0.953035
2018-04-18,-0.640507
2018-04-19,-0.703451
2018-04-20,-0.528430
2018-04-23,-0.478120
2018-04-24,-0.221979
2018-04-25,-0.240011
2018-04-26,-0.419198
2018-04-27,-0.054474
2018-04-30,-0.275612
2018-05-01,0.267584
2018-05-02,0.217815
2018-05-03,0.068497
2018-05-04,-0.011346
2018-05-07,-0.124297
2018-05-08,-0.000531
2018-05-09,-0.433202
2018-05-10,-0.412180
2018-05-11,-0.581881
2018-05-14,-0.694286
2018-05-15,-0.588881
2018-05-16,-0.516525
2018-05-17,-0.484310
2018-05-18,-0.389622
2018-05-21,-0.508736
2018-05-22,-1.114606
2018-05-23,-1.191704
2018-05-24,-0.688759
2018-05-25,-0.713607
2018-05-29,-0.422232
2018-05-30,-0.379409
2018-05-31,-0.805856
2018-06-01,-1.496069
2018-06-04,-1.522510
2018-06-05,-1.418730
2018-06-06,-1.856614
2018-06-07,-1.508156
2018-06-08,-1.115363
2018-06-11,-1.174796
2018-06-12,-1.082627
2018-06-13,-1.042173
2018-06-14,-0.861032
2018-06-15,-0.642712
2018-06-18,-0.410866
2018-06-19,-0.490489
2018-06-20,-0.501057
2018-06-21,-0.499943
2018-06-22,-0.483206
2018-06-25,-0.193069
2018-06-26,-0.447146
2018-06-27,-0.747955
2018-06-28,-0.871101
2018-06-29,-0.878908
2018-07-02,-1.113646
2018-07-03,-0.821683
2018-07-05,-0.770422
2018-07-06,-0.779367
2018-07-09,-0.727104
2018-07-10,-0.979568
2018-07-11,-0.845829
2018-07-12,-1.055711
2018-07-13,-1.261274
2018-07-16,-1.451386
2018-07-17,-1.210253
2018-07-18,-1.064319
2018-07-19,-0.593544
2018-07-20,-1.003491
2018-07-23,-1.071603
2018-07-24,-1.678480
2018-07-25,-1.747816
2018-07-26,-1.032003
2018-07-27,-0.703748
2018-07-30,-0.559402
2018-07-31,-0.299289
2018-08-01,-0.712118
2018-08-02,-0.734861
2018-08-03,-0.805595
2018-08-06,-1.514919
2018-08-07,-1.005274
2018-08-08,-1.449412
2018-08-09,-1.743431
2018-08-10,-1.573822
2018-08-13,-1.449587
2018-08-14,-1.230070
2018-08-15,-1.291309
2018-08-16,-1.056605
2018-08-17,-0.893456
2018-08-20,-0.618763
2018-08-21,-0.491983
2018-08-22,-0.572555
2018-08-23,-0.609020
2018-08-24,-0.250161
2018-08-27,-0.442088
2018-08-28,-0.316438
2018-08-29,-0.905981
2018-08-30,-1.309138
2018-08-31,-1.309803
2018-09-04,-1.420311
2018-09-05,-1.028475
2018-09-06,-0.752789
2018-09-07,-0.716076
2018-09-10,-0.499945
2018-09-11,-1.004654
2018-09-12,-0.757389
2018-09-13,-0.780087
2018-09-14,-0.978761
2018-09-17,-1.026480
2018-09-18,-1.046605
2018-09-19,-1.450182
2018-09-20,-2.013208
2018-09-21,-2.138775
2018-09-24,-2.024516
2018-09-25,-2.829592
2018-09-26,-3.112166
2018-09-27,-3.367784
2018-09-28,-3.240490
2018-10-01,-3.504696
2018-10-02,-3.659149
2018-10-03,-3.525020
2018-10-04,-3.607697
2018-10-05,-3.184596
2018-10-08,-2.828795
2018-10-09,-3.376791
2018-10-10,-2.567854
2018-10-11,-2.615484
2018-10-12,-3.288995
2018-10-15,-2.462863
2018-10-16,-2.888762
2018-10-17,-2.985581
2018-10-18,-2.946063
2018-10-19,-3.337902
2018-10-22,-3.991775
2018-10-23,-4.127903
2018-10-24,-3.352625
2018-10-25,-4.049675
2018-10-26,-3.670502
2018-10-29,-2.929912
2018-10-30,-2.387490
2018-10-31,-2.795840
2018-11-01,-2.219642
2018-11-02,-1.792980
2018-11-05,-1.532462
2018-11-06,-1.308755
2018-11-07,-1.872056
2018-11-08,-1.546392
2018-11-09,-1.425981
2018-11-12,-1.250004
2018-11-13,-1.226935
2018-11-14,-1.382288
2018-11-15,-1.635587
2018-11-16,-1.468805
2018-11-19,-0.960964
2018-11-20,-0.759708
2018-11-21,-0.671748
2018-11-23,-0.326371
2018-11-26,-0.685041
2018-11-27,-0.953906
2018-11-28,-1.172167
2018-11-29,-1.103800
2018-11-30,-1.176856
2018-12-03,-1.419449
2018-12-04,-1.050687
2018-12-06,-1.251359
2018-12-07,-1.238256
2018-12-10,-1.665622
2018-12-11,-1.901106
2018-12-12,-1.746538
2018-12-13,-2.161655
2018-12-14,-1.844388
2018-12-17,-2.018383
2018-12-18,-2.030569
2018-12-19,-2.162230
2018-12-20,-2.135168
2018-12-21,-1.916399
2018-12-24,-2.072712
2018-12-26,-2.511942
2018-12-27,-2.377825
2018-12-28,-2.323415
2018-12-31,-2.433976
2019-01-02,-2.246820
2019-01-03,-2.062079
2019-01-04,-2.074761
2019-01-07,-1.762177
2019-01-08,-1.512862
2019-01-09,-1.201857
2019-01-10,-0.926344
2019-01-11,-0.566749
2019-01-14,-0.515319
2019-01-15,-0.680100
2019-01-16,-0.590939
2019-01-17,-0.449777
2019-01-18,-0.621422
2019-01-22,-0.399651
2019-01-23,-0.508420
2019-01-24,0.399046
2019-01-25,0.573583
2019-01-28,0.362560
2019-01-29,0.569103
2019-01-30,-0.005263
2019-01-31,-0.393375
2019-02-01,0.268748
2019-02-04,0.255272
2019-02-05,0.147517
2019-02-06,0.313845
2019-02-07,0.662239
2019-02-08,0.860257
2019-02-11,1.054320
2019-02-12,1.028578
2019-02-13,1.290705
2019-02-14,1.065986
2019-02-15,1.034195
2019-02-19,1.051673
2019-02-20,1.024480
2019-02-21,0.736076
2019-02-22,0.629791
2019-02-25,0.670560
2019-02-26,0.586894
2019-02-27,0.717210
2019-02-28,0.878612
2019-03-01,0.886835
2019-03-04,0.910217
2019-03-05,0.976809
2019-03-06,0.673110
2019-03-07,0.650804
2019-03-08,0.237173
2019-03-11,-0.019738
2019-03-12,0.092347
2019-03-13,-0.167700
2019-03-14,0.004150
2019-03-15,-0.273451
2019-03-18,0.000753
2019-03-19,-0.304332
2019-03-20,-0.891508
2019-03-21,-0.669853
2019-03-22,-0.632896
2019-03-25,-0.355810
2019-03-26,-0.421603
2019-03-27,0.133714
2019-03-28,0.486267
2019-03-29,0.541256
2019-04-01,0.902471
2019-04-02,0.628819
2019-04-03,1.091434
2019-04-04,1.242949
2019-04-05,1.460433
2019-04-08,1.371434
2019-04-09,1.022354
2019-04-10,1.050874
2019-04-11,1.552395
2019-04-12,1.418248
2019-04-15,1.230671
2019-04-16,1.734526
2019-04-17,0.805887
2019-04-18,1.013557
2019-04-22,0.892011
2019-04-23,0.761978
2019-04-24,1.232330
2019-04-25,0.904123
2019-04-26,1.209220
2019-04-29,0.624679
2019-04-30,1.455079
2019-05-01,0.952304
2019-05-02,0.538635
2019-05-03,-0.050547
2019-05-06,0.415343
2019-05-07,0.060975
2019-05-08,-0.213163
2019-05-09,-0.228233
2019-05-10,-0.361617
2019-05-13,0.277961
2019-05-14,0.258231
2019-05-15,-0.114639
2019-05-16,-0.748188
2019-05-17,-0.918718
2019-05-20,-0.936378
2019-05-21,-0.551395
2019-05-22,-0.815301
2019-05-23,-1.261959
2019-05-24,-1.439597
2019-05-28,-1.887487
2019-05-29,-2.294069
2019-05-30,-2.116418
2019-05-31,-1.575120
2019-06-03,-0.237081
2019-06-04,-0.091477
2019-06-05,0.042980
2019-06-06,0.003234
2019-06-07,-0.633700
2019-06-10,-0.633740
2019-06-11,-0.908150
2019-06-12,-0.435159
2019-06-13,-0.140606
2019-06-14,-0.319712
2019-06-17,-0.055933
2019-06-18,-0.618634
2019-06-19,-0.235865
2019-06-20,-0.295686
2019-06-21,-0.312500
2019-06-24,-0.749955
2019-06-25,-0.638597
2019-06-26,-0.813855
2019-06-27,0.150708
2019-06-28,0.472784
2019-07-01,0.395711
2019-07-02,0.032966
2019-07-03,0.228330
2019-07-05,-0.351941
2019-07-08,-0.307458
2019-07-09,-0.795364
2019-07-10,-1.377880
2019-07-11,-1.688205
2019-07-12,-1.718337
2019-07-15,-1.890942
2019-07-16,-1.834390
2019-07-17,-1.544924
2019-07-18,-1.531571
2019-07-19,-1.556034
2019-07-22,-1.989239
2019-07-23,-1.878030
2019-07-24,-1.328145
2019-07-25,-1.972850
2019-07-26,-2.398414
2019-07-29,-2.949542
2019-07-30,-2.910624
2019-07-31,-2.159975
2019-08-01,-2.335950
2019-08-02,-2.583869
2019-08-05,-2.147015
2019-08-06,-2.431704
2019-08-07,-2.403565
2019-08-08,-2.891981
2019-08-09,-3.192749
2019-08-12,-3.446869
2019-08-13,-3.671411
2019-08-14,-3.780300
2019-08-15,-4.023541
2019-08-16,-3.924797
2019-08-19,-4.027851
2019-08-20,-4.186133
2019-08-21,-4.206622
2019-08-22,-3.988547
2019-08-23,-3.903588
2019-08-26,-3.978717
2019-08-27,-4.204950
2019-08-28,-4.027716
2019-08-29,-4.030098
2019-08-30,-3.843144
2019-09-03,-3.627908
2019-09-04,-3.358154
2019-09-05,-3.306654
2019-09-06,-3.019884
2019-09-09,-2.293777
2019-09-10,-1.722526
2019-09-11,-1.601559
2019-09-12,-1.764730
2019-09-13,-1.529484
2019-09-16,-1.229409
2019-09-17,-1.271765
2019-09-18,-1.029501
2019-09-19,-1.459948
2019-09-20,-1.318475
2019-09-23,-1.287444
2019-09-24,-1.391519
2019-09-25,-1.640044
2019-09-26,-1.855214
2019-09-27,-1.604490
2019-09-30,-1.671571
2019-10-01,-1.900586
2019-10-02,-2.104663
2019-10-03,-2.271413
2019-10-04,-2.694489
2019-10-07,-2.774880
2019-10-08,-2.654463
2019-10-09,-2.880438
2019-10-10,-2.982650
2019-10-11,-2.797057
2019-10-14,-2.695282
2019-10-15,-2.830060
2019-10-16,-2.491511
2019-10-17,-2.444062
2019-10-18,-1.764455
2019-10-21,-1.704891
2019-10-22,-1.558697
2019-10-23,-1.033274
2019-10-24,-1.293096
2019-10-25,-1.169957
2019-10-28,-1.724437
2019-10-29,-1.251188
2019-10-30,-1.800833
2019-10-31,-1.953709
2019-11-01,-1.601446
2019-11-04,-1.515576
2019-11-05,-1.375168
2019-11-06,-1.710661
2019-11-07,-1.753333
2019-11-08,-1.842612
2019-11-11,-1.994495
2019-11-12,-1.867163
2019-11-13,-1.699233
2019-11-14,-1.609243
2019-11-15,-1.654490
2019-11-18,-2.042374
2019-11-19,-1.889575
2019-11-20,-1.884466
2019-11-21,-1.879324
2019-11-22,-1.640751
2019-11-25,-1.509500
2019-11-26,-1.504085
2019-11-27,-1.796713
2019-11-29,-2.802253
2019-12-02,-2.784534
2019-12-03,-2.815322
2019-12-04,-2.532827
2019-12-05,-2.148706
2019-12-06,-1.987359
2019-12-09,-1.889676
2019-12-10,-1.943141
2019-12-11,-2.117992
2019-12-12,-1.757445
2019-12-13,-1.911975
2019-12-16,-1.896141
2019-12-17,-2.047291
2019-12-18,-1.792397
2019-12-19,-1.785595
2019-12-20,-1.383415
2019-12-23,-1.924199
2019-12-24,-1.777090
2019-12-26,-2.427777
2019-12-27,-2.972154
2019-12-30,-2.503007
2019-12-31,-1.965363
2020-01-02,-2.782532
2020-01-03,-2.547649
2020-01-06,-2.841438
2020-01-07,-2.448586
2020-01-08,-2.311722
2020-01-09,-2.523370
2020-01-10,-2.773592
2020-01-13,-2.739202
2020-01-14,-2.499126
2020-01-15,-2.434514
2020-01-16,-2.361152
2020-01-17,-2.657552
2020-01-21,-2.646874
2020-01-22,-2.943128
2020-01-23,-3.030006
2020-01-24,-2.984799
2020-01-27,-2.785607
2020-01-28,-2.826819
2020-01-29,-3.433465
2020-01-30,-3.709129
2020-01-31,-3.427891
2020-02-03,-3.505762
2020-02-04,-3.929055
2020-02-05,-3.257010
2020-02-06,-3.761381
2020-02-07,-3.804092
2020-02-10,-3.934637
2020-02-11,-3.439647
2020-02-12,-3.069780
2020-02-13,-3.010804
2020-02-14,-2.901003
2020-02-18,-3.068071
2020-02-19,-3.127009
2020-02-20,-2.648909
2020-02-21,-2.464934
2020-02-24,-2.164969
2020-02-25,-2.371882
2020-02-26,-2.724927
2020-02-27,-2.095135
2020-02-28,-2.886398
2020-03-02,-3.557151
2020-03-03,-3.159754
2020-03-04,-3.599994
2020-03-05,-3.759510
2020-03-06,-4.211950
2020-03-09,-4.851775
2020-03-10,-5.874920
2020-03-11,-6.486718
2020-03-12,-6.316814
2020-03-13,-6.971802
2020-03-16,-7.190921
2020-03-17,-7.704027
2020-03-18,-8.244722
2020-03-19,-8.095367
2020-03-20,-7.959277
2020-03-23,-8.501937
2020-03-24,-8.290771
2020-03-25,-7.704728
2020-03-26,-8.149794
2020-03-27,-7.897555
2020-03-30,-8.839955
2020-03-31,-8.970667
2020-04-01,-8.729450
2020-04-02,-9.558920
2020-04-03,-9.406689
2020-04-06,-9.064996
2020-04-07,-8.449304
2020-04-08,-8.054881
2020-04-09,-7.359046
2020-04-13,-8.412138
2020-04-14,-9.112437
2020-04-15,-9.801590
2020-04-16,-10.043330
2020-04-17,-9.450200
2020-04-20,-9.585537
2020-04-21,-9.501088
2020-04-22,-9.997609
2020-04-23,-10.232113
2020-04-24,-10.308721
2020-04-27,-9.119465
2020-04-28,-7.398320
2020-04-29,-6.570781
2020-04-30,-8.197344
2020-05-01,-8.552502
2020-05-04,-8.553470
2020-05-05,-9.214201
2020-05-06,-9.907664
2020-05-07,-9.638613
2020-05-08,-8.759573
2020-05-11,-9.689866
2020-05-12,-9.995796
2020-05-13,-10.751988
2020-05-14,-10.440819
2020-05-15,-10.625043
2020-05-18,-8.994225
2020-05-19,-9.154137
2020-05-20,-9.024404
2020-05-21,-8.706122
2020-05-22,-8.838737
2020-05-26,-7.166905
2020-05-27,-6.436170
2020-05-28,-7.236189
2020-05-29,-7.688164
2020-06-01,-6.975846
2020-06-02,-6.604008
2020-06-03,-5.477879
2020-06-04,-4.618355
2020-06-05,-3.730912
2020-06-08,-2.571226
2020-06-09,-4.319593
2020-06-10,-6.203675
2020-06-11,-6.972019
2020-06-12,-6.325377
2020-06-15,-6.344963
2020-06-16,-6.000530
2020-06-17,-6.539466
2020-06-18,-6.633706
2020-06-19,-7.152609
2020-06-22,-7.584633
2020-06-23,-7.962228
2020-06-24,-8.339298
2020-06-25,-8.527322
2020-06-26,-7.707456
2020-06-29,-7.273632
2020-06-30,-7.527511
2020-07-01,-8.425625
2020-07-02,-7.774572
2020-07-06,-8.530678
2020-07-07,-8.698302
2020-07-08,-9.384985
2020-07-09,-9.981664
2020-07-10,-9.242453
2020-07-13,-8.816385
2020-07-14,-8.520423
2020-07-15,-7.677926
2020-07-16,-7.398447
2020-07-17,-7.401432
2020-07-20,-8.544035
2020-07-21,-7.670486
2020-07-22,-7.374152
2020-07-23,-6.430139
2020-07-24,-6.398353
2020-07-27,-6.815047
2020-07-28,-6.571556
2020-07-29,-6.060514
2020-07-30,-6.325504
2020-07-31,-7.117781
2020-08-03,-7.473057
2020-08-04,-7.237390
2020-08-05,-7.304433
2020-08-06,-7.683090
2020-08-07,-6.581323
2020-08-10,-5.548369
2020-08-11,-5.210058
2020-08-12,-6.050887
2020-08-13,-6.349546
2020-08-14,-5.933494
2020-08-17,-6.183318
2020-08-18,-6.802569
2020-08-19,-7.140601
2020-08-20,-8.087430
2020-08-21,-9.209294
2020-08-24,-8.620023
2020-08-25,-8.435092
2020-08-26,-10.550374
2020-08-27,-9.595891
2020-08-28,-8.547277
2020-08-31,-9.694348
2020-09-01,-9.575700
2020-09-02,-9.397506
2020-09-03,-7.506780
2020-09-04,-6.267944
2020-09-08,-4.667382
2020-09-09,-5.310253
2020-09-10,-4.607017
2020-09-11,-3.192310
2020-09-14,-1.482837
2020-09-15,-2.293623
2020-09-16,1.290551
2020-09-17,1.844409
2020-09-18,2.672964
2020-09-21,2.105603
2020-09-22,-0.821402
2020-09-23,-1.857548
2020-09-24,-1.791888
2020-09-25,-2.164121
2020-09-28,-1.029296
2020-09-29,-0.892717
2020-09-30,-0.678001
2020-10-01,-0.079615
2020-10-02,2.061127
2020-10-05,0.902074
2020-10-06,0.504090
2020-10-07,-0.345248
2020-10-08,-0.576102
2020-10-09,0.078287
2020-10-12,-0.587415
2020-10-13,0.381549
2020-10-14,1.437866
2020-10-15,0.878967
2020-10-16,1.233383
2020-10-19,1.345131
2020-10-20,1.923116
2020-10-21,1.612096
2020-10-22,2.452221
2020-10-23,0.928108
2020-10-26,-1.859795
2020-10-27,-3.726911
2020-10-28,-1.368008
2020-10-29,-0.265093
2020-10-30,0.812653
2020-11-02,2.657567
2020-11-03,4.047679
2020-11-04,0.757739
2020-11-05,-0.533022
2020-11-06,0.464192
2020-11-09,5.051240
2020-11-10,7.643601
2020-11-11,5.917304
2020-11-12,5.411573
2020-11-13,3.401158
2020-11-16,5.017168
2020-11-17,5.137246
2020-11-18,4.820169
2020-11-19,5.072849
2020-11-20,2.693557
2020-11-23,2.556700
2020-11-24,4.317208
2020-11-25,4.294081
2020-11-27,2.943584
2020-11-30,1.618709
2020-12-01,-0.181740
2020-12-02,-1.009519
2020-12-03,-1.561386
2020-12-04,-2.048410
2020-12-07,-0.343498
2020-12-08,1.918220
2020-12-09,4.300240
2020-12-10,3.410076
2020-12-11,2.545542
2020-12-14,1.977881
2020-12-15,3.249537
2020-12-16,2.929006
2020-12-17,3.557663
2020-12-18,4.377079
2020-12-21,4.219997
2020-12-22,5.035271
2020-12-23,5.663645
2020-12-24,5.111405
2020-12-28,3.718778
2020-12-29,3.188684
2020-12-30,4.926036
2020-12-31,5.025840
2021-01-04,5.322470
2021-01-05,6.333798
2021-01-06,9.156515
2021-01-07,10.060237
2021-01-08,8.650868
2021-01-11,8.880577
2021-01-12,9.332302
2021-01-13,6.771945
2021-01-14,7.396144
2021-01-15,7.232299
2021-01-19,8.527133
2021-01-20,6.682192
2021-01-21,5.620613
2021-01-22,4.295111
2021-01-25,3.841261
2021-01-26,3.786012
2021-01-27,3.861465
2021-01-28,3.387469
2021-01-29,4.119764
2021-02-01,4.761466
2021-02-02,5.229229
2021-02-03,5.304310
2021-02-04,5.271089
2021-02-05,6.313910
2021-02-08,5.742825
2021-02-09,4.843473
2021-02-10,4.425436
2021-02-11,5.181820
2021-02-12,5.725474
2021-02-16,5.566230
2021-02-17,5.792274
2021-02-18,6.560272
2021-02-19,7.695829
2021-02-22,9.743063
2021-02-23,10.572428
2021-02-24,10.397597
2021-02-25,10.642033
2021-02-26,11.699068
2021-03-01,11.397005
2021-03-02,11.368061
2021-03-03,12.842286
2021-03-04,12.927905
2021-03-05,13.110388
2021-03-08,13.481811
2021-03-09,11.434303
2021-03-10,11.482947
2021-03-11,11.973446
2021-03-12,12.620246
2021-03-15,12.392906
2021-03-16,10.798368
2021-03-17,11.527049
2021-03-18,10.665675
2021-03-19,10.162799
2021-03-22,9.575863
2021-03-23,10.608733
2021-03-24,11.643094
2021-03-25,12.604198
2021-03-26,13.261839
2021-03-29,12.709641
2021-03-30,12.725539
2021-03-31,12.616842
2021-04-01,12.894224
2021-04-05,12.672468
2021-04-06,11.165382
2021-04-07,10.367245
2021-04-08,9.655949
2021-04-09,9.256868
2021-04-12,8.598978
2021-04-13,8.897064
2021-04-14,10.411042
2021-04-15,10.691884
2021-04-16,10.470406
2021-04-19,9.700832
2021-04-20,9.655649
2021-04-21,10.134640
2021-04-22,10.185741
2021-04-23,10.507399
2021-04-26,9.468177
2021-04-27,9.357290
2021-04-28,10.264349
2021-04-29,11.563442
2021-04-30,11.280992
2021-05-03,11.721956
2021-05-04,11.467202
2021-05-05,10.082612
2021-05-06,9.176061
2021-05-07,12.338815
2021-05-10,12.867726
2021-05-11,12.852870
2021-05-12,8.595094
2021-05-13,8.028163
2021-05-14,9.299641
2021-05-17,10.322722
2021-05-18,9.051773
2021-05-19,7.588384
2021-05-20,6.948326
2021-05-21,7.273876
2021-05-24,6.662563
2021-05-25,6.299067
2021-05-26,5.366840
2021-05-27,5.141330
2021-05-28,5.897512
2021-06-01,6.789169
2021-06-02,7.510626
2021-06-03,7.882525
2021-06-04,7.333781
2021-06-07,6.506425
2021-06-08,5.686000
2021-06-09,5.672531
2021-06-10,5.372041
2021-06-11,4.846770
2021-06-14,4.067576
2021-06-15,4.911055
2021-06-16,5.086174
2021-06-17,3.518665
2021-06-18,3.454961
2021-06-21,4.050749
2021-06-22,3.505283
2021-06-23,3.984325
2021-06-24,4.351952
2021-06-25,4.182702
2021-06-28,3.667034
2021-06-29,4.148927
2021-06-30,4.694469
2021-07-01,4.196104
2021-07-02,3.488255
2021-07-06,2.786618
2021-07-07,2.445352
2021-07-08,0.213977
2021-07-09,1.184822
2021-07-12,1.599410
2021-07-13,0.240084
2021-07-14,-0.979784
2021-07-15,-0.204265
2021-07-16,-0.938568
2021-07-19,-1.289352
2021-07-20,-0.434768
2021-07-21,0.647791
2021-07-22,0.774247
2021-07-23,0.638781
2021-07-26,1.246436
2021-07-27,1.965574
2021-07-28,1.953666
2021-07-29,2.314106
2021-07-30,2.330303
2021-08-02,2.754740
2021-08-03,2.881606
2021-08-04,2.111752
2021-08-05,2.082877
2021-08-06,2.222339
2021-08-09,1.522346
2021-08-10,1.888818
2021-08-11,1.943041
2021-08-12,1.690486
2021-08-13,1.335083
2021-08-16,0.918332
2021-08-17,0.885074
2021-08-18,1.108166
2021-08-19,-0.379476
2021-08-20,-1.545268
2021-08-23,-1.868419
2021-08-24,-2.102421
2021-08-25,-1.887504
2021-08-26,-1.804329
2021-08-27,-1.397633
2021-08-30,-2.425569
2021-08-31,-3.257483
2021-09-01,-3.192114
2021-09-02,-3.220681
2021-09-03,-4.913694
2021-09-07,-3.931855
2021-09-08,-4.289798
2021-09-09,-3.692827
2021-09-10,-4.199737
2021-09-13,-4.432128
2021-09-14,-3.729383
2021-09-15,-3.882701
2021-09-16,-4.501243
2021-09-17,-4.369978
2021-09-20,-3.379710
2021-09-21,-2.971776
2021-09-22,-3.274274
2021-09-23,-3.724737
2021-09-24,-3.943858
2021-09-27,-2.745255
2021-09-28,-2.620321
2021-09-29,-2.094294
2021-09-30,-2.421444
2021-10-01,-1.699746
2021-10-04,-1.182948
2021-10-05,-1.015604
2021-10-06,-1.004765
2021-10-07,-0.863495
2021-10-08,-1.061037
2021-10-11,-0.371869
2021-10-12,-0.612624
2021-10-13,-0.511728
2021-10-14,-0.597448
2021-10-15,-1.077039
2021-10-18,-1.352603
2021-10-19,-1.947610
2021-10-20,-1.878953
2021-10-21,-2.009488
2021-10-22,-1.543825
2021-10-25,-2.024967
2021-10-26,-2.394697
2021-10-27,-3.334902
2021-10-28,-3.263483
2021-10-29,-4.071281
2021-11-01,-3.975993
2021-11-02,-4.317876
2021-11-03,-4.023239
2021-11-04,-5.079018
2021-11-05,-5.411488
2021-11-08,-5.053628
2021-11-09,-4.687212
2021-11-10,-4.570520
2021-11-11,-4.310692
2021-11-12,-4.806597
2021-11-15,-4.671200
2021-11-16,-4.712023
2021-11-17,-4.620428
2021-11-18,-5.642447
2021-11-19,-5.607865
2021-11-22,-4.921741
2021-11-23,-4.770832
2021-11-24,-5.486762
2021-11-26,-5.766582
2021-11-29,-6.687792
2021-11-30,-7.196993
2021-12-01,-7.508151
2021-12-02,-6.240449
2021-12-03,-5.777993
2021-12-06,-5.647898
2021-12-07,-5.843552
2021-12-08,-5.551494
2021-12-09,-5.648111
2021-12-10,-5.431420
2021-12-13,-5.430863
2021-12-14,-5.202108
2021-12-15,-4.761264
2021-12-16,-3.601373
2021-12-17,-4.312682
2021-12-20,-3.865876
2021-12-21,-3.626680
2021-12-22,-4.026558
2021-12-23,-4.343541
2021-12-27,-3.870936
2021-12-28,-3.471939
2021-12-29,-3.438656
2021-12-30,-3.437104
2021-12-31,-2.632817
2022-01-03,-2.431665
2022-01-04,-1.390227
2022-01-05,-0.842720
2022-01-06,-0.868455
2022-01-07,-0.572637
2022-01-10,-0.327622
2022-01-11,0.025016
2022-01-12,-0.265352
2022-01-13,0.697725
2022-01-14,0.844932
2022-01-18,0.526319
2022-01-19,0.314942
2022-01-20,0.644699
2022-01-21,1.341037
2022-01-24,1.635712
2022-01-25,1.621156
2022-01-26,0.962343
2022-01-27,0.555585
2022-01-28,-0.410564
2022-01-31,-0.744487
2022-02-01,-0.666332
2022-02-02,-0.534269
2022-02-03,0.481398
2022-02-04,-0.338162
2022-02-07,0.203766
2022-02-08,-0.050312
2022-02-09,-0.223512
2022-02-10,0.366249
2022-02-11,1.216320
2022-02-14,0.938504
2022-02-15,0.972257
2022-02-16,1.145260
2022-02-17,1.854007
2022-02-18,2.174855
2022-02-22,2.336909
2022-02-23,2.275892
2022-02-24,1.462762
2022-02-25,2.072341
2022-02-28,1.543783
2022-03-01,1.891281
2022-03-02,2.084609
2022-03-03,2.397063
2022-03-04,2.216384
2022-03-07,2.616350
2022-03-08,3.105521
2022-03-09,2.595310
2022-03-10,2.707772
2022-03-11,2.782888
2022-03-14,3.086763
2022-03-15,2.770225
2022-03-16,2.433573
2022-03-17,2.504233
2022-03-18,1.998190
2022-03-21,1.602203
2022-03-22,1.556913
2022-03-23,1.222825
2022-03-24,0.622368
2022-03-25,0.818330
2022-03-28,-0.243678
2022-03-29,-0.370518
2022-03-30,-0.574615
2022-03-31,0.071961
2022-04-01,-0.052595
2022-04-04,-1.440887
2022-04-05,-0.867278
2022-04-06,-0.055794
2022-04-07,-0.239559
2022-04-08,0.306813
2022-04-11,0.891992
2022-04-12,0.648137
2022-04-13,0.839202
2022-04-14,1.351219
2022-04-18,1.506231
2022-04-19,1.946002
2022-04-20,2.842780
2022-04-21,2.467146
2022-04-22,2.547402
2022-04-25,1.917311
2022-04-26,2.627100
2022-04-27,2.814253
2022-04-28,3.021068
2022-04-29,3.471197
2022-05-02,3.532966
2022-05-03,3.298026
2022-05-04,3.262027
2022-05-05,3.671181
2022-05-06,3.960837
2022-05-09,3.667653
2022-05-10,3.179899
2022-05-11,3.124950
2022-05-12,3.467426
2022-05-13,3.266151
2022-05-16,3.516251
2022-05-17,3.515116
2022-05-18,3.839267
2022-05-19,4.419506
2022-05-20,4.990242
2022-05-23,5.107365
2022-05-24,4.817378
2022-05-25,4.841760
2022-05-26,5.227530
2022-05-27,5.693446
2022-05-31,5.598382
2022-06-01,6.112299
2022-06-02,6.289120
2022-06-03,5.704228
2022-06-06,5.514172
2022-06-07,5.213843
2022-06-08,5.092175
2022-06-09,5.065799
2022-06-10,5.147788
2022-06-13,4.953127
2022-06-14,4.658519
2022-06-15,4.280163
2022-06-16,4.263052
2022-06-17,3.730188
2022-06-21,3.429009
2022-06-22,3.538327
2022-06-23,3.171708
2022-06-24,3.560513
2022-06-27,3.764549
2022-06-28,4.196538
2022-06-29,3.550670
2022-06-30,3.537999
2022-07-01,3.623306
2022-07-05,3.068303
2022-07-06,3.209034
2022-07-07,2.511862
2022-07-08,1.979086
2022-07-11,1.881166
2022-07-12,2.018023
2022-07-13,2.302278
2022-07-14,1.792406
2022-07-15,1.971271
2022-07-18,1.532854
2022-07-19,1.900033
2022-07-20,1.810815
2022-07-21,1.631990
2022-07-22,2.104010
2022-07-25,1.792716
2022-07-26,1.837597
2022-07-27,1.041456
2022-07-28,1.900360
2022-07-29,1.456277
2022-08-01,2.237808
2022-08-02,2.379394
2022-08-03,1.813664
2022-08-04,1.956628
2022-08-05,1.217915
2022-08-08,2.112935
2022-08-09,1.572235
2022-08-10,1.537875
2022-08-11,1.721775
2022-08-12,1.489739
2022-08-15,0.677731
2022-08-16,1.246445
2022-08-17,1.077223
2022-08-18,0.891344
2022-08-19,0.582098
2022-08-22,0.305672
2022-08-23,0.215700
2022-08-24,0.168397
2022-08-25,0.832708
2022-08-26,0.503884
2022-08-29,0.886444
2022-08-30,1.119087
2022-08-31,0.866682
2022-09-01,0.393590
2022-09-02,0.504114
2022-09-06,0.435256
2022-09-07,0.783483
2022-09-08,1.491622
2022-09-09,1.097657
2022-09-12,0.763473
2022-09-13,0.777481
2022-09-14,0.941685
2022-09-15,1.520904
2022-09-16,1.270764
2022-09-19,1.644418
2022-09-20,1.432073
2022-09-21,1.748996
2022-09-22,1.361548
2022-09-23,1.596537
2022-09-26,1.031191
2022-09-27,1.305078
2022-09-28,1.259732
2022-09-29,1.524277
2022-09-30,1.757146
2022-10-03,1.886255
2022-10-04,2.765371
2022-10-05,2.482181
2022-10-06,1.977780
2022-10-07,2.436621
2022-10-10,2.099118
2022-10-11,1.648224
2022-10-12,1.458687
2022-10-13,1.300416
2022-10-14,0.870318
2022-10-17,0.780777
2022-10-18,0.902295
2022-10-19,-0.101311
2022-10-20,-0.374446
2022-10-21,-0.534666
2022-10-24,-0.388961
2022-10-25,-0.589975
2022-10-26,0.381206
2022-10-27,1.638020
2022-10-28,0.798114
2022-10-31,1.368261
2022-11-01,1.656496
2022-11-02,1.861783
2022-11-03,1.877397
2022-11-04,2.324971
2022-11-07,2.031986
2022-11-08,2.579173
2022-11-09,2.535964
2022-11-10,1.994039
2022-11-11,2.063189
2022-11-14,1.756407
2022-11-15,1.763386
2022-11-16,1.220392
2022-11-17,0.539119
2022-11-18,0.885757
2022-11-21,1.654964
2022-11-22,1.524482
2022-11-23,1.025674
2022-11-25,1.258680
2022-11-28,1.177395
2022-11-29,2.034304
2022-11-30,1.630791
2022-12-01,1.958550
2022-12-02,1.569554
2022-12-05,1.340919
2022-12-06,1.653243
2022-12-07,1.995746
2022-12-08,1.808417
2022-12-09,1.635665
2022-12-12,2.013573
2022-12-13,2.210971
2022-12-14,2.718430
2022-12-15,3.288494
2022-12-16,3.196479
2022-12-19,3.941124
2022-12-20,3.777872
2022-12-21,4.009856
2022-12-22,4.111962
2022-12-23,3.875905
2022-12-27,3.865359
2022-12-28,4.168955
2022-12-29,4.052713
2022-12-30,3.675910
2023-01-03,4.442662
2023-01-04,5.620823
2023-01-05,5.627367
2023-01-06,6.178093
2023-01-09,6.108473
2023-01-10,5.811798
2023-01-11,5.896156
2023-01-12,6.563349
2023-01-13,6.310723
2023-01-17,5.871291
2023-01-18,5.496629
2023-01-19,5.070044
2023-01-20,5.234553
2023-01-23,5.043769
2023-01-24,4.759601
2023-01-25,4.586419
2023-01-26,4.890240
2023-01-27,4.454894
2023-01-30,5.111783
2023-01-31,5.325807
2023-02-01,5.426090
2023-02-02,5.597897
2023-02-03,5.520776
2023-02-06,5.102563
2023-02-07,4.361779
2023-02-08,4.641694
2023-02-09,4.419072
2023-02-10,4.049800
2023-02-13,4.052178
2023-02-14,4.083937
2023-02-15,4.143651
2023-02-16,4.600439
2023-02-17,4.586975
2023-02-21,4.363896
2023-02-22,4.472576
2023-02-23,4.363140
2023-02-24,4.336611
2023-02-27,3.946882
2023-02-28,3.977636
2023-03-01,4.113390
2023-03-02,4.153252
2023-03-03,3.995772
2023-03-06,3.640457
2023-03-07,3.184323
2023-03-08,3.148095
2023-03-09,2.260469
2023-03-10,1.333873
2023-03-13,0.428153
2023-03-14,0.330563
2023-03-15,-0.843665
2023-03-16,-1.010501
2023-03-17,-1.880376
2023-03-20,-1.335685
2023-03-21,-1.288442
2023-03-22,-1.369129
2023-03-23,-2.112195
2023-03-24,-1.310575
2023-03-27,-0.818815
2023-03-28,0.146605
2023-03-29,0.274724
2023-03-30,-0.213853
2023-03-31,-0.379179
2023-04-03,-1.264335
2023-04-04,-1.885195
2023-04-05,-2.127959
2023-04-06,-2.312896
2023-04-10,-1.703123
2023-04-11,-1.534793
2023-04-12,-1.724981
2023-04-13,-2.603430
2023-04-14,-2.627413
2023-04-17,-1.960310
2023-04-18,-2.152653
2023-04-19,-1.618299
2023-04-20,-1.927298
2023-04-21,-1.468364
2023-04-24,-1.079778
2023-04-25,-1.010673
2023-04-26,-1.543582
2023-04-27,-2.249931
2023-04-28,-3.037944
2023-05-01,-3.712570
2023-05-02,-3.668150
2023-05-03,-3.850010
2023-05-04,-4.783749
2023-05-05,-5.249129
2023-05-08,-6.089736
2023-05-09,-6.024024
2023-05-10,-6.328492
2023-05-11,-6.675538
2023-05-12,-6.944803
2023-05-15,-6.260537
2023-05-16,-6.883690
2023-05-17,-6.735549
2023-05-18,-6.981200
2023-05-19,-6.842403
2023-05-22,-6.473809
2023-05-23,-6.606254
2023-05-24,-7.259027
2023-05-25,-8.106526
2023-05-26,-8.394439
2023-05-30,-8.957489
2023-05-31,-9.179305
2023-06-01,-9.954079
2023-06-02,-8.384911
2023-06-05,-8.729015
2023-06-06,-8.365743
2023-06-07,-7.276416
2023-06-08,-8.357864
2023-06-09,-8.692583
2023-06-12,-8.811460
2023-06-13,-8.597780
2023-06-14,-8.830685
2023-06-15,-8.899153
2023-06-16,-8.708366
2023-06-20,-9.560504
2023-06-21,-9.206164
2023-06-22,-10.166601
2023-06-23,-10.150398
2023-06-26,-8.964162
2023-06-27,-9.428696
2023-06-28,-9.680266
2023-06-29,-9.835112
2023-06-30,-10.182869
2023-07-03,-9.852251
2023-07-05,-10.005267
2023-07-06,-10.355152
2023-07-07,-10.538582
2023-07-10,-10.117238
2023-07-11,-9.548717
2023-07-12,-10.095773
2023-07-13,-10.493198
2023-07-14,-10.853770
2023-07-17,-11.027796
2023-07-18,-11.038896
2023-07-19,-10.759457
2023-07-20,-10.307366
2023-07-21,-9.902529
2023-07-24,-9.812531
2023-07-25,-10.004133
2023-07-26,-9.662122
2023-07-27,-10.017544
2023-07-28,-10.200772
2023-07-31,-10.027051
2023-08-01,-10.456727
2023-08-02,-9.936987
2023-08-03,-9.975573
2023-08-04,-9.433607
2023-08-07,-9.479109
2023-08-08,-9.463924
2023-08-09,-8.534874
2023-08-10,-8.899122
2023-08-11,-8.843147
2023-08-14,-9.522965
2023-08-15,-9.400584
2023-08-16,-9.191051
2023-08-17,-9.241646
2023-08-18,-9.494418
2023-08-21,-10.278740
2023-08-22,-10.414955
2023-08-23,-10.844571
2023-08-24,-10.051226
2023-08-25,-10.648562
2023-08-28,-10.344412
2023-08-29,-10.939331
2023-08-30,-11.336524
2023-08-31,-11.452965
2023-09-01,-10.863732
2023-09-05,-11.070062
2023-09-06,-10.746959
2023-09-07,-10.838642
2023-09-08,-10.781634
2023-09-11,-10.812255
2023-09-12,-9.157035
2023-09-13,-9.307071
2023-09-14,-8.276180
2023-09-15,-7.072886
2023-09-18,-6.915784
2023-09-19,-7.141430
2023-09-20,-6.525345
2023-09-21,-5.957379
2023-09-22,-5.477552
2023-09-25,-5.842303
2023-09-26,-6.165124
2023-09-27,-6.620152
2023-09-28,-6.497169
2023-09-29,-6.376867
2023-10-02,-7.424789
2023-10-03,-6.875483
2023-10-04,-6.676430
2023-10-05,-6.988233
2023-10-06,-7.043793
2023-10-09,-7.507351
2023-10-10,-7.921038
2023-10-11,-8.107653
2023-10-12,-8.044223
2023-10-13,-7.546295
2023-10-16,-7.720441
2023-10-17,-7.168341
2023-10-18,-7.365160
2023-10-19,-7.689252
2023-10-20,-7.558637
2023-10-23,-8.054949
2023-10-24,-8.244984
2023-10-25,-7.234312
2023-10-26,-5.743687
2023-10-27,-6.563184
2023-10-30,-7.040291
2023-10-31,-6.610886
2023-11-01,-7.533219
2023-11-02,-7.196586
2023-11-03,-6.256722
2023-11-06,-6.813429
2023-11-07,-7.427668
2023-11-08,-7.156766
2023-11-09,-6.858642
2023-11-10,-7.499763
2023-11-13,-7.718141
2023-11-14,-6.226994
2023-11-15,-5.955515
2023-11-16,-6.212883
2023-11-17,-5.739772
2023-11-20,-6.279367
2023-11-21,-6.357970
2023-11-22,-5.958702
2023-11-24,-4.691624
2023-11-27,-4.173716
2023-11-28,-4.154276
2023-11-29,-3.341961
2023-11-30,-2.634718
2023-12-01,-2.423247
2023-12-04,-1.651691
2023-12-05,-3.047165
2023-12-06,-3.712523
2023-12-07,-3.375837
2023-12-08,-3.196199
2023-12-11,-2.404767
2023-12-12,-3.006542
2023-12-13,-1.943320
2023-12-14,-0.738864
2023-12-15,-1.601591
2023-12-18,-1.750716
2023-12-19,-1.921721
2023-12-20,-1.358326
2023-12-21,-0.962210
2023-12-22,-1.926676
2023-12-26,-1.885891
2023-12-27,-1.742845
2023-12-28,-1.953887
2023-12-29,-1.715240
2024-01-02,-1.215788
2024-01-03,-1.616167
2024-01-04,-1.423802
2024-01-05,-1.799678
2024-01-08,-2.873673
2024-01-09,-3.734632
2024-01-10,-3.778923
2024-01-11,-3.669731
2024-01-12,-3.432166
2024-01-16,-3.523309
2024-01-17,-3.586453
2024-01-18,-4.265817
2024-01-19,-5.408951
2024-01-22,-5.245511
2024-01-23,-5.312113
2024-01-24,-5.737386
2024-01-25,-5.513096
2024-01-26,-5.175630
2024-01-29,-4.856364
2024-01-30,-4.868026
2024-01-31,-4.315562
2024-02-01,-5.048818
2024-02-02,-6.090273
2024-02-05,-6.623327
2024-02-06,-6.203892
2024-02-07,-6.678086
2024-02-08,-6.941817
2024-02-09,-7.299709
2024-02-12,-6.617178
2024-02-13,-6.196085
2024-02-14,-6.155498
2024-02-15,-5.652623
2024-02-16,-5.610986
2024-02-20,-5.367698
2024-02-21,-4.488305
2024-02-22,-5.638128
2024-02-23,-5.055317
2024-02-26,-5.626234
2024-02-27,-5.096646
2024-02-28,-4.995087
2024-02-29,-4.538517
2024-03-01,-4.714579
2024-03-04,-4.169283
2024-03-05,-3.769723
2024-03-06,-2.837339
2024-03-07,-3.492124
2024-03-08,-2.829258
2024-03-11,-2.465642
2024-03-12,-2.836449
2024-03-13,-3.093543
2024-03-14,-3.293770
2024-03-15,-3.030917
2024-03-18,-3.862392
2024-03-19,-3.496711
2024-03-20,-3.667734
2024-03-21,-3.844778
2024-03-22,-4.428197
2024-03-25,-4.151451
2024-03-26,-3.826829
2024-03-27,-3.090908
2024-03-28,-2.639068
2024-04-01,-3.256780
2024-04-02,-3.484390
2024-04-03,-2.181437
2024-04-04,-2.106531
2024-04-05,-2.458370
2024-04-08,-1.855886
2024-04-09,-1.116246
2024-04-10,-2.023394
2024-04-11,-3.282769
2024-04-12,-3.236475
2024-04-15,-2.025238
2024-04-16,-2.782063
2024-04-17,-2.518008
2024-04-18,-2.945973
2024-04-19,-1.244111
2024-04-22,-1.023984
2024-04-23,-1.380827
2024-04-24,-0.599114
2024-04-25,-0.251765
2024-04-26,-1.754728
2024-04-29,-2.587341
2024-04-30,-1.529591
2024-05-01,-1.039296
2024-05-02,-1.666164
2024-05-03,-1.428722
2024-05-06,-2.077924
2024-05-07,-2.702023
2024-05-08,-1.851843
2024-05-09,-0.958470
2024-05-10,-0.636094
2024-05-13,-0.603631
2024-05-14,-0.212518
2024-05-15,-0.702706
2024-05-16,-1.681643
2024-05-17,-1.975311
2024-05-20,-1.677771
2024-05-21,-2.431869
2024-05-22,-2.089199
2024-05-23,-2.890106
2024-05-24,-2.989883
2024-05-28,-4.123005
2024-05-29,-4.607969
2024-05-30,-3.096767
2024-05-31,-3.189325
2024-06-03,-4.382077
2024-06-04,-5.821887
2024-06-05,-7.200433
2024-06-06,-6.443560
2024-06-07,-7.165254
2024-06-10,-6.921559
2024-06-11,-7.501034
2024-06-12,-8.393599
2024-06-13,-8.599457
2024-06-14,-10.017833
2024-06-17,-11.235238
2024-06-18,-10.705118
2024-06-20,-9.715426
2024-06-21,-9.611626
2024-06-24,-8.556301
2024-06-25,-9.952524
2024-06-26,-10.620392
2024-06-27,-10.787359
2024-06-28,-10.147618
2024-07-01,-11.418677
2024-07-02,-11.662667
2024-07-03,-12.826865
2024-07-05,-12.954736
2024-07-08,-13.091834
2024-07-09,-13.533467
2024-07-10,-13.277216
2024-07-11,-10.608572
2024-07-12,-9.925519
2024-07-15,-9.868841
2024-07-16,-8.314045
2024-07-17,-6.822130
2024-07-18,-6.651385
2024-07-19,-6.149254
2024-07-22,-5.880312
2024-07-23,-6.416142
2024-07-24,-4.805482
2024-07-25,-3.410154
2024-07-26,-3.598488
2024-07-29,-3.673973
2024-07-30,-2.362307
2024-07-31,-3.759628
2024-08-01,-3.821621
2024-08-02,-3.397123
2024-08-05,-1.513526
2024-08-06,-0.898610
2024-08-07,-1.283811
2024-08-08,-1.356703
2024-08-09,-1.793083
2024-08-12,-1.864811
2024-08-13,-3.192757
2024-08-14,-3.050694
2024-08-15,-3.463615
2024-08-16,-4.015607
2024-08-19,-4.331941
2024-08-20,-4.949913
2024-08-21,-4.696311
2024-08-22,-2.899334
2024-08-23,-2.916575
2024-08-26,-2.641317
2024-08-27,-3.014644
2024-08-28,-2.852764
2024-08-29,-2.507615
2024-08-30,-2.446268
2024-09-03,-1.871329
2024-09-04,-2.407122
2024-09-05,-2.846185
2024-09-06,-1.919742
2024-09-09,-2.623206
2024-09-10,-3.256129
2024-09-11,-3.425470
2024-09-12,-3.907143
2024-09-13,-2.726941
2024-09-16,-2.662492
2024-09-17,-2.190389
2024-09-18,-2.097930
2024-09-19,-2.717128
2024-09-20,-3.283711
2024-09-23,-2.530049
2024-09-24,-2.760030
2024-09-25,-3.283886
2024-09-26,-3.604125
2024-09-27,-3.455515
2024-09-30,-3.318281
2024-10-01,-2.670864
2024-10-02,-2.826876
2024-10-03,-3.392966
2024-10-04,-3.043545
2024-10-07,-3.146461
2024-10-08,-4.228598
2024-10-09,-3.533821
2024-10-10,-2.821954
2024-10-11,-2.221119
2024-10-14,-2.810610
2024-10-15,-1.999869
2024-10-16,-2.188830
2024-10-17,-2.515686
2024-10-18,-4.094286
2024-10-21,-4.656205
2024-10-22,-4.712276
2024-10-23,-4.229135
2024-10-24,-4.660894
2024-10-25,-4.116907
2024-10-28,-4.206714
2024-10-29,-4.961216
2024-10-30,-4.849587
2024-10-31,-3.372654
2024-11-01,-3.166228
2024-11-04,-2.481120
2024-11-05,-2.740665
2024-11-06,-2.900834
2024-11-07,-3.949489
2024-11-08,-3.861678
2024-11-11,-3.370960
2024-11-12,-3.781940
2024-11-13,-3.251528
2024-11-14,-3.460251
2024-11-15,-2.796277
2024-11-18,-2.595084
2024-11-19,-2.977882
2024-11-20,-2.554363
2024-11-21,-1.030162
2024-11-22,-0.491873
2024-11-25,1.017527
2024-11-26,0.989839
2024-11-27,-0.069036
2024-11-29,-0.899992
2024-12-02,-0.690737
2024-12-03,-0.776520
2024-12-04,-0.815977
2024-12-05,-0.977693
2024-12-06,-1.104216
2024-12-09,-0.930220
2024-12-10,-0.531882
2024-12-11,-0.973055
2024-12-12,-0.256066
2024-12-13,0.157785
2024-12-16,-0.608722
2024-12-17,-1.014672
2024-12-18,-1.318426
2024-12-19,-1.918215
2024-12-20,-2.600688
2024-12-23,-1.945871
2024-12-24,-1.803185
2024-12-26,-1.590949
2024-12-27,-1.679676
2024-12-30,-0.416674
2024-12-31,0.415988
2025-01-02,0.796207
2025-01-03,1.112311
2025-01-06,0.332560
2025-01-07,1.478107
2025-01-08,1.612643
2025-01-10,-0.507027
2025-01-13,-0.073186
2025-01-14,0.794355
2025-01-15,-1.316638
2025-01-16,-1.360849
2025-01-17,-1.838390
2025-01-21,-1.594042
2025-01-22,-2.314708
2025-01-23,-2.194700
2025-01-24,-3.243052
2025-01-27,-2.286611
2025-01-28,-4.077298
2025-01-29,-4.012275
2025-01-30,-4.554326
2025-01-31,-3.558457
2025-02-03,-3.777445
2025-02-04,-4.630056
2025-02-05,-5.331452
2025-02-06,-5.948610
2025-02-07,-5.419307
2025-02-10,-5.228605
2025-02-11,-5.029639
2025-02-12,-4.712353
2025-02-13,-4.345742
2025-02-14,-4.318689
2025-02-18,-3.373193
2025-02-19,-3.426501
2025-02-20,-2.998097
2025-02-21,-2.377344
2025-02-24,-2.164412
2025-02-25,-2.070655
2025-02-26,-2.538536
2025-02-27,-1.979475
2025-02-28,-2.374935
2025-03-03,-1.945275
2025-03-04,-2.737548
2025-03-05,-2.704730
2025-03-06,-2.822723
2025-03-07,-2.523675
2025-03-10,-0.795391
2025-03-11,-1.950394
2025-03-12,-2.795518
2025-03-13,-2.000487
2025-03-14,-1.198325
2025-03-17,-0.395312
2025-03-18,-0.255592
2025-03-19,-1.184723
2025-03-20,-1.414380
2025-03-21,-2.019232
2025-03-24,-1.628663
2025-03-25,-1.922594
2025-03-26,-1.151590
2025-03-27,-0.999175
2025-03-28,-0.122638
2025-03-31,-0.395711
2025-04-01,-1.065821
2025-04-02,-0.603591
2025-04-03,-0.763500
2025-04-04,-0.360337
2025-04-07,-0.687958
2025-04-08,-0.846004
2025-04-09,-3.245350
2025-04-10,-1.492338
2025-04-11,-1.744482
2025-04-14,-1.297358
2025-04-15,-1.675098
2025-04-16,-0.695914
2025-04-17,-0.455937
2025-04-21,-0.321174
2025-04-22,-0.297162
2025-04-23,-0.748154
2025-04-24,-0.497077
2025-04-25,-0.940352
2025-04-28,-1.277924
2025-04-29,-1.142792
2025-04-30,-0.624285
2025-05-01,-1.677568
2025-05-02,-0.985130
2025-05-05,-0.828862
2025-05-06,-1.631842
2025-05-07,-1.050814
2025-05-08,-1.249043
2025-05-09,-1.089891
2025-05-12,-1.520835
2025-05-13,-1.285483
2025-05-14,-2.112295
2025-05-15,-2.104192
2025-05-16,-1.337000
2025-05-19,-1.462653
2025-05-20,-1.235462
2025-05-21,-2.289149
2025-05-22,-2.623847
2025-05-23,-1.708746
2025-05-27,-2.250171
2025-05-28,-3.184909
2025-05-29,-3.789231
2025-05-30,-4.239479
2025-06-02,-4.214864
2025-06-03,-4.200794
2025-06-04,-4.062135
2025-06-05,-3.422762
2025-06-06,-3.138580
2025-06-09,-2.600805
2025-06-10,-2.359315
2025-06-11,-2.052220
2025-06-12,-2.333868
2025-06-13,-2.108983
2025-06-16,-1.436001
2025-06-17,-1.683616
2025-06-18,-1.333599
2025-06-20,-0.192302
2025-06-23,0.079465
2025-06-24,-0.103453
2025-06-25,-0.602112
2025-06-26,-0.831630
2025-06-27,-0.488925
2025-06-30,-0.129781
2025-07-01,0.950233
2025-07-02,0.331513
2025-07-03,-0.131385
2025-07-07,-0.769197
2025-07-08,-0.398747
2025-07-09,-0.363062
2025-07-10,0.631627
2025-07-11,-0.625365
2025-07-14,-0.690458
2025-07-15,-1.800250
2025-07-16,-2.444982
2025-07-17,-2.948212
2025-07-18,-1.974826
2025-07-21,-3.553867
2025-07-22,-1.694508
2025-07-23,-1.969000
2025-07-24,-1.379846
2025-07-25,-1.242593
2025-07-28,-2.047316
2025-07-29,-3.395352
2025-07-30,-2.514712
2025-07-31,-3.193334
2025-08-01,-3.131757
2025-08-04,-3.199044
2025-08-05,-3.098891
2025-08-06,-3.553034
2025-08-07,-3.594896
2025-08-08,-3.729689
2025-08-11,-4.271579
2025-08-12,-3.672593
2025-08-13,-2.494855
2025-08-14,-2.924515
2025-08-15,-2.708305
2025-08-18,-2.609865
2025-08-19,-2.032643
2025-08-20,-1.809060
2025-08-21,-1.924665
2025-08-22,-1.889102
2025-08-25,-2.806829
2025-08-26,-3.835639
2025-08-27,-3.424845
2025-08-28,-4.710506
2025-08-29,-3.593599
2025-09-02,-4.423071
2025-09-03,-4.777494
2025-09-04,-4.715184
2025-09-05,-5.080961
2025-09-08,-5.818766
2025-09-09,-7.988317
2025-09-10,-7.950918
2025-09-11,-6.125120
2025-09-12,-7.413576
2025-09-15,-7.909768
2025-09-16,-8.600263
2025-09-17,-9.061030
2025-09-18,-8.429095
2025-09-19,-9.088139
2025-09-22,-9.053565
2025-09-23,-7.869938
2025-09-24,-7.216147
2025-09-25,-8.761860
2025-09-26,-8.393633
2025-09-29,-9.066414
2025-09-30,-9.340597
2025-10-01,-9.274804
2025-10-02,-9.315672
2025-10-03,-9.590358
2025-10-06,-11.015318
2025-10-07,-10.269882
2025-10-08,-10.424785
2025-10-09,-7.398139
2025-10-10,-8.228295
2025-10-13,-8.547714
2025-10-14,-7.711675
2025-10-15,-7.999046
2025-10-16,-9.564771
2025-10-17,-10.374114
2025-10-20,-11.240770
2025-10-21,-10.261021
2025-10-22,-9.342814
2025-10-23,-8.875725
2025-10-24,-8.514396
2025-10-27,-9.737976
2025-10-28,-10.939561
2025-10-29,-12.381302
2025-10-30,-10.473250
2025-10-31,-10.778581
2025-11-03,-11.609029
2025-11-04,-11.090384
2025-11-05,-11.081252
2025-11-06,-10.638817
2025-11-07,-9.971855
2025-11-10,-10.262536
2025-11-11,-9.381586
2025-11-12,-8.388056
2025-11-13,-8.085176
2025-11-14,-8.767003
2025-11-17,-8.951111
2025-11-18,-8.049419
2025-11-19,-8.416032
2025-11-20,-7.586325
2025-11-21,-6.996299
2025-11-24,-7.844849
2025-11-25,-7.157013
2025-11-26,-7.006902
2025-11-28,-7.137795
2025-12-01,-6.790164
2025-12-02,-7.347202
2025-12-03,-6.710820
2025-12-04,-7.027428
2025-12-05,-6.745544
2025-12-08,-6.963496
2025-12-09,-6.954498
2025-12-10,-6.224324
2025-12-11,-5.413799
2025-12-12,-4.875618
2025-12-15,-4.536394
2025-12-16,-4.917964
2025-12-17,-3.985699
2025-12-18,-5.052519
2025-12-19,-5.521309
2025-12-22,-5.198914
2025-12-23,-5.120405
2025-12-24,-5.057106
2025-12-26,-4.852376
2025-12-29,-4.597569
2025-12-30,-5.910850
2025-12-31,-5.725226
2026-01-02,-4.857734
2026-01-05,-4.591340
2026-01-06,-4.295658
2026-01-07,-4.795346
2026-01-08,-4.177565
2026-01-09,-3.894218
2026-01-12,-3.869382
2026-01-13,-2.605797
2026-01-14,-1.611683
2026-01-15,-1.641071
2026-01-16,-1.867048
2026-01-20,-0.662727
2026-01-21,-1.452912
2026-01-22,-1.844787
2026-01-23,-1.983633
2026-01-26,-2.338390
2026-01-27,-2.332628
2026-01-28,-2.922301
2026-01-29,-2.001132
2026-01-30,-1.333509
2026-02-02,-1.918106
2026-02-03,-0.923391
2026-02-04,0.306652
2026-02-05,1.791756
2026-02-06,1.740958
2026-02-09,1.930297
2026-02-10,2.705573
2026-02-11,2.672585
2026-02-12,1.711637
2026-02-13,3.479237
2026-02-17,3.139665
2026-02-18,3.172046
2026-02-19,2.124256
2026-02-20,1.671001
2026-02-23,1.518035
2026-02-24,1.143030
2026-02-25,0.660749
2026-02-26,2.254178
2026-02-27,2.746382
2026-03-02,2.911643
2026-03-03,1.956002
2026-03-04,1.706757
2026-03-05,1.785128
2026-03-06,1.977024
2026-03-09,0.934948
2026-03-10,0.648935
2026-03-11,0.999673
2026-03-12,1.357132
2026-03-13,1.238477
2026-03-16,1.685227
2026-03-17,2.724110
2026-03-18,2.905375
2026-03-19,2.849244
2026-03-20,2.571220
2026-03-23,3.285002
2026-03-24,4.158458
2026-03-25,3.439078
2026-03-26,4.198489
2026-03-27,4.859490
2026-03-30,4.526734
2026-03-31,3.729076
2026-04-01,3.419128
2026-04-02,3.726504
2026-04-06,3.571505
2026-04-07,2.940343
2026-04-08,3.169505
2026-04-09,2.730899
2026-04-10,2.308237
2026-04-13,3.045098
2026-04-14,1.795421
2026-04-15,1.571045
2026-04-16,0.780774
2026-04-17,1.099057
2026-04-20,1.961945
2026-04-21,2.047817
2026-04-22,0.953466
2026-04-23,0.869788
2026-04-24,-0.216168
2026-04-27,-0.399666
2026-04-28,0.152042
2026-04-29,0.748504
2026-04-30,2.504073
2026-05-01,3.149567
2026-05-04,2.202190
2026-05-05,2.322038
2026-05-06,2.174860
2026-05-07,1.238762
2026-05-08,0.378761
2026-05-11,-0.340677
2026-05-12,-1.080203
2026-05-13,-1.092701
2026-05-14,-1.935197
2026-05-15,-1.918892
2026-05-18,-1.789820
2026-05-19,-1.306081
2026-05-20,-0.825823
2026-05-21,-1.584637
2026-05-22,-0.231223
2026-05-26,-0.764289
2026-05-27,-1.899624
2026-05-28,-0.915169
2026-05-29,-1.405524
2026-06-01,-1.507673
2026-06-02,-1.208500
2026-06-03,-0.590450
2026-06-04,0.138493
2026-06-05,0.970828
2026-06-08,0.654588
2026-06-09,1.752391
2026-06-10,2.392720
2026-06-11,2.395673
2026-06-12,1.979186
2026-06-15,0.074182
2026-06-16,-0.077113
2026-06-17,-0.653086
2026-06-18,-0.816019
2026-06-22,-1.155774
2026-06-23,0.678065
2026-06-24,2.093018
2026-06-25,2.509333
2026-06-26,3.280911
2026-06-29,2.934273
2026-06-30,1.908803
2026-07-01,2.183874
2026-07-02,3.155096
2026-07-06,2.396649
2026-07-07,2.220751
2026-07-08,0.943775
2026-07-09,0.025233
2026-07-10,0.853321
2026-07-13,0.706121
2026-07-14,0.006263
2026-07-15,-0.597732
2026-07-16,0.841601
2026-07-17,0.032074
2026-07-20,-0.491659
2026-07-21,-1.000004
2026-07-22,-1.529542
2026-07-23,-1.125770
2026-07-24,0.021030
2026-07-27,1.336233
2026-07-28,2.636679
2026-07-29,3.889523
2026-07-30,2.302413
2026-07-31,0.984369
2026-08-03,0.426266
2026-08-04,0.009762
2026-08-05,-0.672793
2026-08-06,-2.581254
2026-08-07,-2.971818
2026-08-10,-2.758338
2026-08-11,-1.691491
2026-08-12,-2.463126
2026-08-13,-2.648739
2026-08-14,-2.707152
2026-08-17,-4.216103
2026-08-18,-3.572245
2026-08-19,-2.676938
2026-08-20,-2.681597
2026-08-21,-2.154599
2026-08-24,-1.630028
2026-08-25,-2.131685
2026-08-26,-1.115373
2026-08-27,-3.312724
2026-08-28,-4.277754
2026-08-31,-4.236711
2026-09-01,-4.012236
2026-09-02,-3.651055
2026-09-03,-3.460649
2026-09-04,-3.730209
