date,value
1980-12-30,-4.381825
1980-12-31,-4.635081
1981-01-02,-5.006537
1981-01-05,-6.182312
1981-01-06,-6.215098
1981-01-07,-3.801856
1981-01-08,-2.173168
1981-01-09,-2.418071
1981-01-12,-2.370123
1981-01-13,-2.114970
1981-01-14,-2.179302
1981-01-15,-2.681167
1981-01-16,-3.028485
1981-01-19,-2.651668
1981-01-20,-0.509118
1981-01-21,-0.219770
1981-01-22,0.682135
1981-01-23,0.763344
1981-01-26,1.115654
1981-01-27,0.199760
1981-01-28,0.852264
1981-01-29,0.987203
1981-01-30,1.571045
1981-02-02,3.630350
1981-02-03,2.511666
1981-02-04,2.473097
1981-02-05,1.739315
1981-02-06,1.060748
1981-02-09,2.120163
1981-02-10,2.192960
1981-02-11,2.996299
1981-02-12,3.615375
1981-02-13,4.035467
1981-02-17,3.453849
1981-02-18,2.994671
1981-02-19,4.447344
1981-02-20,4.510895
1981-02-23,3.970797
1981-02-24,3.983549
1981-02-25,3.180223
1981-02-26,2.041941
1981-02-27,1.212640
1981-03-02,0.707983
1981-03-03,1.846900
1981-03-04,1.669553
1981-03-05,2.413599
1981-03-06,2.518730
1981-03-09,1.613124
1981-03-10,2.151874
1981-03-11,2.573398
1981-03-12,0.189281
1981-03-13,0.292597
1981-03-16,-0.832632
1981-03-17,-0.216801
1981-03-18,-0.392836
1981-03-19,0.222679
1981-03-20,-0.196689
1981-03-23,-1.352230
1981-03-24,-0.546155
1981-03-25,-2.318937
1981-03-26,-1.647233
1981-03-27,-0.400680
1981-03-30,-0.086544
1981-03-31,-1.326926
1981-04-01,-1.709271
1981-04-02,-1.481281
1981-04-03,-0.824081
1981-04-06,0.375681
1981-04-07,0.430542
1981-04-08,0.173074
1981-04-09,-0.055049
1981-04-10,0.099668
1981-04-13,1.143516
1981-04-14,1.525525
1981-04-15,0.459539
1981-04-16,0.105997
1981-04-20,-0.410382
1981-04-21,0.527445
1981-04-22,0.625673
1981-04-23,0.805780
1981-04-24,-0.048613
1981-04-27,-0.263234
1981-04-28,0.620513
1981-04-29,1.593046
1981-04-30,1.796976
1981-05-01,1.889074
1981-05-04,3.422227
1981-05-05,3.696750
1981-05-06,3.372700
1981-05-07,2.733428
1981-05-08,2.759585
1981-05-11,4.214844
1981-05-12,3.488024
1981-05-13,3.630948
1981-05-14,3.109118
1981-05-15,2.471443
1981-05-18,2.219447
1981-05-19,2.572383
1981-05-20,2.659955
1981-05-21,2.865425
1981-05-22,3.193756
1981-05-26,2.150572
1981-05-27,1.433326
1981-05-28,1.685910
1981-05-29,2.336404
1981-06-01,2.486504
1981-06-02,3.814918
1981-06-03,3.758080
1981-06-04,3.588352
1981-06-05,2.679151
1981-06-08,2.680615
1981-06-09,2.891729
1981-06-10,2.646218
1981-06-11,1.610686
1981-06-12,1.818594
1981-06-15,1.749764
1981-06-16,2.842542
1981-06-17,2.003326
1981-06-18,3.253165
1981-06-19,2.801841
1981-06-22,3.049372
1981-06-23,2.036925
1981-06-24,2.561614
1981-06-25,2.468084
1981-06-26,2.666394
1981-06-29,3.170113
1981-06-30,3.679991
1981-07-01,4.744696
1981-07-02,5.577651
1981-07-06,6.507101
1981-07-07,5.868204
1981-07-08,5.807773
1981-07-09,5.086380
1981-07-10,5.034891
1981-07-13,4.835339
1981-07-14,4.829727
1981-07-15,4.411201
1981-07-16,4.343133
1981-07-17,4.044800
1981-07-20,5.544726
1981-07-21,5.824034
1981-07-22,6.707936
1981-07-23,6.501914
1981-07-24,5.719318
1981-07-27,4.659218
1981-07-28,5.213511
1981-07-29,5.196741
1981-07-30,4.569093
1981-07-31,3.899065
1981-08-03,4.216035
1981-08-04,3.700222
1981-08-05,2.608587
1981-08-06,2.630665
1981-08-07,3.283833
1981-08-10,2.705084
1981-08-11,1.751702
1981-08-12,2.088791
1981-08-13,2.018800
1981-08-14,2.775764
1981-08-17,3.713928
1981-08-18,4.535518
1981-08-19,4.262328
1981-08-20,4.118673
1981-08-21,5.185939
1981-08-24,7.916468
1981-08-25,8.180713
1981-08-26,8.297385
1981-08-27,9.347791
1981-08-28,8.910775
1981-08-31,9.833700
1981-09-01,9.639896
1981-09-02,9.269405
1981-09-03,10.890372
1981-09-04,11.717500
1981-09-08,13.216073
1981-09-09,12.871738
1981-09-10,11.559755
1981-09-11,10.446432
1981-09-14,11.111888
1981-09-15,11.731462
1981-09-16,12.363048
1981-09-17,13.597313
1981-09-18,14.219053
1981-09-21,13.463032
1981-09-22,13.846771
1981-09-23,14.581958
1981-09-24,15.028573
1981-09-25,16.657890
1981-09-28,14.598044
1981-09-29,14.272301
1981-09-30,14.072146
1981-10-01,13.383168
1981-10-02,11.672580
1981-10-05,11.537770
1981-10-06,11.601340
1981-10-07,10.153757
1981-10-08,9.389585
1981-10-09,10.000704
1981-10-12,10.150908
1981-10-13,10.444069
1981-10-14,11.882969
1981-10-15,11.179371
1981-10-16,11.534691
1981-10-19,11.656798
1981-10-20,10.659438
1981-10-21,10.766184
1981-10-22,11.083881
1981-10-23,11.830309
1981-10-26,12.130127
1981-10-27,11.264670
1981-10-28,11.120424
1981-10-29,11.383388
1981-10-30,9.253307
1981-11-02,7.514432
1981-11-03,7.054710
1981-11-04,7.086904
1981-11-05,7.968159
1981-11-06,8.602225
1981-11-09,8.128041
1981-11-10,8.552027
1981-11-11,8.374222
1981-11-12,8.159773
1981-11-13,9.278397
1981-11-16,10.332467
1981-11-17,9.640374
1981-11-18,10.288936
1981-11-19,9.936853
1981-11-20,9.174254
1981-11-23,9.242121
1981-11-24,7.805766
1981-11-25,7.394748
1981-11-27,5.840402
1981-11-30,4.890739
1981-12-01,5.075633
1981-12-02,6.129819
1981-12-03,5.803254
1981-12-04,4.944388
1981-12-07,5.745812
1981-12-08,6.019481
1981-12-09,5.516716
1981-12-10,5.335097
1981-12-11,5.910355
1981-12-14,7.512261
1981-12-15,7.339815
1981-12-16,7.753417
1981-12-17,7.213090
1981-12-18,6.538770
1981-12-21,7.021499
1981-12-22,7.353960
1981-12-23,7.769354
1981-12-24,7.575845
1981-12-28,7.759093
1981-12-29,8.187348
1981-12-30,7.690029
1981-12-31,7.479260
1982-01-04,7.315494
1982-01-05,9.000613
1982-01-06,9.629623
1982-01-07,9.790172
1982-01-08,9.287307
1982-01-11,11.353763
1982-01-12,11.684899
1982-01-13,12.728466
1982-01-14,12.190163
1982-01-15,11.552940
1982-01-18,10.841191
1982-01-19,11.756439
1982-01-20,12.255287
1982-01-21,11.856827
1982-01-22,12.104163
1982-01-25,12.046222
1982-01-26,12.178707
1982-01-27,11.727490
1982-01-28,9.276234
1982-01-29,8.120836
1982-02-01,10.088543
1982-02-02,9.880221
1982-02-03,11.015687
1982-02-04,11.028616
1982-02-05,10.355416
1982-02-08,12.328425
1982-02-09,13.015287
1982-02-10,12.229211
1982-02-11,12.371021
1982-02-12,12.375370
1982-02-16,12.586196
1982-02-17,12.838581
1982-02-18,12.708549
1982-02-19,13.136511
1982-02-22,14.350729
1982-02-23,14.375630
1982-02-24,12.840644
1982-02-25,13.008068
1982-02-26,13.052730
1982-03-01,12.865730
1982-03-02,13.314263
1982-03-03,14.628950
1982-03-04,15.389337
1982-03-05,15.764404
1982-03-08,17.262030
1982-03-09,16.073103
1982-03-10,15.583546
1982-03-11,15.577887
1982-03-12,16.112061
1982-03-15,15.421128
1982-03-16,15.510361
1982-03-17,15.625750
1982-03-18,14.644409
1982-03-19,14.366800
1982-03-22,12.657738
1982-03-23,12.017935
1982-03-24,12.268309
1982-03-25,12.045447
1982-03-26,12.990889
1982-03-29,12.670800
1982-03-30,12.653524
1982-03-31,12.781149
1982-04-01,11.062075
1982-04-02,9.987018
1982-04-05,10.257637
1982-04-06,9.732160
1982-04-07,9.618581
1982-04-08,8.990928
1982-04-12,9.129757
1982-04-13,9.104580
1982-04-14,9.197964
1982-04-15,8.760550
1982-04-16,8.373725
1982-04-19,8.435961
1982-04-20,9.400772
1982-04-21,9.155968
1982-04-22,7.979388
1982-04-23,6.818900
1982-04-26,5.934232
1982-04-27,6.746705
1982-04-28,7.306268
1982-04-29,8.163163
1982-04-30,7.897752
1982-05-03,7.568786
1982-05-04,7.039318
1982-05-05,6.851186
1982-05-06,6.034124
1982-05-07,5.392059
1982-05-10,6.234338
1982-05-11,5.388649
1982-05-12,5.565875
1982-05-13,6.295980
1982-05-14,6.437548
1982-05-17,7.439063
1982-05-18,8.099182
1982-05-19,8.819851
1982-05-20,9.021355
1982-05-21,8.747100
1982-05-24,8.792041
1982-05-25,9.065109
1982-05-26,10.048831
1982-05-27,10.365105
1982-05-28,10.942547
1982-06-01,11.060232
1982-06-02,10.735084
1982-06-03,10.841909
1982-06-04,12.212379
1982-06-07,12.147719
1982-06-08,12.499935
1982-06-09,12.978282
1982-06-10,12.452517
1982-06-11,11.123005
1982-06-14,12.118700
1982-06-15,12.305868
1982-06-16,12.933927
1982-06-17,13.919427
1982-06-18,14.143780
1982-06-21,14.180380
1982-06-22,13.276510
1982-06-23,11.787329
1982-06-24,12.018413
1982-06-25,12.549201
1982-06-28,11.628869
1982-06-29,11.647846
1982-06-30,12.108426
1982-07-01,12.809829
1982-07-02,13.641209
1982-07-06,13.912317
1982-07-07,13.948719
1982-07-08,13.681808
1982-07-09,12.624574
1982-07-12,12.019469
1982-07-13,12.109126
1982-07-14,11.303758
1982-07-15,11.268513
1982-07-16,10.776102
1982-07-19,11.036236
1982-07-20,10.369336
1982-07-21,10.449093
1982-07-22,10.384542
1982-07-23,10.612863
1982-07-26,11.239693
1982-07-27,11.963258
1982-07-28,13.295901
1982-07-29,13.285822
1982-07-30,13.769619
1982-08-02,12.225959
1982-08-03,13.129329
1982-08-04,14.465383
1982-08-05,15.225392
1982-08-06,16.362479
1982-08-09,16.838531
1982-08-10,16.903886
1982-08-11,17.067785
1982-08-12,16.885448
1982-08-13,15.315127
1982-08-16,14.929148
1982-08-17,10.857108
1982-08-18,11.233694
1982-08-19,10.222453
1982-08-20,6.025969
1982-08-23,3.440301
1982-08-24,4.056288
1982-08-25,2.188688
1982-08-26,1.372413
1982-08-27,2.557471
1982-08-30,2.087445
1982-08-31,0.543023
1982-09-01,1.587121
1982-09-02,-0.112629
1982-09-03,-2.096074
1982-09-07,-1.004349
1982-09-08,-1.693931
1982-09-09,-1.501671
1982-09-10,-0.675339
1982-09-13,-1.736490
1982-09-14,-2.456909
1982-09-15,-3.452237
1982-09-16,-3.024912
1982-09-17,-2.014402
1982-09-20,-1.987203
1982-09-21,-3.963465
1982-09-22,-3.225374
1982-09-23,-3.077904
1982-09-24,-2.675040
1982-09-27,-2.929751
1982-09-28,-2.617323
1982-09-29,-1.279407
1982-09-30,-0.277769
1982-10-01,-1.569556
1982-10-04,-1.190232
1982-10-05,-1.586343
1982-10-06,-4.902931
1982-10-07,-6.275556
1982-10-08,-7.236773
1982-10-11,-8.699890
1982-10-12,-8.644479
1982-10-13,-9.606914
1982-10-14,-7.859801
1982-10-15,-7.030348
1982-10-18,-9.518885
1982-10-19,-9.355992
1982-10-20,-10.510787
1982-10-21,-10.323026
1982-10-22,-10.090132
1982-10-25,-5.679308
1982-10-26,-6.552882
1982-10-27,-7.142892
1982-10-28,-5.751441
1982-10-29,-5.810891
1982-11-01,-7.149504
1982-11-02,-8.692095
1982-11-03,-11.564725
1982-11-04,-10.699564
1982-11-05,-10.871034
1982-11-08,-9.464692
1982-11-09,-11.349826
1982-11-10,-9.835748
1982-11-11,-10.235460
1982-11-12,-8.460148
1982-11-15,-6.468617
1982-11-16,-5.174660
1982-11-17,-7.070153
1982-11-18,-7.333273
1982-11-19,-6.259982
1982-11-22,-4.040904
1982-11-23,-2.994649
1982-11-24,-3.684238
1982-11-26,-4.408950
1982-11-29,-3.834677
1982-11-30,-7.124018
1982-12-01,-7.208681
1982-12-02,-7.223868
1982-12-03,-7.060377
1982-12-06,-9.361733
1982-12-07,-10.015418
1982-12-08,-9.250400
1982-12-09,-7.782045
1982-12-10,-7.385850
1982-12-13,-7.612584
1982-12-14,-5.592132
1982-12-15,-3.874520
1982-12-16,-3.860438
1982-12-17,-5.473996
1982-12-20,-4.454151
1982-12-21,-6.191712
1982-12-22,-6.289487
1982-12-23,-6.897559
1982-12-27,-8.689764
1982-12-28,-7.543662
1982-12-29,-7.825324
1982-12-30,-7.055611
1982-12-31,-7.219312
1983-01-03,-5.400582
1983-01-04,-7.632890
1983-01-05,-8.021425
1983-01-06,-9.674211
1983-01-07,-9.528038
1983-01-10,-10.129467
1983-01-11,-9.297369
1983-01-12,-9.895254
1983-01-13,-9.094032
1983-01-14,-9.702652
1983-01-17,-9.678164
1983-01-18,-9.362286
1983-01-19,-8.446509
1983-01-20,-9.133745
1983-01-21,-7.248254
1983-01-24,-4.300539
1983-01-25,-5.567240
1983-01-26,-5.351478
1983-01-27,-7.317923
1983-01-28,-7.431435
1983-01-31,-7.951405
1983-02-01,-6.149286
1983-02-02,-6.286192
1983-02-03,-6.987662
1983-02-04,-8.317384
1983-02-07,-8.786670
1983-02-08,-7.811449
1983-02-09,-7.229307
1983-02-10,-8.810489
1983-02-11,-8.797127
1983-02-14,-9.231110
1983-02-15,-8.696797
1983-02-16,-7.989974
1983-02-17,-7.930632
1983-02-18,-8.274327
1983-02-22,-6.369021
1983-02-23,-7.264083
1983-02-24,-9.021562
1983-02-25,-9.003422
1983-02-28,-7.711459
1983-03-01,-9.302560
1983-03-02,-9.775022
1983-03-03,-10.147051
1983-03-04,-10.129422
1983-03-07,-10.038319
1983-03-08,-8.228505
1983-03-09,-9.291102
1983-03-10,-8.437141
1983-03-11,-7.948964
1983-03-14,-7.567836
1983-03-15,-7.862731
1983-03-16,-6.666404
1983-03-17,-6.425511
1983-03-18,-6.557246
1983-03-21,-7.382132
1983-03-22,-6.914281
1983-03-23,-8.341292
1983-03-24,-8.639722
1983-03-25,-8.051254
1983-03-28,-7.378056
1983-03-29,-7.101773
1983-03-30,-8.274477
1983-03-31,-7.870674
1983-04-04,-7.812173
1983-04-05,-6.925592
1983-04-06,-6.227862
1983-04-07,-6.644169
1983-04-08,-7.316660
1983-04-11,-8.345067
1983-04-12,-8.500568
1983-04-13,-8.754527
1983-04-14,-9.152935
1983-04-15,-9.277653
1983-04-18,-9.531531
1983-04-19,-8.712147
1983-04-20,-9.659774
1983-04-21,-9.093808
1983-04-22,-9.232614
1983-04-25,-8.029597
1983-04-26,-9.612886
1983-04-27,-9.250703
1983-04-28,-9.804880
1983-04-29,-10.230105
1983-05-02,-8.563290
1983-05-03,-8.607284
1983-05-04,-9.143585
1983-05-05,-9.677000
1983-05-06,-10.263915
1983-05-09,-9.950611
1983-05-10,-9.920724
1983-05-11,-9.141988
1983-05-12,-8.551736
1983-05-13,-8.864699
1983-05-16,-7.753413
1983-05-17,-7.840562
1983-05-18,-7.431613
1983-05-19,-6.472299
1983-05-20,-6.450897
1983-05-23,-7.173435
1983-05-24,-8.426788
1983-05-25,-8.700359
1983-05-26,-8.093068
1983-05-27,-7.303289
1983-05-31,-5.835874
1983-06-01,-5.833247
1983-06-02,-6.652976
1983-06-03,-6.828335
1983-06-06,-6.990955
1983-06-07,-5.561840
1983-06-08,-4.557789
1983-06-09,-4.776171
1983-06-10,-5.240372
1983-06-13,-6.543628
1983-06-14,-6.895165
1983-06-15,-7.553678
1983-06-16,-8.147430
1983-06-17,-8.043577
1983-06-20,-7.881195
1983-06-21,-8.335816
1983-06-22,-8.395713
1983-06-23,-8.032939
1983-06-24,-7.833825
1983-06-27,-6.509819
1983-06-28,-4.670781
1983-06-29,-5.196126
1983-06-30,-5.743080
1983-07-01,-6.285007
1983-07-05,-4.915596
1983-07-06,-6.016046
1983-07-07,-5.354427
1983-07-08,-4.970961
1983-07-11,-5.533271
1983-07-12,-3.835734
1983-07-13,-3.713599
1983-07-14,-3.976076
1983-07-15,-2.818555
1983-07-18,-2.529367
1983-07-19,-2.994423
1983-07-20,-5.699281
1983-07-21,-5.475520
1983-07-22,-5.295161
1983-07-25,-5.622774
1983-07-26,-6.178669
1983-07-27,-4.287591
1983-07-28,-2.649953
1983-07-29,-1.058099
1983-08-01,-0.684865
1983-08-02,-0.621946
1983-08-03,-1.462721
1983-08-04,-0.114425
1983-08-05,-0.329386
1983-08-08,1.293427
1983-08-09,0.750387
1983-08-10,-0.076721
1983-08-11,-0.031389
1983-08-12,-0.365883
1983-08-15,-1.266762
1983-08-16,-1.038832
1983-08-17,-2.152497
1983-08-18,-1.041315
1983-08-19,-1.268571
1983-08-22,-1.452386
1983-08-23,-0.444835
1983-08-24,0.524124
1983-08-25,0.810365
1983-08-26,0.043400
1983-08-29,0.014271
1983-08-30,-0.145566
1983-08-31,-1.216808
1983-09-01,-1.067048
1983-09-02,-1.495058
1983-09-06,-3.218840
1983-09-07,-3.203046
1983-09-08,-3.025749
1983-09-09,-2.446764
1983-09-12,-1.510732
1983-09-13,-1.041686
1983-09-14,-1.333330
1983-09-15,-0.695602
1983-09-16,-1.794416
1983-09-19,-2.583687
1983-09-20,-3.527694
1983-09-21,-2.975890
1983-09-22,-3.753118
1983-09-23,-3.549545
1983-09-26,-3.839087
1983-09-27,-2.789238
1983-09-28,-2.474932
1983-09-29,-1.951361
1983-09-30,-1.192801
1983-10-03,-0.987246
1983-10-04,-1.217418
1983-10-05,-2.063434
1983-10-06,-3.555485
1983-10-07,-3.818857
1983-10-10,-4.405642
1983-10-11,-2.958759
1983-10-12,-2.475898
1983-10-13,-2.577334
1983-10-14,-2.522329
1983-10-17,-2.812501
1983-10-18,-1.188351
1983-10-19,-0.496587
1983-10-20,-0.611750
1983-10-21,0.042595
1983-10-24,0.049663
1983-10-25,-0.205742
1983-10-26,0.480513
1983-10-27,0.836147
1983-10-28,1.747036
1983-10-31,1.665525
1983-11-01,1.626807
1983-11-02,0.948813
1983-11-03,1.811218
1983-11-04,2.447163
1983-11-07,2.799774
1983-11-08,2.921063
1983-11-09,1.630188
1983-11-10,1.398086
1983-11-11,0.305408
1983-11-14,0.165567
1983-11-15,0.932241
1983-11-16,0.537212
1983-11-17,0.541997
1983-11-18,1.194492
1983-11-21,0.650208
1983-11-22,0.211136
1983-11-23,0.174229
1983-11-25,0.073951
1983-11-28,0.486337
1983-11-29,-0.302092
1983-11-30,0.628432
1983-12-01,0.604682
1983-12-02,1.259664
1983-12-05,1.096453
1983-12-06,1.300652
1983-12-07,1.068056
1983-12-08,1.515661
1983-12-09,1.610982
1983-12-12,1.316432
1983-12-13,1.749287
1983-12-14,2.719296
1983-12-15,3.726340
1983-12-16,3.304854
1983-12-19,3.359661
1983-12-20,3.566445
1983-12-21,2.654158
1983-12-22,2.689916
1983-12-23,2.892621
1983-12-27,1.997794
1983-12-28,1.674307
1983-12-29,1.982838
1983-12-30,1.964740
1984-01-03,2.515301
1984-01-04,0.911110
1984-01-05,-0.266574
1984-01-06,-0.519923
1984-01-09,-0.270010
1984-01-10,0.317685
1984-01-11,0.431419
1984-01-12,0.486093
1984-01-13,0.940124
1984-01-16,0.867123
1984-01-17,0.504551
1984-01-18,0.694643
1984-01-19,1.021461
1984-01-20,1.535296
1984-01-23,2.347299
1984-01-24,1.729948
1984-01-25,2.394985
1984-01-26,2.761477
1984-01-27,2.947820
1984-01-30,3.587398
1984-01-31,3.273216
1984-02-01,3.675800
1984-02-02,3.312786
1984-02-03,4.764120
1984-02-06,6.435699
1984-02-07,6.044956
1984-02-08,7.747000
1984-02-09,7.992983
1984-02-10,7.462523
1984-02-13,8.248354
1984-02-14,7.257519
1984-02-15,7.461993
1984-02-16,7.522790
1984-02-17,7.741600
1984-02-21,8.376977
1984-02-22,8.556214
1984-02-23,8.551547
1984-02-24,6.632253
1984-02-27,5.563935
1984-02-28,7.022457
1984-02-29,6.871006
1984-03-01,6.192932
1984-03-02,5.564369
1984-03-05,6.359015
1984-03-06,7.323184
1984-03-07,8.307021
1984-03-08,7.924421
1984-03-09,8.405907
1984-03-12,7.211818
1984-03-13,6.939552
1984-03-14,6.937343
1984-03-15,6.549943
1984-03-16,5.438774
1984-03-19,6.313724
1984-03-20,5.663666
1984-03-21,5.776395
1984-03-22,6.939547
1984-03-23,6.831361
1984-03-26,6.935492
1984-03-27,6.550265
1984-03-28,5.009146
1984-03-29,5.211790
1984-03-30,5.399113
1984-04-02,6.095914
1984-04-03,6.269473
1984-04-04,6.321788
1984-04-05,7.785347
1984-04-06,7.501781
1984-04-09,7.497940
1984-04-10,7.229699
1984-04-11,7.732038
1984-04-12,6.093799
1984-04-13,6.328652
1984-04-16,5.711946
1984-04-17,5.313484
1984-04-18,5.935157
1984-04-19,5.849533
1984-04-23,6.561307
1984-04-24,5.789605
1984-04-25,5.433680
1984-04-26,4.442392
1984-04-27,4.677607
1984-04-30,4.575838
1984-05-01,3.600563
1984-05-02,3.464945
1984-05-03,3.870061
1984-05-04,5.101508
1984-05-07,4.872646
1984-05-08,4.232668
1984-05-09,4.461550
1984-05-10,4.515732
1984-05-11,5.407065
1984-05-14,5.990414
1984-05-15,5.685943
1984-05-16,5.685910
1984-05-17,6.523432
1984-05-18,6.986916
1984-05-21,7.603594
1984-05-22,8.103448
1984-05-23,8.529292
1984-05-24,9.661271
1984-05-25,9.414051
1984-05-29,10.191753
1984-05-30,10.136847
1984-05-31,9.998926
1984-06-01,8.373254
1984-06-04,7.702020
1984-06-05,8.099551
1984-06-06,7.272344
1984-06-07,7.314596
1984-06-08,7.156035
1984-06-11,8.407174
1984-06-12,8.913344
1984-06-13,8.934557
1984-06-14,9.958619
1984-06-15,10.750980
1984-06-18,9.115896
1984-06-19,8.570680
1984-06-20,7.215316
1984-06-21,7.393131
1984-06-22,7.403358
1984-06-25,7.677955
1984-06-26,8.414712
1984-06-27,9.037230
1984-06-28,8.298988
1984-06-29,8.078463
1984-07-02,8.047178
1984-07-03,7.726420
1984-07-05,8.266427
1984-07-06,8.554878
1984-07-09,7.857788
1984-07-10,8.115552
1984-07-11,9.487347
1984-07-12,9.779155
1984-07-13,9.242884
1984-07-16,8.786726
1984-07-17,8.297099
1984-07-18,8.865599
1984-07-19,9.462265
1984-07-20,9.929402
1984-07-23,10.259691
1984-07-24,10.907216
1984-07-25,10.263699
1984-07-26,9.480145
1984-07-27,8.783247
1984-07-30,9.357463
1984-07-31,9.045286
1984-08-01,6.955736
1984-08-02,4.579276
1984-08-03,1.938952
1984-08-06,1.780908
1984-08-07,1.703227
1984-08-08,2.282407
1984-08-09,-0.008754
1984-08-10,0.063804
1984-08-13,0.058732
1984-08-14,0.670608
1984-08-15,1.648071
1984-08-16,1.062246
1984-08-17,0.837585
1984-08-20,0.356708
1984-08-21,-1.380247
1984-08-22,-0.906608
1984-08-23,-0.933994
1984-08-24,-1.163680
1984-08-27,-0.514145
1984-08-28,-1.092054
1984-08-29,-0.904006
1984-08-30,-0.606066
1984-08-31,-0.653380
1984-09-04,0.431546
1984-09-05,0.786547
1984-09-06,-0.035401
1984-09-07,0.733574
1984-09-10,0.795624
1984-09-11,0.676436
1984-09-12,0.534497
1984-09-13,-1.434475
1984-09-14,-1.937856
1984-09-17,-1.988240
1984-09-18,-1.247765
1984-09-19,-0.817038
1984-09-20,-1.133802
1984-09-21,-0.047187
1984-09-24,0.188462
1984-09-25,-0.015976
1984-09-26,-0.413461
1984-09-27,-0.820758
1984-09-28,-0.296893
1984-10-01,0.601600
1984-10-02,1.225456
1984-10-03,1.920007
1984-10-04,1.631669
1984-10-05,1.775167
1984-10-08,1.493395
1984-10-09,1.770411
1984-10-10,1.498827
1984-10-11,1.087607
1984-10-12,0.235806
1984-10-15,-1.059376
1984-10-16,-0.454629
1984-10-17,-0.068746
1984-10-18,-2.484163
1984-10-19,-2.401001
1984-10-22,-2.037738
1984-10-23,-1.874539
1984-10-24,-1.942597
1984-10-25,-1.402327
1984-10-26,-0.783237
1984-10-29,-0.476184
1984-10-30,-1.733919
1984-10-31,-1.278989
1984-11-01,-2.131947
1984-11-02,-2.087256
1984-11-05,-2.788407
1984-11-06,-3.562921
1984-11-07,-2.802099
1984-11-08,-2.496934
1984-11-09,-1.834633
1984-11-12,-1.681387
1984-11-13,-0.832685
1984-11-14,-0.839515
1984-11-15,-0.774621
1984-11-16,0.317924
1984-11-19,0.939509
1984-11-20,0.286251
1984-11-21,0.099863
1984-11-23,-1.344731
1984-11-26,-0.497876
1984-11-27,-0.928547
1984-11-28,-0.144097
1984-11-29,0.541851
1984-11-30,0.754056
1984-12-03,1.226467
1984-12-04,0.900755
1984-12-05,1.689527
1984-12-06,1.302765
1984-12-07,1.613512
1984-12-10,1.273517
1984-12-11,1.137975
1984-12-12,1.413592
1984-12-13,1.916411
1984-12-14,1.388473
1984-12-17,0.839983
1984-12-18,-1.867873
1984-12-19,-1.271662
1984-12-20,-0.780943
1984-12-21,-0.235944
1984-12-24,-0.976035
1984-12-26,-0.784730
1984-12-27,-0.334339
1984-12-28,-0.628745
1984-12-31,-1.208937
1985-01-02,-0.065063
1985-01-03,0.428136
1985-01-04,0.974611
1985-01-07,0.647843
1985-01-08,0.810417
1985-01-09,0.104282
1985-01-10,-1.770690
1985-01-11,-1.515769
1985-01-14,-3.040206
1985-01-15,-3.114312
1985-01-16,-3.210619
1985-01-17,-2.911731
1985-01-18,-3.206624
1985-01-21,-4.386841
1985-01-22,-4.430647
1985-01-23,-4.957932
1985-01-24,-4.573305
1985-01-25,-4.899933
1985-01-28,-4.881990
1985-01-29,-5.395186
1985-01-30,-5.424008
1985-01-31,-5.462757
1985-02-01,-4.840367
1985-02-04,-5.611129
1985-02-05,-5.650441
1985-02-06,-5.506866
1985-02-07,-5.944790
1985-02-08,-6.020902
1985-02-11,-5.008095
1985-02-12,-5.002236
1985-02-13,-6.268931
1985-02-14,-5.688896
1985-02-15,-5.184755
1985-02-19,-4.990538
1985-02-20,-4.866804
1985-02-21,-4.260609
1985-02-22,-3.748067
1985-02-25,-3.640670
1985-02-26,-4.724151
1985-02-27,-4.419179
1985-02-28,-4.651677
1985-03-01,-5.792820
1985-03-04,-5.074245
1985-03-05,-5.127721
1985-03-06,-4.172930
1985-03-07,-3.473070
1985-03-08,-3.193906
1985-03-11,-2.969939
1985-03-12,-3.424722
1985-03-13,-2.532893
1985-03-14,-2.286734
1985-03-15,-1.491352
1985-03-18,-1.654413
1985-03-19,-3.141896
1985-03-20,-2.836200
1985-03-21,-2.951584
1985-03-22,-2.734447
1985-03-25,-2.083714
1985-03-26,-2.306612
1985-03-27,-2.898700
1985-03-28,-2.854321
1985-03-29,-3.446720
1985-04-01,-3.743496
1985-04-02,-3.273348
1985-04-03,-2.418529
1985-04-04,-2.334063
1985-04-08,-1.725076
1985-04-09,-1.790198
1985-04-10,-2.440673
1985-04-11,-2.836299
1985-04-12,-2.989746
1985-04-15,-3.161519
1985-04-16,-3.276276
1985-04-17,-3.504172
1985-04-18,-2.982362
1985-04-19,-3.090940
1985-04-22,-2.812381
1985-04-23,-3.438276
1985-04-24,-3.607518
1985-04-25,-4.198114
1985-04-26,-3.436961
1985-04-29,-2.510135
1985-04-30,-2.012000
1985-05-01,-1.143557
1985-05-02,-1.463645
1985-05-03,-2.023856
1985-05-06,-1.925565
1985-05-07,-2.312045
1985-05-08,-2.181844
1985-05-09,-2.865613
1985-05-10,-3.914365
1985-05-13,-3.958154
1985-05-14,-3.488588
1985-05-15,-3.812433
1985-05-16,-4.108263
1985-05-17,-4.574382
1985-05-20,-5.200121
1985-05-21,-5.112384
1985-05-22,-4.472617
1985-05-23,-3.899832
1985-05-24,-4.245899
1985-05-28,-3.972381
1985-05-29,-3.837680
1985-05-30,-3.839670
1985-05-31,-4.792734
1985-06-03,-4.625126
1985-06-04,-4.897579
1985-06-05,-4.892256
1985-06-06,-5.115093
1985-06-07,-4.320178
1985-06-10,-4.191442
1985-06-11,-3.899278
1985-06-12,-3.080429
1985-06-13,-1.800208
1985-06-14,-2.741508
1985-06-17,-2.397807
1985-06-18,-2.810545
1985-06-19,-2.387472
1985-06-20,-2.407856
1985-06-21,-3.950005
1985-06-24,-3.659361
1985-06-25,-3.943096
1985-06-26,-4.078576
1985-06-27,-4.633318
1985-06-28,-4.773036
1985-07-01,-4.901552
1985-07-02,-4.636450
1985-07-03,-4.294262
1985-07-05,-4.813820
1985-07-08,-4.454570
1985-07-09,-3.936427
1985-07-10,-4.612446
1985-07-11,-4.770831
1985-07-12,-4.828146
1985-07-15,-4.479103
1985-07-16,-5.148710
1985-07-17,-5.363448
1985-07-18,-4.631638
1985-07-19,-4.984410
1985-07-22,-4.516059
1985-07-23,-3.502299
1985-07-24,-2.936067
1985-07-25,-3.147677
1985-07-26,-3.284134
1985-07-29,-1.740848
1985-07-30,-1.879318
1985-07-31,-2.372516
1985-08-01,-2.969281
1985-08-02,-2.590465
1985-08-05,-2.096011
1985-08-06,-0.625831
1985-08-07,-0.462113
1985-08-08,-1.109626
1985-08-09,-0.741446
1985-08-12,-0.341123
1985-08-13,-0.132523
1985-08-14,-0.158326
1985-08-15,-0.048434
1985-08-16,0.600232
1985-08-19,0.477984
1985-08-20,-0.399667
1985-08-21,-0.946063
1985-08-22,0.039066
1985-08-23,0.166455
1985-08-26,0.118702
1985-08-27,-0.272846
1985-08-28,-0.630788
1985-08-29,-0.650726
1985-08-30,-0.458120
1985-09-03,-0.042940
1985-09-04,0.277955
1985-09-05,0.365808
1985-09-06,-0.115670
1985-09-09,-0.086892
1985-09-10,0.659319
1985-09-11,1.680689
1985-09-12,2.417025
1985-09-13,2.856245
1985-09-16,2.898504
1985-09-17,3.730006
1985-09-18,3.570210
1985-09-19,2.706433
1985-09-20,3.444784
1985-09-23,2.281399
1985-09-24,3.200197
1985-09-25,4.263373
1985-09-26,3.954377
1985-09-30,3.562457
1985-10-01,2.011137
1985-10-02,2.575399
1985-10-03,2.445257
1985-10-04,3.069206
1985-10-07,3.803415
1985-10-08,3.824459
1985-10-09,3.503897
1985-10-10,3.388275
1985-10-11,2.619873
1985-10-14,1.544043
1985-10-15,1.724658
1985-10-16,0.750155
1985-10-17,0.950129
1985-10-18,1.308515
1985-10-21,1.382921
1985-10-22,0.846323
1985-10-23,0.327679
1985-10-24,0.671071
1985-10-25,1.213991
1985-10-28,1.114969
1985-10-29,0.366805
1985-10-30,-0.048614
1985-10-31,0.108904
1985-11-01,-0.761791
1985-11-04,-0.586606
1985-11-05,-1.151566
1985-11-06,-1.332317
1985-11-07,-1.237196
1985-11-08,-1.791322
1985-11-11,-3.216757
1985-11-12,-3.402769
1985-11-13,-2.865526
1985-11-14,-3.612645
1985-11-15,-3.091619
1985-11-18,-3.374949
1985-11-19,-3.327801
1985-11-20,-3.467800
1985-11-21,-4.105328
1985-11-22,-4.106244
1985-11-25,-3.475602
1985-11-26,-3.611751
1985-11-27,-4.292203
1985-11-29,-4.074359
1985-12-02,-3.168118
1985-12-03,-3.346250
1985-12-04,-4.629489
1985-12-05,-4.417090
1985-12-06,-3.928222
1985-12-09,-4.532164
1985-12-10,-4.532910
1985-12-11,-5.008284
1985-12-12,-5.082053
1985-12-13,-5.894510
1985-12-16,-6.405056
1985-12-17,-5.674906
1985-12-18,-5.212650
1985-12-19,-5.274469
1985-12-20,-5.688955
1985-12-23,-4.458298
1985-12-24,-3.700897
1985-12-26,-3.915491
1985-12-27,-4.850274
1985-12-30,-5.337180
1985-12-31,-5.585989
1986-01-02,-4.693709
1986-01-03,-5.292174
1986-01-06,-5.131204
1986-01-07,-6.232542
1986-01-08,-3.294152
1986-01-09,-2.330299
1986-01-10,-2.216752
1986-01-13,-2.555264
1986-01-14,-2.477090
1986-01-15,-3.241035
1986-01-16,-3.652162
1986-01-17,-3.245670
1986-01-20,-2.759560
1986-01-21,-1.860416
1986-01-22,-0.686686
1986-01-23,-1.026542
1986-01-24,-2.066930
1986-01-27,-2.503319
1986-01-28,-3.657805
1986-01-29,-3.853169
1986-01-30,-3.339295
1986-01-31,-4.505784
1986-02-03,-5.496405
1986-02-04,-4.874196
1986-02-05,-4.911882
1986-02-06,-5.117943
1986-02-07,-5.468118
1986-02-10,-5.855057
1986-02-11,-5.649842
1986-02-12,-5.623520
1986-02-13,-6.000415
1986-02-14,-6.548041
1986-02-18,-7.176314
1986-02-19,-5.822723
1986-02-20,-6.945504
1986-02-21,-7.548035
1986-02-24,-7.349664
1986-02-25,-7.025179
1986-02-26,-7.086583
1986-02-27,-7.850598
1986-02-28,-7.825356
1986-03-03,-7.052825
1986-03-04,-6.502684
1986-03-05,-6.430176
1986-03-06,-6.753554
1986-03-07,-6.910020
1986-03-10,-7.333357
1986-03-11,-8.637482
1986-03-12,-8.786767
1986-03-13,-8.883613
1986-03-14,-9.658438
1986-03-17,-8.716965
1986-03-18,-9.162115
1986-03-19,-9.009833
1986-03-20,-9.375365
1986-03-21,-7.832275
1986-03-24,-8.686474
1986-03-25,-8.338496
1986-03-26,-9.299902
1986-03-27,-9.642807
1986-03-31,-9.534458
1986-04-01,-7.737837
1986-04-02,-7.928079
1986-04-03,-6.378573
1986-04-04,-4.590567
1986-04-07,-4.504075
1986-04-08,-6.672189
1986-04-09,-6.714083
1986-04-10,-7.873850
1986-04-11,-7.592932
1986-04-14,-8.122112
1986-04-15,-8.260102
1986-04-16,-9.550971
1986-04-17,-9.675875
1986-04-18,-9.309021
1986-04-21,-9.943188
1986-04-22,-8.828506
1986-04-23,-8.455741
1986-04-24,-8.503323
1986-04-25,-8.552429
1986-04-28,-8.834061
1986-04-29,-7.616171
1986-04-30,-5.323865
1986-05-01,-5.106821
1986-05-02,-4.887380
1986-05-05,-6.140259
1986-05-06,-5.862959
1986-05-07,-5.287731
1986-05-08,-5.694333
1986-05-09,-5.951180
1986-05-12,-5.768081
1986-05-13,-5.186899
1986-05-14,-5.623805
1986-05-15,-4.180718
1986-05-16,-3.382484
1986-05-19,-3.522840
1986-05-20,-4.754216
1986-05-21,-4.400980
1986-05-22,-6.400145
1986-05-23,-6.871397
1986-05-27,-8.297309
1986-05-28,-8.663632
1986-05-29,-8.900191
1986-05-30,-8.539855
1986-06-02,-7.446863
1986-06-03,-7.572833
1986-06-04,-6.806093
1986-06-05,-7.473670
1986-06-06,-7.403811
1986-06-09,-4.839917
1986-06-10,-4.604721
1986-06-11,-5.209722
1986-06-12,-5.294823
1986-06-13,-7.065852
1986-06-16,-7.162968
1986-06-17,-6.314067
1986-06-18,-6.517366
1986-06-19,-6.038618
1986-06-20,-7.487272
1986-06-23,-6.403243
1986-06-24,-7.092937
1986-06-25,-7.643966
1986-06-26,-7.479445
1986-06-27,-7.630421
1986-06-30,-7.827067
1986-07-01,-8.011255
1986-07-02,-8.069847
1986-07-03,-7.587180
1986-07-07,-4.199997
1986-07-08,-3.075969
1986-07-09,-3.523625
1986-07-10,-3.530248
1986-07-11,-3.118629
1986-07-14,-1.297976
1986-07-15,0.658456
1986-07-16,0.148686
1986-07-17,-0.239716
1986-07-18,-0.299367
1986-07-21,-0.185651
1986-07-22,-0.941461
1986-07-23,-1.080011
1986-07-24,-0.707220
1986-07-25,-1.597644
1986-07-28,0.246482
1986-07-29,0.923092
1986-07-30,0.121215
1986-07-31,0.379006
1986-08-01,0.944791
1986-08-04,0.546453
1986-08-05,0.167326
1986-08-06,0.306202
1986-08-07,0.279750
1986-08-08,0.403203
1986-08-11,-1.132360
1986-08-12,-2.183018
1986-08-13,-3.091369
1986-08-14,-3.265787
1986-08-15,-3.574082
1986-08-18,-3.600884
1986-08-19,-3.170458
1986-08-20,-4.463774
1986-08-21,-4.352556
1986-08-22,-4.500380
1986-08-25,-3.440283
1986-08-26,-5.440231
1986-08-27,-5.472956
1986-08-28,-5.215086
1986-08-29,-5.185055
1986-09-02,-3.292483
1986-09-03,-3.879037
1986-09-04,-5.265701
1986-09-05,-3.810841
1986-09-08,-2.787514
1986-09-09,-2.538804
1986-09-10,-2.233312
1986-09-11,2.721106
1986-09-12,4.619063
1986-09-15,4.125869
1986-09-16,4.248845
1986-09-17,4.299175
1986-09-18,4.073030
1986-09-19,4.144598
1986-09-22,3.055751
1986-09-23,2.786184
1986-09-24,2.569687
1986-09-25,4.434137
1986-09-26,4.297122
1986-09-29,5.277850
1986-09-30,4.719787
1986-10-01,3.803934
1986-10-02,3.697268
1986-10-03,3.809456
1986-10-06,3.395824
1986-10-07,3.573362
1986-10-08,2.670139
1986-10-09,3.042517
1986-10-10,3.224654
1986-10-13,3.076328
1986-10-14,3.324757
1986-10-15,1.945934
1986-10-16,1.678898
1986-10-17,1.992546
1986-10-20,3.197427
1986-10-21,3.258020
1986-10-22,3.132522
1986-10-23,1.930300
1986-10-24,2.383201
1986-10-27,2.208853
1986-10-28,2.043416
1986-10-29,1.391105
1986-10-30,0.295339
1986-10-31,0.223883
1986-11-03,-0.478181
1986-11-04,-0.597099
1986-11-05,-0.704831
1986-11-06,-0.369158
1986-11-07,-0.285233
1986-11-10,-0.389688
1986-11-11,-0.736242
1986-11-12,-0.517070
1986-11-13,0.994518
1986-11-14,0.426968
1986-11-17,0.983753
1986-11-18,3.626625
1986-11-19,3.294331
1986-11-20,1.538475
1986-11-21,0.022487
1986-11-24,-0.590150
1986-11-25,-0.847723
1986-11-26,-1.055796
1986-11-28,-1.203899
1986-12-01,-1.102990
1986-12-02,-3.044005
1986-12-03,-2.945441
1986-12-04,-2.583010
1986-12-05,-1.795922
1986-12-08,-1.762622
1986-12-09,-0.973339
1986-12-10,-1.624572
1986-12-11,-0.471789
1986-12-12,-0.117961
1986-12-15,-0.441616
1986-12-16,-1.154452
1986-12-17,-0.126375
1986-12-18,0.212114
1986-12-19,-0.954779
1986-12-22,-0.534898
1986-12-23,0.454636
1986-12-24,0.304010
1986-12-26,0.249873
1986-12-29,1.167344
1986-12-30,1.701550
1986-12-31,2.192869
1987-01-02,0.475730
1987-01-05,-1.825362
1987-01-06,-2.042552
1987-01-07,-2.788292
1987-01-08,-3.166647
1987-01-09,-3.442624
1987-01-12,-3.743236
1987-01-13,-3.580436
1987-01-14,-4.172071
1987-01-15,-4.726291
1987-01-16,-4.850911
1987-01-19,-5.434820
1987-01-20,-5.271372
1987-01-21,-4.762978
1987-01-22,-6.242414
1987-01-23,-4.726312
1987-01-26,-4.498156
1987-01-27,-6.060840
1987-01-28,-6.384603
1987-01-29,-5.899720
1987-01-30,-5.802330
1987-02-02,-6.487238
1987-02-03,-6.274054
1987-02-04,-7.059225
1987-02-05,-7.323275
1987-02-06,-6.851532
1987-02-09,-6.092821
1987-02-10,-4.877824
1987-02-11,-5.777074
1987-02-12,-4.999673
1987-02-13,-6.502635
1987-02-17,-7.877738
1987-02-18,-7.795406
1987-02-19,-7.781481
1987-02-20,-7.689835
1987-02-23,-6.468279
1987-02-24,-6.604895
1987-02-25,-6.973352
1987-02-26,-6.528144
1987-02-27,-6.941252
1987-03-02,-6.434112
1987-03-03,-6.796437
1987-03-04,-7.889482
1987-03-05,-8.207048
1987-03-06,-8.170754
1987-03-09,-7.236879
1987-03-10,-8.097191
1987-03-11,-7.840068
1987-03-12,-8.064546
1987-03-13,-7.522763
1987-03-16,-6.860328
1987-03-17,-8.162763
1987-03-18,-8.169729
1987-03-19,-8.369865
1987-03-20,-9.120037
1987-03-23,-9.647255
1987-03-24,-9.669431
1987-03-25,-9.139940
1987-03-26,-9.269605
1987-03-27,-7.463751
1987-03-30,-4.900086
1987-03-31,-5.755376
1987-04-01,-5.947575
1987-04-02,-6.345377
1987-04-03,-8.735688
1987-04-06,-9.178593
1987-04-07,-7.218135
1987-04-08,-7.366943
1987-04-09,-5.728525
1987-04-10,-5.546118
1987-04-13,-3.027856
1987-04-14,-0.667546
1987-04-15,-2.536532
1987-04-16,-3.389675
1987-04-20,-3.056981
1987-04-21,-5.516989
1987-04-22,-3.350478
1987-04-23,-3.169736
1987-04-24,-1.222490
1987-04-27,-1.291985
1987-04-28,-1.489311
1987-04-29,-2.175072
1987-04-30,-3.478348
1987-05-01,-3.304090
1987-05-04,-3.723993
1987-05-05,-5.802733
1987-05-06,-5.786551
1987-05-07,-5.453351
1987-05-08,-4.913857
1987-05-11,-4.214998
1987-05-12,-4.771570
1987-05-13,-4.950403
1987-05-14,-4.981137
1987-05-15,-2.497555
1987-05-18,-2.165349
1987-05-19,0.384609
1987-05-20,0.928542
1987-05-21,0.274597
1987-05-22,-0.387641
1987-05-26,-2.805756
1987-05-27,-2.620600
1987-05-28,-3.292463
1987-05-29,-3.011672
1987-06-01,-2.870471
1987-06-02,-2.341525
1987-06-03,-4.070632
1987-06-04,-4.593939
1987-06-05,-3.966970
1987-06-08,-5.075834
1987-06-09,-5.224427
1987-06-10,-5.239313
1987-06-11,-5.636573
1987-06-12,-6.607045
1987-06-15,-6.893481
1987-06-16,-7.141937
1987-06-17,-7.091055
1987-06-18,-7.196305
1987-06-19,-7.378750
1987-06-22,-7.815738
1987-06-23,-7.326198
1987-06-24,-6.716765
1987-06-25,-7.380786
1987-06-26,-6.678735
1987-06-29,-6.853736
1987-06-30,-5.424947
1987-07-01,-4.983347
1987-07-02,-5.838253
1987-07-06,-5.516857
1987-07-07,-6.296415
1987-07-08,-6.527444
1987-07-09,-6.186605
1987-07-10,-6.405089
1987-07-13,-6.071270
1987-07-14,-6.874796
1987-07-15,-6.701730
1987-07-16,-7.075440
1987-07-17,-7.335651
1987-07-20,-6.163825
1987-07-21,-5.119176
1987-07-22,-5.016937
1987-07-23,-4.717908
1987-07-24,-5.140934
1987-07-27,-5.534041
1987-07-28,-6.026431
1987-07-29,-6.903083
1987-07-30,-7.250405
1987-07-31,-7.277873
1987-08-03,-6.830963
1987-08-04,-6.301448
1987-08-05,-6.963442
1987-08-06,-7.559065
1987-08-07,-7.632352
1987-08-10,-8.431995
1987-08-11,-9.281112
1987-08-12,-8.874685
1987-08-13,-9.316479
1987-08-14,-9.003406
1987-08-17,-8.948140
1987-08-18,-7.275872
1987-08-19,-7.378719
1987-08-20,-8.889429
1987-08-21,-8.983198
1987-08-24,-8.059602
1987-08-25,-8.951231
1987-08-26,-8.148969
1987-08-27,-7.032598
1987-08-28,-5.550847
1987-08-31,-6.354825
1987-09-01,-4.213778
1987-09-02,-3.583395
1987-09-03,-3.029706
1987-09-04,-1.825282
1987-09-08,-0.748641
1987-09-09,-0.800567
1987-09-10,-1.765528
1987-09-11,-3.251305
1987-09-14,-3.532936
1987-09-15,-1.757378
1987-09-16,-0.773968
1987-09-17,-0.739936
1987-09-18,-0.661160
1987-09-21,0.772245
1987-09-22,-2.026956
1987-09-23,-2.501042
1987-09-24,-1.966408
1987-09-25,-2.042441
1987-09-28,-2.941160
1987-09-29,-2.391158
1987-09-30,-2.367469
1987-10-01,-4.044221
1987-10-02,-4.203760
1987-10-05,-4.130712
1987-10-06,-1.255378
1987-10-07,-0.976473
1987-10-08,0.472424
1987-10-09,1.507987
1987-10-12,2.094504
1987-10-13,0.533057
1987-10-14,3.524109
1987-10-15,5.830834
1987-10-16,10.718379
1987-10-19,28.974357
1987-10-20,25.176193
1987-10-21,18.369919
1987-10-22,21.564008
1987-10-23,21.566166
1987-10-26,28.038804
1987-10-27,26.276521
1987-10-28,26.228801
1987-10-29,22.580985
1987-10-30,20.350334
1987-11-02,19.087855
1987-11-03,20.634679
1987-11-04,21.209963
1987-11-05,19.449054
1987-11-06,20.723404
1987-11-09,22.997317
1987-11-10,24.294289
1987-11-11,23.352722
1987-11-12,21.237006
1987-11-13,22.129926
1987-11-16,21.754056
1987-11-17,22.910860
1987-11-18,22.090876
1987-11-19,23.807796
1987-11-20,23.162576
1987-11-23,22.823805
1987-11-24,21.723705
1987-11-25,22.427830
1987-11-27,23.598395
1987-11-30,26.757322
1987-12-01,26.180958
1987-12-02,25.684613
1987-12-03,28.268429
1987-12-04,28.639411
1987-12-07,27.061390
1987-12-08,25.067764
1987-12-09,23.766858
1987-12-10,25.430921
1987-12-11,24.838641
1987-12-14,22.615462
1987-12-15,22.387992
1987-12-16,20.673996
1987-12-17,22.270853
1987-12-18,20.263463
1987-12-21,20.113374
1987-12-22,19.951962
1987-12-23,18.896165
1987-12-24,19.228976
1987-12-28,21.267058
1987-12-29,21.549608
1987-12-30,20.467938
1987-12-31,20.684631
1988-01-04,17.811395
1988-01-05,16.917064
1988-01-06,16.800848
1988-01-07,16.068581
1988-01-08,21.707756
1988-01-11,20.352452
1988-01-12,20.981192
1988-01-13,20.823490
1988-01-14,20.766947
1988-01-15,18.747992
1988-01-18,18.770970
1988-01-19,19.557938
1988-01-20,21.672730
1988-01-21,21.468472
1988-01-22,20.345086
1988-01-25,18.481533
1988-01-26,19.289273
1988-01-27,19.323047
1988-01-28,18.038041
1988-01-29,16.793280
1988-02-01,17.425377
1988-02-02,17.229791
1988-02-03,18.286252
1988-02-04,18.259056
1988-02-05,18.636403
1988-02-08,19.214476
1988-02-09,18.341339
1988-02-10,16.718244
1988-02-11,16.925923
1988-02-12,16.356075
1988-02-16,15.619054
1988-02-17,15.796101
1988-02-18,16.188348
1988-02-19,14.958375
1988-02-22,13.624236
1988-02-23,13.802376
1988-02-24,13.971833
1988-02-25,14.873068
1988-02-26,14.560763
1988-02-29,12.793711
1988-03-01,12.972128
1988-03-02,12.708893
1988-03-03,12.731584
1988-03-04,12.911369
1988-03-07,12.874541
1988-03-08,12.195761
1988-03-09,12.299351
1988-03-10,13.980126
1988-03-11,13.599913
1988-03-14,13.113620
1988-03-15,13.171973
1988-03-16,12.332968
1988-03-17,11.475215
1988-03-18,11.487275
1988-03-21,12.243227
1988-03-22,12.186789
1988-03-23,12.139692
1988-03-24,13.927727
1988-03-25,15.476510
1988-03-28,15.587805
1988-03-29,14.894555
1988-03-30,15.510495
1988-03-31,15.203944
1988-04-04,16.080288
1988-04-05,15.246983
1988-04-06,12.920827
1988-04-07,12.664779
1988-04-08,11.559222
1988-04-11,11.285691
1988-04-12,10.856902
1988-04-13,10.755934
1988-04-14,14.606064
1988-04-15,14.563015
1988-04-18,14.707993
1988-04-19,15.092893
1988-04-20,15.639230
1988-04-21,15.500145
1988-04-22,14.233823
1988-04-25,13.412884
1988-04-26,12.906540
1988-04-27,12.908658
1988-04-28,13.260053
1988-04-29,13.638409
1988-05-02,13.516409
1988-05-03,12.998004
1988-05-04,13.842783
1988-05-05,14.306303
1988-05-06,14.696807
1988-05-09,14.962969
1988-05-10,14.559179
1988-05-11,15.938386
1988-05-12,15.706365
1988-05-13,14.680340
1988-05-16,13.986615
1988-05-17,15.036587
1988-05-18,16.325212
1988-05-19,15.862404
1988-05-20,15.652832
1988-05-23,16.320929
1988-05-24,15.362043
1988-05-25,15.209073
1988-05-26,14.850014
1988-05-27,15.183371
1988-05-31,12.192808
1988-06-01,10.612946
1988-06-02,11.009595
1988-06-03,10.574867
1988-06-06,10.310019
1988-06-07,10.875473
1988-06-08,8.682071
1988-06-09,9.062453
1988-06-10,8.644878
1988-06-13,8.529862
1988-06-14,7.511225
1988-06-15,7.406486
1988-06-16,8.933742
1988-06-17,8.577140
1988-06-20,9.115376
1988-06-21,8.148854
1988-06-22,6.762249
1988-06-23,7.007641
1988-06-24,7.316717
1988-06-27,8.863101
1988-06-28,7.712159
1988-06-29,8.116907
1988-06-30,7.221306
1988-07-01,7.762069
1988-07-05,6.355063
1988-07-06,7.603597
1988-07-07,7.637659
1988-07-08,8.185132
1988-07-11,7.956055
1988-07-12,8.823054
1988-07-13,8.269149
1988-07-14,7.897622
1988-07-15,7.237473
1988-07-18,7.705545
1988-07-19,8.342074
1988-07-20,7.761279
1988-07-21,8.849960
1988-07-22,9.875839
1988-07-25,9.423137
1988-07-26,9.202895
1988-07-27,10.077585
1988-07-28,8.823122
1988-07-29,6.732537
1988-08-01,6.640764
1988-08-02,6.681254
1988-08-03,6.415369
1988-08-04,6.811373
1988-08-05,7.091732
1988-08-08,7.514732
1988-08-09,8.728621
1988-08-10,10.334396
1988-08-11,10.072567
1988-08-12,10.169864
1988-08-15,11.504042
1988-08-16,10.872896
1988-08-17,10.805972
1988-08-18,10.727022
1988-08-19,11.008200
1988-08-22,12.125389
1988-08-23,11.843219
1988-08-24,10.099768
1988-08-25,10.603308
1988-08-26,10.448096
1988-08-29,9.339253
1988-08-30,9.293562
1988-08-31,9.650043
1988-09-01,10.759950
1988-09-02,8.661151
1988-09-06,8.303056
1988-09-07,8.229978
1988-09-08,8.249128
1988-09-09,7.938102
1988-09-12,8.087857
1988-09-13,7.783570
1988-09-14,7.174168
1988-09-15,7.616679
1988-09-16,6.785570
1988-09-19,7.459019
1988-09-20,7.191189
1988-09-21,7.084297
1988-09-22,7.455168
1988-09-23,7.286245
1988-09-26,7.623411
1988-09-27,7.868686
1988-09-28,7.613466
1988-09-29,6.437911
1988-09-30,6.694893
1988-10-03,5.756868
1988-10-04,5.951413
1988-10-05,4.997084
1988-10-06,4.834031
1988-10-07,2.874690
1988-10-10,2.841717
1988-10-11,1.637727
1988-10-12,1.988193
1988-10-13,-0.939805
1988-10-14,-1.795337
1988-10-17,-2.111204
1988-10-18,-2.982660
1988-10-19,-2.076302
1988-10-20,-3.605861
1988-10-21,-3.712692
1988-10-24,-3.172941
1988-10-25,-3.172147
1988-10-26,-2.771015
1988-10-27,-1.242459
1988-10-28,-1.672574
1988-10-31,-1.806275
1988-11-01,-1.809593
1988-11-02,-1.773471
1988-11-03,-1.788810
1988-11-04,-0.705998
1988-11-07,0.182540
1988-11-08,-0.237119
1988-11-09,0.449044
1988-11-10,0.337636
1988-11-11,2.448997
1988-11-14,2.533797
1988-11-15,2.320163
1988-11-16,3.976302
1988-11-17,3.703951
1988-11-18,3.037953
1988-11-21,3.144959
1988-11-22,2.799340
1988-11-23,2.159870
1988-11-25,2.814236
1988-11-28,2.311835
1988-11-29,1.496913
1988-11-30,0.496378
1988-12-01,0.950213
1988-12-02,1.207106
1988-12-05,0.082052
1988-12-06,-0.872454
1988-12-07,-1.055348
1988-12-08,-0.481279
1988-12-09,-0.627012
1988-12-12,-0.433350
1988-12-13,-0.348305
1988-12-14,0.021916
1988-12-15,0.402088
1988-12-16,-0.319126
1988-12-19,-1.259207
1988-12-20,-0.728627
1988-12-21,-0.687908
1988-12-22,-0.490201
1988-12-23,-0.840633
1988-12-27,-0.453124
1988-12-28,-0.533279
1988-12-29,-1.364598
1988-12-30,-0.748827
1989-01-03,0.129465
1989-01-04,-1.354704
1989-01-05,-1.554216
1989-01-06,-1.782119
1989-01-09,-1.877336
1989-01-10,-1.638510
1989-01-11,-2.205976
1989-01-12,-2.603727
1989-01-13,-2.794998
1989-01-16,-2.820413
1989-01-17,-2.580009
1989-01-18,-3.209823
1989-01-19,-3.259206
1989-01-20,-3.138223
1989-01-23,-2.357024
1989-01-24,-3.499001
1989-01-25,-3.601881
1989-01-26,-4.054455
1989-01-27,-4.414821
1989-01-30,-4.595888
1989-01-31,-5.015924
1989-02-01,-4.841995
1989-02-02,-4.712527
1989-02-03,-4.717349
1989-02-06,-4.353249
1989-02-07,-5.217851
1989-02-08,-4.838518
1989-02-09,-3.896947
1989-02-10,-2.450098
1989-02-13,-2.601658
1989-02-14,-2.315802
1989-02-15,-3.136798
1989-02-16,-3.302326
1989-02-17,-3.947688
1989-02-21,-3.636171
1989-02-22,-1.827366
1989-02-23,-2.192684
1989-02-24,-0.438593
1989-02-27,-0.647259
1989-02-28,-0.979975
1989-03-01,-0.341003
1989-03-02,-1.300157
1989-03-03,-1.691278
1989-03-06,-2.917633
1989-03-07,-2.549647
1989-03-08,-2.580787
1989-03-09,-2.489165
1989-03-10,-2.085202
1989-03-13,-2.896044
1989-03-14,-2.792777
1989-03-15,-3.291979
1989-03-16,-4.224195
1989-03-17,-1.848488
1989-03-20,-0.862296
1989-03-21,-1.329652
1989-03-22,-1.013416
1989-03-23,-0.471845
1989-03-27,-1.005308
1989-03-28,-1.340510
1989-03-29,-1.584691
1989-03-30,-1.626378
1989-03-31,-2.423190
1989-04-03,-2.925482
1989-04-04,-2.526773
1989-04-05,-2.823370
1989-04-06,-2.470993
1989-04-07,-3.099189
1989-04-10,-3.060368
1989-04-11,-3.515172
1989-04-12,-3.659616
1989-04-13,-2.738586
1989-04-14,-4.139575
1989-04-17,-4.176786
1989-04-18,-4.915128
1989-04-19,-5.086927
1989-04-20,-4.724846
1989-04-21,-5.456511
1989-04-24,-5.104884
1989-04-25,-4.408785
1989-04-26,-4.431696
1989-04-27,-5.293550
1989-04-28,-5.270239
1989-05-01,-5.056958
1989-05-02,-4.680251
1989-05-03,-4.655005
1989-05-04,-4.485689
1989-05-05,-4.391480
1989-05-08,-3.803989
1989-05-09,-3.490181
1989-05-10,-3.657875
1989-05-11,-4.004752
1989-05-12,-5.613934
1989-05-15,-5.981263
1989-05-16,-5.643732
1989-05-17,-6.127048
1989-05-18,-6.168998
1989-05-19,-6.697251
1989-05-22,-6.776925
1989-05-23,-5.515366
1989-05-24,-5.735069
1989-05-25,-5.688429
1989-05-26,-6.431320
1989-05-30,-5.535125
1989-05-31,-5.960405
1989-06-01,-6.379068
1989-06-02,-6.937707
1989-06-05,-5.731163
1989-06-06,-6.393481
1989-06-07,-6.993473
1989-06-08,-6.858939
1989-06-09,-6.774467
1989-06-12,-6.561296
1989-06-13,-5.737536
1989-06-14,-5.651520
1989-06-15,-4.372755
1989-06-16,-4.729301
1989-06-19,-4.844164
1989-06-20,-4.581308
1989-06-21,-4.278276
1989-06-22,-4.822917
1989-06-23,-6.449142
1989-06-26,-5.937039
1989-06-27,-6.406696
1989-06-28,-5.498592
1989-06-29,-3.466314
1989-06-30,-2.869565
1989-07-03,-3.228496
1989-07-05,-3.635828
1989-07-06,-3.881276
1989-07-07,-4.914912
1989-07-10,-5.557290
1989-07-11,-6.001053
1989-07-12,-6.118252
1989-07-13,-6.083207
1989-07-14,-6.344350
1989-07-17,-6.388924
1989-07-18,-5.983490
1989-07-19,-6.827657
1989-07-20,-6.061233
1989-07-21,-6.734535
1989-07-24,-5.967671
1989-07-25,-5.981362
1989-07-26,-6.927582
1989-07-27,-7.529018
1989-07-28,-7.490007
1989-07-31,-8.081194
1989-08-01,-7.287533
1989-08-02,-7.406019
1989-08-03,-7.467680
1989-08-04,-7.147720
1989-08-07,-8.312196
1989-08-08,-8.229752
1989-08-09,-7.420849
1989-08-10,-7.762913
1989-08-11,-6.616396
1989-08-14,-6.034590
1989-08-15,-6.481794
1989-08-16,-6.711952
1989-08-17,-6.276688
1989-08-18,-6.700820
1989-08-21,-4.990897
1989-08-22,-5.090884
1989-08-23,-6.105744
1989-08-24,-7.830388
1989-08-25,-7.450497
1989-08-28,-7.776273
1989-08-29,-7.010472
1989-08-30,-7.180250
1989-08-31,-7.346664
1989-09-01,-7.725346
1989-09-05,-7.286561
1989-09-06,-6.199601
1989-09-07,-5.853300
1989-09-08,-5.902867
1989-09-11,-5.496896
1989-09-12,-5.737938
1989-09-13,-4.685990
1989-09-14,-3.924280
1989-09-15,-4.435538
1989-09-18,-4.874083
1989-09-19,-4.752479
1989-09-20,-4.664188
1989-09-21,-4.370818
1989-09-22,-4.716797
1989-09-25,-3.806087
1989-09-26,-3.776820
1989-09-27,-3.948346
1989-09-28,-4.938262
1989-09-29,-5.038167
1989-10-02,-5.487338
1989-10-03,-6.432798
1989-10-04,-6.717173
1989-10-05,-6.650377
1989-10-06,-6.864163
1989-10-09,-6.950969
1989-10-10,-6.678794
1989-10-11,-5.971686
1989-10-12,-5.427450
1989-10-13,1.066757
1989-10-16,-1.605841
1989-10-17,-1.049405
1989-10-18,-1.174515
1989-10-19,-2.706822
1989-10-20,-2.658928
1989-10-23,-1.915877
1989-10-24,-1.528598
1989-10-25,-1.123465
1989-10-26,0.270994
1989-10-27,1.159767
1989-10-30,1.198326
1989-10-31,-0.314568
1989-11-01,-0.516930
1989-11-02,0.326623
1989-11-03,0.621472
1989-11-06,2.134776
1989-11-07,1.524819
1989-11-08,0.582316
1989-11-09,1.083123
1989-11-10,0.376395
1989-11-13,0.280438
1989-11-14,0.771342
1989-11-15,0.058046
1989-11-16,0.081855
1989-11-17,-0.183989
1989-11-20,0.513766
1989-11-21,0.475656
1989-11-22,-0.169171
1989-11-24,-0.733631
1989-11-27,-1.170084
1989-11-28,-1.173441
1989-11-29,-0.496526
1989-11-30,-1.153389
1989-12-01,-2.463927
1989-12-04,-2.646793
1989-12-05,-2.068342
1989-12-06,-1.720615
1989-12-07,-1.395374
1989-12-08,-1.666223
1989-12-11,-1.579062
1989-12-12,-2.451533
1989-12-13,-2.694971
1989-12-14,-2.115618
1989-12-15,-1.838079
1989-12-18,0.076630
1989-12-19,0.472541
1989-12-20,0.400523
1989-12-21,-0.122839
1989-12-22,-0.846075
1989-12-26,-0.628156
1989-12-27,-1.165707
1989-12-28,-1.661991
1989-12-29,-2.410022
1990-01-02,-4.178011
1990-01-03,-3.852649
1990-01-04,-2.906378
1990-01-05,-1.853304
1990-01-08,-2.261422
1990-01-09,-1.009639
1990-01-10,-0.298776
1990-01-11,-0.607183
1990-01-12,1.911395
1990-01-15,2.788611
1990-01-16,1.740641
1990-01-17,2.738331
1990-01-18,2.542202
1990-01-19,2.298652
1990-01-22,4.849475
1990-01-23,4.520636
1990-01-24,4.932600
1990-01-25,6.155420
1990-01-26,6.257210
1990-01-29,6.446994
1990-01-30,7.100821
1990-01-31,5.363043
1990-02-01,5.462144
1990-02-02,4.867755
1990-02-05,4.616675
1990-02-06,5.261377
1990-02-07,4.105824
1990-02-08,4.351881
1990-02-09,4.179916
1990-02-12,5.211477
1990-02-13,4.957455
1990-02-14,4.690604
1990-02-15,3.883474
1990-02-16,4.524475
1990-02-20,5.896408
1990-02-21,6.003749
1990-02-22,6.583476
1990-02-23,7.041048
1990-02-26,5.760399
1990-02-27,5.316337
1990-02-28,4.860414
1990-03-01,4.629430
1990-03-02,3.840091
1990-03-05,4.367411
1990-03-06,3.179055
1990-03-07,3.470810
1990-03-08,2.535952
1990-03-09,3.220005
1990-03-12,3.022419
1990-03-13,3.797488
1990-03-14,3.561424
1990-03-15,3.230759
1990-03-16,2.146380
1990-03-19,1.696150
1990-03-20,2.271474
1990-03-21,2.806470
1990-03-22,3.971448
1990-03-23,3.541410
1990-03-26,3.432121
1990-03-27,2.336503
1990-03-28,2.206880
1990-03-29,2.565354
1990-03-30,2.822950
1990-04-02,3.190098
1990-04-03,1.794223
1990-04-04,2.537552
1990-04-05,2.655273
1990-04-06,2.853981
1990-04-09,2.495301
1990-04-10,2.306738
1990-04-11,2.359483
1990-04-12,1.682129
1990-04-16,1.586471
1990-04-17,1.623343
1990-04-18,2.769281
1990-04-19,3.532443
1990-04-20,4.389617
1990-04-23,5.555150
1990-04-24,5.754327
1990-04-25,5.280213
1990-04-26,5.028530
1990-04-27,6.114818
1990-04-30,5.631975
1990-05-01,5.218192
1990-05-02,4.584272
1990-05-03,4.273218
1990-05-04,3.472299
1990-05-07,2.865230
1990-05-08,2.449166
1990-05-09,2.213315
1990-05-10,1.943751
1990-05-11,-0.381621
1990-05-14,-1.156299
1990-05-15,-1.016072
1990-05-16,-0.928485
1990-05-17,-1.054818
1990-05-18,-1.095792
1990-05-21,-2.042852
1990-05-22,-2.158518
1990-05-23,-2.396020
1990-05-24,-2.136458
1990-05-25,-1.040230
1990-05-29,-2.639575
1990-05-30,-2.656544
1990-05-31,-2.697835
1990-06-01,-2.965869
1990-06-04,-3.566330
1990-06-05,-3.336041
1990-06-06,-2.843707
1990-06-07,-2.316735
1990-06-08,-1.055114
1990-06-11,-1.869983
1990-06-12,-3.159209
1990-06-13,-2.769058
1990-06-14,-2.195748
1990-06-15,-2.189147
1990-06-18,-0.487102
1990-06-19,-0.931203
1990-06-20,-1.103619
1990-06-21,-1.480774
1990-06-22,-0.056571
1990-06-25,0.824378
1990-06-26,0.898029
1990-06-27,0.035864
1990-06-28,-0.655815
1990-06-29,-0.754338
1990-07-02,-1.171110
1990-07-03,-1.335361
1990-07-05,-0.068004
1990-07-06,-0.829854
1990-07-09,-1.128820
1990-07-10,-0.269422
1990-07-11,-1.589701
1990-07-12,-2.757442
1990-07-13,-3.266094
1990-07-16,-3.500434
1990-07-17,-3.085081
1990-07-18,-2.149256
1990-07-19,-2.449623
1990-07-20,-1.405645
1990-07-23,0.359810
1990-07-24,0.222966
1990-07-25,-0.143632
1990-07-26,0.184882
1990-07-27,0.874959
1990-07-30,0.283317
1990-07-31,0.131869
1990-08-01,0.317983
1990-08-02,1.458338
1990-08-03,3.316585
1990-08-06,6.231780
1990-08-07,6.110963
1990-08-08,5.119319
1990-08-09,4.670765
1990-08-10,5.905349
1990-08-13,4.974920
1990-08-14,4.823758
1990-08-15,4.639436
1990-08-16,6.784710
1990-08-17,8.054315
1990-08-20,7.856709
1990-08-21,9.711302
1990-08-22,11.190179
1990-08-23,13.834716
1990-08-24,12.568504
1990-08-27,9.771205
1990-08-28,9.787245
1990-08-29,8.976633
1990-08-30,10.502297
1990-08-31,9.408921
1990-09-04,9.248133
1990-09-05,8.871167
1990-09-06,9.962402
1990-09-07,9.125289
1990-09-10,9.608844
1990-09-11,9.759063
1990-09-12,9.321655
1990-09-13,10.396956
1990-09-14,10.890728
1990-09-17,10.607297
1990-09-18,10.352102
1990-09-19,10.891404
1990-09-20,12.307163
1990-09-21,12.327485
1990-09-24,14.194787
1990-09-25,13.134267
1990-09-26,14.007600
1990-09-27,15.127763
1990-09-28,13.664543
1990-10-01,11.132341
1990-10-02,11.032465
1990-10-03,12.086172
1990-10-04,11.701911
1990-10-05,12.016880
1990-10-08,11.436435
1990-10-09,13.776014
1990-10-10,15.076911
1990-10-11,16.436498
1990-10-12,15.110993
1990-10-15,14.172513
1990-10-16,15.352863
1990-10-17,15.359055
1990-10-18,13.348208
1990-10-19,11.410809
1990-10-22,10.737502
1990-10-23,11.392592
1990-10-24,11.300678
1990-10-25,11.964025
1990-10-26,13.490131
1990-10-29,14.270232
1990-10-30,13.626541
1990-10-31,13.621168
1990-11-01,12.741918
1990-11-02,11.350350
1990-11-05,10.560458
1990-11-06,11.391051
1990-11-07,12.969804
1990-11-08,12.502168
1990-11-09,10.750132
1990-11-12,9.113209
1990-11-13,9.624380
1990-11-14,8.841540
1990-11-15,9.794916
1990-11-16,9.756740
1990-11-19,9.116114
1990-11-20,10.252990
1990-11-21,10.035601
1990-11-23,10.287819
1990-11-26,9.874320
1990-11-27,9.413084
1990-11-28,9.446539
1990-11-29,9.871293
1990-11-30,8.210127
1990-12-03,7.668343
1990-12-04,7.026155
1990-12-05,6.010752
1990-12-06,6.255380
1990-12-07,6.634052
1990-12-10,6.309458
1990-12-11,7.004609
1990-12-12,5.935066
1990-12-13,6.174719
1990-12-14,6.886276
1990-12-17,7.108590
1990-12-18,5.954535
1990-12-19,5.906809
1990-12-20,5.922127
1990-12-21,5.453026
1990-12-24,5.973803
1990-12-26,5.699228
1990-12-27,6.422596
1990-12-28,6.293156
1990-12-31,5.856923
1991-01-02,6.919240
1991-01-03,8.199563
1991-01-04,8.445596
1991-01-07,10.017079
1991-01-08,10.155358
1991-01-09,11.109995
1991-01-10,10.223410
1991-01-11,10.004633
1991-01-14,10.766986
1991-01-15,10.394375
1991-01-16,9.681423
1991-01-17,6.298996
1991-01-18,5.075272
1991-01-21,5.402345
1991-01-22,6.179413
1991-01-23,5.628134
1991-01-24,4.316544
1991-01-25,3.943406
1991-01-28,3.948532
1991-01-29,3.996088
1991-01-30,2.543859
1991-01-31,1.683029
1991-02-01,1.938436
1991-02-04,0.436681
1991-02-05,-0.381891
1991-02-06,-2.305637
1991-02-07,-1.843086
1991-02-08,-2.630105
1991-02-11,-5.233433
1991-02-12,-4.325547
1991-02-13,-5.290305
1991-02-14,-3.896446
1991-02-15,-5.243962
1991-02-19,-5.267716
1991-02-20,-4.036454
1991-02-21,-3.969275
1991-02-22,-4.144364
1991-02-25,-4.583704
1991-02-26,-3.307732
1991-02-27,-4.700856
1991-02-28,-4.499632
1991-03-01,-5.307774
1991-03-04,-4.971491
1991-03-05,-6.209843
1991-03-06,-6.039571
1991-03-07,-5.951659
1991-03-08,-5.668026
1991-03-11,-5.095140
1991-03-12,-4.256808
1991-03-13,-5.524388
1991-03-14,-5.212465
1991-03-15,-5.227571
1991-03-18,-4.803316
1991-03-19,-3.249291
1991-03-20,-3.622843
1991-03-21,-3.244114
1991-03-22,-3.494070
1991-03-25,-4.146781
1991-03-26,-5.956546
1991-03-27,-5.681488
1991-03-28,-5.636309
1991-04-01,-4.525795
1991-04-02,-6.451297
1991-04-03,-6.275725
1991-04-04,-6.455046
1991-04-05,-5.205373
1991-04-08,-6.115088
1991-04-09,-4.670924
1991-04-10,-4.538888
1991-04-11,-5.772691
1991-04-12,-6.444444
1991-04-15,-6.541901
1991-04-16,-7.470429
1991-04-17,-7.863503
1991-04-18,-7.289617
1991-04-19,-6.089009
1991-04-22,-5.172776
1991-04-23,-5.377803
1991-04-24,-5.631827
1991-04-25,-4.648206
1991-04-26,-4.573485
1991-04-29,-3.089453
1991-04-30,-3.547706
1991-05-01,-4.902692
1991-05-02,-4.952587
1991-05-03,-5.016949
1991-05-06,-4.803072
1991-05-07,-4.023929
1991-05-08,-4.333265
1991-05-09,-5.617977
1991-05-10,-3.532119
1991-05-13,-3.794072
1991-05-14,-2.365065
1991-05-15,-1.514983
1991-05-16,-2.498564
1991-05-17,-2.536748
1991-05-20,-2.484319
1991-05-21,-3.296182
1991-05-22,-3.493682
1991-05-23,-3.125625
1991-05-24,-3.790851
1991-05-28,-4.976151
1991-05-29,-5.173547
1991-05-30,-6.279685
1991-05-31,-7.026273
1991-06-03,-6.494009
1991-06-04,-6.356467
1991-06-05,-5.583019
1991-06-06,-5.132173
1991-06-07,-3.930375
1991-06-10,-3.637284
1991-06-11,-4.260007
1991-06-12,-3.012093
1991-06-13,-3.235195
1991-06-14,-4.462266
1991-06-17,-3.822859
1991-06-18,-3.357640
1991-06-19,-2.361167
1991-06-20,-2.411067
1991-06-21,-3.001370
1991-06-24,-1.107629
1991-06-25,-0.990663
1991-06-26,-1.207640
1991-06-27,-1.932578
1991-06-28,-1.009977
1991-07-01,-2.801801
1991-07-02,-2.632725
1991-07-03,-1.464829
1991-07-05,-1.624286
1991-07-08,-2.621164
1991-07-09,-2.074152
1991-07-10,-1.918867
1991-07-11,-2.199450
1991-07-12,-3.030239
1991-07-15,-3.546584
1991-07-16,-3.257799
1991-07-17,-3.109088
1991-07-18,-4.187678
1991-07-19,-3.820172
1991-07-22,-3.403839
1991-07-23,-2.417483
1991-07-24,-2.157322
1991-07-25,-2.725253
1991-07-26,-2.655726
1991-07-29,-3.186866
1991-07-30,-4.073451
1991-07-31,-4.309677
1991-08-01,-4.056371
1991-08-02,-4.004773
1991-08-05,-3.375017
1991-08-06,-4.785805
1991-08-07,-4.711537
1991-08-08,-4.320338
1991-08-09,-3.674387
1991-08-12,-3.856434
1991-08-13,-4.220241
1991-08-14,-4.228444
1991-08-15,-4.011708
1991-08-16,-2.949033
1991-08-19,-0.466222
1991-08-20,-1.206738
1991-08-21,-4.126413
1991-08-22,-4.172962
1991-08-23,-4.499603
1991-08-26,-4.349910
1991-08-27,-4.081204
1991-08-28,-4.657687
1991-08-29,-4.553566
1991-08-30,-4.223144
1991-09-03,-3.302985
1991-09-04,-2.675161
1991-09-05,-2.405530
1991-09-06,-2.341089
1991-09-09,-2.148867
1991-09-10,-1.044740
1991-09-11,-1.134698
1991-09-12,-1.675634
1991-09-13,-0.644440
1991-09-16,-1.169368
1991-09-17,-1.050734
1991-09-18,-1.383218
1991-09-19,-1.501854
1991-09-20,-1.554657
1991-09-23,-0.990682
1991-09-24,-1.416369
1991-09-25,-1.158093
1991-09-26,-1.013592
1991-09-27,-0.820063
1991-09-30,-1.290673
1991-10-01,-1.596353
1991-10-02,-1.306985
1991-10-03,-0.280045
1991-10-04,0.595142
1991-10-07,1.085393
1991-10-08,0.814144
1991-10-09,1.854450
1991-10-10,0.911830
1991-10-11,0.714041
1991-10-14,-0.552410
1991-10-15,-1.690913
1991-10-16,-2.109672
1991-10-17,-1.831775
1991-10-18,-1.932302
1991-10-21,-1.236344
1991-10-22,-0.617525
1991-10-23,-0.593360
1991-10-24,0.199012
1991-10-25,0.471406
1991-10-28,-0.853738
1991-10-29,-1.307552
1991-10-30,-1.637442
1991-10-31,-1.461092
1991-11-01,-1.128401
1991-11-04,-0.819167
1991-11-05,-0.372554
1991-11-06,-0.657241
1991-11-07,-1.584736
1991-11-08,-1.331748
1991-11-11,-1.352074
1991-11-12,-2.230849
1991-11-13,-2.280169
1991-11-14,-2.176698
1991-11-15,1.587656
1991-11-18,0.938306
1991-11-19,2.453292
1991-11-20,2.695453
1991-11-21,2.317559
1991-11-22,3.335937
1991-11-25,3.545899
1991-11-26,2.880718
1991-11-27,3.247904
1991-11-29,3.596731
1991-12-02,2.017028
1991-12-03,2.137639
1991-12-04,2.376008
1991-12-05,3.072433
1991-12-06,2.641996
1991-12-09,2.864858
1991-12-10,2.967089
1991-12-11,3.024888
1991-12-12,2.045871
1991-12-13,1.305448
1991-12-16,1.317981
1991-12-17,1.763411
1991-12-18,1.578272
1991-12-19,1.828993
1991-12-20,0.676971
1991-12-23,-1.816598
1991-12-24,-2.199050
1991-12-26,-2.898369
1991-12-27,-3.087182
1991-12-30,-4.191459
1991-12-31,-4.414056
1992-01-02,-4.400275
1992-01-03,-4.634827
1992-01-06,-4.254055
1992-01-07,-4.079073
1992-01-08,-4.219475
1992-01-09,-4.068173
1992-01-10,-3.414832
1992-01-13,-3.198153
1992-01-14,-4.551496
1992-01-15,-4.565094
1992-01-16,-3.901307
1992-01-17,-4.035301
1992-01-20,-3.385724
1992-01-21,-2.438528
1992-01-22,-3.770229
1992-01-23,-2.954493
1992-01-24,-3.057245
1992-01-27,-2.911742
1992-01-28,-2.880937
1992-01-29,-1.719969
1992-01-30,-2.022759
1992-01-31,-1.305022
1992-02-03,-1.473635
1992-02-04,-2.521418
1992-02-05,-2.496890
1992-02-06,-2.470611
1992-02-07,-1.772900
1992-02-10,-2.412562
1992-02-11,-2.382632
1992-02-12,-3.187699
1992-02-13,-2.313905
1992-02-14,-1.992894
1992-02-18,-0.713972
1992-02-19,-0.912572
1992-02-20,-2.281718
1992-02-21,-1.649058
1992-02-24,-1.836923
1992-02-25,-1.363962
1992-02-26,-2.547755
1992-02-27,-2.151221
1992-02-28,-1.835090
1992-03-02,-1.746242
1992-03-03,-1.817623
1992-03-04,-0.924756
1992-03-05,-0.208802
1992-03-06,0.320095
1992-03-09,0.150281
1992-03-10,-0.244237
1992-03-11,0.474890
1992-03-12,0.523223
1992-03-13,0.055395
1992-03-16,-0.069129
1992-03-17,-0.840321
1992-03-18,-0.720246
1992-03-19,-0.863840
1992-03-20,-1.214598
1992-03-23,-0.852320
1992-03-24,-0.578858
1992-03-25,-0.226877
1992-03-26,-0.289937
1992-03-27,0.799001
1992-03-30,0.935389
1992-03-31,0.781107
1992-04-01,0.665082
1992-04-02,1.598074
1992-04-03,1.356977
1992-04-06,0.382683
1992-04-07,2.249478
1992-04-08,3.138805
1992-04-09,1.649930
1992-04-10,0.773297
1992-04-13,0.356694
1992-04-14,-1.168896
1992-04-15,-2.097362
1992-04-16,-2.010114
1992-04-20,-0.549645
1992-04-21,-0.548116
1992-04-22,-0.415820
1992-04-23,-0.830929
1992-04-24,-0.178043
1992-04-27,-0.020137
1992-04-28,-0.164387
1992-04-29,-0.856926
1992-04-30,-1.551934
1992-05-01,-0.941922
1992-05-04,-1.992085
1992-05-05,-1.952563
1992-05-06,-1.915717
1992-05-07,-1.661426
1992-05-08,-1.687281
1992-05-11,-2.258867
1992-05-12,-1.699570
1992-05-13,-1.719155
1992-05-14,-0.894222
1992-05-15,-0.134562
1992-05-18,-0.782106
1992-05-19,-1.630770
1992-05-20,-1.375431
1992-05-21,-0.680278
1992-05-22,-1.010753
1992-05-26,-0.358335
1992-05-27,-0.528154
1992-05-28,-1.625097
1992-05-29,-1.269621
1992-06-01,-1.726833
1992-06-02,-0.782479
1992-06-03,-1.023501
1992-06-04,-0.677642
1992-06-05,-0.716504
1992-06-08,-0.673100
1992-06-09,0.140740
1992-06-10,0.833524
1992-06-11,0.405386
1992-06-12,0.240863
1992-06-15,0.120637
1992-06-16,0.608377
1992-06-17,2.089789
1992-06-18,2.413051
1992-06-19,1.762574
1992-06-22,1.837231
1992-06-23,1.691178
1992-06-24,1.751907
1992-06-25,1.938328
1992-06-26,1.868109
1992-06-29,0.548807
1992-06-30,0.757469
1992-07-01,-0.377630
1992-07-02,-0.091979
1992-07-06,-0.578367
1992-07-07,0.572447
1992-07-08,0.315690
1992-07-09,-0.627108
1992-07-10,-0.704139
1992-07-13,-0.746747
1992-07-14,-1.408720
1992-07-15,-1.249171
1992-07-16,-1.337816
1992-07-17,-0.854382
1992-07-20,-0.382039
1992-07-21,-0.363865
1992-07-22,0.342366
1992-07-23,0.083267
1992-07-24,0.221534
1992-07-27,0.255550
1992-07-28,-1.170836
1992-07-29,-2.115632
1992-07-30,-2.302982
1992-07-31,-2.318484
1992-08-03,-2.405578
1992-08-04,-2.209176
1992-08-05,-1.665907
1992-08-06,-1.259717
1992-08-07,-0.828383
1992-08-10,-0.936550
1992-08-11,-0.789409
1992-08-12,-0.502082
1992-08-13,-0.473488
1992-08-14,-0.980738
1992-08-17,-1.162375
1992-08-18,-1.287567
1992-08-19,-0.512741
1992-08-20,-0.510958
1992-08-21,0.324022
1992-08-24,1.326839
1992-08-25,1.124608
1992-08-26,0.680860
1992-08-27,0.686487
1992-08-28,0.382733
1992-08-31,0.587728
1992-09-01,0.118776
1992-09-02,-0.319231
1992-09-03,-0.295101
1992-09-04,-0.055089
1992-09-08,0.599521
1992-09-09,0.164030
1992-09-10,-0.668855
1992-09-11,-0.554135
1992-09-14,-1.865761
1992-09-15,-0.520535
1992-09-16,-0.532438
1992-09-17,-0.510547
1992-09-18,-1.201731
1992-09-21,-0.984729
1992-09-22,0.234847
1992-09-23,0.187270
1992-09-24,-0.033946
1992-09-25,0.973324
1992-09-28,0.452345
1992-09-29,0.429179
1992-09-30,0.210779
1992-10-01,0.591962
1992-10-02,1.998026
1992-10-05,2.705404
1992-10-06,2.810541
1992-10-07,3.514304
1992-10-08,2.683965
1992-10-09,3.897486
1992-10-12,2.757234
1992-10-13,2.309810
1992-10-14,2.288465
1992-10-15,2.228962
1992-10-16,1.715935
1992-10-19,0.938312
1992-10-20,0.817784
1992-10-21,0.770945
1992-10-22,0.953115
1992-10-23,1.143484
1992-10-26,0.176600
1992-10-27,0.096628
1992-10-28,-0.295277
1992-10-29,-0.467904
1992-10-30,0.052395
1992-11-02,-0.915236
1992-11-03,-0.235200
1992-11-04,0.434931
1992-11-05,0.143399
1992-11-06,0.326098
1992-11-09,0.087225
1992-11-10,0.082312
1992-11-11,-0.764835
1992-11-12,-0.917762
1992-11-13,-0.804304
1992-11-16,-0.379830
1992-11-17,-0.040055
1992-11-18,-0.888685
1992-11-19,-1.063937
1992-11-20,-1.617247
1992-11-23,-1.245778
1992-11-24,-1.715217
1992-11-25,-1.901160
1992-11-27,-2.008102
1992-11-30,-2.140083
1992-12-01,-1.990386
1992-12-02,-1.766101
1992-12-03,-1.760789
1992-12-04,-2.174398
1992-12-07,-2.552238
1992-12-08,-2.738155
1992-12-09,-2.410239
1992-12-10,-2.159674
1992-12-11,-1.932514
1992-12-14,-1.710516
1992-12-15,-1.634676
1992-12-16,-1.374061
1992-12-17,-2.274332
1992-12-18,-3.133949
1992-12-21,-2.975731
1992-12-22,-2.863291
1992-12-23,-2.542032
1992-12-24,-2.692058
1992-12-28,-2.526152
1992-12-29,-2.233034
1992-12-30,-2.410600
1992-12-31,-1.668114
1993-01-04,-1.575075
1993-01-05,-1.318033
1993-01-06,-1.344636
1993-01-07,-0.447153
1993-01-08,-0.042093
1993-01-11,-0.470831
1993-01-12,-0.474773
1993-01-13,-0.919982
1993-01-14,-1.578022
1993-01-15,-1.839349
1993-01-18,-1.744412
1993-01-19,-1.325245
1993-01-20,-0.898203
1993-01-21,-1.368512
1993-01-22,-1.486943
1993-01-25,-2.369830
1993-01-26,-2.333535
1993-01-27,-1.885576
1993-01-28,-1.997105
1993-01-29,-2.010979
1993-02-01,-2.723343
1993-02-02,-2.706590
1993-02-03,-3.236975
1993-02-04,-3.492607
1993-02-05,-3.323857
1993-02-08,-3.050704
1993-02-09,-2.447644
1993-02-10,-2.631315
1993-02-11,-2.937709
1993-02-12,-2.210909
1993-02-16,0.255232
1993-02-17,0.405455
1993-02-18,0.736398
1993-02-19,0.213836
1993-02-22,-0.008698
1993-02-23,0.103861
1993-02-24,-1.276876
1993-02-25,-1.598389
1993-02-26,-1.820511
1993-03-01,-1.488006
1993-03-02,-2.816656
1993-03-03,-3.105931
1993-03-04,-2.645909
1993-03-05,-2.344520
1993-03-08,-3.717976
1993-03-09,-3.621671
1993-03-10,-3.855087
1993-03-11,-3.234842
1993-03-12,-2.329044
1993-03-15,-2.670383
1993-03-16,-2.635383
1993-03-17,-1.917929
1993-03-18,-2.708436
1993-03-19,-2.296749
1993-03-22,-1.979355
1993-03-23,-1.930127
1993-03-24,-1.749871
1993-03-25,-2.360826
1993-03-26,-1.633135
1993-03-29,-2.286309
1993-03-30,-2.532682
1993-03-31,-2.437707
1993-04-01,-2.097277
1993-04-02,-0.052619
1993-04-05,-0.233212
1993-04-06,0.045688
1993-04-07,-0.286593
1993-04-08,-0.062035
1993-04-12,-1.513152
1993-04-13,-1.677546
1993-04-14,-1.526506
1993-04-15,-1.443087
1993-04-16,-1.543231
1993-04-19,-1.186767
1993-04-20,-0.634191
1993-04-21,-0.281079
1993-04-22,0.678930
1993-04-23,1.241631
1993-04-26,2.041398
1993-04-27,1.045124
1993-04-28,1.054927
1993-04-29,0.871332
1993-04-30,0.591194
1993-05-03,0.094606
1993-05-04,-0.246239
1993-05-05,-0.333893
1993-05-06,-0.030176
1993-05-07,0.202230
1993-05-10,0.110276
1993-05-11,-0.222016
1993-05-12,-0.304941
1993-05-13,0.961155
1993-05-14,0.895984
1993-05-17,0.722917
1993-05-18,0.743188
1993-05-19,-0.877167
1993-05-20,-1.540678
1993-05-21,-0.455177
1993-05-24,-0.924389
1993-05-25,-1.098197
1993-05-26,-2.111094
1993-05-27,-1.858211
1993-05-28,-1.338874
1993-06-01,-2.137704
1993-06-02,-2.122175
1993-06-03,-1.797376
1993-06-04,-1.231602
1993-06-07,-0.680993
1993-06-08,0.006835
1993-06-09,-0.212995
1993-06-10,-0.103111
1993-06-11,-0.505637
1993-06-14,-0.586474
1993-06-15,-0.244375
1993-06-16,-0.485168
1993-06-17,-0.715200
1993-06-18,0.391136
1993-06-21,-0.162470
1993-06-22,-0.080394
1993-06-23,0.551349
1993-06-24,-0.200505
1993-06-25,-0.404073
1993-06-28,-1.338226
1993-06-29,-1.062998
1993-06-30,-1.008903
1993-07-01,-0.653195
1993-07-02,0.074803
1993-07-06,1.073923
1993-07-07,0.772195
1993-07-08,-0.511172
1993-07-09,-0.374426
1993-07-12,-0.551378
1993-07-13,-0.332281
1993-07-14,-0.758181
1993-07-15,-0.546639
1993-07-16,0.246292
1993-07-19,0.200931
1993-07-20,-0.063994
1993-07-21,-0.011849
1993-07-22,0.606879
1993-07-23,0.052652
1993-07-26,-0.368096
1993-07-27,-0.151625
1993-07-28,0.106013
1993-07-29,-0.551433
1993-07-30,-0.057745
1993-08-02,-0.485175
1993-08-03,-0.266957
1993-08-04,-0.084621
1993-08-05,0.025728
1993-08-06,-0.077890
1993-08-09,-0.512131
1993-08-10,-0.208484
1993-08-11,-0.414967
1993-08-12,-0.063023
1993-08-13,-0.308686
1993-08-16,-0.789556
1993-08-17,-0.936649
1993-08-18,-1.565423
1993-08-19,-1.619996
1993-08-20,-1.537112
1993-08-23,-1.308652
1993-08-24,-1.928357
1993-08-25,-1.944648
1993-08-26,-2.022467
1993-08-27,-1.889351
1993-08-30,-2.074044
1993-08-31,-2.236968
1993-09-01,-2.121578
1993-09-02,-1.689078
1993-09-03,-1.675402
1993-09-07,-1.033635
1993-09-08,-0.604258
1993-09-09,-0.772798
1993-09-10,-1.682427
1993-09-13,-1.738134
1993-09-14,-1.245286
1993-09-15,-1.601938
1993-09-16,-1.107721
1993-09-17,-0.958963
1993-09-20,-0.112837
1993-09-21,0.361063
1993-09-22,-0.341888
1993-09-23,-0.668678
1993-09-24,-0.631860
1993-09-27,-1.533092
1993-09-28,-1.457640
1993-09-29,-1.129755
1993-09-30,-0.855246
1993-10-01,-1.354504
1993-10-04,-1.352733
1993-10-05,-1.310493
1993-10-06,-1.197902
1993-10-07,-0.844436
1993-10-08,-1.080375
1993-10-11,-1.193401
1993-10-12,-1.233456
1993-10-13,-1.301157
1993-10-14,-2.104335
1993-10-15,-2.382588
1993-10-18,-2.134343
1993-10-19,-1.627484
1993-10-20,-1.578698
1993-10-21,-1.403941
1993-10-22,-0.928853
1993-10-25,-1.112334
1993-10-26,-1.114980
1993-10-27,-1.164327
1993-10-28,-1.825288
1993-10-29,-1.829309
1993-11-01,-2.087051
1993-11-02,-1.924156
1993-11-03,-0.727923
1993-11-04,0.487512
1993-11-05,0.048356
1993-11-08,-0.079384
1993-11-09,-0.093929
1993-11-10,-0.816439
1993-11-11,-0.567998
1993-11-12,-1.150567
1993-11-15,-0.782022
1993-11-16,-1.417942
1993-11-17,-0.988529
1993-11-18,-0.721981
1993-11-19,-0.492632
1993-11-22,0.267522
1993-11-23,-0.136323
1993-11-24,-0.416060
1993-11-26,-0.559355
1993-11-29,-0.297649
1993-11-30,-0.258010
1993-12-01,-0.263571
1993-12-02,-0.510726
1993-12-03,-0.879638
1993-12-06,-1.196050
1993-12-07,-1.249454
1993-12-08,-1.133053
1993-12-09,-0.663063
1993-12-10,-0.597238
1993-12-13,-0.967615
1993-12-14,-0.386697
1993-12-15,-0.115146
1993-12-16,-0.431294
1993-12-17,-1.078741
1993-12-20,-0.957569
1993-12-21,-0.832210
1993-12-22,-1.263718
1993-12-23,-1.268968
1993-12-27,-1.831074
1993-12-28,-1.863988
1993-12-29,-1.775156
1993-12-30,-1.344039
1993-12-31,-0.862219
1994-01-03,-0.635218
1994-01-04,-0.938553
1994-01-05,-1.070602
1994-01-06,-0.966885
1994-01-07,-1.556968
1994-01-10,-2.242048
1994-01-11,-1.983431
1994-01-12,-1.979327
1994-01-13,-1.601847
1994-01-14,-2.112458
1994-01-17,-1.748076
1994-01-18,-1.934048
1994-01-19,-1.925872
1994-01-20,-2.053582
1994-01-21,-1.978955
1994-01-24,-1.374822
1994-01-25,-1.137025
1994-01-26,-1.612753
1994-01-27,-2.235825
1994-01-28,-2.399423
1994-01-31,-2.698255
1994-02-01,-2.254095
1994-02-02,-2.698900
1994-02-03,-2.400347
1994-02-04,-0.060055
1994-02-07,-0.453859
1994-02-08,-0.284119
1994-02-09,-0.630729
1994-02-10,0.203395
1994-02-11,-0.045854
1994-02-14,-0.040974
1994-02-15,-0.512182
1994-02-16,-0.553750
1994-02-17,-0.017564
1994-02-18,0.560033
1994-02-22,-0.225525
1994-02-23,-0.047156
1994-02-24,1.330262
1994-02-25,0.960384
1994-02-28,0.748244
1994-03-01,1.335121
1994-03-02,1.269967
1994-03-03,1.660743
1994-03-04,1.301073
1994-03-07,0.851826
1994-03-08,1.080371
1994-03-09,0.839853
1994-03-10,1.516463
1994-03-11,0.984944
1994-03-14,0.792747
1994-03-15,0.880654
1994-03-16,0.377753
1994-03-17,0.073867
1994-03-18,0.051550
1994-03-21,0.597721
1994-03-22,0.555837
1994-03-23,0.623511
1994-03-24,1.522545
1994-03-25,2.329275
1994-03-28,2.458900
1994-03-29,4.056779
1994-03-30,5.525229
1994-03-31,5.477131
1994-04-04,6.927177
1994-04-05,4.941361
1994-04-06,4.993371
1994-04-07,4.397348
1994-04-08,5.199095
1994-04-11,4.612957
1994-04-12,5.098383
1994-04-13,5.373832
1994-04-14,5.346215
1994-04-15,5.387140
1994-04-18,6.174215
1994-04-19,6.157824
1994-04-20,6.280367
1994-04-21,4.844801
1994-04-22,5.077810
1994-04-25,4.002555
1994-04-26,4.182680
1994-04-28,4.769530
1994-04-29,4.386619
1994-05-02,3.943069
1994-05-03,3.944666
1994-05-04,4.224759
1994-05-05,4.299070
1994-05-06,5.055593
1994-05-09,6.219195
1994-05-10,5.435228
1994-05-11,6.390086
1994-05-12,5.909101
1994-05-13,5.823226
1994-05-16,5.747118
1994-05-17,4.711916
1994-05-18,3.798219
1994-05-19,3.210868
1994-05-20,3.545263
1994-05-23,3.912349
1994-05-24,3.573181
1994-05-25,3.252483
1994-05-26,3.103374
1994-05-27,3.050622
1994-05-31,3.229974
1994-06-01,2.993247
1994-06-02,2.991434
1994-06-03,2.467948
1994-06-06,2.734222
1994-06-07,2.877341
1994-06-08,3.122075
1994-06-09,2.951486
1994-06-10,2.779007
1994-06-13,2.686821
1994-06-14,1.994689
1994-06-15,2.367050
1994-06-16,2.086373
1994-06-17,2.821488
1994-06-20,3.447939
1994-06-21,4.320245
1994-06-22,3.946378
1994-06-23,4.676185
1994-06-24,6.116551
1994-06-27,5.152769
1994-06-28,5.407328
1994-06-29,5.070073
1994-06-30,5.773601
1994-07-01,5.357325
1994-07-05,5.314737
1994-07-06,5.360968
1994-07-07,4.881261
1994-07-08,4.629549
1994-07-11,4.940547
1994-07-12,4.958783
1994-07-13,4.786394
1994-07-14,3.789041
1994-07-15,3.626717
1994-07-18,3.399797
1994-07-19,3.684437
1994-07-20,4.158860
1994-07-21,3.939940
1994-07-22,3.829752
1994-07-25,3.585152
1994-07-26,3.770348
1994-07-27,3.933598
1994-07-28,3.575432
1994-07-29,2.720331
1994-08-01,2.133398
1994-08-02,2.224078
1994-08-03,2.031322
1994-08-04,2.674639
1994-08-05,2.947932
1994-08-08,2.774034
1994-08-09,2.764775
1994-08-10,2.257291
1994-08-11,2.555884
1994-08-12,1.904632
1994-08-15,2.051865
1994-08-16,1.247586
1994-08-17,1.211449
1994-08-18,1.633310
1994-08-19,1.525363
1994-08-22,1.816827
1994-08-23,1.354443
1994-08-24,0.399438
1994-08-25,0.605457
1994-08-26,-0.603525
1994-08-29,-0.764582
1994-08-30,-1.072823
1994-08-31,-0.943102
1994-09-01,-0.447002
1994-09-02,0.019214
1994-09-06,-0.160886
1994-09-07,0.028441
1994-09-08,-0.420114
1994-09-09,0.636551
1994-09-12,1.056764
1994-09-13,0.783311
1994-09-14,0.513354
1994-09-15,-0.754789
1994-09-16,0.018530
1994-09-19,0.094959
1994-09-20,1.683360
1994-09-21,2.083807
1994-09-22,2.121144
1994-09-23,2.457070
1994-09-26,2.211217
1994-09-27,1.949186
1994-09-28,1.356652
1994-09-29,1.907952
1994-09-30,1.808686
1994-10-03,2.013660
1994-10-04,3.524661
1994-10-05,3.745160
1994-10-06,3.984466
1994-10-07,3.396334
1994-10-10,2.555483
1994-10-11,1.119993
1994-10-12,1.184925
1994-10-13,0.690871
1994-10-14,0.413020
1994-10-17,0.444132
1994-10-18,0.721330
1994-10-19,0.167015
1994-10-20,0.894763
1994-10-21,1.309618
1994-10-24,2.166586
1994-10-25,2.010499
1994-10-26,1.772799
1994-10-27,1.082406
1994-10-28,-0.598580
1994-10-31,-0.298492
1994-11-01,0.533304
1994-11-02,0.934624
1994-11-03,0.633801
1994-11-04,1.822470
1994-11-07,1.648323
1994-11-08,1.096883
1994-11-09,1.146949
1994-11-10,1.360883
1994-11-11,1.781930
1994-11-14,0.991082
1994-11-15,1.196542
1994-11-16,1.063479
1994-11-17,1.488962
1994-11-18,1.924717
1994-11-21,2.592189
1994-11-22,4.325604
1994-11-23,4.348358
1994-11-25,3.835658
1994-11-28,3.430112
1994-11-29,3.207246
1994-11-30,3.513069
1994-12-01,4.514934
1994-12-02,3.572823
1994-12-05,3.559398
1994-12-06,3.596228
1994-12-07,3.985358
1994-12-08,5.201877
1994-12-09,4.871330
1994-12-12,4.328230
1994-12-13,4.174382
1994-12-14,3.143191
1994-12-15,3.059286
1994-12-16,2.320361
1994-12-19,2.506113
1994-12-20,2.673225
1994-12-21,2.135358
1994-12-22,2.116406
1994-12-23,2.082235
1994-12-27,1.517871
1994-12-28,1.857131
1994-12-29,1.787896
1994-12-30,2.186968
1995-01-03,2.214585
1995-01-04,1.868109
1995-01-05,1.942411
1995-01-06,1.865520
1995-01-09,1.829325
1995-01-10,1.646775
1995-01-11,1.651629
1995-01-12,1.656792
1995-01-13,0.741882
1995-01-16,0.028858
1995-01-17,-0.100220
1995-01-18,-0.010569
1995-01-19,0.587471
1995-01-20,1.058726
1995-01-23,0.845620
1995-01-24,0.847516
1995-01-25,0.521003
1995-01-26,0.345284
1995-01-27,-0.081701
1995-01-30,0.330617
1995-01-31,-0.062166
1995-02-01,-0.042305
1995-02-02,-0.665247
1995-02-03,-2.106386
1995-02-06,-2.358980
1995-02-07,-2.269885
1995-02-08,-2.329306
1995-02-09,-2.100570
1995-02-10,-2.324139
1995-02-13,-2.327307
1995-02-14,-2.408270
1995-02-15,-2.606397
1995-02-16,-2.661071
1995-02-17,-1.956087
1995-02-21,-2.094920
1995-02-22,-2.567565
1995-02-23,-2.759090
1995-02-24,-2.862411
1995-02-27,-1.933526
1995-02-28,-2.663105
1995-03-01,-2.273197
1995-03-02,-2.143407
1995-03-03,-2.186471
1995-03-06,-2.214148
1995-03-07,-1.460067
1995-03-08,-1.657856
1995-03-09,-1.646097
1995-03-10,-2.826112
1995-03-13,-2.859087
1995-03-14,-3.145041
1995-03-15,-2.913456
1995-03-16,-3.374651
1995-03-17,-3.364727
1995-03-20,-3.410787
1995-03-21,-3.167009
1995-03-22,-3.270551
1995-03-23,-3.306580
1995-03-24,-3.840532
1995-03-27,-4.054328
1995-03-28,-4.103484
1995-03-29,-3.918715
1995-03-30,-3.708763
1995-03-31,-3.374609
1995-04-03,-3.584940
1995-04-04,-4.122826
1995-04-05,-4.126735
1995-04-06,-4.150613
1995-04-07,-4.154089
1995-04-10,-4.179979
1995-04-11,-3.842279
1995-04-12,-4.128060
1995-04-13,-4.312208
1995-04-17,-3.641601
1995-04-18,-3.452023
1995-04-19,-3.326387
1995-04-20,-3.368250
1995-04-21,-3.988306
1995-04-24,-4.492067
1995-04-25,-4.294117
1995-04-26,-4.370795
1995-04-27,-4.450204
1995-04-28,-4.537753
1995-05-01,-4.411677
1995-05-02,-4.484516
1995-05-03,-5.040442
1995-05-04,-5.006685
1995-05-05,-4.882782
1995-05-08,-5.287255
1995-05-09,-5.166498
1995-05-10,-5.247663
1995-05-11,-5.206953
1995-05-12,-5.289676
1995-05-15,-5.479519
1995-05-16,-5.487639
1995-05-17,-5.225299
1995-05-18,-3.696717
1995-05-19,-3.584161
1995-05-22,-4.435695
1995-05-23,-5.342057
1995-05-24,-5.303216
1995-05-25,-5.259759
1995-05-26,-4.238996
1995-05-30,-4.189856
1995-05-31,-5.648979
1995-06-01,-5.618628
1995-06-02,-5.385667
1995-06-05,-5.757356
1995-06-06,-5.705804
1995-06-07,-5.187331
1995-06-08,-4.994435
1995-06-09,-4.091127
1995-06-12,-4.634886
1995-06-13,-5.575973
1995-06-14,-5.583855
1995-06-15,-5.616025
1995-06-16,-5.859420
1995-06-19,-6.375121
1995-06-20,-6.285219
1995-06-21,-6.048345
1995-06-22,-6.847055
1995-06-23,-6.538611
1995-06-26,-5.413281
1995-06-27,-5.040117
1995-06-28,-5.440987
1995-06-29,-5.231382
1995-06-30,-5.361453
1995-07-03,-5.770298
1995-07-05,-5.759177
1995-07-06,-6.742102
1995-07-07,-6.930529
1995-07-10,-6.958532
1995-07-11,-6.440827
1995-07-12,-7.222592
1995-07-13,-7.176094
1995-07-14,-6.908812
1995-07-17,-7.237327
1995-07-18,-6.370242
1995-07-19,-4.894787
1995-07-20,-5.325757
1995-07-21,-5.284035
1995-07-24,-5.796941
1995-07-25,-6.585672
1995-07-26,-6.623730
1995-07-27,-7.029693
1995-07-28,-6.540265
1995-07-31,-6.321826
1995-08-01,-5.812712
1995-08-02,-5.603113
1995-08-03,-5.542285
1995-08-04,-5.528238
1995-08-07,-5.681546
1995-08-08,-5.695749
1995-08-09,-5.512039
1995-08-10,-5.032527
1995-08-11,-4.540379
1995-08-14,-5.359959
1995-08-15,-5.092624
1995-08-16,-5.307309
1995-08-17,-5.082207
1995-08-18,-5.062888
1995-08-21,-4.806505
1995-08-22,-5.017666
1995-08-23,-4.519398
1995-08-24,-4.529175
1995-08-25,-4.972203
1995-08-28,-4.723635
1995-08-29,-4.848199
1995-08-30,-4.968579
1995-08-31,-5.095299
1995-09-01,-5.408138
1995-09-05,-5.996896
1995-09-06,-6.035354
1995-09-07,-5.985528
1995-09-08,-6.152579
1995-09-11,-6.204856
1995-09-12,-6.390885
1995-09-13,-6.543028
1995-09-14,-6.944415
1995-09-15,-6.824851
1995-09-18,-6.644668
1995-09-19,-6.783462
1995-09-20,-6.959381
1995-09-21,-6.200895
1995-09-22,-5.898278
1995-09-25,-5.838561
1995-09-26,-5.692789
1995-09-27,-5.554319
1995-09-28,-6.357886
1995-09-29,-6.022733
1995-10-02,-5.466755
1995-10-03,-5.512825
1995-10-04,-5.289081
1995-10-05,-5.432004
1995-10-06,-5.341127
1995-10-09,-4.533329
1995-10-10,-4.317754
1995-10-11,-4.606525
1995-10-12,-5.198949
1995-10-13,-5.386275
1995-10-16,-5.056070
1995-10-17,-5.663433
1995-10-18,-5.659127
1995-10-19,-5.894261
1995-10-20,-5.255727
1995-10-23,-4.760857
1995-10-24,-4.960666
1995-10-25,-4.169844
1995-10-26,-3.082689
1995-10-27,-3.557039
1995-10-30,-4.132601
1995-10-31,-3.763093
1995-11-01,-4.189663
1995-11-02,-5.107057
1995-11-03,-5.193582
1995-11-06,-4.754769
1995-11-07,-4.312320
1995-11-08,-5.117650
1995-11-09,-5.197791
1995-11-10,-5.039335
1995-11-13,-4.901652
1995-11-14,-4.308256
1995-11-15,-5.012858
1995-11-16,-5.262166
1995-11-17,-5.452437
1995-11-20,-4.827657
1995-11-21,-5.347878
1995-11-22,-4.965375
1995-11-24,-5.179855
1995-11-27,-5.265615
1995-11-28,-5.673242
1995-11-29,-5.718502
1995-11-30,-5.262123
1995-12-01,-5.480133
1995-12-04,-6.079870
1995-12-05,-6.375873
1995-12-06,-6.534333
1995-12-07,-5.779389
1995-12-08,-5.938132
1995-12-11,-6.218681
1995-12-12,-6.024811
1995-12-13,-6.332155
1995-12-14,-5.449630
1995-12-15,-5.284484
1995-12-18,-3.596523
1995-12-19,-4.405933
1995-12-20,-3.323474
1995-12-21,-4.036307
1995-12-22,-4.224537
1995-12-26,-4.563170
1995-12-27,-4.542127
1995-12-28,-4.412049
1995-12-29,-4.660262
1996-01-02,-5.413705
1996-01-03,-5.451817
1996-01-04,-4.777089
1996-01-05,-4.549835
1996-01-08,-4.786421
1996-01-09,-3.207520
1996-01-10,-1.304749
1996-01-11,-1.970424
1996-01-12,-1.774777
1996-01-15,-1.392233
1996-01-16,-2.797919
1996-01-17,-2.398561
1996-01-18,-2.665386
1996-01-19,-3.220633
1996-01-22,-3.434249
1996-01-23,-3.280722
1996-01-24,-4.434858
1996-01-25,-3.888029
1996-01-26,-4.605866
1996-01-29,-4.784568
1996-01-30,-5.244887
1996-01-31,-5.695712
1996-02-01,-5.844077
1996-02-02,-5.346300
1996-02-05,-5.974847
1996-02-06,-6.336849
1996-02-07,-6.582660
1996-02-08,-7.045984
1996-02-09,-7.001282
1996-02-12,-7.369340
1996-02-13,-7.144179
1996-02-14,-6.275325
1996-02-15,-5.521024
1996-02-16,-4.918298
1996-02-20,-3.673979
1996-02-21,-4.819811
1996-02-22,-6.493998
1996-02-23,-6.463904
1996-02-26,-5.010968
1996-02-27,-4.433134
1996-02-28,-3.975940
1996-02-29,-3.226561
1996-03-01,-3.806306
1996-03-04,-4.781401
1996-03-05,-5.517913
1996-03-06,-4.847261
1996-03-07,-5.053299
1996-03-08,-1.766719
1996-03-11,-2.762569
1996-03-12,-2.239996
1996-03-13,-2.421440
1996-03-14,-2.744073
1996-03-15,-2.784193
1996-03-18,-4.525987
1996-03-19,-4.318185
1996-03-20,-3.991423
1996-03-21,-3.811414
1996-03-22,-3.985431
1996-03-25,-3.836472
1996-03-26,-4.248115
1996-03-27,-3.548226
1996-03-28,-3.501590
1996-03-29,-2.903730
1996-04-01,-4.163458
1996-04-02,-4.356726
1996-04-03,-4.404595
1996-04-04,-4.350183
1996-04-08,-2.459561
1996-04-09,-2.092208
1996-04-10,-0.671379
1996-04-11,-0.263839
1996-04-12,-1.101725
1996-04-15,-1.975692
1996-04-16,-2.329434
1996-04-17,-1.749802
1996-04-18,-2.024293
1996-04-19,-2.215360
1996-04-22,-2.621524
1996-04-23,-3.163862
1996-04-24,-2.898191
1996-04-25,-3.284493
1996-04-26,-3.336635
1996-04-29,-3.405337
1996-04-30,-3.366250
1996-05-01,-3.388334
1996-05-02,-1.579047
1996-05-03,-1.264503
1996-05-06,-1.097332
1996-05-07,-0.659875
1996-05-08,-1.650214
1996-05-09,-1.719427
1996-05-10,-2.729384
1996-05-13,-4.165103
1996-05-14,-4.453828
1996-05-15,-4.378510
1996-05-16,-4.242029
1996-05-17,-4.580845
1996-05-20,-4.875679
1996-05-21,-4.764561
1996-05-22,-5.201447
1996-05-23,-4.774187
1996-05-24,-5.102355
1996-05-28,-4.077692
1996-05-29,-3.364422
1996-05-30,-3.897957
1996-05-31,-3.451020
1996-06-03,-3.180933
1996-06-04,-3.885291
1996-06-05,-4.740322
1996-06-06,-3.855410
1996-06-07,-3.847822
1996-06-10,-3.620479
1996-06-11,-3.388900
1996-06-12,-3.043987
1996-06-13,-2.825018
1996-06-14,-2.461379
1996-06-17,-2.311062
1996-06-18,-1.792528
1996-06-19,-1.737816
1996-06-20,-1.720399
1996-06-21,-2.407513
1996-06-24,-2.675171
1996-06-25,-2.578126
1996-06-26,-1.913405
1996-06-27,-2.513418
1996-06-28,-2.795367
1996-07-01,-3.560509
1996-07-02,-3.174012
1996-07-03,-2.951254
1996-07-05,-0.631435
1996-07-08,0.147164
1996-07-09,-0.160946
1996-07-10,-0.330741
1996-07-11,1.284233
1996-07-12,1.231120
1996-07-15,3.753632
1996-07-16,3.989454
1996-07-17,3.139293
1996-07-18,1.714220
1996-07-19,2.474703
1996-07-22,3.252238
1996-07-23,4.322898
1996-07-24,4.375315
1996-07-25,3.706659
1996-07-26,3.007345
1996-07-29,3.787209
1996-07-30,3.143854
1996-07-31,2.451379
1996-08-01,0.941865
1996-08-02,-0.927686
1996-08-05,-0.554978
1996-08-06,-0.851783
1996-08-07,-1.090387
1996-08-08,-0.820383
1996-08-09,-0.713372
1996-08-12,-1.235194
1996-08-13,-0.355616
1996-08-14,-0.604848
1996-08-15,-0.607052
1996-08-16,-1.019207
1996-08-19,-1.195968
1996-08-20,-1.030349
1996-08-21,-0.905212
1996-08-22,-1.721940
1996-08-23,-1.137818
1996-08-26,-0.631739
1996-08-27,-0.983955
1996-08-28,-0.713813
1996-08-29,0.435833
1996-08-30,1.278057
1996-09-03,0.887379
1996-09-04,0.774616
1996-09-05,1.729020
1996-09-06,0.806702
1996-09-09,-0.389562
1996-09-10,-0.371648
1996-09-11,-0.869903
1996-09-12,-1.428862
1996-09-13,-2.668616
1996-09-16,-2.902661
1996-09-17,-2.715183
1996-09-18,-2.466499
1996-09-19,-2.669939
1996-09-20,-3.025405
1996-09-23,-2.914185
1996-09-24,-2.755979
1996-09-25,-2.761938
1996-09-26,-2.739123
1996-09-27,-2.762317
1996-09-30,-2.882547
1996-10-01,-2.987536
1996-10-02,-3.330873
1996-10-03,-3.114687
1996-10-04,-3.830409
1996-10-07,-3.936250
1996-10-08,-3.500737
1996-10-09,-2.890902
1996-10-10,-2.543749
1996-10-11,-3.401398
1996-10-14,-3.776170
1996-10-15,-3.599521
1996-10-16,-3.774878
1996-10-17,-3.935072
1996-10-18,-4.188353
1996-10-21,-4.008496
1996-10-22,-3.488114
1996-10-23,-3.546090
1996-10-24,-2.776563
1996-10-25,-2.535973
1996-10-28,-1.961406
1996-10-29,-2.543855
1996-10-30,-2.418074
1996-10-31,-3.017362
1996-11-01,-2.761180
1996-11-04,-3.155635
1996-11-05,-3.962326
1996-11-06,-4.708704
1996-11-07,-4.893894
1996-11-08,-5.087656
1996-11-11,-5.122074
1996-11-12,-4.749167
1996-11-13,-4.935228
1996-11-14,-5.302496
1996-11-15,-5.390891
1996-11-18,-5.265466
1996-11-19,-5.651819
1996-11-20,-5.746745
1996-11-21,-5.540046
1996-11-22,-6.029755
1996-11-25,-6.610382
1996-11-26,-6.419375
1996-11-27,-6.242345
1996-11-29,-6.482019
1996-12-02,-6.371619
1996-12-03,-5.162737
1996-12-04,-4.675738
1996-12-05,-4.539341
1996-12-06,-3.835107
1996-12-09,-5.220389
1996-12-10,-4.867481
1996-12-11,-3.872999
1996-12-12,-2.234521
1996-12-13,-2.108280
1996-12-16,-1.007082
1996-12-17,-1.688020
1996-12-18,-2.426488
1996-12-19,-4.379947
1996-12-20,-4.768070
1996-12-23,-4.451743
1996-12-24,-4.979944
1996-12-26,-5.601347
1996-12-27,-5.689298
1996-12-30,-5.232834
1996-12-31,-3.367488
1997-01-02,-2.813036
1997-01-03,-4.310787
1997-01-06,-4.218166
1997-01-07,-4.954432
1997-01-08,-4.243298
1997-01-09,-5.099082
1997-01-10,-5.538428
1997-01-13,-5.494291
1997-01-14,-6.126866
1997-01-15,-5.851384
1997-01-16,-6.098483
1997-01-17,-6.516818
1997-01-20,-6.505692
1997-01-21,-6.886340
1997-01-22,-7.081684
1997-01-23,-5.841882
1997-01-24,-4.827179
1997-01-27,-4.027439
1997-01-28,-3.978367
1997-01-29,-4.943547
1997-01-30,-6.470602
1997-01-31,-6.682466
1997-02-03,-6.670133
1997-02-04,-6.794542
1997-02-05,-5.257830
1997-02-06,-5.458372
1997-02-07,-6.655756
1997-02-10,-6.044545
1997-02-11,-6.549406
1997-02-12,-7.432218
1997-02-13,-8.014414
1997-02-14,-7.501931
1997-02-18,-8.192557
1997-02-19,-7.618096
1997-02-20,-6.267721
1997-02-21,-6.067787
1997-02-24,-7.126267
1997-02-25,-7.292317
1997-02-26,-6.395006
1997-02-27,-4.942336
1997-02-28,-4.331793
1997-03-03,-4.872372
1997-03-04,-4.249363
1997-03-05,-5.653079
1997-03-06,-5.151350
1997-03-07,-5.944915
1997-03-10,-7.031934
1997-03-11,-6.674864
1997-03-12,-5.691663
1997-03-13,-3.712630
1997-03-14,-4.139512
1997-03-17,-4.423634
1997-03-18,-3.582534
1997-03-19,-3.028819
1997-03-20,-2.579949
1997-03-21,-2.727574
1997-03-24,-3.571942
1997-03-25,-3.288817
1997-03-26,-3.430207
1997-03-27,-1.216361
1997-03-31,1.008330
1997-04-01,0.713230
1997-04-02,1.989544
1997-04-03,1.993987
1997-04-04,1.038857
1997-04-07,0.523144
1997-04-08,0.038825
1997-04-09,0.792481
1997-04-10,1.119847
1997-04-11,3.843440
1997-04-14,3.077571
1997-04-15,1.675619
1997-04-16,0.559718
1997-04-17,0.820878
1997-04-18,0.260078
1997-04-21,1.074210
1997-04-22,-0.733659
1997-04-23,-0.564029
1997-04-24,-0.202345
1997-04-25,0.595750
1997-04-28,-0.343917
1997-04-29,-3.020523
1997-04-30,-3.901399
1997-05-01,-3.475671
1997-05-02,-5.282608
1997-05-05,-6.594083
1997-05-06,-6.194775
1997-05-07,-4.566066
1997-05-08,-5.087633
1997-05-09,-5.593201
1997-05-12,-6.720750
1997-05-13,-6.066474
1997-05-14,-6.360294
1997-05-15,-6.773946
1997-05-16,-5.167782
1997-05-19,-5.549446
1997-05-20,-6.543158
1997-05-21,-6.183752
1997-05-22,-5.652457
1997-05-23,-6.713983
1997-05-27,-6.822047
1997-05-28,-6.439100
1997-05-29,-5.976707
1997-05-30,-6.433817
1997-06-02,-6.123833
1997-06-03,-5.946079
1997-06-04,-5.208844
1997-06-05,-5.558621
1997-06-06,-6.822269
1997-06-09,-7.074114
1997-06-10,-7.155269
1997-06-11,-7.361368
1997-06-12,-8.194301
1997-06-13,-8.752079
1997-06-16,-8.702204
1997-06-17,-8.642988
1997-06-18,-7.902499
1997-06-19,-8.693602
1997-06-20,-8.644467
1997-06-23,-6.133692
1997-06-24,-8.185820
1997-06-25,-7.214077
1997-06-26,-6.493084
1997-06-27,-6.848726
1997-06-30,-6.512715
1997-07-01,-7.144365
1997-07-02,-8.327724
1997-07-03,-9.069646
1997-07-07,-8.421553
1997-07-08,-9.012312
1997-07-09,-7.599559
1997-07-10,-8.253742
1997-07-11,-8.510620
1997-07-14,-8.624651
1997-07-15,-9.025752
1997-07-16,-9.621511
1997-07-17,-8.947212
1997-07-18,-6.958127
1997-07-21,-6.601491
1997-07-22,-8.971157
1997-07-23,-9.184817
1997-07-24,-9.332909
1997-07-25,-9.066995
1997-07-28,-8.705382
1997-07-29,-9.187515
1997-07-30,-9.722325
1997-07-31,-9.754671
1997-08-01,-8.840055
1997-08-04,-9.112940
1997-08-05,-9.261104
1997-08-06,-9.764979
1997-08-07,-8.631433
1997-08-08,-6.534248
1997-08-11,-6.844542
1997-08-12,-5.570525
1997-08-13,-4.977415
1997-08-14,-5.211796
1997-08-15,-2.417365
1997-08-18,-3.673593
1997-08-19,-5.131828
1997-08-20,-6.563904
1997-08-21,-4.868246
1997-08-22,-4.628107
1997-08-25,-4.178864
1997-08-26,-3.308352
1997-08-27,-3.323371
1997-08-28,-2.130637
1997-08-29,-1.599766
1997-09-02,-4.709092
1997-09-03,-4.675481
1997-09-04,-4.948539
1997-09-05,-4.679495
1997-09-08,-4.857768
1997-09-09,-5.065036
1997-09-10,-3.365983
1997-09-11,-2.589904
1997-09-12,-3.805991
1997-09-15,-3.285815
1997-09-16,-6.126263
1997-09-17,-5.766421
1997-09-18,-6.179585
1997-09-19,-6.470259
1997-09-22,-6.948991
1997-09-23,-6.484845
1997-09-24,-5.585790
1997-09-25,-4.787691
1997-09-26,-5.535688
1997-09-29,-6.366576
1997-09-30,-5.617202
1997-10-01,-6.444657
1997-10-02,-6.920818
1997-10-03,-7.112625
1997-10-06,-7.488751
1997-10-07,-8.024859
1997-10-08,-6.928302
1997-10-09,-6.500788
1997-10-10,-6.030722
1997-10-13,-6.082907
1997-10-14,-6.249478
1997-10-15,-5.675508
1997-10-16,-4.458394
1997-10-17,-3.182393
1997-10-20,-4.365949
1997-10-21,-6.114117
1997-10-22,-5.628168
1997-10-23,-3.623810
1997-10-24,-2.579461
1997-10-27,4.498050
1997-10-28,-0.339622
1997-10-29,0.000099
1997-10-30,1.724836
1997-10-31,0.577516
1997-11-03,-2.020648
1997-11-04,-2.163350
1997-11-05,-2.331392
1997-11-06,-1.767935
1997-11-07,-0.578286
1997-11-10,0.161189
1997-11-11,-0.077546
1997-11-12,1.892893
1997-11-13,0.774216
1997-11-14,-0.447754
1997-11-17,-2.329564
1997-11-18,-1.421788
1997-11-19,-2.057880
1997-11-20,-3.556612
1997-11-21,-3.945952
1997-11-24,-2.124071
1997-11-25,-2.521970
1997-11-26,-2.564451
1997-11-28,-2.925288
1997-12-01,-4.959641
1997-12-02,-4.578217
1997-12-03,-5.074375
1997-12-04,-4.626323
1997-12-05,-5.684194
1997-12-08,-5.477543
1997-12-09,-4.718931
1997-12-10,-4.025342
1997-12-11,-2.383856
1997-12-12,-2.168432
1997-12-15,-3.188716
1997-12-16,-3.632516
1997-12-17,-3.314998
1997-12-18,-2.172080
1997-12-19,-1.218581
1997-12-22,-1.916405
1997-12-23,-0.321729
1997-12-24,0.402690
1997-12-26,0.044226
1997-12-29,-1.710873
1997-12-30,-3.523840
1997-12-31,-3.425533
1998-01-02,-3.859547
1998-01-05,-4.016923
1998-01-06,-2.845642
1998-01-07,-2.519627
1998-01-08,-1.624986
1998-01-09,1.428721
1998-01-12,0.252334
1998-01-13,-1.061874
1998-01-14,-1.621563
1998-01-15,-0.798520
1998-01-16,-1.879645
1998-01-20,-3.624891
1998-01-21,-2.738640
1998-01-22,-1.859044
1998-01-23,-1.225727
1998-01-26,-1.100881
1998-01-27,-2.308761
1998-01-28,-3.131443
1998-01-29,-3.824356
1998-01-30,-3.212164
1998-02-02,-4.550278
1998-02-03,-4.736503
1998-02-04,-4.712084
1998-02-05,-4.294911
1998-02-06,-4.874728
1998-02-09,-4.625524
1998-02-10,-5.082492
1998-02-11,-5.063014
1998-02-12,-5.217378
1998-02-13,-4.736503
1998-02-17,-4.944212
1998-02-18,-5.447535
1998-02-19,-5.000598
1998-02-20,-5.441503
1998-02-23,-5.585877
1998-02-24,-4.752880
1998-02-25,-5.712944
1998-02-26,-5.958107
1998-02-27,-5.929328
1998-03-02,-5.700845
1998-03-03,-5.946397
1998-03-04,-5.409700
1998-03-05,-4.114909
1998-03-06,-5.953093
1998-03-09,-5.550993
1998-03-10,-6.275089
1998-03-11,-6.432153
1998-03-12,-6.443094
1998-03-13,-6.246993
1998-03-16,-6.799533
1998-03-17,-6.792238
1998-03-18,-6.987100
1998-03-19,-7.135373
1998-03-20,-7.551102
1998-03-23,-7.122248
1998-03-24,-7.739824
1998-03-25,-7.305592
1998-03-26,-7.125107
1998-03-27,-6.536419
1998-03-30,-6.295325
1998-03-31,-7.025505
1998-04-01,-7.470228
1998-04-02,-8.017427
1998-04-03,-8.086468
1998-04-06,-7.892413
1998-04-07,-6.691794
1998-04-08,-5.866745
1998-04-09,-6.670333
1998-04-13,-6.511305
1998-04-14,-7.024514
1998-04-15,-7.298455
1998-04-16,-6.164589
1998-04-17,-7.489320
1998-04-20,-7.472312
1998-04-21,-7.565022
1998-04-22,-7.698386
1998-04-23,-6.595793
1998-04-24,-5.426099
1998-04-27,-3.344865
1998-04-28,-3.161560
1998-04-29,-4.015853
1998-04-30,-5.590319
1998-05-01,-6.415660
1998-05-04,-6.462343
1998-05-05,-5.781742
1998-05-06,-4.724192
1998-05-07,-3.752174
1998-05-08,-4.935307
1998-05-11,-4.746418
1998-05-12,-5.562319
1998-05-13,-5.801003
1998-05-14,-5.610587
1998-05-15,-4.750124
1998-05-18,-4.432916
1998-05-19,-4.736961
1998-05-20,-5.590028
1998-05-21,-5.127555
1998-05-22,-4.692455
1998-05-26,-3.102477
1998-05-27,-2.890457
1998-05-28,-3.352332
1998-05-29,-2.669259
1998-06-01,-2.638472
1998-06-02,-2.803480
1998-06-03,-1.768203
1998-06-04,-2.856111
1998-06-05,-4.592249
1998-06-08,-4.718390
1998-06-09,-4.917655
1998-06-10,-4.291038
1998-06-11,-2.584613
1998-06-12,-2.933891
1998-06-15,-0.845996
1998-06-16,-1.787865
1998-06-17,-3.558790
1998-06-18,-3.441512
1998-06-19,-2.860588
1998-06-22,-3.053790
1998-06-23,-4.523022
1998-06-24,-5.614596
1998-06-25,-5.225784
1998-06-26,-5.518604
1998-06-29,-5.716114
1998-06-30,-5.227381
1998-07-01,-6.088506
1998-07-02,-5.836002
1998-07-06,-6.402437
1998-07-07,-6.100158
1998-07-08,-6.726484
1998-07-09,-5.955330
1998-07-10,-6.424692
1998-07-13,-6.442779
1998-07-14,-7.028251
1998-07-15,-6.713312
1998-07-16,-7.211163
1998-07-17,-7.278249
1998-07-20,-6.975685
1998-07-21,-5.201092
1998-07-22,-5.058000
1998-07-23,-2.818175
1998-07-24,-2.871351
1998-07-27,-3.408893
1998-07-28,-1.832356
1998-07-29,-1.338228
1998-07-30,-2.890050
1998-07-31,-0.845754
1998-08-03,-0.067800
1998-08-04,3.587757
1998-08-05,2.784422
1998-08-06,2.080578
1998-08-07,2.125827
1998-08-10,2.720947
1998-08-11,4.021420
1998-08-12,2.688175
1998-08-13,3.571968
1998-08-14,4.696692
1998-08-17,2.860930
1998-08-18,1.338611
1998-08-19,1.665264
1998-08-20,2.281220
1998-08-21,3.242719
1998-08-24,2.660706
1998-08-25,2.277240
1998-08-26,3.089579
1998-08-27,6.836256
1998-08-28,8.240499
1998-08-31,14.492381
1998-09-01,11.206376
1998-09-02,11.557647
1998-09-03,12.299504
1998-09-04,13.054535
1998-09-08,8.647033
1998-09-09,10.198194
1998-09-10,12.523268
1998-09-11,9.960744
1998-09-14,8.135254
1998-09-15,7.444891
1998-09-16,6.770033
1998-09-17,9.152901
1998-09-18,9.055039
1998-09-21,8.726920
1998-09-22,8.228098
1998-09-23,4.997761
1998-09-24,7.094212
1998-09-25,6.929227
1998-09-28,6.596474
1998-09-29,6.588806
1998-09-30,9.453411
1998-10-01,12.184565
1998-10-02,10.749058
1998-10-05,12.003892
1998-10-06,12.363615
1998-10-07,13.606816
1998-10-08,14.608416
1998-10-09,12.397613
1998-10-12,11.226483
1998-10-13,11.498142
1998-10-14,10.555055
1998-10-15,6.840184
1998-10-16,6.065871
1998-10-19,5.555341
1998-10-20,5.438638
1998-10-21,4.930402
1998-10-22,4.196735
1998-10-23,4.917255
1998-10-26,4.804496
1998-10-27,5.453363
1998-10-28,5.236208
1998-10-29,3.683540
1998-10-30,2.588784
1998-11-02,1.478477
1998-11-03,1.577578
1998-11-04,0.919514
1998-11-05,-0.383239
1998-11-06,-0.972117
1998-11-09,0.026558
1998-11-10,0.236685
1998-11-11,0.915735
1998-11-12,1.237262
1998-11-13,0.562673
1998-11-16,-0.301288
1998-11-17,-0.573570
1998-11-18,-0.995568
1998-11-19,-1.676494
1998-11-20,-2.604256
1998-11-23,-4.672626
1998-11-24,-4.171745
1998-11-25,-4.471578
1998-11-27,-4.736513
1998-11-30,-2.180278
1998-12-01,-3.165585
1998-12-02,-2.777593
1998-12-03,-0.895781
1998-12-04,-3.194115
1998-12-07,-4.118077
1998-12-08,-3.526814
1998-12-09,-3.676993
1998-12-10,-2.030718
1998-12-11,-2.128379
1998-12-14,0.105435
1998-12-15,-1.761160
1998-12-16,-1.655625
1998-12-17,-3.198446
1998-12-18,-3.869923
1998-12-21,-4.686575
1998-12-22,-4.685125
1998-12-23,-5.779093
1998-12-24,-5.544146
1998-12-28,-5.437462
1998-12-29,-6.260059
1998-12-30,-5.376364
1998-12-31,-5.109220
1999-01-04,-4.977834
1999-01-05,-6.247026
1999-01-06,-7.446467
1999-01-07,-7.183620
1999-01-08,-7.483103
1999-01-11,-6.496306
1999-01-12,-4.406640
1999-01-13,-3.941012
1999-01-14,-2.043756
1999-01-15,-4.625329
1999-01-19,-5.327478
1999-01-20,-5.682218
1999-01-21,-3.849125
1999-01-22,-2.982362
1999-01-25,-3.688387
1999-01-26,-5.193019
1999-01-27,-4.392001
1999-01-28,-6.218280
1999-01-29,-7.196704
1999-02-01,-6.598574
1999-02-02,-5.641576
1999-02-03,-6.447780
1999-02-04,-4.444344
1999-02-05,-3.657105
1999-02-08,-3.991934
1999-02-09,-1.655684
1999-02-10,-2.241881
1999-02-11,-4.747779
1999-02-12,-2.717692
1999-02-16,-3.666122
1999-02-17,-2.152063
1999-02-18,-3.229785
1999-02-19,-3.361487
1999-02-22,-6.065517
1999-02-23,-5.941593
1999-02-24,-4.424961
1999-02-25,-3.692268
1999-02-26,-3.105437
1999-03-01,-2.896467
1999-03-02,-1.983303
1999-03-03,-2.137930
1999-03-04,-3.679487
1999-03-05,-6.036070
1999-03-08,-6.478165
1999-03-09,-6.197309
1999-03-10,-6.574043
1999-03-11,-6.999576
1999-03-12,-6.694286
1999-03-15,-7.316639
1999-03-16,-7.190313
1999-03-17,-6.436488
1999-03-18,-7.560993
1999-03-19,-6.097130
1999-03-22,-5.860961
1999-03-23,-2.979278
1999-03-24,-3.468674
1999-03-25,-5.172089
1999-03-26,-4.544439
1999-03-29,-6.721568
1999-03-30,-5.904642
1999-03-31,-4.683075
1999-04-01,-5.231020
1999-04-05,-7.233065
1999-04-06,-6.918624
1999-04-07,-7.374224
1999-04-08,-8.052751
1999-04-09,-8.183993
1999-04-12,-8.570540
1999-04-13,-7.811240
1999-04-14,-6.055531
1999-04-15,-5.564132
1999-04-16,-5.211783
1999-04-19,-2.823556
1999-04-20,-4.115982
1999-04-21,-6.459370
1999-04-22,-8.210112
1999-04-23,-8.005844
1999-04-26,-8.164717
1999-04-27,-8.233326
1999-04-28,-7.243249
1999-04-29,-6.561380
1999-04-30,-5.915362
1999-05-03,-7.416270
1999-05-04,-5.586709
1999-05-05,-6.760486
1999-05-06,-5.511044
1999-05-07,-6.492842
1999-05-10,-6.072233
1999-05-11,-7.231442
1999-05-12,-7.797955
1999-05-13,-7.890592
1999-05-14,-5.491826
1999-05-17,-5.578034
1999-05-18,-5.041128
1999-05-19,-5.845152
1999-05-20,-5.356497
1999-05-21,-4.625763
1999-05-24,-2.716319
1999-05-25,-0.923001
1999-05-26,-2.471811
1999-05-27,-0.590057
1999-05-28,-2.144014
1999-06-01,-1.499487
1999-06-02,-1.490020
1999-06-03,-1.811746
1999-06-04,-3.969375
1999-06-07,-4.444568
1999-06-08,-3.047544
1999-06-09,-3.095738
1999-06-10,-1.810462
1999-06-11,-1.048204
1999-06-14,-1.029493
1999-06-15,-1.530595
1999-06-16,-3.743698
1999-06-17,-4.395911
1999-06-18,-4.545045
1999-06-21,-4.942285
1999-06-22,-3.841455
1999-06-23,-3.541214
1999-06-24,-2.134116
1999-06-25,-2.029174
1999-06-28,-3.194886
1999-06-29,-4.675379
1999-06-30,-6.055145
1999-07-01,-6.313098
1999-07-02,-6.651612
1999-07-06,-6.329101
1999-07-07,-6.668637
1999-07-08,-6.473571
1999-07-09,-6.798274
1999-07-12,-6.403920
1999-07-13,-5.902832
1999-07-14,-6.172773
1999-07-15,-6.733815
1999-07-16,-7.017631
1999-07-19,-6.089432
1999-07-20,-3.700496
1999-07-21,-3.782153
1999-07-22,-2.322713
1999-07-23,-1.939233
1999-07-26,-1.168880
1999-07-27,-2.213802
1999-07-28,-2.323696
1999-07-29,-0.424936
1999-07-30,0.566563
1999-08-02,0.683752
1999-08-03,1.179457
1999-08-04,2.489485
1999-08-05,1.914842
1999-08-06,2.964527
1999-08-09,3.196177
1999-08-10,4.457462
1999-08-11,2.975498
1999-08-12,3.301653
1999-08-13,1.156339
1999-08-16,0.979975
1999-08-17,0.036842
1999-08-18,0.926437
1999-08-19,1.656855
1999-08-20,0.735461
1999-08-23,-0.967967
1999-08-24,-1.163887
1999-08-25,-2.470468
1999-08-26,-0.955852
1999-08-27,0.107398
1999-08-30,1.944608
1999-08-31,2.252260
1999-09-01,1.504213
1999-09-02,2.425500
1999-09-03,-0.350650
1999-09-07,0.193004
1999-09-08,0.697070
1999-09-09,0.474770
1999-09-10,0.212280
1999-09-13,0.800418
1999-09-14,1.408696
1999-09-15,2.784929
1999-09-16,2.777586
1999-09-17,1.560129
1999-09-20,1.584476
1999-09-21,3.674538
1999-09-22,3.484561
1999-09-23,5.718844
1999-09-24,5.961494
1999-09-27,5.542313
1999-09-28,5.646125
1999-09-29,6.682836
1999-09-30,5.654463
1999-10-01,5.669680
1999-10-04,4.094653
1999-10-05,4.356694
1999-10-06,2.615755
1999-10-07,3.208027
1999-10-08,1.883690
1999-10-11,1.963952
1999-10-12,3.608354
1999-10-13,5.637670
1999-10-14,5.801792
1999-10-15,8.447603
1999-10-18,7.958942
1999-10-19,7.437367
1999-10-20,5.382867
1999-10-21,5.812042
1999-10-22,4.494353
1999-10-25,5.086291
1999-10-26,5.949546
1999-10-27,4.874492
1999-10-28,1.540845
1999-10-29,0.067839
1999-11-01,0.735566
1999-11-02,1.221943
1999-11-03,0.714250
1999-11-04,0.174403
1999-11-05,-0.352922
1999-11-08,-0.821059
1999-11-09,0.060014
1999-11-10,-0.512994
1999-11-11,-1.075377
1999-11-12,-2.120237
1999-11-15,-1.973763
1999-11-16,-3.774107
1999-11-17,-3.062079
1999-11-18,-3.894215
1999-11-19,-3.642742
1999-11-22,-3.529540
1999-11-23,-2.304183
1999-11-24,-3.171181
1999-11-26,-3.104950
1999-11-29,-2.429671
1999-11-30,-1.024151
1999-12-01,-1.630567
1999-12-02,-2.419434
1999-12-03,-3.850187
1999-12-06,-3.097442
1999-12-07,-2.044381
1999-12-08,-1.631568
1999-12-09,-1.905501
1999-12-10,-2.516211
1999-12-13,-2.349001
1999-12-14,-1.442633
1999-12-15,-2.140454
1999-12-16,-2.500215
1999-12-17,-2.633911
1999-12-20,-2.394814
1999-12-21,-3.467279
1999-12-22,-3.538175
1999-12-23,-4.333608
1999-12-27,-4.212047
1999-12-28,-4.221724
1999-12-29,-4.429057
1999-12-30,-4.432883
1999-12-31,-4.579574
2000-01-03,-3.549638
2000-01-04,0.440685
2000-01-05,0.276331
2000-01-06,0.207055
2000-01-07,-2.466379
2000-01-10,-3.578016
2000-01-11,-2.199713
2000-01-12,-1.725639
2000-01-13,-2.931229
2000-01-14,-3.995328
2000-01-18,-3.258214
2000-01-19,-3.284756
2000-01-20,-2.528553
2000-01-21,-2.210858
2000-01-24,0.623732
2000-01-25,0.030888
2000-01-26,0.462385
2000-01-27,0.867727
2000-01-28,3.596476
2000-01-31,1.179695
2000-02-01,0.152348
2000-02-02,0.183345
2000-02-03,-0.922261
2000-02-04,-0.867132
2000-02-07,-0.844942
2000-02-08,-2.066711
2000-02-09,0.067182
2000-02-10,-0.282639
2000-02-11,1.828515
2000-02-14,1.639211
2000-02-15,0.791195
2000-02-16,1.819140
2000-02-17,1.785063
2000-02-18,4.771006
2000-02-22,4.342178
2000-02-23,3.743187
2000-02-24,4.256362
2000-02-25,5.670642
2000-02-28,4.627839
2000-02-29,3.333466
2000-03-01,2.437447
2000-03-02,2.264660
2000-03-03,0.338203
2000-03-06,1.613275
2000-03-07,4.139656
2000-03-08,3.367197
2000-03-09,0.915325
2000-03-10,1.400214
2000-03-13,2.228451
2000-03-14,3.968037
2000-03-15,1.655371
2000-03-16,-2.998385
2000-03-17,-3.389792
2000-03-20,-2.811209
2000-03-21,-4.570039
2000-03-22,-4.780661
2000-03-23,-5.713257
2000-03-24,-5.671651
2000-03-27,-5.376035
2000-03-28,-4.217931
2000-03-29,-4.231153
2000-03-30,-2.776831
2000-03-31,-3.481770
2000-04-03,-3.959688
2000-04-04,-3.155088
2000-04-05,-2.617518
2000-04-06,-3.548148
2000-04-07,-4.543490
2000-04-10,-3.686456
2000-04-11,-3.386506
2000-04-12,-1.061771
2000-04-13,0.787387
2000-04-14,6.564970
2000-04-17,3.475674
2000-04-18,0.719028
2000-04-19,1.698715
2000-04-20,1.219354
2000-04-24,1.546576
2000-04-25,-1.714459
2000-04-26,-0.569117
2000-04-27,-0.826906
2000-04-28,0.040849
2000-05-01,-1.038454
2000-05-02,0.480008
2000-05-03,2.633210
2000-05-04,3.019260
2000-05-05,1.446042
2000-05-08,2.040468
2000-05-09,2.879749
2000-05-10,4.884049
2000-05-11,3.188991
2000-05-12,2.299453
2000-05-15,0.163782
2000-05-16,-0.750380
2000-05-17,0.526668
2000-05-18,1.278792
2000-05-19,3.374290
2000-05-22,3.820316
2000-05-23,5.678130
2000-05-24,3.969938
2000-05-25,5.187361
2000-05-26,5.441739
2000-05-30,2.410358
2000-05-31,2.553695
2000-06-01,0.638111
2000-06-02,-1.285634
2000-06-05,-0.598247
2000-06-06,0.095463
2000-06-07,-0.810108
2000-06-08,-0.127838
2000-06-09,0.209505
2000-06-12,0.975022
2000-06-13,-0.607449
2000-06-14,-0.655272
2000-06-15,-1.186012
2000-06-16,-0.184673
2000-06-19,-1.626694
2000-06-20,-0.917112
2000-06-21,-1.110381
2000-06-22,0.751766
2000-06-23,1.500199
2000-06-26,0.574264
2000-06-27,0.919005
2000-06-28,0.649157
2000-06-29,1.520686
2000-06-30,0.712048
2000-07-03,-0.282869
2000-07-05,1.328009
2000-07-06,0.643058
2000-07-07,-0.841890
2000-07-10,-0.582053
2000-07-11,-0.902787
2000-07-12,-1.683967
2000-07-13,-1.842880
2000-07-14,-2.760040
2000-07-17,-2.751861
2000-07-18,-1.573221
2000-07-19,-0.739520
2000-07-20,-1.628635
2000-07-21,-0.555112
2000-07-24,0.551624
2000-07-25,-0.114499
2000-07-26,1.403703
2000-07-27,1.618232
2000-07-28,3.659459
2000-07-31,2.943173
2000-08-01,2.483789
2000-08-02,2.475752
2000-08-03,1.570334
2000-08-04,0.898758
2000-08-07,-0.176063
2000-08-08,-0.378875
2000-08-09,0.325593
2000-08-10,1.211405
2000-08-11,0.458732
2000-08-14,-0.847877
2000-08-15,-0.343869
2000-08-16,-0.011662
2000-08-17,-1.080910
2000-08-18,-0.762264
2000-08-21,-1.261578
2000-08-22,-1.147222
2000-08-23,-1.653058
2000-08-24,-1.784952
2000-08-25,-1.635247
2000-08-28,-2.126480
2000-08-29,-1.819118
2000-08-30,-1.310627
2000-08-31,-2.310240
2000-09-01,-2.498421
2000-09-05,-1.560853
2000-09-06,-0.548888
2000-09-07,-1.225507
2000-09-08,-0.669758
2000-09-11,-0.303907
2000-09-12,0.197347
2000-09-13,0.014407
2000-09-14,0.302739
2000-09-15,1.328564
2000-09-18,2.768509
2000-09-19,1.737234
2000-09-20,2.318252
2000-09-21,2.479279
2000-09-22,2.509253
2000-09-25,3.166646
2000-09-26,3.963760
2000-09-27,4.008760
2000-09-28,1.883969
2000-09-29,3.353337
2000-10-02,3.375168
2000-10-03,4.033387
2000-10-04,3.507376
2000-10-05,3.376001
2000-10-06,5.207343
2000-10-09,5.666166
2000-10-10,6.664490
2000-10-11,8.158684
2000-10-12,10.480252
2000-10-13,7.477104
2000-10-16,7.431234
2000-10-17,9.074177
2000-10-18,9.593013
2000-10-19,6.449754
2000-10-20,5.898308
2000-10-23,5.968128
2000-10-24,5.799837
2000-10-25,8.026667
2000-10-26,8.046558
2000-10-27,7.014610
2000-10-30,5.717410
2000-10-31,3.640827
2000-11-01,4.186335
2000-11-02,3.704716
2000-11-03,3.812091
2000-11-06,3.446561
2000-11-07,3.471892
2000-11-08,4.995652
2000-11-09,5.612078
2000-11-10,7.915871
2000-11-13,8.901160
2000-11-14,6.760316
2000-11-15,6.294573
2000-11-16,7.465116
2000-11-17,7.765961
2000-11-20,9.445412
2000-11-21,9.111067
2000-11-22,10.782580
2000-11-24,9.460864
2000-11-27,8.968817
2000-11-28,9.829296
2000-11-29,9.425411
2000-11-30,11.234896
2000-12-01,11.204377
2000-12-04,10.543412
2000-12-05,7.065669
2000-12-06,8.757391
2000-12-07,9.289816
2000-12-08,7.517518
2000-12-11,6.826851
2000-12-12,7.436546
2000-12-13,8.188790
2000-12-14,9.468881
2000-12-15,11.396522
2000-12-18,10.670454
2000-12-19,11.820072
2000-12-20,14.564119
2000-12-21,13.860882
2000-12-22,11.746084
2000-12-26,11.110731
2000-12-27,10.177879
2000-12-28,9.810265
2000-12-29,10.730381
2001-01-02,13.204474
2001-01-03,8.838228
2001-01-04,9.774102
2001-01-05,12.109766
2001-01-08,12.241630
2001-01-09,11.870957
2001-01-10,10.992184
2001-01-11,10.044335
2001-01-12,10.574200
2001-01-16,9.998494
2001-01-17,9.779459
2001-01-18,8.497716
2001-01-19,8.841054
2001-01-22,8.792606
2001-01-23,7.580290
2001-01-24,7.289620
2001-01-25,7.726275
2001-01-26,7.875773
2001-01-29,7.231418
2001-01-30,6.569893
2001-01-31,7.096550
2001-02-01,6.584411
2001-02-02,8.201273
2001-02-05,7.859678
2001-02-06,7.985284
2001-02-07,8.744077
2001-02-08,9.288922
2001-02-09,10.474580
2001-02-12,9.393338
2001-02-13,10.155214
2001-02-14,10.326295
2001-02-15,9.577909
2001-02-16,11.268807
2001-02-20,12.787882
2001-02-21,14.373949
2001-02-22,14.514038
2001-02-23,14.962826
2001-02-26,13.457063
2001-02-27,14.096154
2001-02-28,15.296968
2001-03-01,15.175646
2001-03-02,15.621124
2001-03-05,15.094264
2001-03-06,14.217592
2001-03-07,13.640772
2001-03-08,13.423798
2001-03-09,15.545654
2001-03-12,19.159438
2001-03-13,17.932508
2001-03-14,20.021704
2001-03-15,19.514625
2001-03-16,21.054106
2001-03-19,19.620601
2001-03-20,21.506538
2001-03-21,22.863231
2001-03-22,23.127331
2001-03-23,21.547695
2001-03-26,20.526977
2001-03-27,18.373182
2001-03-28,20.323085
2001-03-29,20.643572
2001-03-30,19.740403
2001-04-02,20.690297
2001-04-03,23.365639
2001-04-04,23.531989
2001-04-05,20.142211
2001-04-06,21.685332
2001-04-09,21.001827
2001-04-10,18.820956
2001-04-11,18.948707
2001-04-12,17.682008
2001-04-16,17.903998
2001-04-17,17.019559
2001-04-18,13.756198
2001-04-19,12.637836
2001-04-20,13.349900
2001-04-23,14.609307
2001-04-24,15.603453
2001-04-25,14.216752
2001-04-26,13.772398
2001-04-27,12.437015
2001-04-30,12.645703
2001-05-01,11.416228
2001-05-02,11.304603
2001-05-03,12.581566
2001-05-04,11.281560
2001-05-07,11.458158
2001-05-08,11.581791
2001-05-09,11.942234
2001-05-10,11.929243
2001-05-11,12.560685
2001-05-14,12.297622
2001-05-15,12.231394
2001-05-16,9.707949
2001-05-17,9.435053
2001-05-18,9.164610
2001-05-21,7.671565
2001-05-22,7.885978
2001-05-23,9.281715
2001-05-24,8.957260
2001-05-25,9.997906
2001-05-29,10.664977
2001-05-30,12.024091
2001-05-31,11.436591
2001-06-01,11.054543
2001-06-04,10.561883
2001-06-05,9.361257
2001-06-06,10.277245
2001-06-07,9.747106
2001-06-08,10.553060
2001-06-11,11.255261
2001-06-12,11.106462
2001-06-13,12.067832
2001-06-14,13.555054
2001-06-15,13.893683
2001-06-18,14.262690
2001-06-19,13.914572
2001-06-20,13.111927
2001-06-21,12.075822
2001-06-22,12.858939
2001-06-25,13.288328
2001-06-26,13.369684
2001-06-27,13.725279
2001-06-28,12.601242
2001-06-29,12.683882
2001-07-02,11.759212
2001-07-03,11.878869
2001-07-05,12.923870
2001-07-06,14.922332
2001-07-09,14.291975
2001-07-10,15.478808
2001-07-11,15.527252
2001-07-12,13.484175
2001-07-13,12.905617
2001-07-16,13.812923
2001-07-17,12.908906
2001-07-18,13.349822
2001-07-19,12.784701
2001-07-20,13.044486
2001-07-23,14.423859
2001-07-24,15.769181
2001-07-25,14.375138
2001-07-26,13.443855
2001-07-27,13.202528
2001-07-30,13.266598
2001-07-31,12.761442
2001-08-01,12.393416
2001-08-02,12.017305
2001-08-03,12.453258
2001-08-06,13.427030
2001-08-07,13.110125
2001-08-08,14.576791
2001-08-09,14.545164
2001-08-10,14.020874
2001-08-13,13.907172
2001-08-14,14.203976
2001-08-15,14.796750
2001-08-16,14.493537
2001-08-17,15.869842
2001-08-20,15.140592
2001-08-21,16.116495
2001-08-22,15.485161
2001-08-23,15.669308
2001-08-24,13.965706
2001-08-27,14.338164
2001-08-28,15.580078
2001-08-29,16.481699
2001-08-30,17.861983
2001-08-31,17.485985
2001-09-04,17.147802
2001-09-05,17.077849
2001-09-06,18.888208
2001-09-07,20.161493
2001-09-10,19.491058
2001-09-17,23.303727
2001-09-18,23.697406
2001-09-19,24.778725
2001-09-20,26.717365
2001-09-21,27.919726
2001-09-24,25.058762
2001-09-25,24.311575
2001-09-26,24.650088
2001-09-27,23.724387
2001-09-28,21.998938
2001-10-01,22.125623
2001-10-02,21.111796
2001-10-03,19.484878
2001-10-04,19.074056
2001-10-05,18.884021
2001-10-08,19.511338
2001-10-09,19.897101
2001-10-10,18.015731
2001-10-11,16.621292
2001-10-12,17.028551
2001-10-15,17.121427
2001-10-16,16.507866
2001-10-17,18.020054
2001-10-18,18.618216
2001-10-19,18.199666
2001-10-22,16.905594
2001-10-23,17.259136
2001-10-24,17.178343
2001-10-25,15.997910
2001-10-26,15.615970
2001-10-29,17.585452
2001-10-30,18.956100
2001-10-31,18.910416
2001-11-01,17.003972
2001-11-02,16.722979
2001-11-05,15.482058
2001-11-06,14.213277
2001-11-07,14.402668
2001-11-08,14.148649
2001-11-09,13.969097
2001-11-12,14.064898
2001-11-13,11.786929
2001-11-14,11.314938
2001-11-15,10.888815
2001-11-16,11.123461
2001-11-19,10.109381
2001-11-20,10.720056
2001-11-21,10.827299
2001-11-23,9.742628
2001-11-26,9.146431
2001-11-27,9.726448
2001-11-28,11.331132
2001-11-29,10.374077
2001-11-30,10.397128
2001-12-03,11.107342
2001-12-04,9.899196
2001-12-05,7.857545
2001-12-06,8.079765
2001-12-07,8.742025
2001-12-10,10.161384
2001-12-11,10.386775
2001-12-12,10.338439
2001-12-13,11.707608
2001-12-14,11.385430
2001-12-17,10.277110
2001-12-18,9.579822
2001-12-19,9.035273
2001-12-20,9.777668
2001-12-21,9.364897
2001-12-24,9.361033
2001-12-26,8.963594
2001-12-27,8.326130
2001-12-28,8.002520
2001-12-31,9.021110
2002-01-02,8.489768
2002-01-03,7.649388
2002-01-04,7.075374
2002-01-07,7.682351
2002-01-08,8.011468
2002-01-09,8.455553
2002-01-10,8.351115
2002-01-11,9.224728
2002-01-14,9.794149
2002-01-15,9.176314
2002-01-16,10.640453
2002-01-17,9.741121
2002-01-18,10.632457
2002-01-22,11.279461
2002-01-23,10.572726
2002-01-24,10.263383
2002-01-25,10.180069
2002-01-28,10.193677
2002-01-29,12.757670
2002-01-30,11.727862
2002-01-31,10.401677
2002-02-01,11.026873
2002-02-04,13.209878
2002-02-05,13.534875
2002-02-06,14.029650
2002-02-07,13.706858
2002-02-08,12.392760
2002-02-11,11.047268
2002-02-12,11.031253
2002-02-13,9.866264
2002-02-14,9.936688
2002-02-15,10.902161
2002-02-19,12.436023
2002-02-20,11.221733
2002-02-21,12.561322
2002-02-22,11.374902
2002-02-25,9.752976
2002-02-26,9.724383
2002-02-27,9.650908
2002-02-28,9.876046
2002-03-01,7.809822
2002-03-04,5.990905
2002-03-05,6.596773
2002-03-06,5.222650
2002-03-07,5.628878
2002-03-08,5.050406
2002-03-11,4.701738
2002-03-12,4.892485
2002-03-13,5.795323
2002-03-14,5.846826
2002-03-15,4.748273
2002-03-18,4.769812
2002-03-19,4.358567
2002-03-20,5.840098
2002-03-21,5.677072
2002-03-22,6.053415
2002-03-25,7.402000
2002-03-26,6.832409
2002-03-27,6.303574
2002-03-28,6.046561
2002-04-01,6.087459
2002-04-02,6.860532
2002-04-03,7.763376
2002-04-04,7.658245
2002-04-05,7.928474
2002-04-08,7.697992
2002-04-09,8.291512
2002-04-10,7.234989
2002-04-11,9.409276
2002-04-12,8.784322
2002-04-15,9.450153
2002-04-16,7.308386
2002-04-17,7.477091
2002-04-18,7.588381
2002-04-19,7.512046
2002-04-22,8.911853
2002-04-23,9.450235
2002-04-24,10.062768
2002-04-25,10.168856
2002-04-26,11.386465
2002-04-29,12.255278
2002-04-30,11.284931
2002-05-01,10.478777
2002-05-02,10.614952
2002-05-03,11.503808
2002-05-06,13.181528
2002-05-07,13.412149
2002-05-08,10.137769
2002-05-09,11.416467
2002-05-10,12.870718
2002-05-13,11.225448
2002-05-14,9.328037
2002-05-15,9.823743
2002-05-16,9.211840
2002-05-17,8.499541
2002-05-20,9.691101
2002-05-21,10.656799
2002-05-22,10.121685
2002-05-23,9.180336
2002-05-24,10.248373
2002-05-28,10.878121
2002-05-29,10.910102
2002-05-30,11.130583
2002-05-31,10.590027
2002-06-03,12.777090
2002-06-04,12.744937
2002-06-05,11.942800
2002-06-06,13.650400
2002-06-07,13.755059
2002-06-10,13.454139
2002-06-11,14.658427
2002-06-12,14.066369
2002-06-13,14.562291
2002-06-14,14.434869
2002-06-17,11.953289
2002-06-18,11.365670
2002-06-19,12.646716
2002-06-20,13.788038
2002-06-21,15.225011
2002-06-24,14.890419
2002-06-25,16.280301
2002-06-26,16.472213
2002-06-27,14.965029
2002-06-28,15.011611
2002-07-01,16.805886
2002-07-02,18.543398
2002-07-03,18.019753
2002-07-05,14.999666
2002-07-08,16.027366
2002-07-09,18.025985
2002-07-10,20.382932
2002-07-11,19.771471
2002-07-12,20.271427
2002-07-15,20.553831
2002-07-16,22.002255
2002-07-17,21.535283
2002-07-18,23.626441
2002-07-19,26.519515
2002-07-22,28.894500
2002-07-23,30.770062
2002-07-24,26.760876
2002-07-25,27.133804
2002-07-26,25.866842
2002-07-29,21.823255
2002-07-30,21.453829
2002-07-31,20.649883
2002-08-01,22.957951
2002-08-02,24.693310
2002-08-05,27.232827
2002-08-06,25.017299
2002-08-07,23.479929
2002-08-08,20.744697
2002-08-09,20.122852
2002-08-12,20.513013
2002-08-13,21.790745
2002-08-14,18.621914
2002-08-15,17.651429
2002-08-16,17.756055
2002-08-19,15.638285
2002-08-20,16.725940
2002-08-21,15.637693
2002-08-22,14.422869
2002-08-23,16.327742
2002-08-26,15.662433
2002-08-27,16.792985
2002-08-28,18.260925
2002-08-29,18.226713
2002-08-30,18.148356
2002-09-03,21.284420
2002-09-04,19.856401
2002-09-05,21.084123
2002-09-06,19.707216
2002-09-09,18.847003
2002-09-10,18.205835
2002-09-11,18.168494
2002-09-12,20.142800
2002-09-13,19.829710
2002-09-16,19.665788
2002-09-17,21.198007
2002-09-18,21.511082
2002-09-19,23.815923
2002-09-20,23.571261
2002-09-23,24.563982
2002-09-24,25.802525
2002-09-25,23.896221
2002-09-26,22.454191
2002-09-27,24.896548
2002-09-30,25.933132
2002-10-01,22.915197
2002-10-02,24.676410
2002-10-03,25.431147
2002-10-04,27.039475
2002-10-07,28.366450
2002-10-08,27.091525
2002-10-09,29.013152
2002-10-10,26.465852
2002-10-11,23.531073
2002-10-14,22.907202
2002-10-15,19.198755
2002-10-16,21.087438
2002-10-17,19.269047
2002-10-18,18.732321
2002-10-21,17.264026
2002-10-22,18.083587
2002-10-23,17.475387
2002-10-24,18.672579
2002-10-25,17.219372
2002-10-28,17.847698
2002-10-29,18.537562
2002-10-30,17.690801
2002-10-31,18.095117
2002-11-01,16.636317
2002-11-04,15.902934
2002-11-05,15.204552
2002-11-06,14.381976
2002-11-07,16.286606
2002-11-08,16.966565
2002-11-11,18.631340
2002-11-12,17.955027
2002-11-13,17.942449
2002-11-14,15.869243
2002-11-15,15.302836
2002-11-18,16.139897
2002-11-19,16.432827
2002-11-20,14.770796
2002-11-21,12.907478
2002-11-22,13.167332
2002-11-25,12.907917
2002-11-26,14.688362
2002-11-27,12.257316
2002-11-29,12.452967
2002-12-02,12.578354
2002-12-03,13.828600
2002-12-04,14.082273
2002-12-05,15.073925
2002-12-06,14.499580
2002-12-09,16.345005
2002-12-10,15.128872
2002-12-11,15.032359
2002-12-12,15.301085
2002-12-13,16.381030
2002-12-16,14.355814
2002-12-17,14.994752
2002-12-18,16.047886
2002-12-19,16.630757
2002-12-20,15.481330
2002-12-23,15.263386
2002-12-24,15.661572
2002-12-26,15.863768
2002-12-27,17.146718
2002-12-30,16.700781
2002-12-31,16.591763
2003-01-02,13.757913
2003-01-03,13.739287
2003-01-06,11.668357
2003-01-07,12.189267
2003-01-08,13.370577
2003-01-09,11.637225
2003-01-10,11.581600
2003-01-13,11.649740
2003-01-14,11.079094
2003-01-15,12.306019
2003-01-16,12.597976
2003-01-17,13.766486
2003-01-21,15.062076
2003-01-22,15.887253
2003-01-23,14.969721
2003-01-24,17.389999
2003-01-27,18.663474
2003-01-28,17.540450
2003-01-29,16.922849
2003-01-30,18.752682
2003-01-31,17.619633
2003-02-03,17.109600
2003-02-04,18.209688
2003-02-05,18.589839
2003-02-06,19.051024
2003-02-07,19.804608
2003-02-10,19.135389
2003-02-11,19.730409
2003-02-12,20.689623
2003-02-13,20.754233
2003-02-14,18.993782
2003-02-18,17.355547
2003-02-19,17.884891
2003-02-20,18.611570
2003-02-21,17.484492
2003-02-24,18.937577
2003-02-25,18.295609
2003-02-26,19.312918
2003-02-27,18.304539
2003-02-28,17.862031
2003-03-03,18.416504
2003-03-04,19.600567
2003-03-05,18.761981
2003-03-06,19.453059
2003-03-07,18.724190
2003-03-10,20.754565
2003-03-11,21.344016
2003-03-12,20.934747
2003-03-13,18.147922
2003-03-14,17.952523
2003-03-17,14.991681
2003-03-18,14.576860
2003-03-19,13.244445
2003-03-20,13.035444
2003-03-21,10.828722
2003-03-24,13.882644
2003-03-25,12.793307
2003-03-26,13.226752
2003-03-27,13.329601
2003-03-28,13.759846
2003-03-31,14.928299
2003-04-01,13.644577
2003-04-02,11.345834
2003-04-03,11.748827
2003-04-04,11.467595
2003-04-07,11.323270
2003-04-08,11.457394
2003-04-09,12.590941
2003-04-10,11.997473
2003-04-11,12.299306
2003-04-14,10.559323
2003-04-15,9.886515
2003-04-16,10.932737
2003-04-17,9.533300
2003-04-21,9.053964
2003-04-22,7.011137
2003-04-23,6.213370
2003-04-24,6.975733
2003-04-25,8.257481
2003-04-28,6.617569
2003-04-29,6.310289
2003-04-30,6.403904
2003-05-01,6.471746
2003-05-02,5.072431
2003-05-05,5.446202
2003-05-06,4.672298
2003-05-07,5.191887
2003-05-08,6.181821
2003-05-09,4.869297
2003-05-12,3.709219
2003-05-13,4.022597
2003-05-14,4.342353
2003-05-15,3.603084
2003-05-16,3.854314
2003-05-19,5.900081
2003-05-20,6.022727
2003-05-21,5.671951
2003-05-22,4.830331
2003-05-23,4.188946
2003-05-27,1.949564
2003-05-28,1.497592
2003-05-29,1.859756
2003-05-30,0.442495
2003-06-02,-0.639203
2003-06-03,-1.100992
2003-06-04,-2.610551
2003-06-05,-3.584030
2003-06-06,-3.319232
2003-06-09,-2.073574
2003-06-10,-2.998553
2003-06-11,-4.302547
2003-06-12,-4.394224
2003-06-13,-3.342302
2003-06-16,-5.625854
2003-06-17,-5.691920
2003-06-18,-6.316623
2003-06-19,-5.061567
2003-06-20,-5.133984
2003-06-23,-3.618740
2003-06-24,-3.782068
2003-06-25,-2.901914
2003-06-26,-3.986096
2003-06-27,-2.952991
2003-06-30,-2.744811
2003-07-01,-3.540808
2003-07-02,-4.713629
2003-07-03,-3.830793
2003-07-07,-5.760354
2003-07-08,-6.068755
2003-07-09,-5.427305
2003-07-10,-3.958497
2003-07-11,-4.895706
2003-07-14,-5.445791
2003-07-15,-5.039473
2003-07-16,-4.323722
2003-07-17,-2.976286
2003-07-18,-4.147589
2003-07-21,-2.579864
2003-07-22,-3.504356
2003-07-23,-3.499890
2003-07-24,-2.707194
2003-07-25,-4.433466
2003-07-28,-4.141073
2003-07-29,-3.328882
2003-07-30,-3.096457
2003-07-31,-3.346346
2003-08-01,-2.256845
2003-08-04,-2.499041
2003-08-05,-0.663497
2003-08-06,-0.808365
2003-08-07,-1.520444
2003-08-08,-1.856433
2003-08-11,-2.144180
2003-08-12,-3.128846
2003-08-13,-2.445296
2003-08-14,-3.090227
2003-08-15,-3.074782
2003-08-18,-3.985974
2003-08-19,-4.222643
2003-08-20,-3.979931
2003-08-21,-4.260365
2003-08-22,-3.176436
2003-08-25,-3.223353
2003-08-26,-3.509266
2003-08-27,-3.485383
2003-08-28,-4.075937
2003-08-29,-4.575261
2003-09-02,-5.473032
2003-09-03,-5.668486
2003-09-04,-5.724986
2003-09-05,-5.011946
2003-09-08,-5.846456
2003-09-09,-4.944760
2003-09-10,-3.665477
2003-09-11,-4.203965
2003-09-12,-4.405025
2003-09-15,-3.983439
2003-09-16,-5.443080
2003-09-17,-5.073126
2003-09-18,-6.050386
2003-09-19,-5.681006
2003-09-22,-4.275088
2003-09-23,-4.871664
2003-09-24,-2.840683
2003-09-25,-2.185888
2003-09-26,-1.505384
2003-09-29,-2.466643
2003-09-30,-1.359478
2003-10-01,-3.586115
2003-10-02,-3.759397
2003-10-03,-4.699226
2003-10-06,-5.114237
2003-10-07,-5.566080
2003-10-08,-4.969662
2003-10-09,-5.430374
2003-10-10,-5.319310
2003-10-13,-5.735109
2003-10-14,-5.903422
2003-10-15,-5.579282
2003-10-16,-5.834435
2003-10-17,-4.712705
2003-10-20,-5.212632
2003-10-21,-5.314103
2003-10-22,-3.705295
2003-10-23,-4.012530
2003-10-24,-3.494272
2003-10-27,-3.687625
2003-10-28,-5.227015
2003-10-29,-5.325556
2003-10-30,-5.170327
2003-10-31,-5.478669
2003-11-03,-5.871063
2003-11-04,-5.245717
2003-11-05,-5.051188
2003-11-06,-5.624368
2003-11-07,-5.085316
2003-11-10,-4.418991
2003-11-11,-4.310936
2003-11-12,-5.446492
2003-11-13,-5.372468
2003-11-14,-4.514071
2003-11-17,-3.793147
2003-11-18,-2.797896
2003-11-19,-3.565539
2003-11-20,-2.637396
2003-11-21,-2.741575
2003-11-24,-4.347332
2003-11-25,-4.462979
2003-11-26,-4.846671
2003-11-28,-4.753496
2003-12-01,-5.342013
2003-12-02,-4.936082
2003-12-03,-4.687814
2003-12-04,-5.112273
2003-12-05,-4.244484
2003-12-08,-4.943483
2003-12-09,-3.986380
2003-12-10,-3.810950
2003-12-11,-4.886105
2003-12-12,-4.970610
2003-12-15,-4.309327
2003-12-16,-4.884663
2003-12-17,-4.884477
2003-12-18,-5.456476
2003-12-19,-5.332910
2003-12-22,-5.493858
2003-12-23,-5.566936
2003-12-24,-5.294838
2003-12-26,-5.398842
2003-12-29,-6.013620
2003-12-30,-5.951969
2003-12-31,-5.997626
2004-01-02,-5.603852
2004-01-05,-6.379767
2004-01-06,-6.388061
2004-01-07,-6.447297
2004-01-08,-6.654430
2004-01-09,-5.635819
2004-01-12,-6.068685
2004-01-13,-5.431235
2004-01-14,-6.226503
2004-01-15,-6.287856
2004-01-16,-6.601817
2004-01-20,-6.429120
2004-01-21,-6.838755
2004-01-22,-6.422171
2004-01-23,-6.126407
2004-01-26,-6.992080
2004-01-27,-5.868058
2004-01-28,-4.356076
2004-01-29,-4.808473
2004-01-30,-4.467520
2004-02-02,-4.779210
2004-02-03,-4.784175
2004-02-04,-3.843743
2004-02-05,-3.975982
2004-02-06,-5.220501
2004-02-09,-4.886961
2004-02-10,-5.347165
2004-02-11,-6.300931
2004-02-12,-5.718413
2004-02-13,-5.078517
2004-02-17,-6.038311
2004-02-18,-5.504553
2004-02-19,-5.009340
2004-02-20,-4.683213
2004-02-23,-4.341511
2004-02-24,-4.109763
2004-02-25,-4.472536
2004-02-26,-4.532798
2004-02-27,-4.481868
2004-03-01,-5.430600
2004-03-02,-4.750437
2004-03-03,-4.871673
2004-03-04,-5.159512
2004-03-05,-5.277923
2004-03-08,-4.340195
2004-03-09,-3.683836
2004-03-10,-2.117896
2004-03-11,-0.524226
2004-03-12,-1.734182
2004-03-15,-0.235592
2004-03-16,-0.762221
2004-03-17,-1.906347
2004-03-18,-1.738520
2004-03-19,-0.570906
2004-03-22,0.758176
2004-03-23,0.915650
2004-03-24,1.181222
2004-03-25,-0.405060
2004-03-26,-0.275343
2004-03-29,-1.548263
2004-03-30,-1.923244
2004-03-31,-1.822776
2004-04-01,-2.331227
2004-04-02,-3.169057
2004-04-05,-3.920691
2004-04-06,-3.664161
2004-04-07,-2.935097
2004-04-08,-2.786576
2004-04-12,-3.274058
2004-04-13,-1.817024
2004-04-14,-1.664766
2004-04-15,-1.686796
2004-04-16,-2.168594
2004-04-19,-2.242136
2004-04-20,-0.619100
2004-04-21,-1.124172
2004-04-22,-2.516238
2004-04-23,-2.542017
2004-04-26,-2.049859
2004-04-27,-2.247025
2004-04-28,-0.807608
2004-04-29,-0.014931
2004-04-30,0.603985
2004-05-03,-0.277816
2004-05-04,-0.432073
2004-05-05,-0.575072
2004-05-06,0.131384
2004-05-07,1.528226
2004-05-10,2.590815
2004-05-11,1.867254
2004-05-12,1.727099
2004-05-13,1.827593
2004-05-14,1.919309
2004-05-17,2.979484
2004-05-18,2.344168
2004-05-19,2.620249
2004-05-20,2.603465
2004-05-21,2.242233
2004-05-24,2.105208
2004-05-25,0.560888
2004-05-26,0.423933
2004-05-27,-0.111091
2004-05-28,-0.025004
2004-06-01,-0.040330
2004-06-02,-0.346491
2004-06-03,0.425927
2004-06-04,-0.068120
2004-06-07,-1.631915
2004-06-08,-1.755312
2004-06-09,-0.755753
2004-06-10,-1.179402
2004-06-14,-0.153673
2004-06-15,-0.719657
2004-06-16,-0.826524
2004-06-17,-0.662827
2004-06-18,-0.900100
2004-06-21,-0.455951
2004-06-22,-0.796034
2004-06-23,-1.624220
2004-06-24,-1.295426
2004-06-25,-0.716809
2004-06-28,-0.592087
2004-06-29,-0.816795
2004-06-30,-1.199606
2004-07-01,-0.117317
2004-07-02,0.220754
2004-07-06,1.054617
2004-07-07,0.884884
2004-07-08,1.718699
2004-07-09,1.411481
2004-07-12,1.294648
2004-07-13,1.248956
2004-07-14,1.598696
2004-07-15,2.046868
2004-07-16,2.537405
2004-07-19,2.604463
2004-07-20,1.937610
2004-07-21,3.262295
2004-07-22,3.015569
2004-07-23,3.967898
2004-07-26,4.166149
2004-07-27,3.228605
2004-07-28,3.189133
2004-07-29,2.760371
2004-07-30,2.659060
2004-08-02,2.239022
2004-08-03,2.863102
2004-08-04,2.967597
2004-08-05,4.560311
2004-08-06,6.041962
2004-08-09,5.935737
2004-08-10,4.726047
2004-08-11,5.022202
2004-08-12,6.138507
2004-08-13,6.007191
2004-08-16,4.730853
2004-08-17,4.529048
2004-08-18,3.351799
2004-08-19,3.708485
2004-08-20,3.088974
2004-08-23,3.333982
2004-08-24,3.298863
2004-08-25,2.535718
2004-08-26,2.535868
2004-08-27,2.313107
2004-08-30,3.084946
2004-08-31,2.646363
2004-09-01,2.509750
2004-09-02,1.432003
2004-09-03,1.860251
2004-09-07,1.204048
2004-09-08,1.663862
2004-09-09,1.497088
2004-09-10,1.029208
2004-09-13,0.878615
2004-09-14,0.674519
2004-09-15,1.389171
2004-09-16,1.128419
2004-09-17,0.697239
2004-09-20,1.268511
2004-09-21,0.658469
2004-09-22,2.052862
2004-09-23,2.520662
2004-09-24,2.375826
2004-09-27,2.964932
2004-09-28,2.401186
2004-09-29,1.994159
2004-09-30,2.022523
2004-10-01,0.549517
2004-10-04,0.240565
2004-10-05,0.314348
2004-10-06,-0.338774
2004-10-07,0.672287
2004-10-08,1.426428
2004-10-11,1.235139
2004-10-12,1.465349
2004-10-13,2.188639
2004-10-14,3.097190
2004-10-15,2.665631
2004-10-18,2.154914
2004-10-19,3.101456
2004-10-20,3.059600
2004-10-21,2.807240
2004-10-22,3.744824
2004-10-25,3.819286
2004-10-26,2.385792
2004-10-27,1.128179
2004-10-28,0.950362
2004-10-29,0.707813
2004-11-01,0.680225
2004-11-02,0.673737
2004-11-03,-0.435740
2004-11-04,-1.886310
2004-11-05,-2.082133
2004-11-08,-1.964661
2004-11-09,-1.891734
2004-11-10,-1.784958
2004-11-11,-2.386161
2004-11-12,-2.851573
2004-11-15,-2.807887
2004-11-16,-2.070726
2004-11-17,-2.625227
2004-11-18,-2.751604
2004-11-19,-1.595037
2004-11-22,-2.185948
2004-11-23,-2.151221
2004-11-24,-2.561072
2004-11-26,-2.632468
2004-11-29,-2.272201
2004-11-30,-1.853487
2004-12-01,-3.064186
2004-12-02,-2.965121
2004-12-03,-3.027372
2004-12-06,-2.936910
2004-12-07,-1.788640
2004-12-08,-2.274781
2004-12-09,-2.820033
2004-12-10,-2.702695
2004-12-13,-3.306452
2004-12-14,-3.504182
2004-12-15,-3.594729
2004-12-16,-3.366668
2004-12-17,-2.583352
2004-12-20,-2.613103
2004-12-21,-3.526896
2004-12-22,-3.704621
2004-12-23,-3.708922
2004-12-27,-3.239142
2004-12-28,-3.814623
2004-12-29,-3.780928
2004-12-30,-3.764567
2004-12-31,-3.604228
2005-01-03,-2.744224
2005-01-04,-1.526841
2005-01-05,-1.138045
2005-01-06,-1.470792
2005-01-07,-1.303577
2005-01-10,-1.631473
2005-01-11,-0.994265
2005-01-12,-1.381252
2005-01-13,-0.494739
2005-01-14,-1.084707
2005-01-18,-2.047816
2005-01-19,-1.069498
2005-01-20,-0.277192
2005-01-21,0.370546
2005-01-24,0.727274
2005-01-25,0.336364
2005-01-26,-0.139828
2005-01-27,-0.170479
2005-01-28,0.111412
2005-01-31,-0.721645
2005-02-01,-1.403055
2005-02-02,-1.712030
2005-02-03,-1.414179
2005-02-04,-2.515697
2005-02-07,-2.389681
2005-02-08,-2.424747
2005-02-09,-1.533406
2005-02-10,-1.947378
2005-02-11,-2.634121
2005-02-14,-2.684161
2005-02-15,-2.998991
2005-02-16,-2.996051
2005-02-17,-2.161196
2005-02-18,-2.214145
2005-02-22,-0.715472
2005-02-23,-1.259140
2005-02-24,-2.032393
2005-02-25,-2.955051
2005-02-28,-2.270146
2005-03-01,-2.822384
2005-03-02,-2.767869
2005-03-03,-2.771763
2005-03-04,-3.377312
2005-03-07,-3.484724
2005-03-08,-2.957880
2005-03-09,-1.883194
2005-03-10,-2.046110
2005-03-11,-1.252439
2005-03-14,-1.800907
2005-03-15,-1.017612
2005-03-16,-0.186033
2005-03-17,-0.350941
2005-03-18,-0.289174
2005-03-21,0.220707
2005-03-22,1.248977
2005-03-23,1.186977
2005-03-24,1.286990
2005-03-28,1.055510
2005-03-29,1.813467
2005-03-30,0.473695
2005-03-31,0.553600
2005-04-01,1.208377
2005-04-04,0.948625
2005-04-05,0.515113
2005-04-06,0.301427
2005-04-07,-0.281151
2005-04-08,0.563951
2005-04-11,0.572121
2005-04-12,0.032684
2005-04-13,1.217383
2005-04-14,2.211030
2005-04-15,3.846492
2005-04-18,3.567412
2005-04-19,3.001131
2005-04-20,4.291393
2005-04-21,2.411530
2005-04-22,3.079577
2005-04-25,2.250771
2005-04-26,3.122723
2005-04-27,2.748971
2005-04-28,3.862526
2005-04-29,2.727201
2005-05-02,2.293933
2005-05-03,2.390262
2005-05-04,1.187782
2005-05-05,1.458874
2005-05-06,1.582744
2005-05-09,0.973819
2005-05-10,2.051808
2005-05-11,1.657759
2005-05-12,2.658257
2005-05-13,3.115610
2005-05-16,2.152300
2005-05-17,1.486207
2005-05-18,0.518144
2005-05-19,0.075415
2005-05-20,0.250381
2005-05-23,-0.105011
2005-05-24,-0.094126
2005-05-25,0.270631
2005-05-26,-0.340165
2005-05-27,-0.407360
2005-05-31,0.230236
2005-06-01,-0.640186
2005-06-02,-0.786314
2005-06-03,-0.072029
2005-06-06,-0.173324
2005-06-07,-0.130681
2005-06-08,0.107608
2005-06-09,-0.392782
2005-06-10,-0.136610
2005-06-13,-0.342083
2005-06-14,-0.579145
2005-06-15,-0.778535
2005-06-16,-1.120799
2005-06-17,-1.597200
2005-06-20,-1.503752
2005-06-21,-1.273848
2005-06-22,-1.275954
2005-06-23,-0.160407
2005-06-24,0.619519
2005-06-27,0.707335
2005-06-28,-0.183457
2005-06-29,-0.024504
2005-06-30,0.701067
2005-07-01,0.457179
2005-07-05,-0.405389
2005-07-06,0.447737
2005-07-07,0.218465
2005-07-08,-0.925388
2005-07-11,-1.532230
2005-07-12,-1.738182
2005-07-13,-1.801719
2005-07-14,-1.994616
2005-07-15,-2.029864
2005-07-18,-1.442319
2005-07-19,-2.045378
2005-07-20,-2.270905
2005-07-21,-1.574957
2005-07-22,-2.104401
2005-07-25,-1.697936
2005-07-26,-1.850219
2005-07-27,-2.226806
2005-07-28,-2.492425
2005-07-29,-1.679775
2005-08-01,-1.747145
2005-08-02,-2.423347
2005-08-03,-2.433168
2005-08-04,-1.648843
2005-08-05,-0.845754
2005-08-08,-0.549986
2005-08-09,-1.198681
2005-08-10,-0.984627
2005-08-11,-1.670121
2005-08-12,-1.037907
2005-08-15,-1.300569
2005-08-16,-0.088543
2005-08-17,-0.143183
2005-08-18,-0.024129
2005-08-19,-0.064368
2005-08-22,-0.217222
2005-08-23,0.133352
2005-08-24,0.798984
2005-08-25,0.581241
2005-08-26,1.186310
2005-08-29,0.605804
2005-08-30,0.928228
2005-08-31,-0.041234
2005-09-01,-0.134669
2005-09-02,0.165644
2005-09-06,-1.083409
2005-09-07,-1.312559
2005-09-08,-0.916543
2005-09-09,-1.706338
2005-09-12,-1.618255
2005-09-13,-0.841119
2005-09-14,-0.499842
2005-09-15,-0.534991
2005-09-16,-1.358575
2005-09-19,-0.785712
2005-09-20,0.013221
2005-09-21,0.929414
2005-09-22,0.575507
2005-09-23,0.527521
2005-09-26,0.505270
2005-09-27,0.508655
2005-09-28,0.411842
2005-09-29,-0.466015
2005-09-30,-0.553560
2005-10-03,-0.375887
2005-10-04,0.629116
2005-10-05,2.108824
2005-10-06,2.506867
2005-10-07,2.143180
2005-10-10,2.839741
2005-10-11,3.036916
2005-10-12,3.617965
2005-10-13,3.679232
2005-10-14,2.877298
2005-10-17,2.583845
2005-10-18,3.557929
2005-10-19,2.117167
2005-10-20,3.586121
2005-10-21,3.437897
2005-10-24,1.820621
2005-10-25,2.054405
2005-10-26,2.478530
2005-10-27,3.498286
2005-10-28,1.905614
2005-10-31,1.206392
2005-11-01,1.555671
2005-11-02,0.579847
2005-11-03,0.165341
2005-11-04,0.160043
2005-11-07,-0.045902
2005-11-08,0.309979
2005-11-09,0.151311
2005-11-10,-0.680000
2005-11-11,-0.973976
2005-11-14,-0.884256
2005-11-15,-0.487425
2005-11-16,-0.659198
2005-11-17,-1.595386
2005-11-18,-1.903061
2005-11-21,-2.165132
2005-11-22,-2.417512
2005-11-23,-2.583459
2005-11-25,-2.677555
2005-11-28,-1.792680
2005-11-29,-1.783170
2005-11-30,-1.127156
2005-12-01,-2.344733
2005-12-02,-2.363892
2005-12-05,-2.108816
2005-12-06,-2.221782
2005-12-07,-1.695358
2005-12-08,-1.559605
2005-12-09,-1.834696
2005-12-12,-1.908118
2005-12-13,-2.461681
2005-12-14,-2.700255
2005-12-15,-2.541832
2005-12-16,-2.239949
2005-12-19,-1.635500
2005-12-20,-1.602627
2005-12-21,-1.846271
2005-12-22,-2.263370
2005-12-23,-2.292043
2005-12-27,-1.304133
2005-12-28,-1.422560
2005-12-29,-1.106058
2005-12-30,-0.599608
2006-01-03,-2.235381
2006-01-04,-2.563112
2006-01-05,-2.541867
2006-01-06,-3.011033
2006-01-09,-3.178822
2006-01-10,-3.116751
2006-01-11,-3.291288
2006-01-12,-2.620403
2006-01-13,-2.720744
2006-01-17,-2.323518
2006-01-18,-1.902736
2006-01-19,-2.447194
2006-01-20,-0.553231
2006-01-23,-0.723459
2006-01-24,-0.947451
2006-01-25,-0.755966
2006-01-26,-1.466475
2006-01-27,-2.230526
2006-01-30,-2.320997
2006-01-31,-1.884629
2006-02-01,-2.044713
2006-02-02,-1.094987
2006-02-03,-0.526498
2006-02-06,-0.583012
2006-02-07,0.252695
2006-02-08,-0.589532
2006-02-09,-0.417322
2006-02-10,-0.649034
2006-02-13,-0.295804
2006-02-14,-1.276885
2006-02-15,-1.606746
2006-02-16,-2.323902
2006-02-17,-2.130261
2006-02-21,-1.772780
2006-02-22,-2.511498
2006-02-23,-2.101309
2006-02-24,-2.205098
2006-02-27,-2.550575
2006-02-28,-1.458356
2006-03-01,-2.267369
2006-03-02,-2.074873
2006-03-03,-1.899643
2006-03-06,-1.170107
2006-03-07,-0.963986
2006-03-08,-1.150243
2006-03-09,-0.640210
2006-03-10,-1.348867
2006-03-13,-1.543426
2006-03-14,-2.450411
2006-03-15,-2.652179
2006-03-16,-2.721269
2006-03-17,-2.776430
2006-03-20,-2.584389
2006-03-21,-1.945977
2006-03-22,-2.536924
2006-03-23,-2.250057
2006-03-24,-2.327689
2006-03-27,-2.201193
2006-03-28,-1.523261
2006-03-29,-2.260068
2006-03-30,-2.032586
2006-03-31,-1.591918
2006-04-03,-1.804371
2006-04-04,-2.422564
2006-04-05,-2.679061
2006-04-06,-2.461629
2006-04-07,-1.384779
2006-04-10,-1.452407
2006-04-11,-0.646386
2006-04-12,-0.747466
2006-04-13,-0.807545
2006-04-17,-0.493529
2006-04-18,-2.185378
2006-04-19,-2.368274
2006-04-20,-2.465473
2006-04-21,-2.427007
2006-04-24,-2.156337
2006-04-25,-1.640188
2006-04-26,-1.908833
2006-04-27,-2.227015
2006-04-28,-2.278242
2006-05-01,-1.838910
2006-05-02,-2.383955
2006-05-03,-1.969017
2006-05-04,-2.273662
2006-05-05,-2.829690
2006-05-08,-2.723847
2006-05-09,-2.741845
2006-05-10,-2.544621
2006-05-11,-1.216784
2006-05-12,-0.067860
2006-05-15,-0.310101
2006-05-16,-0.110740
2006-05-17,1.582256
2006-05-18,2.245086
2006-05-19,1.845088
2006-05-22,2.234566
2006-05-23,2.665832
2006-05-24,2.518733
2006-05-25,1.418703
2006-05-26,0.865194
2006-05-30,2.440828
2006-05-31,1.657390
2006-06-01,0.458450
2006-06-02,0.278108
2006-06-05,2.062108
2006-06-06,2.182498
2006-06-07,2.785654
2006-06-08,2.655063
2006-06-09,3.097581
2006-06-12,4.252871
2006-06-13,5.318959
2006-06-14,4.832455
2006-06-15,2.820231
2006-06-16,3.186130
2006-06-19,4.072620
2006-06-20,4.077005
2006-06-21,3.149346
2006-06-22,3.662205
2006-06-23,3.748871
2006-06-26,3.283888
2006-06-27,4.162015
2006-06-28,3.637173
2006-06-29,1.567435
2006-06-30,1.782491
2006-07-03,1.020556
2006-07-05,1.744620
2006-07-06,1.508150
2006-07-07,2.181719
2006-07-10,2.049290
2006-07-11,1.667403
2006-07-12,2.744714
2006-07-13,4.010979
2006-07-14,4.484749
2006-07-17,4.620268
2006-07-18,4.438933
2006-07-19,2.671894
2006-07-20,3.501374
2006-07-21,4.189291
2006-07-24,2.609137
2006-07-25,2.008883
2006-07-26,2.060303
2006-07-27,2.476777
2006-07-28,1.310369
2006-07-31,1.475940
2006-08-01,1.937524
2006-08-02,1.454813
2006-08-03,1.252122
2006-08-04,1.342425
2006-08-07,1.635106
2006-08-08,1.984350
2006-08-09,2.427591
2006-08-10,1.990194
2006-08-11,2.394675
2006-08-14,2.296484
2006-08-15,0.979492
2006-08-16,0.240212
2006-08-17,0.100468
2006-08-18,-0.250660
2006-08-21,0.133856
2006-08-22,0.049585
2006-08-23,0.512728
2006-08-24,0.291112
2006-08-25,0.380977
2006-08-28,-0.117397
2006-08-29,-0.294981
2006-08-30,-0.364641
2006-08-31,-0.231451
2006-09-01,-0.767708
2006-09-05,-0.923373
2006-09-06,0.086350
2006-09-07,0.574900
2006-09-08,0.207169
2006-09-11,0.167152
2006-09-12,-0.857350
2006-09-13,-1.236758
2006-09-14,-1.087451
2006-09-15,-1.334497
2006-09-18,-1.436757
2006-09-19,-1.154314
2006-09-20,-1.721013
2006-09-21,-1.160937
2006-09-22,-0.901262
2006-09-25,-1.753778
2006-09-26,-2.126813
2006-09-27,-2.120475
2006-09-28,-2.193808
2006-09-29,-1.948646
2006-10-02,-1.591083
2006-10-03,-1.791196
2006-10-04,-2.579129
2006-10-05,-2.677594
2006-10-06,-2.383769
2006-10-09,-2.446981
2006-10-10,-2.631470
2006-10-11,-2.351739
2006-10-12,-2.958769
2006-10-13,-3.045040
2006-10-16,-3.154993
2006-10-17,-2.753710
2006-10-18,-2.865592
2006-10-19,-2.933723
2006-10-20,-3.037647
2006-10-23,-3.361915
2006-10-24,-3.357829
2006-10-25,-3.526136
2006-10-26,-3.772026
2006-10-27,-2.876150
2006-10-30,-2.901595
2006-10-31,-2.882750
2006-11-01,-2.108034
2006-11-02,-2.056132
2006-11-03,-1.808299
2006-11-06,-2.939600
2006-11-07,-3.143990
2006-11-08,-3.333835
2006-11-09,-2.761333
2006-11-10,-2.932999
2006-11-13,-3.174980
2006-11-14,-3.658390
2006-11-15,-3.763782
2006-11-16,-3.859859
2006-11-17,-3.886824
2006-11-20,-3.806881
2006-11-21,-3.889988
2006-11-22,-3.986861
2006-11-24,-3.578419
2006-11-27,-2.151018
2006-11-28,-2.477607
2006-11-29,-3.395076
2006-11-30,-3.455241
2006-12-01,-3.143708
2006-12-04,-3.927247
2006-12-05,-4.115810
2006-12-06,-3.954086
2006-12-07,-3.516759
2006-12-08,-3.679545
2006-12-11,-3.890370
2006-12-12,-3.754636
2006-12-13,-3.850819
2006-12-14,-4.345745
2006-12-15,-4.377749
2006-12-18,-4.010804
2006-12-19,-4.204358
2006-12-20,-4.026802
2006-12-21,-3.614650
2006-12-22,-3.037446
2006-12-26,-3.458742
2006-12-27,-4.157920
2006-12-28,-3.978914
2006-12-29,-3.486588
2007-01-03,-3.340266
2007-01-04,-3.444117
2007-01-05,-2.791940
2007-01-08,-2.998325
2007-01-09,-2.922757
2007-01-10,-3.099792
2007-01-11,-3.728537
2007-01-12,-4.076298
2007-01-16,-4.094144
2007-01-17,-3.974486
2007-01-18,-3.638875
2007-01-19,-3.911936
2007-01-22,-3.339815
2007-01-23,-3.682214
2007-01-24,-4.249483
2007-01-25,-3.048681
2007-01-26,-2.898903
2007-01-29,-2.759070
2007-01-30,-3.323776
2007-01-31,-3.974682
2007-02-01,-4.296852
2007-02-02,-4.360051
2007-02-05,-4.231254
2007-02-06,-4.276202
2007-02-07,-4.337137
2007-02-08,-4.185597
2007-02-09,-3.420767
2007-02-12,-3.057782
2007-02-13,-3.813573
2007-02-14,-4.395631
2007-02-15,-4.421230
2007-02-16,-4.301302
2007-02-20,-4.468643
2007-02-21,-4.292431
2007-02-22,-4.176547
2007-02-23,-3.779792
2007-02-26,-3.624656
2007-02-27,-0.011468
2007-02-28,-0.547952
2007-03-01,-0.265341
2007-03-02,0.895745
2007-03-05,1.843673
2007-03-06,0.346995
2007-03-07,0.617674
2007-03-08,-0.064517
2007-03-09,-0.105120
2007-03-12,-0.344394
2007-03-13,1.722061
2007-03-14,1.086241
2007-03-15,0.743290
2007-03-16,1.147441
2007-03-19,0.095837
2007-03-20,-0.512721
2007-03-21,-2.200764
2007-03-22,-2.132002
2007-03-23,-2.210037
2007-03-26,-2.273460
2007-03-27,-1.607798
2007-03-28,-0.766657
2007-03-29,-1.107773
2007-03-30,-0.951116
2007-04-02,-1.175804
2007-04-03,-2.079449
2007-04-04,-2.156567
2007-04-05,-2.428531
2007-04-09,-2.449093
2007-04-10,-2.678995
2007-04-11,-1.966801
2007-04-12,-2.560213
2007-04-13,-2.878636
2007-04-16,-3.633578
2007-04-17,-3.704407
2007-04-18,-3.702508
2007-04-19,-3.538653
2007-04-20,-4.054900
2007-04-23,-3.773943
2007-04-24,-3.697088
2007-04-25,-4.330164
2007-04-26,-4.203817
2007-04-27,-4.147658
2007-04-30,-3.288479
2007-05-01,-3.514720
2007-05-02,-4.117100
2007-05-03,-4.298537
2007-05-04,-4.362469
2007-05-07,-4.452751
2007-05-08,-4.280274
2007-05-09,-4.460283
2007-05-10,-2.957865
2007-05-11,-3.904390
2007-05-14,-3.672541
2007-05-15,-3.491311
2007-05-16,-4.286621
2007-05-17,-4.145013
2007-05-18,-4.499977
2007-05-21,-4.535738
2007-05-22,-4.421084
2007-05-23,-4.247862
2007-05-24,-3.191911
2007-05-25,-3.707528
2007-05-29,-3.821800
2007-05-30,-4.432404
2007-05-31,-4.395219
2007-06-01,-4.546519
2007-06-04,-4.598195
2007-06-05,-3.993569
2007-06-06,-3.029914
2007-06-07,-1.184496
2007-06-08,-2.295347
2007-06-11,-2.354063
2007-06-12,-1.223480
2007-06-13,-2.719002
2007-06-14,-3.170550
2007-06-15,-3.799911
2007-06-18,-3.630907
2007-06-19,-3.766910
2007-06-20,-2.316476
2007-06-21,-2.909153
2007-06-22,-1.546992
2007-06-25,-1.184829
2007-06-26,-0.820676
2007-06-27,-1.690650
2007-06-28,-1.610067
2007-06-29,-1.415780
2007-07-02,-2.463140
2007-07-03,-2.791159
2007-07-05,-2.788635
2007-07-06,-3.089269
2007-07-09,-3.144369
2007-07-10,-1.647326
2007-07-11,-2.191942
2007-07-12,-3.818815
2007-07-13,-3.943312
2007-07-16,-3.703947
2007-07-17,-3.654193
2007-07-18,-3.401561
2007-07-19,-3.804468
2007-07-20,-2.498578
2007-07-23,-2.959370
2007-07-24,-0.891249
2007-07-25,-1.332065
2007-07-26,1.056421
2007-07-27,2.657527
2007-07-30,1.680538
2007-07-31,2.942199
2007-08-01,2.257201
2007-08-02,1.849768
2007-08-03,4.470087
2007-08-06,2.180995
2007-08-07,1.597928
2007-08-08,0.236406
2007-08-09,3.208906
2007-08-10,3.185456
2007-08-13,3.246397
2007-08-14,5.010588
2007-08-15,6.334617
2007-08-16,6.035981
2007-08-17,3.739242
2007-08-20,3.776747
2007-08-21,3.685799
2007-08-22,2.574397
2007-08-23,2.695809
2007-08-24,1.590767
2007-08-27,2.442105
2007-08-28,4.739953
2007-08-29,2.666392
2007-08-30,3.086502
2007-08-31,2.014969
2007-09-04,1.006074
2007-09-05,2.157705
2007-09-06,1.755362
2007-09-07,3.425454
2007-09-10,3.557091
2007-09-11,2.254196
2007-09-12,2.260829
2007-09-13,1.452331
2007-09-14,1.450172
2007-09-17,1.970318
2007-09-18,-0.871567
2007-09-19,-1.462589
2007-09-20,-0.758808
2007-09-21,-1.202467
2007-09-24,-0.652298
2007-09-25,-0.599390
2007-09-26,-1.122805
2007-09-27,-1.496271
2007-09-28,-1.169245
2007-10-01,-2.489435
2007-10-02,-2.438351
2007-10-03,-1.951720
2007-10-04,-2.146267
2007-10-05,-2.953285
2007-10-08,-2.599350
2007-10-09,-3.161750
2007-10-10,-2.959128
2007-10-11,-2.402295
2007-10-12,-2.863093
2007-10-15,-1.979254
2007-10-16,-1.288811
2007-10-17,-1.445469
2007-10-18,-1.347302
2007-10-19,1.262917
2007-10-22,0.904549
2007-10-23,0.050795
2007-10-24,0.312808
2007-10-25,0.427368
2007-10-26,-0.925956
2007-10-29,-1.281266
2007-10-30,-0.609335
2007-10-31,-1.794868
2007-11-01,0.909011
2007-11-02,0.843123
2007-11-05,1.347963
2007-11-06,0.175237
2007-11-07,3.113023
2007-11-08,3.177356
2007-11-09,4.565868
2007-11-12,5.522121
2007-11-13,2.782265
2007-11-14,3.474932
2007-11-15,4.751121
2007-11-16,4.254653
2007-11-19,5.924159
2007-11-20,5.500760
2007-11-21,7.000490
2007-11-23,5.428439
2007-11-26,7.621229
2007-11-27,6.241167
2007-11-28,3.567559
2007-11-29,3.524018
2007-11-30,2.778470
2007-12-03,3.353667
2007-12-04,3.986275
2007-12-05,2.532429
2007-12-06,1.075535
2007-12-07,1.260541
2007-12-10,0.530458
2007-12-11,3.057325
2007-12-12,2.484243
2007-12-13,2.379215
2007-12-14,3.734553
2007-12-17,5.192284
2007-12-18,4.606708
2007-12-19,4.746541
2007-12-20,4.289383
2007-12-21,2.707581
2007-12-24,1.936919
2007-12-26,1.877836
2007-12-27,3.294065
2007-12-28,3.162994
2007-12-31,3.839934
2008-01-02,5.235620
2008-01-03,5.241515
2008-01-04,7.564267
2008-01-07,7.263398
2008-01-08,8.958143
2008-01-09,7.713283
2008-01-10,6.978453
2008-01-11,8.240561
2008-01-14,7.242076
2008-01-15,9.547864
2008-01-16,10.047548
2008-01-17,12.648798
2008-01-18,13.159813
2008-01-22,14.102744
2008-01-23,12.244894
2008-01-24,11.347120
2008-01-25,12.737922
2008-01-28,11.192241
2008-01-29,10.631237
2008-01-30,11.039703
2008-01-31,9.533112
2008-02-01,8.413820
2008-02-04,9.357981
2008-02-05,12.235681
2008-02-06,12.881461
2008-02-07,12.172624
2008-02-08,12.516925
2008-02-11,11.978040
2008-02-12,11.316113
2008-02-13,10.091656
2008-02-14,11.277151
2008-02-15,11.180266
2008-02-19,11.236125
2008-02-20,10.473038
2008-02-21,11.599269
2008-02-22,10.878562
2008-02-25,9.625329
2008-02-26,8.982593
2008-02-27,9.046258
2008-02-28,9.838175
2008-02-29,12.254417
2008-03-03,12.179454
2008-03-04,12.453650
2008-03-05,11.965820
2008-03-06,13.870366
2008-03-07,14.560043
2008-03-10,15.844324
2008-03-11,12.690850
2008-03-12,13.444608
2008-03-13,12.969666
2008-03-14,14.741908
2008-03-17,15.467654
2008-03-18,11.850520
2008-03-19,13.954626
2008-03-20,11.862742
2008-03-24,10.485664
2008-03-25,10.257412
2008-03-26,11.017654
2008-03-27,12.008645
2008-03-28,12.680467
2008-03-31,12.153554
2008-04-01,8.975302
2008-04-02,9.124436
2008-04-03,8.979764
2008-04-04,8.880621
2008-04-07,8.715337
2008-04-08,9.155326
2008-04-09,9.866452
2008-04-10,9.440836
2008-04-11,11.260329
2008-04-14,11.532223
2008-04-15,11.097815
2008-04-16,9.057751
2008-04-17,8.975799
2008-04-18,7.302162
2008-04-21,7.423186
2008-04-22,8.213133
2008-04-23,7.921612
2008-04-24,7.308029
2008-04-25,6.685546
2008-04-28,6.758056
2008-04-29,7.093371
2008-04-30,7.423118
2008-05-01,5.812279
2008-05-02,5.484755
2008-05-05,5.888274
2008-05-06,5.148096
2008-05-07,6.840890
2008-05-08,6.479675
2008-05-09,7.086598
2008-05-12,6.049034
2008-05-13,6.075568
2008-05-14,5.688086
2008-05-15,4.684314
2008-05-16,4.558062
2008-05-19,4.464379
2008-05-20,5.346929
2008-05-21,6.853314
2008-05-22,6.595416
2008-05-23,7.808781
2008-05-27,7.166083
2008-05-28,6.787450
2008-05-29,6.280764
2008-05-30,6.134161
2008-06-02,7.116566
2008-06-03,7.648457
2008-06-04,7.666969
2008-06-05,5.859651
2008-06-06,8.753074
2008-06-09,8.663468
2008-06-10,8.868705
2008-06-11,10.384570
2008-06-12,10.069629
2008-06-13,8.704341
2008-06-16,8.679506
2008-06-17,9.280005
2008-06-18,10.138467
2008-06-19,9.776841
2008-06-20,11.424554
2008-06-23,11.393527
2008-06-24,11.620145
2008-06-25,11.082326
2008-06-26,13.663252
2008-06-27,13.953341
2008-06-30,13.811630
2008-07-01,13.448914
2008-07-02,14.990395
2008-07-03,14.856616
2008-07-07,15.526931
2008-07-08,14.044715
2008-07-09,15.958219
2008-07-10,15.328818
2008-07-11,16.224127
2008-07-14,16.934030
2008-07-15,17.790549
2008-07-16,15.685328
2008-07-17,14.626243
2008-07-18,14.555616
2008-07-21,14.556435
2008-07-22,13.359912
2008-07-23,12.962236
2008-07-24,14.926348
2008-07-25,14.521711
2008-07-28,16.058720
2008-07-29,14.050310
2008-07-30,12.570872
2008-07-31,13.673424
2008-08-01,14.109072
2008-08-04,14.831284
2008-08-05,12.342233
2008-08-06,12.012299
2008-08-07,13.550120
2008-08-08,11.446342
2008-08-11,10.795162
2008-08-12,11.831710
2008-08-13,12.046188
2008-08-14,11.517860
2008-08-15,11.116935
2008-08-18,12.412652
2008-08-19,13.187560
2008-08-20,12.609403
2008-08-21,12.352875
2008-08-22,11.319978
2008-08-25,13.024747
2008-08-26,12.669270
2008-08-27,11.942362
2008-08-28,10.611219
2008-08-29,11.803539
2008-09-02,12.131058
2008-09-03,12.279388
2008-09-04,14.866857
2008-09-05,14.457352
2008-09-08,12.673145
2008-09-09,15.622184
2008-09-10,15.068161
2008-09-11,13.868512
2008-09-12,13.655493
2008-09-15,17.680167
2008-09-16,16.194889
2008-09-17,20.093744
2008-09-18,16.586135
2008-09-19,13.192094
2008-09-22,16.464812
2008-09-23,17.717988
2008-09-24,17.828053
2008-09-25,16.161041
2008-09-26,15.832575
2008-09-29,23.186009
2008-09-30,18.971806
2008-10-01,19.289765
2008-10-02,22.489426
2008-10-03,23.480920
2008-10-06,26.368788
2008-10-07,30.528964
2008-10-08,31.191901
2008-10-09,36.343657
2008-10-10,37.014557
2008-10-13,29.394578
2008-10-14,29.700618
2008-10-15,35.977860
2008-10-16,33.186972
2008-10-17,33.531950
2008-10-20,30.300399
2008-10-21,32.381863
2008-10-22,36.441600
2008-10-23,35.570668
2008-10-24,37.722757
2008-10-27,39.630392
2008-10-28,33.049480
2008-10-29,33.727616
2008-10-30,31.367108
2008-10-31,30.258624
2008-11-03,30.381904
2008-11-04,27.492635
2008-11-05,31.166436
2008-11-06,34.563793
2008-11-07,32.618008
2008-11-10,33.408479
2008-11-11,34.811218
2008-11-12,38.126912
2008-11-13,33.777567
2008-11-14,36.467019
2008-11-17,38.035359
2008-11-18,37.360446
2008-11-19,41.124213
2008-11-20,45.005557
2008-11-21,41.458780
2008-11-24,37.602659
2008-11-25,37.125437
2008-11-26,34.834758
2008-11-28,34.139938
2008-12-01,39.949303
2008-12-02,37.480777
2008-12-03,35.794900
2008-12-04,37.606696
2008-12-05,35.259547
2008-12-08,32.703823
2008-12-09,33.827683
2008-12-10,32.967525
2008-12-11,34.806295
2008-12-12,34.280492
2008-12-15,35.045435
2008-12-16,31.644516
2008-12-17,32.233356
2008-12-18,33.603343
2008-12-19,33.345887
2008-12-22,34.504842
2008-12-23,35.072307
2008-12-24,34.254078
2008-12-26,33.833932
2008-12-29,33.823022
2008-12-30,31.702629
2008-12-31,30.666982
2009-01-02,27.951251
2009-01-05,28.220846
2009-01-06,27.590027
2009-01-07,29.690061
2009-01-08,29.380190
2009-01-09,30.814191
2009-01-12,32.304707
2009-01-13,32.113749
2009-01-14,34.303514
2009-01-15,34.134599
2009-01-16,33.554699
2009-01-20,36.979287
2009-01-21,34.154708
2009-01-22,35.069339
2009-01-23,34.638024
2009-01-26,34.191854
2009-01-27,33.394323
2009-01-28,31.083190
2009-01-29,33.286238
2009-01-30,34.720658
2009-02-02,34.668939
2009-02-03,33.544283
2009-02-04,33.951364
2009-02-05,32.782171
2009-02-06,30.886443
2009-02-09,30.694113
2009-02-10,34.004261
2009-02-11,33.385143
2009-02-12,33.175684
2009-02-13,33.750136
2009-02-17,36.668693
2009-02-18,36.627832
2009-02-19,37.288924
2009-02-20,37.901180
2009-02-23,39.955322
2009-02-24,37.446064
2009-02-25,38.012177
2009-02-26,38.886393
2009-02-27,40.221688
2009-03-02,42.901994
2009-03-03,43.158292
2009-03-04,41.697547
2009-03-05,44.065956
2009-03-06,43.887821
2009-03-09,44.342897
2009-03-10,40.690983
2009-03-11,40.439633
2009-03-12,37.905915
2009-03-13,37.316022
2009-03-16,37.425042
2009-03-17,35.302204
2009-03-18,33.843764
2009-03-19,34.593818
2009-03-20,35.777071
2009-03-23,31.119926
2009-03-24,32.420007
2009-03-25,31.663042
2009-03-26,29.964386
2009-03-27,31.284974
2009-03-30,33.572098
2009-03-31,32.590598
2009-04-01,31.365382
2009-04-02,29.287515
2009-04-03,28.496023
2009-04-06,28.986330
2009-04-07,30.577848
2009-04-08,29.657589
2009-04-09,26.881802
2009-04-13,26.595625
2009-04-14,27.973708
2009-04-15,26.976845
2009-04-16,25.749886
2009-04-17,25.287657
2009-04-20,28.391948
2009-04-21,26.778734
2009-04-22,27.251016
2009-04-23,26.434800
2009-04-24,25.112640
2009-04-27,25.776614
2009-04-28,25.892652
2009-04-29,24.208503
2009-04-30,24.200541
2009-05-01,23.704728
2009-05-04,21.034319
2009-05-05,21.246383
2009-05-06,19.790634
2009-05-07,20.758095
2009-05-08,18.761007
2009-05-11,20.422864
2009-05-12,20.413208
2009-05-13,22.467924
2009-05-14,21.573475
2009-05-15,22.369441
2009-05-18,19.919149
2009-05-19,19.670372
2009-05-20,19.781623
2009-05-21,21.026060
2009-05-22,21.042773
2009-05-26,18.873490
2009-05-27,20.309227
2009-05-28,18.976355
2009-05-29,17.777959
2009-06-01,15.561260
2009-06-02,15.297891
2009-06-03,16.361704
2009-06-04,15.308160
2009-06-05,14.390940
2009-06-08,14.384246
2009-06-09,13.949260
2009-06-10,14.149903
2009-06-11,13.534175
2009-06-12,13.320960
2009-06-15,15.281543
2009-06-16,16.023351
2009-06-17,15.833055
2009-06-18,15.024468
2009-06-19,14.118741
2009-06-22,16.652325
2009-06-23,16.364123
2009-06-24,15.716008
2009-06-25,13.377522
2009-06-26,13.415709
2009-06-29,12.537327
2009-06-30,13.187370
2009-07-01,12.730230
2009-07-02,15.183668
2009-07-06,14.892511
2009-07-07,16.476359
2009-07-08,16.510069
2009-07-09,16.121952
2009-07-10,16.371716
2009-07-13,14.203558
2009-07-14,13.658300
2009-07-15,11.014804
2009-07-16,10.194944
2009-07-17,10.159794
2009-07-20,9.067302
2009-07-21,8.687365
2009-07-22,8.690558
2009-07-23,6.538054
2009-07-24,6.248246
2009-07-27,5.967801
2009-07-28,6.235404
2009-07-29,6.687642
2009-07-30,5.572243
2009-07-31,5.498962
2009-08-03,4.080407
2009-08-04,3.811078
2009-08-05,4.111825
2009-08-06,4.654989
2009-08-07,3.392025
2009-08-10,3.751630
2009-08-11,4.862381
2009-08-12,3.808395
2009-08-13,3.200813
2009-08-14,4.047477
2009-08-17,6.391227
2009-08-18,5.452985
2009-08-19,4.813305
2009-08-20,3.784610
2009-08-21,1.999624
2009-08-24,2.077414
2009-08-25,1.886539
2009-08-26,1.907514
2009-08-27,1.672017
2009-08-28,1.360469
2009-08-31,2.049199
2009-09-01,4.164547
2009-09-02,4.298189
2009-09-03,3.530652
2009-09-04,2.316593
2009-09-08,1.115019
2009-09-09,0.438306
2009-09-10,-0.518071
2009-09-11,-0.319002
2009-09-14,-0.891002
2009-09-15,-1.152328
2009-09-16,-2.644041
2009-09-17,-2.246208
2009-09-18,-2.442099
2009-09-21,-3.489857
2009-09-22,-4.094303
2009-09-23,-2.984978
2009-09-24,-1.959256
2009-09-25,-1.287621
2009-09-28,-4.799278
2009-09-29,-4.504096
2009-09-30,-4.305097
2009-10-01,-3.428818
2009-10-02,-3.557237
2009-10-05,-6.271593
2009-10-06,-7.673136
2009-10-07,-7.910012
2009-10-08,-8.652816
2009-10-09,-9.197457
2009-10-12,-9.396810
2009-10-13,-9.026417
2009-10-14,-10.130122
2009-10-15,-10.311726
2009-10-16,-9.357793
2009-10-19,-10.269776
2009-10-20,-9.528047
2009-10-21,-8.510625
2009-10-22,-9.604498
2009-10-23,-8.214761
2009-10-26,-6.890460
2009-10-27,-6.474557
2009-10-28,-4.340923
2009-10-29,-6.619904
2009-10-30,-3.568552
2009-11-02,-4.177782
2009-11-03,-4.356433
2009-11-04,-4.401706
2009-11-05,-6.335039
2009-11-06,-6.526895
2009-11-09,-8.814026
2009-11-10,-8.728327
2009-11-11,-9.176494
2009-11-12,-7.980126
2009-11-13,-8.515283
2009-11-16,-9.503381
2009-11-17,-9.471379
2009-11-18,-9.331875
2009-11-19,-7.786105
2009-11-20,-7.370300
2009-11-23,-8.757912
2009-11-24,-8.612627
2009-11-25,-9.000954
2009-11-27,-7.043647
2009-11-30,-7.366896
2009-12-01,-8.564057
2009-12-02,-8.501895
2009-12-03,-7.492004
2009-12-04,-7.981191
2009-12-07,-7.604937
2009-12-08,-6.405974
2009-12-09,-6.697185
2009-12-10,-7.214923
2009-12-11,-7.497902
2009-12-14,-7.964449
2009-12-15,-7.242398
2009-12-16,-7.245155
2009-12-17,-5.857117
2009-12-18,-6.351026
2009-12-21,-7.338689
2009-12-22,-7.427950
2009-12-23,-7.442162
2009-12-24,-7.633083
2009-12-28,-7.590215
2009-12-29,-7.330346
2009-12-30,-7.249584
2009-12-31,-6.079335
2010-01-04,-7.448400
2010-01-05,-7.520067
2010-01-06,-7.460067
2010-01-07,-7.592320
2010-01-08,-7.661977
2010-01-11,-7.671466
2010-01-12,-6.569527
2010-01-13,-7.353598
2010-01-14,-7.448640
2010-01-15,-6.193489
2010-01-19,-7.353339
2010-01-20,-6.132127
2010-01-21,-4.043800
2010-01-22,-1.665724
2010-01-25,-2.059850
2010-01-26,-1.567680
2010-01-27,-1.999143
2010-01-28,-0.729322
2010-01-29,0.318849
2010-02-01,-1.043878
2010-02-02,-2.292112
2010-02-03,-1.661742
2010-02-04,1.558791
2010-02-05,1.330824
2010-02-08,2.257430
2010-02-09,1.035364
2010-02-10,1.310216
2010-02-11,0.412441
2010-02-12,0.737574
2010-02-16,-0.991331
2010-02-17,-1.361334
2010-02-18,-1.976415
2010-02-19,-2.145493
2010-02-22,-1.989337
2010-02-23,-0.706666
2010-02-24,-1.639798
2010-02-25,-1.378091
2010-02-26,-1.469768
2010-03-01,-2.440035
2010-03-02,-2.619954
2010-03-03,-2.602511
2010-03-04,-2.930176
2010-03-05,-4.311066
2010-03-08,-4.230820
2010-03-09,-4.342948
2010-03-10,-4.746813
2010-03-11,-5.106304
2010-03-12,-5.015726
2010-03-15,-4.987361
2010-03-16,-5.351538
2010-03-17,-5.614481
2010-03-18,-5.521511
2010-03-19,-4.924794
2010-03-22,-5.400517
2010-03-23,-5.753023
2010-03-24,-5.111975
2010-03-25,-4.874346
2010-03-26,-4.892213
2010-03-29,-5.428395
2010-03-30,-5.373407
2010-03-31,-4.964515
2010-04-01,-5.505668
2010-04-05,-5.872869
2010-04-06,-5.895682
2010-04-07,-5.205236
2010-04-08,-5.483655
2010-04-09,-5.903039
2010-04-12,-5.924438
2010-04-13,-5.890396
2010-04-14,-6.436717
2010-04-15,-6.409470
2010-04-16,-4.623054
2010-04-19,-5.025195
2010-04-20,-5.790748
2010-04-21,-5.603400
2010-04-22,-5.757695
2010-04-23,-6.191825
2010-04-26,-5.650638
2010-04-27,-3.103835
2010-04-28,-3.696996
2010-04-29,-4.962544
2010-04-30,-3.151723
2010-05-03,-4.439120
2010-05-04,-1.892115
2010-05-05,-1.168658
2010-05-06,2.145365
2010-05-07,3.679647
2010-05-10,-0.511696
2010-05-11,-0.127850
2010-05-12,-1.457522
2010-05-13,-0.182699
2010-05-14,1.738420
2010-05-17,1.664656
2010-05-18,3.091418
2010-05-19,3.614396
2010-05-20,7.385649
2010-05-21,6.013178
2010-05-24,7.243251
2010-05-25,7.224435
2010-05-26,7.762972
2010-05-27,4.755159
2010-05-28,5.952443
2010-06-01,7.579509
2010-06-02,5.212303
2010-06-03,4.856030
2010-06-04,8.146425
2010-06-07,9.400974
2010-06-08,8.418388
2010-06-09,8.968899
2010-06-10,6.296436
2010-06-11,5.900188
2010-06-14,6.083652
2010-06-15,3.896281
2010-06-16,3.969125
2010-06-17,3.867550
2010-06-18,3.768026
2010-06-21,4.165909
2010-06-22,5.726455
2010-06-23,6.024623
2010-06-24,7.614229
2010-06-25,7.359511
2010-06-28,7.554545
2010-06-29,10.421614
2010-06-30,11.323636
2010-07-01,11.605742
2010-07-02,12.008319
2010-07-06,11.528984
2010-07-07,8.755392
2010-07-08,7.897747
2010-07-09,7.235626
2010-07-12,7.171541
2010-07-13,5.753815
2010-07-14,5.779681
2010-07-15,5.674406
2010-07-16,8.393739
2010-07-19,7.848827
2010-07-20,6.808515
2010-07-21,8.012796
2010-07-22,5.953597
2010-07-23,5.191196
2010-07-26,4.142232
2010-07-27,4.253675
2010-07-28,4.924146
2010-07-29,5.325152
2010-07-30,5.325441
2010-08-02,3.248137
2010-08-03,3.717582
2010-08-04,3.143937
2010-08-05,3.273119
2010-08-06,3.638295
2010-08-09,3.120453
2010-08-10,3.704913
2010-08-11,6.420550
2010-08-12,6.927516
2010-08-13,7.305434
2010-08-16,7.302232
2010-08-17,6.177837
2010-08-18,6.051447
2010-08-19,7.649568
2010-08-20,7.993498
2010-08-23,8.369696
2010-08-24,9.696362
2010-08-25,9.396366
2010-08-26,10.083004
2010-08-27,8.585502
2010-08-30,9.920612
2010-08-31,9.877424
2010-09-01,7.215530
2010-09-02,6.368765
2010-09-03,5.129765
2010-09-07,6.214100
2010-09-08,5.611117
2010-09-09,5.157842
2010-09-10,4.697331
2010-09-13,3.640215
2010-09-14,3.711288
2010-09-15,3.377902
2010-09-16,3.419660
2010-09-17,3.343581
2010-09-20,1.881130
2010-09-21,2.141822
2010-09-22,2.620472
2010-09-23,3.436640
2010-09-24,1.403098
2010-09-27,1.972461
2010-09-28,1.507411
2010-09-29,1.771066
2010-09-30,2.080163
2010-10-01,1.656490
2010-10-04,2.453006
2010-10-05,0.433050
2010-10-06,0.513284
2010-10-07,0.687269
2010-10-08,0.090210
2010-10-11,0.086040
2010-10-12,-0.285407
2010-10-13,-0.987723
2010-10-14,-0.608850
2010-10-15,-0.801173
2010-10-18,-1.514932
2010-10-19,0.104481
2010-10-20,-0.937065
2010-10-21,-1.105998
2010-10-22,-1.337832
2010-10-25,-1.545827
2010-10-26,-1.538437
2010-10-27,-1.254385
2010-10-28,-1.359329
2010-10-29,-1.306632
2010-11-01,-1.391164
2010-11-02,-2.167630
2010-11-03,-2.529183
2010-11-04,-4.325685
2010-11-05,-4.506274
2010-11-08,-4.254052
2010-11-09,-3.385533
2010-11-10,-3.808832
2010-11-11,-3.337628
2010-11-12,-2.087797
2010-11-15,-1.937959
2010-11-16,-0.268654
2010-11-17,-0.271123
2010-11-18,-1.779680
2010-11-19,-2.006868
2010-11-22,-1.813116
2010-11-23,-0.333394
2010-11-24,-1.800214
2010-11-26,-1.014193
2010-11-29,-0.848944
2010-11-30,-0.217088
2010-12-01,-2.358491
2010-12-02,-3.643349
2010-12-03,-3.885703
2010-12-06,-3.723545
2010-12-07,-3.746370
2010-12-08,-4.002069
2010-12-09,-4.178605
2010-12-10,-4.471236
2010-12-13,-4.444042
2010-12-14,-4.464169
2010-12-15,-3.901393
2010-12-16,-4.463854
2010-12-17,-4.484310
2010-12-20,-4.597190
2010-12-21,-4.898981
2010-12-22,-5.057235
2010-12-23,-4.858888
2010-12-27,-4.897300
2010-12-28,-4.952271
2010-12-29,-4.996748
2010-12-30,-4.816422
2010-12-31,-4.774445
2011-01-03,-5.453021
2011-01-04,-5.289361
2011-01-05,-5.607373
2011-01-06,-5.357532
2011-01-07,-5.137687
2011-01-10,-4.968185
2011-01-11,-5.334795
2011-01-12,-5.888049
2011-01-13,-5.679193
2011-01-14,-6.148444
2011-01-18,-6.199478
2011-01-19,-5.102883
2011-01-20,-4.943225
2011-01-21,-5.173137
2011-01-24,-5.763573
2011-01-25,-5.768496
2011-01-26,-6.128630
2011-01-27,-6.232962
2011-01-28,-4.320984
2011-01-31,-5.097738
2011-02-01,-6.515576
2011-02-02,-6.202000
2011-02-03,-6.427351
2011-02-04,-6.583920
2011-02-07,-6.912012
2011-02-08,-7.122443
2011-02-09,-6.790348
2011-02-10,-6.838358
2011-02-11,-7.223704
2011-02-14,-7.324237
2011-02-15,-6.946155
2011-02-16,-7.425067
2011-02-17,-7.558512
2011-02-18,-7.616139
2011-02-22,-5.357453
2011-02-23,-4.678064
2011-02-24,-4.537974
2011-02-25,-5.605078
2011-02-28,-6.151145
2011-03-01,-4.439649
2011-03-02,-4.567419
2011-03-03,-6.317037
2011-03-04,-5.483141
2011-03-07,-4.546592
2011-03-08,-5.423409
2011-03-09,-5.221100
2011-03-10,-3.183853
2011-03-11,-3.858979
2011-03-14,-3.185683
2011-03-15,-1.985725
2011-03-16,0.044377
2011-03-17,-1.254926
2011-03-18,-1.651079
2011-03-21,-3.120382
2011-03-22,-2.698268
2011-03-23,-2.943286
2011-03-24,-3.845943
2011-03-25,-4.121509
2011-03-28,-3.784873
2011-03-29,-4.464203
2011-03-30,-5.112781
2011-03-31,-4.871342
2011-04-01,-5.341325
2011-04-04,-5.327507
2011-04-05,-5.257513
2011-04-06,-5.431480
2011-04-07,-5.215252
2011-04-08,-4.735293
2011-04-11,-4.385938
2011-04-12,-3.519768
2011-04-13,-3.477565
2011-04-14,-3.422060
2011-04-15,-3.761848
2011-04-18,-2.555491
2011-04-19,-3.079469
2011-04-20,-4.411364
2011-04-21,-4.901586
2011-04-25,-4.676236
2011-04-26,-5.397477
2011-04-27,-5.684098
2011-04-28,-5.821246
2011-04-29,-5.888415
2011-05-02,-5.635144
2011-05-03,-5.213372
2011-05-04,-4.432736
2011-05-05,-3.426476
2011-05-06,-3.766613
2011-05-09,-4.183710
2011-05-10,-4.970459
2011-05-11,-3.753441
2011-05-12,-4.207391
2011-05-13,-3.314670
2011-05-16,-2.623869
2011-05-17,-2.541752
2011-05-18,-3.396147
2011-05-19,-3.573803
2011-05-20,-2.732349
2011-05-23,-1.465184
2011-05-24,-1.340863
2011-05-25,-1.620669
2011-05-26,-1.971600
2011-05-27,-2.334414
2011-05-31,-3.360627
2011-06-01,-0.955756
2011-06-02,-0.785539
2011-06-03,0.238511
2011-06-06,1.355392
2011-06-07,1.493604
2011-06-08,1.949434
2011-06-09,1.274831
2011-06-10,2.698641
2011-06-13,2.678983
2011-06-14,1.497222
2011-06-15,3.257706
2011-06-16,3.131749
2011-06-17,2.875167
2011-06-20,2.389098
2011-06-21,1.117771
2011-06-22,1.796893
2011-06-23,2.111796
2011-06-24,3.292266
2011-06-27,2.438225
2011-06-28,1.210768
2011-06-29,0.430537
2011-06-30,-0.536782
2011-07-01,-1.940675
2011-07-05,-1.760351
2011-07-06,-1.821462
2011-07-07,-2.841172
2011-07-08,-2.081767
2011-07-11,-0.195418
2011-07-12,0.282194
2011-07-13,0.008087
2011-07-14,0.712065
2011-07-15,0.195204
2011-07-18,1.039471
2011-07-19,-0.537791
2011-07-20,-0.432082
2011-07-21,-1.755009
2011-07-22,-1.809452
2011-07-25,-1.198429
2011-07-26,-0.749246
2011-07-27,1.324485
2011-07-28,1.669419
2011-07-29,2.326059
2011-08-01,2.751715
2011-08-02,5.251826
2011-08-03,4.791009
2011-08-04,9.350142
2011-08-05,9.406101
2011-08-08,15.432493
2011-08-09,11.421544
2011-08-10,15.321506
2011-08-11,11.399431
2011-08-12,10.932595
2011-08-15,8.996068
2011-08-16,9.884027
2011-08-17,9.800369
2011-08-18,13.813578
2011-08-19,15.094496
2011-08-22,15.056041
2011-08-23,12.132566
2011-08-24,10.971601
2011-08-25,12.347860
2011-08-26,11.014938
2011-08-29,8.497805
2011-08-30,8.285569
2011-08-31,7.838061
2011-09-01,8.936919
2011-09-02,11.238347
2011-09-06,11.892847
2011-09-07,9.368687
2011-09-08,10.328335
2011-09-09,12.718421
2011-09-12,12.104078
2011-09-13,11.299520
2011-09-14,10.104020
2011-09-15,8.564212
2011-09-16,8.044250
2011-09-19,8.942468
2011-09-20,9.089588
2011-09-21,11.751502
2011-09-22,14.548978
2011-09-23,14.013396
2011-09-26,11.994408
2011-09-27,11.042140
2011-09-28,12.867108
2011-09-29,12.145735
2011-09-30,14.321907
2011-10-03,16.735436
2011-10-04,14.842343
2011-10-05,13.302918
2011-10-06,11.700062
2011-10-07,12.402586
2011-10-10,9.401993
2011-10-11,9.341342
2011-10-12,8.443874
2011-10-13,8.705764
2011-10-14,7.112787
2011-10-17,8.901529
2011-10-18,7.032663
2011-10-19,8.197402
2011-10-20,7.767884
2011-10-21,6.026330
2011-10-24,4.813270
2011-10-25,6.713563
2011-10-26,5.724435
2011-10-27,2.491320
2011-10-28,2.453630
2011-10-31,4.858975
2011-11-01,7.503025
2011-11-02,6.004993
2011-11-03,4.235881
2011-11-04,4.831461
2011-11-07,4.226523
2011-11-08,3.099556
2011-11-09,6.642523
2011-11-10,5.825938
2011-11-11,3.988939
2011-11-14,4.899218
2011-11-15,4.431427
2011-11-16,6.006580
2011-11-17,7.568551
2011-11-18,7.587113
2011-11-21,9.287173
2011-11-22,9.637643
2011-11-23,11.605520
2011-11-25,11.813504
2011-11-28,9.209537
2011-11-29,8.983019
2011-11-30,5.024829
2011-12-01,5.188283
2011-12-02,5.192446
2011-12-05,4.200277
2011-12-06,4.083134
2011-12-07,3.880388
2011-12-08,5.898669
2011-12-09,4.297207
2011-12-12,5.706940
2011-12-13,6.510479
2011-12-14,7.553060
2011-12-15,7.231246
2011-12-16,6.913431
2011-12-19,7.985731
2011-12-20,5.225632
2011-12-21,5.025920
2011-12-22,4.232783
2011-12-23,3.359751
2011-12-27,3.345928
2011-12-28,4.545625
2011-12-29,3.524810
2011-12-30,3.935620
2012-01-03,2.448688
2012-01-04,2.426107
2012-01-05,2.136308
2012-01-06,2.380605
2012-01-09,2.153975
2012-01-10,1.280107
2012-01-11,1.245929
2012-01-12,1.010281
2012-01-13,1.492098
2012-01-17,1.135529
2012-01-18,0.032311
2012-01-19,-0.465212
2012-01-20,-0.536057
2012-01-23,-0.587510
2012-01-24,-0.488247
2012-01-25,-1.360841
2012-01-26,-0.778880
2012-01-27,-0.617899
2012-01-30,-0.364419
2012-01-31,-0.318996
2012-02-01,-1.210872
2012-02-02,-1.317436
2012-02-03,-2.790349
2012-02-06,-2.743809
2012-02-07,-2.949640
2012-02-08,-3.168894
2012-02-09,-3.319970
2012-02-10,-2.611241
2012-02-13,-3.310862
2012-02-14,-3.216598
2012-02-15,-2.664783
2012-02-16,-3.796429
2012-02-17,-4.037246
2012-02-21,-4.106307
2012-02-22,-3.754834
2012-02-23,-4.194376
2012-02-24,-4.288660
2012-02-27,-4.356685
2012-02-28,-4.534024
2012-02-29,-4.032828
2012-03-01,-4.594192
2012-03-02,-4.245918
2012-03-05,-3.837427
2012-03-06,-2.241480
2012-03-07,-2.942878
2012-03-08,-3.943107
2012-03-09,-4.308752
2012-03-12,-4.314552
2012-03-13,-5.395052
2012-03-14,-5.255104
2012-03-15,-5.632324
2012-03-16,-5.674808
2012-03-19,-5.874604
2012-03-20,-5.533672
2012-03-21,-5.310509
2012-03-22,-4.528041
2012-03-23,-4.827285
2012-03-26,-6.014880
2012-03-27,-5.685014
2012-03-28,-5.133431
2012-03-29,-4.939125
2012-03-30,-5.295843
2012-04-02,-5.963312
2012-04-03,-5.509491
2012-04-04,-4.406830
2012-04-05,-4.318907
2012-04-09,-3.113638
2012-04-10,-1.336503
2012-04-11,-2.070103
2012-04-12,-3.453499
2012-04-13,-2.147329
2012-04-16,-2.082735
2012-04-17,-3.648594
2012-04-18,-3.218548
2012-04-19,-2.597714
2012-04-20,-2.709319
2012-04-23,-1.842891
2012-04-24,-2.211690
2012-04-25,-3.591066
2012-04-26,-4.264452
2012-04-27,-4.497681
2012-04-30,-4.072717
2012-05-01,-4.642221
2012-05-02,-4.360096
2012-05-03,-3.546965
2012-05-04,-1.865882
2012-05-07,-1.896178
2012-05-08,-1.456287
2012-05-09,-0.772737
2012-05-10,-1.020999
2012-05-11,-0.668745
2012-05-14,0.457700
2012-05-15,1.037477
2012-05-16,1.480971
2012-05-17,2.973968
2012-05-18,3.697688
2012-05-21,2.176725
2012-05-22,2.152740
2012-05-23,2.027151
2012-05-24,1.921765
2012-05-25,2.173692
2012-05-29,1.122235
2012-05-30,2.566457
2012-05-31,2.809315
2012-06-01,5.220864
2012-06-04,5.226799
2012-06-05,4.712225
2012-06-06,2.553981
2012-06-07,2.602291
2012-06-08,1.844615
2012-06-11,3.109223
2012-06-12,2.013207
2012-06-13,2.728658
2012-06-14,1.700435
2012-06-15,0.710381
2012-06-18,0.592282
2012-06-19,-0.352283
2012-06-20,-0.146253
2012-06-21,2.114863
2012-06-22,1.439710
2012-06-25,3.037221
2012-06-26,2.606978
2012-06-27,1.765450
2012-06-28,2.003489
2012-06-29,-0.403605
2012-07-02,-0.618935
2012-07-03,-1.213924
2012-07-05,-0.706536
2012-07-06,0.273862
2012-07-09,0.474267
2012-07-10,1.324788
2012-07-11,1.366619
2012-07-12,1.892117
2012-07-13,0.309612
2012-07-16,0.580396
2012-07-17,-0.115829
2012-07-18,-0.736394
2012-07-19,-0.954624
2012-07-20,0.108337
2012-07-23,1.038665
2012-07-24,1.966917
2012-07-25,2.032936
2012-07-26,0.444857
2012-07-27,-1.416695
2012-07-30,-1.332197
2012-07-31,-0.859959
2012-08-01,-0.537724
2012-08-02,0.248783
2012-08-03,-1.617540
2012-08-06,-1.817498
2012-08-07,-2.300261
2012-08-08,-2.330999
2012-08-09,-2.343651
2012-08-10,-2.532276
2012-08-13,-2.371590
2012-08-14,-2.334703
2012-08-15,-2.427334
2012-08-16,-3.122111
2012-08-17,-3.275090
2012-08-20,-3.236816
2012-08-21,-2.845447
2012-08-22,-2.836825
2012-08-23,-1.978895
2012-08-24,-2.610326
2012-08-27,-2.524243
2012-08-28,-2.407876
2012-08-29,-2.465381
2012-08-30,-1.636644
2012-08-31,-2.123039
2012-09-04,-1.971023
2012-09-05,-1.825516
2012-09-06,-3.402361
2012-09-07,-3.569711
2012-09-10,-2.885215
2012-09-11,-3.153833
2012-09-12,-3.314563
2012-09-13,-4.178350
2012-09-14,-4.338279
2012-09-17,-3.969268
2012-09-18,-3.793247
2012-09-19,-3.872947
2012-09-20,-3.776229
2012-09-21,-3.728226
2012-09-24,-3.457749
2012-09-25,-2.330601
2012-09-26,-1.708867
2012-09-27,-2.648889
2012-09-28,-2.147305
2012-10-01,-2.372696
2012-10-02,-2.417100
2012-10-03,-2.743061
2012-10-04,-3.429840
2012-10-05,-3.353483
2012-10-08,-2.954798
2012-10-09,-1.900292
2012-10-10,-1.237694
2012-10-11,-1.225437
2012-10-12,-0.891087
2012-10-15,-1.672098
2012-10-16,-2.678071
2012-10-17,-3.065120
2012-10-18,-2.778445
2012-10-19,-1.046379
2012-10-22,-1.061188
2012-10-23,0.423272
2012-10-24,0.752218
2012-10-25,0.477389
2012-10-26,0.571621
2012-10-31,0.579023
2012-11-01,-0.482130
2012-11-02,0.480085
2012-11-05,0.283884
2012-11-06,-0.478006
2012-11-07,1.918197
2012-11-08,3.126628
2012-11-09,2.971802
2012-11-12,2.970282
2012-11-13,3.367466
2012-11-14,4.713564
2012-11-15,4.872657
2012-11-16,4.418615
2012-11-19,2.531305
2012-11-20,2.474434
2012-11-21,2.256650
2012-11-23,0.994851
2012-11-26,1.206138
2012-11-27,1.731077
2012-11-28,0.971458
2012-11-29,0.560498
2012-11-30,0.556468
2012-12-03,1.040517
2012-12-04,1.218704
2012-12-05,1.070969
2012-12-06,0.753375
2012-12-07,0.474632
2012-12-10,0.451103
2012-12-11,-0.189300
2012-12-12,-0.222903
2012-12-13,0.419366
2012-12-14,0.839966
2012-12-17,-0.326672
2012-12-18,-1.464603
2012-12-19,-0.681256
2012-12-20,-1.215030
2012-12-21,-0.251404
2012-12-24,0.004461
2012-12-26,0.492182
2012-12-27,0.622052
2012-12-28,1.721348
2012-12-31,0.062203
2013-01-02,-2.465248
2013-01-03,-2.241133
2013-01-04,-2.703924
2013-01-07,-2.372526
2013-01-08,-2.030390
2013-01-09,-2.288505
2013-01-10,-2.858752
2013-01-11,-2.843326
2013-01-14,-2.736592
2013-01-15,-2.832409
2013-01-16,-2.829670
2013-01-17,-3.113975
2013-01-18,-3.281944
2013-01-22,-3.502692
2013-01-23,-3.564942
2013-01-24,-3.546734
2013-01-25,-3.815043
2013-01-28,-3.595805
2013-01-29,-3.935563
2013-01-30,-3.508280
2013-01-31,-3.218481
2013-02-01,-4.051621
2013-02-04,-2.830977
2013-02-05,-3.877820
2013-02-06,-3.908837
2013-02-07,-3.696114
2013-02-08,-4.096410
2013-02-11,-4.005384
2013-02-12,-4.097084
2013-02-13,-4.105940
2013-02-14,-4.120578
2013-02-15,-3.988334
2013-02-19,-4.412847
2013-02-20,-3.096763
2013-02-21,-2.425924
2013-02-22,-3.296462
2013-02-25,-1.382986
2013-02-26,-1.977288
2013-02-27,-3.244292
2013-02-28,-3.125282
2013-03-01,-3.333550
2013-03-04,-3.774296
2013-03-05,-4.437682
2013-03-06,-4.455009
2013-03-07,-4.507828
2013-03-08,-4.702663
2013-03-11,-4.833943
2013-03-12,-4.536579
2013-03-13,-4.628577
2013-03-14,-4.942706
2013-03-15,-4.726074
2013-03-18,-4.106983
2013-03-19,-3.810012
2013-03-20,-4.457729
2013-03-21,-3.541821
2013-03-22,-4.231560
2013-03-25,-3.832977
2013-03-26,-4.576654
2013-03-27,-4.467983
2013-03-28,-4.672051
2013-04-01,-4.155813
2013-04-02,-4.613976
2013-04-03,-3.465857
2013-04-04,-3.841272
2013-04-05,-3.355901
2013-04-08,-3.966278
2013-04-09,-4.295079
2013-04-10,-4.965557
2013-04-11,-5.109706
2013-04-12,-4.763332
2013-04-15,-2.313105
2013-04-16,-3.729174
2013-04-17,-2.202342
2013-04-18,-1.478572
2013-04-19,-2.340835
2013-04-22,-2.781462
2013-04-23,-3.814137
2013-04-24,-3.775419
2013-04-25,-4.151049
2013-04-26,-3.916392
2013-04-29,-4.608382
2013-04-30,-4.696075
2013-05-01,-3.675617
2013-05-02,-4.605387
2013-05-03,-5.131495
2013-05-06,-5.188836
2013-05-07,-5.429605
2013-05-08,-5.610467
2013-05-09,-5.171293
2013-05-10,-5.541353
2013-05-13,-5.487998
2013-05-14,-5.991349
2013-05-15,-6.220711
2013-05-16,-5.638470
2013-05-17,-6.410718
2013-05-20,-6.280747
2013-05-21,-6.357158
2013-05-22,-5.422457
2013-05-23,-5.065527
2013-05-24,-4.959794
2013-05-28,-5.576690
2013-05-29,-4.786703
2013-05-30,-5.124309
2013-05-31,-3.578934
2013-06-03,-4.150149
2013-06-04,-3.534501
2013-06-05,-2.071108
2013-06-06,-2.900077
2013-06-07,-4.179029
2013-06-10,-4.101659
2013-06-11,-3.006043
2013-06-12,-2.108172
2013-06-13,-3.575120
2013-06-14,-2.926620
2013-06-17,-3.663945
2013-06-18,-4.427245
2013-06-19,-2.941429
2013-06-20,-0.333733
2013-06-21,-0.568962
2013-06-24,0.681588
2013-06-25,-0.229413
2013-06-26,-1.160507
2013-06-27,-1.756646
2013-06-28,-1.288946
2013-07-01,-1.804203
2013-07-02,-1.717387
2013-07-03,-1.773775
2013-07-05,-2.782455
2013-07-08,-3.290159
2013-07-09,-4.002188
2013-07-10,-3.986644
2013-07-11,-5.181500
2013-07-12,-5.311721
2013-07-15,-5.346662
2013-07-16,-4.913422
2013-07-17,-5.159528
2013-07-18,-5.440527
2013-07-19,-5.484010
2013-07-22,-5.551083
2013-07-23,-5.310839
2013-07-24,-4.867057
2013-07-25,-5.093787
2013-07-26,-5.139165
2013-07-29,-4.705138
2013-07-30,-4.700406
2013-07-31,-4.640771
2013-08-01,-5.568999
2013-08-02,-5.609271
2013-08-05,-5.404804
2013-08-06,-4.758140
2013-08-07,-4.318467
2013-08-08,-4.680905
2013-08-09,-4.261321
2013-08-12,-4.095824
2013-08-13,-4.334957
2013-08-14,-3.746136
2013-08-15,-2.221436
2013-08-16,-1.841576
2013-08-19,-1.200642
2013-08-20,-1.548787
2013-08-21,-0.922938
2013-08-22,-1.751712
2013-08-23,-2.112899
2013-08-26,-1.655557
2013-08-27,0.000641
2013-08-28,-0.231217
2013-08-29,-0.384583
2013-08-30,-0.022662
2013-09-03,-0.391468
2013-09-04,-1.155720
2013-09-05,-1.228287
2013-09-06,-1.188601
2013-09-09,-2.151547
2013-09-10,-2.851898
2013-09-11,-3.117957
2013-09-12,-2.722233
2013-09-13,-2.951875
2013-09-16,-3.488827
2013-09-17,-3.875834
2013-09-18,-4.623717
2013-09-19,-4.376951
2013-09-20,-3.571930
2013-09-23,-3.033458
2013-09-24,-2.717964
2013-09-25,-2.390362
2013-09-26,-2.700033
2013-09-27,-2.237439
2013-09-30,-1.578952
2013-10-01,-2.345334
2013-10-02,-2.230322
2013-10-03,-1.271351
2013-10-04,-1.945175
2013-10-07,-1.038491
2013-10-08,0.241854
2013-10-09,0.221253
2013-10-10,-1.913020
2013-10-11,-2.506626
2013-10-14,-2.875715
2013-10-15,-2.100272
2013-10-16,-3.462772
2013-10-17,-3.894018
2013-10-18,-4.198902
2013-10-21,-4.157066
2013-10-22,-4.418336
2013-10-23,-3.876466
2013-10-24,-4.165994
2013-10-25,-4.429992
2013-10-28,-4.453514
2013-10-29,-4.706661
2013-10-30,-4.147258
2013-10-31,-3.699989
2013-11-01,-3.954146
2013-11-04,-4.278099
2013-11-05,-3.940452
2013-11-06,-4.337731
2013-11-07,-2.920714
2013-11-08,-4.258088
2013-11-11,-4.288225
2013-11-12,-3.997934
2013-11-13,-4.509512
2013-11-14,-4.724224
2013-11-15,-4.907445
2013-11-18,-4.470107
2013-11-19,-4.210695
2013-11-20,-3.787297
2013-11-21,-4.583261
2013-11-22,-4.871291
2013-11-25,-4.691280
2013-11-26,-4.659872
2013-11-27,-4.803809
2013-11-29,-4.674274
2013-12-02,-4.343228
2013-12-03,-3.966644
2013-12-04,-3.785091
2013-12-05,-3.288668
2013-12-06,-4.401804
2013-12-09,-4.507262
2013-12-10,-4.124949
2013-12-11,-2.903586
2013-12-12,-2.473687
2013-12-13,-2.422064
2013-12-16,-3.027267
2013-12-17,-2.669095
2013-12-18,-4.271461
2013-12-19,-4.167888
2013-12-20,-4.414508
2013-12-23,-4.659437
2013-12-24,-4.772815
2013-12-26,-4.985511
2013-12-27,-4.904571
2013-12-30,-4.839886
2013-12-31,-5.034336
2014-01-02,-4.057504
2014-01-03,-3.978698
2014-01-06,-3.672213
2014-01-07,-4.257206
2014-01-08,-4.188873
2014-01-09,-4.180862
2014-01-10,-4.376010
2014-01-13,-3.023529
2014-01-14,-4.093549
2014-01-15,-4.585902
2014-01-16,-4.398013
2014-01-17,-3.946783
2014-01-21,-4.188587
2014-01-22,-4.203410
2014-01-23,-3.235959
2014-01-24,-1.049514
2014-01-27,-0.527818
2014-01-28,-1.113642
2014-01-29,-0.047447
2014-01-30,-1.140789
2014-01-31,-0.451571
2014-02-03,1.871865
2014-02-04,1.152137
2014-02-05,1.380984
2014-02-06,0.183701
2014-02-07,-1.110551
2014-02-10,-1.236259
2014-02-11,-2.319328
2014-02-12,-2.256855
2014-02-13,-2.814863
2014-02-14,-3.269402
2014-02-18,-3.351118
2014-02-19,-2.643645
2014-02-20,-3.228183
2014-02-21,-2.997531
2014-02-24,-3.601259
2014-02-25,-3.427709
2014-02-26,-3.397150
2014-02-27,-3.714563
2014-02-28,-3.831426
2014-03-03,-3.036400
2014-03-04,-4.185670
2014-03-05,-4.147803
2014-03-06,-4.210509
2014-03-07,-4.206978
2014-03-10,-4.124036
2014-03-11,-3.561145
2014-03-12,-3.558833
2014-03-13,-2.318552
2014-03-14,-2.000423
2014-03-17,-2.949569
2014-03-18,-3.655449
2014-03-19,-2.986023
2014-03-20,-3.570974
2014-03-21,-3.227650
2014-03-24,-2.689612
2014-03-25,-3.107812
2014-03-26,-2.354162
2014-03-27,-2.125925
2014-03-28,-2.562575
2014-03-31,-3.339204
2014-04-01,-3.827705
2014-04-02,-3.942508
2014-04-03,-3.789023
2014-04-04,-2.452018
2014-04-07,-1.312212
2014-04-08,-1.653265
2014-04-09,-2.717862
2014-04-10,-0.536357
2014-04-11,0.448506
2014-04-14,-0.337488
2014-04-15,-0.980416
2014-04-16,-2.002552
2014-04-17,-2.104163
2014-04-21,-2.451170
2014-04-22,-2.833189
2014-04-23,-2.570401
2014-04-24,-2.712605
2014-04-25,-1.849716
2014-04-28,-2.150387
2014-04-29,-2.607120
2014-04-30,-2.883992
2014-05-01,-2.838270
2014-05-02,-2.669763
2014-05-05,-2.832760
2014-05-06,-1.882532
2014-05-07,-2.427661
2014-05-08,-2.259854
2014-05-09,-2.386737
2014-05-12,-3.194242
2014-05-13,-3.185979
2014-05-14,-2.670767
2014-05-15,-1.682451
2014-05-16,-2.035181
2014-05-19,-2.401189
2014-05-20,-1.711849
2014-05-21,-2.510671
2014-05-22,-2.724006
2014-05-23,-3.048197
2014-05-27,-3.333918
2014-05-28,-3.186366
2014-05-29,-3.493441
2014-05-30,-3.557834
2014-06-02,-3.561087
2014-06-03,-3.482675
2014-06-04,-3.562328
2014-06-05,-3.867777
2014-06-06,-4.072469
2014-06-09,-4.076961
2014-06-10,-4.007371
2014-06-11,-3.597731
2014-06-12,-2.822978
2014-06-13,-3.100077
2014-06-16,-3.141596
2014-06-17,-3.320764
2014-06-18,-3.923784
2014-06-19,-3.945148
2014-06-20,-3.992428
2014-06-23,-3.933024
2014-06-24,-3.220795
2014-06-25,-3.683821
2014-06-26,-3.521356
2014-06-27,-3.679126
2014-06-30,-3.599828
2014-07-01,-3.983283
2014-07-02,-3.977942
2014-07-03,-4.232104
2014-07-07,-3.785970
2014-07-08,-3.019112
2014-07-09,-3.458992
2014-07-10,-2.993253
2014-07-11,-3.105338
2014-07-14,-3.563119
2014-07-15,-3.322970
2014-07-16,-3.714653
2014-07-17,-2.447383
2014-07-18,-3.457774
2014-07-21,-3.177162
2014-07-22,-3.650357
2014-07-23,-3.749520
2014-07-24,-3.730432
2014-07-25,-3.180805
2014-07-28,-3.164037
2014-07-29,-2.657184
2014-07-30,-2.625249
2014-07-31,-0.541937
2014-08-01,-0.222801
2014-08-04,-0.912795
2014-08-05,0.090558
2014-08-06,0.113365
2014-08-07,0.691118
2014-08-08,-0.429419
2014-08-11,-0.679970
2014-08-12,-0.489918
2014-08-13,-1.137764
2014-08-14,-1.550188
2014-08-15,-1.518279
2014-08-18,-2.354954
2014-08-19,-2.834879
2014-08-20,-3.057754
2014-08-21,-3.219424
2014-08-22,-2.981787
2014-08-25,-3.303196
2014-08-26,-3.323248
2014-08-27,-3.293303
2014-08-28,-3.086892
2014-08-29,-3.314478
2014-09-02,-3.227050
2014-09-03,-3.116903
2014-09-04,-2.930537
2014-09-05,-3.309948
2014-09-08,-2.962330
2014-09-09,-2.259459
2014-09-10,-2.604264
2014-09-11,-2.667718
2014-09-12,-2.030052
2014-09-15,-1.932368
2014-09-16,-2.668426
2014-09-17,-2.774036
2014-09-18,-3.156240
2014-09-19,-3.076800
2014-09-22,-2.222795
2014-09-23,-1.604995
2014-09-24,-2.373950
2014-09-25,-0.697147
2014-09-26,-1.535887
2014-09-29,-1.250455
2014-09-30,-0.941475
2014-10-01,0.418878
2014-10-02,0.439861
2014-10-03,-0.646355
2014-10-06,-0.467907
2014-10-07,1.068536
2014-10-08,-0.638526
2014-10-09,1.454126
2014-10-10,2.592137
2014-10-13,4.200467
2014-10-14,4.053906
2014-10-15,4.833846
2014-10-16,4.821895
2014-10-17,3.602724
2014-10-20,2.730912
2014-10-21,0.842207
2014-10-22,1.577811
2014-10-23,0.382073
2014-10-24,-0.303522
2014-10-27,-0.136859
2014-10-28,-1.309830
2014-10-29,-1.150005
2014-10-30,-1.760212
2014-10-31,-2.763933
2014-11-03,-2.727017
2014-11-04,-2.413198
2014-11-05,-2.835576
2014-11-06,-3.006996
2014-11-07,-2.992112
2014-11-10,-3.121893
2014-11-11,-3.124680
2014-11-12,-3.015892
2014-11-13,-3.036630
2014-11-14,-3.022481
2014-11-17,-3.020204
2014-11-18,-3.251385
2014-11-19,-3.055424
2014-11-20,-3.196460
2014-11-21,-3.438140
2014-11-24,-3.553802
2014-11-25,-3.400503
2014-11-26,-3.572874
2014-11-28,-3.276735
2014-12-01,-2.542009
2014-12-02,-3.165607
2014-12-03,-3.483929
2014-12-04,-3.331736
2014-12-05,-3.445804
2014-12-08,-2.666096
2014-12-09,-2.612399
2014-12-10,-0.910333
2014-12-11,-1.343682
2014-12-12,0.318352
2014-12-15,0.969481
2014-12-16,1.823009
2014-12-17,-0.156683
2014-12-18,-2.536967
2014-12-19,-2.979332
2014-12-22,-3.267858
2014-12-23,-3.331560
2014-12-24,-3.287998
2014-12-26,-3.438182
2014-12-29,-3.450124
2014-12-30,-2.914290
2014-12-31,-1.828075
2015-01-02,-1.766964
2015-01-05,0.112699
2015-01-06,1.018784
2015-01-07,-0.110153
2015-01-08,-1.874617
2015-01-09,-0.992961
2015-01-12,-0.151980
2015-01-13,0.127952
2015-01-14,0.726607
2015-01-15,1.658492
2015-01-16,0.355121
2015-01-20,0.218163
2015-01-21,-0.232048
2015-01-22,-1.733532
2015-01-23,-1.148431
2015-01-26,-1.383737
2015-01-27,-0.000777
2015-01-28,1.372785
2015-01-29,0.457143
2015-01-30,1.769852
2015-02-02,0.517082
2015-02-03,-0.895092
2015-02-04,-0.453612
2015-02-05,-1.463299
2015-02-06,-1.092841
2015-02-09,-0.641523
2015-02-10,-1.688870
2015-02-11,-1.659690
2015-02-12,-2.612227
2015-02-13,-2.848410
2015-02-17,-2.903953
2015-02-18,-2.842512
2015-02-19,-2.705018
2015-02-20,-3.064751
2015-02-23,-3.002632
2015-02-24,-3.132037
2015-02-25,-3.021698
2015-02-26,-2.841179
2015-02-27,-2.509739
2015-03-02,-3.062011
2015-03-03,-2.562916
2015-03-04,-2.083787
2015-03-05,-2.177473
2015-03-06,-0.703503
2015-03-09,-1.075846
2015-03-10,0.657895
2015-03-11,0.866187
2015-03-12,-0.363198
2015-03-13,0.264854
2015-03-16,-1.064047
2015-03-17,-0.709049
2015-03-18,-1.910735
2015-03-19,-1.392753
2015-03-20,-2.283005
2015-03-23,-2.083053
2015-03-24,-1.437915
2015-03-25,0.052919
2015-03-26,0.303949
2015-03-27,0.082743
2015-03-30,-1.119777
2015-03-31,-0.213526
2015-04-01,0.199356
2015-04-02,-0.136974
2015-04-06,-0.782902
2015-04-07,-0.560150
2015-04-08,-0.814647
2015-04-09,-1.247482
2015-04-10,-1.754601
2015-04-13,-1.271346
2015-04-14,-1.418553
2015-04-15,-1.921845
2015-04-16,-1.823819
2015-04-17,-0.658308
2015-04-20,-1.571720
2015-04-21,-1.406973
2015-04-22,-1.906075
2015-04-23,-2.127066
2015-04-24,-2.331313
2015-04-27,-1.888958
2015-04-28,-2.152125
2015-04-29,-1.753378
2015-04-30,-0.708468
2015-05-01,-1.792240
2015-05-04,-2.071468
2015-05-05,-0.849076
2015-05-06,-0.386255
2015-05-07,-0.751845
2015-05-08,-2.091171
2015-05-11,-1.556583
2015-05-12,-1.241656
2015-05-13,-1.195577
2015-05-14,-2.186463
2015-05-15,-2.206955
2015-05-18,-2.340523
2015-05-19,-2.248631
2015-05-20,-2.129518
2015-05-21,-2.303186
2015-05-22,-2.048300
2015-05-26,-0.974403
2015-05-27,-1.875105
2015-05-28,-1.722637
2015-05-29,-1.057952
2015-06-01,-1.245188
2015-06-02,-1.123559
2015-06-03,-1.317706
2015-06-04,-0.428470
2015-06-05,-0.270321
2015-06-08,0.390405
2015-06-09,0.359638
2015-06-10,-0.825596
2015-06-11,-0.986936
2015-06-12,-0.268854
2015-06-15,0.205120
2015-06-16,-0.350266
2015-06-17,-0.536782
2015-06-18,-1.517350
2015-06-19,-0.965238
2015-06-22,-1.564808
2015-06-23,-1.614688
2015-06-24,-0.854082
2015-06-25,-0.539977
2015-06-26,-0.487570
2015-06-29,1.616567
2015-06-30,1.364501
2015-07-01,0.691844
2015-07-02,0.732003
2015-07-06,1.123581
2015-07-07,0.530936
2015-07-08,2.191763
2015-07-09,1.977420
2015-07-10,0.779495
2015-07-13,-0.305913
2015-07-14,-0.734782
2015-07-15,-0.645249
2015-07-16,-1.433530
2015-07-17,-1.526384
2015-07-20,-1.581854
2015-07-21,-1.127362
2015-07-22,-0.867717
2015-07-23,-0.278223
2015-07-24,0.812741
2015-07-27,1.397533
2015-07-28,0.196490
2015-07-29,-0.508937
2015-07-30,-0.482917
2015-07-31,-0.226848
2015-08-03,0.078331
2015-08-04,0.331284
2015-08-05,0.046924
2015-08-06,0.843641
2015-08-07,1.145178
2015-08-10,-0.099309
2015-08-11,0.873483
2015-08-12,0.794019
2015-08-13,0.935246
2015-08-14,0.560625
2015-08-17,0.057044
2015-08-18,0.331871
2015-08-19,1.162032
2015-08-20,3.249642
2015-08-21,6.326532
2015-08-24,10.004254
2015-08-25,11.203466
2015-08-26,7.727106
2015-08-27,5.479247
2015-08-28,5.415845
2015-08-31,6.202000
2015-09-01,8.962264
2015-09-02,7.286613
2015-09-03,7.168391
2015-09-04,8.576870
2015-09-08,6.274610
2015-09-09,7.564647
2015-09-10,7.064130
2015-09-11,6.634738
2015-09-14,7.003587
2015-09-15,5.799387
2015-09-16,4.970918
2015-09-17,5.206945
2015-09-18,6.726784
2015-09-21,6.288578
2015-09-22,7.428281
2015-09-23,7.602431
2015-09-24,7.898674
2015-09-25,7.927037
2015-09-28,10.274264
2015-09-29,10.146929
2015-09-30,8.423656
2015-10-01,8.235461
2015-10-02,6.919375
2015-10-05,5.213929
2015-10-06,5.544585
2015-10-07,4.776799
2015-10-08,3.929372
2015-10-09,3.851737
2015-10-12,3.721455
2015-10-13,4.368564
2015-10-14,4.808277
2015-10-15,3.387682
2015-10-16,2.943028
2015-10-19,2.913829
2015-10-20,3.053017
2015-10-21,3.619716
2015-10-22,2.020364
2015-10-23,0.941205
2015-10-26,1.133931
2015-10-27,1.391025
2015-10-28,0.231777
2015-10-29,0.286260
2015-10-30,0.776476
2015-11-02,-0.391214
2015-11-03,-0.654268
2015-11-04,-0.288741
2015-11-05,-0.170662
2015-11-06,-0.129998
2015-11-09,0.856175
2015-11-10,0.712785
2015-11-11,1.042165
2015-11-12,2.429590
2015-11-13,3.526427
2015-11-16,2.092551
2015-11-17,2.223735
2015-11-18,0.648573
2015-11-19,0.762440
2015-11-20,0.388454
2015-11-23,0.516336
2015-11-24,0.397284
2015-11-25,0.412636
2015-11-27,0.353719
2015-11-30,0.814156
2015-12-01,-0.244924
2015-12-02,0.854880
2015-12-03,2.274197
2015-12-04,0.266027
2015-12-07,0.959148
2015-12-08,1.595633
2015-12-09,2.349224
2015-12-10,2.122327
2015-12-11,4.012497
2015-12-14,3.544686
2015-12-15,2.512740
2015-12-16,1.094613
2015-12-17,2.575101
2015-12-18,4.301244
2015-12-21,3.549932
2015-12-22,2.698934
2015-12-23,1.493564
2015-12-24,1.650438
2015-12-28,1.865074
2015-12-29,0.821577
2015-12-30,1.536045
2015-12-31,2.456097
2016-01-04,3.939808
2016-01-05,3.735660
2016-01-06,4.984820
2016-01-07,7.219723
2016-01-08,8.209548
2016-01-11,8.116183
2016-01-12,7.385223
2016-01-13,9.675497
2016-01-14,8.150842
2016-01-15,10.114733
2016-01-19,10.046235
2016-01-20,11.073735
2016-01-21,10.588713
2016-01-22,8.755287
2016-01-25,10.158262
2016-01-26,8.865015
2016-01-27,9.831545
2016-01-28,9.310166
2016-01-29,7.045384
2016-02-01,7.067387
2016-02-02,8.788950
2016-02-03,8.312106
2016-02-04,8.151249
2016-02-05,9.823023
2016-02-08,11.070495
2016-02-09,11.099937
2016-02-10,11.088069
2016-02-11,12.150281
2016-02-12,10.408372
2016-02-16,8.906858
2016-02-17,7.384450
2016-02-18,7.793729
2016-02-19,7.776175
2016-02-22,6.427265
2016-02-23,7.573211
2016-02-24,7.141015
2016-02-25,6.068995
2016-02-26,6.226750
2016-02-29,6.968719
2016-03-01,4.730964
2016-03-02,4.324394
2016-03-03,3.973130
2016-03-04,3.640063
2016-03-07,3.539605
2016-03-08,4.605489
2016-03-09,4.106867
2016-03-10,4.077963
2016-03-11,2.492726
2016-03-14,2.603160
2016-03-15,2.770766
2016-03-16,2.215739
2016-03-17,1.562187
2016-03-18,1.120390
2016-03-21,1.017364
2016-03-22,1.098793
2016-03-23,1.725052
2016-03-24,1.756677
2016-03-28,1.694577
2016-03-29,0.821048
2016-03-30,0.385761
2016-03-31,0.585822
2016-04-01,-0.046558
2016-04-04,0.270063
2016-04-05,1.272199
2016-04-06,0.229293
2016-04-07,1.413950
2016-04-08,1.129571
2016-04-11,1.392076
2016-04-12,0.434155
2016-04-13,-0.567948
2016-04-14,-0.582111
2016-04-15,-0.480850
2016-04-18,-1.135913
2016-04-19,-1.444756
2016-04-20,-1.517653
2016-04-21,-0.989061
2016-04-22,-0.988109
2016-04-25,-0.800424
2016-04-26,-0.987255
2016-04-27,-1.154393
2016-04-28,-0.224897
2016-04-29,0.277195
2016-05-02,-0.507131
2016-05-03,0.356888
2016-05-04,0.938702
2016-05-05,0.953706
2016-05-06,0.632035
2016-05-09,0.551641
2016-05-10,-0.689227
2016-05-11,0.273109
2016-05-12,0.286298
2016-05-13,1.123872
2016-05-16,0.149861
2016-05-17,1.082420
2016-05-18,1.055748
2016-05-19,1.415789
2016-05-20,0.758858
2016-05-23,0.961324
2016-05-24,-0.393855
2016-05-25,-1.095840
2016-05-26,-1.073785
2016-05-27,-1.505386
2016-05-31,-1.401588
2016-06-01,-1.515672
2016-06-02,-1.802055
2016-06-03,-1.505339
2016-06-06,-1.998554
2016-06-07,-2.120104
2016-06-08,-2.438677
2016-06-09,-2.233699
2016-06-10,-1.266171
2016-06-13,-0.426639
2016-06-14,-0.234787
2016-06-15,-0.039753
2016-06-16,-0.339657
2016-06-17,0.007275
2016-06-20,-0.556310
2016-06-21,-0.811365
2016-06-22,-0.623868
2016-06-23,-1.949979
2016-06-24,1.723942
2016-06-27,3.508303
2016-06-28,1.802979
2016-06-29,0.145334
2016-06-30,-1.193704
2016-07-01,-1.377061
2016-07-05,-0.670341
2016-07-06,-1.191068
2016-07-07,-1.086121
2016-07-08,-2.565675
2016-07-11,-2.719037
2016-07-12,-3.059778
2016-07-13,-3.038019
2016-07-14,-3.279936
2016-07-15,-3.147627
2016-07-18,-3.288428
2016-07-19,-3.108809
2016-07-20,-3.378584
2016-07-21,-2.981866
2016-07-22,-3.379020
2016-07-25,-3.045157
2016-07-26,-3.058095
2016-07-27,-2.914820
2016-07-28,-3.060232
2016-07-29,-3.206190
2016-08-01,-3.052150
2016-08-02,-2.379359
2016-08-03,-2.683277
2016-08-04,-2.688191
2016-08-05,-3.371583
2016-08-08,-3.256702
2016-08-09,-3.280115
2016-08-10,-2.971222
2016-08-11,-3.376922
2016-08-12,-3.279244
2016-08-15,-3.454938
2016-08-16,-2.876589
2016-08-17,-3.055461
2016-08-18,-3.271346
2016-08-19,-3.112985
2016-08-22,-3.044474
2016-08-23,-3.234290
2016-08-24,-2.683460
2016-08-25,-2.531161
2016-08-26,-2.358040
2016-08-29,-2.879541
2016-08-30,-2.661753
2016-08-31,-2.398815
2016-09-01,-2.379450
2016-09-02,-2.792838
2016-09-06,-3.086025
2016-09-07,-3.057375
2016-09-08,-2.816402
2016-09-09,-0.289950
2016-09-12,-1.752998
2016-09-13,-0.239141
2016-09-14,-0.175759
2016-09-15,-1.179991
2016-09-16,-0.793700
2016-09-19,-0.784304
2016-09-20,-0.803079
2016-09-21,-1.894455
2016-09-22,-2.543906
2016-09-23,-1.942747
2016-09-26,-1.054847
2016-09-27,-1.692376
2016-09-28,-2.210697
2016-09-29,-1.241622
2016-09-30,-2.032416
2016-10-03,-1.688542
2016-10-04,-1.170919
2016-10-05,-1.586100
2016-10-06,-1.617347
2016-10-07,-1.272266
2016-10-10,-1.726136
2016-10-11,-0.450540
2016-10-12,-0.555375
2016-10-13,-0.236973
2016-10-14,-0.248505
2016-10-17,0.066304
2016-10-18,-0.533473
2016-10-19,-0.737879
2016-10-20,-0.580430
2016-10-21,-0.547263
2016-10-24,-0.996140
2016-10-25,-0.585240
2016-10-26,-0.385239
2016-10-27,-0.055378
2016-10-28,0.280830
2016-10-31,0.323276
2016-11-01,1.027900
2016-11-02,1.702652
2016-11-03,2.163929
2016-11-04,2.348362
2016-11-07,0.209421
2016-11-08,-0.137959
2016-11-09,-1.212361
2016-11-10,-1.375721
2016-11-11,-1.206201
2016-11-14,-1.166667
2016-11-15,-1.888906
2016-11-16,-1.694832
2016-11-17,-2.136519
2016-11-18,-1.855243
2016-11-21,-2.388825
2016-11-22,-2.458420
2016-11-23,-2.456730
2016-11-25,-2.613962
2016-11-28,-2.032887
2016-11-29,-2.130716
2016-11-30,-1.826053
2016-12-01,-1.434418
2016-12-02,-1.440943
2016-12-05,-1.999412
2016-12-06,-2.311270
2016-12-07,-2.986439
2016-12-08,-3.063912
2016-12-09,-3.339809
2016-12-12,-3.181455
2016-12-13,-3.549436
2016-12-14,-2.675521
2016-12-15,-3.040533
2016-12-16,-2.827868
2016-12-19,-2.998325
2016-12-20,-3.336410
2016-12-21,-3.047988
2016-12-22,-2.822198
2016-12-23,-2.920799
2016-12-27,-3.121113
2016-12-28,-2.230468
2016-12-29,-2.173086
2016-12-30,-1.674982
2017-01-03,-2.512111
2017-01-04,-3.071494
2017-01-05,-2.964884
2017-01-06,-3.181375
2017-01-09,-2.786408
2017-01-10,-2.757759
2017-01-11,-3.021255
2017-01-12,-2.774813
2017-01-13,-2.938389
2017-01-17,-2.608916
2017-01-18,-2.764559
2017-01-19,-2.366868
2017-01-20,-2.686318
2017-01-23,-2.382749
2017-01-24,-2.958385
2017-01-25,-3.351663
2017-01-26,-3.246599
2017-01-27,-3.130935
2017-01-30,-2.486877
2017-01-31,-2.371427
2017-02-01,-2.379320
2017-02-02,-2.415694
2017-02-03,-3.135723
2017-02-06,-2.892887
2017-02-07,-2.891525
2017-02-08,-2.937507
2017-02-09,-3.296373
2017-02-10,-3.459153
2017-02-13,-3.708297
2017-02-14,-3.889676
2017-02-15,-4.125292
2017-02-16,-3.999973
2017-02-17,-4.096522
2017-02-21,-4.384317
2017-02-22,-4.233198
2017-02-23,-4.238824
2017-02-24,-4.317768
2017-02-27,-4.335002
2017-02-28,-4.028793
2017-03-01,-4.854348
2017-03-02,-4.200582
2017-03-03,-4.211219
2017-03-06,-3.829048
2017-03-07,-3.486006
2017-03-08,-3.211401
2017-03-09,-3.255003
2017-03-10,-3.555981
2017-03-13,-3.559128
2017-03-14,-3.175470
2017-03-15,-4.004233
2017-03-16,-3.800062
2017-03-17,-3.629417
2017-03-20,-3.388335
2017-03-21,-2.075955
2017-03-22,-2.240009
2017-03-23,-2.103438
2017-03-24,-1.990226
2017-03-27,-1.859107
2017-03-28,-2.566043
2017-03-29,-2.643311
2017-03-30,-2.909186
2017-03-31,-2.642035
2017-04-03,-2.439746
2017-04-04,-2.462380
2017-04-05,-2.117137
2017-04-06,-2.282048
2017-04-07,-2.165208
2017-04-10,-2.206374
2017-04-11,-2.022179
2017-04-12,-1.597818
2017-04-13,-0.871082
2017-04-17,-1.707019
2017-04-18,-1.383069
2017-04-19,-1.181436
2017-04-20,-1.914500
2017-04-21,-1.575880
2017-04-24,-2.644142
2017-04-25,-3.238421
2017-04-26,-3.158438
2017-04-27,-3.187281
2017-04-28,-2.962333
2017-05-01,-3.113994
2017-05-02,-3.209320
2017-05-03,-3.051856
2017-05-04,-3.085072
2017-05-05,-3.410146
2017-05-08,-3.384313
2017-05-09,-3.252003
2017-05-10,-3.336114
2017-05-11,-3.085984
2017-05-12,-2.907121
2017-05-15,-3.315108
2017-05-16,-3.217306
2017-05-17,-1.319415
2017-05-18,-1.668700
2017-05-19,-2.331260
2017-05-22,-2.832324
2017-05-23,-2.995986
2017-05-24,-3.182971
2017-05-25,-3.391652
2017-05-26,-3.379871
2017-05-30,-3.228594
2017-05-31,-3.154335
2017-06-01,-3.612213
2017-06-02,-3.780034
2017-06-05,-3.623613
2017-06-06,-3.307067
2017-06-07,-3.439673
2017-06-08,-3.437709
2017-06-09,-3.323049
2017-06-12,-3.192106
2017-06-13,-3.599862
2017-06-14,-3.465090
2017-06-15,-3.203840
2017-06-16,-3.203029
2017-06-19,-3.762579
2017-06-20,-3.036589
2017-06-21,-2.946711
2017-06-22,-2.870878
2017-06-23,-3.002045
2017-06-26,-3.004535
2017-06-27,-2.139336
2017-06-28,-3.006224
2017-06-29,-2.086658
2017-06-30,-2.208891
2017-07-03,-2.412585
2017-07-05,-2.527578
2017-07-06,-1.536129
2017-07-07,-2.153534
2017-07-10,-2.217995
2017-07-11,-2.109562
2017-07-12,-2.823451
2017-07-13,-2.981429
2017-07-14,-3.309693
2017-07-17,-3.270995
2017-07-18,-3.269776
2017-07-19,-3.520571
2017-07-20,-3.468539
2017-07-21,-3.393281
2017-07-24,-3.247561
2017-07-25,-3.446172
2017-07-26,-3.423922
2017-07-27,-3.287471
2017-07-28,-3.110490
2017-07-31,-2.997519
2017-08-01,-3.210390
2017-08-02,-3.221803
2017-08-03,-2.956991
2017-08-04,-3.113022
2017-08-07,-3.182318
2017-08-08,-2.895280
2017-08-09,-2.820105
2017-08-10,-1.299810
2017-08-11,-1.395733
2017-08-14,-2.377364
2017-08-15,-2.289025
2017-08-16,-2.395874
2017-08-17,-0.781610
2017-08-18,-0.562062
2017-08-21,-0.642583
2017-08-22,-1.602631
2017-08-23,-1.212072
2017-08-24,-0.968248
2017-08-25,-1.103714
2017-08-28,-1.122022
2017-08-29,-1.176562
2017-08-30,-1.611133
2017-08-31,-2.158342
2017-09-01,-2.327999
2017-09-05,-1.524431
2017-09-06,-1.811378
2017-09-07,-1.762031
2017-09-08,-1.581616
2017-09-11,-2.505961
2017-09-12,-2.650172
2017-09-13,-2.658382
2017-09-14,-2.512820
2017-09-15,-2.632190
2017-09-18,-2.674992
2017-09-19,-2.698486
2017-09-20,-2.696874
2017-09-21,-2.351429
2017-09-22,-2.385762
2017-09-25,-2.130204
2017-09-26,-2.110062
2017-09-27,-2.499946
2017-09-28,-2.559267
2017-09-29,-2.726664
2017-10-02,-2.900388
2017-10-03,-2.984386
2017-10-04,-3.019446
2017-10-05,-3.286601
2017-10-06,-3.144767
2017-10-09,-2.927689
2017-10-10,-3.134612
2017-10-11,-3.226178
2017-10-12,-3.020861
2017-10-13,-3.077790
2017-10-16,-3.177176
2017-10-17,-3.177503
2017-10-18,-3.183449
2017-10-19,-3.168727
2017-10-20,-3.406846
2017-10-23,-2.964311
2017-10-24,-3.097783
2017-10-25,-2.585426
2017-10-26,-2.684545
2017-10-27,-3.365445
2017-10-30,-3.002678
2017-10-31,-3.066185
2017-11-01,-3.196481
2017-11-02,-3.181371
2017-11-03,-3.334967
2017-11-06,-3.366921
2017-11-07,-3.313266
2017-11-08,-3.367186
2017-11-09,-2.946858
2017-11-10,-2.823078
2017-11-13,-2.891074
2017-11-14,-2.620838
2017-11-15,-2.023021
2017-11-16,-2.826081
2017-11-17,-2.525594
2017-11-20,-2.625028
2017-11-21,-3.173389
2017-11-22,-3.063129
2017-11-24,-3.177796
2017-11-27,-3.107175
2017-11-28,-3.616887
2017-11-29,-3.547090
2017-11-30,-3.971461
2017-12-01,-3.728597
2017-12-04,-3.587895
2017-12-05,-3.171755
2017-12-06,-3.130986
2017-12-07,-3.403621
2017-12-08,-3.867849
2017-12-11,-4.008485
2017-12-12,-4.059160
2017-12-13,-3.980697
2017-12-14,-3.527962
2017-12-15,-4.205314
2017-12-18,-4.461271
2017-12-19,-4.089448
2017-12-20,-3.968610
2017-12-21,-4.139993
2017-12-22,-4.058258
2017-12-26,-3.914583
2017-12-27,-3.962145
2017-12-28,-4.119788
2017-12-29,-3.548398
2018-01-02,-4.268469
2018-01-03,-4.578412
2018-01-04,-4.756434
2018-01-05,-5.097862
2018-01-08,-5.144955
2018-01-09,-5.171706
2018-01-10,-5.009828
2018-01-11,-5.407345
2018-01-12,-5.733889
2018-01-16,-5.315902
2018-01-17,-5.965388
2018-01-18,-5.745145
2018-01-19,-6.020462
2018-01-22,-6.418379
2018-01-23,-6.486872
2018-01-24,-6.373154
2018-01-25,-6.381115
2018-01-26,-6.989990
2018-01-29,-6.212682
2018-01-30,-5.000443
2018-01-31,-4.999285
2018-02-01,-4.878316
2018-02-02,-2.608311
2018-02-05,1.626747
2018-02-06,-0.052641
2018-02-07,0.479827
2018-02-08,4.234736
2018-02-09,2.827962
2018-02-12,1.503358
2018-02-13,1.274727
2018-02-14,-0.016056
2018-02-15,-1.187299
2018-02-16,-1.188834
2018-02-20,-0.563569
2018-02-21,0.020564
2018-02-22,-0.045129
2018-02-23,-1.611754
2018-02-26,-2.765937
2018-02-27,-1.423368
2018-02-28,-0.264508
2018-03-01,1.099597
2018-03-02,0.627827
2018-03-05,-0.430747
2018-03-06,-0.658179
2018-03-07,-0.573746
2018-03-08,-0.986788
2018-03-09,-2.700866
2018-03-12,-2.530187
2018-03-13,-1.841162
2018-03-14,-1.223581
2018-03-15,-1.109834
2018-03-16,-1.246860
2018-03-19,0.220093
2018-03-20,0.100565
2018-03-21,0.312815
2018-03-22,2.842452
2018-03-23,4.894565
2018-03-26,2.334105
2018-03-27,4.039064
2018-03-28,4.336028
2018-03-29,3.038519
2018-04-02,5.218246
2018-04-03,4.040315
2018-04-04,2.951229
2018-04-05,2.305938
2018-04-06,4.463627
2018-04-09,4.162101
2018-04-10,2.580957
2018-04-11,3.139214
2018-04-12,2.362245
2018-04-13,2.667391
2018-04-16,1.901609
2018-04-17,0.884407
2018-04-18,0.830526
2018-04-19,1.424613
2018-04-20,2.289478
2018-04-23,2.309589
2018-04-24,3.637027
2018-04-25,3.480559
2018-04-26,2.497091
2018-04-27,2.410705
2018-04-30,3.229147
2018-05-01,3.001483
2018-05-02,3.717467
2018-05-03,3.950721
2018-05-04,2.738670
2018-05-07,2.421785
2018-05-08,2.467145
2018-05-09,1.545225
2018-05-10,0.647037
2018-05-11,0.502188
2018-05-14,0.439566
2018-05-15,1.144346
2018-05-16,0.767849
2018-05-17,0.876820
2018-05-18,1.160865
2018-05-21,0.456563
2018-05-22,0.793096
2018-05-23,0.495747
2018-05-24,0.721953
2018-05-25,0.980235
2018-05-29,2.149697
2018-05-30,0.935116
2018-05-31,1.639920
2018-06-01,0.599303
2018-06-04,0.181495
2018-06-05,0.142762
2018-06-06,-0.678348
2018-06-07,-0.572583
2018-06-08,-0.854574
2018-06-11,-0.928840
2018-06-12,-1.070281
2018-06-13,-0.630535
2018-06-14,-0.845824
2018-06-15,-0.710388
2018-06-18,-0.465200
2018-06-19,-0.032548
2018-06-20,-0.175378
2018-06-21,0.488626
2018-06-22,0.331454
2018-06-25,1.723493
2018-06-26,1.531911
2018-06-27,2.399247
2018-06-28,1.817184
2018-06-29,1.763719
2018-07-02,1.484439
2018-07-03,1.992085
2018-07-05,1.169484
2018-07-06,0.355723
2018-07-09,-0.496584
2018-07-10,-0.817028
2018-07-11,-0.075512
2018-07-12,-0.921667
2018-07-13,-1.000900
2018-07-16,-0.868708
2018-07-17,-1.240309
2018-07-18,-1.430104
2018-07-19,-1.002390
2018-07-20,-0.880674
2018-07-23,-1.039961
2018-07-24,-1.496879
2018-07-25,-2.391516
2018-07-26,-2.052402
2018-07-27,-1.356680
2018-07-30,-0.749605
2018-07-31,-1.216051
2018-08-01,-1.085614
2018-08-02,-1.557461
2018-08-03,-2.001761
2018-08-06,-2.334451
2018-08-07,-2.594494
2018-08-08,-2.539998
2018-08-09,-2.364065
2018-08-10,-1.610346
2018-08-13,-1.177849
2018-08-14,-1.797288
2018-08-15,-1.000676
2018-08-16,-1.774702
2018-08-17,-2.086334
2018-08-20,-2.307314
2018-08-21,-2.491500
2018-08-22,-2.424175
2018-08-23,-2.225287
2018-08-24,-2.799732
2018-08-27,-3.175196
2018-08-28,-3.158981
2018-08-29,-3.429545
2018-08-30,-2.940489
2018-08-31,-2.922914
2018-09-04,-2.720402
2018-09-05,-2.403164
2018-09-06,-2.000358
2018-09-07,-1.746819
2018-09-10,-1.913214
2018-09-11,-2.266356
2018-09-12,-2.275267
2018-09-13,-2.786260
2018-09-14,-2.787744
2018-09-17,-2.190048
2018-09-18,-2.713977
2018-09-19,-2.817101
2018-09-20,-3.308271
2018-09-21,-3.241127
2018-09-24,-2.850188
2018-09-25,-2.689158
2018-09-26,-2.327007
2018-09-27,-2.585388
2018-09-28,-2.560725
2018-10-01,-2.908994
2018-10-02,-2.842111
2018-10-03,-2.891317
2018-10-04,-2.030633
2018-10-05,-1.447316
2018-10-08,-1.387859
2018-10-09,-1.225655
2018-10-10,2.110368
2018-10-11,4.128522
2018-10-12,2.774194
2018-10-15,3.353994
2018-10-16,1.289039
2018-10-17,1.324378
2018-10-18,2.749544
2018-10-19,2.788622
2018-10-22,3.207730
2018-10-23,3.740605
2018-10-24,6.703347
2018-10-25,4.961926
2018-10-26,6.599226
2018-10-29,7.199390
2018-10-30,5.737283
2018-10-31,4.706357
2018-11-01,3.695095
2018-11-02,4.295654
2018-11-05,3.751200
2018-11-06,3.141205
2018-11-07,1.084762
2018-11-08,1.329954
2018-11-09,2.229257
2018-11-12,4.144118
2018-11-13,4.277226
2018-11-14,4.990775
2018-11-15,3.976053
2018-11-16,3.760242
2018-11-19,5.365659
2018-11-20,7.078775
2018-11-21,6.793230
2018-11-23,7.408639
2018-11-26,5.975202
2018-11-27,5.670823
2018-11-28,3.510980
2018-11-29,3.725141
2018-11-30,2.941125
2018-12-03,1.884480
2018-12-04,5.058546
2018-12-06,5.202593
2018-12-07,7.407163
2018-12-10,7.234524
2018-12-11,7.255229
2018-12-12,6.744490
2018-12-13,6.757628
2018-12-14,8.530684
2018-12-17,10.418669
2018-12-18,10.396304
2018-12-19,11.757583
2018-12-20,13.128286
2018-12-21,14.891152
2018-12-24,17.164862
2018-12-26,13.031048
2018-12-27,12.263600
2018-12-28,12.350826
2018-12-31,11.586488
2019-01-02,11.454190
2019-01-03,13.624756
2019-01-04,10.643437
2019-01-07,10.003255
2019-01-08,9.124779
2019-01-09,8.752084
2019-01-10,8.334440
2019-01-11,8.346437
2019-01-14,8.826383
2019-01-15,7.846193
2019-01-16,7.644407
2019-01-17,6.945186
2019-01-18,5.720752
2019-01-22,7.052869
2019-01-23,6.851120
2019-01-24,6.725537
2019-01-25,5.934458
2019-01-28,6.672720
2019-01-29,6.806521
2019-01-30,5.359638
2019-01-31,4.548340
2019-02-01,4.462579
2019-02-04,3.816666
2019-02-05,3.367852
2019-02-06,3.588388
2019-02-07,4.493742
2019-02-08,4.435760
2019-02-11,4.374335
2019-02-12,3.148792
2019-02-13,2.863515
2019-02-14,3.129991
2019-02-15,2.087294
2019-02-19,1.953835
2019-02-20,1.793904
2019-02-21,2.150470
2019-02-22,1.534251
2019-02-25,1.424453
2019-02-26,1.511259
2019-02-27,1.571246
2019-02-28,1.854586
2019-03-01,1.184663
2019-03-04,1.575634
2019-03-05,1.693199
2019-03-06,2.339263
2019-03-07,3.136092
2019-03-08,3.343488
2019-03-11,1.931331
2019-03-12,1.647072
2019-03-13,0.971278
2019-03-14,1.065316
2019-03-15,0.584487
2019-03-18,0.226236
2019-03-19,0.251149
2019-03-20,0.553185
2019-03-21,-0.515902
2019-03-22,1.396125
2019-03-25,1.481252
2019-03-26,0.778081
2019-03-27,1.241333
2019-03-28,0.889939
2019-03-29,0.226940
2019-04-01,-0.918658
2019-04-02,-0.912427
2019-04-03,-1.120368
2019-04-04,-1.321170
2019-04-05,-1.778569
2019-04-08,-1.872963
2019-04-09,-1.242715
2019-04-10,-1.582191
2019-04-11,-1.569844
2019-04-12,-2.223589
2019-04-15,-2.139657
2019-04-16,-2.173538
2019-04-17,-1.923945
2019-04-18,-2.067963
2019-04-22,-2.152763
2019-04-23,-2.987064
2019-04-24,-2.745357
2019-04-25,-2.693903
2019-04-26,-3.055399
2019-04-29,-3.096054
2019-04-30,-3.132428
2019-05-01,-2.347071
2019-05-02,-2.118391
2019-05-03,-3.089610
2019-05-06,-2.617568
2019-05-07,-0.915733
2019-05-08,-0.746468
2019-05-09,-0.436132
2019-05-10,-0.804082
2019-05-13,1.625257
2019-05-14,0.836412
2019-05-15,0.260371
2019-05-16,-0.619964
2019-05-17,-0.028602
2019-05-20,0.649004
2019-05-21,-0.191617
2019-05-22,0.092838
2019-05-23,1.280571
2019-05-24,1.143980
2019-05-28,1.966940
2019-05-29,2.638166
2019-05-30,2.429836
2019-05-31,3.711071
2019-06-03,3.968825
2019-06-04,1.909275
2019-06-05,1.107339
2019-06-06,0.499961
2019-06-07,-0.543040
2019-06-10,-1.009348
2019-06-11,-0.971768
2019-06-12,-0.763893
2019-06-13,-1.175170
2019-06-14,-1.013040
2019-06-17,-1.107895
2019-06-18,-2.090049
2019-06-19,-2.392399
2019-06-20,-3.215507
2019-06-21,-3.080391
2019-06-24,-2.896445
2019-06-25,-1.915578
2019-06-26,-1.785843
2019-06-27,-2.170456
2019-06-28,-2.753560
2019-07-01,-3.362878
2019-07-02,-3.512501
2019-07-03,-3.914254
2019-07-05,-3.716756
2019-07-08,-3.208337
2019-07-09,-3.329048
2019-07-10,-3.789098
2019-07-11,-3.951205
2019-07-12,-4.191269
2019-07-15,-4.191178
2019-07-16,-3.827014
2019-07-17,-3.142105
2019-07-18,-3.503712
2019-07-19,-2.859397
2019-07-22,-3.144419
2019-07-23,-3.842943
2019-07-24,-4.231032
2019-07-25,-3.671087
2019-07-26,-4.318862
2019-07-29,-4.136583
2019-07-30,-3.845980
2019-07-31,-2.691401
2019-08-01,-1.749603
2019-08-02,-0.991515
2019-08-05,2.018973
2019-08-06,0.750265
2019-08-07,0.684815
2019-08-08,-1.162516
2019-08-09,-0.477934
2019-08-12,0.772801
2019-08-13,-0.703357
2019-08-14,2.258793
2019-08-15,2.035133
2019-08-16,0.644715
2019-08-19,-0.535573
2019-08-20,0.277604
2019-08-21,-0.527629
2019-08-22,-0.458143
2019-08-23,2.158239
2019-08-26,1.094905
2019-08-27,1.416761
2019-08-28,0.778936
2019-08-29,-0.466561
2019-08-30,-0.512521
2019-09-03,0.197913
2019-09-04,-0.862133
2019-09-05,-2.151142
2019-09-06,-2.221288
2019-09-09,-2.184564
2019-09-10,-2.185715
2019-09-11,-2.891232
2019-09-12,-3.151699
2019-09-13,-3.045350
2019-09-16,-2.692466
2019-09-17,-2.932857
2019-09-18,-2.942749
2019-09-19,-2.921549
2019-09-20,-2.398777
2019-09-23,-2.361525
2019-09-24,-1.474898
2019-09-25,-2.067031
2019-09-26,-1.787535
2019-09-27,-1.216392
2019-09-30,-1.697110
2019-10-01,-0.423978
2019-10-02,1.399740
2019-10-03,0.646648
2019-10-04,-0.728720
2019-10-07,-0.238356
2019-10-08,1.359483
2019-10-09,0.506691
2019-10-10,-0.078524
2019-10-11,-1.127408
2019-10-14,-0.943699
2019-10-15,-1.901879
2019-10-16,-1.653991
2019-10-17,-1.890201
2019-10-18,-1.441886
2019-10-21,-2.095543
2019-10-22,-1.690600
2019-10-23,-1.940952
2019-10-24,-2.097966
2019-10-25,-2.474870
2019-10-28,-2.782099
2019-10-29,-2.654971
2019-10-30,-2.828022
2019-10-31,-2.478727
2019-11-01,-3.098749
2019-11-04,-3.257851
2019-11-05,-3.094796
2019-11-06,-3.126966
2019-11-07,-3.255534
2019-11-08,-3.352458
2019-11-11,-3.108960
2019-11-12,-3.228820
2019-11-13,-3.248879
2019-11-14,-3.257472
2019-11-15,-3.629136
2019-11-18,-3.619520
2019-11-19,-3.522938
2019-11-20,-3.099601
2019-11-21,-2.900152
2019-11-22,-3.087206
2019-11-25,-3.636239
2019-11-26,-3.717610
2019-11-27,-3.904914
2019-11-29,-3.451881
2019-12-02,-2.528270
2019-12-03,-1.819436
2019-12-04,-2.433586
2019-12-05,-2.556226
2019-12-06,-3.460893
2019-12-09,-3.102764
2019-12-10,-2.958947
2019-12-11,-3.226629
2019-12-12,-3.839788
2019-12-13,-3.810312
2019-12-16,-4.158275
2019-12-17,-4.139420
2019-12-18,-4.055913
2019-12-19,-4.276693
2019-12-20,-4.500952
2019-12-23,-4.507514
2019-12-24,-4.447327
2019-12-26,-4.696723
2019-12-27,-4.658761
2019-12-30,-4.017211
2019-12-31,-4.287142
2020-01-02,-4.846493
2020-01-03,-4.068670
2020-01-06,-4.400445
2020-01-07,-4.067877
2020-01-08,-4.536349
2020-01-09,-4.931390
2020-01-10,-4.589561
2020-01-13,-5.070512
2020-01-14,-4.870083
2020-01-15,-5.009709
2020-01-16,-5.428277
2020-01-17,-5.599960
2020-01-21,-5.279069
2020-01-22,-5.269852
2020-01-23,-5.350254
2020-01-24,-4.359509
2020-01-27,-2.685916
2020-01-28,-3.683105
2020-01-29,-3.560112
2020-01-30,-3.850435
2020-01-31,-1.983354
2020-02-03,-2.692021
2020-02-04,-4.194779
2020-02-05,-5.251808
2020-02-06,-5.397732
2020-02-07,-4.791985
2020-02-10,-5.426372
2020-02-11,-5.481623
2020-02-12,-5.799943
2020-02-13,-5.588091
2020-02-14,-5.730271
2020-02-18,-5.380094
2020-02-19,-5.746927
2020-02-20,-5.303179
2020-02-21,-4.154636
2020-02-24,-0.633849
2020-02-25,2.435077
2020-02-26,2.823473
2020-02-27,7.128498
2020-02-28,7.903136
2020-03-02,3.682968
2020-03-03,6.400501
2020-03-04,2.473126
2020-03-05,5.796362
2020-03-06,7.411516
2020-03-09,14.437345
2020-03-10,10.215508
2020-03-11,14.596904
2020-03-12,22.698376
2020-03-13,15.514030
2020-03-16,25.613019
2020-03-17,21.137976
2020-03-18,25.203063
2020-03-19,24.825317
2020-03-20,28.052377
2020-03-23,30.123275
2020-03-24,23.538615
2020-03-25,22.628980
2020-03-26,17.781646
2020-03-27,20.527954
2020-03-30,17.845401
2020-03-31,19.139602
2020-04-01,22.680697
2020-04-02,20.888541
2020-04-03,22.056226
2020-04-06,16.553123
2020-04-07,16.665652
2020-04-08,13.812825
2020-04-09,12.554417
2020-04-13,13.426473
2020-04-14,10.773524
2020-04-15,12.727092
2020-04-16,12.206754
2020-04-17,9.846663
2020-04-20,11.445269
2020-04-21,14.142514
2020-04-22,12.160138
2020-04-23,12.193476
2020-04-24,10.959130
2020-04-27,9.639316
2020-04-28,10.101116
2020-04-29,7.705171
2020-04-30,8.548050
2020-05-01,11.102061
2020-05-04,10.712265
2020-05-05,9.896459
2020-05-06,10.514543
2020-05-07,9.475118
2020-05-08,7.940530
2020-05-11,7.922305
2020-05-12,9.797520
2020-05-13,11.356962
2020-05-14,10.322630
2020-05-15,9.961235
2020-05-18,7.124935
2020-05-19,8.097934
2020-05-20,6.578145
2020-05-21,7.309838
2020-05-22,7.097541
2020-05-26,5.960307
2020-05-27,4.575859
2020-05-28,4.789371
2020-05-29,4.341153
2020-06-01,4.000545
2020-06-02,3.232221
2020-06-03,1.931691
2020-06-04,2.278305
2020-06-05,-0.257231
2020-06-08,-1.436991
2020-06-09,-0.620712
2020-06-10,-0.055940
2020-06-11,5.851994
2020-06-12,4.636755
2020-06-15,3.859149
2020-06-16,2.053286
2020-06-17,2.421925
2020-06-18,2.381829
2020-06-19,2.946921
2020-06-22,2.328685
2020-06-23,1.921073
2020-06-24,4.462929
2020-06-25,3.424714
2020-06-26,5.765104
2020-06-29,4.384853
2020-06-30,2.919323
2020-07-01,2.441828
2020-07-02,2.009439
2020-07-06,0.468225
2020-07-07,1.556924
2020-07-08,0.801771
2020-07-09,1.375402
2020-07-10,0.362165
2020-07-13,1.309687
2020-07-14,0.005773
2020-07-15,-0.879113
2020-07-16,-0.514611
2020-07-17,-0.775997
2020-07-20,-1.591047
2020-07-21,-1.730989
2020-07-22,-2.286883
2020-07-23,-1.000721
2020-07-24,-0.347436
2020-07-27,-1.061516
2020-07-28,-0.382958
2020-07-29,-1.605239
2020-07-30,-1.199704
2020-07-31,-1.951709
2020-08-03,-2.656817
2020-08-04,-3.000203
2020-08-05,-3.631970
2020-08-06,-4.267347
2020-08-07,-4.301477
2020-08-10,-4.555510
2020-08-11,-3.693498
2020-08-12,-5.112580
2020-08-13,-4.867369
2020-08-14,-4.819179
2020-08-17,-5.073076
2020-08-18,-5.229784
2020-08-19,-4.738736
2020-08-20,-5.041996
2020-08-21,-5.265588
2020-08-24,-5.788487
2020-08-25,-5.956511
2020-08-26,-6.491622
2020-08-27,-6.549629
2020-08-28,-6.891928
2020-08-31,-6.619927
2020-09-01,-7.116759
2020-09-02,-7.951201
2020-09-03,-4.129203
2020-09-04,-3.254825
2020-09-08,-0.369403
2020-09-09,-2.365130
2020-09-10,-0.545124
2020-09-11,-0.580666
2020-09-14,-1.840831
2020-09-15,-2.350460
2020-09-16,-1.856183
2020-09-17,-0.978122
2020-09-18,0.170576
2020-09-21,1.340041
2020-09-22,0.319378
2020-09-23,2.691583
2020-09-24,2.410186
2020-09-25,0.865197
2020-09-28,-0.713707
2020-09-29,-0.214604
2020-09-30,-1.024862
2020-10-01,-1.543036
2020-10-02,-0.557011
2020-10-05,-2.345163
2020-10-06,-0.901552
2020-10-07,-2.639438
2020-10-08,-3.441808
2020-10-09,-4.328713
2020-10-12,-6.014602
2020-10-13,-5.321439
2020-10-14,-4.599931
2020-10-15,-4.417561
2020-10-16,-4.411471
2020-10-19,-2.689586
2020-10-20,-3.157684
2020-10-21,-2.913744
2020-10-22,-3.433145
2020-10-23,-3.772667
2020-10-26,-1.831804
2020-10-27,-1.514823
2020-10-28,2.066407
2020-10-29,0.898121
2020-10-30,2.096272
2020-11-02,0.888637
2020-11-03,-0.871315
2020-11-04,-3.084536
2020-11-05,-5.074025
2020-11-06,-5.024652
2020-11-09,-6.225678
2020-11-10,-6.052689
2020-11-11,-6.837007
2020-11-12,-5.748169
2020-11-13,-7.094540
2020-11-16,-7.724832
2020-11-17,-7.180115
2020-11-18,-5.919665
2020-11-19,-6.316295
2020-11-20,-5.573482
2020-11-23,-6.148125
2020-11-24,-7.721018
2020-11-25,-7.527458
2020-11-27,-7.720539
2020-11-30,-7.203502
2020-12-01,-8.053724
2020-12-02,-8.131643
2020-12-03,-8.037150
2020-12-04,-8.547960
2020-12-07,-8.294776
2020-12-08,-8.501191
2020-12-09,-7.587710
2020-12-10,-7.386493
2020-12-11,-7.186100
2020-12-14,-6.668453
2020-12-15,-7.983546
2020-12-16,-8.122783
2020-12-17,-8.408017
2020-12-18,-7.960152
2020-12-21,-7.452486
2020-12-22,-7.157124
2020-12-23,-7.151660
2020-12-24,-7.420569
2020-12-28,-8.091853
2020-12-29,-7.730470
2020-12-30,-7.767075
2020-12-31,-8.061618
2021-01-04,-6.353232
2021-01-05,-6.980639
2021-01-06,-7.457615
2021-01-07,-8.296399
2021-01-08,-8.495607
2021-01-11,-7.680684
2021-01-12,-7.614062
2021-01-13,-7.754478
2021-01-14,-7.243889
2021-01-15,-6.360303
2021-01-19,-7.114958
2021-01-20,-8.132631
2021-01-21,-8.046846
2021-01-22,-7.618685
2021-01-25,-7.881882
2021-01-26,-7.629450
2021-01-27,-4.782518
2021-01-28,-5.725507
2021-01-29,-3.606661
2021-02-01,-5.187940
2021-02-02,-6.569089
2021-02-03,-6.591290
2021-02-04,-7.438834
2021-02-05,-7.569820
2021-02-08,-7.899939
2021-02-09,-7.688043
2021-02-10,-7.563108
2021-02-11,-7.642368
2021-02-12,-7.829206
2021-02-16,-7.681298
2021-02-17,-7.553768
2021-02-18,-6.988970
2021-02-19,-6.703852
2021-02-22,-5.793835
2021-02-23,-5.844296
2021-02-24,-6.963035
2021-02-25,-4.271993
2021-02-26,-3.701141
2021-03-01,-6.079626
2021-03-02,-5.139940
2021-03-03,-3.689921
2021-03-04,-2.234769
2021-03-05,-4.154595
2021-03-08,-3.529129
2021-03-09,-4.920309
2021-03-10,-5.477207
2021-03-11,-6.439658
2021-03-12,-6.423629
2021-03-15,-6.713710
2021-03-16,-6.471990
2021-03-17,-6.639073
2021-03-18,-4.998723
2021-03-19,-4.872850
2021-03-22,-5.543684
2021-03-23,-4.681831
2021-03-24,-4.058133
2021-03-25,-4.548311
2021-03-26,-6.219346
2021-03-29,-6.050263
2021-03-30,-5.643019
2021-03-31,-5.954145
2021-04-01,-6.565480
2021-04-05,-7.304418
2021-04-06,-7.122940
2021-04-07,-7.177146
2021-04-08,-7.339776
2021-04-09,-7.701882
2021-04-12,-7.594008
2021-04-13,-7.708401
2021-04-14,-7.178918
2021-04-15,-7.929888
2021-04-16,-8.051441
2021-04-19,-7.394296
2021-04-20,-6.584172
2021-04-21,-7.496833
2021-04-22,-6.428762
2021-04-23,-7.511667
2021-04-26,-7.595449
2021-04-27,-7.493105
2021-04-28,-7.321209
2021-04-29,-7.682016
2021-04-30,-6.832498
2021-05-03,-7.049537
2021-05-04,-6.261672
2021-05-05,-6.265478
2021-05-06,-7.059615
2021-05-07,-7.523261
2021-05-10,-6.327574
2021-05-11,-5.333756
2021-05-12,-3.012986
2021-05-13,-4.199645
2021-05-14,-5.684293
2021-05-17,-5.347332
2021-05-18,-4.385770
2021-05-19,-4.017226
2021-05-20,-5.050926
2021-05-21,-4.906439
2021-05-24,-5.882085
2021-05-25,-5.594056
2021-05-26,-5.729360
2021-05-27,-5.787380
2021-05-28,-5.806888
2021-06-01,-5.692768
2021-06-02,-5.783222
2021-06-03,-5.339067
2021-06-04,-6.206755
2021-06-07,-6.058577
2021-06-08,-6.014452
2021-06-09,-5.760095
2021-06-10,-6.114312
2021-06-11,-6.163887
2021-06-14,-6.208130
2021-06-15,-5.938062
2021-06-16,-5.314453
2021-06-17,-5.215669
2021-06-18,-3.788563
2021-06-21,-5.194764
2021-06-22,-5.675792
2021-06-23,-5.501741
2021-06-24,-5.913013
2021-06-25,-6.034487
2021-06-28,-6.094344
2021-06-29,-6.040238
2021-06-30,-6.047781
2021-07-01,-6.273014
2021-07-02,-6.623752
2021-07-06,-6.335739
2021-07-07,-6.550084
2021-07-08,-5.562365
2021-07-09,-6.544646
2021-07-12,-6.655646
2021-07-13,-6.198782
2021-07-14,-6.244259
2021-07-15,-5.824765
2021-07-16,-4.956001
2021-07-19,-3.227488
2021-07-20,-4.725642
2021-07-21,-5.516478
2021-07-22,-5.660688
2021-07-23,-6.347218
2021-07-26,-6.409196
2021-07-27,-5.839467
2021-07-28,-5.753868
2021-07-29,-6.135431
2021-07-30,-5.499001
2021-08-02,-5.241116
2021-08-03,-6.028064
2021-08-04,-5.472067
2021-08-05,-5.967246
2021-08-06,-5.990722
2021-08-09,-5.820819
2021-08-10,-5.854050
2021-08-11,-5.856604
2021-08-12,-6.013562
2021-08-13,-6.027801
2021-08-16,-6.089628
2021-08-17,-5.261320
2021-08-18,-4.052281
2021-08-19,-4.107903
2021-08-20,-4.881547
2021-08-23,-5.703669
2021-08-24,-5.721387
2021-08-25,-5.776735
2021-08-26,-5.097414
2021-08-27,-5.809848
2021-08-30,-5.983949
2021-08-31,-5.772925
2021-09-01,-5.741213
2021-09-02,-5.888981
2021-09-03,-5.789852
2021-09-07,-5.365545
2021-09-08,-5.163125
2021-09-09,-4.615494
2021-09-10,-3.748596
2021-09-13,-3.928965
2021-09-14,-3.277665
2021-09-15,-4.096498
2021-09-16,-3.878241
2021-09-17,-2.881036
2021-09-20,-1.089851
2021-09-21,-0.963380
2021-09-22,-1.879227
2021-09-23,-3.065775
2021-09-24,-3.166894
2021-09-27,-2.830116
2021-09-28,-0.692319
2021-09-29,-0.805842
2021-09-30,0.436340
2021-10-01,-0.665618
2021-10-04,0.679219
2021-10-05,-0.326625
2021-10-06,-0.696723
2021-10-07,-1.487296
2021-10-08,-1.248251
2021-10-11,-0.510736
2021-10-12,-0.227109
2021-10-13,-0.490476
2021-10-14,-2.159682
2021-10-15,-2.874274
2021-10-18,-3.174410
2021-10-19,-3.884175
2021-10-20,-4.212307
2021-10-21,-4.331064
2021-10-22,-4.171175
2021-10-25,-4.434096
2021-10-26,-4.482811
2021-10-27,-3.906602
2021-10-28,-4.640387
2021-10-29,-4.694245
2021-11-01,-4.737740
2021-11-02,-4.885034
2021-11-03,-5.186763
2021-11-04,-5.363336
2021-11-05,-5.513778
2021-11-08,-5.507546
2021-11-09,-5.083884
2021-11-10,-4.161632
2021-11-11,-4.163452
2021-11-12,-4.853026
2021-11-15,-4.793134
2021-11-16,-5.141538
2021-11-17,-4.812654
2021-11-18,-5.083458
2021-11-19,-4.884290
2021-11-22,-4.499836
2021-11-23,-4.623112
2021-11-24,-4.812410
2021-11-26,-2.388192
2021-11-29,-3.694206
2021-11-30,-1.688757
2021-12-01,-0.451752
2021-12-02,-1.836586
2021-12-03,-0.937522
2021-12-06,-2.077361
2021-12-07,-4.140315
2021-12-08,-4.412653
2021-12-09,-3.610437
2021-12-10,-4.463553
2021-12-13,-3.461347
2021-12-14,-2.641259
2021-12-15,-4.263531
2021-12-16,-3.296136
2021-12-17,-2.185798
2021-12-20,-0.977000
2021-12-21,-2.724677
2021-12-22,-3.721069
2021-12-23,-4.171602
2021-12-27,-4.867954
2021-12-28,-4.710760
2021-12-29,-4.785990
2021-12-30,-4.422516
2021-12-31,-4.095457
2022-01-03,-4.667356
2022-01-04,-4.548397
2022-01-05,-2.472812
2022-01-06,-2.325059
2022-01-07,-1.864292
2022-01-10,-1.675635
2022-01-11,-2.561998
2022-01-12,-2.804391
2022-01-13,-1.299101
2022-01-14,-1.343785
2022-01-18,0.548931
2022-01-19,1.539126
2022-01-20,2.648912
2022-01-21,4.507154
2022-01-24,4.258279
2022-01-25,5.436311
2022-01-26,5.589372
2022-01-27,6.108796
2022-01-28,3.837497
2022-01-31,2.040314
2022-02-01,1.390139
2022-02-02,0.487438
2022-02-03,2.931907
2022-02-04,2.452166
2022-02-07,2.830491
2022-02-08,2.033240
2022-02-09,0.634244
2022-02-10,2.452573
2022-02-11,4.314543
2022-02-14,4.694271
2022-02-15,3.207300
2022-02-16,3.139497
2022-02-17,5.202064
2022-02-18,5.889458
2022-02-22,6.847924
2022-02-23,8.565021
2022-02-24,7.204809
2022-02-25,5.146455
2022-02-28,5.392508
2022-03-01,6.863576
2022-03-02,5.139552
2022-03-03,5.650911
2022-03-04,6.411050
2022-03-07,9.175834
2022-03-08,9.833609
2022-03-09,7.520824
2022-03-10,7.921537
2022-03-11,9.115455
2022-03-14,9.788457
2022-03-15,7.860272
2022-03-16,5.806343
2022-03-17,4.654500
2022-03-18,3.557647
2022-03-21,3.612471
2022-03-22,2.538972
2022-03-23,3.747828
2022-03-24,2.384160
2022-03-25,1.906845
2022-03-28,1.224689
2022-03-29,0.035765
2022-03-30,0.685296
2022-03-31,2.257107
2022-04-01,1.942088
2022-04-04,1.172394
2022-04-05,2.429715
2022-04-06,3.390841
2022-04-07,2.994337
2022-04-08,3.263834
2022-04-11,4.903681
2022-04-12,5.234485
2022-04-13,4.184039
2022-04-14,5.352809
2022-04-18,5.376097
2022-04-19,3.862728
2022-04-20,3.928578
2022-04-21,5.347845
2022-04-22,7.970911
2022-04-25,7.442634
2022-04-26,10.036967
2022-04-27,9.838629
2022-04-28,7.602808
2022-04-29,10.943724
2022-05-02,10.429465
2022-05-03,9.991906
2022-05-04,7.302827
2022-05-05,10.596566
2022-05-06,11.091376
2022-05-09,13.918917
2022-05-10,13.686400
2022-05-11,15.084580
2022-05-12,15.171606
2022-05-13,13.126960
2022-05-16,13.450439
2022-05-17,11.689542
2022-05-18,15.232384
2022-05-19,15.702417
2022-05-20,15.664319
2022-05-23,14.076417
2022-05-24,14.749908
2022-05-25,13.921338
2022-05-26,12.190193
2022-05-27,10.001748
2022-05-31,10.548955
2022-06-01,11.198736
2022-06-02,9.547750
2022-06-03,11.011276
2022-06-06,10.717283
2022-06-07,9.852237
2022-06-08,10.806356
2022-06-09,12.905230
2022-06-10,15.411158
2022-06-13,18.656257
2022-06-14,18.926474
2022-06-15,17.707755
2022-06-16,20.343202
2022-06-17,20.128000
2022-06-21,18.135732
2022-06-22,18.204882
2022-06-23,17.389869
2022-06-24,14.834712
2022-06-27,15.058105
2022-06-28,16.737680
2022-06-29,16.764870
2022-06-30,17.461732
2022-07-01,16.558145
2022-07-05,16.394017
2022-07-06,16.065895
2022-07-07,14.786742
2022-07-08,14.834389
2022-07-11,15.788925
2022-07-12,16.535934
2022-07-13,16.875422
2022-07-14,17.092275
2022-07-15,15.475543
2022-07-18,16.155880
2022-07-19,13.820220
2022-07-20,13.291432
2022-07-21,12.420491
2022-07-22,13.217774
2022-07-25,13.082886
2022-07-26,14.061407
2022-07-27,11.794021
2022-07-28,10.708237
2022-07-29,9.427557
2022-08-01,9.669882
2022-08-02,10.252885
2022-08-03,8.831957
2022-08-04,8.884396
2022-08-05,9.011916
2022-08-08,9.102721
2022-08-09,9.465479
2022-08-10,7.519180
2022-08-11,7.564283
2022-08-12,5.946259
2022-08-15,5.558312
2022-08-16,5.364428
2022-08-17,6.030457
2022-08-18,5.798287
2022-08-19,6.990728
2022-08-22,8.952159
2022-08-23,9.125374
2022-08-24,8.829401
2022-08-25,7.516278
2022-08-26,10.597582
2022-08-29,11.160080
2022-08-30,12.104120
2022-08-31,12.752262
2022-09-01,12.452362
2022-09-02,13.350946
2022-09-06,13.664298
2022-09-07,12.041523
2022-09-08,11.422237
2022-09-09,10.035308
2022-09-12,9.050454
2022-09-13,12.941363
2022-09-14,12.611354
2022-09-15,13.559945
2022-09-16,14.143756
2022-09-19,13.522039
2022-09-20,14.458401
2022-09-21,15.883305
2022-09-22,16.548756
2022-09-23,17.935842
2022-09-26,18.731156
2022-09-27,18.851511
2022-09-28,17.203449
2022-09-29,18.900104
2022-09-30,20.069126
2022-10-03,17.946701
2022-10-04,15.390177
2022-10-05,15.516048
2022-10-06,16.337833
2022-10-07,18.628418
2022-10-10,19.182252
2022-10-11,19.650787
2022-10-12,19.852937
2022-10-13,17.712966
2022-10-14,19.597596
2022-10-17,17.410009
2022-10-18,16.409800
2022-10-19,16.908383
2022-10-20,17.508802
2022-10-21,15.499758
2022-10-24,14.445768
2022-10-25,13.007782
2022-10-26,13.603175
2022-10-27,14.077895
2022-10-28,11.914420
2022-10-31,12.525973
2022-11-01,12.838623
2022-11-02,14.972197
2022-11-03,15.827313
2022-11-04,14.640962
2022-11-07,13.786725
2022-11-08,13.270801
2022-11-09,15.038733
2022-11-10,10.305607
2022-11-11,9.456778
2022-11-14,10.237644
2022-11-15,9.424092
2022-11-16,10.136491
2022-11-17,10.375849
2022-11-18,9.918698
2022-11-21,10.235658
2022-11-22,8.987544
2022-11-23,8.419058
2022-11-25,8.410691
2022-11-28,9.792670
2022-11-29,9.908501
2022-11-30,7.100375
2022-12-01,7.156458
2022-12-02,7.242312
2022-12-05,8.878838
2022-12-06,10.166343
2022-12-07,10.311317
2022-12-08,9.620792
2022-12-09,10.263671
2022-12-12,8.958169
2022-12-13,8.272632
2022-12-14,8.808737
2022-12-15,11.051958
2022-12-16,12.012304
2022-12-19,12.774751
2022-12-20,12.661875
2022-12-21,11.345814
2022-12-22,12.600084
2022-12-23,12.062521
2022-12-27,12.396372
2022-12-28,13.426536
2022-12-29,11.890146
2022-12-30,12.083063
2023-01-03,12.399794
2023-01-04,11.677414
2023-01-05,12.102455
2023-01-06,10.057239
2023-01-09,10.091881
2023-01-10,9.427530
2023-01-11,8.227957
2023-01-12,7.877344
2023-01-13,6.893139
2023-01-17,7.043670
2023-01-18,8.168697
2023-01-19,8.830194
2023-01-20,7.066975
2023-01-23,5.930547
2023-01-24,5.967828
2023-01-25,5.953971
2023-01-26,4.891038
2023-01-27,4.631549
2023-01-30,5.843999
2023-01-31,4.441215
2023-02-01,3.424392
2023-02-02,1.990613
2023-02-03,2.983881
2023-02-06,3.556647
2023-02-07,2.299837
2023-02-08,3.372253
2023-02-09,4.211390
2023-02-10,3.995541
2023-02-13,2.893322
2023-02-14,2.910490
2023-02-15,2.642289
2023-02-16,3.980457
2023-02-17,4.239861
2023-02-21,6.139540
2023-02-22,6.277226
2023-02-23,5.770565
2023-02-24,6.762157
2023-02-27,6.474431
2023-02-28,6.760610
2023-03-01,7.202547
2023-03-02,6.496211
2023-03-03,4.988788
2023-03-06,4.920864
2023-03-07,6.382158
2023-03-08,6.255571
2023-03-09,7.987103
2023-03-10,9.312305
2023-03-13,9.443900
2023-03-14,7.948086
2023-03-15,8.580287
2023-03-16,6.962137
2023-03-17,7.973752
2023-03-20,7.143483
2023-03-21,5.926763
2023-03-22,7.464604
2023-03-23,7.177412
2023-03-24,6.641736
2023-03-27,6.479089
2023-03-28,6.623286
2023-03-29,5.302126
2023-03-30,4.503653
2023-03-31,2.956840
2023-04-03,2.620153
2023-04-04,3.213335
2023-04-05,2.914638
2023-04-06,2.338547
2023-04-10,2.264309
2023-04-11,2.167668
2023-04-12,2.317705
2023-04-13,1.038542
2023-04-14,1.264292
2023-04-17,0.959961
2023-04-18,0.899824
2023-04-19,0.930038
2023-04-20,1.510804
2023-04-21,0.746907
2023-04-24,-0.289502
2023-04-25,1.307343
2023-04-26,1.699468
2023-04-27,-0.203048
2023-04-28,-1.005650
2023-05-01,-0.941641
2023-05-02,0.244674
2023-05-03,0.959669
2023-05-04,1.682639
2023-05-05,-0.122182
2023-05-08,-0.158320
2023-05-09,0.310632
2023-05-10,-0.125177
2023-05-11,0.058404
2023-05-12,0.223200
2023-05-15,-0.067777
2023-05-16,0.569098
2023-05-17,-0.610577
2023-05-18,-1.553752
2023-05-19,-1.404478
2023-05-22,-1.417501
2023-05-23,-0.279366
2023-05-24,0.452924
2023-05-25,-0.416976
2023-05-26,-1.727645
2023-05-30,-1.729450
2023-05-31,-1.114656
2023-06-01,-2.116168
2023-06-02,-3.601915
2023-06-05,-3.394357
2023-06-06,-3.637729
2023-06-07,-3.240025
2023-06-08,-3.868349
2023-06-09,-3.976032
2023-06-12,-4.539884
2023-06-13,-4.906256
2023-06-14,-4.929508
2023-06-15,-5.570856
2023-06-16,-5.153820
2023-06-20,-4.625945
2023-06-21,-4.049775
2023-06-22,-4.404386
2023-06-23,-3.574746
2023-06-26,-3.086347
2023-06-27,-4.241768
2023-06-28,-4.183664
2023-06-29,-4.630074
2023-06-30,-5.600560
2023-07-03,-5.630234
2023-07-05,-5.384534
2023-07-06,-4.512682
2023-07-07,-4.179134
2023-07-10,-4.391809
2023-07-11,-5.050981
2023-07-12,-5.594188
2023-07-13,-6.008209
2023-07-14,-5.840589
2023-07-17,-6.046422
2023-07-18,-6.386909
2023-07-19,-6.455201
2023-07-20,-5.670155
2023-07-21,-5.645102
2023-07-24,-6.018394
2023-07-25,-6.243386
2023-07-26,-6.169992
2023-07-27,-5.426311
2023-07-28,-6.238987
2023-07-31,-6.252537
2023-08-01,-5.900698
2023-08-02,-4.378074
2023-08-03,-4.050315
2023-08-04,-3.445420
2023-08-07,-4.325231
2023-08-08,-3.831414
2023-08-09,-3.047463
2023-08-10,-3.025951
2023-08-11,-2.871782
2023-08-14,-3.421588
2023-08-15,-2.187290
2023-08-16,-1.376559
2023-08-17,-0.564531
2023-08-18,-0.517674
2023-08-21,-1.174111
2023-08-22,-0.852804
2023-08-23,-1.920315
2023-08-24,-0.510017
2023-08-25,-1.146820
2023-08-28,-1.741456
2023-08-29,-3.168649
2023-08-30,-3.527568
2023-08-31,-3.328658
2023-09-01,-3.478100
2023-09-05,-3.011303
2023-09-06,-2.260523
2023-09-07,-1.899791
2023-09-08,-2.013607
2023-09-11,-2.664835
2023-09-12,-2.050723
2023-09-13,-2.149243
2023-09-14,-2.979455
2023-09-15,-1.696307
2023-09-18,-1.738110
2023-09-19,-1.496196
2023-09-20,-0.522219
2023-09-21,1.142376
2023-09-22,1.389073
2023-09-25,1.016803
2023-09-26,2.495904
2023-09-27,2.492427
2023-09-28,1.940091
2023-09-29,2.223882
2023-10-02,2.232454
2023-10-03,3.590203
2023-10-04,2.830549
2023-10-05,2.981696
2023-10-06,1.865306
2023-10-09,1.278122
2023-10-10,0.793445
2023-10-11,0.401712
2023-10-12,1.054708
2023-10-13,1.581592
2023-10-16,0.575117
2023-10-17,0.616969
2023-10-18,1.977354
2023-10-19,2.835992
2023-10-20,4.080713
2023-10-23,4.266440
2023-10-24,3.591726
2023-10-25,4.991361
2023-10-26,6.128100
2023-10-27,6.587172
2023-10-30,5.475920
2023-10-31,4.875227
2023-11-01,3.890377
2023-11-02,2.101193
2023-11-03,1.209322
2023-11-06,1.059929
2023-11-07,0.800652
2023-11-08,0.723133
2023-11-09,1.545558
2023-11-10,0.029674
2023-11-13,0.133981
2023-11-14,-1.741359
2023-11-15,-1.877421
2023-11-16,-1.974581
2023-11-17,-2.084586
2023-11-20,-2.813370
2023-11-21,-2.579009
2023-11-22,-2.971084
2023-11-24,-3.004994
2023-11-27,-2.774530
2023-11-28,-2.846368
2023-11-29,-2.723389
2023-11-30,-3.085226
2023-12-01,-3.600976
2023-12-04,-3.010852
2023-12-05,-2.921965
2023-12-06,-2.485854
2023-12-07,-3.265533
2023-12-08,-3.545569
2023-12-11,-3.714955
2023-12-12,-3.920563
2023-12-13,-4.609885
2023-12-14,-4.705688
2023-12-15,-4.650961
2023-12-18,-4.858118
2023-12-19,-5.134004
2023-12-20,-3.545504
2023-12-21,-4.564400
2023-12-22,-4.685054
2023-12-26,-5.003231
2023-12-27,-5.023228
2023-12-28,-4.988921
2023-12-29,-4.636888
2024-01-02,-3.995676
2024-01-03,-3.113239
2024-01-04,-2.714348
2024-01-05,-2.859116
2024-01-08,-4.259409
2024-01-09,-4.055138
2024-01-10,-4.592997
2024-01-11,-4.472875
2024-01-12,-4.496868
2024-01-16,-4.061337
2024-01-17,-3.434602
2024-01-18,-4.303866
2024-01-19,-4.958439
2024-01-22,-5.032178
2024-01-23,-5.144508
2024-01-24,-5.141554
2024-01-25,-5.382376
2024-01-26,-5.264754
2024-01-29,-5.662603
2024-01-30,-5.550247
2024-01-31,-3.806622
2024-02-01,-5.056496
2024-02-02,-5.817138
2024-02-05,-5.430641
2024-02-06,-5.622614
2024-02-07,-6.071274
2024-02-08,-6.049104
2024-02-09,-6.310650
2024-02-12,-6.148962
2024-02-13,-4.646775
2024-02-14,-5.597363
2024-02-15,-6.127003
2024-02-16,-5.562055
2024-02-20,-4.873466
2024-02-21,-4.949221
2024-02-22,-6.536636
2024-02-23,-6.496615
2024-02-26,-6.034017
2024-02-27,-6.156263
2024-02-28,-5.921860
2024-02-29,-6.341715
2024-03-01,-6.730122
2024-03-04,-6.538946
2024-03-05,-5.396196
2024-03-06,-5.881899
2024-03-07,-6.715259
2024-03-08,-5.960935
2024-03-11,-5.782027
2024-03-12,-6.727348
2024-03-13,-6.459087
2024-03-14,-6.095143
2024-03-15,-5.351588
2024-03-18,-5.957656
2024-03-19,-6.465912
2024-03-20,-6.910224
2024-03-21,-7.034294
2024-03-22,-6.825378
2024-03-25,-6.440476
2024-03-26,-6.086706
2024-03-27,-6.877311
2024-03-28,-6.884382
2024-04-01,-6.615450
2024-04-02,-5.792957
2024-04-03,-5.860619
2024-04-04,-4.510674
2024-04-05,-5.621296
2024-04-08,-5.531199
2024-04-09,-5.633757
2024-04-10,-4.586293
2024-04-11,-5.312678
2024-04-12,-3.736312
2024-04-15,-2.449360
2024-04-16,-2.200652
2024-04-17,-1.576911
2024-04-18,-1.320703
2024-04-19,-0.403683
2024-04-22,-1.246009
2024-04-23,-2.418484
2024-04-24,-2.402006
2024-04-25,-1.898347
2024-04-26,-2.902226
2024-04-29,-3.194072
2024-04-30,-1.540482
2024-05-01,-1.163461
2024-05-02,-2.057732
2024-05-03,-3.306654
2024-05-06,-4.335624
2024-05-07,-4.437685
2024-05-08,-4.400091
2024-05-09,-4.893667
2024-05-10,-5.028204
2024-05-13,-4.962804
2024-05-14,-5.431552
2024-05-15,-6.112134
2024-05-16,-5.848636
2024-05-17,-5.925226
2024-05-20,-5.974665
2024-05-21,-6.065034
2024-05-22,-5.731594
2024-05-23,-4.906387
2024-05-24,-5.591760
2024-05-28,-5.569012
2024-05-29,-4.744697
2024-05-30,-4.075903
2024-05-31,-4.862758
2024-06-03,-4.928891
2024-06-04,-5.033270
2024-06-05,-5.913638
2024-06-06,-5.836882
2024-06-07,-5.663068
2024-06-10,-5.818835
2024-06-11,-5.911965
2024-06-12,-6.327935
2024-06-13,-6.401374
2024-06-14,-6.304864
2024-06-17,-6.699901
2024-06-18,-6.785247
2024-06-20,-6.459449
2024-06-21,-6.236672
2024-06-24,-5.854004
2024-06-25,-6.211169
2024-06-26,-6.318858
2024-06-27,-6.357524
2024-06-28,-5.865568
2024-07-01,-6.090630
2024-07-02,-6.489394
2024-07-03,-6.713415
2024-07-05,-6.957464
2024-07-08,-6.949597
2024-07-09,-6.923463
2024-07-10,-7.428111
2024-07-11,-6.413439
2024-07-12,-6.926253
2024-07-15,-7.149528
2024-07-16,-7.457459
2024-07-17,-5.886919
2024-07-18,-4.987927
2024-07-19,-4.169879
2024-07-22,-5.218410
2024-07-23,-4.981537
2024-07-24,-2.487011
2024-07-25,-1.900408
2024-07-26,-2.968651
2024-07-29,-2.991602
2024-07-30,-2.422885
2024-07-31,-3.975582
2024-08-01,-2.490849
2024-08-02,-0.554967
2024-08-05,2.500553
2024-08-06,1.539257
2024-08-07,2.348374
2024-08-08,0.155932
2024-08-09,-0.250970
2024-08-12,-0.197480
2024-08-13,-1.818851
2024-08-14,-2.137615
2024-08-15,-3.708067
2024-08-16,-3.839208
2024-08-19,-4.771550
2024-08-20,-4.489775
2024-08-21,-4.861867
2024-08-22,-3.859935
2024-08-23,-4.983731
2024-08-26,-4.585788
2024-08-27,-4.685580
2024-08-28,-3.993406
2024-08-29,-3.926528
2024-08-30,-4.908963
2024-09-03,-2.635769
2024-09-04,-2.418068
2024-09-05,-2.057157
2024-09-06,-0.249947
2024-09-09,-1.363214
2024-09-10,-1.767077
2024-09-11,-2.800396
2024-09-12,-3.516558
2024-09-13,-4.019745
2024-09-16,-4.093768
2024-09-17,-4.064413
2024-09-18,-3.708136
2024-09-19,-4.999740
2024-09-20,-4.736142
2024-09-23,-4.926424
2024-09-24,-5.001827
2024-09-25,-4.746588
2024-09-26,-5.000988
2024-09-27,-4.810788
2024-09-30,-5.047030
2024-10-01,-4.015429
2024-10-02,-3.978391
2024-10-03,-3.752789
2024-10-04,-4.630796
2024-10-07,-3.579997
2024-10-08,-4.528938
2024-10-09,-4.961439
2024-10-10,-4.690839
2024-10-11,-5.071642
2024-10-14,-5.439502
2024-10-15,-4.583503
2024-10-16,-5.016937
2024-10-17,-4.941805
2024-10-18,-5.257009
2024-10-21,-5.004658
2024-10-22,-4.895051
2024-10-23,-3.878000
2024-10-24,-4.046965
2024-10-25,-3.963462
2024-10-28,-4.185779
2024-10-29,-4.300335
2024-10-30,-3.902858
2024-10-31,-1.920622
2024-11-01,-2.290424
2024-11-04,-1.959405
2024-11-05,-3.163190
2024-11-06,-5.169306
2024-11-07,-5.522217
2024-11-08,-5.673807
2024-11-11,-5.670358
2024-11-12,-5.310364
2024-11-13,-5.280365
2024-11-14,-4.587233
2024-11-15,-3.157930
2024-11-18,-3.515072
2024-11-19,-3.876274
2024-11-20,-3.830120
2024-11-21,-4.336480
2024-11-22,-4.649194
2024-11-25,-4.916642
2024-11-26,-5.297200
2024-11-27,-4.844099
2024-11-29,-5.290444
2024-12-02,-5.374183
2024-12-03,-5.346255
2024-12-04,-5.624643
2024-12-05,-5.371729
2024-12-06,-5.552745
2024-12-09,-4.855698
2024-12-10,-4.496572
2024-12-11,-5.299168
2024-12-12,-4.679967
2024-12-13,-4.629507
2024-12-16,-4.980136
2024-12-17,-4.528720
2024-12-18,-1.407600
2024-12-19,-1.283189
2024-12-20,-2.346476
2024-12-23,-3.050756
2024-12-24,-4.143245
2024-12-26,-4.058556
2024-12-27,-2.868963
2024-12-30,-1.731740
2024-12-31,-1.259339
2025-01-02,-0.999939
2025-01-03,-2.235386
2025-01-06,-2.765303
2025-01-07,-1.592359
2025-01-08,-1.718231
2025-01-10,-0.122009
2025-01-13,-0.250038
2025-01-14,-0.337038
2025-01-15,-2.141266
2025-01-16,-1.892456
2025-01-17,-2.872496
2025-01-21,-3.733985
2025-01-22,-4.325068
2025-01-23,-4.601322
2025-01-24,-4.259036
2025-01-27,-2.700538
2025-01-28,-3.603559
2025-01-29,-3.078617
2025-01-30,-3.576898
2025-01-31,-3.007494
2025-02-03,-2.179195
2025-02-04,-2.869183
2025-02-05,-3.221269
2025-02-06,-3.544210
2025-02-07,-2.516323
2025-02-10,-3.157290
2025-02-11,-3.145163
2025-02-12,-2.816949
2025-02-13,-3.840732
2025-02-14,-3.785922
2025-02-18,-3.898956
2025-02-19,-3.973643
2025-02-20,-3.473323
2025-02-21,-1.666667
2025-02-24,-1.124573
2025-02-25,-0.616257
2025-02-26,-0.594867
2025-02-27,1.030079
2025-02-28,-0.505688
2025-03-03,1.290951
2025-03-04,2.522067
2025-03-05,1.458084
2025-03-06,3.233293
2025-03-07,2.719583
2025-03-10,5.356619
2025-03-11,6.083483
2025-03-12,5.636958
2025-03-13,6.958389
2025-03-14,4.994081
2025-03-17,4.400397
2025-03-18,5.433667
2025-03-19,4.431400
2025-03-20,4.656726
2025-03-21,4.594570
2025-03-24,2.931806
2025-03-25,2.797427
2025-03-26,3.897398
2025-03-27,4.230079
2025-03-28,6.129574
2025-03-31,5.619674
2025-04-01,5.271798
2025-04-02,4.644579
2025-04-03,9.257940
2025-04-04,14.664488
2025-04-07,14.847237
2025-04-08,16.165748
2025-04-09,8.188276
2025-04-10,11.358508
2025-04-11,9.750508
2025-04-14,9.030566
2025-04-15,9.184226
2025-04-16,11.211896
2025-04-17,11.086409
2025-04-21,13.168200
2025-04-22,10.977259
2025-04-23,9.486257
2025-04-24,7.648872
2025-04-25,6.965790
2025-04-28,6.901781
2025-04-29,6.360589
2025-04-30,6.220051
2025-05-01,5.628173
2025-05-02,4.239237
2025-05-05,4.853001
2025-05-06,5.587635
2025-05-07,5.182668
2025-05-08,4.637015
2025-05-09,4.709325
2025-05-12,1.625212
2025-05-13,0.933851
2025-05-14,0.851654
2025-05-15,0.462182
2025-05-16,-0.211662
2025-05-19,-0.279634
2025-05-20,0.131551
2025-05-21,1.764832
2025-05-22,1.837311
2025-05-23,2.520324
2025-05-27,0.558033
2025-05-28,1.137147
2025-05-29,0.765710
2025-05-30,0.798829
2025-06-02,0.414129
2025-06-03,-0.140554
2025-06-04,-0.128903
2025-06-05,0.416549
2025-06-06,-0.589723
2025-06-09,-0.664000
2025-06-10,-1.197178
2025-06-11,-0.899304
2025-06-12,-1.266559
2025-06-13,-0.106648
2025-06-16,-1.028702
2025-06-17,-0.167585
2025-06-18,-0.119391
2025-06-20,0.112837
2025-06-23,-0.824626
2025-06-24,-1.920228
2025-06-25,-1.893429
2025-06-26,-2.677470
2025-06-27,-2.946096
2025-06-30,-3.187170
2025-07-01,-3.042446
2025-07-02,-3.321475
2025-07-03,-3.736060
2025-07-07,-2.893238
2025-07-08,-2.792677
2025-07-09,-3.386309
2025-07-10,-3.635416
2025-07-11,-3.268250
2025-07-14,-3.388482
2025-07-15,-2.956239
2025-07-16,-3.260391
2025-07-17,-3.655498
2025-07-18,-3.620595
2025-07-21,-3.675321
2025-07-22,-3.682084
2025-07-23,-4.071569
2025-07-24,-4.078816
2025-07-25,-4.264340
2025-07-28,-4.241971
2025-07-29,-3.905037
2025-07-30,-3.749079
2025-07-31,-3.340257
2025-08-01,-1.668675
2025-08-04,-3.145621
2025-08-05,-2.622694
2025-08-06,-3.347134
2025-08-07,-3.242090
2025-08-08,-4.023366
2025-08-11,-3.739218
2025-08-12,-4.450702
2025-08-13,-4.595721
2025-08-14,-4.581915
2025-08-15,-4.249475
2025-08-18,-4.210289
2025-08-19,-3.573477
2025-08-20,-3.295208
2025-08-21,-2.851586
2025-08-22,-4.379747
2025-08-25,-3.901343
2025-08-26,-4.299676
2025-08-27,-4.424397
2025-08-28,-4.571970
2025-08-29,-3.881758
2025-09-02,-3.143961
2025-09-03,-3.648952
2025-09-04,-4.488759
2025-09-05,-4.133816
2025-09-08,-4.324672
2025-09-09,-4.495900
2025-09-10,-4.630370
2025-09-11,-5.063086
2025-09-12,-4.983142
2025-09-15,-5.236371
2025-09-16,-5.072318
2025-09-17,-4.943790
2025-09-18,-5.291100
2025-09-19,-5.531961
2025-09-22,-5.746824
2025-09-23,-5.136974
2025-09-24,-4.812337
2025-09-25,-4.263122
2025-09-26,-4.853047
2025-09-29,-5.101403
2025-09-30,-5.501199
2025-10-01,-5.700546
2025-10-02,-5.704286
2025-10-03,-5.677236
2025-10-06,-5.849422
2025-10-07,-5.415394
2025-10-08,-5.889215
2025-10-09,-5.557423
2025-10-10,-2.667744
2025-10-13,-4.238299
2025-10-14,-4.047854
2025-10-15,-4.437958
2025-10-16,-3.750888
2025-10-17,-4.263433
2025-10-20,-5.337134
2025-10-21,-5.300999
2025-10-22,-4.704619
2025-10-23,-5.280006
2025-10-24,-5.790390
2025-10-27,-6.431698
2025-10-28,-6.511464
2025-10-29,-6.458003
2025-10-30,-5.358730
2025-10-31,-5.593760
2025-11-03,-5.733541
2025-11-04,-4.457518
2025-11-05,-4.805291
2025-11-06,-3.605369
2025-11-07,-3.708777
2025-11-10,-5.272779
2025-11-11,-5.453323
2025-11-12,-5.484122
2025-11-13,-3.706477
2025-11-14,-3.624906
2025-11-17,-2.647600
2025-11-18,-1.772886
2025-11-19,-2.128448
2025-11-20,-0.518018
2025-11-21,-1.482824
2025-11-24,-3.022523
2025-11-25,-3.924983
2025-11-26,-4.609489
2025-11-28,-5.133858
2025-12-01,-4.543079
2025-12-02,-4.768042
2025-12-03,-5.048005
2025-12-04,-5.129590
2025-12-05,-5.299476
2025-12-08,-4.896184
2025-12-09,-4.766140
2025-12-10,-5.431629
2025-12-11,-5.535239
2025-12-12,-4.367177
2025-12-15,-4.162581
2025-12-16,-3.872559
2025-12-17,-2.627608
2025-12-18,-3.401260
2025-12-19,-4.264953
2025-12-22,-4.887182
2025-12-23,-5.243507
2025-12-24,-5.361279
2025-12-26,-5.270459
2025-12-29,-4.842077
2025-12-30,-4.642842
2025-12-31,-3.822185
2026-01-02,-3.964986
2026-01-05,-4.572187
2026-01-06,-5.072041
2026-01-07,-4.656107
2026-01-08,-4.614041
2026-01-09,-5.085098
2026-01-12,-5.116866
2026-01-13,-4.857880
2026-01-14,-4.240650
2026-01-15,-4.452132
2026-01-16,-4.328852
2026-01-20,-2.129569
2026-01-21,-3.250267
2026-01-22,-3.738595
2026-01-23,-3.693849
2026-01-26,-4.129284
2026-01-27,-4.480001
2026-01-28,-4.398838
2026-01-29,-4.195959
2026-01-30,-3.683297
2026-02-02,-4.175699
2026-02-03,-3.231753
2026-02-04,-2.641925
2026-02-05,-1.317599
2026-02-06,-3.244948
2026-02-09,-3.663257
2026-02-10,-3.260585
2026-02-11,-3.197148
2026-02-12,-1.528174
2026-02-13,-1.527282
2026-02-17,-1.580521
2026-02-18,-2.094149
2026-02-19,-1.758608
2026-02-20,-2.413722
2026-02-23,-1.300787
2026-02-24,-2.025191
2026-02-25,-2.803331
2026-02-26,-2.201475
2026-02-27,-1.716605
2026-03-02,-1.717372
2026-03-03,-0.720237
2026-03-04,-1.463551
2026-03-05,-0.856173
2026-03-06,0.513085
2026-03-09,-0.279546
2026-03-10,-0.028854
2026-03-11,0.091311
2026-03-12,1.646015
2026-03-13,2.268984
2026-03-16,1.310001
2026-03-17,1.094735
2026-03-18,2.467590
2026-03-19,2.760978
2026-03-20,4.252897
2026-03-23,3.179171
2026-03-24,3.564566
2026-03-25,3.064152
2026-03-26,4.768784
2026-03-27,6.373166
2026-03-30,6.754173
2026-03-31,4.055718
2026-04-01,3.390246
2026-04-02,3.302452
2026-04-06,2.897935
2026-04-07,2.848005
2026-04-08,0.442518
2026-04-09,-0.140973
2026-04-10,0.000877
2026-04-13,-0.985664
2026-04-14,-2.143197
2026-04-15,-2.606600
2026-04-16,-2.710879
2026-04-17,-3.308507
2026-04-20,-3.028159
2026-04-21,-2.343154
2026-04-22,-3.294445
2026-04-23,-2.832580
2026-04-24,-3.426191
2026-04-27,-3.456420
2026-04-28,-2.915265
2026-04-29,-2.839884
2026-04-30,-3.609640
2026-05-01,-3.728014
2026-05-04,-3.270753
2026-05-05,-3.869570
2026-05-06,-4.612498
2026-05-07,-4.173228
2026-05-08,-4.779220
2026-05-11,-4.839592
2026-05-12,-4.630602
2026-05-13,-4.987885
2026-05-14,-5.362624
2026-05-15,-4.017830
2026-05-18,-3.898514
2026-05-19,-3.160136
2026-05-20,-4.229031
2026-05-21,-4.361652
2026-05-22,-4.705075
2026-05-26,-5.177676
2026-05-27,-5.141013
2026-05-28,-5.409924
2026-05-29,-5.484183
2026-06-01,-5.583733
2026-06-02,-5.609137
2026-06-03,-4.786090
2026-06-04,-5.165131
2026-06-05,-2.345813
2026-06-08,-2.610888
2026-06-09,-2.306702
2026-06-10,-0.618596
2026-06-11,-2.343969
2026-06-12,-2.820399
2026-06-15,-4.477106
2026-06-16,-3.843306
2026-06-17,-2.544334
2026-06-18,-3.613816
2026-06-22,-3.189779
2026-06-23,-1.674390
2026-06-24,-1.540716
2026-06-25,-1.497506
2026-06-26,-1.417356
2026-06-29,-2.573804
2026-06-30,-3.350629
2026-07-01,-3.093384
2026-07-02,-3.059818
2026-07-06,-3.769770
2026-07-07,-3.272373
2026-07-08,-2.948521
2026-07-09,-3.752564
2026-07-10,-4.154803
2026-07-13,-3.295941
2026-07-14,-3.649089
2026-07-15,-4.007300
2026-07-16,-3.442319
2026-07-17,-2.367268
2026-07-20,-2.249782
2026-07-21,-3.014370
2026-07-22,-2.843883
2026-07-23,-1.574362
2026-07-24,-1.599449
2026-07-27,-1.589535
2026-07-28,-1.777804
2026-07-29,-0.213120
2026-07-30,-1.843676
2026-07-31,-2.525243
2026-08-03,-4.004885
2026-08-04,-4.991752
2026-08-05,-4.773058
2026-08-06,-4.548055
2026-08-07,-5.018182
2026-08-10,-4.917193
2026-08-11,-4.540204
2026-08-12,-4.775578
2026-08-13,-5.152482
2026-08-14,-4.938665
2026-08-17,-4.357081
2026-08-18,-3.608189
2026-08-19,-3.792681
