date,value
2006-07-17,1.032687
2006-07-18,1.030198
2006-07-19,0.996795
2006-07-20,0.993869
2006-07-21,1.021127
2006-07-24,0.972096
2006-07-25,1.016427
2006-07-26,1.002743
2006-07-27,0.985488
2006-07-28,0.979494
2006-07-31,0.980328
2006-08-01,0.977908
2006-08-02,0.952191
2006-08-03,0.960797
2006-08-04,0.950298
2006-08-07,0.992182
2006-08-08,0.984486
2006-08-09,0.975610
2006-08-10,0.946335
2006-08-11,0.935864
2006-08-14,0.933246
2006-08-15,0.924242
2006-08-16,0.884533
2006-08-17,0.914798
2006-08-18,0.888550
2006-08-21,0.910581
2006-08-22,0.907669
2006-08-23,0.914454
2006-08-24,0.913108
2006-08-25,0.911177
2006-08-28,0.911677
2006-08-29,0.917788
2006-08-30,0.917417
2006-08-31,0.925564
2006-09-01,0.906748
2006-09-05,0.945359
2006-09-06,0.959497
2006-09-07,0.959226
2006-09-08,0.927414
2006-09-11,0.914789
2006-09-12,0.881657
2006-09-13,0.838081
2006-09-14,0.852399
2006-09-15,0.876957
2006-09-18,0.879104
2006-09-19,0.884133
2006-09-20,0.857681
2006-09-21,0.900073
2006-09-22,0.893542
2006-09-25,0.900446
2006-09-26,0.880153
2006-09-27,0.875946
2006-09-28,0.881866
2006-09-29,0.890706
2006-10-02,0.924945
2006-10-03,0.906667
2006-10-04,0.895770
2006-10-05,0.902108
2006-10-06,0.883792
2006-10-09,0.894334
2006-10-10,0.882759
2006-10-11,0.887023
2006-10-12,0.892915
2006-10-13,0.881148
2006-10-16,0.897976
2006-10-17,0.928741
2006-10-18,0.909383
2006-10-19,0.885459
2006-10-20,0.881426
2006-10-23,0.907453
2006-10-24,0.936577
2006-10-25,0.938380
2006-10-26,0.940338
2006-10-27,0.949868
2006-10-30,0.930233
2006-10-31,0.973684
2006-11-01,0.952815
2006-11-02,0.942244
2006-11-03,0.923841
2006-11-06,0.978947
2006-11-07,0.977093
2006-11-08,0.960679
2006-11-09,0.968338
2006-11-10,0.939077
2006-11-13,0.954306
2006-11-14,0.940018
2006-11-15,0.927158
2006-11-16,0.921124
2006-11-17,0.908680
2006-11-20,0.891771
2006-11-21,0.884718
2006-11-22,0.880208
2006-11-24,0.873779
2006-11-27,0.926903
2006-11-28,0.920032
2006-11-29,0.887705
2006-11-30,0.886271
2006-12-01,0.926132
2006-12-04,0.905645
2006-12-05,0.905949
2006-12-06,0.905675
2006-12-07,0.939911
2006-12-08,0.906837
2006-12-11,0.808302
2006-12-12,0.808656
2006-12-13,0.779479
2006-12-14,0.766334
2006-12-15,0.765423
2006-12-18,0.803639
2006-12-19,0.815519
2006-12-20,0.818835
2006-12-21,0.803817
2006-12-22,0.854135
2006-12-26,0.857578
2006-12-27,0.845115
2006-12-28,0.838931
2006-12-29,0.869827
2007-01-03,0.899851
2007-01-04,0.876618
2007-01-05,0.905295
2007-01-08,0.903614
2007-01-09,0.898190
2007-01-10,0.880952
2007-01-11,0.878029
2007-01-12,0.840928
2007-01-16,0.878887
2007-01-17,0.876656
2007-01-18,0.896694
2007-01-19,0.895780
2007-01-22,0.884963
2007-01-23,0.896014
2007-01-24,0.880677
2007-01-25,0.925743
2007-01-26,0.920596
2007-01-29,0.940838
2007-01-30,0.944828
2007-01-31,0.919682
2007-02-01,0.913198
2007-02-02,0.896797
2007-02-05,0.923818
2007-02-06,0.934211
2007-02-07,0.912467
2007-02-08,0.914186
2007-02-09,0.913580
2007-02-12,0.938561
2007-02-13,0.903057
2007-02-14,0.908526
2007-02-15,0.907638
2007-02-16,0.894643
2007-02-20,0.901408
2007-02-21,0.896309
2007-02-22,0.897707
2007-02-23,0.881667
2007-02-26,0.915435
2007-02-27,1.073271
2007-02-28,1.065653
2007-03-01,1.085048
2007-03-02,1.129933
2007-03-05,1.130760
2007-03-06,1.040417
2007-03-07,1.013972
2007-03-08,0.999301
2007-03-09,0.988079
2007-03-12,0.988693
2007-03-13,1.106838
2007-03-14,1.068688
2007-03-15,1.025593
2007-03-16,1.014502
2007-03-19,0.964309
2007-03-20,0.928621
2007-03-21,0.929825
2007-03-22,0.967814
2007-03-23,0.962825
2007-03-26,0.969072
2007-03-27,0.954674
2007-03-28,0.990086
2007-03-29,0.993438
2007-03-30,0.969536
2007-04-02,0.966090
2007-04-03,0.945225
2007-04-04,0.929123
2007-04-05,0.940967
2007-04-09,0.936565
2007-04-10,0.939259
2007-04-11,0.950669
2007-04-12,0.938700
2007-04-13,0.916604
2007-04-16,0.909643
2007-04-17,0.927426
2007-04-18,0.942337
2007-04-19,0.942857
2007-04-20,0.959459
2007-04-23,0.996942
2007-04-24,1.001527
2007-04-25,1.012261
2007-04-26,1.015079
2007-04-27,0.996797
2007-04-30,1.014989
2007-05-01,1.008962
2007-05-02,0.987170
2007-05-03,0.990166
2007-05-04,0.973605
2007-05-07,0.986497
2007-05-08,0.984352
2007-05-09,0.972810
2007-05-10,0.965224
2007-05-11,0.963542
2007-05-14,0.980337
2007-05-15,0.983848
2007-05-16,0.961538
2007-05-17,0.953423
2007-05-18,0.945185
2007-05-21,0.977223
2007-05-22,0.965976
2007-05-23,0.973529
2007-05-24,0.979819
2007-05-25,0.943423
2007-05-29,0.960938
2007-05-30,0.953903
2007-05-31,0.968820
2007-06-01,0.947368
2007-06-04,0.943892
2007-06-05,0.955820
2007-06-06,0.974443
2007-06-07,1.037082
2007-06-08,0.980833
2007-06-11,0.974172
2007-06-12,1.040574
2007-06-13,0.976790
2007-06-14,0.943292
2007-06-15,0.928714
2007-06-18,0.921703
2007-06-19,0.899230
2007-06-20,0.948287
2007-06-21,0.929366
2007-06-22,0.968635
2007-06-25,1.010316
2007-06-26,1.045958
2007-06-27,0.968204
2007-06-28,0.970643
2007-06-29,0.989634
2007-07-02,0.956522
2007-07-03,0.955798
2007-07-05,0.960894
2007-07-06,0.947843
2007-07-09,0.942786
2007-07-10,1.010932
2007-07-11,0.976526
2007-07-12,0.950459
2007-07-13,0.928309
2007-07-16,0.947720
2007-07-17,0.947273
2007-07-18,0.938416
2007-07-19,0.928659
2007-07-20,0.971904
2007-07-23,0.977894
2007-07-24,1.012002
2007-07-25,1.001660
2007-07-26,1.091005
2007-07-27,1.142790
2007-07-30,1.079669
2007-07-31,1.101639
2007-08-01,1.095833
2007-08-02,1.036133
2007-08-03,1.112290
2007-08-06,1.075985
2007-08-07,1.046094
2007-08-08,1.051986
2007-08-09,1.083470
2007-08-10,1.114173
2007-08-13,1.128717
2007-08-14,1.127954
2007-08-15,1.158233
2007-08-16,1.139320
2007-08-17,1.146407
2007-08-20,1.133448
2007-08-21,1.117257
2007-08-22,1.077684
2007-08-23,1.068493
2007-08-24,1.021193
2007-08-27,1.060691
2007-08-28,1.050739
2007-08-29,1.027622
2007-08-30,1.070483
2007-08-31,1.041889
2007-09-04,1.034984
2007-09-05,1.058115
2007-09-06,1.037181
2007-09-07,1.069739
2007-09-10,1.083927
2007-09-11,1.070763
2007-09-12,1.063485
2007-09-13,1.057216
2007-09-14,1.061329
2007-09-17,1.088816
2007-09-18,0.986428
2007-09-19,0.987673
2007-09-20,0.997075
2007-09-21,0.949525
2007-09-24,0.988770
2007-09-25,0.956298
2007-09-26,0.927407
2007-09-27,0.932529
2007-09-28,0.966184
2007-10-01,0.958624
2007-10-02,0.962019
2007-10-03,0.962622
2007-10-04,0.949048
2007-10-05,0.922028
2007-10-08,0.938710
2007-10-09,0.914351
2007-10-10,0.909934
2007-10-11,0.964249
2007-10-12,0.925849
2007-10-15,0.944090
2007-10-16,0.944340
2007-10-17,0.910609
2007-10-18,0.914483
2007-10-19,0.988803
2007-10-22,1.005576
2007-10-23,0.971442
2007-10-24,0.976984
2007-10-25,0.990178
2007-10-26,0.959294
2007-10-29,0.974020
2007-10-30,0.989666
2007-10-31,0.949283
2007-11-01,1.025630
2007-11-02,0.994382
2007-11-05,1.011652
2007-11-06,0.964817
2007-11-07,1.049525
2007-11-08,1.031546
2007-11-09,1.054384
2007-11-12,1.136746
2007-11-13,0.977291
2007-11-14,1.011306
2007-11-15,1.022595
2007-11-16,0.964070
2007-11-19,1.013640
2007-11-20,0.953622
2007-11-21,0.978848
2007-11-23,0.986138
2007-11-26,1.016526
2007-11-27,0.988342
2007-11-28,0.994227
2007-11-29,0.978367
2007-11-30,0.955704
2007-12-03,0.971605
2007-12-04,0.965112
2007-12-05,0.965709
2007-12-06,0.948416
2007-12-07,0.940036
2007-12-10,0.945736
2007-12-11,0.978026
2007-12-12,0.964792
2007-12-13,0.959184
2007-12-14,0.961173
2007-12-17,0.960439
2007-12-18,0.917714
2007-12-19,0.910542
2007-12-20,0.899869
2007-12-21,0.859070
2007-12-24,0.879849
2007-12-26,0.891543
2007-12-27,0.918821
2007-12-28,0.919326
2007-12-31,0.965251
2008-01-02,0.981780
2008-01-03,0.985971
2008-01-04,1.010553
2008-01-07,1.024548
2008-01-08,0.997646
2008-01-09,0.984490
2008-01-10,0.979123
2008-01-11,0.966531
2008-01-14,0.967469
2008-01-15,0.956950
2008-01-16,1.000821
2008-01-17,1.076399
2008-01-18,1.045787
2008-01-22,1.132165
2008-01-23,1.105524
2008-01-24,1.068462
2008-01-25,1.082651
2008-01-28,1.069696
2008-01-29,1.065107
2008-01-30,1.059049
2008-01-31,1.039270
2008-02-01,0.996267
2008-02-04,1.024842
2008-02-05,1.046313
2008-02-06,1.049257
2008-02-07,1.034405
2008-02-08,1.035107
2008-02-11,1.034871
2008-02-12,1.008426
2008-02-13,0.983788
2008-02-14,1.002748
2008-02-15,0.983491
2008-02-19,1.004711
2008-02-20,0.989056
2008-02-21,1.001196
2008-02-22,0.986066
2008-02-25,0.962390
2008-02-26,0.947642
2008-02-27,0.957788
2008-02-28,0.968711
2008-02-29,1.005684
2008-03-03,1.007669
2008-03-04,0.990683
2008-03-05,0.987555
2008-03-06,1.020370
2008-03-07,1.014017
2008-03-10,1.037063
2008-03-11,1.010349
2008-03-12,0.994519
2008-03-13,1.004047
2008-03-14,1.061308
2008-03-17,1.089926
2008-03-18,0.991542
2008-03-19,1.036831
2008-03-20,0.975449
2008-03-24,0.991140
2008-03-25,0.982429
2008-03-26,0.980083
2008-03-27,0.984779
2008-03-28,0.979802
2008-03-31,0.998830
2008-04-01,0.960610
2008-04-02,0.964198
2008-04-03,0.962272
2008-04-04,0.954507
2008-04-07,0.966379
2008-04-08,0.969224
2008-04-09,0.968577
2008-04-10,0.953166
2008-04-11,0.969822
2008-04-14,0.975830
2008-04-15,0.961181
2008-04-16,0.940880
2008-04-17,0.936552
2008-04-18,0.941975
2008-04-21,0.955266
2008-04-22,0.957340
2008-04-23,0.938832
2008-04-24,0.947120
2008-04-25,0.951895
2008-04-28,0.962273
2008-04-29,0.972142
2008-04-30,0.978353
2008-05-01,0.954499
2008-05-02,0.930876
2008-05-05,0.944056
2008-05-06,0.922025
2008-05-07,0.941317
2008-05-08,0.929119
2008-05-09,0.930043
2008-05-12,0.878953
2008-05-13,0.892308
2008-05-14,0.883000
2008-05-15,0.845436
2008-05-16,0.841594
2008-05-19,0.857359
2008-05-20,0.844786
2008-05-21,0.840796
2008-05-22,0.838755
2008-05-23,0.868503
2008-05-27,0.886282
2008-05-28,0.880425
2008-05-29,0.872115
2008-05-30,0.868485
2008-06-02,0.912983
2008-06-03,0.915423
2008-06-04,0.920761
2008-06-05,0.883776
2008-06-06,0.973554
2008-06-09,0.969392
2008-06-10,0.972315
2008-06-11,0.991776
2008-06-12,0.984388
2008-06-13,0.938938
2008-06-16,0.934017
2008-06-17,0.939947
2008-06-18,0.944374
2008-06-19,0.944834
2008-06-20,0.970301
2008-06-23,0.971674
2008-06-24,0.965963
2008-06-25,0.947133
2008-06-26,0.984369
2008-06-27,0.979524
2008-06-30,1.007573
2008-07-01,0.999155
2008-07-02,1.035971
2008-07-03,1.014742
2008-07-07,1.041616
2008-07-08,1.003903
2008-07-09,1.035714
2008-07-10,1.049201
2008-07-11,1.077194
2008-07-14,1.100464
2008-07-15,1.098960
2008-07-16,1.021987
2008-07-17,1.026262
2008-07-18,1.010504
2008-07-21,0.994392
2008-07-22,0.960109
2008-07-23,0.959910
2008-07-24,0.986532
2008-07-25,0.983684
2008-07-28,1.010004
2008-07-29,0.991449
2008-07-30,0.989272
2008-07-31,1.011910
2008-08-01,0.992088
2008-08-04,1.017324
2008-08-05,0.983256
2008-08-06,0.955146
2008-08-07,0.967521
2008-08-08,0.954273
2008-08-11,0.938433
2008-08-12,0.953604
2008-08-13,0.956078
2008-08-14,0.939058
2008-08-15,0.915809
2008-08-18,0.948892
2008-08-19,0.949153
2008-08-20,0.909172
2008-08-21,0.897645
2008-08-22,0.875698
2008-08-25,0.919334
2008-08-26,0.909858
2008-08-27,0.900638
2008-08-28,0.902043
2008-08-29,0.916963
2008-09-02,0.951536
2008-09-03,0.939912
2008-09-04,0.986858
2008-09-05,0.971766
2008-09-08,0.977970
2008-09-09,1.012724
2008-09-10,0.999185
2008-09-11,1.001231
2008-09-12,1.025580
2008-09-15,1.134980
2008-09-16,1.127232
2008-09-17,1.197751
2008-09-18,1.158152
2008-09-19,1.143723
2008-09-22,1.138580
2008-09-23,1.142674
2008-09-24,1.151505
2008-09-25,1.127835
2008-09-26,1.168124
2008-09-29,1.288117
2008-09-30,1.192552
2008-10-01,1.190490
2008-10-02,1.240340
2008-10-03,1.210188
2008-10-06,1.330181
2008-10-07,1.323798
2008-10-08,1.362624
2008-10-09,1.331389
2008-10-10,1.373993
2008-10-13,1.297546
2008-10-14,1.282391
2008-10-15,1.400404
2008-10-16,1.387156
2008-10-17,1.375513
2008-10-20,1.214351
2008-10-21,1.212834
2008-10-22,1.397752
2008-10-23,1.362540
2008-10-24,1.430922
2008-10-27,1.274029
2008-10-28,1.231335
2008-10-29,1.209962
2008-10-30,1.170233
2008-10-31,1.117976
2008-11-03,1.048437
2008-11-04,1.031777
2008-11-05,1.097345
2008-11-06,1.134307
2008-11-07,1.066337
2008-11-10,1.109713
2008-11-11,1.104440
2008-11-12,1.124535
2008-11-13,1.105915
2008-11-14,1.118401
2008-11-17,1.106223
2008-11-18,1.101808
2008-11-19,1.116860
2008-11-20,1.167822
2008-11-21,1.129293
2008-11-24,1.087395
2008-11-25,1.050181
2008-11-26,1.022148
2008-11-28,1.020303
2008-12-01,1.098093
2008-12-02,1.055826
2008-12-03,1.037949
2008-12-04,1.038342
2008-12-05,1.032208
2008-12-08,1.033392
2008-12-09,1.019733
2008-12-10,0.992343
2008-12-11,0.994473
2008-12-12,0.984403
2008-12-15,1.006205
2008-12-16,0.989794
2008-12-17,0.966453
2008-12-18,0.950602
2008-12-19,1.035253
2008-12-22,1.019446
2008-12-23,1.012140
2008-12-24,1.005687
2008-12-26,0.940794
2008-12-29,0.943275
2008-12-30,0.937402
2008-12-31,0.926355
2009-01-02,0.966223
2009-01-05,0.957374
2009-01-06,0.956586
2009-01-07,0.990413
2009-01-08,0.985870
2009-01-09,0.954100
2009-01-12,0.968110
2009-01-13,0.917904
2009-01-14,0.969613
2009-01-15,0.986270
2009-01-16,0.941982
2009-01-20,1.032440
2009-01-21,0.929143
2009-01-22,0.943347
2009-01-23,0.957658
2009-01-26,0.962503
2009-01-27,0.935148
2009-01-28,0.939810
2009-01-29,0.979325
2009-01-30,1.005381
2009-02-02,1.036666
2009-02-03,1.019413
2009-02-04,1.040826
2009-02-05,1.026526
2009-02-06,0.999769
2009-02-09,1.004835
2009-02-10,1.013244
2009-02-11,0.988019
2009-02-12,0.966948
2009-02-13,1.010831
2009-02-17,1.057826
2009-02-18,1.031722
2009-02-19,1.031777
2009-02-20,1.048267
2009-02-23,1.043427
2009-02-24,1.008424
2009-02-25,1.006081
2009-02-26,1.010865
2009-02-27,1.025216
2009-03-02,1.081775
2009-03-03,1.049887
2009-03-04,1.063506
2009-03-05,1.074304
2009-03-06,1.061317
2009-03-09,1.067698
2009-03-10,1.046215
2009-03-11,1.026118
2009-03-12,1.011794
2009-03-13,1.012670
2009-03-16,1.035511
2009-03-17,1.020510
2009-03-18,1.004010
2009-03-19,1.012283
2009-03-20,0.991573
2009-03-23,1.021261
2009-03-24,0.983731
2009-03-25,1.008353
2009-03-26,0.992134
2009-03-27,0.975053
2009-03-30,1.012225
2009-03-31,0.989908
2009-04-01,0.982570
2009-04-02,0.995265
2009-04-03,0.966642
2009-04-06,0.994171
2009-04-07,0.969282
2009-04-08,0.966418
2009-04-09,0.948092
2009-04-13,0.980804
2009-04-14,0.973637
2009-04-15,0.952594
2009-04-16,0.968344
2009-04-17,0.927576
2009-04-20,0.994164
2009-04-21,0.983060
2009-04-22,0.989610
2009-04-23,0.978146
2009-04-24,0.973816
2009-04-27,0.991975
2009-04-28,0.988281
2009-04-29,0.988764
2009-04-30,0.993738
2009-05-01,0.984933
2009-05-04,0.992241
2009-05-05,0.976009
2009-05-06,0.972722
2009-05-07,0.982374
2009-05-08,0.976539
2009-05-11,0.984426
2009-05-12,0.970400
2009-05-13,0.994679
2009-05-14,0.972713
2009-05-15,0.996990
2009-05-18,0.968300
2009-05-19,0.946746
2009-05-20,0.944372
2009-05-21,0.967891
2009-05-22,0.987591
2009-05-26,0.971139
2009-05-27,0.996612
2009-05-28,0.988144
2009-05-29,0.950378
2009-06-01,0.981699
2009-06-02,0.968934
2009-06-03,0.963653
2009-06-04,0.955668
2009-06-05,0.937342
2009-06-08,0.937048
2009-06-09,0.921748
2009-06-10,0.929761
2009-06-11,0.939191
2009-06-12,0.954237
2009-06-15,0.983089
2009-06-16,0.996645
2009-06-17,0.958954
2009-06-18,0.953031
2009-06-19,0.913512
2009-06-22,0.944259
2009-06-23,0.943245
2009-06-24,0.934985
2009-06-25,0.896294
2009-06-26,0.885587
2009-06-29,0.898936
2009-06-30,0.916203
2009-07-01,0.905387
2009-07-02,0.915493
2009-07-06,0.941864
2009-07-07,0.961359
2009-07-08,0.965453
2009-07-09,0.940322
2009-07-10,0.915169
2009-07-13,0.874086
2009-07-14,0.845842
2009-07-15,0.889385
2009-07-16,0.888500
2009-07-17,0.849564
2009-07-20,0.884378
2009-07-21,0.869898
2009-07-22,0.862234
2009-07-23,0.869065
2009-07-24,0.875616
2009-07-27,0.899592
2009-07-28,0.894492
2009-07-29,0.901126
2009-07-30,0.901029
2009-07-31,0.912676
2009-08-03,0.922411
2009-08-04,0.914401
2009-08-05,0.916452
2009-08-06,0.917441
2009-08-07,0.913316
2009-08-10,0.923503
2009-08-11,0.924911
2009-08-12,0.917448
2009-08-13,0.905792
2009-08-14,0.895242
2009-08-17,0.931841
2009-08-18,0.905882
2009-08-19,0.922051
2009-08-20,0.886886
2009-08-21,0.900612
2009-08-24,0.892756
2009-08-25,0.884943
2009-08-26,0.879760
2009-08-27,0.868708
2009-08-28,0.868772
2009-08-31,0.891670
2009-09-01,0.943977
2009-09-02,0.931057
2009-09-03,0.915541
2009-09-04,0.886938
2009-09-08,0.908189
2009-09-09,0.891169
2009-09-10,0.888344
2009-09-11,0.909262
2009-09-14,0.903446
2009-09-15,0.889480
2009-09-16,0.915733
2009-09-17,0.911719
2009-09-18,0.901281
2009-09-21,0.917270
2009-09-22,0.898404
2009-09-23,0.900345
2009-09-24,0.919646
2009-09-25,0.941198
2009-09-28,0.947088
2009-09-29,0.951284
2009-09-30,0.960615
2009-10-01,0.997882
2009-10-02,0.995833
2009-10-05,0.972112
2009-10-06,0.961467
2009-10-07,0.944870
2009-10-08,0.939394
2009-10-09,0.921850
2009-10-12,0.914184
2009-10-13,0.916301
2009-10-14,0.930024
2009-10-15,0.896780
2009-10-16,0.878279
2009-10-19,0.889855
2009-10-20,0.881113
2009-10-21,0.905092
2009-10-22,0.886081
2009-10-23,0.916084
2009-10-26,0.958218
2009-10-27,0.975255
2009-10-28,1.017870
2009-10-29,0.964926
2009-10-30,1.055728
2009-11-02,1.033310
2009-11-03,0.997922
2009-11-04,0.983676
2009-11-05,0.955656
2009-11-06,0.934699
2009-11-09,0.948382
2009-11-10,0.924322
2009-11-11,0.922707
2009-11-12,0.929804
2009-11-13,0.912500
2009-11-16,0.910139
2009-11-17,0.894968
2009-11-18,0.875000
2009-11-19,0.901234
2009-11-20,0.899838
2009-11-23,0.877644
2009-11-24,0.862258
2009-11-25,0.865596
2009-11-27,0.946080
2009-11-30,0.934070
2009-12-01,0.878909
2009-12-02,0.851613
2009-12-03,0.880439
2009-12-04,0.858239
2009-12-07,0.873518
2009-12-08,0.906621
2009-12-09,0.878295
2009-12-10,0.880821
2009-12-11,0.859474
2009-12-14,0.861156
2009-12-15,0.868985
2009-12-16,0.847010
2009-12-17,0.908394
2009-12-18,0.884176
2009-12-21,0.870803
2009-12-22,0.858524
2009-12-23,0.869048
2009-12-24,0.868034
2009-12-28,0.886172
2009-12-29,0.884225
2009-12-30,0.880847
2009-12-31,0.907493
2010-01-04,0.880105
2010-01-05,0.864225
2010-01-06,0.878899
2010-01-07,0.882407
2010-01-08,0.863333
2010-01-11,0.825106
2010-01-12,0.837540
2010-01-13,0.838422
2010-01-14,0.851280
2010-01-15,0.833799
2010-01-19,0.841551
2010-01-20,0.872897
2010-01-21,0.961987
2010-01-22,1.038798
2010-01-25,1.008734
2010-01-26,0.975367
2010-01-27,0.958972
2010-01-28,0.961897
2010-01-29,0.970055
2010-02-01,0.955584
2010-02-02,0.936764
2010-02-03,0.939130
2010-02-04,1.003849
2010-02-05,1.004231
2010-02-08,1.003027
2010-02-09,0.998464
2010-02-10,0.981832
2010-02-11,0.975173
2010-02-12,0.929272
2010-02-16,0.943997
2010-02-17,0.932589
2010-02-18,0.905619
2010-02-19,0.897355
2010-02-22,0.917625
2010-02-23,0.944739
2010-02-24,0.918025
2010-02-25,0.910739
2010-02-26,0.900693
2010-03-01,0.898321
2010-03-02,0.899906
2010-03-03,0.897949
2010-03-04,0.890157
2010-03-05,0.861097
2010-03-08,0.878085
2010-03-09,0.888889
2010-03-10,0.905412
2010-03-11,0.872464
2010-03-12,0.867292
2010-03-15,0.868726
2010-03-16,0.877480
2010-03-17,0.857505
2010-03-18,0.853183
2010-03-19,0.850626
2010-03-22,0.838886
2010-03-23,0.830793
2010-03-24,0.874004
2010-03-25,0.894072
2010-03-26,0.885843
2010-03-29,0.886146
2010-03-30,0.876663
2010-03-31,0.883032
2010-04-01,0.877889
2010-04-05,0.879587
2010-04-06,0.861465
2010-04-07,0.866076
2010-04-08,0.863732
2010-04-09,0.866810
2010-04-12,0.821730
2010-04-13,0.853081
2010-04-14,0.830581
2010-04-15,0.840741
2010-04-16,0.907563
2010-04-19,0.876200
2010-04-20,0.828331
2010-04-21,0.845596
2010-04-22,0.840735
2010-04-23,0.857143
2010-04-26,0.879658
2010-04-27,1.003961
2010-04-28,0.944868
2010-04-29,0.879771
2010-04-30,0.931559
2010-05-03,0.894154
2010-05-04,0.950937
2010-05-05,0.944634
2010-05-06,1.243838
2010-05-07,1.118241
2010-05-10,0.995169
2010-05-11,0.980949
2010-05-12,0.957598
2010-05-13,0.966317
2010-05-14,1.014286
2010-05-17,1.010816
2010-05-18,1.022554
2010-05-19,1.033353
2010-05-20,1.121479
2010-05-21,1.072192
2010-05-24,1.038201
2010-05-25,0.991691
2010-05-26,1.031517
2010-05-27,0.968668
2010-05-28,1.002188
2010-06-01,1.044680
2010-06-02,0.986270
2010-06-03,0.974206
2010-06-04,1.032296
2010-06-07,1.035977
2010-06-08,1.001486
2010-06-09,0.997929
2010-06-10,0.971401
2010-06-11,0.930210
2010-06-14,0.931551
2010-06-15,0.909315
2010-06-16,0.900625
2010-06-17,0.887983
2010-06-18,0.856581
2010-06-21,0.903413
2010-06-22,0.929873
2010-06-23,0.919686
2010-06-24,0.948342
2010-06-25,0.929316
2010-06-28,0.936693
2010-06-29,0.992728
2010-06-30,0.980414
2010-07-01,0.952740
2010-07-02,0.904776
2010-07-06,0.926273
2010-07-07,0.903096
2010-07-08,0.891779
2010-07-09,0.886759
2010-07-12,0.860514
2010-07-13,0.867232
2010-07-14,0.863337
2010-07-15,0.860075
2010-07-16,0.857843
2010-07-19,0.863364
2010-07-20,0.847980
2010-07-21,0.881706
2010-07-22,0.882796
2010-07-23,0.869581
2010-07-26,0.859682
2010-07-27,0.879408
2010-07-28,0.907900
2010-07-29,0.889749
2010-07-30,0.865881
2010-08-02,0.866535
2010-08-03,0.870050
2010-08-04,0.855547
2010-08-05,0.844801
2010-08-06,0.832312
2010-08-09,0.850557
2010-08-10,0.850247
2010-08-11,0.884977
2010-08-12,0.879658
2010-08-13,0.875542
2010-08-16,0.875839
2010-08-17,0.851593
2010-08-18,0.860392
2010-08-19,0.892339
2010-08-20,0.862898
2010-08-23,0.876067
2010-08-24,0.905972
2010-08-25,0.894472
2010-08-26,0.901218
2010-08-27,0.860916
2010-08-30,0.906698
2010-08-31,0.897039
2010-09-01,0.875412
2010-09-02,0.871150
2010-09-03,0.841960
2010-09-07,0.889055
2010-09-08,0.884030
2010-09-09,0.873946
2010-09-10,0.859320
2010-09-13,0.856970
2010-09-14,0.871463
2010-09-15,0.886482
2010-09-16,0.870192
2010-09-17,0.876194
2010-09-20,0.874339
2010-09-21,0.896151
2010-09-22,0.894674
2010-09-23,0.912462
2010-09-24,0.877172
2010-09-27,0.894444
2010-09-28,0.891871
2010-09-29,0.897337
2010-09-30,0.897727
2010-10-01,0.875486
2010-10-04,0.893997
2010-10-05,0.867624
2010-10-06,0.862706
2010-10-07,0.866211
2010-10-08,0.860765
2010-10-11,0.790659
2010-10-12,0.810013
2010-10-13,0.829852
2010-10-14,0.843803
2010-10-15,0.820259
2010-10-18,0.837281
2010-10-19,0.874523
2010-10-20,0.873345
2010-10-21,0.867237
2010-10-22,0.867437
2010-10-25,0.905979
2010-10-26,0.910811
2010-10-27,0.916372
2010-10-28,0.915388
2010-10-29,0.923747
2010-11-01,0.937312
2010-11-02,0.937011
2010-11-03,0.903464
2010-11-04,0.900340
2010-11-05,0.883833
2010-11-08,0.882296
2010-11-09,0.886205
2010-11-10,0.867951
2010-11-11,0.868188
2010-11-12,0.898823
2010-11-15,0.885577
2010-11-16,0.937708
2010-11-17,0.913135
2010-11-18,0.835934
2010-11-19,0.842991
2010-11-22,0.861228
2010-11-23,0.913236
2010-11-24,0.896836
2010-11-26,1.018799
2010-11-29,0.922056
2010-11-30,0.934498
2010-12-01,0.890371
2010-12-02,0.881764
2010-12-03,0.857619
2010-12-06,0.856464
2010-12-07,0.857892
2010-12-08,0.870461
2010-12-09,0.863363
2010-12-10,0.887601
2010-12-13,0.857771
2010-12-14,0.863659
2010-12-15,0.864995
2010-12-16,0.835255
2010-12-17,0.793987
2010-12-20,0.816418
2010-12-21,0.828227
2010-12-22,0.789474
2010-12-23,0.805773
2010-12-27,0.839829
2010-12-28,0.827195
2010-12-29,0.829175
2010-12-30,0.833889
2010-12-31,0.849282
2011-01-03,0.854025
2011-01-04,0.843280
2011-01-05,0.848878
2011-01-06,0.855037
2011-01-07,0.844751
2011-01-10,0.856445
2011-01-11,0.838630
2011-01-12,0.844514
2011-01-13,0.853646
2011-01-14,0.841590
2011-01-18,0.863439
2011-01-19,0.881365
2011-01-20,0.904020
2011-01-21,0.924887
2011-01-24,0.901430
2011-01-25,0.909514
2011-01-26,0.884166
2011-01-27,0.873918
2011-01-28,0.973288
2011-01-31,0.969231
2011-02-01,0.929362
2011-02-02,0.906234
2011-02-03,0.882135
2011-02-04,0.869067
2011-02-07,0.891566
2011-02-08,0.885714
2011-02-09,0.888578
2011-02-10,0.888950
2011-02-11,0.878499
2011-02-14,0.889075
2011-02-15,0.896004
2011-02-16,0.912664
2011-02-17,0.890499
2011-02-18,0.869312
2011-02-22,0.975610
2011-02-23,0.984869
2011-02-24,0.957772
2011-02-25,0.934370
2011-02-28,0.917500
2011-03-01,0.959361
2011-03-02,0.954797
2011-03-03,0.909980
2011-03-04,0.916346
2011-03-07,0.945538
2011-03-08,0.924009
2011-03-09,0.926673
2011-03-10,0.961336
2011-03-11,0.918153
2011-03-14,0.939529
2011-03-15,1.012068
2011-03-16,1.092531
2011-03-17,1.036557
2011-03-18,1.004109
2011-03-21,0.938952
2011-03-22,0.931336
2011-03-23,0.915910
2011-03-24,0.896414
2011-03-25,0.894159
2011-03-28,0.931927
2011-03-29,0.909364
2011-03-30,0.896709
2011-03-31,0.894153
2011-04-01,0.888208
2011-04-04,0.902527
2011-04-05,0.889175
2011-04-06,0.872033
2011-04-07,0.877436
2011-04-08,0.891272
2011-04-11,0.829085
2011-04-12,0.840630
2011-04-13,0.846423
2011-04-14,0.815130
2011-04-15,0.799165
2011-04-18,0.851406
2011-04-19,0.825339
2011-04-20,0.815476
2011-04-21,0.800545
2011-04-25,0.850135
2011-04-26,0.854953
2011-04-27,0.857542
2011-04-28,0.834475
2011-04-29,0.842857
2011-05-02,0.869494
2011-05-03,0.873888
2011-05-04,0.878601
2011-05-05,0.917339
2011-05-06,0.924159
2011-05-09,0.893750
2011-05-10,0.866086
2011-05-11,0.889764
2011-05-12,0.869306
2011-05-13,0.895123
2011-05-16,0.917967
2011-05-17,0.902314
2011-05-18,0.875877
2011-05-19,0.854155
2011-05-20,0.914961
2011-05-23,0.923193
2011-05-24,0.929577
2011-05-25,0.904610
2011-05-26,0.884552
2011-05-27,0.881412
2011-05-31,0.879841
2011-06-01,0.945248
2011-06-02,0.936335
2011-06-03,0.921931
2011-06-06,0.926353
2011-06-07,0.926667
2011-06-08,0.941855
2011-06-09,0.922638
2011-06-10,0.937842
2011-06-13,0.959393
2011-06-14,0.939784
2011-06-15,0.997194
2011-06-16,1.005307
2011-06-17,0.973708
2011-06-20,0.942036
2011-06-21,0.920000
2011-06-22,0.893822
2011-06-23,0.921644
2011-06-24,0.962591
2011-06-27,0.956279
2011-06-28,0.934211
2011-06-29,0.889289
2011-06-30,0.873612
2011-07-01,0.885109
2011-07-05,0.886803
2011-07-06,0.887561
2011-07-07,0.897580
2011-07-08,0.888085
2011-07-11,0.920420
2011-07-12,0.949355
2011-07-13,0.954916
2011-07-14,0.963409
2011-07-15,0.932665
2011-07-18,0.959249
2011-07-19,0.937073
2011-07-20,0.937162
2011-07-21,0.914583
2011-07-22,0.912500
2011-07-25,0.955084
2011-07-26,0.968406
2011-07-27,1.012781
2011-07-28,1.034423
2011-07-29,1.102139
2011-08-01,1.057194
2011-08-02,1.050424
2011-08-03,1.011246
2011-08-04,1.108543
2011-08-05,1.081446
2011-08-08,1.259843
2011-08-09,1.128420
2011-08-10,1.175232
2011-08-11,1.153164
2011-08-12,1.110229
2011-08-15,1.059508
2011-08-16,1.079172
2011-08-17,1.051615
2011-08-18,1.165847
2011-08-19,1.135884
2011-08-22,1.109253
2011-08-23,1.042541
2011-08-24,1.031609
2011-08-25,1.086042
2011-08-26,1.034292
2011-08-29,1.009381
2011-08-30,1.012935
2011-08-31,0.998421
2011-09-01,0.994686
2011-09-02,1.003847
2011-09-06,1.045789
2011-09-07,1.012743
2011-09-08,1.018096
2011-09-09,1.051310
2011-09-12,1.041284
2011-09-13,1.023572
2011-09-14,0.989702
2011-09-15,0.953759
2011-09-16,0.940212
2011-09-19,0.968057
2011-09-20,0.977394
2011-09-21,1.031224
2011-09-22,1.056194
2011-09-23,1.042984
2011-09-26,1.026032
2011-09-27,1.013437
2011-09-28,1.039474
2011-09-29,1.017287
2011-09-30,1.041707
2011-10-03,1.047718
2011-10-04,1.009147
2011-10-05,0.986949
2011-10-06,0.979212
2011-10-07,0.970249
2011-10-10,0.949123
2011-10-11,0.964768
2011-10-12,0.948135
2011-10-13,0.938551
2011-10-14,0.929253
2011-10-17,0.993750
2011-10-18,0.986867
2011-10-19,1.001454
2011-10-20,1.016959
2011-10-21,0.979668
2011-10-24,0.960289
2011-10-25,0.995674
2011-10-26,0.965094
2011-10-27,0.941916
2011-10-28,0.924962
2011-10-31,0.986500
2011-11-01,1.022046
2011-11-02,0.995742
2011-11-03,0.964579
2011-11-04,0.965738
2011-11-07,0.951243
2011-11-08,0.930894
2011-11-09,1.018878
2011-11-10,0.972148
2011-11-11,0.950633
2011-11-14,0.951406
2011-11-15,0.960025
2011-11-16,0.974411
2011-11-17,0.977067
2011-11-18,0.935672
2011-11-21,0.946233
2011-11-22,0.933703
2011-11-23,0.947310
2011-11-25,0.945679
2011-11-28,0.946671
2011-11-29,0.922614
2011-11-30,0.909091
2011-12-01,0.912754
2011-12-02,0.921943
2011-12-05,0.931104
2011-12-06,0.932692
2011-12-07,0.936316
2011-12-08,0.953256
2011-12-09,0.893329
2011-12-12,0.850845
2011-12-13,0.842227
2011-12-14,0.856016
2011-12-15,0.852342
2011-12-16,0.836721
2011-12-19,0.867084
2011-12-20,0.864161
2011-12-21,0.838419
2011-12-22,0.837025
2011-12-23,0.821967
2011-12-27,0.857870
2011-12-28,0.879252
2011-12-29,0.862857
2011-12-30,0.871184
2012-01-03,0.881766
2012-01-04,0.877914
2012-01-05,0.869636
2012-01-06,0.856372
2012-01-09,0.873549
2012-01-10,0.873733
2012-01-11,0.873082
2012-01-12,0.851497
2012-01-13,0.847588
2012-01-17,0.888000
2012-01-18,0.863937
2012-01-19,0.840169
2012-01-20,0.801052
2012-01-23,0.836470
2012-01-24,0.858375
2012-01-25,0.857210
2012-01-26,0.856550
2012-01-27,0.865888
2012-01-30,0.885036
2012-01-31,0.880036
2012-02-01,0.861188
2012-02-02,0.855783
2012-02-03,0.852868
2012-02-06,0.871015
2012-02-07,0.876365
2012-02-08,0.878143
2012-02-09,0.873008
2012-02-10,0.893041
2012-02-13,0.860759
2012-02-14,0.856266
2012-02-15,0.876451
2012-02-16,0.829521
2012-02-17,0.794105
2012-02-21,0.813870
2012-02-22,0.823450
2012-02-23,0.808470
2012-02-24,0.817280
2012-02-27,0.831733
2012-02-28,0.831481
2012-02-29,0.845413
2012-03-01,0.820732
2012-03-02,0.813264
2012-03-05,0.820828
2012-03-06,0.873222
2012-03-07,0.839349
2012-03-08,0.821886
2012-03-09,0.806315
2012-03-12,0.751562
2012-03-13,0.755102
2012-03-14,0.737831
2012-03-15,0.750730
2012-03-16,0.710358
2012-03-19,0.754263
2012-03-20,0.780561
2012-03-21,0.785974
2012-03-22,0.796419
2012-03-23,0.795064
2012-03-26,0.818130
2012-03-27,0.839526
2012-03-28,0.823310
2012-03-29,0.821656
2012-03-30,0.832886
2012-04-02,0.847237
2012-04-03,0.832536
2012-04-04,0.845244
2012-04-05,0.842583
2012-04-09,0.886846
2012-04-10,0.901415
2012-04-11,0.890966
2012-04-12,0.849383
2012-04-13,0.889040
2012-04-16,0.887024
2012-04-17,0.885372
2012-04-18,0.882576
2012-04-19,0.864814
2012-04-20,0.851563
2012-04-23,0.886863
2012-04-24,0.882496
2012-04-25,0.864337
2012-04-26,0.875472
2012-04-27,0.870864
2012-04-30,0.887681
2012-05-01,0.867747
2012-05-02,0.887954
2012-05-03,0.900513
2012-05-04,0.924710
2012-05-07,0.926161
2012-05-08,0.915425
2012-05-09,0.932652
2012-05-10,0.902252
2012-05-11,0.922970
2012-05-14,0.952112
2012-05-15,0.918478
2012-05-16,0.893660
2012-05-17,0.927300
2012-05-18,0.907448
2012-05-21,0.890733
2012-05-22,0.891003
2012-05-23,0.889287
2012-05-24,0.869249
2012-05-25,0.872844
2012-05-29,0.880285
2012-05-30,0.921726
2012-05-31,0.917620
2012-06-01,0.936424
2012-06-04,0.928876
2012-06-05,0.918496
2012-06-06,0.896803
2012-06-07,0.887617
2012-06-08,0.898054
2012-06-11,0.923922
2012-06-12,0.885726
2012-06-13,0.915849
2012-06-14,0.867200
2012-06-15,0.891846
2012-06-18,0.827836
2012-06-19,0.838504
2012-06-20,0.827255
2012-06-21,0.867012
2012-06-22,0.841934
2012-06-25,0.884933
2012-06-26,0.877615
2012-06-27,0.869857
2012-06-28,0.885843
2012-06-29,0.840551
2012-07-02,0.848913
2012-07-03,0.862319
2012-07-05,0.870214
2012-07-06,0.853293
2012-07-09,0.882671
2012-07-10,0.896981
2012-07-11,0.886420
2012-07-12,0.885935
2012-07-13,0.863332
2012-07-16,0.872514
2012-07-17,0.871036
2012-07-18,0.853221
2012-07-19,0.830199
2012-07-20,0.828411
2012-07-23,0.879131
2012-07-24,0.919587
2012-07-25,0.883912
2012-07-26,0.866107
2012-07-27,0.849441
2012-07-30,0.895678
2012-07-31,0.910972
2012-08-01,0.917271
2012-08-02,0.868512
2012-08-03,0.837259
2012-08-06,0.851121
2012-08-07,0.850080
2012-08-08,0.824543
2012-08-09,0.838179
2012-08-10,0.812569
2012-08-13,0.758163
2012-08-14,0.802269
2012-08-15,0.775716
2012-08-16,0.770350
2012-08-17,0.732970
2012-08-20,0.754169
2012-08-21,0.798936
2012-08-22,0.778064
2012-08-23,0.794425
2012-08-24,0.788981
2012-08-27,0.820783
2012-08-28,0.831988
2012-08-29,0.833822
2012-08-30,0.852294
2012-08-31,0.847236
2012-09-04,0.869439
2012-09-05,0.887444
2012-09-06,0.837809
2012-09-07,0.817510
2012-09-10,0.889618
2012-09-11,0.897212
2012-09-12,0.897727
2012-09-13,0.854103
2012-09-14,0.858580
2012-09-17,0.851722
2012-09-18,0.852676
2012-09-19,0.841722
2012-09-20,0.840000
2012-09-21,0.832638
2012-09-24,0.852923
2012-09-25,0.876705
2012-09-26,0.908649
2012-09-27,0.869361
2012-09-28,0.893242
2012-10-01,0.910714
2012-10-02,0.885569
2012-10-03,0.877702
2012-10-04,0.852872
2012-10-05,0.846426
2012-10-08,0.870392
2012-10-09,0.908940
2012-10-10,0.898511
2012-10-11,0.887308
2012-10-12,0.909808
2012-10-15,0.892460
2012-10-16,0.896877
2012-10-17,0.907285
2012-10-18,0.906514
2012-10-19,0.941501
2012-10-22,0.930050
2012-10-23,0.968123
2012-10-24,0.951220
2012-10-25,0.948195
2012-10-26,0.936383
2012-10-31,0.963232
2012-11-01,0.941342
2012-11-02,0.948248
2012-11-05,0.971007
2012-11-06,0.963816
2012-11-07,0.963150
2012-11-08,0.932426
2012-11-09,0.927255
2012-11-12,0.871018
2012-11-13,0.877702
2012-11-14,0.901862
2012-11-15,0.909045
2012-11-16,0.866878
2012-11-19,0.866401
2012-11-20,0.872685
2012-11-21,0.870876
2012-11-23,0.861206
2012-11-26,0.895436
2012-11-27,0.903519
2012-11-28,0.901744
2012-11-29,0.895363
2012-11-30,0.918935
2012-12-03,0.933782
2012-12-04,0.941176
2012-12-05,0.923163
2012-12-06,0.929372
2012-12-07,0.919607
2012-12-10,0.925072
2012-12-11,0.915882
2012-12-12,0.915089
2012-12-13,0.926174
2012-12-14,0.942873
2012-12-17,0.933714
2012-12-18,0.926234
2012-12-19,0.972004
2012-12-20,0.974090
2012-12-21,0.945416
2012-12-24,0.945416
2012-12-26,0.977421
2012-12-27,0.977410
2012-12-28,1.038391
2012-12-31,0.962093
2013-01-02,0.879569
2013-01-03,0.869773
2013-01-04,0.846389
2013-01-07,0.838298
2013-01-08,0.827963
2013-01-09,0.836970
2013-01-10,0.836849
2013-01-11,0.834478
2013-01-14,0.829957
2013-01-15,0.829761
2013-01-16,0.826355
2013-01-17,0.843905
2013-01-18,0.814912
2013-01-22,0.844429
2013-01-23,0.859310
2013-01-24,0.865031
2013-01-25,0.879263
2013-01-28,0.900464
2013-01-29,0.902985
2013-01-30,0.928664
2013-01-31,0.918328
2013-02-01,0.872211
2013-02-04,0.929069
2013-02-05,0.896732
2013-02-06,0.885733
2013-02-07,0.888743
2013-02-08,0.879730
2013-02-11,0.881471
2013-02-12,0.869924
2013-02-13,0.887218
2013-02-14,0.877339
2013-02-15,0.873773
2013-02-19,0.879914
2013-02-20,0.952628
2013-02-21,0.968810
2013-02-22,0.945928
2013-02-25,1.058528
2013-02-26,0.977971
2013-02-27,0.940613
2013-02-28,0.958591
2013-03-01,0.942910
2013-03-04,0.908560
2013-03-05,0.901672
2013-03-06,0.900200
2013-03-07,0.886024
2013-03-08,0.867080
2013-03-11,0.808392
2013-03-12,0.841564
2013-03-13,0.815300
2013-03-14,0.801418
2013-03-15,0.792426
2013-03-18,0.868096
2013-03-19,0.915977
2013-03-20,0.848627
2013-03-21,0.900837
2013-03-22,0.889253
2013-03-25,0.898039
2013-03-26,0.865763
2013-03-27,0.880777
2013-03-28,0.867486
2013-04-01,0.888743
2013-04-02,0.868797
2013-04-03,0.917366
2013-04-04,0.907843
2013-04-05,0.905072
2013-04-08,0.896669
2013-04-09,0.887967
2013-04-10,0.875354
2013-04-11,0.863797
2013-04-12,0.860200
2013-04-15,1.014093
2013-04-16,0.924503
2013-04-17,0.975192
2013-04-18,1.002283
2013-04-19,0.925788
2013-04-22,0.918902
2013-04-23,0.908968
2013-04-24,0.909152
2013-04-25,0.910428
2013-04-26,0.914036
2013-04-29,0.918901
2013-04-30,0.914750
2013-05-01,0.928251
2013-05-02,0.913921
2013-05-03,0.889273
2013-05-06,0.884696
2013-05-07,0.894077
2013-05-08,0.879167
2013-05-09,0.886563
2013-05-10,0.855880
2013-05-13,0.833887
2013-05-14,0.852470
2013-05-15,0.851163
2013-05-16,0.845955
2013-05-17,0.820699
2013-05-20,0.850425
2013-05-21,0.847275
2013-05-22,0.873578
2013-05-23,0.879375
2013-05-24,0.878769
2013-05-28,0.912413
2013-05-29,0.918266
2013-05-30,0.907558
2013-05-31,0.951547
2013-06-03,0.945412
2013-06-04,0.942642
2013-06-05,0.972222
2013-06-06,0.947578
2013-06-07,0.905502
2013-06-10,0.922893
2013-06-11,0.953099
2013-06-12,0.974830
2013-06-13,0.920359
2013-06-14,0.937159
2013-06-17,0.933852
2013-06-18,0.935775
2013-06-19,0.935883
2013-06-20,1.007375
2013-06-21,0.969728
2013-06-24,0.970092
2013-06-25,0.938993
2013-06-26,0.914453
2013-06-27,0.908405
2013-06-28,0.916803
2013-07-01,0.913505
2013-07-02,0.912320
2013-07-03,0.909601
2013-07-05,0.882109
2013-07-08,0.900670
2013-07-09,0.901948
2013-07-10,0.901078
2013-07-11,0.903871
2013-07-12,0.884345
2013-07-15,0.882843
2013-07-16,0.900687
2013-07-17,0.885604
2013-07-18,0.884961
2013-07-19,0.833777
2013-07-22,0.836624
2013-07-23,0.850806
2013-07-24,0.867676
2013-07-25,0.864667
2013-07-26,0.859459
2013-07-29,0.886168
2013-07-30,0.893858
2013-07-31,0.901475
2013-08-01,0.889347
2013-08-02,0.853885
2013-08-05,0.854257
2013-08-06,0.873626
2013-08-07,0.876435
2013-08-08,0.867757
2013-08-09,0.888079
2013-08-12,0.844430
2013-08-13,0.828398
2013-08-14,0.855643
2013-08-15,0.907020
2013-08-16,0.901506
2013-08-19,0.920732
2013-08-20,0.914163
2013-08-21,0.949375
2013-08-22,0.923077
2013-08-23,0.899035
2013-08-26,0.924738
2013-08-27,0.948529
2013-08-28,0.935868
2013-08-29,0.939106
2013-08-30,0.942382
2013-09-03,0.941610
2013-09-04,0.917919
2013-09-05,0.920070
2013-09-06,0.923122
2013-09-09,0.928699
2013-09-10,0.901924
2013-09-11,0.885330
2013-09-12,0.901577
2013-09-13,0.901911
2013-09-16,0.922978
2013-09-17,0.927842
2013-09-18,0.895257
2013-09-19,0.876165
2013-09-20,0.856397
2013-09-23,0.898869
2013-09-24,0.900256
2013-09-25,0.900386
2013-09-26,0.912395
2013-09-27,0.963840
2013-09-30,0.988095
2013-10-01,0.963422
2013-10-02,0.987507
2013-10-03,0.998305
2013-10-04,0.972690
2013-10-07,1.017829
2013-10-08,1.025202
2013-10-09,1.016070
2013-10-10,0.957583
2013-10-11,0.948702
2013-10-14,0.949764
2013-10-15,1.013580
2013-10-16,0.904674
2013-10-17,0.873057
2013-10-18,0.873995
2013-10-21,0.869221
2013-10-22,0.887483
2013-10-23,0.888154
2013-10-24,0.885906
2013-10-25,0.880296
2013-10-28,0.895091
2013-10-29,0.892216
2013-10-30,0.902181
2013-10-31,0.901639
2013-11-01,0.881806
2013-11-04,0.880790
2013-11-05,0.889410
2013-11-06,0.864256
2013-11-07,0.905599
2013-11-08,0.881750
2013-11-11,0.850645
2013-11-12,0.861559
2013-11-13,0.844235
2013-11-14,0.831317
2013-11-15,0.823649
2013-11-18,0.877428
2013-11-19,0.878033
2013-11-20,0.893929
2013-11-21,0.871901
2013-11-22,0.866431
2013-11-25,0.886348
2013-11-26,0.880412
2013-11-27,0.889041
2013-11-29,0.911510
2013-12-02,0.936801
2013-12-03,0.939316
2013-12-04,0.944123
2013-12-05,0.955640
2013-12-06,0.922408
2013-12-09,0.903550
2013-12-10,0.913929
2013-12-11,0.964353
2013-12-12,0.964020
2013-12-13,0.968654
2013-12-16,0.978036
2013-12-17,0.982424
2013-12-18,0.920614
2013-12-19,0.926047
2013-12-20,0.918721
2013-12-23,0.898072
2013-12-24,0.876404
2013-12-26,0.878831
2013-12-27,0.891273
2013-12-30,0.918077
2013-12-31,0.928910
2014-01-02,0.932503
2014-01-03,0.911862
2014-01-06,0.914305
2014-01-07,0.896600
2014-01-08,0.900630
2014-01-09,0.902029
2014-01-10,0.870875
2014-01-13,0.886515
2014-01-14,0.847481
2014-01-15,0.849239
2014-01-16,0.852961
2014-01-17,0.850308
2014-01-21,0.880301
2014-01-22,0.887353
2014-01-23,0.919226
2014-01-24,1.042529
2014-01-27,1.016929
2014-01-28,0.975309
2014-01-29,1.006381
2014-01-30,0.995394
2014-01-31,1.017689
2014-02-03,1.064548
2014-02-04,1.001572
2014-02-05,1.014235
2014-02-06,0.968522
2014-02-07,0.935741
2014-02-10,0.935049
2014-02-11,0.921270
2014-02-12,0.913738
2014-02-13,0.912258
2014-02-14,0.894529
2014-02-18,0.911301
2014-02-19,0.951504
2014-02-20,0.940840
2014-02-21,0.938619
2014-02-24,0.918065
2014-02-25,0.881935
2014-02-26,0.901948
2014-02-27,0.898273
2014-02-28,0.886076
2014-03-03,0.945626
2014-03-04,0.898662
2014-03-05,0.880786
2014-03-06,0.897663
2014-03-07,0.889099
2014-03-10,0.889167
2014-03-11,0.905199
2014-03-12,0.899876
2014-03-13,0.946877
2014-03-14,0.993865
2014-03-17,0.937088
2014-03-18,0.898515
2014-03-19,0.926471
2014-03-20,0.915511
2014-03-21,0.927070
2014-03-24,0.937267
2014-03-25,0.902769
2014-03-26,0.928483
2014-03-27,0.921235
2014-03-28,0.932083
2014-03-31,0.920424
2014-04-01,0.909722
2014-04-02,0.905882
2014-04-03,0.922069
2014-04-04,0.933155
2014-04-07,0.979245
2014-04-08,0.958789
2014-04-09,0.931895
2014-04-10,0.988799
2014-04-11,1.014294
2014-04-14,0.984117
2014-04-15,0.976235
2014-04-16,0.931057
2014-04-17,0.900270
2014-04-21,0.898305
2014-04-22,0.902806
2014-04-23,0.894808
2014-04-24,0.901828
2014-04-25,0.926219
2014-04-28,0.935700
2014-04-29,0.924477
2014-04-30,0.912245
2014-05-01,0.903204
2014-05-02,0.879428
2014-05-05,0.901017
2014-05-06,0.912698
2014-05-07,0.916553
2014-05-08,0.921125
2014-05-09,0.898470
2014-05-12,0.881124
2014-05-13,0.863960
2014-05-14,0.858251
2014-05-15,0.886272
2014-05-16,0.868109
2014-05-19,0.880227
2014-05-20,0.899375
2014-05-21,0.858688
2014-05-22,0.869848
2014-05-23,0.834068
2014-05-27,0.843842
2014-05-28,0.848221
2014-05-29,0.843910
2014-05-30,0.829091
2014-06-02,0.834294
2014-06-03,0.858900
2014-06-04,0.877269
2014-06-05,0.860088
2014-06-06,0.836321
2014-06-09,0.856375
2014-06-10,0.844735
2014-06-11,0.872837
2014-06-12,0.890149
2014-06-13,0.883249
2014-06-16,0.905512
2014-06-17,0.882870
2014-06-18,0.840729
2014-06-19,0.836220
2014-06-20,0.843046
2014-06-23,0.849845
2014-06-24,0.906577
2014-06-25,0.884058
2014-06-26,0.889824
2014-06-27,0.878315
2014-06-30,0.889316
2014-07-01,0.875196
2014-07-02,0.866293
2014-07-03,0.843137
2014-07-07,0.880342
2014-07-08,0.906889
2014-07-09,0.896844
2014-07-10,0.922344
2014-07-11,0.909639
2014-07-14,0.914153
2014-07-15,0.908815
2014-07-16,0.870942
2014-07-17,0.971276
2014-07-18,0.902695
2014-07-21,0.928261
2014-07-22,0.906667
2014-07-23,0.860987
2014-07-24,0.880297
2014-07-25,0.906429
2014-07-28,0.902299
2014-07-29,0.933896
2014-07-30,0.934783
2014-07-31,1.034799
2014-08-01,1.014899
2014-08-04,0.956357
2014-08-05,0.984247
2014-08-06,0.966923
2014-08-07,0.967480
2014-08-08,0.944877
2014-08-11,0.902919
2014-08-12,0.900000
2014-08-13,0.868687
2014-08-14,0.860707
2014-08-15,0.911928
2014-08-18,0.885694
2014-08-19,0.885424
2014-08-20,0.856105
2014-08-21,0.869180
2014-08-22,0.849001
2014-08-25,0.862196
2014-08-26,0.848286
2014-08-27,0.846264
2014-08-28,0.852795
2014-08-29,0.847826
2014-09-02,0.847165
2014-09-03,0.858930
2014-09-04,0.869326
2014-09-05,0.858665
2014-09-08,0.879778
2014-09-09,0.909704
2014-09-10,0.880383
2014-09-11,0.871935
2014-09-12,0.884973
2014-09-15,0.906290
2014-09-16,0.857239
2014-09-17,0.865253
2014-09-18,0.845397
2014-09-19,0.842142
2014-09-22,0.897117
2014-09-23,0.929060
2014-09-24,0.871879
2014-09-25,0.942737
2014-09-26,0.926966
2014-09-29,0.950059
2014-09-30,0.954918
2014-10-01,0.948354
2014-10-02,0.937355
2014-10-03,0.907107
2014-10-06,0.934139
2014-10-07,0.972851
2014-10-08,0.928133
2014-10-09,1.037037
2014-10-10,1.065730
2014-10-13,1.113924
2014-10-14,1.066448
2014-10-15,1.109794
2014-10-16,1.102845
2014-10-17,1.034824
2014-10-20,0.944077
2014-10-21,0.899832
2014-10-22,0.937566
2014-10-23,0.907245
2014-10-24,0.898996
2014-10-27,0.898096
2014-10-28,0.874241
2014-10-29,0.896981
2014-10-30,0.867384
2014-10-31,0.849788
2014-11-03,0.876264
2014-11-04,0.879504
2014-11-05,0.855160
2014-11-06,0.840713
2014-11-07,0.828806
2014-11-10,0.842420
2014-11-11,0.841146
2014-11-12,0.827192
2014-11-13,0.867841
2014-11-14,0.833960
2014-11-17,0.878217
2014-11-18,0.882803
2014-11-19,0.874139
2014-11-20,0.848220
2014-11-21,0.816973
2014-11-24,0.811576
2014-11-25,0.794938
2014-11-26,0.787859
2014-11-28,0.836786
2014-12-01,0.849940
2014-12-02,0.805138
2014-12-03,0.804894
2014-12-04,0.791560
2014-12-05,0.777124
2014-12-08,0.846841
2014-12-09,0.890888
2014-12-10,0.968130
2014-12-11,0.969112
2014-12-12,1.003810
2014-12-15,0.969611
2014-12-16,1.020788
2014-12-17,0.951542
2014-12-18,0.909632
2014-12-19,0.892799
2014-12-22,0.866970
2014-12-23,0.824972
2014-12-24,0.832561
2014-12-26,0.844988
2014-12-29,0.872032
2014-12-30,0.883463
2014-12-31,0.972644
2015-01-02,0.914183
2015-01-05,0.958153
2015-01-06,0.985994
2015-01-07,0.961653
2015-01-08,0.911576
2015-01-09,0.908385
2015-01-12,0.957031
2015-01-13,0.966620
2015-01-14,1.026278
2015-01-15,1.012664
2015-01-16,0.990544
2015-01-20,0.953043
2015-01-21,0.940619
2015-01-22,0.881720
2015-01-23,0.876842
2015-01-26,0.860788
2015-01-27,0.901099
2015-01-28,0.953358
2015-01-29,0.938000
2015-01-30,0.961045
2015-02-02,0.929220
2015-02-03,0.889174
2015-02-04,0.897210
2015-02-05,0.874416
2015-02-06,0.869718
2015-02-09,0.897436
2015-02-10,0.873289
2015-02-11,0.860477
2015-02-12,0.836423
2015-02-13,0.810259
2015-02-17,0.859630
2015-02-18,0.827974
2015-02-19,0.848973
2015-02-20,0.827068
2015-02-23,0.830103
2015-02-24,0.819270
2015-02-25,0.820391
2015-02-26,0.825519
2015-02-27,0.789817
2015-03-02,0.792224
2015-03-03,0.825983
2015-03-04,0.841514
2015-03-05,0.843750
2015-03-06,0.868075
2015-03-09,0.870017
2015-03-10,0.914020
2015-03-11,0.910416
2015-03-12,0.886717
2015-03-13,0.894354
2015-03-16,0.897126
2015-03-17,0.895881
2015-03-18,0.850274
2015-03-19,0.829110
2015-03-20,0.779174
2015-03-23,0.811252
2015-03-24,0.820976
2015-03-25,0.878771
2015-03-26,0.899260
2015-03-27,0.866590
2015-03-30,0.857565
2015-03-31,0.871722
2015-04-01,0.871396
2015-04-02,0.851916
2015-04-06,0.876338
2015-04-07,0.879762
2015-04-08,0.852439
2015-04-09,0.817104
2015-04-10,0.813713
2015-04-13,0.854167
2015-04-14,0.862461
2015-04-15,0.818356
2015-04-16,0.821918
2015-04-17,0.860595
2015-04-20,0.853659
2015-04-21,0.853737
2015-04-22,0.822122
2015-04-23,0.822676
2015-04-24,0.805374
2015-04-27,0.823603
2015-04-28,0.810581
2015-04-29,0.838447
2015-04-30,0.882888
2015-05-01,0.825748
2015-05-04,0.832793
2015-05-05,0.876838
2015-05-06,0.906101
2015-05-07,0.903823
2015-05-08,0.826478
2015-05-11,0.860248
2015-05-12,0.845122
2015-05-13,0.844690
2015-05-14,0.800754
2015-05-15,0.795119
2015-05-18,0.835850
2015-05-19,0.840969
2015-05-20,0.850165
2015-05-21,0.828884
2015-05-22,0.837707
2015-05-26,0.908269
2015-05-27,0.885257
2015-05-28,0.886742
2015-05-29,0.899870
2015-06-01,0.906554
2015-06-02,0.906429
2015-06-03,0.889323
2015-06-04,0.903563
2015-06-05,0.890351
2015-06-08,0.921084
2015-06-09,0.890462
2015-06-10,0.862361
2015-06-11,0.850993
2015-06-12,0.882767
2015-06-15,0.925993
2015-06-16,0.914197
2015-06-17,0.893958
2015-06-18,0.854275
2015-06-19,0.877436
2015-06-22,0.849900
2015-06-23,0.832875
2015-06-24,0.873518
2015-06-25,0.902706
2015-06-26,0.906856
2015-06-29,1.006944
2015-06-30,0.987006
2015-07-01,0.958308
2015-07-02,0.949661
2015-07-06,0.942905
2015-07-07,0.945358
2015-07-08,1.021299
2015-07-09,1.009606
2015-07-10,0.949239
2015-07-13,0.872020
2015-07-14,0.864812
2015-07-15,0.848077
2015-07-16,0.822132
2015-07-17,0.817933
2015-07-20,0.824916
2015-07-21,0.828475
2015-07-22,0.818366
2015-07-23,0.847185
2015-07-24,0.877955
2015-07-27,0.929678
2015-07-28,0.871030
2015-07-29,0.837802
2015-07-30,0.824609
2015-07-31,0.813423
2015-08-03,0.846361
2015-08-04,0.859220
2015-08-05,0.840726
2015-08-06,0.885531
2015-08-07,0.868353
2015-08-10,0.815877
2015-08-11,0.860100
2015-08-12,0.857593
2015-08-13,0.856508
2015-08-14,0.827208
2015-08-17,0.856016
2015-08-18,0.883408
2015-08-19,0.924242
2015-08-20,1.016463
2015-08-21,1.194291
2015-08-24,1.308285
2015-08-25,1.217715
2015-08-26,1.182066
2015-08-27,1.049879
2015-08-28,1.028019
2015-08-31,1.071617
2015-09-01,1.063325
2015-09-02,0.996182
2015-09-03,0.977481
2015-09-04,0.990381
2015-09-08,0.969249
2015-09-09,0.996959
2015-09-10,0.950098
2015-09-11,0.940032
2015-09-14,1.023207
2015-09-15,0.974913
2015-09-16,0.956113
2015-09-17,1.000000
2015-09-18,0.960345
2015-09-21,0.932839
2015-09-22,0.963918
2015-09-23,0.967220
2015-09-24,1.000426
2015-09-25,0.968033
2015-09-28,1.047384
2015-09-29,1.031923
2015-09-30,0.989899
2015-10-01,0.946286
2015-10-02,0.926549
2015-10-05,0.916081
2015-10-06,0.898564
2015-10-07,0.888460
2015-10-08,0.867098
2015-10-09,0.860453
2015-10-12,0.839564
2015-10-13,0.861951
2015-10-14,0.866410
2015-10-15,0.826042
2015-10-16,0.806106
2015-10-19,0.838746
2015-10-20,0.846774
2015-10-21,0.858171
2015-10-22,0.842075
2015-10-23,0.827231
2015-10-26,0.849917
2015-10-27,0.850606
2015-10-28,0.819325
2015-10-29,0.820326
2015-10-30,0.819022
2015-11-02,0.812285
2015-11-03,0.832284
2015-11-04,0.847078
2015-11-05,0.845031
2015-11-06,0.821203
2015-11-09,0.876393
2015-11-10,0.848502
2015-11-11,0.870461
2015-11-12,0.910759
2015-11-13,0.930491
2015-11-16,0.908909
2015-11-17,0.922173
2015-11-18,0.876691
2015-11-19,0.865071
2015-11-20,0.816790
2015-11-23,0.838433
2015-11-24,0.851416
2015-11-25,0.835074
2015-11-27,0.871470
2015-11-30,0.872363
2015-12-01,0.834471
2015-12-02,0.867976
2015-12-03,0.900547
2015-12-04,0.815080
2015-12-07,0.849330
2015-12-08,0.877368
2015-12-09,0.931592
2015-12-10,0.931599
2015-12-11,1.000410
2015-12-14,0.975537
2015-12-15,0.958371
2015-12-16,0.912621
2015-12-17,0.929799
2015-12-18,0.973660
2015-12-21,0.885836
2015-12-22,0.836694
2015-12-23,0.805484
2015-12-24,0.799391
2015-12-28,0.859248
2015-12-29,0.841885
2015-12-30,0.882593
2015-12-31,0.919697
2016-01-04,0.940482
2016-01-05,0.942495
2016-01-06,0.968030
2016-01-07,1.015028
2016-01-08,1.029737
2016-01-11,0.982612
2016-01-12,0.997337
2016-01-13,1.013258
2016-01-14,1.017850
2016-01-15,1.005208
2016-01-19,0.985250
2016-01-20,0.992089
2016-01-21,0.999251
2016-01-22,0.920099
2016-01-25,0.956436
2016-01-26,0.966080
2016-01-27,0.944422
2016-01-28,0.933389
2016-01-29,0.891439
2016-02-01,0.907769
2016-02-02,0.938915
2016-02-03,0.933190
2016-02-04,0.923077
2016-02-05,0.955065
2016-02-08,1.000770
2016-02-09,0.990299
2016-02-10,0.983907
2016-02-11,1.015152
2016-02-12,0.968357
2016-02-16,0.964014
2016-02-17,0.947346
2016-02-18,0.932759
2016-02-19,0.900439
2016-02-22,0.896392
2016-02-23,0.934938
2016-02-24,0.927484
2016-02-25,0.899718
2016-02-26,0.906221
2016-02-29,0.917820
2016-03-01,0.872781
2016-03-02,0.857932
2016-03-03,0.856850
2016-03-04,0.858890
2016-03-07,0.871859
2016-03-08,0.887357
2016-03-09,0.883855
2016-03-10,0.871560
2016-03-11,0.847458
2016-03-14,0.871267
2016-03-15,0.871185
2016-03-16,0.811147
2016-03-17,0.796031
2016-03-18,0.781930
2016-03-21,0.783968
2016-03-22,0.798310
2016-03-23,0.816393
2016-03-24,0.806787
2016-03-28,0.832787
2016-03-29,0.801624
2016-03-30,0.801418
2016-03-31,0.816745
2016-04-01,0.793939
2016-04-04,0.819501
2016-04-05,0.838955
2016-04-06,0.815393
2016-04-07,0.856840
2016-04-08,0.838428
2016-04-11,0.860773
2016-04-12,0.826377
2016-04-13,0.801854
2016-04-14,0.795824
2016-04-15,0.793706
2016-04-18,0.808601
2016-04-19,0.803886
2016-04-20,0.800000
2016-04-21,0.813886
2016-04-22,0.794471
2016-04-25,0.817654
2016-04-26,0.825059
2016-04-27,0.821109
2016-04-28,0.856018
2016-04-29,0.850948
2016-05-02,0.825647
2016-05-03,0.840065
2016-05-04,0.848757
2016-05-05,0.840909
2016-05-06,0.805692
2016-05-09,0.807202
2016-05-10,0.793364
2016-05-11,0.815205
2016-05-12,0.811831
2016-05-13,0.824110
2016-05-16,0.829378
2016-05-17,0.844818
2016-05-18,0.860302
2016-05-19,0.870005
2016-05-20,0.842105
2016-05-23,0.871625
2016-05-24,0.844262
2016-05-25,0.828861
2016-05-26,0.810990
2016-05-27,0.804415
2016-05-31,0.853277
2016-06-01,0.850299
2016-06-02,0.832621
2016-06-03,0.816859
2016-06-06,0.830292
2016-06-07,0.844859
2016-06-08,0.838594
2016-06-09,0.845266
2016-06-10,0.899155
2016-06-13,0.958848
2016-06-14,0.934366
2016-06-15,0.923430
2016-06-16,0.915406
2016-06-17,0.910840
2016-06-20,0.927310
2016-06-21,0.938547
2016-06-22,1.004269
2016-06-23,0.936482
2016-06-24,1.076473
2016-06-27,1.007179
2016-06-28,0.925469
2016-06-29,0.888414
2016-06-30,0.864013
2016-07-01,0.836827
2016-07-05,0.854167
2016-07-06,0.843292
2016-07-07,0.831081
2016-07-08,0.800485
2016-07-11,0.821104
2016-07-12,0.837972
2016-07-13,0.816531
2016-07-14,0.808323
2016-07-15,0.792370
2016-07-18,0.788840
2016-07-19,0.760483
2016-07-20,0.762306
2016-07-21,0.791304
2016-07-22,0.760759
2016-07-25,0.791026
2016-07-26,0.799632
2016-07-27,0.796894
2016-07-28,0.795000
2016-07-29,0.769780
2016-08-01,0.792357
2016-08-02,0.815741
2016-08-03,0.799751
2016-08-04,0.790579
2016-08-05,0.752312
2016-08-08,0.758575
2016-08-09,0.771674
2016-08-10,0.781960
2016-08-11,0.763399
2016-08-12,0.756881
2016-08-15,0.767880
2016-08-16,0.789014
2016-08-17,0.785438
2016-08-18,0.753958
2016-08-19,0.749504
2016-08-22,0.791613
2016-08-23,0.802853
2016-08-24,0.840625
2016-08-25,0.845009
2016-08-26,0.840517
2016-08-29,0.812304
2016-08-30,0.818465
2016-08-31,0.831475
2016-09-01,0.826487
2016-09-02,0.765495
2016-09-06,0.772494
2016-09-07,0.770820
2016-09-08,0.791271
2016-09-09,0.929368
2016-09-12,0.877823
2016-09-13,0.937008
2016-09-14,0.937468
2016-09-15,0.896097
2016-09-16,0.859620
2016-09-19,0.873453
2016-09-20,0.884936
2016-09-21,0.798319
2016-09-22,0.754078
2016-09-23,0.765732
2016-09-26,0.839120
2016-09-27,0.796353
2016-09-28,0.773891
2016-09-29,0.831061
2016-09-30,0.811851
2016-10-03,0.827439
2016-10-04,0.827565
2016-10-05,0.800863
2016-10-06,0.799004
2016-10-07,0.819951
2016-10-10,0.838871
2016-10-11,0.906730
2016-10-12,0.934783
2016-10-13,0.948835
2016-10-14,0.925373
2016-10-17,0.927876
2016-10-18,0.903073
2016-10-19,0.875456
2016-10-20,0.847197
2016-10-21,0.831671
2016-10-24,0.834081
2016-10-25,0.851360
2016-10-26,0.876308
2016-10-27,0.907265
2016-10-28,0.932067
2016-10-31,0.955742
2016-11-01,0.990395
2016-11-02,1.007299
2016-11-03,1.066667
2016-11-04,1.065310
2016-11-07,1.030854
2016-11-08,1.035359
2016-11-09,0.883292
2016-11-10,0.880000
2016-11-11,0.859309
2016-11-14,0.867066
2016-11-15,0.848889
2016-11-16,0.853765
2016-11-17,0.853581
2016-11-18,0.827964
2016-11-21,0.810705
2016-11-22,0.808469
2016-11-23,0.805574
2016-11-25,0.795616
2016-11-28,0.820849
2016-11-29,0.811321
2016-11-30,0.827950
2016-12-01,0.844031
2016-12-02,0.841478
2016-12-05,0.769816
2016-12-06,0.761628
2016-12-07,0.789406
2016-12-08,0.804071
2016-12-09,0.772011
2016-12-12,0.803560
2016-12-13,0.810191
2016-12-14,0.831128
2016-12-15,0.812063
2016-12-16,0.783558
2016-12-19,0.764860
2016-12-20,0.756275
2016-12-21,0.746852
2016-12-22,0.747547
2016-12-23,0.750164
2016-12-27,0.780599
2016-12-28,0.812932
2016-12-29,0.827351
2016-12-30,0.848851
2017-01-03,0.825835
2017-01-04,0.798518
2017-01-05,0.793878
2017-01-06,0.777473
2017-01-09,0.790157
2017-01-10,0.783765
2017-01-11,0.778162
2017-01-12,0.791495
2017-01-13,0.772352
2017-01-17,0.797179
2017-01-18,0.835341
2017-01-19,0.850866
2017-01-20,0.796411
2017-01-23,0.809491
2017-01-24,0.798125
2017-01-25,0.794269
2017-01-26,0.779897
2017-01-27,0.773392
2017-01-30,0.824427
2017-01-31,0.828039
2017-02-01,0.826452
2017-02-02,0.817683
2017-02-03,0.780783
2017-02-06,0.798455
2017-02-07,0.786760
2017-02-08,0.786401
2017-02-09,0.767819
2017-02-10,0.780014
2017-02-13,0.809211
2017-02-14,0.814253
2017-02-15,0.892617
2017-02-16,0.862803
2017-02-17,0.837464
2017-02-21,0.824074
2017-02-22,0.815844
2017-02-23,0.794437
2017-02-24,0.777100
2017-02-27,0.810865
2017-02-28,0.845550
2017-03-01,0.843876
2017-03-02,0.799594
2017-03-03,0.768583
2017-03-06,0.783821
2017-03-07,0.794587
2017-03-08,0.815681
2017-03-09,0.832206
2017-03-10,0.810848
2017-03-13,0.790390
2017-03-14,0.840738
2017-03-15,0.819014
2017-03-16,0.813498
2017-03-17,0.810345
2017-03-20,0.815827
2017-03-21,0.852941
2017-03-22,0.872616
2017-03-23,0.879946
2017-03-24,0.890722
2017-03-27,0.878426
2017-03-28,0.842836
2017-03-29,0.850335
2017-03-30,0.863126
2017-03-31,0.909559
2017-04-03,0.905633
2017-04-04,0.881825
2017-04-05,0.912890
2017-04-06,0.907028
2017-04-07,0.915363
2017-04-10,0.963649
2017-04-11,0.994063
2017-04-12,1.032068
2017-04-13,1.013333
2017-04-17,0.986541
2017-04-18,0.976965
2017-04-19,0.990053
2017-04-20,0.973847
2017-04-21,0.991864
2017-04-24,0.840310
2017-04-25,0.837354
2017-04-26,0.835901
2017-04-27,0.809375
2017-04-28,0.836814
2017-05-01,0.800475
2017-05-02,0.825409
2017-05-03,0.815890
2017-05-04,0.815277
2017-05-05,0.822568
2017-05-08,0.776013
2017-05-09,0.783635
2017-05-10,0.790860
2017-05-11,0.814758
2017-05-12,0.801850
2017-05-15,0.815336
2017-05-16,0.841897
2017-05-17,0.999359
2017-05-18,0.979292
2017-05-19,0.892513
2017-05-22,0.843364
2017-05-23,0.831008
2017-05-24,0.795870
2017-05-25,0.798561
2017-05-26,0.788585
2017-05-30,0.814757
2017-05-31,0.824228
2017-06-01,0.796296
2017-06-02,0.782504
2017-06-05,0.783658
2017-06-06,0.798930
2017-06-07,0.793736
2017-06-08,0.796238
2017-06-09,0.825617
2017-06-12,0.861654
2017-06-13,0.818539
2017-06-14,0.833203
2017-06-15,0.844307
2017-06-16,0.816680
2017-06-19,0.836290
2017-06-20,0.855792
2017-06-21,0.842476
2017-06-22,0.830428
2017-06-23,0.810680
2017-06-26,0.806846
2017-06-27,0.853395
2017-06-28,0.808871
2017-06-29,0.869962
2017-06-30,0.850837
2017-07-03,0.842975
2017-07-05,0.831705
2017-07-06,0.888731
2017-07-07,0.827663
2017-07-10,0.832210
2017-07-11,0.827508
2017-07-12,0.805947
2017-07-13,0.788845
2017-07-14,0.777596
2017-07-17,0.799674
2017-07-18,0.807347
2017-07-19,0.815833
2017-07-20,0.795681
2017-07-21,0.776119
2017-07-24,0.783223
2017-07-25,0.782573
2017-07-26,0.792733
2017-07-27,0.814010
2017-07-28,0.817965
2017-07-31,0.822775
2017-08-01,0.813710
2017-08-02,0.818471
2017-08-03,0.819466
2017-08-04,0.786667
2017-08-07,0.784360
2017-08-08,0.830303
2017-08-09,0.823573
2017-08-10,0.989513
2017-08-11,0.946309
2017-08-14,0.885776
2017-08-15,0.866187
2017-08-16,0.864507
2017-08-17,0.963445
2017-08-18,0.911182
2017-08-21,0.879920
2017-08-22,0.832722
2017-08-23,0.854850
2017-08-24,0.849896
2017-08-25,0.806290
2017-08-28,0.809149
2017-08-29,0.828612
2017-08-30,0.793494
2017-08-31,0.767391
2017-09-01,0.745401
2017-09-05,0.838820
2017-09-06,0.807639
2017-09-07,0.806564
2017-09-08,0.825051
2017-09-11,0.774170
2017-09-12,0.780236
2017-09-13,0.793651
2017-09-14,0.793313
2017-09-15,0.784722
2017-09-18,0.799842
2017-09-19,0.799686
2017-09-20,0.772512
2017-09-21,0.763823
2017-09-22,0.746304
2017-09-25,0.781776
2017-09-26,0.781106
2017-09-27,0.764524
2017-09-28,0.748433
2017-09-29,0.761409
2017-10-02,0.764563
2017-10-03,0.772543
2017-10-04,0.777868
2017-10-05,0.754516
2017-10-06,0.775723
2017-10-09,0.811469
2017-10-10,0.808340
2017-10-11,0.804739
2017-10-12,0.808320
2017-10-13,0.802170
2017-10-16,0.829983
2017-10-17,0.855602
2017-10-18,0.844799
2017-10-19,0.840301
2017-10-20,0.841350
2017-10-23,0.882072
2017-10-24,0.880821
2017-10-25,0.867181
2017-10-26,0.873937
2017-10-27,0.801308
2017-10-30,0.835322
2017-10-31,0.822294
2017-11-01,0.811456
2017-11-02,0.783123
2017-11-03,0.735910
2017-11-06,0.747812
2017-11-07,0.775078
2017-11-08,0.759317
2017-11-09,0.799087
2017-11-10,0.829537
2017-11-13,0.836364
2017-11-14,0.832017
2017-11-15,0.895634
2017-11-16,0.842407
2017-11-17,0.828261
2017-11-20,0.801958
2017-11-21,0.775299
2017-11-22,0.794212
2017-11-24,0.778583
2017-11-27,0.785203
2017-11-28,0.817441
2017-11-29,0.834633
2017-11-30,0.865031
2017-12-01,0.860693
2017-12-04,0.861993
2017-12-05,0.836780
2017-12-06,0.819331
2017-12-07,0.785770
2017-12-08,0.768860
2017-12-11,0.760586
2017-12-12,0.794872
2017-12-13,0.814400
2017-12-14,0.819531
2017-12-15,0.779801
2017-12-18,0.789561
2017-12-19,0.801759
2017-12-20,0.785772
2017-12-21,0.778947
2017-12-22,0.792634
2017-12-26,0.812203
2017-12-27,0.827668
2017-12-28,0.797806
2017-12-29,0.843392
2018-01-02,0.774782
2018-01-03,0.742695
2018-01-04,0.753268
2018-01-05,0.764511
2018-01-08,0.783539
2018-01-09,0.812248
2018-01-10,0.794498
2018-01-11,0.812500
2018-01-12,0.832787
2018-01-16,0.881330
2018-01-17,0.898868
2018-01-18,0.899853
2018-01-19,0.864264
2018-01-22,0.849115
2018-01-23,0.839637
2018-01-24,0.847746
2018-01-25,0.846491
2018-01-26,0.823180
2018-01-29,0.923282
2018-01-30,0.934302
2018-01-31,0.908725
2018-02-01,0.915082
2018-02-02,1.016441
2018-02-05,1.326698
2018-02-06,1.262316
2018-02-07,1.204082
2018-02-08,1.224296
2018-02-09,1.166132
2018-02-12,1.120297
2018-02-13,1.102428
2018-02-14,0.995863
2018-02-15,1.002620
2018-02-16,1.015128
2018-02-20,1.029485
2018-02-21,0.999501
2018-02-22,0.982162
2018-02-23,0.942286
2018-02-26,0.933806
2018-02-27,0.977392
2018-02-28,0.997989
2018-03-01,1.049020
2018-03-02,0.986405
2018-03-05,0.975013
2018-03-06,0.954262
2018-03-07,0.942675
2018-03-08,0.909791
2018-03-09,0.860670
2018-03-12,0.886517
2018-03-13,0.905817
2018-03-14,0.917465
2018-03-15,0.911038
2018-03-16,0.890643
2018-03-19,0.981424
2018-03-20,0.963983
2018-03-21,0.954570
2018-03-22,1.077562
2018-03-23,1.091268
2018-03-26,1.015942
2018-03-27,1.025524
2018-03-28,1.025101
2018-03-29,0.971776
2018-04-02,1.046522
2018-04-03,1.003806
2018-04-04,0.982370
2018-04-05,0.965834
2018-04-06,1.013679
2018-04-09,1.025436
2018-04-10,1.003431
2018-04-11,0.993618
2018-04-12,0.959025
2018-04-13,0.938545
2018-04-16,0.929293
2018-04-17,0.907738
2018-04-18,0.928571
2018-04-19,0.932243
2018-04-20,0.952596
2018-04-23,0.941787
2018-04-24,0.988481
2018-04-25,0.978607
2018-04-26,0.939271
2018-04-27,0.902225
2018-04-30,0.918685
2018-05-01,0.916026
2018-05-02,0.925261
2018-05-03,0.933646
2018-05-04,0.887087
2018-05-07,0.885886
2018-05-08,0.892597
2018-05-09,0.850444
2018-05-10,0.868110
2018-05-11,0.853576
2018-05-14,0.889883
2018-05-15,0.926536
2018-05-16,0.886394
2018-05-17,0.894141
2018-05-18,0.883476
2018-05-21,0.890402
2018-05-22,0.888441
2018-05-23,0.868785
2018-05-24,0.868330
2018-05-25,0.891436
2018-05-29,0.993579
2018-05-30,0.933750
2018-05-31,0.944887
2018-06-01,0.881467
2018-06-04,0.855034
2018-06-05,0.842391
2018-06-06,0.820296
2018-06-07,0.840610
2018-06-08,0.834247
2018-06-11,0.848797
2018-06-12,0.845785
2018-06-13,0.867292
2018-06-14,0.841667
2018-06-15,0.830791
2018-06-18,0.850138
2018-06-19,0.880026
2018-06-20,0.864773
2018-06-21,0.922495
2018-06-22,0.888387
2018-06-25,0.989155
2018-06-26,0.943687
2018-06-27,0.992244
2018-06-28,0.961758
2018-06-29,0.938740
2018-07-02,0.920354
2018-07-03,0.930259
2018-07-05,0.905626
2018-07-06,0.851050
2018-07-09,0.853396
2018-07-10,0.859279
2018-07-11,0.886216
2018-07-12,0.852304
2018-07-13,0.837689
2018-07-16,0.863973
2018-07-17,0.837500
2018-07-18,0.840862
2018-07-19,0.859719
2018-07-20,0.852785
2018-07-23,0.849260
2018-07-24,0.844218
2018-07-25,0.844674
2018-07-26,0.843056
2018-07-27,0.868667
2018-07-30,0.910600
2018-07-31,0.862811
2018-08-01,0.863995
2018-08-02,0.825881
2018-08-03,0.803313
2018-08-06,0.791989
2018-08-07,0.784637
2018-08-08,0.777221
2018-08-09,0.797594
2018-08-10,0.864652
2018-08-13,0.911783
2018-08-14,0.867101
2018-08-15,0.904262
2018-08-16,0.867182
2018-08-17,0.833223
2018-08-20,0.832667
2018-08-21,0.846610
2018-08-22,0.812334
2018-08-23,0.824037
2018-08-24,0.809042
2018-08-27,0.822177
2018-08-28,0.827267
2018-08-29,0.819398
2018-08-30,0.870656
2018-08-31,0.848845
2018-09-04,0.851780
2018-09-05,0.873744
2018-09-06,0.896573
2018-09-07,0.896926
2018-09-10,0.875696
2018-09-11,0.850708
2018-09-12,0.857702
2018-09-13,0.837508
2018-09-14,0.839944
2018-09-17,0.895288
2018-09-18,0.850399
2018-09-19,0.802048
2018-09-20,0.813232
2018-09-21,0.801097
2018-09-24,0.825999
2018-09-25,0.832440
2018-09-26,0.850825
2018-09-27,0.833445
2018-09-28,0.820582
2018-10-01,0.814111
2018-10-02,0.811995
2018-10-03,0.790872
2018-10-04,0.897727
2018-10-05,0.912000
2018-10-08,0.950333
2018-10-09,0.959110
2018-10-10,1.109179
2018-10-11,1.158627
2018-10-12,1.074093
2018-10-15,1.049778
2018-10-16,0.981069
2018-10-17,0.961326
2018-10-18,1.010070
2018-10-19,1.002520
2018-10-22,0.990918
2018-10-23,1.021203
2018-10-24,1.115385
2018-10-25,1.079323
2018-10-26,1.074733
2018-10-29,1.071119
2018-10-30,1.050382
2018-10-31,1.003783
2018-11-01,0.963627
2018-11-02,0.961084
2018-11-05,0.988119
2018-11-06,1.016854
2018-11-07,0.928490
2018-11-08,0.945701
2018-11-09,0.940412
2018-11-12,1.010875
2018-11-13,0.987667
2018-11-14,1.001414
2018-11-15,0.983752
2018-11-16,0.937468
2018-11-19,0.973837
2018-11-20,1.009430
2018-11-21,0.975610
2018-11-23,0.989425
2018-11-26,0.939831
2018-11-27,0.953862
2018-11-28,0.959025
2018-11-29,0.959163
2018-11-30,0.956591
2018-12-03,0.915877
2018-12-04,0.999518
2018-12-06,1.006173
2018-12-07,1.035205
2018-12-10,1.028623
2018-12-11,1.001842
2018-12-12,0.993979
2018-12-13,0.967213
2018-12-14,0.984973
2018-12-17,1.047416
2018-12-18,1.070293
2018-12-19,1.064946
2018-12-20,1.124406
2018-12-21,1.147922
2018-12-24,1.250693
2018-12-26,1.183729
2018-12-27,1.157204
2018-12-28,1.119273
2018-12-31,1.071218
2019-01-02,1.020659
2019-01-03,1.055579
2019-01-04,0.978042
2019-01-07,0.989824
2019-01-08,0.968307
2019-01-09,0.965684
2019-01-10,0.950292
2019-01-11,0.921479
2019-01-14,0.956849
2019-01-15,0.966736
2019-01-16,0.974910
2019-01-17,0.942097
2019-01-18,0.944798
2019-01-22,1.005316
2019-01-23,0.972112
2019-01-24,0.960346
2019-01-25,0.925611
2019-01-28,0.963739
2019-01-29,0.976020
2019-01-30,0.945396
2019-01-31,0.926734
2019-02-01,0.917567
2019-02-04,0.915067
2019-02-05,0.912127
2019-02-06,0.910059
2019-02-07,0.934361
2019-02-08,0.910776
2019-02-11,0.927410
2019-02-12,0.917360
2019-02-13,0.922759
2019-02-14,0.936490
2019-02-15,0.904733
2019-02-19,0.904559
2019-02-20,0.886220
2019-02-21,0.894802
2019-02-22,0.873868
2019-02-25,0.928125
2019-02-26,0.930675
2019-02-27,0.919325
2019-02-28,0.918012
2019-03-01,0.882315
2019-03-04,0.912664
2019-03-05,0.912693
2019-03-06,0.940263
2019-03-07,0.958960
2019-03-08,0.938048
2019-03-11,0.895066
2019-03-12,0.879872
2019-03-13,0.874755
2019-03-14,0.882353
2019-03-15,0.859813
2019-03-18,0.859580
2019-03-19,0.871465
2019-03-20,0.880937
2019-03-21,0.878788
2019-03-22,0.948762
2019-03-25,0.935817
2019-03-26,0.892401
2019-03-27,0.902860
2019-03-28,0.885276
2019-03-29,0.867722
2019-04-01,0.866753
2019-04-02,0.859717
2019-04-03,0.879079
2019-04-04,0.877261
2019-04-05,0.851262
2019-04-08,0.862565
2019-04-09,0.893058
2019-04-10,0.864759
2019-04-11,0.853770
2019-04-12,0.830567
2019-04-15,0.847901
2019-04-16,0.841742
2019-04-17,0.850202
2019-04-18,0.829787
2019-04-22,0.843750
2019-04-23,0.844567
2019-04-24,0.873670
2019-04-25,0.871137
2019-04-26,0.854936
2019-04-29,0.860801
2019-04-30,0.861458
2019-05-01,0.914144
2019-05-02,0.899563
2019-05-03,0.854015
2019-05-06,0.941463
2019-05-07,1.028754
2019-05-08,1.034667
2019-05-09,1.035792
2019-05-10,0.949112
2019-05-13,1.038403
2019-05-14,0.987425
2019-05-15,0.939966
2019-05-16,0.913381
2019-05-17,0.935522
2019-05-20,0.943320
2019-05-21,0.910475
2019-05-22,0.898295
2019-05-23,0.956473
2019-05-24,0.927443
2019-05-28,0.977654
2019-05-29,0.981360
2019-05-30,0.963252
2019-05-31,0.993627
2019-06-03,1.004795
2019-06-04,0.964753
2019-06-05,0.939288
2019-06-06,0.941489
2019-06-07,0.950437
2019-06-10,0.944313
2019-06-11,0.941142
2019-06-12,0.933138
2019-06-13,0.938315
2019-06-14,0.920482
2019-06-17,0.924142
2019-06-18,0.918182
2019-06-19,0.890062
2019-06-20,0.913879
2019-06-21,0.923815
2019-06-24,0.926533
2019-06-25,0.950935
2019-06-26,0.950733
2019-06-27,0.943914
2019-06-28,0.938979
2019-07-01,0.911212
2019-07-02,0.878397
2019-07-03,0.865107
2019-07-05,0.886515
2019-07-08,0.901809
2019-07-09,0.904945
2019-07-10,0.857801
2019-07-11,0.863151
2019-07-12,0.837162
2019-07-15,0.843085
2019-07-16,0.844941
2019-07-17,0.883059
2019-07-18,0.870656
2019-07-19,0.907094
2019-07-22,0.874596
2019-07-23,0.844608
2019-07-24,0.828984
2019-07-25,0.846512
2019-07-26,0.827774
2019-07-29,0.855333
2019-07-30,0.887898
2019-07-31,0.953282
2019-08-01,0.993330
2019-08-02,0.984349
2019-08-05,1.122831
2019-08-06,1.024378
2019-08-07,0.999487
2019-08-08,0.946808
2019-08-09,0.968211
2019-08-12,1.028780
2019-08-13,0.945494
2019-08-14,1.037559
2019-08-15,1.005221
2019-08-16,0.937563
2019-08-19,0.919390
2019-08-20,0.927398
2019-08-21,0.891648
2019-08-22,0.914975
2019-08-23,0.975933
2019-08-26,0.974773
2019-08-27,0.984012
2019-08-28,0.965087
2019-08-29,0.939569
2019-08-30,0.971341
2019-09-03,0.977137
2019-09-04,0.921318
2019-09-05,0.899889
2019-09-06,0.859107
2019-09-09,0.870086
2019-09-10,0.873061
2019-09-11,0.854386
2019-09-12,0.845925
2019-09-13,0.824235
2019-09-16,0.852907
2019-09-17,0.838073
2019-09-18,0.827402
2019-09-19,0.836808
2019-09-20,0.865048
2019-09-23,0.834359
2019-09-24,0.919137
2019-09-25,0.886667
2019-09-26,0.886865
2019-09-27,0.918400
2019-09-30,0.904232
2019-10-01,0.959173
2019-10-02,0.991321
2019-10-03,0.966633
2019-10-04,0.916622
2019-10-07,0.944474
2019-10-08,0.994605
2019-10-09,0.955407
2019-10-10,0.935072
2019-10-11,0.887749
2019-10-14,0.851051
2019-10-15,0.821602
2019-10-16,0.830097
2019-10-17,0.838808
2019-10-18,0.855856
2019-10-21,0.859951
2019-10-22,0.873716
2019-10-23,0.860037
2019-10-24,0.843692
2019-10-25,0.805220
2019-10-28,0.819887
2019-10-29,0.820385
2019-10-30,0.785851
2019-10-31,0.823676
2019-11-01,0.797665
2019-11-04,0.821383
2019-11-05,0.823382
2019-11-06,0.797220
2019-11-07,0.805696
2019-11-08,0.777205
2019-11-11,0.813462
2019-11-12,0.818593
2019-11-13,0.832266
2019-11-14,0.836538
2019-11-15,0.803869
2019-11-18,0.821358
2019-11-19,0.829677
2019-11-20,0.817136
2019-11-21,0.829962
2019-11-22,0.801299
2019-11-25,0.791861
2019-11-26,0.777104
2019-11-27,0.785428
2019-11-29,0.813669
2019-12-02,0.885392
2019-12-03,0.905275
2019-12-04,0.871614
2019-12-05,0.865316
2019-12-06,0.840222
2019-12-09,0.916763
2019-12-10,0.915353
2019-12-11,0.886458
2019-12-12,0.866377
2019-12-13,0.826571
2019-12-16,0.810414
2019-12-17,0.811221
2019-12-18,0.827632
2019-12-19,0.825627
2019-12-20,0.816580
2019-12-23,0.813548
2019-12-24,0.816366
2019-12-26,0.815077
2019-12-27,0.842006
2019-12-30,0.888489
2019-12-31,0.868305
2020-01-02,0.820935
2020-01-03,0.875703
2020-01-06,0.869975
2020-01-07,0.869483
2020-01-08,0.873377
2020-01-09,0.838796
2020-01-10,0.840134
2020-01-13,0.841530
2020-01-14,0.846311
2020-01-15,0.848941
2020-01-16,0.852595
2020-01-17,0.839695
2020-01-21,0.864156
2020-01-22,0.861816
2020-01-23,0.865911
2020-01-24,0.906036
2020-01-27,1.003855
2020-01-28,0.955960
2020-01-29,0.962419
2020-01-30,0.933695
2020-01-31,1.011272
2020-02-03,0.996120
2020-02-04,0.961078
2020-02-05,0.940410
2020-02-06,0.941473
2020-02-07,0.949662
2020-02-10,0.932424
2020-02-11,0.940521
2020-02-12,0.894531
2020-02-13,0.902423
2020-02-14,0.882581
2020-02-18,0.921118
2020-02-19,0.908976
2020-02-20,0.937349
2020-02-21,0.969903
2020-02-24,1.141880
2020-02-25,1.167225
2020-02-26,1.162869
2020-02-27,1.308824
2020-02-28,1.343719
2020-03-02,1.206498
2020-03-03,1.220418
2020-03-04,1.162850
2020-03-05,1.216457
2020-03-06,1.182741
2020-03-09,1.265041
2020-03-10,1.199290
2020-03-11,1.214785
2020-03-12,1.318484
2020-03-13,1.197061
2020-03-16,1.221418
2020-03-17,1.163015
2020-03-18,1.047547
2020-03-19,1.036419
2020-03-20,1.006861
2020-03-23,1.087394
2020-03-24,1.183458
2020-03-25,1.187558
2020-03-26,1.225146
2020-03-27,1.175605
2020-03-30,1.113539
2020-03-31,1.108030
2020-04-01,1.115107
2020-04-02,1.076321
2020-04-03,1.043711
2020-04-06,1.049896
2020-04-07,1.075541
2020-04-08,1.042318
2020-04-09,1.026102
2020-04-13,1.030022
2020-04-14,1.035655
2020-04-15,1.039715
2020-04-16,1.022953
2020-04-17,1.023337
2020-04-20,1.069807
2020-04-21,1.049214
2020-04-22,1.025904
2020-04-23,1.012726
2020-04-24,0.950278
2020-04-27,0.942259
2020-04-28,0.949109
2020-04-29,0.936994
2020-04-30,0.974322
2020-05-01,0.979457
2020-05-04,0.972162
2020-05-05,0.946228
2020-05-06,0.956278
2020-05-07,0.924434
2020-05-08,0.884324
2020-05-11,0.907206
2020-05-12,0.964390
2020-05-13,0.966311
2020-05-14,0.934384
2020-05-15,0.924080
2020-05-18,0.922254
2020-05-19,0.930509
2020-05-20,0.899711
2020-05-21,0.911983
2020-05-22,0.892834
2020-05-26,0.907942
2020-05-27,0.914872
2020-05-28,0.916053
2020-05-29,0.908821
2020-06-01,0.913001
2020-06-02,0.896759
2020-06-03,0.887582
2020-06-04,0.894627
2020-06-05,0.894238
2020-06-08,0.919160
2020-06-09,0.929221
2020-06-10,0.932364
2020-06-11,1.008904
2020-06-12,0.948489
2020-06-15,0.944277
2020-06-16,0.940503
2020-06-17,0.937010
2020-06-18,0.937393
2020-06-19,0.957470
2020-06-22,0.941333
2020-06-23,0.948881
2020-06-24,0.956202
2020-06-25,0.945145
2020-06-26,0.970112
2020-06-29,0.937187
2020-06-30,0.935732
2020-07-01,0.903409
2020-07-02,0.896663
2020-07-06,0.901872
2020-07-07,0.917680
2020-07-08,0.900289
2020-07-09,0.912664
2020-07-10,0.879755
2020-07-13,0.931963
2020-07-14,0.906634
2020-07-15,0.879594
2020-07-16,0.887480
2020-07-17,0.845571
2020-07-20,0.840550
2020-07-21,0.842891
2020-07-22,0.837177
2020-07-23,0.862149
2020-07-24,0.845550
2020-07-27,0.824667
2020-07-28,0.845183
2020-07-29,0.822806
2020-07-30,0.831989
2020-07-31,0.823292
2020-08-03,0.818611
2020-08-04,0.816776
2020-08-05,0.803846
2020-08-06,0.803191
2020-08-07,0.785361
2020-08-10,0.788948
2020-08-11,0.823792
2020-08-12,0.792319
2020-08-13,0.785587
2020-08-14,0.777229
2020-08-17,0.777778
2020-08-18,0.786472
2020-08-19,0.801850
2020-08-20,0.807679
2020-08-21,0.800142
2020-08-24,0.796085
2020-08-25,0.789323
2020-08-26,0.810801
2020-08-27,0.817574
2020-08-28,0.775152
2020-08-31,0.829199
2020-09-01,0.813707
2020-09-02,0.813284
2020-09-03,0.892905
2020-09-04,0.884892
2020-09-08,0.916934
2020-09-09,0.896949
2020-09-10,0.902491
2020-09-11,0.863155
2020-09-14,0.848097
2020-09-15,0.845391
2020-09-16,0.851816
2020-09-17,0.860488
2020-09-18,0.847997
2020-09-21,0.878003
2020-09-22,0.848121
2020-09-23,0.858774
2020-09-24,0.862371
2020-09-25,0.823603
2020-09-28,0.825142
2020-09-29,0.844966
2020-09-30,0.833439
2020-10-01,0.841740
2020-10-02,0.853041
2020-10-05,0.893862
2020-10-06,0.924718
2020-10-07,0.914006
2020-10-08,0.893862
2020-10-09,0.884017
2020-10-12,0.895997
2020-10-13,0.919577
2020-10-14,0.934844
2020-10-15,0.939067
2020-10-16,0.938377
2020-10-19,0.959868
2020-10-20,0.974759
2020-10-21,0.967578
2020-10-22,0.959386
2020-10-23,0.950328
2020-10-26,1.012161
2020-10-27,1.019254
2020-10-28,1.067020
2020-10-29,1.048828
2020-10-30,1.048249
2020-11-02,1.059042
2020-11-03,1.060561
2020-11-04,0.986324
2020-11-05,0.949398
2020-11-06,0.908294
2020-11-09,0.957961
2020-11-10,0.936202
2020-11-11,0.915301
2020-11-12,0.931301
2020-11-13,0.899183
2020-11-16,0.885602
2020-11-17,0.894799
2020-11-18,0.903373
2020-11-19,0.895737
2020-11-20,0.909440
2020-11-23,0.891074
2020-11-24,0.871175
2020-11-25,0.870188
2020-11-27,0.853050
2020-11-30,0.845458
2020-12-01,0.848101
2020-12-02,0.862673
2020-12-03,0.866450
2020-12-04,0.855908
2020-12-07,0.868679
2020-12-08,0.866359
2020-12-09,0.900526
2020-12-10,0.899002
2020-12-11,0.894818
2020-12-14,0.911841
2020-12-15,0.884809
2020-12-16,0.883392
2020-12-17,0.871968
2020-12-18,0.856973
2020-12-21,0.912255
2020-12-22,0.889174
2020-12-23,0.887662
2020-12-24,0.848640
2020-12-28,0.862823
2020-12-29,0.879573
2020-12-30,0.895047
2020-12-31,0.899921
2021-01-04,0.954352
2021-01-05,0.929908
2021-01-06,0.935797
2021-01-07,0.894085
2021-01-08,0.865863
2021-01-11,0.901873
2021-01-12,0.890458
2021-01-13,0.869276
2021-01-14,0.883359
2021-01-15,0.892883
2021-01-19,0.870738
2021-01-20,0.839036
2021-01-21,0.829572
2021-01-22,0.843017
2021-01-25,0.862723
2021-01-26,0.856080
2021-01-27,1.041422
2021-01-28,0.950897
2021-01-29,0.976682
2021-02-01,0.929603
2021-02-02,0.870572
2021-02-03,0.830976
2021-02-04,0.812617
2021-02-05,0.786953
2021-02-08,0.796998
2021-02-09,0.797861
2021-02-10,0.799927
2021-02-11,0.780676
2021-02-12,0.753585
2021-02-16,0.778947
2021-02-17,0.781250
2021-02-18,0.807251
2021-02-19,0.813953
2021-02-22,0.843222
2021-02-23,0.852139
2021-02-24,0.824257
2021-02-25,0.955357
2021-02-26,0.944257
2021-03-01,0.871919
2021-03-02,0.887334
2021-03-03,0.926363
2021-03-04,0.949801
2021-03-05,0.884188
2021-03-08,0.905439
2021-03-09,0.880865
2021-03-10,0.845577
2021-03-11,0.839785
2021-03-12,0.803807
2021-03-15,0.804741
2021-03-16,0.800890
2021-03-17,0.805276
2021-03-18,0.853639
2021-03-19,0.838335
2021-03-22,0.823016
2021-03-23,0.852941
2021-03-24,0.868853
2021-03-25,0.847668
2021-03-26,0.844982
2021-03-29,0.893965
2021-03-30,0.878978
2021-03-31,0.875847
2021-04-01,0.826419
2021-04-05,0.854485
2021-04-06,0.856333
2021-04-07,0.830591
2021-04-08,0.823215
2021-04-09,0.804725
2021-04-12,0.812200
2021-04-13,0.801251
2021-04-14,0.806743
2021-04-15,0.798170
2021-04-16,0.791525
2021-04-19,0.809078
2021-04-20,0.835794
2021-04-21,0.814332
2021-04-22,0.830817
2021-04-23,0.803431
2021-04-26,0.818941
2021-04-27,0.823640
2021-04-28,0.817795
2021-04-29,0.826373
2021-04-30,0.843226
2021-05-03,0.842226
2021-05-04,0.859285
2021-05-05,0.860288
2021-05-06,0.840494
2021-05-07,0.802790
2021-05-10,0.877679
2021-05-11,0.901362
2021-05-12,0.979063
2021-05-13,0.915677
2021-05-14,0.845013
2021-05-17,0.852204
2021-05-18,0.881090
2021-05-19,0.877721
2021-05-20,0.868123
2021-05-21,0.857812
2021-05-24,0.827710
2021-05-25,0.841071
2021-05-26,0.815024
2021-05-27,0.824225
2021-05-28,0.818359
2021-06-01,0.838800
2021-06-02,0.816060
2021-06-03,0.826764
2021-06-04,0.796314
2021-06-07,0.799027
2021-06-08,0.818705
2021-06-09,0.840695
2021-06-10,0.801793
2021-06-11,0.796843
2021-06-14,0.813803
2021-06-15,0.823017
2021-06-16,0.853716
2021-06-17,0.846044
2021-06-18,0.902748
2021-06-21,0.847064
2021-06-22,0.830095
2021-06-23,0.828426
2021-06-24,0.829180
2021-06-25,0.822105
2021-06-28,0.828601
2021-06-29,0.821960
2021-06-30,0.811379
2021-07-01,0.795887
2021-07-02,0.780829
2021-07-06,0.811451
2021-07-07,0.793729
2021-07-08,0.864422
2021-07-09,0.791585
2021-07-12,0.790323
2021-07-13,0.810223
2021-07-14,0.791950
2021-07-15,0.806543
2021-07-16,0.835976
2021-07-19,0.903614
2021-07-20,0.850431
2021-07-21,0.818930
2021-07-22,0.809241
2021-07-23,0.794457
2021-07-26,0.808648
2021-07-27,0.841739
2021-07-28,0.819239
2021-07-29,0.808958
2021-07-30,0.822362
2021-08-02,0.844252
2021-08-03,0.813345
2021-08-04,0.810555
2021-08-05,0.802974
2021-08-06,0.773838
2021-08-09,0.786084
2021-08-10,0.791608
2021-08-11,0.776657
2021-08-12,0.769877
2021-08-13,0.762586
2021-08-16,0.781008
2021-08-17,0.825346
2021-08-18,0.906303
2021-08-19,0.895455
2021-08-20,0.828202
2021-08-23,0.808962
2021-08-24,0.811499
2021-08-25,0.807600
2021-08-26,0.861848
2021-08-27,0.795245
2021-08-30,0.793628
2021-08-31,0.807052
2021-09-01,0.802291
2021-09-02,0.815201
2021-09-03,0.807579
2021-09-07,0.842545
2021-09-08,0.831867
2021-09-09,0.852221
2021-09-10,0.898756
2021-09-13,0.862038
2021-09-14,0.862971
2021-09-15,0.835478
2021-09-16,0.856946
2021-09-17,0.896210
2021-09-20,0.973864
2021-09-21,0.956419
2021-09-22,0.905423
2021-09-23,0.871783
2021-09-24,0.852546
2021-09-27,0.876636
2021-09-28,0.967541
2021-09-29,0.951096
2021-09-30,0.969418
2021-10-01,0.919390
2021-10-04,0.952302
2021-10-05,0.921679
2021-10-06,0.919440
2021-10-07,0.883363
2021-10-08,0.857861
2021-10-11,0.893256
2021-10-12,0.888939
2021-10-13,0.865367
2021-10-14,0.827688
2021-10-15,0.802956
2021-10-18,0.803844
2021-10-19,0.785786
2021-10-20,0.779567
2021-10-21,0.770534
2021-10-22,0.771114
2021-10-25,0.779141
2021-10-26,0.794629
2021-10-27,0.812829
2021-10-28,0.807129
2021-10-29,0.798233
2021-11-01,0.804806
2021-11-02,0.797512
2021-11-03,0.774359
2021-11-04,0.783756
2021-11-05,0.804295
2021-11-08,0.820782
2021-11-09,0.830453
2021-11-10,0.851364
2021-11-11,0.826006
2021-11-12,0.787337
2021-11-15,0.790129
2021-11-16,0.783254
2021-11-17,0.792864
2021-11-18,0.803196
2021-11-19,0.817062
2021-11-22,0.847106
2021-11-23,0.863252
2021-11-24,0.848402
2021-11-26,0.981145
2021-11-29,0.916933
2021-11-30,0.966584
2021-12-01,1.010718
2021-12-02,0.958834
2021-12-03,0.965072
2021-12-06,0.941136
2021-12-07,0.877003
2021-12-08,0.842150
2021-12-09,0.875101
2021-12-10,0.806299
2021-12-13,0.835115
2021-12-14,0.863511
2021-12-15,0.827897
2021-12-16,0.844071
2021-12-17,0.849882
2021-12-20,0.869251
2021-12-21,0.840400
2021-12-22,0.790747
2021-12-23,0.772805
2021-12-27,0.777485
2021-12-28,0.785490
2021-12-29,0.776454
2021-12-30,0.792048
2021-12-31,0.787020
2022-01-03,0.771017
2022-01-04,0.782146
2022-01-05,0.840648
2022-01-06,0.834468
2022-01-07,0.820289
2022-01-10,0.855379
2022-01-11,0.837580
2022-01-12,0.816497
2022-01-13,0.867578
2022-01-14,0.840929
2022-01-18,0.907245
2022-01-19,0.924060
2022-01-20,0.939083
2022-01-21,0.963272
2022-01-24,0.970149
2022-01-25,0.981108
2022-01-26,1.000313
2022-01-27,0.987690
2022-01-28,0.959750
2022-01-31,0.924767
2022-02-01,0.886914
2022-02-02,0.878679
2022-02-03,0.913011
2022-02-04,0.884571
2022-02-07,0.889840
2022-02-08,0.873676
2022-02-09,0.849723
2022-02-10,0.917146
2022-02-11,0.949011
2022-02-14,0.962296
2022-02-15,0.942082
2022-02-16,0.924981
2022-02-17,0.958731
2022-02-18,0.949692
2022-02-22,0.989694
2022-02-23,1.004534
2022-02-24,1.008985
2022-02-25,0.983951
2022-02-28,1.016863
2022-03-01,1.022400
2022-03-02,0.992573
2022-03-03,0.989610
2022-03-04,0.988868
2022-03-07,1.019866
2022-03-08,1.003714
2022-03-09,0.981549
2022-03-10,0.959074
2022-03-11,0.950835
2022-03-14,0.953481
2022-03-15,0.933354
2022-03-16,0.920925
2022-03-17,0.909639
2022-03-18,0.899058
2022-03-21,0.891964
2022-03-22,0.887428
2022-03-23,0.892465
2022-03-24,0.856522
2022-03-25,0.841828
2022-03-28,0.811828
2022-03-29,0.815006
2022-03-30,0.820110
2022-03-31,0.840556
2022-04-01,0.810822
2022-04-04,0.806340
2022-04-05,0.844578
2022-04-06,0.856589
2022-04-07,0.854142
2022-04-08,0.840683
2022-04-11,0.902593
2022-04-12,0.892897
2022-04-13,0.854346
2022-04-14,0.872071
2022-04-18,0.860971
2022-04-19,0.852753
2022-04-20,0.841408
2022-04-21,0.868633
2022-04-22,0.944426
2022-04-25,0.929481
2022-04-26,1.011467
2022-04-27,0.981366
2022-04-28,0.962761
2022-04-29,1.006631
2022-05-02,0.979703
2022-05-03,0.949367
2022-05-04,0.904948
2022-05-05,0.954712
2022-05-06,0.934386
2022-05-09,0.991441
2022-05-10,0.971151
2022-05-11,0.968183
2022-05-12,0.960399
2022-05-13,0.940391
2022-05-16,0.930871
2022-05-17,0.919986
2022-05-18,0.943902
2022-05-19,0.953232
2022-05-20,0.945087
2022-05-23,0.940244
2022-05-24,0.958035
2022-05-25,0.954255
2022-05-26,0.939208
2022-05-27,0.917916
2022-05-31,0.935691
2022-06-01,0.926768
2022-06-02,0.913525
2022-06-03,0.907062
2022-06-06,0.921014
2022-06-07,0.905732
2022-06-08,0.902788
2022-06-09,0.931453
2022-06-10,0.933715
2022-06-13,0.993575
2022-06-14,0.982272
2022-06-15,0.962313
2022-06-16,0.983876
2022-06-17,0.961990
2022-06-21,0.966080
2022-06-22,0.957341
2022-06-23,0.962239
2022-06-24,0.940587
2022-06-27,0.956352
2022-06-28,0.972899
2022-06-29,0.971034
2022-06-30,0.966341
2022-07-01,0.936185
2022-07-05,0.952941
2022-07-06,0.941529
2022-07-07,0.930432
2022-07-08,0.902564
2022-07-11,0.926372
2022-07-12,0.946912
2022-07-13,0.939076
2022-07-14,0.922754
2022-07-15,0.894756
2022-07-18,0.909418
2022-07-19,0.897107
2022-07-20,0.894382
2022-07-21,0.881388
2022-07-22,0.886793
2022-07-25,0.905426
2022-07-26,0.934519
2022-07-27,0.918214
2022-07-28,0.917797
2022-07-29,0.896595
2022-08-01,0.918745
2022-08-02,0.932580
2022-08-03,0.900698
2022-08-04,0.881579
2022-08-05,0.874690
2022-08-08,0.869690
2022-08-09,0.881733
2022-08-10,0.841432
2022-08-11,0.851961
2022-08-12,0.837838
2022-08-15,0.855489
2022-08-16,0.844340
2022-08-17,0.843220
2022-08-18,0.836255
2022-08-19,0.847039
2022-08-22,0.915385
2022-08-23,0.930170
2022-08-24,0.916834
2022-08-25,0.902611
2022-08-26,0.962349
2022-08-29,0.977256
2022-08-30,0.973987
2022-08-31,0.970732
2022-09-01,0.967083
2022-09-02,0.961858
2022-09-06,0.975353
2022-09-07,0.944061
2022-09-08,0.925157
2022-09-09,0.906524
2022-09-12,0.940875
2022-09-13,0.975671
2022-09-14,0.952658
2022-09-15,0.951812
2022-09-16,0.951864
2022-09-19,0.953721
2022-09-20,0.974175
2022-09-21,0.973227
2022-09-22,0.969171
2022-09-23,0.986807
2022-09-26,1.015423
2022-09-27,1.014944
2022-09-28,0.986920
2022-09-29,1.003151
2022-09-30,0.992467
2022-10-03,0.980775
2022-10-04,0.979778
2022-10-05,0.970099
2022-10-06,0.991231
2022-10-07,0.976947
2022-10-10,0.991445
2022-10-11,1.008094
2022-10-12,1.013281
2022-10-13,1.004403
2022-10-14,0.986749
2022-10-17,0.988343
2022-10-18,0.984506
2022-10-19,0.981180
2022-10-20,0.973061
2022-10-21,0.974401
2022-10-24,0.984174
2022-10-25,0.971663
2022-10-26,0.958538
2022-10-27,0.968529
2022-10-28,0.957249
2022-10-31,0.961367
2022-11-01,0.967029
2022-11-02,0.950037
2022-11-03,0.947565
2022-11-04,0.930277
2022-11-07,0.927266
2022-11-08,0.942435
2022-11-09,0.934790
2022-11-10,0.898778
2022-11-11,0.874903
2022-11-14,0.908152
2022-11-15,0.922903
2022-11-16,0.926239
2022-11-17,0.926442
2022-11-18,0.912752
2022-11-21,0.904531
2022-11-22,0.893412
2022-11-23,0.870402
2022-11-25,0.869012
2022-11-28,0.891968
2022-11-29,0.888032
2022-11-30,0.874628
2022-12-01,0.851137
2022-12-02,0.830139
2022-12-05,0.868564
2022-12-06,0.896845
2022-12-07,0.900715
2022-12-08,0.901334
2022-12-09,0.905593
2022-12-12,0.973899
2022-12-13,0.928366
2022-12-14,0.901108
2022-12-15,0.910287
2022-12-16,0.899404
2022-12-19,0.893939
2022-12-20,0.880328
2022-12-21,0.859529
2022-12-22,0.886602
2022-12-23,0.864899
2022-12-27,0.886205
2022-12-28,0.900732
2022-12-29,0.895198
2022-12-30,0.892137
2023-01-03,0.931652
2023-01-04,0.924402
2023-01-05,0.933112
2023-01-06,0.911562
2023-01-09,0.925442
2023-01-10,0.905013
2023-01-11,0.927441
2023-01-12,0.872567
2023-01-13,0.868023
2023-01-17,0.902564
2023-01-18,0.913336
2023-01-19,0.914031
2023-01-20,0.913904
2023-01-23,0.917130
2023-01-24,0.918221
2023-01-25,0.911175
2023-01-26,0.904831
2023-01-27,0.904250
2023-01-30,0.933084
2023-01-31,0.932244
2023-02-01,0.894842
2023-02-02,0.898752
2023-02-03,0.882098
2023-02-06,0.906673
2023-02-07,0.897979
2023-02-08,0.899633
2023-02-09,0.920444
2023-02-10,0.910421
2023-02-13,0.925808
2023-02-14,0.894513
2023-02-15,0.881528
2023-02-16,0.921846
2023-02-17,0.919614
2023-02-21,0.978187
2023-02-22,0.982804
2023-02-23,0.972401
2023-02-24,0.966117
2023-02-27,0.970357
2023-02-28,0.970919
2023-03-01,0.963483
2023-03-02,0.949588
2023-03-03,0.925425
2023-03-06,0.930966
2023-03-07,0.951433
2023-03-08,0.946508
2023-03-09,0.988631
2023-03-10,0.976763
2023-03-13,0.995496
2023-03-14,0.954162
2023-03-15,0.961029
2023-03-16,0.936075
2023-03-17,0.930343
2023-03-20,0.934236
2023-03-21,0.907085
2023-03-22,0.913044
2023-03-23,0.921728
2023-03-24,0.907346
2023-03-27,0.900743
2023-03-28,0.892315
2023-03-29,0.889716
2023-03-30,0.886713
2023-03-31,0.880829
2023-04-03,0.890542
2023-04-04,0.890347
2023-04-05,0.888268
2023-04-06,0.876190
2023-04-10,0.900332
2023-04-11,0.909091
2023-04-12,0.906888
2023-04-13,0.878578
2023-04-14,0.852222
2023-04-17,0.862595
2023-04-18,0.849142
2023-04-19,0.822178
2023-04-20,0.835523
2023-04-21,0.822462
2023-04-24,0.827941
2023-04-25,0.866513
2023-04-26,0.874652
2023-04-27,0.836033
2023-04-28,0.807574
2023-05-01,0.817489
2023-05-02,0.856868
2023-05-03,0.861437
2023-05-04,0.882301
2023-05-05,0.827238
2023-05-08,0.819894
2023-05-09,0.836561
2023-05-10,0.818753
2023-05-11,0.821047
2023-05-12,0.824298
2023-05-15,0.842935
2023-05-16,0.860766
2023-05-17,0.841397
2023-05-18,0.830316
2023-05-19,0.838822
2023-05-22,0.845285
2023-05-23,0.879867
2023-05-24,0.909628
2023-05-25,0.895229
2023-05-26,0.878180
2023-05-30,0.867362
2023-05-31,0.887679
2023-06-01,0.834667
2023-06-02,0.814732
2023-06-05,0.822905
2023-06-06,0.819249
2023-06-07,0.813302
2023-06-08,0.809608
2023-06-09,0.815448
2023-06-12,0.868634
2023-06-13,0.847940
2023-06-14,0.823250
2023-06-15,0.844005
2023-06-16,0.808358
2023-06-20,0.802312
2023-06-21,0.781528
2023-06-22,0.779589
2023-06-23,0.796680
2023-06-26,0.835777
2023-06-27,0.835766
2023-06-28,0.844654
2023-06-29,0.840994
2023-06-30,0.848315
2023-07-03,0.844431
2023-07-05,0.858873
2023-07-06,0.881279
2023-07-07,0.860209
2023-07-10,0.873623
2023-07-11,0.874484
2023-07-12,0.840472
2023-07-13,0.844293
2023-07-14,0.831671
2023-07-17,0.828519
2023-07-18,0.824551
2023-07-19,0.830918
2023-07-20,0.839736
2023-07-21,0.829268
2023-07-24,0.855474
2023-07-25,0.854501
2023-07-26,0.835339
2023-07-27,0.866506
2023-07-28,0.837312
2023-07-31,0.851343
2023-08-01,0.852509
2023-08-02,0.895880
2023-08-03,0.898420
2023-08-04,0.918861
2023-08-07,0.889955
2023-08-08,0.881964
2023-08-09,0.884211
2023-08-10,0.872797
2023-08-11,0.845103
2023-08-14,0.851235
2023-08-15,0.885422
2023-08-16,0.884555
2023-08-17,0.902168
2023-08-18,0.899168
2023-08-21,0.912626
2023-08-22,0.906517
2023-08-23,0.890747
2023-08-24,0.917333
2023-08-25,0.884876
2023-08-28,0.880841
2023-08-29,0.872585
2023-08-30,0.857849
2023-08-31,0.852387
2023-09-01,0.831639
2023-09-05,0.862685
2023-09-06,0.869958
2023-09-07,0.868516
2023-09-08,0.857497
2023-09-11,0.861423
2023-09-12,0.875692
2023-09-13,0.846734
2023-09-14,0.835724
2023-09-15,0.860799
2023-09-18,0.867948
2023-09-19,0.874768
2023-09-20,0.900654
2023-09-21,0.961623
2023-09-22,0.950802
2023-09-25,0.937847
2023-09-26,0.960446
2023-09-27,0.953427
2023-09-28,0.943417
2023-09-29,0.946515
2023-10-02,0.945757
2023-10-03,0.969133
2023-10-04,0.951844
2023-10-05,0.948205
2023-10-06,0.931660
2023-10-09,0.940989
2023-10-10,0.932129
2023-10-11,0.912649
2023-10-12,0.922609
2023-10-13,0.939232
2023-10-16,0.915913
2023-10-17,0.928349
2023-10-18,0.938935
2023-10-19,0.964398
2023-10-20,0.967469
2023-10-23,0.954993
2023-10-24,0.938644
2023-10-25,0.946554
2023-10-26,0.958739
2023-10-27,0.955097
2023-10-30,0.949519
2023-10-31,0.930734
2023-11-01,0.909434
2023-11-02,0.879775
2023-11-03,0.865854
2023-11-06,0.874339
2023-11-07,0.875296
2023-11-08,0.868389
2023-11-09,0.883815
2023-11-10,0.857748
2023-11-13,0.888621
2023-11-14,0.869245
2023-11-15,0.871007
2023-11-16,0.887237
2023-11-17,0.870662
2023-11-20,0.854685
2023-11-21,0.861290
2023-11-22,0.830103
2023-11-24,0.824074
2023-11-27,0.827249
2023-11-28,0.832677
2023-11-29,0.836879
2023-11-30,0.836788
2023-12-01,0.822266
2023-12-04,0.834184
2023-12-05,0.825305
2023-12-06,0.824015
2023-12-07,0.834505
2023-12-08,0.814644
2023-12-11,0.831468
2023-12-12,0.813891
2023-12-13,0.831514
2023-12-14,0.843813
2023-12-15,0.811633
2023-12-18,0.811894
2023-12-19,0.801151
2023-12-20,0.824487
2023-12-21,0.837423
2023-12-22,0.814884
2023-12-26,0.818010
2023-12-27,0.814014
2023-12-28,0.818779
2023-12-29,0.815858
2024-01-02,0.852713
2024-01-03,0.875312
2024-01-04,0.880923
2024-01-05,0.860735
2024-01-08,0.863937
2024-01-09,0.856376
2024-01-10,0.861507
2024-01-11,0.854396
2024-01-12,0.850067
2024-01-16,0.879288
2024-01-17,0.902930
2024-01-18,0.892045
2024-01-19,0.871560
2024-01-22,0.881096
2024-01-23,0.864325
2024-01-24,0.877756
2024-01-25,0.890728
2024-01-26,0.882236
2024-01-29,0.893561
2024-01-30,0.879128
2024-01-31,0.899123
2024-02-01,0.895484
2024-02-02,0.887252
2024-02-05,0.891716
2024-02-06,0.871247
2024-02-07,0.863973
2024-02-08,0.856664
2024-02-09,0.857427
2024-02-12,0.888960
2024-02-13,0.942331
2024-02-14,0.902699
2024-02-15,0.888959
2024-02-16,0.897856
2024-02-20,0.939671
2024-02-21,0.945163
2024-02-22,0.922004
2024-02-23,0.901639
2024-02-26,0.902760
2024-02-27,0.901948
2024-02-28,0.909330
2024-02-29,0.897522
2024-03-01,0.878098
2024-03-04,0.885752
2024-03-05,0.908862
2024-03-06,0.907952
2024-03-07,0.907605
2024-03-08,0.904295
2024-03-11,0.924666
2024-03-12,0.883780
2024-03-13,0.881410
2024-03-14,0.893300
2024-03-15,0.878123
2024-03-18,0.883477
2024-03-19,0.876347
2024-03-20,0.853403
2024-03-21,0.851120
2024-03-22,0.853595
2024-03-25,0.857607
2024-03-26,0.865925
2024-03-27,0.851432
2024-03-28,0.856485
2024-04-01,0.879510
2024-04-02,0.908017
2024-04-03,0.900691
2024-04-04,0.952797
2024-04-05,0.933062
2024-04-08,0.917271
2024-04-09,0.912302
2024-04-10,0.927230
2024-04-11,0.904184
2024-04-12,0.951099
2024-04-15,0.983632
2024-04-16,0.976645
2024-04-17,0.970165
2024-04-18,0.964630
2024-04-19,0.971948
2024-04-22,0.960862
2024-04-23,0.940647
2024-04-24,0.948337
2024-04-25,0.938913
2024-04-26,0.923786
2024-04-29,0.916875
2024-04-30,0.943339
2024-05-01,0.928787
2024-05-02,0.914642
2024-05-03,0.883432
2024-05-06,0.898136
2024-05-07,0.884950
2024-05-08,0.872483
2024-05-09,0.862678
2024-05-10,0.856071
2024-05-13,0.913365
2024-05-14,0.912925
2024-05-15,0.884233
2024-05-16,0.873418
2024-05-17,0.857041
2024-05-20,0.861091
2024-05-21,0.850179
2024-05-22,0.858840
2024-05-23,0.870484
2024-05-24,0.841920
2024-05-28,0.877717
2024-05-29,0.924272
2024-05-30,0.928159
2024-05-31,0.881310
2024-06-03,0.885811
2024-06-04,0.884409
2024-06-05,0.868638
2024-06-06,0.865199
2024-06-07,0.848022
2024-06-10,0.872603
2024-06-11,0.886818
2024-06-12,0.852691
2024-06-13,0.842625
2024-06-14,0.853100
2024-06-17,0.862069
2024-06-18,0.837304
2024-06-20,0.861778
2024-06-21,0.870138
2024-06-24,0.875246
2024-06-25,0.864065
2024-06-26,0.853161
2024-06-27,0.848821
2024-06-28,0.856749
2024-07-01,0.861170
2024-07-02,0.858672
2024-07-03,0.862340
2024-07-05,0.869686
2024-07-08,0.865640
2024-07-09,0.869354
2024-07-10,0.886207
2024-07-11,0.880709
2024-07-12,0.867084
2024-07-15,0.882313
2024-07-16,0.884641
2024-07-17,0.917036
2024-07-18,0.961957
2024-07-19,0.962704
2024-07-22,0.926663
2024-07-23,0.919425
2024-07-24,0.978839
2024-07-25,0.987694
2024-07-26,0.950696
2024-07-29,0.967366
2024-07-30,0.982232
2024-07-31,0.964054
2024-08-01,0.971264
2024-08-02,1.002142
2024-08-05,1.144171
2024-08-06,1.035501
2024-08-07,1.031100
2024-08-08,0.985910
2024-08-09,0.961756
2024-08-12,0.957466
2024-08-13,0.912387
2024-08-14,0.877507
2024-08-15,0.851790
2024-08-16,0.830994
2024-08-19,0.832860
2024-08-20,0.868709
2024-08-21,0.875673
2024-08-22,0.906508
2024-08-23,0.871908
2024-08-26,0.884932
2024-08-27,0.870276
2024-08-28,0.905291
2024-08-29,0.869444
2024-08-30,0.860585
2024-09-03,0.954839
2024-09-04,0.966017
2024-09-05,0.950788
2024-09-06,0.984169
2024-09-09,0.931514
2024-09-10,0.928467
2024-09-11,0.903012
2024-09-12,0.876283
2024-09-13,0.858921
2024-09-16,0.865220
2024-09-17,0.874814
2024-09-18,0.895823
2024-09-19,0.856319
2024-09-20,0.852693
2024-09-23,0.849733
2024-09-24,0.833243
2024-09-25,0.829833
2024-09-26,0.833062
2024-09-27,0.867963
2024-09-30,0.870447
2024-10-01,0.921972
2024-10-02,0.917921
2024-10-03,0.947295
2024-10-04,0.930266
2024-10-07,1.002213
2024-10-08,0.995353
2024-10-09,0.997609
2024-10-10,0.995718
2024-10-11,0.985075
2024-10-14,0.979125
2024-10-15,0.992308
2024-10-16,0.963583
2024-10-17,0.964664
2024-10-18,0.939552
2024-10-21,0.954782
2024-10-22,0.949400
2024-10-23,0.960080
2024-10-24,0.961209
2024-10-25,0.970869
2024-10-28,0.981656
2024-10-29,0.968938
2024-10-30,0.980250
2024-10-31,1.022968
2024-11-01,0.998631
2024-11-04,1.019008
2024-11-05,1.014859
2024-11-06,0.920770
2024-11-07,0.896755
2024-11-08,0.887701
2024-11-11,0.891071
2024-11-12,0.880311
2024-11-13,0.849182
2024-11-14,0.857914
2024-11-15,0.906232
2024-11-18,0.906341
2024-11-19,0.924251
2024-11-20,0.939759
2024-11-21,0.927943
2024-11-22,0.880925
2024-11-25,0.865442
2024-11-26,0.852995
2024-11-27,0.849398
2024-11-29,0.830873
2024-12-02,0.816401
2024-12-03,0.818966
2024-12-04,0.820622
2024-12-05,0.816647
2024-12-06,0.782475
2024-12-09,0.830310
2024-12-10,0.835100
2024-12-11,0.804502
2024-12-12,0.802305
2024-12-13,0.805248
2024-12-16,0.836084
2024-12-17,0.875345
2024-12-18,1.139439
2024-12-19,0.997929
2024-12-20,0.913433
2024-12-23,0.899732
2024-12-24,0.829651
2024-12-26,0.848502
2024-12-27,0.882678
2024-12-30,0.918691
2024-12-31,0.914120
2025-01-02,0.927574
2025-01-03,0.889195
2025-01-06,0.889628
2025-01-07,0.928609
2025-01-08,0.915202
2025-01-10,0.931807
2025-01-13,0.939305
2025-01-14,0.935968
2025-01-15,0.884257
2025-01-16,0.904632
2025-01-17,0.877955
2025-01-21,0.860571
2025-01-22,0.847838
2025-01-23,0.857306
2025-01-24,0.846154
2025-01-27,0.943595
2025-01-28,0.905130
2025-01-29,0.912397
2025-01-30,0.884422
2025-01-31,0.891481
2025-02-03,0.952430
2025-02-04,0.923283
2025-02-05,0.878062
2025-02-06,0.863991
2025-02-07,0.887815
2025-02-10,0.867252
2025-02-11,0.876368
2025-02-12,0.867832
2025-02-13,0.846413
2025-02-14,0.829309
2025-02-18,0.861392
2025-02-19,0.851645
2025-02-20,0.869517
2025-02-21,0.934805
2025-02-24,0.955690
2025-02-25,0.970045
2025-02-26,0.967089
2025-02-27,0.995759
2025-02-28,0.972745
2025-03-03,1.027051
2025-03-04,1.032046
2025-03-05,1.009669
2025-03-06,1.049367
2025-03-07,1.034529
2025-03-10,1.083204
2025-03-11,1.062352
2025-03-12,1.023659
2025-03-13,1.024938
2025-03-14,0.981958
2025-03-17,0.962911
2025-03-18,0.987711
2025-03-19,0.955353
2025-03-20,0.956060
2025-03-21,0.947420
2025-03-24,0.918067
2025-03-25,0.900263
2025-03-26,0.923891
2025-03-27,0.939668
2025-03-28,0.983644
2025-03-31,1.014110
2025-04-01,0.997709
2025-04-02,1.002797
2025-04-03,1.096421
2025-04-04,1.234269
2025-04-07,1.273861
2025-04-08,1.260964
2025-04-09,1.123663
2025-04-10,1.140297
2025-04-11,1.107638
2025-04-14,1.042524
2025-04-15,1.038621
2025-04-16,1.054945
2025-04-17,1.010221
2025-04-21,1.062520
2025-04-22,1.038031
2025-04-23,1.015346
2025-04-24,1.001135
2025-04-25,0.979109
2025-04-28,0.977458
2025-04-29,0.958366
2025-04-30,0.967110
2025-05-01,0.965084
2025-05-02,0.945000
2025-05-05,0.962933
2025-05-06,0.974420
2025-05-07,0.953441
2025-05-08,0.946128
2025-05-09,0.936698
2025-05-12,0.909496
2025-05-13,0.906919
2025-05-14,0.904762
2025-05-15,0.880494
2025-05-16,0.858566
2025-05-19,0.876752
2025-05-20,0.873070
2025-05-21,0.921006
2025-05-22,0.908602
2025-05-23,0.936555
2025-05-27,0.890559
2025-05-28,0.891094
2025-05-29,0.887141
2025-05-30,0.868569
2025-06-02,0.870555
2025-06-03,0.853765
2025-06-04,0.852372
2025-06-05,0.875414
2025-06-06,0.837662
2025-06-09,0.854156
2025-06-10,0.850050
2025-06-11,0.850246
2025-06-12,0.872639
2025-06-13,0.920424
2025-06-16,0.900141
2025-06-17,0.942820
2025-06-18,0.916705
2025-06-20,0.917260
2025-06-23,0.908799
2025-06-24,0.871820
2025-06-25,0.852059
2025-06-26,0.852956
2025-06-27,0.839075
2025-06-30,0.860597
2025-07-01,0.862635
2025-07-02,0.859948
2025-07-03,0.852681
2025-07-07,0.880257
2025-07-08,0.858529
2025-07-09,0.838065
2025-07-10,0.834038
2025-07-11,0.846670
2025-07-14,0.866936
2025-07-15,0.866401
2025-07-16,0.854156
2025-07-17,0.839005
2025-07-18,0.838100
2025-07-21,0.853409
2025-07-22,0.844854
2025-07-23,0.828125
2025-07-24,0.829203
2025-07-25,0.814956
2025-07-28,0.827643
2025-07-29,0.851359
2025-07-30,0.843597
2025-07-31,0.873563
2025-08-01,0.959510
2025-08-04,0.893422
2025-08-05,0.891163
2025-08-06,0.861325
2025-08-07,0.856331
2025-08-08,0.810160
2025-08-11,0.844156
2025-08-12,0.803162
2025-08-13,0.790507
2025-08-14,0.802055
2025-08-15,0.809549
2025-08-18,0.812466
2025-08-19,0.823810
2025-08-20,0.821466
2025-08-21,0.855229
2025-08-22,0.800676
2025-08-25,0.820755
2025-08-26,0.816760
2025-08-27,0.827759
2025-08-28,0.814334
2025-08-29,0.837057
2025-09-02,0.885965
2025-09-03,0.863708
2025-09-04,0.831974
2025-09-05,0.824104
2025-09-08,0.826134
2025-09-09,0.823207
2025-09-10,0.832429
2025-09-11,0.815862
2025-09-12,0.817276
2025-09-15,0.846735
2025-09-16,0.865151
2025-09-17,0.852495
2025-09-18,0.847732
2025-09-19,0.836039
2025-09-22,0.849604
2025-09-23,0.855967
2025-09-24,0.845350
2025-09-25,0.860226
2025-09-26,0.830527
2025-09-29,0.859275
2025-09-30,0.867342
2025-10-01,0.868337
2025-10-02,0.880360
2025-10-03,0.872642
2025-10-06,0.856172
2025-10-07,0.874683
2025-10-08,0.846314
2025-10-09,0.847781
2025-10-10,0.949584
2025-10-13,0.909221
2025-10-14,0.944621
2025-10-15,0.940747
2025-10-16,1.017692
2025-10-17,0.940697
2025-10-20,0.897587
2025-10-21,0.893947
2025-10-22,0.915805
2025-10-23,0.880407
2025-10-24,0.852604
2025-10-27,0.831490
2025-10-28,0.839898
2025-10-29,0.853253
2025-10-30,0.846346
2025-10-31,0.851147
2025-11-03,0.842493
2025-11-04,0.892438
2025-11-05,0.874272
2025-11-06,0.913349
2025-11-07,0.900425
2025-11-10,0.869565
2025-11-11,0.855869
2025-11-12,0.860865
2025-11-13,0.915332
2025-11-14,0.918906
2025-11-17,0.965487
2025-11-18,1.006112
2025-11-19,0.986244
2025-11-20,1.025621
2025-11-21,0.977880
2025-11-24,0.939130
2025-11-25,0.895321
2025-11-26,0.858641
2025-11-28,0.832485
2025-12-01,0.852621
2025-12-02,0.836190
2025-12-03,0.815830
2025-12-04,0.809646
2025-12-05,0.799689
2025-12-08,0.836765
2025-12-09,0.843127
2025-12-10,0.814987
2025-12-11,0.779528
2025-12-12,0.817662
2025-12-15,0.838415
2025-12-16,0.837824
2025-12-17,0.877490
2025-12-18,0.861154
2025-12-19,0.816986
2025-12-22,0.791456
2025-12-23,0.784753
2025-12-24,0.758019
2025-12-26,0.765335
2025-12-29,0.796857
2025-12-30,0.806415
2025-12-31,0.822332
2026-01-02,0.805216
2026-01-05,0.813319
2026-01-06,0.812672
2026-01-07,0.827327
2026-01-08,0.840131
2026-01-09,0.810403
2026-01-12,0.829402
2026-01-13,0.847745
2026-01-14,0.864739
2026-01-15,0.838095
2026-01-16,0.835176
2026-01-20,0.944079
2026-01-21,0.872934
2026-01-22,0.834133
2026-01-23,0.840209
2026-01-26,0.846880
2026-01-27,0.850676
2026-01-28,0.847150
2026-01-29,0.858160
2026-01-30,0.868959
2026-02-02,0.843572
2026-02-03,0.884521
2026-02-04,0.903977
2026-02-05,0.969710
2026-02-06,1.000000
2026-02-09,0.864112
2026-02-10,0.870778
2026-02-11,0.866470
2026-02-12,0.939107
2026-02-13,0.929184
2026-02-17,0.939352
2026-02-18,0.917251
2026-02-19,0.924589
2026-02-20,0.905168
2026-02-23,0.948961
2026-02-24,0.916120
2026-02-25,0.880648
2026-02-26,0.895243
2026-02-27,0.921150
2026-03-02,0.955437
2026-03-03,1.001274
2026-03-04,0.948856
2026-03-05,0.995390
2026-03-06,1.070029
2026-03-09,1.006314
2026-03-10,0.977264
2026-03-11,0.970364
2026-03-12,1.012616
2026-03-13,0.996701
2026-03-16,0.943419
2026-03-17,0.919441
2026-03-18,0.944654
2026-03-19,0.942052
2026-03-20,0.976303
2026-03-23,1.001916
2026-03-24,1.014684
2026-03-25,0.988295
2026-03-26,1.010309
2026-03-27,1.060813
2026-03-30,1.050807
2026-03-31,0.988258
2026-04-01,0.987128
2026-04-02,0.965615
2026-04-06,0.975777
2026-04-07,1.008213
2026-04-08,0.927690
2026-04-09,0.893627
2026-04-10,0.879689
2026-04-13,0.895970
2026-04-14,0.881844
2026-04-15,0.874398
2026-04-16,0.863746
2026-04-17,0.852267
2026-04-20,0.888418
2026-04-21,0.906555
2026-04-22,0.890772
2026-04-23,0.898976
2026-04-24,0.878404
2026-04-27,0.867597
2026-04-28,0.870181
2026-04-29,0.887683
2026-04-30,0.841135
2026-05-01,0.834070
2026-05-04,0.868884
2026-05-05,0.834774
2026-05-06,0.845406
2026-05-07,0.839312
2026-05-08,0.838537
2026-05-11,0.865348
2026-05-12,0.855038
2026-05-13,0.843721
2026-05-14,0.827818
2026-05-15,0.862828
2026-05-18,0.851816
2026-05-19,0.855114
2026-05-20,0.840077
2026-05-21,0.838000
2026-05-22,0.833749
2026-05-26,0.855204
2026-05-27,0.837532
2026-05-28,0.823652
2026-05-29,0.821008
2026-06-01,0.826042
2026-06-02,0.809133
2026-06-03,0.812753
2026-06-04,0.800832
2026-06-05,0.985793
2026-06-08,0.910053
2026-06-09,0.932426
2026-06-10,0.970730
2026-06-11,0.907563
2026-06-12,0.862019
2026-06-15,0.836777
2026-06-16,0.840246
2026-06-17,0.894277
2026-06-18,0.838017
2026-06-22,0.874494
2026-06-23,0.925451
2026-06-24,0.914580
2026-06-25,0.929169
2026-06-26,0.914555
2026-06-29,0.903738
2026-06-30,0.865790
2026-07-01,0.865866
2026-07-02,0.848214
2026-07-06,0.829073
2026-07-07,0.848501
2026-07-08,0.868448
2026-07-09,0.834123
2026-07-10,0.809370
2026-07-13,0.873727
2026-07-14,0.854922
2026-07-15,0.828662
2026-07-16,0.857949
2026-07-17,0.913827
2026-07-20,0.908416
2026-08-11,0.808038
2026-08-12,0.785213
2026-08-13,0.786136
2026-08-18,0.822003
2026-08-19,0.801831
2026-08-20,0.839979
2026-08-21,0.817838
2026-08-24,0.853987
2026-08-25,0.848435
2026-08-27,0.822994
2026-08-28,0.833333
