date,value
1982-01-04,2.320000
1982-01-05,2.240000
1982-01-06,2.430000
1982-01-07,2.460000
1982-01-08,2.500000
1982-01-11,2.320000
1982-01-12,2.100000
1982-01-13,2.130000
1982-01-14,1.530000
1982-01-15,2.080000
1982-01-18,1.340000
1982-01-19,1.670000
1982-01-20,1.300000
1982-01-21,0.970000
1982-01-22,1.060000
1982-01-25,0.560000
1982-01-26,0.890000
1982-01-27,1.110000
1982-01-28,1.450000
1982-01-29,1.060000
1982-02-01,-0.190000
1982-02-02,-0.020000
1982-02-03,0.050000
1982-02-04,0.380000
1982-02-05,0.020000
1982-02-08,-0.160000
1982-02-09,0.040000
1982-02-10,-0.070000
1982-02-11,-0.350000
1982-02-16,-0.960000
1982-02-17,-0.810000
1982-02-18,-0.300000
1982-02-19,0.070000
1982-02-22,0.740000
1982-02-23,1.000000
1982-02-24,1.040000
1982-02-25,1.120000
1982-02-26,1.030000
1982-03-01,1.040000
1982-03-02,0.520000
1982-03-03,0.840000
1982-03-04,0.760000
1982-03-05,0.730000
1982-03-08,0.990000
1982-03-09,0.760000
1982-03-10,0.730000
1982-03-11,0.710000
1982-03-12,0.570000
1982-03-15,0.490000
1982-03-16,0.580000
1982-03-17,0.520000
1982-03-18,0.420000
1982-03-19,0.200000
1982-03-22,0.480000
1982-03-23,0.610000
1982-03-24,0.520000
1982-03-25,0.550000
1982-03-26,0.320000
1982-03-29,0.000000
1982-03-30,0.040000
1982-03-31,0.190000
1982-04-01,0.230000
1982-04-02,0.150000
1982-04-05,0.400000
1982-04-06,0.410000
1982-04-07,0.380000
1982-04-08,0.240000
1982-04-12,0.400000
1982-04-13,0.500000
1982-04-14,0.510000
1982-04-15,0.440000
1982-04-16,0.500000
1982-04-19,0.620000
1982-04-20,0.650000
1982-04-21,0.960000
1982-04-22,0.720000
1982-04-23,0.700000
1982-04-26,0.530000
1982-04-27,0.660000
1982-04-28,0.680000
1982-04-29,0.670000
1982-04-30,0.720000
1982-05-03,0.490000
1982-05-04,0.270000
1982-05-05,0.410000
1982-05-06,0.460000
1982-05-07,0.460000
1982-05-10,0.280000
1982-05-11,0.490000
1982-05-12,0.540000
1982-05-13,0.530000
1982-05-14,0.560000
1982-05-17,0.550000
1982-05-18,0.720000
1982-05-19,1.170000
1982-05-20,1.530000
1982-05-21,1.530000
1982-05-24,1.590000
1982-05-25,1.550000
1982-05-26,1.640000
1982-05-27,1.660000
1982-05-28,1.740000
1982-06-01,1.380000
1982-06-02,1.170000
1982-06-03,1.270000
1982-06-04,1.200000
1982-06-07,1.230000
1982-06-08,1.190000
1982-06-09,1.370000
1982-06-10,1.500000
1982-06-11,1.380000
1982-06-14,1.330000
1982-06-15,1.280000
1982-06-16,1.230000
1982-06-17,1.330000
1982-06-18,1.310000
1982-06-21,1.520000
1982-06-22,1.290000
1982-06-23,1.070000
1982-06-24,1.110000
1982-06-25,0.890000
1982-06-28,0.920000
1982-06-29,0.810000
1982-06-30,1.080000
1982-07-01,1.260000
1982-07-02,1.140000
1982-07-06,1.300000
1982-07-07,1.180000
1982-07-08,1.710000
1982-07-09,1.740000
1982-07-12,1.650000
1982-07-13,1.540000
1982-07-14,1.570000
1982-07-15,1.820000
1982-07-16,2.020000
1982-07-19,2.160000
1982-07-20,2.420000
1982-07-21,2.410000
1982-07-22,2.680000
1982-07-23,2.830000
1982-07-26,3.040000
1982-07-27,2.740000
1982-07-28,2.560000
1982-07-29,2.860000
1982-07-30,3.110000
1982-08-02,3.690000
1982-08-03,3.330000
1982-08-04,3.560000
1982-08-05,3.510000
1982-08-06,3.140000
1982-08-09,3.450000
1982-08-10,3.270000
1982-08-11,3.340000
1982-08-12,3.810000
1982-08-13,3.600000
1982-08-16,4.110000
1982-08-17,4.320000
1982-08-18,4.220000
1982-08-19,4.710000
1982-08-20,4.930000
1982-08-23,4.720000
1982-08-24,4.490000
1982-08-25,4.760000
1982-08-26,5.180000
1982-08-27,4.670000
1982-08-30,4.370000
1982-08-31,4.090000
1982-09-01,4.030000
1982-09-02,3.940000
1982-09-03,4.010000
1982-09-07,3.850000
1982-09-08,3.910000
1982-09-09,3.960000
1982-09-10,4.070000
1982-09-13,4.220000
1982-09-14,4.400000
1982-09-15,4.160000
1982-09-16,4.290000
1982-09-17,4.280000
1982-09-20,4.430000
1982-09-21,4.300000
1982-09-22,4.460000
1982-09-23,4.420000
1982-09-24,4.240000
1982-09-27,4.160000
1982-09-28,4.130000
1982-09-29,3.960000
1982-09-30,3.850000
1982-10-01,3.910000
1982-10-04,3.510000
1982-10-05,3.250000
1982-10-06,3.170000
1982-10-07,2.870000
1982-10-08,2.830000
1982-10-12,2.920000
1982-10-13,2.720000
1982-10-14,2.820000
1982-10-15,2.950000
1982-10-18,2.920000
1982-10-19,2.830000
1982-10-20,2.890000
1982-10-21,2.880000
1982-10-22,2.930000
1982-10-25,2.990000
1982-10-26,2.630000
1982-10-27,2.620000
1982-10-28,2.600000
1982-10-29,2.540000
1982-11-01,2.500000
1982-11-03,2.400000
1982-11-04,2.430000
1982-11-05,2.440000
1982-11-08,2.370000
1982-11-09,2.230000
1982-11-10,2.120000
1982-11-12,2.020000
1982-11-15,1.850000
1982-11-16,1.970000
1982-11-17,1.940000
1982-11-18,1.910000
1982-11-19,2.040000
1982-11-22,2.170000
1982-11-23,2.310000
1982-11-24,2.390000
1982-11-26,2.320000
1982-11-29,2.240000
1982-11-30,2.230000
1982-12-01,2.190000
1982-12-02,2.360000
1982-12-03,2.370000
1982-12-06,2.330000
1982-12-07,2.290000
1982-12-08,2.380000
1982-12-09,2.350000
1982-12-10,2.350000
1982-12-13,2.340000
1982-12-14,2.530000
1982-12-15,2.620000
1982-12-16,2.490000
1982-12-17,2.510000
1982-12-20,2.560000
1982-12-21,2.370000
1982-12-22,2.350000
1982-12-23,2.290000
1982-12-27,2.280000
1982-12-28,2.110000
1982-12-29,2.040000
1982-12-30,2.150000
1982-12-31,2.160000
1983-01-03,2.150000
1983-01-04,2.090000
1983-01-05,2.100000
1983-01-06,2.190000
1983-01-07,2.340000
1983-01-10,2.420000
1983-01-11,2.400000
1983-01-12,2.380000
1983-01-13,2.350000
1983-01-14,2.490000
1983-01-17,2.430000
1983-01-18,2.400000
1983-01-19,2.470000
1983-01-20,2.390000
1983-01-21,2.320000
1983-01-24,2.330000
1983-01-25,2.300000
1983-01-26,2.330000
1983-01-27,2.370000
1983-01-28,2.450000
1983-01-31,2.440000
1983-02-01,2.330000
1983-02-02,2.430000
1983-02-03,2.500000
1983-02-04,2.470000
1983-02-07,2.460000
1983-02-08,2.420000
1983-02-09,2.450000
1983-02-10,2.380000
1983-02-11,2.380000
1983-02-14,2.270000
1983-02-15,2.240000
1983-02-16,2.330000
1983-02-17,2.330000
1983-02-18,2.340000
1983-02-22,2.290000
1983-02-23,2.200000
1983-02-24,2.220000
1983-02-25,2.180000
1983-02-28,2.060000
1983-03-01,1.960000
1983-03-02,1.960000
1983-03-03,1.980000
1983-03-04,1.980000
1983-03-07,1.950000
1983-03-08,1.910000
1983-03-09,1.910000
1983-03-10,2.000000
1983-03-11,2.030000
1983-03-14,1.970000
1983-03-15,1.910000
1983-03-16,1.920000
1983-03-17,1.930000
1983-03-18,1.840000
1983-03-21,1.800000
1983-03-22,1.690000
1983-03-23,1.800000
1983-03-24,1.750000
1983-03-25,1.640000
1983-03-28,1.650000
1983-03-29,1.630000
1983-03-30,1.610000
1983-03-31,1.660000
1983-04-04,1.630000
1983-04-05,1.690000
1983-04-06,1.770000
1983-04-07,1.830000
1983-04-08,1.880000
1983-04-11,1.960000
1983-04-12,1.930000
1983-04-13,1.910000
1983-04-14,1.870000
1983-04-15,1.900000
1983-04-18,1.930000
1983-04-19,1.920000
1983-04-20,1.990000
1983-04-21,1.990000
1983-04-22,1.980000
1983-04-25,1.960000
1983-04-26,1.920000
1983-04-27,1.880000
1983-04-28,1.900000
1983-04-29,1.890000
1983-05-02,1.930000
1983-05-03,1.930000
1983-05-04,1.820000
1983-05-05,1.820000
1983-05-06,1.870000
1983-05-09,1.820000
1983-05-10,1.860000
1983-05-11,1.930000
1983-05-12,1.880000
1983-05-13,1.920000
1983-05-16,1.920000
1983-05-17,1.970000
1983-05-18,2.010000
1983-05-19,2.030000
1983-05-20,2.060000
1983-05-23,1.840000
1983-05-24,1.760000
1983-05-25,1.760000
1983-05-26,1.780000
1983-05-27,1.820000
1983-05-31,1.840000
1983-06-01,1.850000
1983-06-02,1.940000
1983-06-03,1.920000
1983-06-06,1.830000
1983-06-07,1.680000
1983-06-08,1.740000
1983-06-09,1.800000
1983-06-10,1.780000
1983-06-13,1.720000
1983-06-14,1.710000
1983-06-15,1.660000
1983-06-16,1.650000
1983-06-17,1.670000
1983-06-20,1.480000
1983-06-21,1.470000
1983-06-22,1.480000
1983-06-23,1.590000
1983-06-24,1.600000
1983-06-27,1.730000
1983-06-28,1.700000
1983-06-29,1.790000
1983-06-30,1.810000
1983-07-01,1.880000
1983-07-05,1.850000
1983-07-06,1.780000
1983-07-07,1.800000
1983-07-08,1.850000
1983-07-11,1.860000
1983-07-12,1.900000
1983-07-13,1.930000
1983-07-14,1.920000
1983-07-15,1.920000
1983-07-18,1.940000
1983-07-19,1.850000
1983-07-20,1.840000
1983-07-21,1.880000
1983-07-22,1.980000
1983-07-25,1.980000
1983-07-26,2.020000
1983-07-27,2.080000
1983-07-28,2.120000
1983-07-29,2.170000
1983-08-01,2.170000
1983-08-02,1.930000
1983-08-03,2.140000
1983-08-04,2.260000
1983-08-05,2.270000
1983-08-08,2.310000
1983-08-09,2.190000
1983-08-10,2.200000
1983-08-11,2.060000
1983-08-12,2.060000
1983-08-15,1.930000
1983-08-16,1.880000
1983-08-17,1.920000
1983-08-18,2.020000
1983-08-19,2.020000
1983-08-22,2.000000
1983-08-23,2.010000
1983-08-24,2.050000
1983-08-25,2.140000
1983-08-26,2.110000
1983-08-29,2.240000
1983-08-30,2.210000
1983-08-31,2.340000
1983-09-01,2.390000
1983-09-02,2.380000
1983-09-06,2.260000
1983-09-07,2.210000
1983-09-08,2.290000
1983-09-09,2.190000
1983-09-12,2.170000
1983-09-13,2.170000
1983-09-14,2.290000
1983-09-15,2.360000
1983-09-16,2.250000
1983-09-19,2.320000
1983-09-20,2.250000
1983-09-21,2.310000
1983-09-22,2.270000
1983-09-23,2.270000
1983-09-26,2.360000
1983-09-27,2.370000
1983-09-28,2.370000
1983-09-29,2.260000
1983-09-30,2.400000
1983-10-03,2.340000
1983-10-04,2.460000
1983-10-05,2.340000
1983-10-06,2.340000
1983-10-07,2.390000
1983-10-11,2.410000
1983-10-12,2.450000
1983-10-13,2.490000
1983-10-14,2.460000
1983-10-17,2.590000
1983-10-18,2.640000
1983-10-19,2.650000
1983-10-20,2.590000
1983-10-21,2.560000
1983-10-24,2.630000
1983-10-25,2.700000
1983-10-26,2.720000
1983-10-27,2.670000
1983-10-28,2.720000
1983-10-31,2.910000
1983-11-01,2.890000
1983-11-02,2.880000
1983-11-03,2.780000
1983-11-04,2.710000
1983-11-07,2.710000
1983-11-09,2.710000
1983-11-10,2.620000
1983-11-14,2.560000
1983-11-15,2.570000
1983-11-16,2.560000
1983-11-17,2.520000
1983-11-18,2.520000
1983-11-21,2.530000
1983-11-22,2.450000
1983-11-23,2.430000
1983-11-25,2.430000
1983-11-28,2.380000
1983-11-29,2.360000
1983-11-30,2.390000
1983-12-01,2.360000
1983-12-02,2.470000
1983-12-05,2.490000
1983-12-06,2.460000
1983-12-07,2.480000
1983-12-08,2.510000
1983-12-09,2.560000
1983-12-12,2.560000
1983-12-13,2.490000
1983-12-14,2.490000
1983-12-15,2.430000
1983-12-16,2.410000
1983-12-19,2.420000
1983-12-20,2.450000
1983-12-21,2.470000
1983-12-22,2.520000
1983-12-23,2.470000
1983-12-27,2.460000
1983-12-28,2.470000
1983-12-29,2.450000
1983-12-30,2.490000
1984-01-03,2.510000
1984-01-04,2.440000
1984-01-05,2.480000
1984-01-06,2.510000
1984-01-09,2.500000
1984-01-10,2.440000
1984-01-11,2.460000
1984-01-12,2.470000
1984-01-13,2.510000
1984-01-16,2.430000
1984-01-17,2.330000
1984-01-18,2.340000
1984-01-19,2.350000
1984-01-20,2.320000
1984-01-23,2.330000
1984-01-24,2.340000
1984-01-25,2.340000
1984-01-26,2.340000
1984-01-27,2.350000
1984-01-30,2.420000
1984-01-31,2.410000
1984-02-01,2.390000
1984-02-02,2.330000
1984-02-03,2.280000
1984-02-06,2.200000
1984-02-07,2.280000
1984-02-08,2.250000
1984-02-09,2.330000
1984-02-10,2.400000
1984-02-14,2.420000
1984-02-15,2.370000
1984-02-16,2.390000
1984-02-17,2.390000
1984-02-21,2.410000
1984-02-22,2.420000
1984-02-23,2.410000
1984-02-24,2.450000
1984-02-27,2.500000
1984-02-28,2.500000
1984-02-29,2.550000
1984-03-01,2.530000
1984-03-02,2.490000
1984-03-05,2.530000
1984-03-06,2.500000
1984-03-07,2.550000
1984-03-08,2.540000
1984-03-09,2.510000
1984-03-12,2.550000
1984-03-13,2.530000
1984-03-14,2.480000
1984-03-15,2.450000
1984-03-16,2.470000
1984-03-19,2.450000
1984-03-20,2.240000
1984-03-21,2.250000
1984-03-22,2.310000
1984-03-23,2.330000
1984-03-26,2.350000
1984-03-27,2.290000
1984-03-28,2.320000
1984-03-29,2.340000
1984-03-30,2.440000
1984-04-02,2.510000
1984-04-03,2.470000
1984-04-04,2.490000
1984-04-05,2.470000
1984-04-06,2.460000
1984-04-09,2.520000
1984-04-10,2.510000
1984-04-11,2.490000
1984-04-12,2.380000
1984-04-13,2.460000
1984-04-16,2.440000
1984-04-17,2.420000
1984-04-18,2.560000
1984-04-19,2.670000
1984-04-23,2.790000
1984-04-24,2.710000
1984-04-25,2.670000
1984-04-26,2.760000
1984-04-27,2.710000
1984-04-30,2.720000
1984-05-01,2.740000
1984-05-02,2.800000
1984-05-03,2.840000
1984-05-04,2.820000
1984-05-07,2.780000
1984-05-08,2.650000
1984-05-09,2.810000
1984-05-10,3.000000
1984-05-11,3.060000
1984-05-14,3.210000
1984-05-15,2.960000
1984-05-16,3.270000
1984-05-17,3.380000
1984-05-18,3.260000
1984-05-21,3.360000
1984-05-22,3.070000
1984-05-23,3.210000
1984-05-24,3.630000
1984-05-25,3.810000
1984-05-29,3.800000
1984-05-30,3.840000
1984-05-31,3.780000
1984-06-01,3.450000
1984-06-04,3.190000
1984-06-05,3.230000
1984-06-06,3.390000
1984-06-07,3.310000
1984-06-08,3.210000
1984-06-11,3.150000
1984-06-12,3.060000
1984-06-13,3.160000
1984-06-14,3.110000
1984-06-15,2.940000
1984-06-18,2.920000
1984-06-19,3.070000
1984-06-20,3.340000
1984-06-21,3.390000
1984-06-22,3.510000
1984-06-25,3.610000
1984-06-26,3.600000
1984-06-27,3.620000
1984-06-28,3.560000
1984-06-29,3.530000
1984-07-02,3.750000
1984-07-03,3.420000
1984-07-05,3.400000
1984-07-06,3.350000
1984-07-09,3.070000
1984-07-10,2.990000
1984-07-11,3.040000
1984-07-12,2.980000
1984-07-13,2.940000
1984-07-16,2.920000
1984-07-17,2.760000
1984-07-18,2.800000
1984-07-19,2.710000
1984-07-20,2.770000
1984-07-23,2.720000
1984-07-24,2.620000
1984-07-25,2.380000
1984-07-26,2.220000
1984-07-27,2.250000
1984-07-30,2.290000
1984-07-31,2.080000
1984-08-01,1.950000
1984-08-02,1.840000
1984-08-03,1.710000
1984-08-06,1.750000
1984-08-07,1.720000
1984-08-08,1.760000
1984-08-09,1.760000
1984-08-10,1.820000
1984-08-13,1.860000
1984-08-14,1.950000
1984-08-15,2.120000
1984-08-16,2.020000
1984-08-17,1.950000
1984-08-20,1.810000
1984-08-21,1.770000
1984-08-22,1.810000
1984-08-23,1.810000
1984-08-24,1.750000
1984-08-27,1.690000
1984-08-28,1.710000
1984-08-29,1.720000
1984-08-30,1.750000
1984-08-31,1.730000
1984-09-04,1.740000
1984-09-05,1.840000
1984-09-06,1.770000
1984-09-07,1.710000
1984-09-10,1.780000
1984-09-11,1.720000
1984-09-12,1.720000
1984-09-13,1.690000
1984-09-14,1.630000
1984-09-17,1.590000
1984-09-18,1.610000
1984-09-19,1.560000
1984-09-20,1.620000
1984-09-21,1.780000
1984-09-24,1.800000
1984-09-25,1.850000
1984-09-26,1.820000
1984-09-27,1.740000
1984-09-28,1.840000
1984-10-01,1.890000
1984-10-02,1.870000
1984-10-03,1.950000
1984-10-04,1.950000
1984-10-05,1.840000
1984-10-09,1.850000
1984-10-10,1.880000
1984-10-11,1.950000
1984-10-12,1.980000
1984-10-15,1.950000
1984-10-16,1.970000
1984-10-17,2.020000
1984-10-18,1.990000
1984-10-19,2.000000
1984-10-22,1.980000
1984-10-23,1.960000
1984-10-24,2.230000
1984-10-25,2.300000
1984-10-26,2.280000
1984-10-29,2.300000
1984-10-30,2.210000
1984-10-31,2.440000
1984-11-01,2.300000
1984-11-02,2.320000
1984-11-05,2.610000
1984-11-07,2.860000
1984-11-08,2.730000
1984-11-09,2.770000
1984-11-13,2.740000
1984-11-14,2.730000
1984-11-15,2.750000
1984-11-16,2.790000
1984-11-19,2.680000
1984-11-20,2.600000
1984-11-21,2.540000
1984-11-23,2.490000
1984-11-26,2.490000
1984-11-27,2.600000
1984-11-28,2.700000
1984-11-29,2.770000
1984-11-30,2.840000
1984-12-03,2.850000
1984-12-04,2.720000
1984-12-05,2.740000
1984-12-06,2.830000
1984-12-07,3.060000
1984-12-10,3.010000
1984-12-11,2.940000
1984-12-12,2.980000
1984-12-13,3.120000
1984-12-14,3.170000
1984-12-17,3.250000
1984-12-18,3.210000
1984-12-19,3.370000
1984-12-20,3.300000
1984-12-21,3.310000
1984-12-24,3.410000
1984-12-26,3.560000
1984-12-27,3.520000
1984-12-28,3.460000
1984-12-31,3.430000
1985-01-02,3.600000
1985-01-03,3.550000
1985-01-04,3.590000
1985-01-07,3.440000
1985-01-08,3.390000
1985-01-09,3.520000
1985-01-10,3.480000
1985-01-11,3.570000
1985-01-14,3.640000
1985-01-15,3.500000
1985-01-16,3.510000
1985-01-17,3.480000
1985-01-18,3.390000
1985-01-22,3.310000
1985-01-23,3.310000
1985-01-24,3.180000
1985-01-25,3.220000
1985-01-28,3.130000
1985-01-29,3.020000
1985-01-30,2.980000
1985-01-31,2.840000
1985-02-01,2.820000
1985-02-04,2.880000
1985-02-05,2.870000
1985-02-06,2.990000
1985-02-07,2.950000
1985-02-08,2.860000
1985-02-11,2.920000
1985-02-13,2.860000
1985-02-14,2.810000
1985-02-15,2.910000
1985-02-19,2.910000
1985-02-20,2.990000
1985-02-21,2.910000
1985-02-22,3.080000
1985-02-25,3.060000
1985-02-26,3.070000
1985-02-27,3.140000
1985-02-28,3.100000
1985-03-01,2.880000
1985-03-04,2.880000
1985-03-05,2.860000
1985-03-06,2.910000
1985-03-07,2.820000
1985-03-08,2.820000
1985-03-11,2.930000
1985-03-12,2.930000
1985-03-13,2.990000
1985-03-14,2.870000
1985-03-15,3.220000
1985-03-18,3.190000
1985-03-19,3.130000
1985-03-20,3.070000
1985-03-21,3.070000
1985-03-22,3.060000
1985-03-25,3.120000
1985-03-26,3.130000
1985-03-27,3.210000
1985-03-28,3.260000
1985-03-29,3.180000
1985-04-01,3.220000
1985-04-02,3.190000
1985-04-03,3.280000
1985-04-04,3.340000
1985-04-08,3.360000
1985-04-09,3.290000
1985-04-10,3.200000
1985-04-11,3.100000
1985-04-12,3.100000
1985-04-15,3.020000
1985-04-16,3.050000
1985-04-17,3.230000
1985-04-18,3.160000
1985-04-19,3.100000
1985-04-22,3.200000
1985-04-23,3.200000
1985-04-24,3.240000
1985-04-25,3.270000
1985-04-26,3.270000
1985-04-29,3.360000
1985-04-30,3.290000
1985-05-01,3.260000
1985-05-02,3.260000
1985-05-03,3.220000
1985-05-06,3.190000
1985-05-07,3.140000
1985-05-08,3.170000
1985-05-09,3.190000
1985-05-10,3.040000
1985-05-13,3.070000
1985-05-14,3.010000
1985-05-15,3.210000
1985-05-16,3.200000
1985-05-17,3.200000
1985-05-20,3.060000
1985-05-21,3.060000
1985-05-22,3.090000
1985-05-23,3.150000
1985-05-24,3.150000
1985-05-28,2.980000
1985-05-29,2.980000
1985-05-30,2.970000
1985-05-31,2.900000
1985-06-03,2.810000
1985-06-04,2.870000
1985-06-05,2.690000
1985-06-06,2.680000
1985-06-07,2.800000
1985-06-10,2.670000
1985-06-11,2.700000
1985-06-12,2.840000
1985-06-13,3.010000
1985-06-14,3.070000
1985-06-17,2.980000
1985-06-18,3.030000
1985-06-19,3.090000
1985-06-20,3.080000
1985-06-21,3.070000
1985-06-24,3.160000
1985-06-25,3.180000
1985-06-26,3.330000
1985-06-27,3.260000
1985-06-28,3.200000
1985-07-01,3.100000
1985-07-02,3.030000
1985-07-03,2.990000
1985-07-05,2.940000
1985-07-08,2.910000
1985-07-09,2.870000
1985-07-10,2.910000
1985-07-11,2.930000
1985-07-12,2.910000
1985-07-15,2.940000
1985-07-16,2.920000
1985-07-17,2.910000
1985-07-18,2.910000
1985-07-19,2.920000
1985-07-22,2.970000
1985-07-23,2.970000
1985-07-24,3.030000
1985-07-25,3.110000
1985-07-26,3.160000
1985-07-29,3.170000
1985-07-30,3.140000
1985-07-31,3.050000
1985-08-01,2.990000
1985-08-02,3.110000
1985-08-05,3.120000
1985-08-06,3.150000
1985-08-07,3.140000
1985-08-08,3.020000
1985-08-09,2.970000
1985-08-12,3.050000
1985-08-13,3.090000
1985-08-14,3.060000
1985-08-15,2.930000
1985-08-16,2.920000
1985-08-19,2.870000
1985-08-20,2.850000
1985-08-21,2.850000
1985-08-22,2.830000
1985-08-23,2.870000
1985-08-26,2.880000
1985-08-27,2.840000
1985-08-28,2.870000
1985-08-29,2.840000
1985-08-30,2.900000
1985-09-03,2.890000
1985-09-04,2.880000
1985-09-05,2.910000
1985-09-06,3.000000
1985-09-09,2.990000
1985-09-10,3.010000
1985-09-11,3.030000
1985-09-12,3.040000
1985-09-13,2.950000
1985-09-16,2.950000
1985-09-17,2.970000
1985-09-18,3.090000
1985-09-19,3.110000
1985-09-20,3.120000
1985-09-23,3.270000
1985-09-24,3.270000
1985-09-25,3.180000
1985-09-26,3.060000
1985-09-30,3.040000
1985-10-01,3.030000
1985-10-02,3.050000
1985-10-03,3.100000
1985-10-04,3.140000
1985-10-07,3.100000
1985-10-08,2.970000
1985-10-09,2.950000
1985-10-10,2.890000
1985-10-11,2.910000
1985-10-15,2.820000
1985-10-16,2.800000
1985-10-17,2.780000
1985-10-18,2.730000
1985-10-21,2.720000
1985-10-22,2.730000
1985-10-23,2.680000
1985-10-24,2.650000
1985-10-25,2.730000
1985-10-28,2.810000
1985-10-29,2.660000
1985-10-30,2.550000
1985-10-31,2.590000
1985-11-01,2.540000
1985-11-04,2.500000
1985-11-05,2.450000
1985-11-06,2.440000
1985-11-07,2.370000
1985-11-08,2.380000
1985-11-12,2.280000
1985-11-13,2.260000
1985-11-14,2.280000
1985-11-15,2.330000
1985-11-18,2.240000
1985-11-19,2.280000
1985-11-20,2.230000
1985-11-21,2.110000
1985-11-22,2.190000
1985-11-25,2.240000
1985-11-26,2.250000
1985-11-27,2.230000
1985-11-29,2.200000
1985-12-02,2.190000
1985-12-03,2.210000
1985-12-04,2.170000
1985-12-05,2.120000
1985-12-06,2.170000
1985-12-09,2.050000
1985-12-10,1.950000
1985-12-11,1.920000
1985-12-12,1.960000
1985-12-13,2.010000
1985-12-16,1.910000
1985-12-17,1.810000
1985-12-18,1.750000
1985-12-19,1.770000
1985-12-20,1.770000
1985-12-23,1.780000
1985-12-24,1.790000
1985-12-26,1.810000
1985-12-27,1.810000
1985-12-30,1.840000
1985-12-31,1.720000
1986-01-02,1.710000
1986-01-03,1.760000
1986-01-06,1.780000
1986-01-07,1.680000
1986-01-08,1.730000
1986-01-09,1.860000
1986-01-10,1.950000
1986-01-13,2.010000
1986-01-14,1.950000
1986-01-15,1.890000
1986-01-16,1.990000
1986-01-17,1.910000
1986-01-21,1.970000
1986-01-22,2.050000
1986-01-23,2.040000
1986-01-24,2.040000
1986-01-27,1.950000
1986-01-28,1.910000
1986-01-29,1.830000
1986-01-30,1.830000
1986-01-31,1.890000
1986-02-03,1.800000
1986-02-04,1.760000
1986-02-05,1.730000
1986-02-06,1.700000
1986-02-07,1.670000
1986-02-10,1.570000
1986-02-11,1.590000
1986-02-12,1.570000
1986-02-13,1.520000
1986-02-14,1.440000
1986-02-18,1.400000
1986-02-19,1.390000
1986-02-20,1.330000
1986-02-21,1.280000
1986-02-24,1.150000
1986-02-25,1.120000
1986-02-26,1.060000
1986-02-27,0.890000
1986-02-28,0.890000
1986-03-03,0.800000
1986-03-04,0.870000
1986-03-05,1.050000
1986-03-06,1.140000
1986-03-07,1.150000
1986-03-10,0.950000
1986-03-11,0.930000
1986-03-12,0.850000
1986-03-13,0.950000
1986-03-14,0.980000
1986-03-17,1.000000
1986-03-18,1.090000
1986-03-19,1.130000
1986-03-20,1.140000
1986-03-21,1.190000
1986-03-24,1.090000
1986-03-25,1.130000
1986-03-26,1.030000
1986-03-27,0.960000
1986-03-31,0.860000
1986-04-01,0.850000
1986-04-02,0.800000
1986-04-03,0.890000
1986-04-04,1.040000
1986-04-07,1.000000
1986-04-08,1.000000
1986-04-09,1.080000
1986-04-10,1.030000
1986-04-11,1.160000
1986-04-14,1.100000
1986-04-15,1.240000
1986-04-16,1.040000
1986-04-17,1.020000
1986-04-18,1.050000
1986-04-21,1.000000
1986-04-22,1.130000
1986-04-23,1.090000
1986-04-24,1.220000
1986-04-25,1.260000
1986-04-28,1.190000
1986-04-29,1.110000
1986-04-30,1.100000
1986-05-01,1.160000
1986-05-02,1.180000
1986-05-05,1.210000
1986-05-06,1.230000
1986-05-07,1.210000
1986-05-08,1.180000
1986-05-09,1.250000
1986-05-12,1.350000
1986-05-13,1.360000
1986-05-14,1.390000
1986-05-15,1.440000
1986-05-16,1.590000
1986-05-19,1.590000
1986-05-20,1.460000
1986-05-21,1.510000
1986-05-22,1.490000
1986-05-23,1.480000
1986-05-27,1.380000
1986-05-28,1.350000
1986-05-29,1.500000
1986-05-30,1.560000
1986-06-02,1.760000
1986-06-03,1.580000
1986-06-04,1.670000
1986-06-05,1.600000
1986-06-06,1.440000
1986-06-09,1.570000
1986-06-10,1.600000
1986-06-11,1.480000
1986-06-12,1.510000
1986-06-13,1.370000
1986-06-16,1.320000
1986-06-17,1.360000
1986-06-18,1.300000
1986-06-19,1.400000
1986-06-20,1.320000
1986-06-23,1.250000
1986-06-24,1.210000
1986-06-25,1.160000
1986-06-26,1.160000
1986-06-27,1.180000
1986-06-30,1.220000
1986-07-01,1.200000
1986-07-02,1.190000
1986-07-03,1.230000
1986-07-07,1.270000
1986-07-08,1.330000
1986-07-09,1.260000
1986-07-10,1.290000
1986-07-11,1.380000
1986-07-14,1.310000
1986-07-15,1.220000
1986-07-16,1.260000
1986-07-17,1.260000
1986-07-18,1.280000
1986-07-21,1.250000
1986-07-22,1.310000
1986-07-23,1.310000
1986-07-24,1.370000
1986-07-25,1.350000
1986-07-28,1.460000
1986-07-29,1.380000
1986-07-30,1.390000
1986-07-31,1.380000
1986-08-01,1.400000
1986-08-04,1.450000
1986-08-05,1.520000
1986-08-06,1.590000
1986-08-07,1.560000
1986-08-08,1.440000
1986-08-11,1.410000
1986-08-12,1.460000
1986-08-13,1.420000
1986-08-14,1.410000
1986-08-15,1.430000
1986-08-18,1.370000
1986-08-19,1.300000
1986-08-20,1.340000
1986-08-21,1.440000
1986-08-22,1.560000
1986-08-25,1.630000
1986-08-26,1.530000
1986-08-27,1.590000
1986-08-28,1.600000
1986-08-29,1.640000
1986-09-02,1.700000
1986-09-03,1.820000
1986-09-04,1.820000
1986-09-05,1.950000
1986-09-08,1.990000
1986-09-09,2.010000
1986-09-10,2.050000
1986-09-11,2.220000
1986-09-12,2.320000
1986-09-15,2.210000
1986-09-16,2.260000
1986-09-17,2.200000
1986-09-18,2.250000
1986-09-19,2.270000
1986-09-22,2.220000
1986-09-23,2.180000
1986-09-24,2.100000
1986-09-25,2.100000
1986-09-26,2.090000
1986-09-29,2.130000
1986-09-30,2.110000
1986-10-01,2.080000
1986-10-02,2.120000
1986-10-03,2.080000
1986-10-06,2.090000
1986-10-07,2.080000
1986-10-08,2.130000
1986-10-09,2.130000
1986-10-10,2.160000
1986-10-14,2.210000
1986-10-15,2.190000
1986-10-16,2.190000
1986-10-17,2.150000
1986-10-20,2.190000
1986-10-21,2.110000
1986-10-22,2.040000
1986-10-23,2.020000
1986-10-24,2.050000
1986-10-27,2.080000
1986-10-28,2.110000
1986-10-29,2.070000
1986-10-30,1.990000
1986-10-31,2.000000
1986-11-03,1.930000
1986-11-04,1.910000
1986-11-05,1.840000
1986-11-06,1.910000
1986-11-07,1.930000
1986-11-10,1.800000
1986-11-12,1.800000
1986-11-13,1.780000
1986-11-14,1.740000
1986-11-17,1.660000
1986-11-18,1.770000
1986-11-19,1.710000
1986-11-20,1.660000
1986-11-21,1.660000
1986-11-24,1.580000
1986-11-25,1.610000
1986-11-26,1.610000
1986-11-28,1.610000
1986-12-01,1.610000
1986-12-02,1.520000
1986-12-03,1.500000
1986-12-04,1.460000
1986-12-05,1.530000
1986-12-08,1.440000
1986-12-09,1.440000
1986-12-10,1.410000
1986-12-11,1.480000
1986-12-12,1.490000
1986-12-15,1.490000
1986-12-16,1.380000
1986-12-17,1.320000
1986-12-18,1.350000
1986-12-19,1.440000
1986-12-22,1.410000
1986-12-23,1.370000
1986-12-24,1.340000
1986-12-26,1.360000
1986-12-29,1.340000
1986-12-30,1.380000
1986-12-31,1.400000
1987-01-02,1.480000
1987-01-05,1.370000
1987-01-06,1.410000
1987-01-07,1.470000
1987-01-08,1.460000
1987-01-09,1.480000
1987-01-12,1.530000
1987-01-13,1.590000
1987-01-14,1.610000
1987-01-15,1.570000
1987-01-16,1.560000
1987-01-20,1.560000
1987-01-21,1.550000
1987-01-22,1.500000
1987-01-23,1.510000
1987-01-26,1.530000
1987-01-27,1.520000
1987-01-28,1.510000
1987-01-29,1.500000
1987-01-30,1.420000
1987-02-02,1.460000
1987-02-03,1.500000
1987-02-04,1.440000
1987-02-05,1.450000
1987-02-06,1.370000
1987-02-09,1.370000
1987-02-10,1.340000
1987-02-11,1.340000
1987-02-12,1.430000
1987-02-13,1.470000
1987-02-17,1.450000
1987-02-18,1.540000
1987-02-19,1.630000
1987-02-20,1.660000
1987-02-23,1.640000
1987-02-24,1.590000
1987-02-25,1.610000
1987-02-26,1.610000
1987-02-27,1.590000
1987-03-02,1.540000
1987-03-03,1.500000
1987-03-04,1.460000
1987-03-05,1.470000
1987-03-06,1.410000
1987-03-09,1.410000
1987-03-10,1.370000
1987-03-11,1.370000
1987-03-12,1.370000
1987-03-13,1.400000
1987-03-16,1.390000
1987-03-17,1.460000
1987-03-18,1.520000
1987-03-19,1.540000
1987-03-20,1.530000
1987-03-23,1.450000
1987-03-24,1.480000
1987-03-25,1.520000
1987-03-26,1.500000
1987-03-27,1.520000
1987-03-30,1.690000
1987-03-31,1.720000
1987-04-01,1.880000
1987-04-02,1.910000
1987-04-03,1.920000
1987-04-06,1.890000
1987-04-07,1.940000
1987-04-08,1.940000
1987-04-09,1.850000
1987-04-10,1.940000
1987-04-13,1.850000
1987-04-14,2.170000
1987-04-15,2.240000
1987-04-16,2.300000
1987-04-20,2.460000
1987-04-21,2.520000
1987-04-22,2.650000
1987-04-23,2.730000
1987-04-24,2.530000
1987-04-27,2.390000
1987-04-28,2.270000
1987-04-29,2.460000
1987-04-30,2.510000
1987-05-01,2.610000
1987-05-04,2.650000
1987-05-05,2.460000
1987-05-06,2.870000
1987-05-07,2.800000
1987-05-08,2.720000
1987-05-11,2.730000
1987-05-12,2.770000
1987-05-13,2.850000
1987-05-14,2.660000
1987-05-15,2.650000
1987-05-18,2.640000
1987-05-19,2.930000
1987-05-20,3.050000
1987-05-21,3.160000
1987-05-22,3.040000
1987-05-26,2.720000
1987-05-27,2.660000
1987-05-28,2.740000
1987-05-29,2.620000
1987-06-01,2.530000
1987-06-02,2.780000
1987-06-03,2.770000
1987-06-04,2.740000
1987-06-05,2.630000
1987-06-08,2.680000
1987-06-09,2.880000
1987-06-10,2.910000
1987-06-11,2.800000
1987-06-12,2.590000
1987-06-15,2.430000
1987-06-16,2.470000
1987-06-17,2.400000
1987-06-18,2.440000
1987-06-19,2.460000
1987-06-22,2.370000
1987-06-23,2.330000
1987-06-24,2.290000
1987-06-25,2.220000
1987-06-26,2.400000
1987-06-29,2.460000
1987-06-30,2.470000
1987-07-01,2.540000
1987-07-02,2.460000
1987-07-06,2.440000
1987-07-07,2.500000
1987-07-08,2.580000
1987-07-09,2.590000
1987-07-10,2.560000
1987-07-13,2.600000
1987-07-14,2.610000
1987-07-15,2.680000
1987-07-16,2.660000
1987-07-17,2.630000
1987-07-20,2.690000
1987-07-21,2.620000
1987-07-22,2.690000
1987-07-23,2.690000
1987-07-24,2.620000
1987-07-27,2.570000
1987-07-28,2.530000
1987-07-29,2.500000
1987-07-30,2.340000
1987-07-31,2.390000
1987-08-03,2.560000
1987-08-04,2.770000
1987-08-05,2.670000
1987-08-06,2.800000
1987-08-07,2.660000
1987-08-10,2.630000
1987-08-11,2.600000
1987-08-12,2.580000
1987-08-13,2.480000
1987-08-14,2.430000
1987-08-17,2.390000
1987-08-18,2.520000
1987-08-19,2.530000
1987-08-20,2.430000
1987-08-21,2.470000
1987-08-24,2.400000
1987-08-25,2.350000
1987-08-26,2.330000
1987-08-27,2.420000
1987-08-28,2.500000
1987-08-31,2.550000
1987-09-01,2.730000
1987-09-02,2.990000
1987-09-03,2.900000
1987-09-04,2.710000
1987-09-08,2.840000
1987-09-09,2.830000
1987-09-10,2.880000
1987-09-11,2.770000
1987-09-14,2.780000
1987-09-15,2.890000
1987-09-16,2.970000
1987-09-17,2.890000
1987-09-18,2.750000
1987-09-21,2.710000
1987-09-22,2.640000
1987-09-23,2.690000
1987-09-24,2.840000
1987-09-25,2.770000
1987-09-28,2.710000
1987-09-29,2.720000
1987-09-30,2.800000
1987-10-01,2.800000
1987-10-02,2.710000
1987-10-05,2.770000
1987-10-06,2.950000
1987-10-07,2.930000
1987-10-08,2.930000
1987-10-09,2.940000
1987-10-13,2.870000
1987-10-14,2.680000
1987-10-15,2.850000
1987-10-16,3.040000
1987-10-19,3.480000
1987-10-20,3.350000
1987-10-21,3.520000
1987-10-22,3.440000
1987-10-23,3.510000
1987-10-26,3.360000
1987-10-27,3.530000
1987-10-28,3.760000
1987-10-29,3.700000
1987-10-30,3.430000
1987-11-02,3.130000
1987-11-03,3.100000
1987-11-04,3.140000
1987-11-05,2.960000
1987-11-06,2.840000
1987-11-09,2.860000
1987-11-10,2.940000
1987-11-12,2.780000
1987-11-13,2.730000
1987-11-16,2.720000
1987-11-17,2.790000
1987-11-18,2.900000
1987-11-19,2.980000
1987-11-20,2.870000
1987-11-23,2.800000
1987-11-24,2.940000
1987-11-25,3.100000
1987-11-27,3.290000
1987-11-30,3.570000
1987-12-01,3.290000
1987-12-02,3.350000
1987-12-03,3.420000
1987-12-04,3.330000
1987-12-07,3.020000
1987-12-08,3.040000
1987-12-09,3.030000
1987-12-10,3.120000
1987-12-11,3.230000
1987-12-14,3.150000
1987-12-15,2.970000
1987-12-16,2.870000
1987-12-17,2.910000
1987-12-18,2.830000
1987-12-21,2.780000
1987-12-22,2.830000
1987-12-23,2.870000
1987-12-24,2.900000
1987-12-28,3.000000
1987-12-29,2.820000
1987-12-30,2.890000
1987-12-31,2.970000
1988-01-04,2.740000
1988-01-05,2.640000
1988-01-06,2.790000
1988-01-07,2.870000
1988-01-08,2.910000
1988-01-11,3.030000
1988-01-12,2.940000
1988-01-13,2.900000
1988-01-14,2.790000
1988-01-15,2.530000
1988-01-19,2.470000
1988-01-20,2.620000
1988-01-21,2.530000
1988-01-22,2.490000
1988-01-25,2.410000
1988-01-26,2.530000
1988-01-27,2.460000
1988-01-28,2.470000
1988-01-29,2.440000
1988-02-01,2.400000
1988-02-02,2.290000
1988-02-03,2.320000
1988-02-04,2.410000
1988-02-05,2.310000
1988-02-08,2.360000
1988-02-09,2.380000
1988-02-10,2.320000
1988-02-11,2.350000
1988-02-12,2.350000
1988-02-16,2.360000
1988-02-17,2.400000
1988-02-18,2.410000
1988-02-19,2.400000
1988-02-22,2.390000
1988-02-23,2.360000
1988-02-24,2.380000
1988-02-25,2.420000
1988-02-26,2.420000
1988-02-29,2.360000
1988-03-01,2.370000
1988-03-02,2.360000
1988-03-03,2.360000
1988-03-04,2.400000
1988-03-07,2.400000
1988-03-08,2.420000
1988-03-09,2.430000
1988-03-10,2.430000
1988-03-11,2.390000
1988-03-14,2.420000
1988-03-15,2.530000
1988-03-16,2.590000
1988-03-17,2.540000
1988-03-18,2.590000
1988-03-21,2.560000
1988-03-22,2.510000
1988-03-23,2.470000
1988-03-24,2.550000
1988-03-25,2.600000
1988-03-28,2.660000
1988-03-29,2.650000
1988-03-30,2.650000
1988-03-31,2.700000
1988-04-04,2.640000
1988-04-05,2.490000
1988-04-06,2.380000
1988-04-07,2.370000
1988-04-08,2.320000
1988-04-11,2.360000
1988-04-12,2.470000
1988-04-13,2.530000
1988-04-14,2.770000
1988-04-15,2.690000
1988-04-18,2.770000
1988-04-19,2.830000
1988-04-20,2.820000
1988-04-21,2.820000
1988-04-22,2.780000
1988-04-25,2.740000
1988-04-26,2.730000
1988-04-27,2.760000
1988-04-28,2.730000
1988-04-29,2.710000
1988-05-02,2.650000
1988-05-03,2.580000
1988-05-04,2.580000
1988-05-05,2.550000
1988-05-06,2.530000
1988-05-09,2.510000
1988-05-10,2.540000
1988-05-11,2.600000
1988-05-12,2.640000
1988-05-13,2.630000
1988-05-16,2.610000
1988-05-17,2.630000
1988-05-18,2.790000
1988-05-19,2.840000
1988-05-20,2.780000
1988-05-23,2.760000
1988-05-24,2.720000
1988-05-25,2.680000
1988-05-26,2.590000
1988-05-27,2.590000
1988-05-31,2.530000
1988-06-01,2.360000
1988-06-02,2.430000
1988-06-03,2.310000
1988-06-06,2.290000
1988-06-07,2.390000
1988-06-08,2.330000
1988-06-09,2.320000
1988-06-10,2.270000
1988-06-13,2.260000
1988-06-14,2.150000
1988-06-15,2.180000
1988-06-16,2.400000
1988-06-17,2.450000
1988-06-20,2.420000
1988-06-21,2.270000
1988-06-22,2.180000
1988-06-23,2.150000
1988-06-24,2.130000
1988-06-27,2.160000
1988-06-28,2.060000
1988-06-29,2.100000
1988-06-30,2.050000
1988-07-01,2.010000
1988-07-05,2.050000
1988-07-06,2.180000
1988-07-07,2.190000
1988-07-08,2.160000
1988-07-11,2.180000
1988-07-12,2.140000
1988-07-13,2.190000
1988-07-14,2.170000
1988-07-15,2.140000
1988-07-18,2.250000
1988-07-19,2.200000
1988-07-20,2.190000
1988-07-21,2.160000
1988-07-22,2.150000
1988-07-25,2.030000
1988-07-26,1.980000
1988-07-27,1.910000
1988-07-28,1.940000
1988-07-29,1.940000
1988-08-01,1.920000
1988-08-02,1.880000
1988-08-03,1.920000
1988-08-04,1.930000
1988-08-05,1.970000
1988-08-08,2.030000
1988-08-09,1.910000
1988-08-10,2.090000
1988-08-11,2.110000
1988-08-12,2.110000
1988-08-15,2.120000
1988-08-16,2.060000
1988-08-17,2.120000
1988-08-18,2.090000
1988-08-19,2.050000
1988-08-22,2.040000
1988-08-23,1.930000
1988-08-24,1.920000
1988-08-25,1.920000
1988-08-26,1.810000
1988-08-29,1.730000
1988-08-30,1.730000
1988-08-31,1.710000
1988-09-01,1.730000
1988-09-02,1.550000
1988-09-06,1.480000
1988-09-07,1.420000
1988-09-08,1.430000
1988-09-09,1.410000
1988-09-12,1.490000
1988-09-13,1.540000
1988-09-14,1.490000
1988-09-15,1.510000
1988-09-16,1.550000
1988-09-19,1.590000
1988-09-20,1.530000
1988-09-21,1.510000
1988-09-22,1.520000
1988-09-23,1.500000
1988-09-26,1.450000
1988-09-27,1.470000
1988-09-28,1.480000
1988-09-29,1.450000
1988-09-30,1.380000
1988-10-03,1.340000
1988-10-04,1.400000
1988-10-05,1.410000
1988-10-06,1.320000
1988-10-07,1.190000
1988-10-11,1.200000
1988-10-12,1.320000
1988-10-13,1.260000
1988-10-14,1.250000
1988-10-17,1.210000
1988-10-18,1.180000
1988-10-19,1.140000
1988-10-20,1.090000
1988-10-21,1.140000
1988-10-24,1.060000
1988-10-25,1.140000
1988-10-26,1.130000
1988-10-27,1.090000
1988-10-28,1.070000
1988-10-31,1.030000
1988-11-01,1.100000
1988-11-02,1.120000
1988-11-03,1.040000
1988-11-04,1.150000
1988-11-07,1.160000
1988-11-08,1.060000
1988-11-09,1.090000
1988-11-10,1.000000
1988-11-14,0.850000
1988-11-15,0.690000
1988-11-16,0.780000
1988-11-17,0.860000
1988-11-18,0.840000
1988-11-21,0.770000
1988-11-22,0.810000
1988-11-23,0.790000
1988-11-25,0.860000
1988-11-28,0.890000
1988-11-29,0.860000
1988-11-30,0.960000
1988-12-01,0.890000
1988-12-02,0.840000
1988-12-05,0.830000
1988-12-06,0.720000
1988-12-07,0.730000
1988-12-08,0.760000
1988-12-09,0.930000
1988-12-12,0.890000
1988-12-13,0.770000
1988-12-14,0.780000
1988-12-15,0.710000
1988-12-16,0.730000
1988-12-19,0.670000
1988-12-20,0.610000
1988-12-21,0.690000
1988-12-22,0.740000
1988-12-23,0.730000
1988-12-27,0.680000
1988-12-28,0.660000
1988-12-29,0.770000
1988-12-30,0.770000
1989-01-03,0.800000
1989-01-04,0.680000
1989-01-05,0.710000
1989-01-06,0.670000
1989-01-09,0.650000
1989-01-10,0.640000
1989-01-11,0.710000
1989-01-12,0.590000
1989-01-13,0.570000
1989-01-17,0.520000
1989-01-18,0.440000
1989-01-19,0.480000
1989-01-20,0.510000
1989-01-23,0.440000
1989-01-24,0.430000
1989-01-25,0.400000
1989-01-26,0.350000
1989-01-27,0.330000
1989-01-30,0.420000
1989-01-31,0.320000
1989-02-01,0.320000
1989-02-02,0.300000
1989-02-03,0.230000
1989-02-06,0.180000
1989-02-07,0.120000
1989-02-08,0.110000
1989-02-09,0.350000
1989-02-10,0.340000
1989-02-13,0.340000
1989-02-14,0.360000
1989-02-15,0.420000
1989-02-16,0.400000
1989-02-17,0.420000
1989-02-21,0.450000
1989-02-22,0.450000
1989-02-23,0.440000
1989-02-24,0.420000
1989-02-27,0.370000
1989-02-28,0.290000
1989-03-01,0.380000
1989-03-02,0.330000
1989-03-03,0.370000
1989-03-06,0.370000
1989-03-07,0.330000
1989-03-08,0.310000
1989-03-09,0.260000
1989-03-10,0.280000
1989-03-13,0.260000
1989-03-14,0.300000
1989-03-15,0.320000
1989-03-16,0.280000
1989-03-17,0.310000
1989-03-20,0.200000
1989-03-21,0.100000
1989-03-22,0.100000
1989-03-23,0.060000
1989-03-27,-0.010000
1989-03-28,0.000000
1989-03-29,0.070000
1989-03-30,0.050000
1989-03-31,0.070000
1989-04-03,0.060000
1989-04-04,0.030000
1989-04-05,0.020000
1989-04-06,0.030000
1989-04-07,0.150000
1989-04-10,0.220000
1989-04-11,0.270000
1989-04-12,0.310000
1989-04-13,0.250000
1989-04-14,0.260000
1989-04-17,0.270000
1989-04-18,0.330000
1989-04-19,0.350000
1989-04-20,0.250000
1989-04-21,0.200000
1989-04-24,0.160000
1989-04-25,0.180000
1989-04-26,0.270000
1989-04-27,0.340000
1989-04-28,0.310000
1989-05-01,0.200000
1989-05-02,0.190000
1989-05-03,0.220000
1989-05-04,0.220000
1989-05-05,0.260000
1989-05-08,0.240000
1989-05-09,0.340000
1989-05-10,0.330000
1989-05-11,0.380000
1989-05-12,0.310000
1989-05-15,0.280000
1989-05-16,0.300000
1989-05-17,0.230000
1989-05-18,0.100000
1989-05-19,0.060000
1989-05-22,-0.040000
1989-05-23,0.030000
1989-05-24,-0.040000
1989-05-25,-0.180000
1989-05-26,-0.160000
1989-05-30,-0.240000
1989-05-31,-0.320000
1989-06-01,-0.310000
1989-06-02,-0.220000
1989-06-05,-0.180000
1989-06-06,-0.090000
1989-06-07,-0.160000
1989-06-08,-0.130000
1989-06-09,-0.350000
1989-06-12,-0.300000
1989-06-13,-0.200000
1989-06-14,-0.210000
1989-06-15,-0.040000
1989-06-16,-0.070000
1989-06-19,-0.050000
1989-06-20,-0.130000
1989-06-21,-0.050000
1989-06-22,-0.060000
1989-06-23,-0.080000
1989-06-26,-0.200000
1989-06-27,-0.220000
1989-06-28,-0.150000
1989-06-29,-0.100000
1989-06-30,-0.160000
1989-07-03,-0.140000
1989-07-05,0.060000
1989-07-06,0.050000
1989-07-07,0.040000
1989-07-10,-0.010000
1989-07-11,-0.030000
1989-07-12,0.010000
1989-07-13,-0.030000
1989-07-14,-0.060000
1989-07-17,-0.130000
1989-07-18,-0.050000
1989-07-19,-0.110000
1989-07-20,-0.230000
1989-07-21,-0.320000
1989-07-24,-0.320000
1989-07-25,-0.300000
1989-07-26,-0.280000
1989-07-27,-0.250000
1989-07-28,-0.250000
1989-07-31,-0.220000
1989-08-01,-0.150000
1989-08-02,-0.130000
1989-08-03,-0.100000
1989-08-04,-0.130000
1989-08-07,-0.180000
1989-08-08,-0.220000
1989-08-09,-0.130000
1989-08-10,-0.110000
1989-08-11,-0.130000
1989-08-14,-0.080000
1989-08-15,-0.100000
1989-08-16,-0.100000
1989-08-17,0.030000
1989-08-18,0.020000
1989-08-21,0.000000
1989-08-22,-0.040000
1989-08-23,-0.030000
1989-08-24,-0.040000
1989-08-25,-0.020000
1989-08-28,0.010000
1989-08-29,0.100000
1989-08-30,0.110000
1989-08-31,0.100000
1989-09-01,0.070000
1989-09-05,0.040000
1989-09-06,0.080000
1989-09-07,0.100000
1989-09-08,0.100000
1989-09-11,0.180000
1989-09-12,0.250000
1989-09-13,0.330000
1989-09-14,0.300000
1989-09-15,0.310000
1989-09-18,0.230000
1989-09-19,0.170000
1989-09-20,0.070000
1989-09-21,0.100000
1989-09-22,0.200000
1989-09-25,0.230000
1989-09-26,0.270000
1989-09-27,0.200000
1989-09-28,0.160000
1989-09-29,0.130000
1989-10-02,0.110000
1989-10-03,0.180000
1989-10-04,0.170000
1989-10-05,0.120000
1989-10-06,0.200000
1989-10-10,0.140000
1989-10-11,0.110000
1989-10-12,0.080000
1989-10-13,0.000000
1989-10-16,0.280000
1989-10-17,0.320000
1989-10-18,0.260000
1989-10-19,0.130000
1989-10-20,0.180000
1989-10-23,0.090000
1989-10-24,0.120000
1989-10-25,0.050000
1989-10-26,0.020000
1989-10-27,-0.080000
1989-10-30,-0.090000
1989-10-31,-0.120000
1989-11-01,-0.140000
1989-11-02,-0.120000
1989-11-03,-0.140000
1989-11-06,-0.130000
1989-11-07,-0.100000
1989-11-08,-0.070000
1989-11-09,-0.060000
1989-11-10,-0.050000
1989-11-13,-0.060000
1989-11-14,-0.050000
1989-11-15,-0.080000
1989-11-16,-0.100000
1989-11-17,-0.050000
1989-11-20,-0.070000
1989-11-21,-0.040000
1989-11-22,-0.030000
1989-11-24,0.040000
1989-11-27,-0.060000
1989-11-28,-0.110000
1989-11-29,-0.040000
1989-11-30,0.000000
1989-12-01,0.030000
1989-12-04,0.030000
1989-12-05,0.010000
1989-12-06,-0.050000
1989-12-07,-0.070000
1989-12-08,-0.040000
1989-12-11,-0.050000
1989-12-12,-0.080000
1989-12-13,-0.130000
1989-12-14,-0.090000
1989-12-15,-0.070000
1989-12-18,-0.080000
1989-12-19,-0.150000
1989-12-20,-0.050000
1989-12-21,-0.040000
1989-12-22,-0.020000
1989-12-26,-0.070000
1989-12-27,-0.050000
1989-12-28,-0.030000
1989-12-29,0.130000
1990-01-02,0.110000
1990-01-03,0.100000
1990-01-04,0.140000
1990-01-05,0.200000
1990-01-08,0.230000
1990-01-09,0.220000
1990-01-10,0.280000
1990-01-11,0.240000
1990-01-12,0.360000
1990-01-16,0.310000
1990-01-17,0.220000
1990-01-18,0.280000
1990-01-19,0.260000
1990-01-22,0.280000
1990-01-23,0.330000
1990-01-24,0.450000
1990-01-25,0.470000
1990-01-26,0.560000
1990-01-29,0.500000
1990-01-30,0.510000
1990-01-31,0.430000
1990-02-01,0.400000
1990-02-02,0.430000
1990-02-05,0.450000
1990-02-06,0.480000
1990-02-07,0.440000
1990-02-08,0.410000
1990-02-09,0.290000
1990-02-12,0.410000
1990-02-13,0.510000
1990-02-14,0.490000
1990-02-15,0.460000
1990-02-16,0.480000
1990-02-20,0.560000
1990-02-21,0.610000
1990-02-22,0.550000
1990-02-23,0.600000
1990-02-26,0.490000
1990-02-27,0.420000
1990-02-28,0.470000
1990-03-01,0.510000
1990-03-02,0.520000
1990-03-05,0.560000
1990-03-06,0.420000
1990-03-07,0.400000
1990-03-08,0.390000
1990-03-09,0.390000
1990-03-12,0.370000
1990-03-13,0.470000
1990-03-14,0.420000
1990-03-15,0.450000
1990-03-16,0.400000
1990-03-19,0.370000
1990-03-20,0.290000
1990-03-21,0.320000
1990-03-22,0.360000
1990-03-23,0.370000
1990-03-26,0.380000
1990-03-27,0.350000
1990-03-28,0.390000
1990-03-29,0.500000
1990-03-30,0.580000
1990-04-02,0.600000
1990-04-03,0.540000
1990-04-04,0.540000
1990-04-05,0.550000
1990-04-06,0.540000
1990-04-09,0.500000
1990-04-10,0.550000
1990-04-11,0.600000
1990-04-12,0.620000
1990-04-16,0.670000
1990-04-17,0.740000
1990-04-18,0.780000
1990-04-19,0.810000
1990-04-20,1.000000
1990-04-23,0.980000
1990-04-24,0.970000
1990-04-25,0.950000
1990-04-26,0.980000
1990-04-27,1.010000
1990-04-30,0.970000
1990-05-01,0.890000
1990-05-02,0.920000
1990-05-03,0.890000
1990-05-04,0.820000
1990-05-07,0.780000
1990-05-08,0.780000
1990-05-09,0.870000
1990-05-10,0.850000
1990-05-11,0.760000
1990-05-14,0.720000
1990-05-15,0.740000
1990-05-16,0.750000
1990-05-17,0.760000
1990-05-18,0.740000
1990-05-21,0.720000
1990-05-22,0.660000
1990-05-23,0.700000
1990-05-24,0.680000
1990-05-25,0.680000
1990-05-29,0.640000
1990-05-30,0.590000
1990-05-31,0.590000
1990-06-01,0.500000
1990-06-04,0.480000
1990-06-05,0.510000
1990-06-06,0.500000
1990-06-07,0.500000
1990-06-08,0.500000
1990-06-11,0.490000
1990-06-12,0.490000
1990-06-13,0.470000
1990-06-14,0.460000
1990-06-15,0.510000
1990-06-18,0.570000
1990-06-19,0.510000
1990-06-20,0.520000
1990-06-21,0.490000
1990-06-22,0.470000
1990-06-25,0.530000
1990-06-26,0.490000
1990-06-27,0.470000
1990-06-28,0.470000
1990-06-29,0.430000
1990-07-02,0.430000
1990-07-03,0.440000
1990-07-05,0.500000
1990-07-06,0.500000
1990-07-09,0.510000
1990-07-10,0.500000
1990-07-11,0.520000
1990-07-12,0.560000
1990-07-13,0.600000
1990-07-16,0.580000
1990-07-17,0.570000
1990-07-18,0.700000
1990-07-19,0.720000
1990-07-20,0.690000
1990-07-23,0.750000
1990-07-24,0.750000
1990-07-25,0.680000
1990-07-26,0.660000
1990-07-27,0.650000
1990-07-30,0.600000
1990-07-31,0.620000
1990-08-01,0.620000
1990-08-02,0.730000
1990-08-03,0.910000
1990-08-06,1.170000
1990-08-07,1.170000
1990-08-08,1.150000
1990-08-09,1.000000
1990-08-10,1.040000
1990-08-13,1.050000
1990-08-14,0.980000
1990-08-15,0.940000
1990-08-16,1.030000
1990-08-17,1.080000
1990-08-20,1.040000
1990-08-21,1.010000
1990-08-22,1.060000
1990-08-23,1.210000
1990-08-24,1.310000
1990-08-27,1.120000
1990-08-28,1.210000
1990-08-29,1.120000
1990-08-30,1.160000
1990-08-31,1.230000
1990-09-04,1.260000
1990-09-05,1.250000
1990-09-06,1.220000
1990-09-07,1.180000
1990-09-10,1.170000
1990-09-11,1.160000
1990-09-12,1.210000
1990-09-13,1.230000
1990-09-14,1.280000
1990-09-17,1.290000
1990-09-18,1.290000
1990-09-19,1.240000
1990-09-20,1.280000
1990-09-21,1.390000
1990-09-24,1.410000
1990-09-25,1.430000
1990-09-26,1.430000
1990-09-27,1.440000
1990-09-28,1.450000
1990-10-01,1.340000
1990-10-02,1.280000
1990-10-03,1.330000
1990-10-04,1.310000
1990-10-05,1.380000
1990-10-09,1.420000
1990-10-10,1.450000
1990-10-11,1.570000
1990-10-12,1.470000
1990-10-15,1.400000
1990-10-16,1.400000
1990-10-17,1.320000
1990-10-18,1.220000
1990-10-19,1.140000
1990-10-22,1.160000
1990-10-23,1.200000
1990-10-24,1.200000
1990-10-25,1.210000
1990-10-26,1.270000
1990-10-29,1.320000
1990-10-30,1.330000
1990-10-31,1.310000
1990-11-01,1.290000
1990-11-02,1.260000
1990-11-05,1.190000
1990-11-06,1.210000
1990-11-07,1.250000
1990-11-08,1.260000
1990-11-09,1.220000
1990-11-13,1.100000
1990-11-14,1.060000
1990-11-15,1.050000
1990-11-16,0.990000
1990-11-19,1.020000
1990-11-20,0.990000
1990-11-21,1.000000
1990-11-23,1.030000
1990-11-26,1.010000
1990-11-27,1.010000
1990-11-28,1.010000
1990-11-29,1.060000
1990-11-30,1.020000
1990-12-03,0.940000
1990-12-04,0.960000
1990-12-05,0.930000
1990-12-06,0.960000
1990-12-07,0.930000
1990-12-10,0.910000
1990-12-11,0.880000
1990-12-12,0.910000
1990-12-13,0.930000
1990-12-14,0.990000
1990-12-17,1.000000
1990-12-18,1.050000
1990-12-19,1.170000
1990-12-20,1.300000
1990-12-21,1.320000
1990-12-24,1.470000
1990-12-26,1.470000
1990-12-27,1.440000
1990-12-28,1.500000
1990-12-31,1.450000
1991-01-02,1.310000
1991-01-03,1.290000
1991-01-04,1.290000
1991-01-07,1.420000
1991-01-08,1.520000
1991-01-09,1.810000
1991-01-10,1.760000
1991-01-11,1.860000
1991-01-14,1.990000
1991-01-15,1.990000
1991-01-16,2.020000
1991-01-17,1.750000
1991-01-18,1.790000
1991-01-22,1.830000
1991-01-23,1.720000
1991-01-24,1.690000
1991-01-25,1.710000
1991-01-28,1.620000
1991-01-29,1.640000
1991-01-30,1.660000
1991-01-31,1.660000
1991-02-01,1.740000
1991-02-04,1.730000
1991-02-05,1.700000
1991-02-06,1.710000
1991-02-07,1.710000
1991-02-08,1.680000
1991-02-11,1.730000
1991-02-12,1.760000
1991-02-13,1.750000
1991-02-14,1.780000
1991-02-15,1.700000
1991-02-19,1.670000
1991-02-20,1.730000
1991-02-21,1.790000
1991-02-22,1.790000
1991-02-25,1.750000
1991-02-26,1.740000
1991-02-27,1.770000
1991-02-28,1.800000
1991-03-01,1.850000
1991-03-04,1.880000
1991-03-05,1.830000
1991-03-06,1.830000
1991-03-07,1.800000
1991-03-08,1.970000
1991-03-11,1.980000
1991-03-12,2.040000
1991-03-13,2.000000
1991-03-14,2.080000
1991-03-15,2.120000
1991-03-18,2.120000
1991-03-19,2.170000
1991-03-20,2.130000
1991-03-21,2.100000
1991-03-22,2.070000
1991-03-25,2.060000
1991-03-26,2.080000
1991-03-27,2.090000
1991-03-28,2.130000
1991-04-01,2.130000
1991-04-02,2.080000
1991-04-03,2.100000
1991-04-04,2.080000
1991-04-05,2.100000
1991-04-08,2.150000
1991-04-09,2.240000
1991-04-10,2.310000
1991-04-11,2.350000
1991-04-12,2.300000
1991-04-15,2.180000
1991-04-16,2.180000
1991-04-17,2.220000
1991-04-18,2.180000
1991-04-19,2.170000
1991-04-22,2.280000
1991-04-23,2.230000
1991-04-24,2.220000
1991-04-25,2.290000
1991-04-26,2.270000
1991-04-29,2.300000
1991-04-30,2.340000
1991-05-01,2.300000
1991-05-02,2.340000
1991-05-03,2.400000
1991-05-06,2.410000
1991-05-07,2.390000
1991-05-08,2.370000
1991-05-09,2.370000
1991-05-10,2.470000
1991-05-13,2.420000
1991-05-14,2.480000
1991-05-15,2.510000
1991-05-16,2.550000
1991-05-17,2.510000
1991-05-20,2.470000
1991-05-21,2.390000
1991-05-22,2.430000
1991-05-23,2.530000
1991-05-24,2.530000
1991-05-28,2.480000
1991-05-29,2.450000
1991-05-30,2.400000
1991-05-31,2.350000
1991-06-03,2.350000
1991-06-04,2.400000
1991-06-05,2.430000
1991-06-06,2.490000
1991-06-07,2.550000
1991-06-10,2.520000
1991-06-11,2.550000
1991-06-12,2.630000
1991-06-13,2.580000
1991-06-14,2.520000
1991-06-17,2.520000
1991-06-18,2.520000
1991-06-19,2.590000
1991-06-20,2.560000
1991-06-21,2.570000
1991-06-24,2.580000
1991-06-25,2.580000
1991-06-26,2.600000
1991-06-27,2.590000
1991-06-28,2.530000
1991-07-01,2.500000
1991-07-02,2.520000
1991-07-03,2.530000
1991-07-05,2.580000
1991-07-08,2.590000
1991-07-09,2.600000
1991-07-10,2.600000
1991-07-11,2.560000
1991-07-12,2.540000
1991-07-15,2.510000
1991-07-16,2.510000
1991-07-17,2.510000
1991-07-18,2.540000
1991-07-19,2.520000
1991-07-22,2.520000
1991-07-23,2.550000
1991-07-24,2.490000
1991-07-25,2.440000
1991-07-26,2.440000
1991-07-29,2.450000
1991-07-30,2.480000
1991-07-31,2.500000
1991-08-01,2.480000
1991-08-02,2.430000
1991-08-05,2.360000
1991-08-06,2.390000
1991-08-07,2.380000
1991-08-08,2.440000
1991-08-09,2.500000
1991-08-12,2.470000
1991-08-13,2.460000
1991-08-14,2.370000
1991-08-15,2.380000
1991-08-16,2.420000
1991-08-19,2.560000
1991-08-20,2.550000
1991-08-21,2.360000
1991-08-22,2.310000
1991-08-23,2.320000
1991-08-26,2.330000
1991-08-27,2.340000
1991-08-28,2.360000
1991-08-29,2.310000
1991-08-30,2.330000
1991-09-03,2.300000
1991-09-04,2.320000
1991-09-05,2.350000
1991-09-06,2.310000
1991-09-09,2.290000
1991-09-10,2.330000
1991-09-11,2.320000
1991-09-12,2.290000
1991-09-13,2.350000
1991-09-16,2.290000
1991-09-17,2.270000
1991-09-18,2.280000
1991-09-19,2.250000
1991-09-20,2.220000
1991-09-23,2.180000
1991-09-24,2.230000
1991-09-25,2.250000
1991-09-26,2.280000
1991-09-27,2.210000
1991-09-30,2.210000
1991-10-01,2.200000
1991-10-02,2.230000
1991-10-03,2.280000
1991-10-04,2.220000
1991-10-07,2.220000
1991-10-08,2.260000
1991-10-09,2.350000
1991-10-10,2.400000
1991-10-11,2.350000
1991-10-15,2.330000
1991-10-16,2.330000
1991-10-17,2.370000
1991-10-18,2.350000
1991-10-21,2.430000
1991-10-22,2.460000
1991-10-23,2.500000
1991-10-24,2.530000
1991-10-25,2.570000
1991-10-28,2.560000
1991-10-29,2.480000
1991-10-30,2.500000
1991-10-31,2.510000
1991-11-01,2.590000
1991-11-04,2.620000
1991-11-05,2.660000
1991-11-06,2.750000
1991-11-07,2.670000
1991-11-08,2.660000
1991-11-12,2.600000
1991-11-13,2.650000
1991-11-14,2.590000
1991-11-15,2.610000
1991-11-18,2.620000
1991-11-19,2.710000
1991-11-20,2.760000
1991-11-21,2.830000
1991-11-22,2.890000
1991-11-25,2.900000
1991-11-26,2.900000
1991-11-27,2.910000
1991-11-29,2.910000
1991-12-02,2.810000
1991-12-03,2.800000
1991-12-04,2.740000
1991-12-05,2.780000
1991-12-06,2.900000
1991-12-09,2.940000
1991-12-10,2.890000
1991-12-11,2.960000
1991-12-12,2.930000
1991-12-13,2.960000
1991-12-16,2.960000
1991-12-17,2.960000
1991-12-18,2.960000
1991-12-19,2.960000
1991-12-20,3.130000
1991-12-23,3.010000
1991-12-24,2.970000
1991-12-26,2.930000
1991-12-27,2.860000
1991-12-30,2.790000
1991-12-31,2.750000
1992-01-02,2.820000
1992-01-03,2.900000
1992-01-06,2.900000
1992-01-07,2.910000
1992-01-08,2.950000
1992-01-09,2.920000
1992-01-10,2.930000
1992-01-13,3.000000
1992-01-14,3.110000
1992-01-15,3.110000
1992-01-16,3.240000
1992-01-17,3.200000
1992-01-21,3.170000
1992-01-22,3.240000
1992-01-23,3.330000
1992-01-24,3.340000
1992-01-27,3.310000
1992-01-28,3.230000
1992-01-29,3.290000
1992-01-30,3.380000
1992-01-31,3.370000
1992-02-03,3.400000
1992-02-04,3.350000
1992-02-05,3.270000
1992-02-06,3.290000
1992-02-07,3.360000
1992-02-10,3.380000
1992-02-11,3.380000
1992-02-12,3.450000
1992-02-13,3.510000
1992-02-14,3.520000
1992-02-18,3.540000
1992-02-19,3.470000
1992-02-20,3.430000
1992-02-21,3.420000
1992-02-24,3.400000
1992-02-25,3.370000
1992-02-26,3.280000
1992-02-27,3.310000
1992-02-28,3.240000
1992-03-02,3.240000
1992-03-03,3.290000
1992-03-04,3.300000
1992-03-05,3.370000
1992-03-06,3.340000
1992-03-09,3.320000
1992-03-10,3.320000
1992-03-11,3.400000
1992-03-12,3.500000
1992-03-13,3.550000
1992-03-16,3.510000
1992-03-17,3.460000
1992-03-18,3.470000
1992-03-19,3.420000
1992-03-20,3.480000
1992-03-23,3.450000
1992-03-24,3.380000
1992-03-25,3.420000
1992-03-26,3.460000
1992-03-27,3.430000
1992-03-30,3.380000
1992-03-31,3.390000
1992-04-01,3.350000
1992-04-02,3.350000
1992-04-03,3.360000
1992-04-06,3.380000
1992-04-07,3.450000
1992-04-08,3.480000
1992-04-09,3.600000
1992-04-10,3.630000
1992-04-13,3.630000
1992-04-14,3.650000
1992-04-15,3.670000
1992-04-16,3.720000
1992-04-20,3.800000
1992-04-21,3.810000
1992-04-22,3.800000
1992-04-23,3.830000
1992-04-24,3.790000
1992-04-27,3.780000
1992-04-28,3.770000
1992-04-29,3.800000
1992-04-30,3.820000
1992-05-01,3.840000
1992-05-04,3.870000
1992-05-05,3.840000
1992-05-06,3.760000
1992-05-07,3.780000
1992-05-08,3.690000
1992-05-11,3.660000
1992-05-12,3.660000
1992-05-13,3.670000
1992-05-14,3.690000
1992-05-15,3.620000
1992-05-18,3.590000
1992-05-19,3.580000
1992-05-20,3.600000
1992-05-21,3.630000
1992-05-22,3.580000
1992-05-26,3.620000
1992-05-27,3.650000
1992-05-28,3.590000
1992-05-29,3.540000
1992-06-01,3.570000
1992-06-02,3.520000
1992-06-03,3.540000
1992-06-04,3.560000
1992-06-05,3.540000
1992-06-08,3.530000
1992-06-09,3.560000
1992-06-10,3.580000
1992-06-11,3.580000
1992-06-12,3.540000
1992-06-15,3.530000
1992-06-16,3.520000
1992-06-17,3.530000
1992-06-18,3.500000
1992-06-19,3.500000
1992-06-22,3.490000
1992-06-23,3.480000
1992-06-24,3.480000
1992-06-25,3.430000
1992-06-26,3.440000
1992-06-29,3.460000
1992-06-30,3.490000
1992-07-01,3.470000
1992-07-02,3.620000
1992-07-06,3.610000
1992-07-07,3.590000
1992-07-08,3.620000
1992-07-09,3.630000
1992-07-10,3.640000
1992-07-13,3.680000
1992-07-14,3.690000
1992-07-15,3.650000
1992-07-16,3.630000
1992-07-17,3.670000
1992-07-20,3.640000
1992-07-21,3.630000
1992-07-22,3.610000
1992-07-23,3.490000
1992-07-24,3.500000
1992-07-27,3.430000
1992-07-28,3.370000
1992-07-29,3.350000
1992-07-30,3.440000
1992-07-31,3.470000
1992-08-03,3.470000
1992-08-04,3.420000
1992-08-05,3.400000
1992-08-06,3.420000
1992-08-07,3.360000
1992-08-10,3.320000
1992-08-11,3.300000
1992-08-12,3.290000
1992-08-13,3.390000
1992-08-14,3.400000
1992-08-17,3.400000
1992-08-18,3.340000
1992-08-19,3.320000
1992-08-20,3.310000
1992-08-21,3.390000
1992-08-24,3.450000
1992-08-25,3.490000
1992-08-26,3.450000
1992-08-27,3.410000
1992-08-28,3.400000
1992-08-31,3.390000
1992-09-01,3.340000
1992-09-02,3.330000
1992-09-03,3.330000
1992-09-04,3.420000
1992-09-08,3.330000
1992-09-09,3.340000
1992-09-10,3.340000
1992-09-11,3.390000
1992-09-14,3.370000
1992-09-15,3.420000
1992-09-16,3.450000
1992-09-17,3.460000
1992-09-18,3.470000
1992-09-21,3.450000
1992-09-22,3.520000
1992-09-23,3.560000
1992-09-24,3.530000
1992-09-25,3.550000
1992-09-28,3.580000
1992-09-29,3.580000
1992-09-30,3.620000
1992-10-01,3.560000
1992-10-02,3.570000
1992-10-05,3.490000
1992-10-06,3.510000
1992-10-07,3.570000
1992-10-08,3.560000
1992-10-09,3.630000
1992-10-13,3.560000
1992-10-14,3.520000
1992-10-15,3.550000
1992-10-16,3.630000
1992-10-19,3.650000
1992-10-20,3.770000
1992-10-21,3.810000
1992-10-22,3.760000
1992-10-23,3.830000
1992-10-26,3.810000
1992-10-27,3.780000
1992-10-28,3.760000
1992-10-29,3.690000
1992-10-30,3.770000
1992-11-02,3.800000
1992-11-03,3.770000
1992-11-04,3.800000
1992-11-05,3.790000
1992-11-06,3.840000
1992-11-09,3.830000
1992-11-10,3.760000
1992-11-12,3.660000
1992-11-13,3.670000
1992-11-16,3.680000
1992-11-17,3.620000
1992-11-18,3.560000
1992-11-19,3.590000
1992-11-20,3.560000
1992-11-23,3.520000
1992-11-24,3.530000
1992-11-25,3.530000
1992-11-27,3.600000
1992-11-30,3.570000
1992-12-01,3.540000
1992-12-02,3.510000
1992-12-03,3.540000
1992-12-04,3.520000
1992-12-07,3.430000
1992-12-08,3.400000
1992-12-09,3.460000
1992-12-10,3.480000
1992-12-11,3.480000
1992-12-14,3.500000
1992-12-15,3.540000
1992-12-16,3.490000
1992-12-17,3.500000
1992-12-18,3.530000
1992-12-21,3.460000
1992-12-22,3.380000
1992-12-23,3.430000
1992-12-24,3.460000
1992-12-28,3.420000
1992-12-29,3.420000
1992-12-30,3.490000
1992-12-31,3.550000
1993-01-04,3.410000
1993-01-05,3.430000
1993-01-06,3.460000
1993-01-07,3.570000
1993-01-08,3.620000
1993-01-11,3.590000
1993-01-12,3.630000
1993-01-13,3.650000
1993-01-14,3.610000
1993-01-15,3.600000
1993-01-19,3.490000
1993-01-20,3.530000
1993-01-21,3.550000
1993-01-22,3.540000
1993-01-25,3.460000
1993-01-26,3.490000
1993-01-27,3.510000
1993-01-28,3.480000
1993-01-29,3.430000
1993-02-01,3.370000
1993-02-02,3.440000
1993-02-03,3.460000
1993-02-04,3.430000
1993-02-05,3.360000
1993-02-08,3.370000
1993-02-09,3.420000
1993-02-10,3.400000
1993-02-11,3.390000
1993-02-12,3.360000
1993-02-16,3.340000
1993-02-17,3.310000
1993-02-18,3.220000
1993-02-19,3.160000
1993-02-22,3.080000
1993-02-23,2.920000
1993-02-24,2.990000
1993-02-25,3.020000
1993-02-26,3.020000
1993-03-01,2.910000
1993-03-02,2.920000
1993-03-03,2.880000
1993-03-04,2.860000
1993-03-05,2.830000
1993-03-08,2.800000
1993-03-09,2.860000
1993-03-10,2.930000
1993-03-11,2.930000
1993-03-12,3.070000
1993-03-15,3.110000
1993-03-16,3.020000
1993-03-17,2.980000
1993-03-18,2.920000
1993-03-19,2.920000
1993-03-22,2.970000
1993-03-23,2.930000
1993-03-24,2.970000
1993-03-25,3.010000
1993-03-26,3.090000
1993-03-29,3.060000
1993-03-30,3.050000
1993-03-31,3.080000
1993-04-01,3.100000
1993-04-02,3.190000
1993-04-05,3.160000
1993-04-06,3.100000
1993-04-07,3.090000
1993-04-08,3.010000
1993-04-12,2.980000
1993-04-13,3.020000
1993-04-14,3.020000
1993-04-15,2.980000
1993-04-16,2.990000
1993-04-19,3.000000
1993-04-20,3.020000
1993-04-21,3.000000
1993-04-22,2.970000
1993-04-23,2.990000
1993-04-26,2.990000
1993-04-27,3.050000
1993-04-28,3.050000
1993-04-29,3.030000
1993-04-30,3.080000
1993-05-03,3.030000
1993-05-04,2.990000
1993-05-05,2.980000
1993-05-06,2.970000
1993-05-07,2.990000
1993-05-10,2.940000
1993-05-11,2.940000
1993-05-12,3.000000
1993-05-13,3.030000
1993-05-14,3.000000
1993-05-17,2.990000
1993-05-18,3.070000
1993-05-19,3.080000
1993-05-20,3.060000
1993-05-21,3.090000
1993-05-24,3.010000
1993-05-25,3.030000
1993-05-26,3.000000
1993-05-27,2.980000
1993-05-28,3.030000
1993-06-01,2.930000
1993-06-02,2.920000
1993-06-03,2.920000
1993-06-04,2.930000
1993-06-07,2.880000
1993-06-08,2.890000
1993-06-09,2.890000
1993-06-10,2.890000
1993-06-11,2.850000
1993-06-14,2.840000
1993-06-15,2.840000
1993-06-16,2.850000
1993-06-17,2.830000
1993-06-18,2.840000
1993-06-21,2.750000
1993-06-22,2.750000
1993-06-23,2.720000
1993-06-24,2.710000
1993-06-25,2.690000
1993-06-28,2.690000
1993-06-29,2.690000
1993-06-30,2.700000
1993-07-01,2.740000
1993-07-02,2.740000
1993-07-06,2.680000
1993-07-07,2.690000
1993-07-08,2.690000
1993-07-09,2.670000
1993-07-12,2.650000
1993-07-13,2.670000
1993-07-14,2.640000
1993-07-15,2.640000
1993-07-16,2.630000
1993-07-19,2.590000
1993-07-20,2.620000
1993-07-21,2.690000
1993-07-22,2.740000
1993-07-23,2.790000
1993-07-26,2.760000
1993-07-27,2.750000
1993-07-28,2.750000
1993-07-29,2.720000
1993-07-30,2.730000
1993-08-02,2.680000
1993-08-03,2.680000
1993-08-04,2.720000
1993-08-05,2.740000
1993-08-06,2.750000
1993-08-09,2.710000
1993-08-10,2.720000
1993-08-11,2.660000
1993-08-12,2.690000
1993-08-13,2.630000
1993-08-16,2.580000
1993-08-17,2.620000
1993-08-18,2.640000
1993-08-19,2.590000
1993-08-20,2.550000
1993-08-23,2.520000
1993-08-24,2.490000
1993-08-25,2.470000
1993-08-26,2.360000
1993-08-27,2.390000
1993-08-30,2.360000
1993-08-31,2.370000
1993-09-01,2.380000
1993-09-02,2.360000
1993-09-03,2.310000
1993-09-07,2.220000
1993-09-08,2.210000
1993-09-09,2.310000
1993-09-10,2.270000
1993-09-13,2.220000
1993-09-14,2.320000
1993-09-15,2.370000
1993-09-16,2.360000
1993-09-17,2.370000
1993-09-20,2.420000
1993-09-21,2.490000
1993-09-22,2.470000
1993-09-23,2.430000
1993-09-24,2.430000
1993-09-27,2.340000
1993-09-28,2.320000
1993-09-29,2.360000
1993-09-30,2.420000
1993-10-01,2.360000
1993-10-04,2.320000
1993-10-05,2.290000
1993-10-06,2.310000
1993-10-07,2.280000
1993-10-08,2.210000
1993-10-12,2.150000
1993-10-13,2.170000
1993-10-14,2.150000
1993-10-15,2.110000
1993-10-18,2.140000
1993-10-19,2.140000
1993-10-20,2.150000
1993-10-21,2.230000
1993-10-22,2.310000
1993-10-25,2.330000
1993-10-26,2.270000
1993-10-27,2.290000
1993-10-28,2.300000
1993-10-29,2.330000
1993-11-01,2.380000
1993-11-02,2.440000
1993-11-03,2.510000
1993-11-04,2.520000
1993-11-05,2.620000
1993-11-08,2.530000
1993-11-09,2.460000
1993-11-10,2.530000
1993-11-12,2.480000
1993-11-15,2.510000
1993-11-16,2.500000
1993-11-17,2.490000
1993-11-18,2.540000
1993-11-19,2.640000
1993-11-22,2.680000
1993-11-23,2.630000
1993-11-24,2.650000
1993-11-26,2.600000
1993-11-29,2.560000
1993-11-30,2.620000
1993-12-01,2.630000
1993-12-02,2.630000
1993-12-03,2.620000
1993-12-06,2.540000
1993-12-07,2.550000
1993-12-08,2.560000
1993-12-09,2.550000
1993-12-10,2.610000
1993-12-13,2.660000
1993-12-14,2.710000
1993-12-15,2.730000
1993-12-16,2.740000
1993-12-17,2.720000
1993-12-20,2.680000
1993-12-21,2.710000
1993-12-22,2.610000
1993-12-23,2.590000
1993-12-27,2.590000
1993-12-28,2.590000
1993-12-29,2.660000
1993-12-30,2.780000
1993-12-31,2.760000
1994-01-03,2.760000
1994-01-04,2.730000
1994-01-05,2.760000
1994-01-06,2.720000
1994-01-07,2.630000
1994-01-10,2.610000
1994-01-11,2.630000
1994-01-12,2.580000
1994-01-13,2.700000
1994-01-14,2.750000
1994-01-18,2.700000
1994-01-19,2.730000
1994-01-20,2.700000
1994-01-21,2.720000
1994-01-24,2.730000
1994-01-25,2.790000
1994-01-26,2.790000
1994-01-27,2.750000
1994-01-28,2.690000
1994-01-31,2.650000
1994-02-01,2.670000
1994-02-02,2.640000
1994-02-03,2.610000
1994-02-04,2.640000
1994-02-07,2.650000
1994-02-08,2.690000
1994-02-09,2.600000
1994-02-10,2.580000
1994-02-11,2.550000
1994-02-14,2.560000
1994-02-15,2.540000
1994-02-16,2.550000
1994-02-17,2.650000
1994-02-18,2.730000
1994-02-22,2.650000
1994-02-23,2.670000
1994-02-24,2.780000
1994-02-25,2.770000
1994-02-28,2.680000
1994-03-01,2.700000
1994-03-02,2.750000
1994-03-03,2.790000
1994-03-04,2.760000
1994-03-07,2.710000
1994-03-08,2.750000
1994-03-09,2.770000
1994-03-10,2.910000
1994-03-11,2.880000
1994-03-14,2.840000
1994-03-15,2.810000
1994-03-16,2.790000
1994-03-17,2.850000
1994-03-18,2.920000
1994-03-21,2.850000
1994-03-22,2.840000
1994-03-23,2.900000
1994-03-24,3.050000
1994-03-25,3.040000
1994-03-28,3.060000
1994-03-29,3.120000
1994-03-30,3.210000
1994-03-31,3.210000
1994-04-04,3.340000
1994-04-05,3.220000
1994-04-06,3.260000
1994-04-07,3.250000
1994-04-08,3.290000
1994-04-11,3.240000
1994-04-12,3.230000
1994-04-13,3.290000
1994-04-14,3.310000
1994-04-15,3.290000
1994-04-18,3.300000
1994-04-19,3.270000
1994-04-20,3.220000
1994-04-21,3.080000
1994-04-22,3.090000
1994-04-25,2.920000
1994-04-26,2.890000
1994-04-28,3.060000
1994-04-29,3.090000
1994-05-02,2.990000
1994-05-03,3.010000
1994-05-04,2.990000
1994-05-05,2.980000
1994-05-06,3.050000
1994-05-09,3.050000
1994-05-10,2.980000
1994-05-11,3.080000
1994-05-12,3.120000
1994-05-13,3.050000
1994-05-16,2.930000
1994-05-17,2.730000
1994-05-18,2.740000
1994-05-19,2.720000
1994-05-20,2.760000
1994-05-23,2.840000
1994-05-24,2.850000
1994-05-25,2.860000
1994-05-26,2.820000
1994-05-27,2.820000
1994-05-31,2.860000
1994-06-01,2.840000
1994-06-02,2.830000
1994-06-03,2.750000
1994-06-06,2.660000
1994-06-07,2.730000
1994-06-08,2.750000
1994-06-09,2.750000
1994-06-10,2.810000
1994-06-13,2.830000
1994-06-14,2.790000
1994-06-15,2.870000
1994-06-16,2.850000
1994-06-17,2.910000
1994-06-20,2.880000
1994-06-21,2.920000
1994-06-22,2.850000
1994-06-23,2.840000
1994-06-24,2.940000
1994-06-27,2.900000
1994-06-28,2.980000
1994-06-29,2.990000
1994-06-30,3.080000
1994-07-01,3.020000
1994-07-05,2.890000
1994-07-06,2.930000
1994-07-07,2.940000
1994-07-08,2.930000
1994-07-11,2.860000
1994-07-12,2.870000
1994-07-13,2.890000
1994-07-14,2.840000
1994-07-15,2.870000
1994-07-18,2.800000
1994-07-19,2.780000
1994-07-20,2.840000
1994-07-21,2.830000
1994-07-22,2.790000
1994-07-25,2.740000
1994-07-26,2.760000
1994-07-27,2.770000
1994-07-28,2.750000
1994-07-29,2.730000
1994-08-01,2.680000
1994-08-02,2.670000
1994-08-03,2.650000
1994-08-04,2.690000
1994-08-05,2.690000
1994-08-08,2.690000
1994-08-09,2.770000
1994-08-10,2.810000
1994-08-11,2.900000
1994-08-12,2.760000
1994-08-15,2.580000
1994-08-16,2.450000
1994-08-17,2.460000
1994-08-18,2.570000
1994-08-19,2.580000
1994-08-22,2.580000
1994-08-23,2.590000
1994-08-24,2.560000
1994-08-25,2.610000
1994-08-26,2.560000
1994-08-29,2.510000
1994-08-30,2.490000
1994-08-31,2.510000
1994-09-01,2.520000
1994-09-02,2.540000
1994-09-06,2.580000
1994-09-07,2.630000
1994-09-08,2.630000
1994-09-09,2.740000
1994-09-12,2.710000
1994-09-13,2.720000
1994-09-14,2.710000
1994-09-15,2.650000
1994-09-16,2.790000
1994-09-19,2.770000
1994-09-20,2.790000
1994-09-21,2.640000
1994-09-22,2.640000
1994-09-23,2.660000
1994-09-26,2.650000
1994-09-27,2.780000
1994-09-28,2.910000
1994-09-29,2.940000
1994-09-30,2.820000
1994-10-03,2.610000
1994-10-04,2.610000
1994-10-05,2.680000
1994-10-06,2.670000
1994-10-07,2.680000
1994-10-11,2.590000
1994-10-12,2.570000
1994-10-13,2.590000
1994-10-14,2.610000
1994-10-17,2.580000
1994-10-18,2.600000
1994-10-19,2.630000
1994-10-20,2.660000
1994-10-21,2.660000
1994-10-24,2.640000
1994-10-25,2.680000
1994-10-26,2.750000
1994-10-27,2.760000
1994-10-28,2.660000
1994-10-31,2.610000
1994-11-01,2.690000
1994-11-02,2.730000
1994-11-03,2.710000
1994-11-04,2.710000
1994-11-07,2.630000
1994-11-08,2.640000
1994-11-09,2.600000
1994-11-10,2.600000
1994-11-14,2.480000
1994-11-15,2.390000
1994-11-16,2.450000
1994-11-17,2.520000
1994-11-18,2.510000
1994-11-21,2.500000
1994-11-22,2.510000
1994-11-23,2.370000
1994-11-25,2.350000
1994-11-28,2.280000
1994-11-29,2.260000
1994-11-30,2.190000
1994-12-01,2.210000
1994-12-02,2.020000
1994-12-05,1.800000
1994-12-06,1.790000
1994-12-07,1.990000
1994-12-08,1.960000
1994-12-09,1.970000
1994-12-12,1.920000
1994-12-13,1.880000
1994-12-14,1.960000
1994-12-15,2.090000
1994-12-16,2.100000
1994-12-19,2.060000
1994-12-20,2.180000
1994-12-21,2.240000
1994-12-22,2.230000
1994-12-23,2.170000
1994-12-27,2.020000
1994-12-28,2.120000
1994-12-29,2.160000
1994-12-30,2.160000
1995-01-03,1.930000
1995-01-04,1.970000
1995-01-05,2.000000
1995-01-06,1.970000
1995-01-09,1.890000
1995-01-10,1.930000
1995-01-11,2.000000
1995-01-12,2.020000
1995-01-13,1.970000
1995-01-17,1.810000
1995-01-18,1.840000
1995-01-19,1.870000
1995-01-20,1.910000
1995-01-23,1.860000
1995-01-24,1.880000
1995-01-25,1.860000
1995-01-26,1.820000
1995-01-27,1.740000
1995-01-30,1.690000
1995-01-31,1.600000
1995-02-01,1.590000
1995-02-02,1.660000
1995-02-03,1.530000
1995-02-06,1.550000
1995-02-07,1.540000
1995-02-08,1.590000
1995-02-09,1.630000
1995-02-10,1.650000
1995-02-13,1.630000
1995-02-14,1.550000
1995-02-15,1.510000
1995-02-16,1.550000
1995-02-17,1.570000
1995-02-21,1.520000
1995-02-22,1.490000
1995-02-23,1.460000
1995-02-24,1.450000
1995-02-27,1.320000
1995-02-28,1.280000
1995-03-01,1.290000
1995-03-02,1.370000
1995-03-03,1.450000
1995-03-06,1.470000
1995-03-07,1.480000
1995-03-08,1.410000
1995-03-09,1.390000
1995-03-10,1.270000
1995-03-13,1.250000
1995-03-14,1.160000
1995-03-15,1.170000
1995-03-16,1.130000
1995-03-17,1.200000
1995-03-20,1.190000
1995-03-21,1.240000
1995-03-22,1.300000
1995-03-23,1.320000
1995-03-24,1.240000
1995-03-27,1.230000
1995-03-28,1.270000
1995-03-29,1.320000
1995-03-30,1.300000
1995-03-31,1.320000
1995-04-03,1.200000
1995-04-04,1.210000
1995-04-05,1.240000
1995-04-06,1.240000
1995-04-07,1.250000
1995-04-10,1.270000
1995-04-11,1.250000
1995-04-12,1.240000
1995-04-13,1.280000
1995-04-17,1.240000
1995-04-18,1.250000
1995-04-19,1.260000
1995-04-20,1.250000
1995-04-21,1.220000
1995-04-24,1.180000
1995-04-25,1.160000
1995-04-26,1.160000
1995-04-27,1.170000
1995-04-28,1.200000
1995-05-01,1.180000
1995-05-02,1.150000
1995-05-03,1.120000
1995-05-04,1.070000
1995-05-05,0.950000
1995-05-08,0.890000
1995-05-09,0.800000
1995-05-10,0.840000
1995-05-11,0.840000
1995-05-12,0.800000
1995-05-15,0.740000
1995-05-16,0.700000
1995-05-17,0.670000
1995-05-18,0.740000
1995-05-19,0.740000
1995-05-22,0.720000
1995-05-23,0.660000
1995-05-24,0.570000
1995-05-25,0.550000
1995-05-26,0.560000
1995-05-30,0.490000
1995-05-31,0.490000
1995-06-01,0.530000
1995-06-02,0.520000
1995-06-05,0.400000
1995-06-06,0.390000
1995-06-07,0.460000
1995-06-08,0.460000
1995-06-09,0.630000
1995-06-12,0.640000
1995-06-13,0.530000
1995-06-14,0.540000
1995-06-15,0.530000
1995-06-16,0.550000
1995-06-19,0.500000
1995-06-20,0.510000
1995-06-21,0.530000
1995-06-22,0.500000
1995-06-23,0.520000
1995-06-26,0.590000
1995-06-27,0.560000
1995-06-28,0.530000
1995-06-29,0.610000
1995-06-30,0.610000
1995-07-03,0.530000
1995-07-05,0.510000
1995-07-06,0.520000
1995-07-07,0.500000
1995-07-10,0.510000
1995-07-11,0.530000
1995-07-12,0.550000
1995-07-13,0.540000
1995-07-14,0.560000
1995-07-17,0.590000
1995-07-18,0.640000
1995-07-19,0.850000
1995-07-20,0.830000
1995-07-21,0.920000
1995-07-24,0.850000
1995-07-25,0.810000
1995-07-26,0.850000
1995-07-27,0.850000
1995-07-28,0.910000
1995-07-31,0.850000
1995-08-01,0.890000
1995-08-02,0.850000
1995-08-03,0.940000
1995-08-04,0.920000
1995-08-07,0.910000
1995-08-08,0.920000
1995-08-09,0.910000
1995-08-10,0.940000
1995-08-11,1.000000
1995-08-14,0.990000
1995-08-15,0.950000
1995-08-16,0.940000
1995-08-17,0.960000
1995-08-18,0.960000
1995-08-21,0.920000
1995-08-22,0.940000
1995-08-23,1.000000
1995-08-24,0.980000
1995-08-25,0.880000
1995-08-28,0.860000
1995-08-29,0.860000
1995-08-30,0.870000
1995-08-31,0.830000
1995-09-01,0.770000
1995-09-05,0.690000
1995-09-06,0.690000
1995-09-07,0.710000
1995-09-08,0.720000
1995-09-11,0.740000
1995-09-12,0.690000
1995-09-13,0.710000
1995-09-14,0.640000
1995-09-15,0.650000
1995-09-18,0.760000
1995-09-19,0.780000
1995-09-20,0.760000
1995-09-21,0.810000
1995-09-22,0.900000
1995-09-25,0.930000
1995-09-26,0.830000
1995-09-27,0.880000
1995-09-28,0.840000
1995-09-29,0.770000
1995-10-02,0.620000
1995-10-03,0.620000
1995-10-04,0.650000
1995-10-05,0.620000
1995-10-06,0.590000
1995-10-10,0.600000
1995-10-11,0.620000
1995-10-12,0.610000
1995-10-13,0.520000
1995-10-16,0.480000
1995-10-17,0.540000
1995-10-18,0.580000
1995-10-19,0.570000
1995-10-20,0.610000
1995-10-23,0.690000
1995-10-24,0.640000
1995-10-25,0.610000
1995-10-26,0.680000
1995-10-27,0.640000
1995-10-30,0.570000
1995-10-31,0.550000
1995-11-01,0.500000
1995-11-02,0.450000
1995-11-03,0.470000
1995-11-06,0.440000
1995-11-07,0.460000
1995-11-08,0.400000
1995-11-09,0.420000
1995-11-10,0.420000
1995-11-13,0.390000
1995-11-14,0.420000
1995-11-15,0.440000
1995-11-16,0.410000
1995-11-17,0.410000
1995-11-20,0.430000
1995-11-21,0.400000
1995-11-22,0.410000
1995-11-24,0.430000
1995-11-27,0.380000
1995-11-28,0.350000
1995-11-29,0.350000
1995-11-30,0.280000
1995-12-01,0.260000
1995-12-04,0.170000
1995-12-05,0.180000
1995-12-06,0.190000
1995-12-07,0.220000
1995-12-08,0.230000
1995-12-11,0.260000
1995-12-12,0.310000
1995-12-13,0.320000
1995-12-14,0.320000
1995-12-15,0.400000
1995-12-18,0.530000
1995-12-19,0.570000
1995-12-20,0.610000
1995-12-21,0.720000
1995-12-22,0.670000
1995-12-26,0.640000
1995-12-27,0.620000
1995-12-28,0.650000
1995-12-29,0.480000
1996-01-02,0.400000
1996-01-03,0.380000
1996-01-04,0.460000
1996-01-05,0.500000
1996-01-08,0.500000
1996-01-09,0.520000
1996-01-10,0.610000
1996-01-11,0.590000
1996-01-12,0.570000
1996-01-16,0.520000
1996-01-17,0.440000
1996-01-18,0.420000
1996-01-19,0.440000
1996-01-22,0.470000
1996-01-23,0.540000
1996-01-24,0.500000
1996-01-25,0.580000
1996-01-26,0.540000
1996-01-29,0.520000
1996-01-30,0.490000
1996-01-31,0.550000
1996-02-01,0.600000
1996-02-02,0.670000
1996-02-05,0.700000
1996-02-06,0.700000
1996-02-07,0.720000
1996-02-08,0.740000
1996-02-09,0.730000
1996-02-12,0.680000
1996-02-13,0.650000
1996-02-14,0.680000
1996-02-15,0.780000
1996-02-16,0.870000
1996-02-20,1.020000
1996-02-21,1.020000
1996-02-22,0.970000
1996-02-23,1.000000
1996-02-26,1.030000
1996-02-27,1.050000
1996-02-28,1.100000
1996-02-29,1.110000
1996-03-01,1.010000
1996-03-04,0.900000
1996-03-05,0.940000
1996-03-06,1.020000
1996-03-07,1.040000
1996-03-08,1.400000
1996-03-11,1.240000
1996-03-12,1.270000
1996-03-13,1.260000
1996-03-14,1.250000
1996-03-15,1.320000
1996-03-18,1.260000
1996-03-19,1.220000
1996-03-20,1.180000
1996-03-21,1.210000
1996-03-22,1.220000
1996-03-25,1.130000
1996-03-26,1.120000
1996-03-27,1.170000
1996-03-28,1.220000
1996-03-29,1.210000
1996-04-01,1.110000
1996-04-02,1.090000
1996-04-03,1.120000
1996-04-04,1.220000
1996-04-05,1.420000
1996-04-08,1.470000
1996-04-09,1.460000
1996-04-10,1.550000
1996-04-11,1.600000
1996-04-12,1.450000
1996-04-15,1.500000
1996-04-16,1.530000
1996-04-17,1.560000
1996-04-18,1.600000
1996-04-19,1.520000
1996-04-22,1.390000
1996-04-23,1.420000
1996-04-24,1.440000
1996-04-25,1.470000
1996-04-26,1.430000
1996-04-29,1.450000
1996-04-30,1.520000
1996-05-01,1.570000
1996-05-02,1.720000
1996-05-03,1.760000
1996-05-06,1.720000
1996-05-07,1.730000
1996-05-08,1.650000
1996-05-09,1.710000
1996-05-10,1.620000
1996-05-13,1.560000
1996-05-14,1.520000
1996-05-15,1.520000
1996-05-16,1.550000
1996-05-17,1.500000
1996-05-20,1.450000
1996-05-21,1.470000
1996-05-22,1.450000
1996-05-23,1.500000
1996-05-24,1.470000
1996-05-28,1.500000
1996-05-29,1.590000
1996-05-30,1.600000
1996-05-31,1.670000
1996-06-03,1.640000
1996-06-04,1.660000
1996-06-05,1.600000
1996-06-06,1.550000
1996-06-07,1.670000
1996-06-10,1.680000
1996-06-11,1.720000
1996-06-12,1.770000
1996-06-13,1.770000
1996-06-14,1.740000
1996-06-17,1.710000
1996-06-18,1.720000
1996-06-19,1.730000
1996-06-20,1.720000
1996-06-21,1.700000
1996-06-24,1.710000
1996-06-25,1.670000
1996-06-26,1.670000
1996-06-27,1.630000
1996-06-28,1.550000
1996-07-01,1.470000
1996-07-02,1.480000
1996-07-03,1.540000
1996-07-05,1.750000
1996-07-08,1.700000
1996-07-09,1.660000
1996-07-10,1.660000
1996-07-11,1.640000
1996-07-12,1.570000
1996-07-15,1.570000
1996-07-16,1.570000
1996-07-17,1.570000
1996-07-18,1.470000
1996-07-19,1.500000
1996-07-22,1.540000
1996-07-23,1.500000
1996-07-24,1.560000
1996-07-25,1.580000
1996-07-26,1.560000
1996-07-29,1.560000
1996-07-30,1.550000
1996-07-31,1.480000
1996-08-01,1.400000
1996-08-02,1.300000
1996-08-05,1.330000
1996-08-06,1.350000
1996-08-07,1.370000
1996-08-08,1.410000
1996-08-09,1.350000
1996-08-12,1.310000
1996-08-13,1.400000
1996-08-14,1.420000
1996-08-15,1.430000
1996-08-16,1.380000
1996-08-19,1.390000
1996-08-20,1.410000
1996-08-21,1.470000
1996-08-22,1.480000
1996-08-23,1.570000
1996-08-26,1.590000
1996-08-27,1.580000
1996-08-28,1.590000
1996-08-29,1.620000
1996-08-30,1.670000
1996-09-03,1.600000
1996-09-04,1.620000
1996-09-05,1.640000
1996-09-06,1.610000
1996-09-09,1.610000
1996-09-10,1.650000
1996-09-11,1.630000
1996-09-12,1.600000
1996-09-13,1.530000
1996-09-16,1.530000
1996-09-17,1.500000
1996-09-18,1.550000
1996-09-19,1.620000
1996-09-20,1.560000
1996-09-23,1.520000
1996-09-24,1.600000
1996-09-25,1.640000
1996-09-26,1.660000
1996-09-27,1.640000
1996-09-30,1.580000
1996-10-01,1.550000
1996-10-02,1.580000
1996-10-03,1.570000
1996-10-04,1.470000
1996-10-07,1.420000
1996-10-08,1.410000
1996-10-09,1.430000
1996-10-10,1.460000
1996-10-11,1.420000
1996-10-15,1.390000
1996-10-16,1.430000
1996-10-17,1.390000
1996-10-18,1.380000
1996-10-21,1.380000
1996-10-22,1.400000
1996-10-23,1.430000
1996-10-24,1.430000
1996-10-25,1.400000
1996-10-28,1.370000
1996-10-29,1.260000
1996-10-30,1.260000
1996-10-31,1.200000
1996-11-01,1.210000
1996-11-04,1.170000
1996-11-05,1.110000
1996-11-06,1.130000
1996-11-07,1.100000
1996-11-08,1.110000
1996-11-12,1.010000
1996-11-13,1.030000
1996-11-14,0.980000
1996-11-15,1.030000
1996-11-18,1.020000
1996-11-19,1.000000
1996-11-20,0.970000
1996-11-21,0.970000
1996-11-22,0.970000
1996-11-25,0.950000
1996-11-26,0.970000
1996-11-27,0.990000
1996-11-29,0.930000
1996-12-02,1.000000
1996-12-03,1.010000
1996-12-04,1.080000
1996-12-05,1.180000
1996-12-06,1.230000
1996-12-09,1.250000
1996-12-10,1.270000
1996-12-11,1.420000
1996-12-12,1.430000
1996-12-13,1.410000
1996-12-16,1.420000
1996-12-17,1.420000
1996-12-18,1.430000
1996-12-19,1.350000
1996-12-20,1.330000
1996-12-23,1.240000
1996-12-24,1.270000
1996-12-26,1.250000
1996-12-27,1.190000
1996-12-30,1.100000
1996-12-31,1.220000
1997-01-02,1.350000
1997-01-03,1.350000
1997-01-06,1.370000
1997-01-07,1.410000
1997-01-08,1.440000
1997-01-09,1.390000
1997-01-10,1.460000
1997-01-13,1.550000
1997-01-14,1.340000
1997-01-15,1.370000
1997-01-16,1.410000
1997-01-17,1.420000
1997-01-21,1.340000
1997-01-22,1.380000
1997-01-23,1.420000
1997-01-24,1.480000
1997-01-27,1.480000
1997-01-28,1.460000
1997-01-29,1.450000
1997-01-30,1.430000
1997-01-31,1.380000
1997-02-03,1.350000
1997-02-04,1.350000
1997-02-05,1.340000
1997-02-06,1.350000
1997-02-07,1.290000
1997-02-10,1.260000
1997-02-11,1.290000
1997-02-12,1.230000
1997-02-13,1.190000
1997-02-14,1.180000
1997-02-18,1.160000
1997-02-19,1.190000
1997-02-20,1.280000
1997-02-21,1.270000
1997-02-24,1.230000
1997-02-25,1.270000
1997-02-26,1.340000
1997-02-27,1.360000
1997-02-28,1.340000
1997-03-03,1.340000
1997-03-04,1.350000
1997-03-05,1.390000
1997-03-06,1.390000
1997-03-07,1.350000
1997-03-10,1.360000
1997-03-11,1.390000
1997-03-12,1.390000
1997-03-13,1.460000
1997-03-14,1.470000
1997-03-17,1.470000
1997-03-18,1.470000
1997-03-19,1.450000
1997-03-20,1.410000
1997-03-21,1.330000
1997-03-24,1.320000
1997-03-25,1.310000
1997-03-26,1.450000
1997-03-27,1.530000
1997-03-31,1.570000
1997-04-01,1.580000
1997-04-02,1.580000
1997-04-03,1.590000
1997-04-04,1.630000
1997-04-07,1.610000
1997-04-08,1.660000
1997-04-09,1.670000
1997-04-10,1.620000
1997-04-11,1.670000
1997-04-14,1.680000
1997-04-15,1.570000
1997-04-16,1.610000
1997-04-17,1.570000
1997-04-18,1.550000
1997-04-21,1.510000
1997-04-22,1.480000
1997-04-23,1.520000
1997-04-24,1.610000
1997-04-25,1.630000
1997-04-28,1.570000
1997-04-29,1.430000
1997-04-30,1.440000
1997-05-01,1.450000
1997-05-02,1.440000
1997-05-05,1.450000
1997-05-06,1.460000
1997-05-07,1.540000
1997-05-08,1.510000
1997-05-09,1.480000
1997-05-12,1.410000
1997-05-13,1.470000
1997-05-14,1.490000
1997-05-15,1.540000
1997-05-16,1.500000
1997-05-19,1.330000
1997-05-20,1.310000
1997-05-21,1.620000
1997-05-22,1.580000
1997-05-23,1.560000
1997-05-27,1.610000
1997-05-28,1.620000
1997-05-29,1.720000
1997-05-30,1.710000
1997-06-02,1.590000
1997-06-03,1.580000
1997-06-04,1.530000
1997-06-05,1.510000
1997-06-06,1.440000
1997-06-09,1.490000
1997-06-10,1.520000
1997-06-11,1.580000
1997-06-12,1.510000
1997-06-13,1.430000
1997-06-16,1.370000
1997-06-17,1.380000
1997-06-18,1.370000
1997-06-19,1.320000
1997-06-20,1.290000
1997-06-23,1.340000
1997-06-24,1.350000
1997-06-25,1.380000
1997-06-26,1.330000
1997-06-27,1.310000
1997-06-30,1.260000
1997-07-01,1.270000
1997-07-02,1.220000
1997-07-03,1.170000
1997-07-07,1.150000
1997-07-08,1.150000
1997-07-09,1.140000
1997-07-10,1.110000
1997-07-11,1.090000
1997-07-14,1.040000
1997-07-15,1.040000
1997-07-16,1.030000
1997-07-17,1.010000
1997-07-18,1.000000
1997-07-21,1.000000
1997-07-22,0.970000
1997-07-23,0.940000
1997-07-24,0.930000
1997-07-25,0.940000
1997-07-28,0.920000
1997-07-29,0.870000
1997-07-30,0.810000
1997-07-31,0.770000
1997-08-01,0.920000
1997-08-04,0.940000
1997-08-05,0.940000
1997-08-06,0.920000
1997-08-07,0.940000
1997-08-08,1.090000
1997-08-11,1.050000
1997-08-12,1.080000
1997-08-13,1.040000
1997-08-14,0.930000
1997-08-15,0.980000
1997-08-18,0.980000
1997-08-19,0.960000
1997-08-20,1.000000
1997-08-21,1.030000
1997-08-22,1.130000
1997-08-25,1.110000
1997-08-26,1.100000
1997-08-27,1.100000
1997-08-28,1.060000
1997-08-29,1.100000
1997-09-02,1.100000
1997-09-03,1.190000
1997-09-04,1.190000
1997-09-05,1.200000
1997-09-08,1.170000
1997-09-09,1.180000
1997-09-10,1.260000
1997-09-11,1.260000
1997-09-12,1.190000
1997-09-15,1.200000
1997-09-16,1.020000
1997-09-17,1.000000
1997-09-18,1.010000
1997-09-19,1.030000
1997-09-22,1.040000
1997-09-23,1.080000
1997-09-24,1.100000
1997-09-25,1.200000
1997-09-26,1.090000
1997-09-29,1.030000
1997-09-30,1.060000
1997-10-01,0.940000
1997-10-02,0.940000
1997-10-03,0.980000
1997-10-06,0.880000
1997-10-07,0.880000
1997-10-08,0.990000
1997-10-09,0.950000
1997-10-10,1.010000
1997-10-14,0.990000
1997-10-15,1.040000
1997-10-16,1.020000
1997-10-17,1.110000
1997-10-20,1.060000
1997-10-21,1.070000
1997-10-22,0.960000
1997-10-23,0.910000
1997-10-24,0.860000
1997-10-27,0.830000
1997-10-28,0.730000
1997-10-29,0.720000
1997-10-30,0.670000
1997-10-31,0.630000
1997-11-03,0.650000
1997-11-04,0.700000
1997-11-05,0.680000
1997-11-06,0.590000
1997-11-07,0.590000
1997-11-10,0.590000
1997-11-12,0.590000
1997-11-13,0.600000
1997-11-14,0.590000
1997-11-17,0.540000
1997-11-18,0.540000
1997-11-19,0.540000
1997-11-20,0.560000
1997-11-21,0.570000
1997-11-24,0.570000
1997-11-25,0.550000
1997-11-26,0.600000
1997-11-28,0.640000
1997-12-01,0.590000
1997-12-02,0.600000
1997-12-03,0.570000
1997-12-04,0.570000
1997-12-05,0.620000
1997-12-08,0.670000
1997-12-09,0.680000
1997-12-10,0.690000
1997-12-11,0.620000
1997-12-12,0.560000
1997-12-15,0.550000
1997-12-16,0.540000
1997-12-17,0.560000
1997-12-18,0.520000
1997-12-19,0.390000
1997-12-22,0.260000
1997-12-23,0.270000
1997-12-24,0.380000
1997-12-26,0.400000
1997-12-29,0.310000
1997-12-30,0.350000
1997-12-31,0.390000
1998-01-02,0.350000
1998-01-05,0.290000
1998-01-06,0.270000
1998-01-07,0.320000
1998-01-08,0.360000
1998-01-09,0.350000
1998-01-12,0.270000
1998-01-13,0.240000
1998-01-14,0.270000
1998-01-15,0.350000
1998-01-16,0.390000
1998-01-20,0.430000
1998-01-21,0.410000
1998-01-22,0.430000
1998-01-23,0.530000
1998-01-26,0.410000
1998-01-27,0.460000
1998-01-28,0.460000
1998-01-29,0.380000
1998-01-30,0.340000
1998-02-02,0.310000
1998-02-03,0.300000
1998-02-04,0.460000
1998-02-05,0.480000
1998-02-06,0.450000
1998-02-09,0.430000
1998-02-10,0.430000
1998-02-11,0.310000
1998-02-12,0.300000
1998-02-13,0.270000
1998-02-17,0.240000
1998-02-18,0.290000
1998-02-19,0.300000
1998-02-20,0.330000
1998-02-23,0.300000
1998-02-24,0.420000
1998-02-25,0.320000
1998-02-26,0.310000
1998-02-27,0.300000
1998-03-02,0.460000
1998-03-03,0.540000
1998-03-04,0.570000
1998-03-05,0.600000
1998-03-06,0.580000
1998-03-09,0.560000
1998-03-10,0.580000
1998-03-11,0.540000
1998-03-12,0.480000
1998-03-13,0.490000
1998-03-16,0.420000
1998-03-17,0.420000
1998-03-18,0.410000
1998-03-19,0.400000
1998-03-20,0.380000
1998-03-23,0.400000
1998-03-24,0.410000
1998-03-25,0.460000
1998-03-26,0.460000
1998-03-27,0.470000
1998-03-30,0.540000
1998-03-31,0.510000
1998-04-01,0.500000
1998-04-02,0.460000
1998-04-03,0.390000
1998-04-06,0.410000
1998-04-07,0.460000
1998-04-08,0.520000
1998-04-09,0.520000
1998-04-13,0.470000
1998-04-14,0.470000
1998-04-15,0.520000
1998-04-16,0.550000
1998-04-17,0.540000
1998-04-20,0.570000
1998-04-21,0.610000
1998-04-22,0.590000
1998-04-23,0.600000
1998-04-24,0.590000
1998-04-27,0.720000
1998-04-28,0.740000
1998-04-29,0.740000
1998-04-30,0.680000
1998-05-01,0.650000
1998-05-04,0.570000
1998-05-05,0.590000
1998-05-06,0.560000
1998-05-07,0.550000
1998-05-08,0.570000
1998-05-11,0.650000
1998-05-12,0.580000
1998-05-13,0.520000
1998-05-14,0.490000
1998-05-15,0.500000
1998-05-18,0.440000
1998-05-19,0.420000
1998-05-20,0.400000
1998-05-21,0.410000
1998-05-22,0.420000
1998-05-26,0.420000
1998-05-27,0.470000
1998-05-28,0.510000
1998-05-29,0.530000
1998-06-01,0.450000
1998-06-02,0.480000
1998-06-03,0.440000
1998-06-04,0.470000
1998-06-05,0.460000
1998-06-08,0.420000
1998-06-09,0.420000
1998-06-10,0.370000
1998-06-11,0.330000
1998-06-12,0.300000
1998-06-15,0.220000
1998-06-16,0.250000
1998-06-17,0.310000
1998-06-18,0.310000
1998-06-19,0.300000
1998-06-22,0.350000
1998-06-23,0.350000
1998-06-24,0.420000
1998-06-25,0.440000
1998-06-26,0.450000
1998-06-29,0.310000
1998-06-30,0.340000
1998-07-01,0.350000
1998-07-02,0.350000
1998-07-06,0.300000
1998-07-07,0.340000
1998-07-08,0.340000
1998-07-09,0.340000
1998-07-10,0.360000
1998-07-13,0.330000
1998-07-14,0.330000
1998-07-15,0.340000
1998-07-16,0.330000
1998-07-17,0.370000
1998-07-20,0.390000
1998-07-21,0.360000
1998-07-22,0.390000
1998-07-23,0.360000
1998-07-24,0.370000
1998-07-27,0.410000
1998-07-28,0.430000
1998-07-29,0.450000
1998-07-30,0.430000
1998-07-31,0.400000
1998-08-03,0.330000
1998-08-04,0.330000
1998-08-05,0.350000
1998-08-06,0.410000
1998-08-07,0.410000
1998-08-10,0.340000
1998-08-11,0.340000
1998-08-12,0.380000
1998-08-13,0.400000
1998-08-14,0.370000
1998-08-17,0.330000
1998-08-18,0.350000
1998-08-19,0.350000
1998-08-20,0.340000
1998-08-21,0.310000
1998-08-24,0.220000
1998-08-25,0.160000
1998-08-26,0.200000
1998-08-27,0.130000
1998-08-28,0.180000
1998-08-31,0.090000
1998-09-01,0.130000
1998-09-02,0.190000
1998-09-03,0.200000
1998-09-04,0.160000
1998-09-08,0.100000
1998-09-09,0.070000
1998-09-10,-0.020000
1998-09-11,-0.020000
1998-09-14,0.040000
1998-09-15,0.110000
1998-09-16,0.140000
1998-09-17,0.100000
1998-09-18,0.070000
1998-09-21,-0.130000
1998-09-22,-0.080000
1998-09-23,0.020000
1998-09-24,0.090000
1998-09-25,0.080000
1998-09-28,0.050000
1998-09-29,0.050000
1998-09-30,0.070000
1998-10-01,0.100000
1998-10-02,0.090000
1998-10-05,-0.070000
1998-10-06,0.060000
1998-10-07,0.190000
1998-10-08,0.670000
1998-10-09,0.890000
1998-10-13,0.740000
1998-10-14,0.560000
1998-10-15,0.430000
1998-10-16,0.790000
1998-10-19,0.530000
1998-10-20,0.620000
1998-10-21,0.590000
1998-10-22,0.640000
1998-10-23,0.730000
1998-10-26,0.670000
1998-10-27,0.570000
1998-10-28,0.320000
1998-10-29,0.220000
1998-10-30,0.310000
1998-11-02,0.230000
1998-11-03,0.280000
1998-11-04,0.270000
1998-11-05,0.240000
1998-11-06,0.290000
1998-11-09,0.300000
1998-11-10,0.270000
1998-11-12,0.290000
1998-11-13,0.350000
1998-11-16,0.330000
1998-11-17,0.450000
1998-11-18,0.410000
1998-11-19,0.390000
1998-11-20,0.360000
1998-11-23,0.250000
1998-11-24,0.230000
1998-11-25,0.260000
1998-11-27,0.260000
1998-11-30,0.170000
1998-12-01,0.180000
1998-12-02,0.110000
1998-12-03,0.130000
1998-12-04,0.140000
1998-12-07,0.230000
1998-12-08,0.170000
1998-12-09,0.130000
1998-12-10,0.050000
1998-12-11,0.110000
1998-12-14,0.090000
1998-12-15,0.130000
1998-12-16,0.120000
1998-12-17,0.120000
1998-12-18,0.090000
1998-12-21,0.130000
1998-12-22,0.200000
1998-12-23,0.230000
1998-12-24,0.290000
1998-12-28,0.220000
1998-12-29,0.120000
1998-12-30,0.100000
1998-12-31,0.170000
1999-01-04,0.200000
1999-01-05,0.260000
1999-01-06,0.260000
1999-01-07,0.330000
1999-01-08,0.380000
1999-01-11,0.390000
1999-01-12,0.340000
1999-01-13,0.290000
1999-01-14,0.190000
1999-01-15,0.220000
1999-01-19,0.300000
1999-01-20,0.390000
1999-01-21,0.380000
1999-01-22,0.280000
1999-01-25,0.230000
1999-01-26,0.230000
1999-01-27,0.210000
1999-01-28,0.180000
1999-01-29,0.180000
1999-02-01,0.220000
1999-02-02,0.260000
1999-02-03,0.350000
1999-02-04,0.400000
1999-02-05,0.440000
1999-02-08,0.400000
1999-02-09,0.380000
1999-02-10,0.420000
1999-02-11,0.430000
1999-02-12,0.520000
1999-02-16,0.470000
1999-02-17,0.460000
1999-02-18,0.510000
1999-02-19,0.510000
1999-02-22,0.380000
1999-02-23,0.440000
1999-02-24,0.510000
1999-02-25,0.700000
1999-02-26,0.630000
1999-03-01,0.690000
1999-03-02,0.690000
1999-03-03,0.770000
1999-03-04,0.790000
1999-03-05,0.710000
1999-03-08,0.650000
1999-03-09,0.580000
1999-03-10,0.600000
1999-03-11,0.590000
1999-03-12,0.560000
1999-03-15,0.540000
1999-03-16,0.560000
1999-03-17,0.610000
1999-03-18,0.600000
1999-03-19,0.660000
1999-03-22,0.690000
1999-03-23,0.700000
1999-03-24,0.670000
1999-03-25,0.700000
1999-03-26,0.700000
1999-03-29,0.770000
1999-03-30,0.730000
1999-03-31,0.760000
1999-04-01,0.830000
1999-04-02,0.770000
1999-04-05,0.800000
1999-04-06,0.710000
1999-04-07,0.720000
1999-04-08,0.630000
1999-04-09,0.630000
1999-04-12,0.740000
1999-04-13,0.800000
1999-04-14,0.830000
1999-04-15,0.860000
1999-04-16,0.890000
1999-04-19,0.820000
1999-04-20,0.780000
1999-04-21,0.810000
1999-04-22,0.850000
1999-04-23,0.830000
1999-04-26,0.760000
1999-04-27,0.720000
1999-04-28,0.760000
1999-04-29,0.710000
1999-04-30,0.810000
1999-05-03,0.760000
1999-05-04,0.790000
1999-05-05,0.790000
1999-05-06,0.900000
1999-05-07,0.920000
1999-05-10,0.940000
1999-05-11,0.970000
1999-05-12,0.910000
1999-05-13,0.820000
1999-05-14,0.980000
1999-05-17,0.950000
1999-05-18,1.020000
1999-05-19,0.970000
1999-05-20,0.990000
1999-05-21,0.910000
1999-05-24,0.860000
1999-05-25,0.850000
1999-05-26,0.890000
1999-05-27,0.970000
1999-05-28,0.980000
1999-06-01,1.010000
1999-06-02,1.060000
1999-06-03,1.150000
1999-06-04,1.250000
1999-06-07,1.170000
1999-06-08,1.210000
1999-06-09,1.270000
1999-06-10,1.250000
1999-06-11,1.280000
1999-06-14,1.220000
1999-06-15,1.240000
1999-06-16,1.270000
1999-06-17,1.150000
1999-06-18,1.150000
1999-06-21,1.160000
1999-06-22,1.210000
1999-06-23,1.270000
1999-06-24,1.310000
1999-06-25,1.220000
1999-06-28,1.080000
1999-06-29,1.090000
1999-06-30,1.030000
1999-07-01,1.170000
1999-07-02,1.130000
1999-07-06,1.160000
1999-07-07,1.250000
1999-07-08,1.170000
1999-07-09,1.150000
1999-07-12,1.000000
1999-07-13,1.000000
1999-07-14,1.020000
1999-07-15,1.020000
1999-07-16,1.000000
1999-07-19,0.990000
1999-07-20,1.010000
1999-07-21,1.070000
1999-07-22,1.170000
1999-07-23,1.190000
1999-07-26,1.180000
1999-07-27,1.120000
1999-07-28,1.100000
1999-07-29,1.160000
1999-07-30,1.170000
1999-08-02,1.070000
1999-08-03,1.110000
1999-08-04,1.180000
1999-08-05,1.140000
1999-08-06,1.220000
1999-08-09,1.170000
1999-08-10,1.210000
1999-08-11,1.140000
1999-08-12,1.290000
1999-08-13,1.240000
1999-08-16,1.140000
1999-08-17,1.060000
1999-08-18,1.120000
1999-08-19,1.140000
1999-08-20,1.040000
1999-08-23,0.880000
1999-08-24,0.860000
1999-08-25,0.800000
1999-08-26,0.820000
1999-08-27,0.870000
1999-08-30,0.940000
1999-08-31,1.000000
1999-09-01,1.020000
1999-09-02,1.110000
1999-09-03,0.970000
1999-09-07,1.100000
1999-09-08,1.100000
1999-09-09,1.160000
1999-09-10,1.130000
1999-09-13,1.120000
1999-09-14,1.130000
1999-09-15,1.190000
1999-09-16,1.200000
1999-09-17,1.200000
1999-09-20,1.100000
1999-09-21,1.150000
1999-09-22,1.090000
1999-09-23,1.050000
1999-09-24,0.970000
1999-09-27,0.960000
1999-09-28,1.040000
1999-09-29,1.140000
1999-09-30,1.020000
1999-10-01,1.020000
1999-10-04,1.080000
1999-10-05,1.160000
1999-10-06,1.230000
1999-10-07,1.210000
1999-10-08,1.220000
1999-10-12,1.140000
1999-10-13,1.140000
1999-10-14,1.150000
1999-10-15,1.050000
1999-10-18,0.970000
1999-10-19,1.030000
1999-10-20,1.040000
1999-10-21,1.060000
1999-10-22,1.140000
1999-10-25,1.080000
1999-10-26,1.090000
1999-10-27,1.050000
1999-10-28,1.010000
1999-10-29,0.900000
1999-11-01,0.900000
1999-11-02,0.900000
1999-11-03,0.890000
1999-11-04,0.850000
1999-11-05,0.780000
1999-11-08,0.750000
1999-11-09,0.780000
1999-11-10,0.800000
1999-11-12,0.700000
1999-11-15,0.650000
1999-11-16,0.680000
1999-11-17,0.800000
1999-11-18,0.830000
1999-11-19,0.840000
1999-11-22,0.820000
1999-11-23,0.810000
1999-11-24,0.800000
1999-11-26,0.820000
1999-11-29,0.850000
1999-11-30,0.880000
1999-12-01,0.940000
1999-12-02,0.990000
1999-12-03,0.920000
1999-12-06,0.940000
1999-12-07,0.890000
1999-12-08,0.930000
1999-12-09,0.890000
1999-12-10,0.780000
1999-12-13,0.720000
1999-12-14,0.830000
1999-12-15,0.900000
1999-12-16,0.920000
1999-12-17,0.860000
1999-12-20,0.730000
1999-12-21,0.790000
1999-12-22,0.830000
1999-12-23,0.940000
1999-12-27,0.930000
1999-12-28,1.020000
1999-12-29,1.170000
1999-12-30,1.170000
1999-12-31,1.120000
2000-01-03,1.100000
2000-01-04,1.060000
2000-01-05,1.180000
2000-01-06,1.160000
2000-01-07,1.140000
2000-01-10,1.150000
2000-01-11,1.240000
2000-01-12,1.270000
2000-01-13,1.220000
2000-01-14,1.280000
2000-01-18,1.190000
2000-01-19,1.220000
2000-01-20,1.310000
2000-01-21,1.320000
2000-01-24,1.140000
2000-01-25,1.130000
2000-01-26,1.110000
2000-01-27,1.090000
2000-01-28,1.010000
2000-01-31,0.920000
2000-02-01,0.910000
2000-02-02,0.940000
2000-02-03,0.860000
2000-02-04,0.860000
2000-02-07,0.920000
2000-02-08,0.900000
2000-02-09,0.900000
2000-02-10,1.000000
2000-02-11,0.970000
2000-02-14,0.880000
2000-02-15,0.810000
2000-02-16,0.830000
2000-02-17,0.840000
2000-02-18,0.740000
2000-02-22,0.540000
2000-02-23,0.620000
2000-02-24,0.550000
2000-02-25,0.570000
2000-02-28,0.570000
2000-02-29,0.640000
2000-03-01,0.630000
2000-03-02,0.640000
2000-03-03,0.600000
2000-03-06,0.570000
2000-03-07,0.560000
2000-03-08,0.550000
2000-03-09,0.530000
2000-03-10,0.520000
2000-03-13,0.470000
2000-03-14,0.440000
2000-03-15,0.440000
2000-03-16,0.390000
2000-03-17,0.310000
2000-03-20,0.230000
2000-03-21,0.220000
2000-03-22,0.220000
2000-03-23,0.180000
2000-03-24,0.290000
2000-03-27,0.330000
2000-03-28,0.290000
2000-03-29,0.290000
2000-03-30,0.180000
2000-03-31,0.150000
2000-04-03,0.130000
2000-04-04,0.070000
2000-04-05,0.040000
2000-04-06,0.050000
2000-04-07,-0.040000
2000-04-10,-0.050000
2000-04-11,0.060000
2000-04-12,0.140000
2000-04-13,0.130000
2000-04-14,0.040000
2000-04-17,0.190000
2000-04-18,0.240000
2000-04-19,0.180000
2000-04-20,0.200000
2000-04-24,0.200000
2000-04-25,0.350000
2000-04-26,0.390000
2000-04-27,0.480000
2000-04-28,0.410000
2000-05-01,0.290000
2000-05-02,0.400000
2000-05-03,0.490000
2000-05-04,0.560000
2000-05-05,0.540000
2000-05-08,0.380000
2000-05-09,0.390000
2000-05-10,0.330000
2000-05-11,0.290000
2000-05-12,0.370000
2000-05-15,0.220000
2000-05-16,0.230000
2000-05-17,0.430000
2000-05-18,0.640000
2000-05-19,0.620000
2000-05-22,0.430000
2000-05-23,0.440000
2000-05-24,0.550000
2000-05-25,0.540000
2000-05-26,0.500000
2000-05-30,0.510000
2000-05-31,0.660000
2000-06-01,0.460000
2000-06-02,0.280000
2000-06-05,0.140000
2000-06-06,0.150000
2000-06-07,0.210000
2000-06-08,0.220000
2000-06-09,0.210000
2000-06-12,0.160000
2000-06-13,0.230000
2000-06-14,0.240000
2000-06-15,0.210000
2000-06-16,0.160000
2000-06-19,0.160000
2000-06-20,0.240000
2000-06-21,0.300000
2000-06-22,0.280000
2000-06-23,0.330000
2000-06-26,0.290000
2000-06-27,0.270000
2000-06-28,0.300000
2000-06-29,0.190000
2000-06-30,0.150000
2000-07-03,0.000000
2000-07-05,0.000000
2000-07-06,0.030000
2000-07-07,-0.030000
2000-07-10,-0.060000
2000-07-11,-0.040000
2000-07-12,-0.080000
2000-07-13,-0.170000
2000-07-14,-0.070000
2000-07-17,0.020000
2000-07-18,0.000000
2000-07-19,-0.020000
2000-07-20,-0.170000
2000-07-21,-0.120000
2000-07-24,-0.170000
2000-07-25,-0.160000
2000-07-26,-0.140000
2000-07-27,-0.200000
2000-07-28,-0.160000
2000-07-31,-0.230000
2000-08-01,-0.250000
2000-08-02,-0.270000
2000-08-03,-0.280000
2000-08-04,-0.320000
2000-08-07,-0.310000
2000-08-08,-0.330000
2000-08-09,-0.440000
2000-08-10,-0.490000
2000-08-11,-0.500000
2000-08-14,-0.490000
2000-08-15,-0.470000
2000-08-16,-0.440000
2000-08-17,-0.460000
2000-08-18,-0.490000
2000-08-21,-0.510000
2000-08-22,-0.500000
2000-08-23,-0.560000
2000-08-24,-0.560000
2000-08-25,-0.580000
2000-08-28,-0.540000
2000-08-29,-0.500000
2000-08-30,-0.510000
2000-08-31,-0.580000
2000-09-01,-0.590000
2000-09-05,-0.580000
2000-09-06,-0.490000
2000-09-07,-0.440000
2000-09-08,-0.410000
2000-09-11,-0.340000
2000-09-12,-0.310000
2000-09-13,-0.350000
2000-09-14,-0.350000
2000-09-15,-0.300000
2000-09-18,-0.270000
2000-09-19,-0.310000
2000-09-20,-0.250000
2000-09-21,-0.280000
2000-09-22,-0.310000
2000-09-25,-0.340000
2000-09-26,-0.370000
2000-09-27,-0.370000
2000-09-28,-0.430000
2000-09-29,-0.430000
2000-10-02,-0.440000
2000-10-03,-0.370000
2000-10-04,-0.340000
2000-10-05,-0.380000
2000-10-06,-0.420000
2000-10-10,-0.470000
2000-10-11,-0.460000
2000-10-12,-0.460000
2000-10-13,-0.460000
2000-10-16,-0.540000
2000-10-17,-0.620000
2000-10-18,-0.640000
2000-10-19,-0.660000
2000-10-20,-0.670000
2000-10-23,-0.750000
2000-10-24,-0.720000
2000-10-25,-0.720000
2000-10-26,-0.670000
2000-10-27,-0.630000
2000-10-30,-0.650000
2000-10-31,-0.610000
2000-11-01,-0.630000
2000-11-02,-0.630000
2000-11-03,-0.550000
2000-11-06,-0.550000
2000-11-07,-0.550000
2000-11-08,-0.540000
2000-11-09,-0.580000
2000-11-10,-0.550000
2000-11-13,-0.620000
2000-11-14,-0.610000
2000-11-15,-0.660000
2000-11-16,-0.670000
2000-11-17,-0.640000
2000-11-20,-0.680000
2000-11-21,-0.690000
2000-11-22,-0.740000
2000-11-24,-0.730000
2000-11-27,-0.690000
2000-11-28,-0.690000
2000-11-29,-0.690000
2000-11-30,-0.730000
2000-12-01,-0.710000
2000-12-04,-0.620000
2000-12-05,-0.650000
2000-12-06,-0.770000
2000-12-07,-0.790000
2000-12-08,-0.740000
2000-12-11,-0.710000
2000-12-12,-0.700000
2000-12-13,-0.770000
2000-12-14,-0.830000
2000-12-15,-0.820000
2000-12-18,-0.780000
2000-12-19,-0.740000
2000-12-20,-0.740000
2000-12-21,-0.350000
2000-12-22,-0.250000
2000-12-26,-0.810000
2000-12-27,-0.640000
2000-12-28,-0.740000
2000-12-29,-0.770000
2001-01-02,-0.950000
2001-01-03,-0.550000
2001-01-04,-0.340000
2001-01-05,-0.190000
2001-01-08,-0.250000
2001-01-09,-0.260000
2001-01-10,-0.190000
2001-01-11,-0.170000
2001-01-12,-0.080000
2001-01-16,-0.140000
2001-01-17,-0.170000
2001-01-18,-0.160000
2001-01-19,-0.050000
2001-01-22,0.020000
2001-01-23,0.060000
2001-01-24,0.050000
2001-01-25,0.010000
2001-01-26,0.120000
2001-01-29,0.210000
2001-01-30,0.220000
2001-01-31,0.200000
2001-02-01,0.100000
2001-02-02,0.110000
2001-02-05,0.120000
2001-02-06,0.150000
2001-02-07,0.030000
2001-02-08,0.020000
2001-02-09,-0.030000
2001-02-12,0.010000
2001-02-13,0.020000
2001-02-14,0.060000
2001-02-15,0.110000
2001-02-16,0.090000
2001-02-20,0.070000
2001-02-21,0.120000
2001-02-22,0.140000
2001-02-23,0.210000
2001-02-26,0.240000
2001-02-27,0.140000
2001-02-28,0.070000
2001-03-01,0.030000
2001-03-02,0.110000
2001-03-05,0.160000
2001-03-06,0.200000
2001-03-07,0.230000
2001-03-08,0.210000
2001-03-09,0.230000
2001-03-12,0.260000
2001-03-13,0.290000
2001-03-14,0.300000
2001-03-15,0.290000
2001-03-16,0.240000
2001-03-19,0.290000
2001-03-20,0.290000
2001-03-21,0.460000
2001-03-22,0.470000
2001-03-23,0.510000
2001-03-26,0.560000
2001-03-27,0.650000
2001-03-28,0.630000
2001-03-29,0.660000
2001-03-30,0.630000
2001-04-02,0.760000
2001-04-03,0.790000
2001-04-04,0.840000
2001-04-05,0.870000
2001-04-06,0.950000
2001-04-09,1.000000
2001-04-10,1.150000
2001-04-11,1.040000
2001-04-12,1.160000
2001-04-16,1.130000
2001-04-17,1.090000
2001-04-18,1.230000
2001-04-19,1.400000
2001-04-20,1.520000
2001-04-23,1.450000
2001-04-24,1.420000
2001-04-25,1.440000
2001-04-26,1.370000
2001-04-27,1.490000
2001-04-30,1.400000
2001-05-01,1.380000
2001-05-02,1.420000
2001-05-03,1.380000
2001-05-04,1.470000
2001-05-07,1.470000
2001-05-08,1.540000
2001-05-09,1.480000
2001-05-10,1.570000
2001-05-11,1.730000
2001-05-14,1.750000
2001-05-15,1.870000
2001-05-16,1.910000
2001-05-17,1.890000
2001-05-18,1.800000
2001-05-21,1.760000
2001-05-22,1.780000
2001-05-23,1.770000
2001-05-24,1.820000
2001-05-25,1.860000
2001-05-29,1.830000
2001-05-30,1.860000
2001-05-31,1.800000
2001-06-01,1.720000
2001-06-04,1.670000
2001-06-05,1.660000
2001-06-06,1.650000
2001-06-07,1.700000
2001-06-08,1.740000
2001-06-11,1.720000
2001-06-12,1.710000
2001-06-13,1.730000
2001-06-14,1.700000
2001-06-15,1.750000
2001-06-18,1.750000
2001-06-19,1.750000
2001-06-20,1.750000
2001-06-21,1.710000
2001-06-22,1.690000
2001-06-25,1.700000
2001-06-26,1.780000
2001-06-27,1.740000
2001-06-28,1.710000
2001-06-29,1.770000
2001-07-02,1.700000
2001-07-03,1.750000
2001-07-05,1.790000
2001-07-06,1.780000
2001-07-09,1.720000
2001-07-10,1.690000
2001-07-11,1.730000
2001-07-12,1.670000
2001-07-13,1.650000
2001-07-16,1.570000
2001-07-17,1.610000
2001-07-18,1.580000
2001-07-19,1.580000
2001-07-20,1.620000
2001-07-23,1.570000
2001-07-24,1.570000
2001-07-25,1.640000
2001-07-26,1.630000
2001-07-27,1.580000
2001-07-30,1.540000
2001-07-31,1.530000
2001-08-01,1.580000
2001-08-02,1.640000
2001-08-03,1.680000
2001-08-06,1.670000
2001-08-07,1.680000
2001-08-08,1.500000
2001-08-09,1.590000
2001-08-10,1.560000
2001-08-13,1.520000
2001-08-14,1.540000
2001-08-15,1.570000
2001-08-16,1.560000
2001-08-17,1.480000
2001-08-20,1.490000
2001-08-21,1.480000
2001-08-22,1.530000
2001-08-23,1.490000
2001-08-24,1.510000
2001-08-27,1.490000
2001-08-28,1.440000
2001-08-29,1.360000
2001-08-30,1.430000
2001-08-31,1.480000
2001-09-04,1.550000
2001-09-05,1.560000
2001-09-06,1.520000
2001-09-07,1.530000
2001-09-10,1.580000
2001-09-13,1.900000
2001-09-14,1.930000
2001-09-17,2.040000
2001-09-18,2.240000
2001-09-19,2.500000
2001-09-20,2.530000
2001-09-21,2.450000
2001-09-24,2.350000
2001-09-25,2.320000
2001-09-26,2.270000
2001-09-27,2.200000
2001-09-28,2.200000
2001-10-01,2.180000
2001-10-02,2.270000
2001-10-03,2.270000
2001-10-04,2.320000
2001-10-05,2.330000
2001-10-09,2.400000
2001-10-10,2.390000
2001-10-11,2.420000
2001-10-12,2.430000
2001-10-15,2.370000
2001-10-16,2.370000
2001-10-17,2.370000
2001-10-18,2.390000
2001-10-19,2.440000
2001-10-22,2.410000
2001-10-23,2.460000
2001-10-24,2.440000
2001-10-25,2.420000
2001-10-26,2.390000
2001-10-29,2.410000
2001-10-30,2.390000
2001-10-31,2.250000
2001-11-01,2.180000
2001-11-02,2.360000
2001-11-05,2.300000
2001-11-06,2.450000
2001-11-07,2.420000
2001-11-08,2.480000
2001-11-09,2.510000
2001-11-13,2.570000
2001-11-14,2.670000
2001-11-15,2.870000
2001-11-16,2.960000
2001-11-19,2.860000
2001-11-20,2.930000
2001-11-21,3.020000
2001-11-23,3.090000
2001-11-26,3.070000
2001-11-27,3.060000
2001-11-28,3.110000
2001-11-29,2.990000
2001-11-30,3.000000
2001-12-03,2.970000
2001-12-04,2.960000
2001-12-05,3.150000
2001-12-06,3.290000
2001-12-07,3.510000
2001-12-10,3.460000
2001-12-11,3.470000
2001-12-12,3.350000
2001-12-13,3.440000
2001-12-14,3.510000
2001-12-17,3.520000
2001-12-18,3.450000
2001-12-19,3.390000
2001-12-20,3.390000
2001-12-21,3.410000
2001-12-24,3.460000
2001-12-26,3.470000
2001-12-27,3.390000
2001-12-28,3.430000
2001-12-31,3.330000
2002-01-02,3.460000
2002-01-03,3.430000
2002-01-04,3.460000
2002-01-07,3.410000
2002-01-08,3.420000
2002-01-09,3.420000
2002-01-10,3.320000
2002-01-11,3.340000
2002-01-14,3.330000
2002-01-15,3.280000
2002-01-16,3.270000
2002-01-17,3.340000
2002-01-18,3.320000
2002-01-22,3.260000
2002-01-23,3.340000
2002-01-24,3.350000
2002-01-25,3.380000
2002-01-28,3.360000
2002-01-29,3.300000
2002-01-30,3.270000
2002-01-31,3.310000
2002-02-01,3.260000
2002-02-04,3.170000
2002-02-05,3.160000
2002-02-06,3.180000
2002-02-07,3.200000
2002-02-08,3.170000
2002-02-11,3.160000
2002-02-12,3.220000
2002-02-13,3.250000
2002-02-14,3.200000
2002-02-15,3.120000
2002-02-19,3.120000
2002-02-20,3.120000
2002-02-21,3.120000
2002-02-22,3.080000
2002-02-25,3.090000
2002-02-26,3.160000
2002-02-27,3.070000
2002-02-28,3.090000
2002-03-01,3.210000
2002-03-04,3.210000
2002-03-05,3.220000
2002-03-06,3.280000
2002-03-07,3.440000
2002-03-08,3.520000
2002-03-11,3.470000
2002-03-12,3.480000
2002-03-13,3.460000
2002-03-14,3.540000
2002-03-15,3.490000
2002-03-18,3.440000
2002-03-19,3.480000
2002-03-20,3.560000
2002-03-21,3.550000
2002-03-22,3.560000
2002-03-25,3.560000
2002-03-26,3.540000
2002-03-27,3.540000
2002-03-28,3.630000
2002-04-01,3.650000
2002-04-02,3.560000
2002-04-03,3.510000
2002-04-04,3.500000
2002-04-05,3.460000
2002-04-08,3.500000
2002-04-09,3.490000
2002-04-10,3.530000
2002-04-11,3.500000
2002-04-12,3.470000
2002-04-15,3.430000
2002-04-16,3.460000
2002-04-17,3.510000
2002-04-18,3.510000
2002-04-19,3.480000
2002-04-22,3.470000
2002-04-23,3.450000
2002-04-24,3.390000
2002-04-25,3.360000
2002-04-26,3.330000
2002-04-29,3.350000
2002-04-30,3.340000
2002-05-01,3.310000
2002-05-02,3.360000
2002-05-03,3.320000
2002-05-06,3.320000
2002-05-07,3.330000
2002-05-08,3.480000
2002-05-09,3.430000
2002-05-10,3.380000
2002-05-13,3.440000
2002-05-14,3.540000
2002-05-15,3.520000
2002-05-16,3.450000
2002-05-17,3.510000
2002-05-20,3.440000
2002-05-21,3.430000
2002-05-22,3.390000
2002-05-23,3.420000
2002-05-24,3.420000
2002-05-28,3.390000
2002-05-29,3.360000
2002-05-30,3.310000
2002-05-31,3.340000
2002-06-03,3.290000
2002-06-04,3.280000
2002-06-05,3.330000
2002-06-06,3.300000
2002-06-07,3.360000
2002-06-10,3.310000
2002-06-11,3.270000
2002-06-12,3.240000
2002-06-13,3.220000
2002-06-14,3.120000
2002-06-17,3.150000
2002-06-18,3.150000
2002-06-19,3.050000
2002-06-20,3.120000
2002-06-21,3.070000
2002-06-24,3.130000
2002-06-25,3.150000
2002-06-26,3.050000
2002-06-27,3.140000
2002-06-28,3.160000
2002-07-01,3.130000
2002-07-02,3.050000
2002-07-03,3.060000
2002-07-05,3.180000
2002-07-08,3.110000
2002-07-09,3.060000
2002-07-10,2.940000
2002-07-11,2.940000
2002-07-12,2.920000
2002-07-15,2.940000
2002-07-16,3.030000
2002-07-17,2.990000
2002-07-18,2.940000
2002-07-19,2.900000
2002-07-22,2.810000
2002-07-23,2.770000
2002-07-24,2.800000
2002-07-25,2.730000
2002-07-26,2.740000
2002-07-29,2.900000
2002-07-30,2.930000
2002-07-31,2.800000
2002-08-01,2.790000
2002-08-02,2.700000
2002-08-05,2.650000
2002-08-06,2.770000
2002-08-07,2.760000
2002-08-08,2.780000
2002-08-09,2.650000
2002-08-12,2.540000
2002-08-13,2.490000
2002-08-14,2.420000
2002-08-15,2.550000
2002-08-16,2.700000
2002-08-19,2.620000
2002-08-20,2.550000
2002-08-21,2.570000
2002-08-22,2.650000
2002-08-23,2.600000
2002-08-26,2.540000
2002-08-27,2.610000
2002-08-28,2.550000
2002-08-29,2.480000
2002-08-30,2.450000
2002-09-03,2.340000
2002-09-04,2.330000
2002-09-05,2.300000
2002-09-06,2.390000
2002-09-09,2.360000
2002-09-10,2.320000
2002-09-11,2.380000
2002-09-12,2.290000
2002-09-13,2.230000
2002-09-16,2.190000
2002-09-17,2.170000
2002-09-18,2.180000
2002-09-19,2.140000
2002-09-20,2.140000
2002-09-23,2.050000
2002-09-24,2.040000
2002-09-25,2.110000
2002-09-26,2.140000
2002-09-27,2.060000
2002-09-30,2.060000
2002-10-01,2.130000
2002-10-02,2.130000
2002-10-03,2.130000
2002-10-04,2.080000
2002-10-07,2.010000
2002-10-08,2.040000
2002-10-09,2.040000
2002-10-10,2.100000
2002-10-11,2.250000
2002-10-15,2.390000
2002-10-16,2.400000
2002-10-17,2.490000
2002-10-18,2.470000
2002-10-21,2.530000
2002-10-22,2.580000
2002-10-23,2.580000
2002-10-24,2.510000
2002-10-25,2.480000
2002-10-28,2.510000
2002-10-29,2.460000
2002-10-30,2.480000
2002-10-31,2.490000
2002-11-01,2.580000
2002-11-04,2.640000
2002-11-05,2.680000
2002-11-06,2.860000
2002-11-07,2.660000
2002-11-08,2.630000
2002-11-12,2.620000
2002-11-13,2.630000
2002-11-14,2.810000
2002-11-15,2.830000
2002-11-18,2.790000
2002-11-19,2.780000
2002-11-20,2.860000
2002-11-21,2.920000
2002-11-22,2.950000
2002-11-25,2.950000
2002-11-26,2.860000
2002-11-27,3.030000
2002-11-29,3.000000
2002-12-02,2.980000
2002-12-03,3.010000
2002-12-04,2.960000
2002-12-05,2.910000
2002-12-06,2.880000
2002-12-09,2.830000
2002-12-10,2.850000
2002-12-11,2.800000
2002-12-12,2.800000
2002-12-13,2.860000
2002-12-16,2.920000
2002-12-17,2.910000
2002-12-18,2.850000
2002-12-19,2.750000
2002-12-20,2.760000
2002-12-23,2.790000
2002-12-24,2.760000
2002-12-26,2.750000
2002-12-27,2.670000
2002-12-30,2.600000
2002-12-31,2.610000
2003-01-02,2.850000
2003-01-03,2.830000
2003-01-06,2.880000
2003-01-07,2.850000
2003-01-08,2.810000
2003-01-09,2.990000
2003-01-10,2.960000
2003-01-13,2.940000
2003-01-14,2.910000
2003-01-15,2.900000
2003-01-16,2.920000
2003-01-17,2.870000
2003-01-21,2.820000
2003-01-22,2.780000
2003-01-23,2.810000
2003-01-24,2.780000
2003-01-27,2.810000
2003-01-28,2.820000
2003-01-29,2.880000
2003-01-30,2.820000
2003-01-31,2.820000
2003-02-03,2.830000
2003-02-04,2.800000
2003-02-05,2.840000
2003-02-06,2.800000
2003-02-07,2.790000
2003-02-10,2.820000
2003-02-11,2.800000
2003-02-12,2.750000
2003-02-13,2.720000
2003-02-14,2.770000
2003-02-18,2.750000
2003-02-19,2.700000
2003-02-20,2.660000
2003-02-21,2.710000
2003-02-24,2.650000
2003-02-25,2.610000
2003-02-26,2.570000
2003-02-27,2.550000
2003-02-28,2.510000
2003-03-03,2.480000
2003-03-04,2.460000
2003-03-05,2.450000
2003-03-06,2.490000
2003-03-07,2.510000
2003-03-10,2.510000
2003-03-11,2.500000
2003-03-12,2.500000
2003-03-13,2.620000
2003-03-14,2.590000
2003-03-17,2.670000
2003-03-18,2.770000
2003-03-19,2.820000
2003-03-20,2.840000
2003-03-21,2.930000
2003-03-24,2.810000
2003-03-25,2.790000
2003-03-26,2.780000
2003-03-27,2.790000
2003-03-28,2.780000
2003-03-31,2.690000
2003-04-01,2.720000
2003-04-02,2.810000
2003-04-03,2.820000
2003-04-04,2.850000
2003-04-07,2.860000
2003-04-08,2.800000
2003-04-09,2.800000
2003-04-10,2.810000
2003-04-11,2.830000
2003-04-14,2.840000
2003-04-15,2.800000
2003-04-16,2.790000
2003-04-17,2.800000
2003-04-21,2.820000
2003-04-22,2.830000
2003-04-23,2.850000
2003-04-24,2.780000
2003-04-25,2.770000
2003-04-28,2.780000
2003-04-29,2.810000
2003-04-30,2.760000
2003-05-01,2.780000
2003-05-02,2.820000
2003-05-05,2.790000
2003-05-06,2.740000
2003-05-07,2.610000
2003-05-08,2.610000
2003-05-09,2.580000
2003-05-12,2.540000
2003-05-13,2.540000
2003-05-14,2.470000
2003-05-15,2.470000
2003-05-16,2.410000
2003-05-19,2.410000
2003-05-20,2.340000
2003-05-21,2.330000
2003-05-22,2.260000
2003-05-23,2.260000
2003-05-27,2.320000
2003-05-28,2.320000
2003-05-29,2.240000
2003-05-30,2.260000
2003-06-02,2.290000
2003-06-03,2.260000
2003-06-04,2.250000
2003-06-05,2.300000
2003-06-06,2.320000
2003-06-09,2.260000
2003-06-10,2.230000
2003-06-11,2.270000
2003-06-12,2.260000
2003-06-13,2.270000
2003-06-16,2.310000
2003-06-17,2.370000
2003-06-18,2.480000
2003-06-19,2.540000
2003-06-20,2.570000
2003-06-23,2.470000
2003-06-24,2.460000
2003-06-25,2.460000
2003-06-26,2.640000
2003-06-27,2.710000
2003-06-30,2.640000
2003-07-01,2.670000
2003-07-02,2.690000
2003-07-03,2.800000
2003-07-07,2.820000
2003-07-08,2.830000
2003-07-09,2.830000
2003-07-10,2.810000
2003-07-11,2.770000
2003-07-14,2.830000
2003-07-15,3.020000
2003-07-16,3.060000
2003-07-17,3.080000
2003-07-18,3.090000
2003-07-21,3.260000
2003-07-22,3.240000
2003-07-23,3.190000
2003-07-24,3.270000
2003-07-25,3.290000
2003-07-28,3.340000
2003-07-29,3.430000
2003-07-30,3.360000
2003-07-31,3.530000
2003-08-01,3.490000
2003-08-04,3.380000
2003-08-05,3.510000
2003-08-06,3.370000
2003-08-07,3.350000
2003-08-08,3.310000
2003-08-11,3.420000
2003-08-12,3.420000
2003-08-13,3.620000
2003-08-14,3.590000
2003-08-15,3.600000
2003-08-18,3.530000
2003-08-19,3.420000
2003-08-20,3.490000
2003-08-21,3.560000
2003-08-22,3.500000
2003-08-25,3.510000
2003-08-26,3.490000
2003-08-27,3.540000
2003-08-28,3.430000
2003-08-29,3.470000
2003-09-02,3.630000
2003-09-03,3.630000
2003-09-04,3.550000
2003-09-05,3.390000
2003-09-08,3.440000
2003-09-09,3.410000
2003-09-10,3.320000
2003-09-11,3.390000
2003-09-12,3.310000
2003-09-15,3.320000
2003-09-16,3.360000
2003-09-17,3.250000
2003-09-18,3.230000
2003-09-19,3.220000
2003-09-22,3.310000
2003-09-23,3.310000
2003-09-24,3.210000
2003-09-25,3.180000
2003-09-26,3.100000
2003-09-29,3.130000
2003-09-30,3.010000
2003-10-01,3.010000
2003-10-02,3.090000
2003-10-03,3.270000
2003-10-06,3.230000
2003-10-07,3.350000
2003-10-08,3.360000
2003-10-09,3.410000
2003-10-10,3.370000
2003-10-14,3.440000
2003-10-15,3.500000
2003-10-16,3.540000
2003-10-17,3.480000
2003-10-20,3.460000
2003-10-21,3.450000
2003-10-22,3.330000
2003-10-23,3.380000
2003-10-24,3.290000
2003-10-27,3.320000
2003-10-28,3.270000
2003-10-29,3.350000
2003-10-30,3.400000
2003-10-31,3.370000
2003-11-03,3.440000
2003-11-04,3.380000
2003-11-05,3.420000
2003-11-06,3.490000
2003-11-07,3.520000
2003-11-10,3.520000
2003-11-12,3.490000
2003-11-13,3.360000
2003-11-14,3.270000
2003-11-17,3.220000
2003-11-18,3.210000
2003-11-19,3.290000
2003-11-20,3.210000
2003-11-21,3.210000
2003-11-24,3.270000
2003-11-25,3.240000
2003-11-26,3.310000
2003-11-28,3.410000
2003-12-01,3.450000
2003-12-02,3.440000
2003-12-03,3.470000
2003-12-04,3.450000
2003-12-05,3.310000
2003-12-08,3.360000
2003-12-09,3.390000
2003-12-10,3.370000
2003-12-11,3.370000
2003-12-12,3.350000
2003-12-15,3.380000
2003-12-16,3.330000
2003-12-17,3.290000
2003-12-18,3.270000
2003-12-19,3.270000
2003-12-22,3.280000
2003-12-23,3.380000
2003-12-24,3.300000
2003-12-26,3.300000
2003-12-29,3.340000
2003-12-30,3.350000
2003-12-31,3.320000
2004-01-02,3.450000
2004-01-05,3.500000
2004-01-06,3.380000
2004-01-07,3.360000
2004-01-08,3.390000
2004-01-09,3.240000
2004-01-12,3.220000
2004-01-13,3.160000
2004-01-14,3.130000
2004-01-15,3.110000
2004-01-16,3.150000
2004-01-20,3.190000
2004-01-21,3.160000
2004-01-22,3.110000
2004-01-23,3.190000
2004-01-26,3.260000
2004-01-27,3.200000
2004-01-28,3.280000
2004-01-29,3.280000
2004-01-30,3.240000
2004-02-02,3.240000
2004-02-03,3.190000
2004-02-04,3.210000
2004-02-05,3.260000
2004-02-06,3.190000
2004-02-09,3.150000
2004-02-10,3.180000
2004-02-11,3.120000
2004-02-12,3.170000
2004-02-13,3.130000
2004-02-17,3.100000
2004-02-18,3.110000
2004-02-19,3.110000
2004-02-20,3.160000
2004-02-23,3.080000
2004-02-24,3.070000
2004-02-25,3.060000
2004-02-26,3.090000
2004-02-27,3.030000
2004-03-01,3.030000
2004-03-02,3.080000
2004-03-03,3.100000
2004-03-04,3.080000
2004-03-05,2.910000
2004-03-08,2.820000
2004-03-09,2.770000
2004-03-10,2.780000
2004-03-11,2.770000
2004-03-12,2.820000
2004-03-15,2.820000
2004-03-16,2.740000
2004-03-17,2.780000
2004-03-18,2.830000
2004-03-19,2.860000
2004-03-22,2.790000
2004-03-23,2.780000
2004-03-24,2.800000
2004-03-25,2.810000
2004-03-26,2.900000
2004-03-29,2.950000
2004-03-30,2.950000
2004-03-31,2.910000
2004-04-01,2.980000
2004-04-02,3.200000
2004-04-05,3.300000
2004-04-06,3.250000
2004-04-07,3.240000
2004-04-08,3.280000
2004-04-12,3.310000
2004-04-13,3.410000
2004-04-14,3.450000
2004-04-15,3.470000
2004-04-16,3.430000
2004-04-19,3.430000
2004-04-20,3.460000
2004-04-21,3.460000
2004-04-22,3.430000
2004-04-23,3.500000
2004-04-26,3.470000
2004-04-27,3.450000
2004-04-28,3.530000
2004-04-29,3.580000
2004-04-30,3.550000
2004-05-03,3.530000
2004-05-04,3.560000
2004-05-05,3.620000
2004-05-06,3.630000
2004-05-07,3.720000
2004-05-10,3.730000
2004-05-11,3.740000
2004-05-12,3.790000
2004-05-13,3.850000
2004-05-14,3.800000
2004-05-17,3.640000
2004-05-18,3.690000
2004-05-19,3.750000
2004-05-20,3.690000
2004-05-21,3.730000
2004-05-24,3.680000
2004-05-25,3.660000
2004-05-26,3.590000
2004-05-27,3.540000
2004-05-28,3.580000
2004-06-01,3.540000
2004-06-02,3.570000
2004-06-03,3.540000
2004-06-04,3.570000
2004-06-07,3.540000
2004-06-08,3.510000
2004-06-09,3.550000
2004-06-10,3.510000
2004-06-14,3.480000
2004-06-15,3.350000
2004-06-16,3.440000
2004-06-17,3.430000
2004-06-18,3.430000
2004-06-21,3.370000
2004-06-22,3.400000
2004-06-23,3.420000
2004-06-24,3.370000
2004-06-25,3.350000
2004-06-28,3.380000
2004-06-29,3.320000
2004-06-30,3.290000
2004-07-01,3.350000
2004-07-02,3.180000
2004-07-06,3.150000
2004-07-07,3.200000
2004-07-08,3.220000
2004-07-09,3.210000
2004-07-12,3.120000
2004-07-13,3.160000
2004-07-14,3.160000
2004-07-15,3.150000
2004-07-16,3.030000
2004-07-19,3.030000
2004-07-20,3.110000
2004-07-21,3.150000
2004-07-22,3.110000
2004-07-23,3.070000
2004-07-26,3.040000
2004-07-27,3.160000
2004-07-28,3.150000
2004-07-29,3.150000
2004-07-30,3.050000
2004-08-02,2.980000
2004-08-03,2.970000
2004-08-04,2.960000
2004-08-05,2.950000
2004-08-06,2.800000
2004-08-09,2.770000
2004-08-10,2.820000
2004-08-11,2.860000
2004-08-12,2.840000
2004-08-13,2.780000
2004-08-16,2.770000
2004-08-17,2.730000
2004-08-18,2.740000
2004-08-19,2.740000
2004-08-20,2.750000
2004-08-23,2.740000
2004-08-24,2.740000
2004-08-25,2.720000
2004-08-26,2.670000
2004-08-27,2.670000
2004-08-30,2.580000
2004-08-31,2.540000
2004-09-01,2.550000
2004-09-02,2.600000
2004-09-03,2.650000
2004-09-07,2.600000
2004-09-08,2.530000
2004-09-09,2.580000
2004-09-10,2.530000
2004-09-13,2.500000
2004-09-14,2.490000
2004-09-15,2.510000
2004-09-16,2.410000
2004-09-17,2.430000
2004-09-20,2.340000
2004-09-21,2.330000
2004-09-22,2.290000
2004-09-23,2.300000
2004-09-24,2.310000
2004-09-27,2.270000
2004-09-28,2.300000
2004-09-29,2.380000
2004-09-30,2.430000
2004-10-01,2.500000
2004-10-04,2.480000
2004-10-05,2.470000
2004-10-06,2.520000
2004-10-07,2.560000
2004-10-08,2.440000
2004-10-12,2.400000
2004-10-13,2.370000
2004-10-14,2.290000
2004-10-15,2.310000
2004-10-18,2.260000
2004-10-19,2.250000
2004-10-20,2.190000
2004-10-21,2.160000
2004-10-22,2.150000
2004-10-25,2.090000
2004-10-26,2.100000
2004-10-27,2.190000
2004-10-28,2.180000
2004-10-29,2.140000
2004-11-01,2.120000
2004-11-02,2.130000
2004-11-03,2.130000
2004-11-04,2.120000
2004-11-05,2.180000
2004-11-08,2.150000
2004-11-09,2.140000
2004-11-10,2.170000
2004-11-12,2.120000
2004-11-15,2.080000
2004-11-16,2.070000
2004-11-17,2.010000
2004-11-18,1.990000
2004-11-19,2.050000
2004-11-22,1.980000
2004-11-23,2.000000
2004-11-24,2.020000
2004-11-26,2.030000
2004-11-29,2.110000
2004-11-30,2.130000
2004-12-01,2.160000
2004-12-02,2.180000
2004-12-03,2.060000
2004-12-06,1.990000
2004-12-07,1.980000
2004-12-08,1.900000
2004-12-09,1.950000
2004-12-10,1.910000
2004-12-13,1.920000
2004-12-14,1.930000
2004-12-15,1.880000
2004-12-16,1.990000
2004-12-17,2.010000
2004-12-20,1.990000
2004-12-21,1.980000
2004-12-22,2.030000
2004-12-23,2.040000
2004-12-27,2.040000
2004-12-28,2.060000
2004-12-29,2.110000
2004-12-30,2.050000
2004-12-31,2.020000
2005-01-03,1.910000
2005-01-04,1.960000
2005-01-05,1.960000
2005-01-06,1.980000
2005-01-07,1.970000
2005-01-10,1.930000
2005-01-11,1.920000
2005-01-12,1.910000
2005-01-13,1.850000
2005-01-14,1.860000
2005-01-18,1.820000
2005-01-19,1.830000
2005-01-20,1.820000
2005-01-21,1.800000
2005-01-24,1.770000
2005-01-25,1.810000
2005-01-26,1.800000
2005-01-27,1.780000
2005-01-28,1.700000
2005-01-31,1.630000
2005-02-01,1.640000
2005-02-02,1.640000
2005-02-03,1.700000
2005-02-04,1.620000
2005-02-07,1.560000
2005-02-08,1.560000
2005-02-09,1.490000
2005-02-10,1.560000
2005-02-11,1.550000
2005-02-14,1.490000
2005-02-15,1.510000
2005-02-16,1.590000
2005-02-17,1.610000
2005-02-18,1.660000
2005-02-22,1.620000
2005-02-23,1.600000
2005-02-24,1.600000
2005-02-25,1.530000
2005-02-28,1.600000
2005-03-01,1.630000
2005-03-02,1.640000
2005-03-03,1.630000
2005-03-04,1.560000
2005-03-07,1.550000
2005-03-08,1.630000
2005-03-09,1.760000
2005-03-10,1.730000
2005-03-11,1.800000
2005-03-14,1.720000
2005-03-15,1.730000
2005-03-16,1.720000
2005-03-17,1.680000
2005-03-18,1.700000
2005-03-21,1.680000
2005-03-22,1.740000
2005-03-23,1.780000
2005-03-24,1.760000
2005-03-28,1.800000
2005-03-29,1.760000
2005-03-30,1.730000
2005-03-31,1.710000
2005-04-01,1.660000
2005-04-04,1.670000
2005-04-05,1.690000
2005-04-06,1.680000
2005-04-07,1.720000
2005-04-08,1.710000
2005-04-11,1.690000
2005-04-12,1.620000
2005-04-13,1.610000
2005-04-14,1.590000
2005-04-15,1.480000
2005-04-18,1.370000
2005-04-19,1.300000
2005-04-20,1.350000
2005-04-21,1.440000
2005-04-22,1.330000
2005-04-25,1.330000
2005-04-26,1.370000
2005-04-27,1.360000
2005-04-28,1.310000
2005-04-29,1.310000
2005-05-02,1.280000
2005-05-03,1.300000
2005-05-04,1.330000
2005-05-05,1.380000
2005-05-06,1.410000
2005-05-09,1.380000
2005-05-10,1.330000
2005-05-11,1.340000
2005-05-12,1.300000
2005-05-13,1.290000
2005-05-16,1.240000
2005-05-17,1.240000
2005-05-18,1.210000
2005-05-19,1.240000
2005-05-20,1.230000
2005-05-23,1.100000
2005-05-24,1.100000
2005-05-25,1.130000
2005-05-26,1.140000
2005-05-27,1.110000
2005-05-31,1.010000
2005-06-01,0.940000
2005-06-02,0.920000
2005-06-03,0.970000
2005-06-06,0.940000
2005-06-07,0.900000
2005-06-08,0.930000
2005-06-09,0.990000
2005-06-10,1.040000
2005-06-13,1.060000
2005-06-14,1.120000
2005-06-15,1.120000
2005-06-16,1.110000
2005-06-17,1.100000
2005-06-20,1.090000
2005-06-21,1.040000
2005-06-22,0.920000
2005-06-23,0.890000
2005-06-24,0.830000
2005-06-27,0.750000
2005-06-28,0.830000
2005-06-29,0.860000
2005-06-30,0.810000
2005-07-01,0.890000
2005-07-05,0.890000
2005-07-06,0.890000
2005-07-07,0.900000
2005-07-08,0.940000
2005-07-11,0.920000
2005-07-12,0.940000
2005-07-13,0.950000
2005-07-14,0.960000
2005-07-15,0.920000
2005-07-18,0.920000
2005-07-19,0.890000
2005-07-20,0.870000
2005-07-21,0.930000
2005-07-22,0.850000
2005-07-25,0.810000
2005-07-26,0.810000
2005-07-27,0.870000
2005-07-28,0.790000
2005-07-29,0.860000
2005-08-01,0.840000
2005-08-02,0.850000
2005-08-03,0.840000
2005-08-04,0.850000
2005-08-05,0.880000
2005-08-08,0.880000
2005-08-09,0.890000
2005-08-10,0.890000
2005-08-11,0.810000
2005-08-12,0.720000
2005-08-15,0.730000
2005-08-16,0.690000
2005-08-17,0.760000
2005-08-18,0.710000
2005-08-19,0.690000
2005-08-22,0.690000
2005-08-23,0.670000
2005-08-24,0.660000
2005-08-25,0.640000
2005-08-26,0.650000
2005-08-29,0.660000
2005-08-30,0.620000
2005-08-31,0.500000
2005-09-01,0.540000
2005-09-02,0.570000
2005-09-06,0.570000
2005-09-07,0.660000
2005-09-08,0.670000
2005-09-09,0.650000
2005-09-12,0.670000
2005-09-13,0.670000
2005-09-14,0.750000
2005-09-15,0.770000
2005-09-16,0.760000
2005-09-19,0.670000
2005-09-20,0.650000
2005-09-21,0.780000
2005-09-22,0.720000
2005-09-23,0.770000
2005-09-26,0.780000
2005-09-27,0.810000
2005-09-28,0.800000
2005-09-29,0.750000
2005-09-30,0.790000
2005-10-03,0.780000
2005-10-04,0.750000
2005-10-05,0.780000
2005-10-06,0.760000
2005-10-07,0.720000
2005-10-11,0.660000
2005-10-12,0.750000
2005-10-13,0.730000
2005-10-14,0.700000
2005-10-17,0.640000
2005-10-18,0.640000
2005-10-19,0.610000
2005-10-20,0.610000
2005-10-21,0.520000
2005-10-24,0.530000
2005-10-25,0.610000
2005-10-26,0.700000
2005-10-27,0.690000
2005-10-28,0.650000
2005-10-31,0.590000
2005-11-01,0.620000
2005-11-02,0.670000
2005-11-03,0.710000
2005-11-04,0.680000
2005-11-07,0.690000
2005-11-08,0.610000
2005-11-09,0.650000
2005-11-10,0.580000
2005-11-14,0.590000
2005-11-15,0.550000
2005-11-16,0.490000
2005-11-17,0.450000
2005-11-18,0.490000
2005-11-21,0.460000
2005-11-22,0.500000
2005-11-23,0.520000
2005-11-25,0.480000
2005-11-28,0.430000
2005-11-29,0.500000
2005-11-30,0.540000
2005-12-01,0.550000
2005-12-02,0.530000
2005-12-05,0.530000
2005-12-06,0.450000
2005-12-07,0.490000
2005-12-08,0.530000
2005-12-09,0.600000
2005-12-12,0.660000
2005-12-13,0.630000
2005-12-14,0.560000
2005-12-15,0.540000
2005-12-16,0.520000
2005-12-19,0.490000
2005-12-20,0.520000
2005-12-21,0.510000
2005-12-22,0.460000
2005-12-23,0.390000
2005-12-27,0.360000
2005-12-28,0.430000
2005-12-29,0.360000
2005-12-30,0.310000
2006-01-03,0.210000
2006-01-04,0.170000
2006-01-05,0.160000
2006-01-06,0.160000
2006-01-09,0.150000
2006-01-10,0.140000
2006-01-11,0.160000
2006-01-12,0.100000
2006-01-13,0.030000
2006-01-17,-0.040000
2006-01-18,-0.010000
2006-01-19,0.030000
2006-01-20,0.020000
2006-01-23,-0.020000
2006-01-24,0.000000
2006-01-25,0.070000
2006-01-26,0.080000
2006-01-27,0.070000
2006-01-30,0.060000
2006-01-31,0.060000
2006-02-01,0.100000
2006-02-02,0.090000
2006-02-03,0.060000
2006-02-06,0.070000
2006-02-07,0.080000
2006-02-08,0.060000
2006-02-09,0.020000
2006-02-10,0.060000
2006-02-13,0.030000
2006-02-14,0.070000
2006-02-15,0.060000
2006-02-16,0.040000
2006-02-17,0.000000
2006-02-21,0.010000
2006-02-22,-0.040000
2006-02-23,-0.030000
2006-02-24,-0.020000
2006-02-27,-0.030000
2006-02-28,-0.070000
2006-03-01,-0.010000
2006-03-02,0.020000
2006-03-03,0.060000
2006-03-06,0.140000
2006-03-07,0.140000
2006-03-08,0.150000
2006-03-09,0.140000
2006-03-10,0.140000
2006-03-13,0.160000
2006-03-14,0.120000
2006-03-15,0.100000
2006-03-16,0.030000
2006-03-17,0.040000
2006-03-20,0.000000
2006-03-21,0.020000
2006-03-22,0.010000
2006-03-23,0.060000
2006-03-24,0.020000
2006-03-27,0.070000
2006-03-28,0.140000
2006-03-29,0.180000
2006-03-30,0.250000
2006-03-31,0.230000
2006-04-03,0.210000
2006-04-04,0.190000
2006-04-05,0.170000
2006-04-06,0.220000
2006-04-07,0.280000
2006-04-10,0.280000
2006-04-11,0.230000
2006-04-12,0.280000
2006-04-13,0.350000
2006-04-17,0.290000
2006-04-18,0.270000
2006-04-19,0.310000
2006-04-20,0.310000
2006-04-21,0.260000
2006-04-24,0.240000
2006-04-25,0.280000
2006-04-26,0.330000
2006-04-27,0.310000
2006-04-28,0.300000
2006-05-01,0.320000
2006-05-02,0.310000
2006-05-03,0.330000
2006-05-04,0.360000
2006-05-05,0.290000
2006-05-08,0.250000
2006-05-09,0.250000
2006-05-10,0.250000
2006-05-11,0.320000
2006-05-12,0.340000
2006-05-15,0.290000
2006-05-16,0.270000
2006-05-17,0.330000
2006-05-18,0.250000
2006-05-19,0.230000
2006-05-22,0.210000
2006-05-23,0.230000
2006-05-24,0.210000
2006-05-25,0.250000
2006-05-26,0.220000
2006-05-30,0.250000
2006-05-31,0.260000
2006-06-01,0.280000
2006-06-02,0.190000
2006-06-05,0.170000
2006-06-06,0.150000
2006-06-07,0.160000
2006-06-08,0.130000
2006-06-09,0.100000
2006-06-12,0.060000
2006-06-13,0.080000
2006-06-14,0.150000
2006-06-15,0.250000
2006-06-16,0.250000
2006-06-19,0.210000
2006-06-20,0.230000
2006-06-21,0.240000
2006-06-22,0.280000
2006-06-23,0.250000
2006-06-26,0.220000
2006-06-27,0.160000
2006-06-28,0.240000
2006-06-29,0.210000
2006-06-30,0.140000
2006-07-03,0.070000
2006-07-05,0.220000
2006-07-06,0.190000
2006-07-07,0.120000
2006-07-10,0.070000
2006-07-11,0.050000
2006-07-12,0.040000
2006-07-13,0.030000
2006-07-14,0.010000
2006-07-17,-0.040000
2006-07-18,0.000000
2006-07-19,-0.050000
2006-07-20,-0.050000
2006-07-21,-0.050000
2006-07-24,-0.050000
2006-07-25,-0.060000
2006-07-26,-0.070000
2006-07-27,-0.030000
2006-07-28,-0.070000
2006-07-31,-0.110000
2006-08-01,-0.130000
2006-08-02,-0.140000
2006-08-03,-0.150000
2006-08-04,-0.180000
2006-08-07,-0.190000
2006-08-08,-0.170000
2006-08-09,-0.150000
2006-08-10,-0.120000
2006-08-11,-0.100000
2006-08-14,-0.120000
2006-08-15,-0.170000
2006-08-16,-0.200000
2006-08-17,-0.220000
2006-08-18,-0.260000
2006-08-21,-0.290000
2006-08-22,-0.280000
2006-08-23,-0.270000
2006-08-24,-0.280000
2006-08-25,-0.320000
2006-08-28,-0.300000
2006-08-29,-0.280000
2006-08-30,-0.290000
2006-08-31,-0.310000
2006-09-01,-0.290000
2006-09-05,-0.220000
2006-09-06,-0.170000
2006-09-07,-0.170000
2006-09-08,-0.150000
2006-09-11,-0.130000
2006-09-12,-0.120000
2006-09-13,-0.140000
2006-09-14,-0.160000
2006-09-15,-0.160000
2006-09-18,-0.130000
2006-09-19,-0.200000
2006-09-20,-0.200000
2006-09-21,-0.270000
2006-09-22,-0.330000
2006-09-25,-0.320000
2006-09-26,-0.290000
2006-09-27,-0.280000
2006-09-28,-0.240000
2006-09-29,-0.250000
2006-10-02,-0.260000
2006-10-03,-0.280000
2006-10-04,-0.360000
2006-10-05,-0.330000
2006-10-06,-0.250000
2006-10-10,-0.250000
2006-10-11,-0.240000
2006-10-12,-0.270000
2006-10-13,-0.240000
2006-10-16,-0.300000
2006-10-17,-0.310000
2006-10-18,-0.320000
2006-10-19,-0.310000
2006-10-20,-0.300000
2006-10-23,-0.290000
2006-10-24,-0.300000
2006-10-25,-0.340000
2006-10-26,-0.390000
2006-10-27,-0.430000
2006-10-30,-0.420000
2006-10-31,-0.470000
2006-11-01,-0.500000
2006-11-02,-0.470000
2006-11-03,-0.370000
2006-11-06,-0.380000
2006-11-07,-0.420000
2006-11-08,-0.460000
2006-11-09,-0.470000
2006-11-10,-0.510000
2006-11-13,-0.480000
2006-11-14,-0.520000
2006-11-15,-0.480000
2006-11-16,-0.430000
2006-11-17,-0.480000
2006-11-20,-0.480000
2006-11-21,-0.490000
2006-11-22,-0.480000
2006-11-24,-0.490000
2006-11-27,-0.510000
2006-11-28,-0.530000
2006-11-29,-0.520000
2006-11-30,-0.570000
2006-12-01,-0.600000
2006-12-04,-0.580000
2006-12-05,-0.540000
2006-12-06,-0.510000
2006-12-07,-0.490000
2006-12-08,-0.410000
2006-12-11,-0.410000
2006-12-12,-0.440000
2006-12-13,-0.360000
2006-12-14,-0.360000
2006-12-15,-0.310000
2006-12-18,-0.360000
2006-12-19,-0.360000
2006-12-20,-0.360000
2006-12-21,-0.420000
2006-12-22,-0.360000
2006-12-26,-0.380000
2006-12-27,-0.310000
2006-12-28,-0.300000
2006-12-29,-0.310000
2007-01-02,-0.390000
2007-01-03,-0.380000
2007-01-04,-0.420000
2007-01-05,-0.400000
2007-01-08,-0.420000
2007-01-09,-0.420000
2007-01-10,-0.400000
2007-01-11,-0.370000
2007-01-12,-0.320000
2007-01-16,-0.360000
2007-01-17,-0.330000
2007-01-18,-0.370000
2007-01-19,-0.360000
2007-01-22,-0.370000
2007-01-23,-0.330000
2007-01-24,-0.320000
2007-01-25,-0.270000
2007-01-26,-0.250000
2007-01-29,-0.240000
2007-01-30,-0.250000
2007-01-31,-0.290000
2007-02-01,-0.290000
2007-02-02,-0.310000
2007-02-05,-0.340000
2007-02-06,-0.370000
2007-02-07,-0.410000
2007-02-08,-0.430000
2007-02-09,-0.360000
2007-02-12,-0.380000
2007-02-13,-0.350000
2007-02-14,-0.420000
2007-02-15,-0.470000
2007-02-16,-0.480000
2007-02-20,-0.510000
2007-02-21,-0.490000
2007-02-22,-0.460000
2007-02-23,-0.500000
2007-02-26,-0.560000
2007-02-27,-0.640000
2007-02-28,-0.600000
2007-03-01,-0.590000
2007-03-02,-0.600000
2007-03-05,-0.590000
2007-03-06,-0.610000
2007-03-07,-0.620000
2007-03-08,-0.590000
2007-03-09,-0.510000
2007-03-12,-0.530000
2007-03-13,-0.590000
2007-03-14,-0.530000
2007-03-15,-0.510000
2007-03-16,-0.490000
2007-03-19,-0.480000
2007-03-20,-0.500000
2007-03-21,-0.520000
2007-03-22,-0.460000
2007-03-23,-0.460000
2007-03-26,-0.460000
2007-03-27,-0.460000
2007-03-28,-0.440000
2007-03-29,-0.410000
2007-03-30,-0.390000
2007-04-02,-0.390000
2007-04-03,-0.380000
2007-04-04,-0.410000
2007-04-05,-0.360000
2007-04-06,-0.290000
2007-04-09,-0.270000
2007-04-10,-0.300000
2007-04-11,-0.300000
2007-04-12,-0.290000
2007-04-13,-0.260000
2007-04-16,-0.270000
2007-04-17,-0.320000
2007-04-18,-0.340000
2007-04-19,-0.310000
2007-04-20,-0.310000
2007-04-23,-0.320000
2007-04-24,-0.350000
2007-04-25,-0.310000
2007-04-26,-0.270000
2007-04-27,-0.240000
2007-04-30,-0.280000
2007-05-01,-0.260000
2007-05-02,-0.260000
2007-05-03,-0.220000
2007-05-04,-0.250000
2007-05-07,-0.250000
2007-05-08,-0.270000
2007-05-09,-0.210000
2007-05-10,-0.220000
2007-05-11,-0.200000
2007-05-14,-0.160000
2007-05-15,-0.120000
2007-05-16,-0.040000
2007-05-17,-0.050000
2007-05-18,-0.030000
2007-05-21,-0.090000
2007-05-22,-0.100000
2007-05-23,-0.050000
2007-05-24,-0.050000
2007-05-25,-0.020000
2007-05-29,-0.020000
2007-05-30,0.030000
2007-05-31,0.170000
2007-06-01,0.160000
2007-06-04,0.120000
2007-06-05,0.150000
2007-06-06,0.170000
2007-06-07,0.310000
2007-06-08,0.350000
2007-06-11,0.410000
2007-06-12,0.540000
2007-06-13,0.540000
2007-06-14,0.580000
2007-06-15,0.600000
2007-06-18,0.520000
2007-06-19,0.440000
2007-06-20,0.400000
2007-06-21,0.460000
2007-06-22,0.410000
2007-06-25,0.270000
2007-06-26,0.280000
2007-06-27,0.320000
2007-06-28,0.340000
2007-06-29,0.210000
2007-07-02,0.050000
2007-07-03,0.100000
2007-07-05,0.210000
2007-07-06,0.240000
2007-07-09,0.190000
2007-07-10,0.080000
2007-07-11,0.140000
2007-07-12,0.160000
2007-07-13,0.140000
2007-07-16,0.070000
2007-07-17,0.120000
2007-07-18,0.060000
2007-07-19,0.060000
2007-07-20,-0.010000
2007-07-23,-0.050000
2007-07-24,-0.080000
2007-07-25,-0.070000
2007-07-26,-0.130000
2007-07-27,-0.050000
2007-07-30,-0.140000
2007-07-31,-0.180000
2007-08-01,-0.130000
2007-08-02,-0.120000
2007-08-03,-0.140000
2007-08-06,-0.160000
2007-08-07,-0.170000
2007-08-08,-0.110000
2007-08-09,-0.020000
2007-08-10,0.240000
2007-08-13,0.040000
2007-08-14,0.090000
2007-08-15,0.480000
2007-08-16,0.810000
2007-08-17,0.920000
2007-08-20,1.520000
2007-08-21,1.010000
2007-08-22,0.960000
2007-08-23,0.730000
2007-08-24,0.390000
2007-08-27,-0.030000
2007-08-28,0.130000
2007-08-29,0.590000
2007-08-30,0.670000
2007-08-31,0.530000
2007-09-04,0.090000
2007-09-05,0.120000
2007-09-06,0.220000
2007-09-07,0.310000
2007-09-10,0.380000
2007-09-11,0.260000
2007-09-12,0.380000
2007-09-13,0.410000
2007-09-14,0.460000
2007-09-17,0.330000
2007-09-18,0.490000
2007-09-19,0.600000
2007-09-20,0.900000
2007-09-21,0.900000
2007-09-24,0.790000
2007-09-25,0.840000
2007-09-26,0.900000
2007-09-27,0.870000
2007-09-28,0.770000
2007-10-01,0.640000
2007-10-02,0.580000
2007-10-03,0.590000
2007-10-04,0.580000
2007-10-05,0.650000
2007-10-09,0.610000
2007-10-10,0.590000
2007-10-11,0.540000
2007-10-12,0.500000
2007-10-15,0.390000
2007-10-16,0.410000
2007-10-17,0.560000
2007-10-18,0.760000
2007-10-19,0.550000
2007-10-22,0.420000
2007-10-23,0.430000
2007-10-24,0.510000
2007-10-25,0.430000
2007-10-26,0.450000
2007-10-29,0.380000
2007-10-30,0.440000
2007-10-31,0.540000
2007-11-01,0.550000
2007-11-02,0.700000
2007-11-05,0.640000
2007-11-06,0.620000
2007-11-07,0.850000
2007-11-08,0.900000
2007-11-09,0.960000
2007-11-13,0.760000
2007-11-14,0.870000
2007-11-15,0.870000
2007-11-16,0.750000
2007-11-19,0.670000
2007-11-20,0.810000
2007-11-21,0.910000
2007-11-23,0.780000
2007-11-26,0.700000
2007-11-27,0.790000
2007-11-28,0.980000
2007-11-29,0.950000
2007-11-30,0.820000
2007-12-03,0.830000
2007-12-04,0.820000
2007-12-05,0.850000
2007-12-06,0.930000
2007-12-07,1.000000
2007-12-10,1.100000
2007-12-11,1.040000
2007-12-12,1.170000
2007-12-13,1.310000
2007-12-14,1.360000
2007-12-17,1.130000
2007-12-18,1.100000
2007-12-19,1.150000
2007-12-20,1.120000
2007-12-21,1.180000
2007-12-24,0.900000
2007-12-26,0.980000
2007-12-27,1.040000
2007-12-28,0.930000
2007-12-31,0.680000
2008-01-02,0.650000
2008-01-03,0.670000
2008-01-04,0.680000
2008-01-07,0.590000
2008-01-08,0.610000
2008-01-09,0.600000
2008-01-10,0.670000
2008-01-11,0.730000
2008-01-14,0.620000
2008-01-15,0.550000
2008-01-16,0.600000
2008-01-17,0.590000
2008-01-18,0.800000
2008-01-22,1.170000
2008-01-23,1.300000
2008-01-24,1.310000
2008-01-25,1.310000
2008-01-28,1.270000
2008-01-29,1.410000
2008-01-30,1.570000
2008-01-31,1.710000
2008-02-01,1.520000
2008-02-04,1.410000
2008-02-05,1.420000
2008-02-06,1.510000
2008-02-07,1.570000
2008-02-08,1.410000
2008-02-11,1.310000
2008-02-12,1.350000
2008-02-13,1.420000
2008-02-14,1.540000
2008-02-15,1.550000
2008-02-19,1.610000
2008-02-20,1.680000
2008-02-21,1.570000
2008-02-22,1.590000
2008-02-25,1.710000
2008-02-26,1.740000
2008-02-27,1.870000
2008-02-28,1.810000
2008-02-29,1.680000
2008-03-03,1.840000
2008-03-04,1.970000
2008-03-05,2.170000
2008-03-06,2.230000
2008-03-07,2.110000
2008-03-10,2.110000
2008-03-11,2.120000
2008-03-12,2.010000
2008-03-13,2.210000
2008-03-14,2.260000
2008-03-17,2.230000
2008-03-18,2.560000
2008-03-19,2.770000
2008-03-20,2.710000
2008-03-24,2.320000
2008-03-25,2.220000
2008-03-26,2.220000
2008-03-27,2.260000
2008-03-28,2.140000
2008-03-31,2.070000
2008-04-01,2.170000
2008-04-02,2.190000
2008-04-03,2.210000
2008-04-04,2.150000
2008-04-07,2.120000
2008-04-08,2.170000
2008-04-09,2.180000
2008-04-10,2.280000
2008-04-11,2.300000
2008-04-14,2.450000
2008-04-15,2.500000
2008-04-16,2.600000
2008-04-17,2.520000
2008-04-18,2.420000
2008-04-21,2.410000
2008-04-22,2.470000
2008-04-23,2.510000
2008-04-24,2.610000
2008-04-25,2.570000
2008-04-28,2.430000
2008-04-29,2.390000
2008-04-30,2.340000
2008-05-01,2.330000
2008-05-02,2.390000
2008-05-05,2.350000
2008-05-06,2.300000
2008-05-07,2.200000
2008-05-08,2.130000
2008-05-09,2.080000
2008-05-12,2.010000
2008-05-13,2.070000
2008-05-14,2.100000
2008-05-15,2.000000
2008-05-16,2.010000
2008-05-19,2.010000
2008-05-20,1.920000
2008-05-21,1.950000
2008-05-22,2.060000
2008-05-23,1.990000
2008-05-27,2.040000
2008-05-28,2.140000
2008-05-29,2.180000
2008-05-30,2.170000
2008-06-02,2.130000
2008-06-03,2.070000
2008-06-04,2.140000
2008-06-05,2.210000
2008-06-06,2.090000
2008-06-09,2.130000
2008-06-10,2.090000
2008-06-11,2.140000
2008-06-12,2.230000
2008-06-13,2.280000
2008-06-16,2.180000
2008-06-17,2.240000
2008-06-18,2.230000
2008-06-19,2.310000
2008-06-20,2.290000
2008-06-23,2.320000
2008-06-24,2.270000
2008-06-25,2.310000
2008-06-26,2.330000
2008-06-27,2.310000
2008-06-30,2.090000
2008-07-01,2.140000
2008-07-02,2.170000
2008-07-03,2.150000
2008-07-07,2.080000
2008-07-08,2.050000
2008-07-09,2.030000
2008-07-10,2.160000
2008-07-11,2.340000
2008-07-14,2.380000
2008-07-15,2.480000
2008-07-16,2.600000
2008-07-17,2.640000
2008-07-18,2.630000
2008-07-21,2.610000
2008-07-22,2.590000
2008-07-23,2.570000
2008-07-24,2.380000
2008-07-25,2.380000
2008-07-28,2.330000
2008-07-29,2.370000
2008-07-30,2.370000
2008-07-31,2.310000
2008-08-01,2.310000
2008-08-04,2.230000
2008-08-05,2.290000
2008-08-06,2.420000
2008-08-07,2.260000
2008-08-08,2.240000
2008-08-11,2.120000
2008-08-12,2.050000
2008-08-13,2.090000
2008-08-14,2.000000
2008-08-15,1.990000
2008-08-18,2.000000
2008-08-19,2.030000
2008-08-20,2.080000
2008-08-21,2.120000
2008-08-22,2.170000
2008-08-25,2.050000
2008-08-26,2.080000
2008-08-27,2.100000
2008-08-28,2.050000
2008-08-29,2.110000
2008-09-02,2.020000
2008-09-03,2.010000
2008-09-04,1.950000
2008-09-05,1.980000
2008-09-08,1.950000
2008-09-09,1.960000
2008-09-10,2.000000
2008-09-11,2.030000
2008-09-12,2.250000
2008-09-15,2.450000
2008-09-16,2.640000
2008-09-17,3.380000
2008-09-18,3.310000
2008-09-19,2.790000
2008-09-22,2.550000
2008-09-23,3.050000
2008-09-24,3.310000
2008-09-25,3.120000
2008-09-26,2.980000
2008-09-29,2.670000
2008-09-30,2.930000
2008-10-01,2.920000
2008-10-02,3.030000
2008-10-03,3.120000
2008-10-06,2.940000
2008-10-07,2.680000
2008-10-08,3.040000
2008-10-09,3.240000
2008-10-10,3.640000
2008-10-14,3.740000
2008-10-15,3.820000
2008-10-16,3.530000
2008-10-17,3.150000
2008-10-20,2.670000
2008-10-21,2.660000
2008-10-22,2.600000
2008-10-23,2.650000
2008-10-24,2.870000
2008-10-27,2.950000
2008-10-28,3.120000
2008-10-29,3.310000
2008-10-30,3.590000
2008-10-31,3.550000
2008-11-03,3.470000
2008-11-04,3.330000
2008-11-05,3.330000
2008-11-06,3.430000
2008-11-07,3.520000
2008-11-10,3.530000
2008-11-12,3.570000
2008-11-13,3.620000
2008-11-14,3.570000
2008-11-17,3.560000
2008-11-18,3.410000
2008-11-19,3.310000
2008-11-20,3.070000
2008-11-21,3.180000
2008-11-24,3.220000
2008-11-25,3.010000
2008-11-26,2.940000
2008-11-28,2.920000
2008-12-01,2.650000
2008-12-02,2.620000
2008-12-03,2.650000
2008-12-04,2.530000
2008-12-05,2.650000
2008-12-08,2.740000
2008-12-09,2.640000
2008-12-10,2.690000
2008-12-11,2.630000
2008-12-12,2.580000
2008-12-15,2.500000
2008-12-16,2.330000
2008-12-17,2.150000
2008-12-18,2.080000
2008-12-19,2.110000
2008-12-22,2.150000
2008-12-23,2.160000
2008-12-24,2.200000
2008-12-26,2.130000
2008-12-29,2.070000
2008-12-30,2.010000
2008-12-31,2.140000
2009-01-02,2.380000
2009-01-05,2.350000
2009-01-06,2.370000
2009-01-07,2.410000
2009-01-08,2.380000
2009-01-09,2.360000
2009-01-12,2.220000
2009-01-13,2.220000
2009-01-14,2.120000
2009-01-15,2.120000
2009-01-16,2.240000
2009-01-20,2.270000
2009-01-21,2.450000
2009-01-22,2.520000
2009-01-23,2.540000
2009-01-26,2.560000
2009-01-27,2.460000
2009-01-28,2.520000
2009-01-29,2.640000
2009-01-30,2.630000
2009-02-02,2.490000
2009-02-03,2.570000
2009-02-04,2.650000
2009-02-05,2.660000
2009-02-06,2.770000
2009-02-09,2.750000
2009-02-10,2.590000
2009-02-11,2.480000
2009-02-12,2.460000
2009-02-13,2.600000
2009-02-17,2.320000
2009-02-18,2.430000
2009-02-19,2.550000
2009-02-20,2.510000
2009-02-23,2.490000
2009-02-24,2.480000
2009-02-25,2.650000
2009-02-26,2.710000
2009-02-27,2.760000
2009-03-02,2.630000
2009-03-03,2.660000
2009-03-04,2.750000
2009-03-05,2.630000
2009-03-06,2.620000
2009-03-09,2.660000
2009-03-10,2.750000
2009-03-11,2.720000
2009-03-12,2.670000
2009-03-13,2.690000
2009-03-16,2.730000
2009-03-17,2.780000
2009-03-18,2.300000
2009-03-19,2.410000
2009-03-20,2.430000
2009-03-23,2.460000
2009-03-24,2.470000
2009-03-25,2.620000
2009-03-26,2.610000
2009-03-27,2.640000
2009-03-30,2.550000
2009-03-31,2.500000
2009-04-01,2.460000
2009-04-02,2.550000
2009-04-03,2.700000
2009-04-06,2.750000
2009-04-07,2.730000
2009-04-08,2.680000
2009-04-09,2.780000
2009-04-13,2.700000
2009-04-14,2.630000
2009-04-15,2.670000
2009-04-16,2.730000
2009-04-17,2.840000
2009-04-20,2.740000
2009-04-21,2.790000
2009-04-22,2.840000
2009-04-23,2.860000
2009-04-24,2.930000
2009-04-27,2.820000
2009-04-28,2.920000
2009-04-29,3.010000
2009-04-30,3.020000
2009-05-01,3.050000
2009-05-04,3.000000
2009-05-05,3.010000
2009-05-06,2.990000
2009-05-07,3.110000
2009-05-08,3.100000
2009-05-11,2.980000
2009-05-12,2.980000
2009-05-13,2.940000
2009-05-14,2.940000
2009-05-15,2.970000
2009-05-18,3.030000
2009-05-19,3.070000
2009-05-20,3.010000
2009-05-21,3.160000
2009-05-22,3.270000
2009-05-26,3.320000
2009-05-27,3.540000
2009-05-28,3.520000
2009-05-29,3.330000
2009-06-01,3.580000
2009-06-02,3.510000
2009-06-03,3.420000
2009-06-04,3.580000
2009-06-05,3.640000
2009-06-08,3.720000
2009-06-09,3.670000
2009-06-10,3.800000
2009-06-11,3.690000
2009-06-12,3.620000
2009-06-15,3.590000
2009-06-16,3.500000
2009-06-17,3.510000
2009-06-18,3.680000
2009-06-19,3.600000
2009-06-22,3.520000
2009-06-23,3.450000
2009-06-24,3.530000
2009-06-25,3.370000
2009-06-26,3.320000
2009-06-29,3.310000
2009-06-30,3.340000
2009-07-01,3.380000
2009-07-02,3.340000
2009-07-06,3.330000
2009-07-07,3.280000
2009-07-08,3.150000
2009-07-09,3.250000
2009-07-10,3.140000
2009-07-13,3.200000
2009-07-14,3.320000
2009-07-15,3.450000
2009-07-16,3.400000
2009-07-17,3.500000
2009-07-20,3.420000
2009-07-21,3.310000
2009-07-22,3.390000
2009-07-23,3.530000
2009-07-24,3.520000
2009-07-27,3.560000
2009-07-28,3.530000
2009-07-29,3.500000
2009-07-30,3.490000
2009-07-31,3.340000
2009-08-03,3.470000
2009-08-04,3.520000
2009-08-05,3.620000
2009-08-06,3.620000
2009-08-07,3.700000
2009-08-10,3.610000
2009-08-11,3.530000
2009-08-12,3.550000
2009-08-13,3.420000
2009-08-14,3.370000
2009-08-17,3.300000
2009-08-18,3.330000
2009-08-19,3.280000
2009-08-20,3.250000
2009-08-21,3.390000
2009-08-24,3.310000
2009-08-25,3.280000
2009-08-26,3.290000
2009-08-27,3.320000
2009-08-28,3.310000
2009-08-31,3.250000
2009-09-01,3.240000
2009-09-02,3.150000
2009-09-03,3.180000
2009-09-04,3.310000
2009-09-08,3.330000
2009-09-09,3.340000
2009-09-10,3.220000
2009-09-11,3.200000
2009-09-14,3.280000
2009-09-15,3.340000
2009-09-16,3.380000
2009-09-17,3.320000
2009-09-18,3.410000
2009-09-21,3.380000
2009-09-22,3.350000
2009-09-23,3.330000
2009-09-24,3.300000
2009-09-25,3.240000
2009-09-28,3.200000
2009-09-29,3.180000
2009-09-30,3.170000
2009-10-01,3.110000
2009-10-02,3.140000
2009-10-05,3.160000
2009-10-06,3.190000
2009-10-07,3.120000
2009-10-08,3.210000
2009-10-09,3.330000
2009-10-13,3.270000
2009-10-14,3.380000
2009-10-15,3.420000
2009-10-16,3.360000
2009-10-19,3.330000
2009-10-20,3.270000
2009-10-21,3.350000
2009-10-22,3.380000
2009-10-23,3.440000
2009-10-26,3.510000
2009-10-27,3.410000
2009-10-28,3.370000
2009-10-29,3.470000
2009-10-30,3.360000
2009-11-02,3.390000
2009-11-03,3.440000
2009-11-04,3.520000
2009-11-05,3.530000
2009-11-06,3.480000
2009-11-09,3.450000
2009-11-10,3.430000
2009-11-12,3.380000
2009-11-13,3.370000
2009-11-16,3.260000
2009-11-17,3.270000
2009-11-18,3.320000
2009-11-19,3.330000
2009-11-20,3.340000
2009-11-23,3.320000
2009-11-24,3.270000
2009-11-25,3.230000
2009-11-27,3.180000
2009-11-30,3.150000
2009-12-01,3.220000
2009-12-02,3.270000
2009-12-03,3.330000
2009-12-04,3.420000
2009-12-07,3.400000
2009-12-08,3.370000
2009-12-09,3.420000
2009-12-10,3.470000
2009-12-11,3.520000
2009-12-14,3.520000
2009-12-15,3.550000
2009-12-16,3.570000
2009-12-17,3.460000
2009-12-18,3.500000
2009-12-21,3.610000
2009-12-22,3.680000
2009-12-23,3.700000
2009-12-24,3.770000
2009-12-28,3.740000
2009-12-29,3.720000
2009-12-30,3.750000
2009-12-31,3.790000
2010-01-04,3.770000
2010-01-05,3.700000
2010-01-06,3.790000
2010-01-07,3.800000
2010-01-08,3.780000
2010-01-11,3.810000
2010-01-12,3.690000
2010-01-13,3.740000
2010-01-14,3.710000
2010-01-15,3.640000
2010-01-19,3.670000
2010-01-20,3.630000
2010-01-21,3.560000
2010-01-22,3.560000
2010-01-25,3.600000
2010-01-26,3.580000
2010-01-27,3.580000
2010-01-28,3.600000
2010-01-29,3.550000
2010-02-01,3.580000
2010-02-02,3.570000
2010-02-03,3.630000
2010-02-04,3.530000
2010-02-05,3.490000
2010-02-08,3.500000
2010-02-09,3.550000
2010-02-10,3.610000
2010-02-11,3.620000
2010-02-12,3.590000
2010-02-16,3.560000
2010-02-17,3.640000
2010-02-18,3.690000
2010-02-19,3.670000
2010-02-22,3.690000
2010-02-23,3.570000
2010-02-24,3.580000
2010-02-25,3.510000
2010-02-26,3.480000
2010-03-01,3.480000
2010-03-02,3.480000
2010-03-03,3.490000
2010-03-04,3.470000
2010-03-05,3.540000
2010-03-08,3.560000
2010-03-09,3.550000
2010-03-10,3.580000
2010-03-11,3.570000
2010-03-12,3.560000
2010-03-15,3.540000
2010-03-16,3.500000
2010-03-17,3.500000
2010-03-18,3.520000
2010-03-19,3.540000
2010-03-22,3.520000
2010-03-23,3.550000
2010-03-24,3.700000
2010-03-25,3.770000
2010-03-26,3.720000
2010-03-29,3.730000
2010-03-30,3.720000
2010-03-31,3.680000
2010-04-01,3.730000
2010-04-02,3.800000
2010-04-05,3.830000
2010-04-06,3.810000
2010-04-07,3.720000
2010-04-08,3.740000
2010-04-09,3.740000
2010-04-12,3.710000
2010-04-13,3.680000
2010-04-14,3.720000
2010-04-15,3.700000
2010-04-16,3.630000
2010-04-19,3.670000
2010-04-20,3.660000
2010-04-21,3.620000
2010-04-22,3.640000
2010-04-23,3.680000
2010-04-26,3.670000
2010-04-27,3.550000
2010-04-28,3.640000
2010-04-29,3.590000
2010-04-30,3.530000
2010-05-03,3.550000
2010-05-04,3.470000
2010-05-05,3.430000
2010-05-06,3.300000
2010-05-07,3.320000
2010-05-10,3.410000
2010-05-11,3.400000
2010-05-12,3.400000
2010-05-13,3.390000
2010-05-14,3.280000
2010-05-17,3.310000
2010-05-18,3.210000
2010-05-19,3.190000
2010-05-20,3.080000
2010-05-21,3.030000
2010-05-24,3.060000
2010-05-25,3.010000
2010-05-26,3.040000
2010-05-27,3.170000
2010-05-28,3.150000
2010-06-01,3.130000
2010-06-02,3.190000
2010-06-03,3.250000
2010-06-04,3.060000
2010-06-07,3.050000
2010-06-08,3.060000
2010-06-09,3.100000
2010-06-10,3.230000
2010-06-11,3.160000
2010-06-14,3.210000
2010-06-15,3.230000
2010-06-16,3.170000
2010-06-17,3.120000
2010-06-18,3.130000
2010-06-21,3.140000
2010-06-22,3.050000
2010-06-23,3.000000
2010-06-24,3.010000
2010-06-25,2.990000
2010-06-28,2.880000
2010-06-29,2.820000
2010-06-30,2.790000
2010-07-01,2.790000
2010-07-02,2.830000
2010-07-06,2.780000
2010-07-07,2.840000
2010-07-08,2.890000
2010-07-09,2.910000
2010-07-12,2.920000
2010-07-13,3.000000
2010-07-14,2.920000
2010-07-15,2.850000
2010-07-16,2.810000
2010-07-19,2.820000
2010-07-20,2.820000
2010-07-21,2.740000
2010-07-22,2.800000
2010-07-23,2.860000
2010-07-26,2.870000
2010-07-27,2.930000
2010-07-28,2.880000
2010-07-29,2.880000
2010-07-30,2.790000
2010-08-02,2.830000
2010-08-03,2.780000
2010-08-04,2.820000
2010-08-05,2.790000
2010-08-06,2.710000
2010-08-09,2.710000
2010-08-10,2.640000
2010-08-11,2.570000
2010-08-12,2.580000
2010-08-13,2.530000
2010-08-16,2.420000
2010-08-17,2.470000
2010-08-18,2.480000
2010-08-19,2.420000
2010-08-20,2.470000
2010-08-23,2.440000
2010-08-24,2.340000
2010-08-25,2.380000
2010-08-26,2.340000
2010-08-27,2.510000
2010-08-30,2.400000
2010-08-31,2.330000
2010-09-01,2.450000
2010-09-02,2.490000
2010-09-03,2.580000
2010-09-07,2.470000
2010-09-08,2.520000
2010-09-09,2.630000
2010-09-10,2.670000
2010-09-13,2.590000
2010-09-14,2.530000
2010-09-15,2.590000
2010-09-16,2.610000
2010-09-17,2.590000
2010-09-20,2.550000
2010-09-21,2.440000
2010-09-22,2.400000
2010-09-23,2.400000
2010-09-24,2.470000
2010-09-27,2.380000
2010-09-28,2.320000
2010-09-29,2.360000
2010-09-30,2.370000
2010-10-01,2.380000
2010-10-04,2.370000
2010-10-05,2.380000
2010-10-06,2.280000
2010-10-07,2.280000
2010-10-08,2.290000
2010-10-12,2.310000
2010-10-13,2.330000
2010-10-14,2.380000
2010-10-15,2.450000
2010-10-18,2.370000
2010-10-19,2.360000
2010-10-20,2.370000
2010-10-21,2.440000
2010-10-22,2.460000
2010-10-25,2.450000
2010-10-26,2.530000
2010-10-27,2.610000
2010-10-28,2.560000
2010-10-29,2.510000
2010-11-01,2.530000
2010-11-02,2.500000
2010-11-03,2.540000
2010-11-04,2.400000
2010-11-05,2.450000
2010-11-08,2.470000
2010-11-09,2.590000
2010-11-10,2.520000
2010-11-12,2.630000
2010-11-15,2.780000
2010-11-16,2.700000
2010-11-17,2.750000
2010-11-18,2.750000
2010-11-19,2.740000
2010-11-22,2.650000
2010-11-23,2.620000
2010-11-24,2.770000
2010-11-26,2.710000
2010-11-29,2.660000
2010-11-30,2.640000
2010-12-01,2.810000
2010-12-02,2.850000
2010-12-03,2.890000
2010-12-06,2.800000
2010-12-07,3.010000
2010-12-08,3.110000
2010-12-09,3.090000
2010-12-10,3.190000
2010-12-13,3.140000
2010-12-14,3.340000
2010-12-15,3.390000
2010-12-16,3.340000
2010-12-17,3.220000
2010-12-20,3.220000
2010-12-21,3.210000
2010-12-22,3.220000
2010-12-23,3.270000
2010-12-27,3.190000
2010-12-28,3.350000
2010-12-29,3.220000
2010-12-30,3.260000
2010-12-31,3.180000
2011-01-03,3.210000
2011-01-04,3.220000
2011-01-05,3.360000
2011-01-06,3.290000
2011-01-07,3.200000
2011-01-10,3.170000
2011-01-11,3.220000
2011-01-12,3.250000
2011-01-13,3.190000
2011-01-14,3.200000
2011-01-18,3.230000
2011-01-19,3.210000
2011-01-20,3.310000
2011-01-21,3.280000
2011-01-24,3.270000
2011-01-25,3.190000
2011-01-26,3.290000
2011-01-27,3.270000
2011-01-28,3.210000
2011-01-31,3.270000
2011-02-01,3.330000
2011-02-02,3.360000
2011-02-03,3.440000
2011-02-04,3.530000
2011-02-07,3.520000
2011-02-08,3.600000
2011-02-09,3.510000
2011-02-10,3.580000
2011-02-11,3.520000
2011-02-14,3.490000
2011-02-15,3.480000
2011-02-16,3.500000
2011-02-17,3.490000
2011-02-18,3.490000
2011-02-22,3.340000
2011-02-23,3.370000
2011-02-24,3.330000
2011-02-25,3.290000
2011-02-28,3.270000
2011-03-01,3.270000
2011-03-02,3.330000
2011-03-03,3.450000
2011-03-04,3.370000
2011-03-07,3.400000
2011-03-08,3.450000
2011-03-09,3.380000
2011-03-10,3.290000
2011-03-11,3.320000
2011-03-14,3.270000
2011-03-15,3.230000
2011-03-16,3.120000
2011-03-17,3.170000
2011-03-18,3.210000
2011-03-21,3.240000
2011-03-22,3.240000
2011-03-23,3.270000
2011-03-24,3.330000
2011-03-25,3.370000
2011-03-28,3.360000
2011-03-29,3.400000
2011-03-30,3.370000
2011-03-31,3.380000
2011-04-01,3.390000
2011-04-04,3.390000
2011-04-05,3.430000
2011-04-06,3.500000
2011-04-07,3.540000
2011-04-08,3.550000
2011-04-11,3.540000
2011-04-12,3.470000
2011-04-13,3.430000
2011-04-14,3.440000
2011-04-15,3.360000
2011-04-18,3.330000
2011-04-19,3.330000
2011-04-20,3.370000
2011-04-21,3.360000
2011-04-25,3.320000
2011-04-26,3.270000
2011-04-27,3.330000
2011-04-28,3.300000
2011-04-29,3.280000
2011-05-02,3.260000
2011-05-03,3.250000
2011-05-04,3.220000
2011-05-05,3.160000
2011-05-06,3.170000
2011-05-09,3.140000
2011-05-10,3.200000
2011-05-11,3.160000
2011-05-12,3.200000
2011-05-13,3.150000
2011-05-16,3.110000
2011-05-17,3.080000
2011-05-18,3.130000
2011-05-19,3.120000
2011-05-20,3.100000
2011-05-23,3.070000
2011-05-24,3.060000
2011-05-25,3.070000
2011-05-26,3.020000
2011-05-27,3.020000
2011-05-31,2.990000
2011-06-01,2.910000
2011-06-02,3.000000
2011-06-03,2.950000
2011-06-06,2.960000
2011-06-07,2.960000
2011-06-08,2.940000
2011-06-09,2.960000
2011-06-10,2.940000
2011-06-13,2.950000
2011-06-14,3.060000
2011-06-15,2.930000
2011-06-16,2.880000
2011-06-17,2.900000
2011-06-20,2.940000
2011-06-21,2.960000
2011-06-22,2.990000
2011-06-23,2.920000
2011-06-24,2.860000
2011-06-27,2.930000
2011-06-28,3.020000
2011-06-29,3.120000
2011-06-30,3.150000
2011-07-01,3.200000
2011-07-05,3.140000
2011-07-06,3.110000
2011-07-07,3.140000
2011-07-08,3.000000
2011-07-11,2.910000
2011-07-12,2.890000
2011-07-13,2.910000
2011-07-14,2.970000
2011-07-15,2.920000
2011-07-18,2.920000
2011-07-19,2.880000
2011-07-20,2.940000
2011-07-21,2.980000
2011-07-22,2.940000
2011-07-25,2.980000
2011-07-26,2.920000
2011-07-27,2.930000
2011-07-28,2.910000
2011-07-29,2.720000
2011-08-01,2.670000
2011-08-02,2.600000
2011-08-03,2.620000
2011-08-04,2.450000
2011-08-05,2.570000
2011-08-08,2.350000
2011-08-09,2.170000
2011-08-10,2.150000
2011-08-11,2.310000
2011-08-12,2.220000
2011-08-15,2.270000
2011-08-16,2.200000
2011-08-17,2.160000
2011-08-18,2.070000
2011-08-19,2.050000
2011-08-22,2.090000
2011-08-23,2.140000
2011-08-24,2.270000
2011-08-25,2.220000
2011-08-26,2.180000
2011-08-29,2.260000
2011-08-30,2.180000
2011-08-31,2.210000
2011-09-01,2.130000
2011-09-02,2.000000
2011-09-06,1.960000
2011-09-07,2.030000
2011-09-08,1.980000
2011-09-09,1.920000
2011-09-12,1.930000
2011-09-13,1.990000
2011-09-14,2.020000
2011-09-15,2.080000
2011-09-16,2.070000
2011-09-19,1.960000
2011-09-20,1.940000
2011-09-21,1.870000
2011-09-22,1.720000
2011-09-23,1.830000
2011-09-26,1.890000
2011-09-27,1.990000
2011-09-28,2.010000
2011-09-29,1.970000
2011-09-30,1.900000
2011-10-03,1.780000
2011-10-04,1.800000
2011-10-05,1.920000
2011-10-06,2.000000
2011-10-07,2.090000
2011-10-11,2.160000
2011-10-12,2.220000
2011-10-13,2.170000
2011-10-14,2.240000
2011-10-17,2.140000
2011-10-18,2.150000
2011-10-19,2.150000
2011-10-20,2.170000
2011-10-21,2.210000
2011-10-24,2.230000
2011-10-25,2.130000
2011-10-26,2.210000
2011-10-27,2.400000
2011-10-28,2.330000
2011-10-31,2.160000
2011-11-01,2.000000
2011-11-02,2.020000
2011-11-03,2.080000
2011-11-04,2.050000
2011-11-07,2.030000
2011-11-08,2.090000
2011-11-09,1.990000
2011-11-10,2.030000
2011-11-14,2.030000
2011-11-15,2.050000
2011-11-16,2.000000
2011-11-17,1.940000
2011-11-18,2.000000
2011-11-21,1.950000
2011-11-22,1.920000
2011-11-23,1.870000
2011-11-25,1.950000
2011-11-28,1.940000
2011-11-29,1.980000
2011-11-30,2.070000
2011-12-01,2.100000
2011-12-02,2.030000
2011-12-05,2.030000
2011-12-06,2.070000
2011-12-07,2.000000
2011-12-08,1.980000
2011-12-09,2.060000
2011-12-12,2.020000
2011-12-13,1.950000
2011-12-14,1.910000
2011-12-15,1.920000
2011-12-16,1.860000
2011-12-19,1.810000
2011-12-20,1.930000
2011-12-21,1.970000
2011-12-22,1.960000
2011-12-23,2.020000
2011-12-27,2.000000
2011-12-28,1.920000
2011-12-29,1.890000
2011-12-30,1.870000
2012-01-03,1.950000
2012-01-04,1.980000
2012-01-05,2.000000
2012-01-06,1.960000
2012-01-09,1.970000
2012-01-10,1.980000
2012-01-11,1.910000
2012-01-12,1.910000
2012-01-13,1.860000
2012-01-17,1.840000
2012-01-18,1.890000
2012-01-19,1.960000
2012-01-20,2.000000
2012-01-23,2.050000
2012-01-24,2.040000
2012-01-25,1.970000
2012-01-26,1.910000
2012-01-27,1.870000
2012-01-30,1.820000
2012-01-31,1.770000
2012-02-01,1.810000
2012-02-02,1.780000
2012-02-03,1.890000
2012-02-06,1.850000
2012-02-07,1.920000
2012-02-08,1.920000
2012-02-09,1.950000
2012-02-10,1.870000
2012-02-13,1.880000
2012-02-14,1.800000
2012-02-15,1.820000
2012-02-16,1.890000
2012-02-17,1.920000
2012-02-21,1.970000
2012-02-22,1.920000
2012-02-23,1.900000
2012-02-24,1.880000
2012-02-27,1.800000
2012-02-28,1.840000
2012-02-29,1.900000
2012-03-01,1.950000
2012-03-02,1.920000
2012-03-05,1.920000
2012-03-06,1.880000
2012-03-07,1.900000
2012-03-08,1.950000
2012-03-09,1.950000
2012-03-12,1.950000
2012-03-13,2.060000
2012-03-14,2.200000
2012-03-15,2.210000
2012-03-16,2.220000
2012-03-19,2.290000
2012-03-20,2.280000
2012-03-21,2.220000
2012-03-22,2.210000
2012-03-23,2.170000
2012-03-26,2.170000
2012-03-27,2.110000
2012-03-28,2.120000
2012-03-29,2.110000
2012-03-30,2.160000
2012-04-02,2.140000
2012-04-03,2.220000
2012-04-04,2.170000
2012-04-05,2.110000
2012-04-06,2.000000
2012-04-09,1.970000
2012-04-10,1.920000
2012-04-11,1.960000
2012-04-12,1.990000
2012-04-13,1.930000
2012-04-16,1.920000
2012-04-17,1.950000
2012-04-18,1.930000
2012-04-19,1.910000
2012-04-20,1.910000
2012-04-23,1.880000
2012-04-24,1.910000
2012-04-25,1.920000
2012-04-26,1.890000
2012-04-27,1.870000
2012-04-30,1.850000
2012-05-01,1.890000
2012-05-02,1.880000
2012-05-03,1.870000
2012-05-04,1.840000
2012-05-07,1.820000
2012-05-08,1.790000
2012-05-09,1.780000
2012-05-10,1.790000
2012-05-11,1.740000
2012-05-14,1.680000
2012-05-15,1.670000
2012-05-16,1.660000
2012-05-17,1.600000
2012-05-18,1.630000
2012-05-21,1.660000
2012-05-22,1.700000
2012-05-23,1.640000
2012-05-24,1.670000
2012-05-25,1.660000
2012-05-29,1.650000
2012-05-30,1.560000
2012-05-31,1.520000
2012-06-01,1.400000
2012-06-04,1.450000
2012-06-05,1.490000
2012-06-06,1.570000
2012-06-07,1.570000
2012-06-08,1.560000
2012-06-11,1.510000
2012-06-12,1.570000
2012-06-13,1.510000
2012-06-14,1.530000
2012-06-15,1.510000
2012-06-18,1.490000
2012-06-19,1.550000
2012-06-20,1.560000
2012-06-21,1.540000
2012-06-22,1.600000
2012-06-25,1.530000
2012-06-26,1.560000
2012-06-27,1.560000
2012-06-28,1.510000
2012-06-29,1.580000
2012-07-02,1.510000
2012-07-03,1.560000
2012-07-05,1.540000
2012-07-06,1.490000
2012-07-09,1.440000
2012-07-10,1.440000
2012-07-11,1.440000
2012-07-12,1.400000
2012-07-13,1.420000
2012-07-16,1.400000
2012-07-17,1.430000
2012-07-18,1.430000
2012-07-19,1.450000
2012-07-20,1.400000
2012-07-23,1.370000
2012-07-24,1.340000
2012-07-25,1.330000
2012-07-26,1.340000
2012-07-27,1.470000
2012-07-30,1.420000
2012-07-31,1.400000
2012-08-01,1.460000
2012-08-02,1.420000
2012-08-03,1.510000
2012-08-06,1.490000
2012-08-07,1.550000
2012-08-08,1.570000
2012-08-09,1.580000
2012-08-10,1.550000
2012-08-13,1.540000
2012-08-14,1.620000
2012-08-15,1.710000
2012-08-16,1.740000
2012-08-17,1.720000
2012-08-20,1.710000
2012-08-21,1.690000
2012-08-22,1.600000
2012-08-23,1.570000
2012-08-24,1.580000
2012-08-27,1.540000
2012-08-28,1.540000
2012-08-29,1.540000
2012-08-30,1.530000
2012-08-31,1.480000
2012-09-04,1.490000
2012-09-05,1.490000
2012-09-06,1.570000
2012-09-07,1.560000
2012-09-10,1.580000
2012-09-11,1.600000
2012-09-12,1.670000
2012-09-13,1.650000
2012-09-14,1.770000
2012-09-17,1.740000
2012-09-18,1.720000
2012-09-19,1.680000
2012-09-20,1.690000
2012-09-21,1.660000
2012-09-24,1.630000
2012-09-25,1.590000
2012-09-26,1.530000
2012-09-27,1.570000
2012-09-28,1.550000
2012-10-01,1.550000
2012-10-02,1.550000
2012-10-03,1.550000
2012-10-04,1.600000
2012-10-05,1.640000
2012-10-09,1.640000
2012-10-10,1.620000
2012-10-11,1.600000
2012-10-12,1.580000
2012-10-15,1.590000
2012-10-16,1.660000
2012-10-17,1.720000
2012-10-18,1.760000
2012-10-19,1.690000
2012-10-22,1.730000
2012-10-23,1.680000
2012-10-24,1.690000
2012-10-25,1.750000
2012-10-26,1.660000
2012-10-29,1.600000
2012-10-31,1.610000
2012-11-01,1.660000
2012-11-02,1.660000
2012-11-05,1.610000
2012-11-06,1.680000
2012-11-07,1.580000
2012-11-08,1.520000
2012-11-09,1.520000
2012-11-13,1.480000
2012-11-14,1.490000
2012-11-15,1.500000
2012-11-16,1.520000
2012-11-19,1.520000
2012-11-20,1.580000
2012-11-21,1.590000
2012-11-23,1.600000
2012-11-26,1.560000
2012-11-27,1.540000
2012-11-28,1.530000
2012-11-29,1.530000
2012-11-30,1.540000
2012-12-03,1.530000
2012-12-04,1.520000
2012-12-05,1.500000
2012-12-06,1.490000
2012-12-07,1.550000
2012-12-10,1.540000
2012-12-11,1.580000
2012-12-12,1.650000
2012-12-13,1.680000
2012-12-14,1.680000
2012-12-17,1.730000
2012-12-18,1.780000
2012-12-19,1.770000
2012-12-20,1.750000
2012-12-21,1.710000
2012-12-24,1.730000
2012-12-26,1.680000
2012-12-27,1.660000
2012-12-28,1.720000
2012-12-31,1.730000
2013-01-02,1.780000
2013-01-03,1.840000
2013-01-04,1.860000
2013-01-07,1.850000
2013-01-08,1.820000
2013-01-09,1.820000
2013-01-10,1.850000
2013-01-11,1.820000
2013-01-14,1.810000
2013-01-15,1.770000
2013-01-16,1.760000
2013-01-17,1.820000
2013-01-18,1.790000
2013-01-22,1.780000
2013-01-23,1.780000
2013-01-24,1.800000
2013-01-25,1.900000
2013-01-28,1.930000
2013-01-29,1.960000
2013-01-30,1.960000
2013-01-31,1.950000
2013-02-01,1.980000
2013-02-04,1.930000
2013-02-05,1.970000
2013-02-06,1.930000
2013-02-07,1.920000
2013-02-08,1.920000
2013-02-11,1.900000
2013-02-12,1.930000
2013-02-13,1.950000
2013-02-14,1.890000
2013-02-15,1.910000
2013-02-19,1.910000
2013-02-20,1.900000
2013-02-21,1.860000
2013-02-22,1.840000
2013-02-25,1.760000
2013-02-26,1.740000
2013-02-27,1.800000
2013-02-28,1.780000
2013-03-01,1.750000
2013-03-04,1.770000
2013-03-05,1.820000
2013-03-06,1.850000
2013-03-07,1.900000
2013-03-08,1.960000
2013-03-11,1.970000
2013-03-12,1.930000
2013-03-13,1.950000
2013-03-14,1.940000
2013-03-15,1.920000
2013-03-18,1.890000
2013-03-19,1.850000
2013-03-20,1.890000
2013-03-21,1.880000
2013-03-22,1.860000
2013-03-25,1.850000
2013-03-26,1.850000
2013-03-27,1.780000
2013-03-28,1.800000
2013-04-01,1.780000
2013-04-02,1.810000
2013-04-03,1.770000
2013-04-04,1.710000
2013-04-05,1.650000
2013-04-08,1.690000
2013-04-09,1.720000
2013-04-10,1.770000
2013-04-11,1.750000
2013-04-12,1.690000
2013-04-15,1.660000
2013-04-16,1.690000
2013-04-17,1.670000
2013-04-18,1.670000
2013-04-19,1.680000
2013-04-22,1.670000
2013-04-23,1.690000
2013-04-24,1.670000
2013-04-25,1.690000
2013-04-26,1.650000
2013-04-29,1.650000
2013-04-30,1.650000
2013-05-01,1.600000
2013-05-02,1.610000
2013-05-03,1.730000
2013-05-06,1.760000
2013-05-07,1.780000
2013-05-08,1.770000
2013-05-09,1.770000
2013-05-10,1.860000
2013-05-13,1.870000
2013-05-14,1.910000
2013-05-15,1.900000
2013-05-16,1.840000
2013-05-17,1.910000
2013-05-20,1.920000
2013-05-21,1.900000
2013-05-22,1.990000
2013-05-23,1.970000
2013-05-24,1.970000
2013-05-28,2.100000
2013-05-29,2.080000
2013-05-30,2.090000
2013-05-31,2.120000
2013-06-03,2.080000
2013-06-04,2.100000
2013-06-05,2.050000
2013-06-06,2.030000
2013-06-07,2.130000
2013-06-10,2.170000
2013-06-11,2.150000
2013-06-12,2.200000
2013-06-13,2.140000
2013-06-14,2.090000
2013-06-17,2.140000
2013-06-18,2.150000
2013-06-19,2.280000
2013-06-20,2.360000
2013-06-21,2.470000
2013-06-24,2.510000
2013-06-25,2.540000
2013-06-26,2.490000
2013-06-27,2.430000
2013-06-28,2.480000
2013-07-01,2.460000
2013-07-02,2.450000
2013-07-03,2.470000
2013-07-05,2.690000
2013-07-08,2.600000
2013-07-09,2.610000
2013-07-10,2.660000
2013-07-11,2.560000
2013-07-12,2.570000
2013-07-15,2.530000
2013-07-16,2.520000
2013-07-17,2.490000
2013-07-18,2.530000
2013-07-19,2.470000
2013-07-22,2.460000
2013-07-23,2.510000
2013-07-24,2.580000
2013-07-25,2.590000
2013-07-26,2.550000
2013-07-29,2.580000
2013-07-30,2.590000
2013-07-31,2.560000
2013-08-01,2.700000
2013-08-02,2.590000
2013-08-05,2.620000
2013-08-06,2.630000
2013-08-07,2.560000
2013-08-08,2.530000
2013-08-09,2.520000
2013-08-12,2.550000
2013-08-13,2.650000
2013-08-14,2.660000
2013-08-15,2.720000
2013-08-16,2.790000
2013-08-19,2.820000
2013-08-20,2.780000
2013-08-21,2.830000
2013-08-22,2.870000
2013-08-23,2.790000
2013-08-26,2.750000
2013-08-27,2.670000
2013-08-28,2.750000
2013-08-29,2.730000
2013-08-30,2.750000
2013-09-03,2.840000
2013-09-04,2.880000
2013-09-05,2.960000
2013-09-06,2.920000
2013-09-09,2.880000
2013-09-10,2.940000
2013-09-11,2.910000
2013-09-12,2.910000
2013-09-13,2.890000
2013-09-16,2.860000
2013-09-17,2.850000
2013-09-18,2.680000
2013-09-19,2.750000
2013-09-20,2.740000
2013-09-23,2.700000
2013-09-24,2.650000
2013-09-25,2.610000
2013-09-26,2.660000
2013-09-27,2.620000
2013-09-30,2.620000
2013-10-01,2.640000
2013-10-02,2.610000
2013-10-03,2.590000
2013-10-04,2.630000
2013-10-07,2.620000
2013-10-08,2.610000
2013-10-09,2.630000
2013-10-10,2.660000
2013-10-11,2.620000
2013-10-15,2.610000
2013-10-16,2.590000
2013-10-17,2.560000
2013-10-18,2.560000
2013-10-21,2.590000
2013-10-22,2.500000
2013-10-23,2.470000
2013-10-24,2.500000
2013-10-25,2.490000
2013-10-28,2.500000
2013-10-29,2.490000
2013-10-30,2.510000
2013-10-31,2.530000
2013-11-01,2.610000
2013-11-04,2.580000
2013-11-05,2.640000
2013-11-06,2.620000
2013-11-07,2.580000
2013-11-08,2.710000
2013-11-12,2.720000
2013-11-13,2.670000
2013-11-14,2.610000
2013-11-15,2.630000
2013-11-18,2.580000
2013-11-19,2.630000
2013-11-20,2.720000
2013-11-21,2.720000
2013-11-22,2.680000
2013-11-25,2.660000
2013-11-26,2.640000
2013-11-27,2.670000
2013-11-29,2.690000
2013-12-02,2.760000
2013-12-03,2.730000
2013-12-04,2.780000
2013-12-05,2.820000
2013-12-06,2.820000
2013-12-09,2.790000
2013-12-10,2.740000
2013-12-11,2.790000
2013-12-12,2.820000
2013-12-13,2.810000
2013-12-16,2.820000
2013-12-17,2.780000
2013-12-18,2.820000
2013-12-19,2.880000
2013-12-20,2.820000
2013-12-23,2.870000
2013-12-24,2.920000
2013-12-26,2.930000
2013-12-27,2.950000
2013-12-30,2.920000
2013-12-31,2.970000
2014-01-02,2.930000
2014-01-03,2.940000
2014-01-06,2.930000
2014-01-07,2.920000
2014-01-08,2.960000
2014-01-09,2.930000
2014-01-10,2.830000
2014-01-13,2.810000
2014-01-14,2.840000
2014-01-15,2.860000
2014-01-16,2.820000
2014-01-17,2.790000
2014-01-21,2.810000
2014-01-22,2.830000
2014-01-23,2.750000
2014-01-24,2.710000
2014-01-27,2.730000
2014-01-28,2.720000
2014-01-29,2.650000
2014-01-30,2.700000
2014-01-31,2.650000
2014-02-03,2.560000
2014-02-04,2.580000
2014-02-05,2.630000
2014-02-06,2.660000
2014-02-07,2.630000
2014-02-10,2.630000
2014-02-11,2.700000
2014-02-12,2.750000
2014-02-13,2.700000
2014-02-14,2.730000
2014-02-18,2.660000
2014-02-19,2.670000
2014-02-20,2.710000
2014-02-21,2.680000
2014-02-24,2.700000
2014-02-25,2.650000
2014-02-26,2.620000
2014-02-27,2.610000
2014-02-28,2.610000
2014-03-03,2.550000
2014-03-04,2.650000
2014-03-05,2.640000
2014-03-06,2.690000
2014-03-07,2.740000
2014-03-10,2.740000
2014-03-11,2.720000
2014-03-12,2.680000
2014-03-13,2.610000
2014-03-14,2.600000
2014-03-17,2.640000
2014-03-18,2.630000
2014-03-19,2.720000
2014-03-20,2.730000
2014-03-21,2.690000
2014-03-24,2.680000
2014-03-25,2.700000
2014-03-26,2.660000
2014-03-27,2.650000
2014-03-28,2.690000
2014-03-31,2.680000
2014-04-01,2.730000
2014-04-02,2.800000
2014-04-03,2.780000
2014-04-04,2.710000
2014-04-07,2.680000
2014-04-08,2.660000
2014-04-09,2.670000
2014-04-10,2.610000
2014-04-11,2.590000
2014-04-14,2.610000
2014-04-15,2.600000
2014-04-16,2.610000
2014-04-17,2.700000
2014-04-21,2.690000
2014-04-22,2.700000
2014-04-23,2.680000
2014-04-24,2.690000
2014-04-25,2.650000
2014-04-28,2.670000
2014-04-29,2.690000
2014-04-30,2.640000
2014-05-01,2.600000
2014-05-02,2.580000
2014-05-05,2.600000
2014-05-06,2.580000
2014-05-07,2.590000
2014-05-08,2.580000
2014-05-09,2.590000
2014-05-12,2.630000
2014-05-13,2.580000
2014-05-14,2.510000
2014-05-15,2.470000
2014-05-16,2.490000
2014-05-19,2.510000
2014-05-20,2.490000
2014-05-21,2.500000
2014-05-22,2.530000
2014-05-23,2.500000
2014-05-27,2.480000
2014-05-28,2.400000
2014-05-29,2.410000
2014-05-30,2.440000
2014-06-02,2.500000
2014-06-03,2.560000
2014-06-04,2.570000
2014-06-05,2.550000
2014-06-06,2.560000
2014-06-09,2.580000
2014-06-10,2.600000
2014-06-11,2.610000
2014-06-12,2.540000
2014-06-13,2.560000
2014-06-16,2.570000
2014-06-17,2.620000
2014-06-18,2.580000
2014-06-19,2.620000
2014-06-20,2.610000
2014-06-23,2.600000
2014-06-24,2.560000
2014-06-25,2.540000
2014-06-26,2.490000
2014-06-27,2.510000
2014-06-30,2.490000
2014-07-01,2.560000
2014-07-02,2.620000
2014-07-03,2.640000
2014-07-07,2.590000
2014-07-08,2.550000
2014-07-09,2.540000
2014-07-10,2.530000
2014-07-11,2.510000
2014-07-14,2.520000
2014-07-15,2.540000
2014-07-16,2.530000
2014-07-17,2.450000
2014-07-18,2.480000
2014-07-21,2.460000
2014-07-22,2.450000
2014-07-23,2.450000
2014-07-24,2.490000
2014-07-25,2.450000
2014-07-28,2.460000
2014-07-29,2.450000
2014-07-30,2.530000
2014-07-31,2.550000
2014-08-01,2.490000
2014-08-04,2.470000
2014-08-05,2.460000
2014-08-06,2.460000
2014-08-07,2.400000
2014-08-08,2.410000
2014-08-11,2.400000
2014-08-12,2.430000
2014-08-13,2.390000
2014-08-14,2.360000
2014-08-15,2.310000
2014-08-18,2.360000
2014-08-19,2.370000
2014-08-20,2.390000
2014-08-21,2.390000
2014-08-22,2.370000
2014-08-25,2.350000
2014-08-26,2.360000
2014-08-27,2.330000
2014-08-28,2.310000
2014-08-29,2.320000
2014-09-02,2.390000
2014-09-03,2.380000
2014-09-04,2.420000
2014-09-05,2.430000
2014-09-08,2.460000
2014-09-09,2.480000
2014-09-10,2.520000
2014-09-11,2.520000
2014-09-12,2.600000
2014-09-15,2.580000
2014-09-16,2.580000
2014-09-17,2.600000
2014-09-18,2.610000
2014-09-19,2.570000
2014-09-22,2.560000
2014-09-23,2.530000
2014-09-24,2.550000
2014-09-25,2.510000
2014-09-26,2.530000
2014-09-29,2.480000
2014-09-30,2.500000
2014-10-01,2.400000
2014-10-02,2.430000
2014-10-03,2.440000
2014-10-06,2.410000
2014-10-07,2.340000
2014-10-08,2.340000
2014-10-09,2.330000
2014-10-10,2.300000
2014-10-14,2.190000
2014-10-15,2.130000
2014-10-16,2.140000
2014-10-17,2.200000
2014-10-20,2.180000
2014-10-21,2.210000
2014-10-22,2.230000
2014-10-23,2.280000
2014-10-24,2.280000
2014-10-27,2.250000
2014-10-28,2.280000
2014-10-29,2.310000
2014-10-30,2.310000
2014-10-31,2.340000
2014-11-03,2.340000
2014-11-04,2.320000
2014-11-05,2.330000
2014-11-06,2.360000
2014-11-07,2.290000
2014-11-10,2.360000
2014-11-12,2.350000
2014-11-13,2.330000
2014-11-14,2.300000
2014-11-17,2.310000
2014-11-18,2.300000
2014-11-19,2.350000
2014-11-20,2.320000
2014-11-21,2.300000
2014-11-24,2.280000
2014-11-25,2.250000
2014-11-26,2.220000
2014-11-28,2.160000
2014-12-01,2.190000
2014-12-02,2.250000
2014-12-03,2.280000
2014-12-04,2.230000
2014-12-05,2.290000
2014-12-08,2.230000
2014-12-09,2.180000
2014-12-10,2.150000
2014-12-11,2.160000
2014-12-12,2.080000
2014-12-15,2.080000
2014-12-16,2.040000
2014-12-17,2.110000
2014-12-18,2.180000
2014-12-19,2.130000
2014-12-22,2.120000
2014-12-23,2.230000
2014-12-24,2.260000
2014-12-26,2.240000
2014-12-29,2.190000
2014-12-30,2.170000
2014-12-31,2.130000
2015-01-02,2.100000
2015-01-05,2.010000
2015-01-06,1.940000
2015-01-07,1.930000
2015-01-08,2.000000
2015-01-09,1.960000
2015-01-12,1.890000
2015-01-13,1.880000
2015-01-14,1.820000
2015-01-15,1.740000
2015-01-16,1.800000
2015-01-20,1.790000
2015-01-21,1.840000
2015-01-22,1.870000
2015-01-23,1.790000
2015-01-26,1.800000
2015-01-27,1.810000
2015-01-28,1.710000
2015-01-29,1.740000
2015-01-30,1.660000
2015-02-02,1.660000
2015-02-03,1.770000
2015-02-04,1.800000
2015-02-05,1.810000
2015-02-06,1.930000
2015-02-09,1.950000
2015-02-10,2.000000
2015-02-11,1.990000
2015-02-12,1.970000
2015-02-13,2.010000
2015-02-17,2.120000
2015-02-18,2.050000
2015-02-19,2.090000
2015-02-20,2.110000
2015-02-23,2.040000
2015-02-24,1.970000
2015-02-25,1.940000
2015-02-26,2.000000
2015-02-27,1.980000
2015-03-02,2.060000
2015-03-03,2.100000
2015-03-04,2.110000
2015-03-05,2.090000
2015-03-06,2.230000
2015-03-09,2.180000
2015-03-10,2.120000
2015-03-11,2.080000
2015-03-12,2.070000
2015-03-13,2.100000
2015-03-16,2.050000
2015-03-17,2.010000
2015-03-18,1.900000
2015-03-19,1.950000
2015-03-20,1.920000
2015-03-23,1.890000
2015-03-24,1.860000
2015-03-25,1.890000
2015-03-26,1.980000
2015-03-27,1.910000
2015-03-30,1.920000
2015-03-31,1.910000
2015-04-01,1.840000
2015-04-02,1.900000
2015-04-03,1.830000
2015-04-06,1.890000
2015-04-07,1.870000
2015-04-08,1.890000
2015-04-09,1.940000
2015-04-10,1.940000
2015-04-13,1.910000
2015-04-14,1.880000
2015-04-15,1.890000
2015-04-16,1.880000
2015-04-17,1.860000
2015-04-20,1.870000
2015-04-21,1.890000
2015-04-22,1.960000
2015-04-23,1.930000
2015-04-24,1.900000
2015-04-27,1.920000
2015-04-28,1.980000
2015-04-29,2.050000
2015-04-30,2.040000
2015-05-01,2.110000
2015-05-04,2.140000
2015-05-05,2.180000
2015-05-06,2.230000
2015-05-07,2.170000
2015-05-08,2.150000
2015-05-11,2.260000
2015-05-12,2.250000
2015-05-13,2.250000
2015-05-14,2.220000
2015-05-15,2.120000
2015-05-18,2.210000
2015-05-19,2.250000
2015-05-20,2.240000
2015-05-21,2.170000
2015-05-22,2.190000
2015-05-26,2.120000
2015-05-27,2.130000
2015-05-28,2.120000
2015-05-29,2.110000
2015-06-01,2.170000
2015-06-02,2.260000
2015-06-03,2.360000
2015-06-04,2.290000
2015-06-05,2.380000
2015-06-08,2.370000
2015-06-09,2.400000
2015-06-10,2.480000
2015-06-11,2.380000
2015-06-12,2.370000
2015-06-15,2.340000
2015-06-16,2.310000
2015-06-17,2.310000
2015-06-18,2.340000
2015-06-19,2.250000
2015-06-22,2.360000
2015-06-23,2.410000
2015-06-24,2.370000
2015-06-25,2.390000
2015-06-26,2.480000
2015-06-29,2.310000
2015-06-30,2.340000
2015-07-01,2.420000
2015-07-02,2.390000
2015-07-06,2.280000
2015-07-07,2.250000
2015-07-08,2.200000
2015-07-09,2.290000
2015-07-10,2.410000
2015-07-13,2.420000
2015-07-14,2.400000
2015-07-15,2.340000
2015-07-16,2.340000
2015-07-17,2.310000
2015-07-20,2.340000
2015-07-21,2.320000
2015-07-22,2.290000
2015-07-23,2.250000
2015-07-24,2.230000
2015-07-27,2.180000
2015-07-28,2.210000
2015-07-29,2.230000
2015-07-30,2.210000
2015-07-31,2.120000
2015-08-03,2.080000
2015-08-04,2.150000
2015-08-05,2.200000
2015-08-06,2.190000
2015-08-07,2.120000
2015-08-10,2.120000
2015-08-11,2.050000
2015-08-12,2.040000
2015-08-13,2.090000
2015-08-14,2.110000
2015-08-17,2.060000
2015-08-18,2.130000
2015-08-19,2.070000
2015-08-20,2.070000
2015-08-21,2.020000
2015-08-24,1.950000
2015-08-25,2.050000
2015-08-26,2.120000
2015-08-27,2.120000
2015-08-28,2.130000
2015-08-31,2.130000
2015-09-01,2.140000
2015-09-02,2.170000
2015-09-03,2.160000
2015-09-04,2.110000
2015-09-08,2.140000
2015-09-09,2.180000
2015-09-10,2.210000
2015-09-11,2.160000
2015-09-14,2.110000
2015-09-15,2.210000
2015-09-16,2.240000
2015-09-17,2.200000
2015-09-18,2.130000
2015-09-21,2.190000
2015-09-22,2.140000
2015-09-23,2.150000
2015-09-24,2.120000
2015-09-25,2.170000
2015-09-28,2.090000
2015-09-29,2.040000
2015-09-30,2.060000
2015-10-01,2.050000
2015-10-02,1.990000
2015-10-05,2.060000
2015-10-06,2.050000
2015-10-07,2.080000
2015-10-08,2.120000
2015-10-09,2.110000
2015-10-13,2.050000
2015-10-14,1.990000
2015-10-15,2.030000
2015-10-16,2.030000
2015-10-19,2.020000
2015-10-20,2.060000
2015-10-21,2.030000
2015-10-22,2.040000
2015-10-23,2.080000
2015-10-26,2.050000
2015-10-27,2.020000
2015-10-28,2.060000
2015-10-29,2.120000
2015-10-30,2.080000
2015-11-02,2.120000
2015-11-03,2.170000
2015-11-04,2.200000
2015-11-05,2.210000
2015-11-06,2.260000
2015-11-09,2.220000
2015-11-10,2.190000
2015-11-12,2.180000
2015-11-13,2.140000
2015-11-16,2.120000
2015-11-17,2.110000
2015-11-18,2.150000
2015-11-19,2.130000
2015-11-20,2.140000
2015-11-23,2.110000
2015-11-24,2.080000
2015-11-25,2.040000
2015-11-27,2.040000
2015-11-30,1.990000
2015-12-01,1.940000
2015-12-02,1.970000
2015-12-03,2.120000
2015-12-04,2.050000
2015-12-07,1.940000
2015-12-08,1.970000
2015-12-09,1.960000
2015-12-10,2.000000
2015-12-11,1.900000
2015-12-14,1.970000
2015-12-15,2.030000
2015-12-16,2.030000
2015-12-17,2.010000
2015-12-18,2.000000
2015-12-21,1.960000
2015-12-22,2.030000
2015-12-23,2.070000
2015-12-24,2.050000
2015-12-28,2.010000
2015-12-29,2.090000
2015-12-30,2.100000
2015-12-31,2.110000
2016-01-04,2.020000
2016-01-05,2.050000
2016-01-06,1.970000
2016-01-07,1.960000
2016-01-08,1.930000
2016-01-11,1.960000
2016-01-12,1.910000
2016-01-13,1.860000
2016-01-14,1.850000
2016-01-15,1.790000
2016-01-19,1.800000
2016-01-20,1.750000
2016-01-21,1.740000
2016-01-22,1.760000
2016-01-25,1.720000
2016-01-26,1.700000
2016-01-27,1.700000
2016-01-28,1.650000
2016-01-29,1.610000
2016-02-01,1.620000
2016-02-02,1.530000
2016-02-03,1.550000
2016-02-04,1.580000
2016-02-05,1.560000
2016-02-08,1.430000
2016-02-09,1.440000
2016-02-10,1.400000
2016-02-11,1.350000
2016-02-12,1.440000
2016-02-16,1.480000
2016-02-17,1.510000
2016-02-18,1.450000
2016-02-19,1.450000
2016-02-22,1.440000
2016-02-23,1.420000
2016-02-24,1.420000
2016-02-25,1.390000
2016-02-26,1.430000
2016-02-29,1.410000
2016-03-01,1.500000
2016-03-02,1.480000
2016-03-03,1.550000
2016-03-04,1.590000
2016-03-07,1.590000
2016-03-08,1.540000
2016-03-09,1.600000
2016-03-10,1.610000
2016-03-11,1.650000
2016-03-14,1.630000
2016-03-15,1.630000
2016-03-16,1.630000
2016-03-17,1.620000
2016-03-18,1.580000
2016-03-21,1.610000
2016-03-22,1.640000
2016-03-23,1.580000
2016-03-24,1.610000
2016-03-28,1.600000
2016-03-29,1.580000
2016-03-30,1.630000
2016-03-31,1.570000
2016-04-01,1.560000
2016-04-04,1.550000
2016-04-05,1.500000
2016-04-06,1.530000
2016-04-07,1.470000
2016-04-08,1.490000
2016-04-11,1.500000
2016-04-12,1.570000
2016-04-13,1.540000
2016-04-14,1.580000
2016-04-15,1.540000
2016-04-18,1.560000
2016-04-19,1.580000
2016-04-20,1.620000
2016-04-21,1.650000
2016-04-22,1.660000
2016-04-25,1.660000
2016-04-26,1.700000
2016-04-27,1.630000
2016-04-28,1.620000
2016-04-29,1.610000
2016-05-02,1.660000
2016-05-03,1.600000
2016-05-04,1.600000
2016-05-05,1.560000
2016-05-06,1.600000
2016-05-09,1.530000
2016-05-10,1.530000
2016-05-11,1.470000
2016-05-12,1.480000
2016-05-13,1.420000
2016-05-16,1.470000
2016-05-17,1.480000
2016-05-18,1.570000
2016-05-19,1.540000
2016-05-20,1.520000
2016-05-23,1.490000
2016-05-24,1.510000
2016-05-25,1.540000
2016-05-26,1.520000
2016-05-27,1.530000
2016-05-31,1.500000
2016-06-01,1.550000
2016-06-02,1.520000
2016-06-03,1.410000
2016-06-06,1.450000
2016-06-07,1.440000
2016-06-08,1.470000
2016-06-09,1.420000
2016-06-10,1.380000
2016-06-13,1.350000
2016-06-14,1.350000
2016-06-15,1.340000
2016-06-16,1.300000
2016-06-17,1.350000
2016-06-20,1.390000
2016-06-21,1.440000
2016-06-22,1.420000
2016-06-23,1.430000
2016-06-24,1.300000
2016-06-27,1.190000
2016-06-28,1.200000
2016-06-29,1.240000
2016-06-30,1.230000
2016-07-01,1.180000
2016-07-05,1.090000
2016-07-06,1.110000
2016-07-07,1.110000
2016-07-08,1.090000
2016-07-11,1.120000
2016-07-12,1.240000
2016-07-13,1.170000
2016-07-14,1.210000
2016-07-15,1.280000
2016-07-18,1.270000
2016-07-19,1.250000
2016-07-20,1.270000
2016-07-21,1.250000
2016-07-22,1.240000
2016-07-25,1.260000
2016-07-26,1.260000
2016-07-27,1.210000
2016-07-28,1.270000
2016-07-29,1.180000
2016-08-01,1.220000
2016-08-02,1.260000
2016-08-03,1.270000
2016-08-04,1.250000
2016-08-05,1.310000
2016-08-08,1.280000
2016-08-09,1.260000
2016-08-10,1.220000
2016-08-11,1.290000
2016-08-12,1.220000
2016-08-15,1.240000
2016-08-16,1.300000
2016-08-17,1.260000
2016-08-18,1.230000
2016-08-19,1.280000
2016-08-22,1.260000
2016-08-23,1.250000
2016-08-24,1.250000
2016-08-25,1.250000
2016-08-26,1.280000
2016-08-29,1.240000
2016-08-30,1.240000
2016-08-31,1.250000
2016-09-01,1.240000
2016-09-02,1.270000
2016-09-06,1.230000
2016-09-07,1.200000
2016-09-08,1.260000
2016-09-09,1.320000
2016-09-12,1.310000
2016-09-13,1.370000
2016-09-14,1.370000
2016-09-15,1.420000
2016-09-16,1.400000
2016-09-19,1.400000
2016-09-20,1.390000
2016-09-21,1.440000
2016-09-22,1.450000
2016-09-23,1.440000
2016-09-26,1.340000
2016-09-27,1.300000
2016-09-28,1.300000
2016-09-29,1.300000
2016-09-30,1.310000
2016-10-03,1.310000
2016-10-04,1.360000
2016-10-05,1.400000
2016-10-06,1.420000
2016-10-07,1.400000
2016-10-11,1.420000
2016-10-12,1.420000
2016-10-13,1.450000
2016-10-14,1.480000
2016-10-17,1.430000
2016-10-18,1.410000
2016-10-19,1.410000
2016-10-20,1.410000
2016-10-21,1.400000
2016-10-24,1.440000
2016-10-25,1.430000
2016-10-26,1.460000
2016-10-27,1.550000
2016-10-28,1.560000
2016-10-31,1.500000
2016-11-01,1.480000
2016-11-02,1.440000
2016-11-03,1.440000
2016-11-04,1.410000
2016-11-07,1.420000
2016-11-08,1.450000
2016-11-09,1.620000
2016-11-10,1.670000
2016-11-14,1.680000
2016-11-15,1.720000
2016-11-16,1.750000
2016-11-17,1.850000
2016-11-18,1.900000
2016-11-21,1.870000
2016-11-22,1.820000
2016-11-23,1.850000
2016-11-25,1.870000
2016-11-28,1.840000
2016-11-29,1.820000
2016-11-30,1.890000
2016-12-01,1.970000
2016-12-02,1.910000
2016-12-05,1.900000
2016-12-06,1.900000
2016-12-07,1.820000
2016-12-08,1.890000
2016-12-09,1.930000
2016-12-12,1.980000
2016-12-13,1.940000
2016-12-14,1.990000
2016-12-15,2.090000
2016-12-16,2.090000
2016-12-19,2.020000
2016-12-20,2.050000
2016-12-21,2.030000
2016-12-22,2.040000
2016-12-23,2.030000
2016-12-27,2.060000
2016-12-28,1.980000
2016-12-29,2.020000
2016-12-30,1.940000
2017-01-03,1.920000
2017-01-04,1.930000
2017-01-05,1.850000
2017-01-06,1.890000
2017-01-09,1.880000
2017-01-10,1.860000
2017-01-11,1.860000
2017-01-12,1.840000
2017-01-13,1.870000
2017-01-17,1.780000
2017-01-18,1.890000
2017-01-19,1.950000
2017-01-20,1.980000
2017-01-23,1.900000
2017-01-24,1.960000
2017-01-25,2.030000
2017-01-26,2.000000
2017-01-27,1.970000
2017-01-30,1.980000
2017-01-31,1.930000
2017-02-01,1.970000
2017-02-02,1.960000
2017-02-03,1.980000
2017-02-06,1.890000
2017-02-07,1.870000
2017-02-08,1.800000
2017-02-09,1.860000
2017-02-10,1.860000
2017-02-13,1.910000
2017-02-14,1.930000
2017-02-15,1.970000
2017-02-16,1.920000
2017-02-17,1.890000
2017-02-21,1.900000
2017-02-22,1.900000
2017-02-23,1.870000
2017-02-24,1.790000
2017-02-27,1.860000
2017-02-28,1.830000
2017-03-01,1.830000
2017-03-02,1.820000
2017-03-03,1.780000
2017-03-06,1.750000
2017-03-07,1.760000
2017-03-08,1.840000
2017-03-09,1.870000
2017-03-10,1.830000
2017-03-13,1.830000
2017-03-14,1.820000
2017-03-15,1.780000
2017-03-16,1.800000
2017-03-17,1.770000
2017-03-20,1.710000
2017-03-21,1.660000
2017-03-22,1.630000
2017-03-23,1.650000
2017-03-24,1.620000
2017-03-27,1.600000
2017-03-28,1.640000
2017-03-29,1.610000
2017-03-30,1.640000
2017-03-31,1.640000
2017-04-03,1.560000
2017-04-04,1.570000
2017-04-05,1.540000
2017-04-06,1.550000
2017-04-07,1.560000
2017-04-10,1.550000
2017-04-11,1.500000
2017-04-12,1.470000
2017-04-13,1.430000
2017-04-17,1.430000
2017-04-18,1.360000
2017-04-19,1.400000
2017-04-20,1.450000
2017-04-21,1.450000
2017-04-24,1.470000
2017-04-25,1.530000
2017-04-26,1.490000
2017-04-27,1.490000
2017-04-28,1.490000
2017-05-01,1.500000
2017-05-02,1.470000
2017-05-03,1.480000
2017-05-04,1.500000
2017-05-05,1.460000
2017-05-08,1.480000
2017-05-09,1.510000
2017-05-10,1.510000
2017-05-11,1.500000
2017-05-12,1.450000
2017-05-15,1.440000
2017-05-16,1.430000
2017-05-17,1.320000
2017-05-18,1.300000
2017-05-19,1.310000
2017-05-22,1.320000
2017-05-23,1.370000
2017-05-24,1.330000
2017-05-25,1.310000
2017-05-26,1.310000
2017-05-30,1.280000
2017-05-31,1.230000
2017-06-01,1.230000
2017-06-02,1.170000
2017-06-05,1.220000
2017-06-06,1.170000
2017-06-07,1.180000
2017-06-08,1.180000
2017-06-09,1.200000
2017-06-12,1.230000
2017-06-13,1.210000
2017-06-14,1.140000
2017-06-15,1.140000
2017-06-16,1.130000
2017-06-19,1.170000
2017-06-20,1.150000
2017-06-21,1.170000
2017-06-22,1.190000
2017-06-23,1.180000
2017-06-26,1.150000
2017-06-27,1.210000
2017-06-28,1.200000
2017-06-29,1.230000
2017-06-30,1.280000
2017-07-03,1.290000
2017-07-05,1.280000
2017-07-06,1.330000
2017-07-07,1.340000
2017-07-10,1.340000
2017-07-11,1.320000
2017-07-12,1.280000
2017-07-13,1.300000
2017-07-14,1.290000
2017-07-17,1.240000
2017-07-18,1.200000
2017-07-19,1.160000
2017-07-20,1.120000
2017-07-21,1.080000
2017-07-24,1.090000
2017-07-25,1.150000
2017-07-26,1.160000
2017-07-27,1.210000
2017-07-28,1.220000
2017-07-31,1.230000
2017-08-01,1.180000
2017-08-02,1.190000
2017-08-03,1.160000
2017-08-04,1.190000
2017-08-07,1.240000
2017-08-08,1.230000
2017-08-09,1.180000
2017-08-10,1.150000
2017-08-11,1.160000
2017-08-14,1.200000
2017-08-15,1.230000
2017-08-16,1.210000
2017-08-17,1.190000
2017-08-18,1.170000
2017-08-21,1.180000
2017-08-22,1.220000
2017-08-23,1.170000
2017-08-24,1.170000
2017-08-25,1.140000
2017-08-28,1.180000
2017-08-29,1.100000
2017-08-30,1.120000
2017-08-31,1.110000
2017-09-01,1.140000
2017-09-05,1.040000
2017-09-06,1.030000
2017-09-07,1.000000
2017-09-08,1.020000
2017-09-11,1.090000
2017-09-12,1.140000
2017-09-13,1.160000
2017-09-14,1.150000
2017-09-15,1.150000
2017-09-18,1.180000
2017-09-19,1.200000
2017-09-20,1.240000
2017-09-21,1.230000
2017-09-22,1.230000
2017-09-25,1.170000
2017-09-26,1.180000
2017-09-27,1.240000
2017-09-28,1.250000
2017-09-29,1.270000
2017-10-02,1.330000
2017-10-03,1.260000
2017-10-04,1.250000
2017-10-05,1.280000
2017-10-06,1.300000
2017-10-10,1.270000
2017-10-11,1.250000
2017-10-12,1.240000
2017-10-13,1.190000
2017-10-16,1.200000
2017-10-17,1.210000
2017-10-18,1.250000
2017-10-19,1.230000
2017-10-20,1.280000
2017-10-23,1.290000
2017-10-24,1.300000
2017-10-25,1.320000
2017-10-26,1.350000
2017-10-27,1.320000
2017-10-30,1.250000
2017-10-31,1.230000
2017-11-01,1.190000
2017-11-02,1.180000
2017-11-03,1.160000
2017-11-06,1.130000
2017-11-07,1.100000
2017-11-08,1.090000
2017-11-09,1.090000
2017-11-10,1.170000
2017-11-13,1.160000
2017-11-14,1.120000
2017-11-15,1.080000
2017-11-16,1.100000
2017-11-17,1.060000
2017-11-20,1.070000
2017-11-21,1.060000
2017-11-22,1.030000
2017-11-24,1.050000
2017-11-27,1.050000
2017-11-28,1.040000
2017-11-29,1.080000
2017-11-30,1.150000
2017-12-01,1.100000
2017-12-04,1.080000
2017-12-05,1.060000
2017-12-06,1.030000
2017-12-07,1.080000
2017-12-08,1.100000
2017-12-11,1.060000
2017-12-12,1.060000
2017-12-13,1.060000
2017-12-14,1.030000
2017-12-15,1.040000
2017-12-18,1.010000
2017-12-19,1.090000
2017-12-20,1.110000
2017-12-21,1.130000
2017-12-22,1.150000
2017-12-26,1.000000
2017-12-27,0.980000
2017-12-28,1.040000
2017-12-29,1.010000
2018-01-02,1.020000
2018-01-03,1.030000
2018-01-04,1.050000
2018-01-05,1.080000
2018-01-08,1.040000
2018-01-09,1.110000
2018-01-10,1.130000
2018-01-11,1.110000
2018-01-12,1.120000
2018-01-16,1.090000
2018-01-17,1.130000
2018-01-18,1.170000
2018-01-19,1.200000
2018-01-22,1.220000
2018-01-23,1.190000
2018-01-24,1.220000
2018-01-25,1.210000
2018-01-26,1.250000
2018-01-29,1.260000
2018-01-30,1.290000
2018-01-31,1.260000
2018-02-01,1.300000
2018-02-02,1.360000
2018-02-05,1.260000
2018-02-06,1.270000
2018-02-07,1.290000
2018-02-08,1.300000
2018-02-09,1.280000
2018-02-12,1.240000
2018-02-13,1.240000
2018-02-14,1.330000
2018-02-15,1.320000
2018-02-16,1.250000
2018-02-20,1.220000
2018-02-21,1.300000
2018-02-22,1.290000
2018-02-23,1.240000
2018-02-26,1.200000
2018-02-27,1.240000
2018-02-28,1.220000
2018-03-01,1.180000
2018-03-02,1.210000
2018-03-05,1.180000
2018-03-06,1.200000
2018-03-07,1.210000
2018-03-08,1.190000
2018-03-09,1.230000
2018-03-12,1.160000
2018-03-13,1.110000
2018-03-14,1.050000
2018-03-15,1.050000
2018-03-16,1.070000
2018-03-19,1.050000
2018-03-20,1.080000
2018-03-21,1.150000
2018-03-22,1.110000
2018-03-23,1.080000
2018-03-26,1.060000
2018-03-27,1.010000
2018-03-28,1.040000
2018-03-29,1.010000
2018-04-02,0.960000
2018-04-03,1.040000
2018-04-04,1.080000
2018-04-05,1.110000
2018-04-06,1.040000
2018-04-09,1.020000
2018-04-10,1.060000
2018-04-11,1.060000
2018-04-12,1.080000
2018-04-13,1.060000
2018-04-16,1.040000
2018-04-17,1.020000
2018-04-18,1.060000
2018-04-19,1.100000
2018-04-20,1.150000
2018-04-23,1.110000
2018-04-24,1.130000
2018-04-25,1.180000
2018-04-26,1.180000
2018-04-27,1.140000
2018-04-30,1.080000
2018-05-01,1.120000
2018-05-02,1.130000
2018-05-03,1.100000
2018-05-04,1.110000
2018-05-07,1.090000
2018-05-08,1.100000
2018-05-09,1.120000
2018-05-10,1.070000
2018-05-11,1.050000
2018-05-14,1.070000
2018-05-15,1.160000
2018-05-16,1.170000
2018-05-17,1.190000
2018-05-18,1.150000
2018-05-21,1.130000
2018-05-22,1.130000
2018-05-23,1.090000
2018-05-24,1.070000
2018-05-25,1.030000
2018-05-29,0.840000
2018-05-30,0.900000
2018-05-31,0.900000
2018-06-01,0.970000
2018-06-04,1.000000
2018-06-05,0.980000
2018-06-06,1.020000
2018-06-07,0.990000
2018-06-08,1.000000
2018-06-11,1.020000
2018-06-12,1.040000
2018-06-13,1.040000
2018-06-14,1.000000
2018-06-15,0.990000
2018-06-18,0.980000
2018-06-19,0.950000
2018-06-20,0.990000
2018-06-21,0.960000
2018-06-22,0.970000
2018-06-25,0.940000
2018-06-26,0.950000
2018-06-27,0.900000
2018-06-28,0.910000
2018-06-29,0.920000
2018-07-02,0.890000
2018-07-03,0.850000
2018-07-05,0.880000
2018-07-06,0.850000
2018-07-09,0.880000
2018-07-10,0.880000
2018-07-11,0.880000
2018-07-12,0.870000
2018-07-13,0.850000
2018-07-16,0.840000
2018-07-17,0.840000
2018-07-18,0.880000
2018-07-19,0.840000
2018-07-20,0.900000
2018-07-23,0.970000
2018-07-24,0.930000
2018-07-25,0.930000
2018-07-26,0.990000
2018-07-27,0.960000
2018-07-30,0.940000
2018-07-31,0.930000
2018-08-01,0.970000
2018-08-02,0.960000
2018-08-03,0.940000
2018-08-06,0.890000
2018-08-07,0.920000
2018-08-08,0.900000
2018-08-09,0.870000
2018-08-10,0.820000
2018-08-13,0.820000
2018-08-14,0.810000
2018-08-15,0.790000
2018-08-16,0.800000
2018-08-17,0.820000
2018-08-20,0.760000
2018-08-21,0.770000
2018-08-22,0.730000
2018-08-23,0.740000
2018-08-24,0.730000
2018-08-27,0.730000
2018-08-28,0.750000
2018-08-29,0.760000
2018-08-30,0.750000
2018-08-31,0.750000
2018-09-04,0.770000
2018-09-05,0.760000
2018-09-06,0.750000
2018-09-07,0.800000
2018-09-10,0.800000
2018-09-11,0.830000
2018-09-12,0.810000
2018-09-13,0.820000
2018-09-14,0.830000
2018-09-17,0.830000
2018-09-18,0.880000
2018-09-19,0.920000
2018-09-20,0.900000
2018-09-21,0.890000
2018-09-24,0.860000
2018-09-25,0.890000
2018-09-26,0.860000
2018-09-27,0.880000
2018-09-28,0.860000
2018-10-01,0.860000
2018-10-02,0.820000
2018-10-03,0.920000
2018-10-04,0.970000
2018-10-05,1.000000
2018-10-09,0.960000
2018-10-10,0.950000
2018-10-11,0.870000
2018-10-12,0.870000
2018-10-15,0.850000
2018-10-16,0.860000
2018-10-17,0.880000
2018-10-18,0.850000
2018-10-19,0.890000
2018-10-22,0.860000
2018-10-23,0.840000
2018-10-24,0.760000
2018-10-25,0.800000
2018-10-26,0.750000
2018-10-29,0.740000
2018-10-30,0.790000
2018-10-31,0.810000
2018-11-01,0.820000
2018-11-02,0.890000
2018-11-05,0.840000
2018-11-06,0.870000
2018-11-07,0.850000
2018-11-08,0.890000
2018-11-09,0.830000
2018-11-13,0.760000
2018-11-14,0.740000
2018-11-15,0.740000
2018-11-16,0.720000
2018-11-19,0.680000
2018-11-20,0.670000
2018-11-21,0.650000
2018-11-23,0.640000
2018-11-26,0.660000
2018-11-27,0.650000
2018-11-28,0.660000
2018-11-29,0.660000
2018-11-30,0.640000
2018-12-03,0.600000
2018-12-04,0.490000
2018-12-06,0.460000
2018-12-07,0.450000
2018-12-10,0.440000
2018-12-11,0.480000
2018-12-12,0.480000
2018-12-13,0.480000
2018-12-14,0.470000
2018-12-17,0.460000
2018-12-18,0.430000
2018-12-19,0.370000
2018-12-20,0.400000
2018-12-21,0.400000
2018-12-24,0.290000
2018-12-26,0.370000
2018-12-27,0.360000
2018-12-28,0.320000
2018-12-31,0.240000
2019-01-02,0.240000
2019-01-03,0.150000
2019-01-04,0.250000
2019-01-07,0.250000
2019-01-08,0.270000
2019-01-09,0.290000
2019-01-10,0.310000
2019-01-11,0.280000
2019-01-14,0.260000
2019-01-15,0.270000
2019-01-16,0.300000
2019-01-17,0.330000
2019-01-18,0.380000
2019-01-22,0.310000
2019-01-23,0.350000
2019-01-24,0.350000
2019-01-25,0.370000
2019-01-28,0.330000
2019-01-29,0.300000
2019-01-30,0.280000
2019-01-31,0.220000
2019-02-01,0.300000
2019-02-04,0.310000
2019-02-05,0.290000
2019-02-06,0.280000
2019-02-07,0.230000
2019-02-08,0.200000
2019-02-11,0.200000
2019-02-12,0.250000
2019-02-13,0.270000
2019-02-14,0.230000
2019-02-15,0.230000
2019-02-19,0.200000
2019-02-20,0.200000
2019-02-21,0.240000
2019-02-22,0.190000
2019-02-25,0.200000
2019-02-26,0.190000
2019-02-27,0.240000
2019-02-28,0.280000
2019-03-01,0.320000
2019-03-04,0.260000
2019-03-05,0.260000
2019-03-06,0.220000
2019-03-07,0.190000
2019-03-08,0.160000
2019-03-11,0.180000
2019-03-12,0.150000
2019-03-13,0.160000
2019-03-14,0.180000
2019-03-15,0.140000
2019-03-18,0.160000
2019-03-19,0.150000
2019-03-20,0.060000
2019-03-21,0.050000
2019-03-22,-0.020000
2019-03-25,-0.030000
2019-03-26,-0.050000
2019-03-27,-0.050000
2019-03-28,-0.040000
2019-03-29,0.010000
2019-04-01,0.060000
2019-04-02,0.060000
2019-04-03,0.080000
2019-04-04,0.070000
2019-04-05,0.060000
2019-04-08,0.090000
2019-04-09,0.090000
2019-04-10,0.050000
2019-04-11,0.080000
2019-04-12,0.120000
2019-04-15,0.120000
2019-04-16,0.170000
2019-04-17,0.150000
2019-04-18,0.150000
2019-04-22,0.150000
2019-04-23,0.120000
2019-04-24,0.090000
2019-04-25,0.110000
2019-04-26,0.090000
2019-04-29,0.100000
2019-04-30,0.080000
2019-05-01,0.090000
2019-05-02,0.080000
2019-05-03,0.110000
2019-05-06,0.070000
2019-05-07,0.020000
2019-05-08,0.060000
2019-05-09,0.020000
2019-05-10,0.040000
2019-05-13,-0.010000
2019-05-14,0.010000
2019-05-15,-0.050000
2019-05-16,0.000000
2019-05-17,0.000000
2019-05-20,0.020000
2019-05-21,0.040000
2019-05-22,0.010000
2019-05-23,-0.060000
2019-05-24,-0.030000
2019-05-28,-0.110000
2019-05-29,-0.120000
2019-05-30,-0.160000
2019-05-31,-0.210000
2019-06-03,-0.280000
2019-06-04,-0.230000
2019-06-05,-0.230000
2019-06-06,-0.210000
2019-06-07,-0.190000
2019-06-10,-0.140000
2019-06-11,-0.120000
2019-06-12,-0.110000
2019-06-13,-0.090000
2019-06-14,-0.110000
2019-06-17,-0.140000
2019-06-18,-0.160000
2019-06-19,-0.150000
2019-06-20,-0.130000
2019-06-21,-0.040000
2019-06-24,-0.110000
2019-06-25,-0.120000
2019-06-26,-0.100000
2019-06-27,-0.130000
2019-06-28,-0.120000
2019-07-01,-0.180000
2019-07-02,-0.220000
2019-07-03,-0.250000
2019-07-05,-0.190000
2019-07-08,-0.210000
2019-07-09,-0.190000
2019-07-10,-0.130000
2019-07-11,-0.040000
2019-07-12,-0.020000
2019-07-15,-0.070000
2019-07-16,-0.020000
2019-07-17,-0.080000
2019-07-18,-0.010000
2019-07-19,-0.010000
2019-07-22,-0.040000
2019-07-23,0.020000
2019-07-24,-0.050000
2019-07-25,-0.020000
2019-07-26,-0.040000
2019-07-29,-0.060000
2019-07-30,-0.020000
2019-07-31,-0.060000
2019-08-01,-0.170000
2019-08-02,-0.200000
2019-08-05,-0.300000
2019-08-06,-0.320000
2019-08-07,-0.310000
2019-08-08,-0.300000
2019-08-09,-0.260000
2019-08-12,-0.350000
2019-08-13,-0.320000
2019-08-14,-0.370000
2019-08-15,-0.390000
2019-08-16,-0.320000
2019-08-19,-0.340000
2019-08-20,-0.390000
2019-08-21,-0.380000
2019-08-22,-0.380000
2019-08-23,-0.450000
2019-08-26,-0.470000
2019-08-27,-0.490000
2019-08-28,-0.520000
2019-08-29,-0.490000
2019-08-30,-0.490000
2019-09-03,-0.510000
2019-09-04,-0.500000
2019-09-05,-0.400000
2019-09-06,-0.410000
2019-09-09,-0.330000
2019-09-10,-0.230000
2019-09-11,-0.210000
2019-09-12,-0.160000
2019-09-13,-0.060000
2019-09-16,-0.150000
2019-09-17,-0.180000
2019-09-18,-0.150000
2019-09-19,-0.140000
2019-09-20,-0.170000
2019-09-23,-0.220000
2019-09-24,-0.280000
2019-09-25,-0.160000
2019-09-26,-0.130000
2019-09-27,-0.110000
2019-09-30,-0.200000
2019-10-01,-0.170000
2019-10-02,-0.190000
2019-10-03,-0.160000
2019-10-04,-0.190000
2019-10-07,-0.190000
2019-10-08,-0.180000
2019-10-09,-0.100000
2019-10-10,-0.010000
2019-10-11,0.080000
2019-10-15,0.100000
2019-10-16,0.090000
2019-10-17,0.100000
2019-10-18,0.100000
2019-10-21,0.130000
2019-10-22,0.130000
2019-10-23,0.120000
2019-10-24,0.100000
2019-10-25,0.140000
2019-10-28,0.200000
2019-10-29,0.210000
2019-10-30,0.160000
2019-10-31,0.150000
2019-11-01,0.210000
2019-11-04,0.260000
2019-11-05,0.300000
2019-11-06,0.250000
2019-11-07,0.360000
2019-11-08,0.390000
2019-11-12,0.330000
2019-11-13,0.310000
2019-11-14,0.250000
2019-11-15,0.270000
2019-11-18,0.240000
2019-11-19,0.220000
2019-11-20,0.160000
2019-11-21,0.190000
2019-11-22,0.190000
2019-11-25,0.150000
2019-11-26,0.140000
2019-11-27,0.150000
2019-11-29,0.190000
2019-12-02,0.230000
2019-12-03,0.150000
2019-12-04,0.220000
2019-12-05,0.260000
2019-12-06,0.310000
2019-12-09,0.290000
2019-12-10,0.290000
2019-12-11,0.220000
2019-12-12,0.340000
2019-12-13,0.250000
2019-12-16,0.320000
2019-12-17,0.330000
2019-12-18,0.360000
2019-12-19,0.350000
2019-12-20,0.340000
2019-12-23,0.340000
2019-12-24,0.320000
2019-12-26,0.320000
2019-12-27,0.310000
2019-12-30,0.330000
2019-12-31,0.370000
2020-01-02,0.340000
2020-01-03,0.280000
2020-01-06,0.250000
2020-01-07,0.290000
2020-01-08,0.330000
2020-01-09,0.310000
2020-01-10,0.290000
2020-01-13,0.280000
2020-01-14,0.250000
2020-01-15,0.220000
2020-01-16,0.260000
2020-01-17,0.280000
2020-01-21,0.220000
2020-01-22,0.220000
2020-01-23,0.190000
2020-01-24,0.160000
2020-01-27,0.060000
2020-01-28,0.080000
2020-01-29,0.040000
2020-01-30,0.000000
2020-01-31,-0.040000
2020-02-03,-0.030000
2020-02-04,0.040000
2020-02-05,0.090000
2020-02-06,0.080000
2020-02-07,0.030000
2020-02-10,-0.020000
2020-02-11,0.020000
2020-02-12,0.040000
2020-02-13,0.020000
2020-02-14,0.010000
2020-02-18,-0.030000
2020-02-19,-0.020000
2020-02-20,-0.060000
2020-02-21,-0.100000
2020-02-24,-0.150000
2020-02-25,-0.200000
2020-02-26,-0.200000
2020-02-27,-0.150000
2020-02-28,-0.140000
2020-03-02,-0.030000
2020-03-03,0.070000
2020-03-04,0.300000
2020-03-05,0.300000
2020-03-06,0.290000
2020-03-09,0.210000
2020-03-10,0.320000
2020-03-11,0.400000
2020-03-12,0.550000
2020-03-13,0.660000
2020-03-16,0.490000
2020-03-17,0.830000
2020-03-18,1.160000
2020-03-19,1.080000
2020-03-20,0.870000
2020-03-23,0.740000
2020-03-24,0.830000
2020-03-25,0.880000
2020-03-26,0.830000
2020-03-27,0.690000
2020-03-30,0.580000
2020-03-31,0.590000
2020-04-01,0.530000
2020-04-02,0.540000
2020-04-03,0.520000
2020-04-06,0.520000
2020-04-07,0.610000
2020-04-08,0.550000
2020-04-09,0.480000
2020-04-13,0.500000
2020-04-14,0.560000
2020-04-15,0.490000
2020-04-16,0.470000
2020-04-17,0.530000
2020-04-20,0.510000
2020-04-21,0.470000
2020-04-22,0.510000
2020-04-23,0.500000
2020-04-24,0.480000
2020-04-27,0.550000
2020-04-28,0.510000
2020-04-29,0.530000
2020-04-30,0.550000
2020-05-01,0.520000
2020-05-04,0.510000
2020-05-05,0.530000
2020-05-06,0.600000
2020-05-07,0.520000
2020-05-08,0.570000
2020-05-11,0.610000
2020-05-12,0.560000
2020-05-13,0.510000
2020-05-14,0.510000
2020-05-15,0.520000
2020-05-18,0.600000
2020-05-19,0.570000
2020-05-20,0.560000
2020-05-21,0.560000
2020-05-22,0.540000
2020-05-26,0.550000
2020-05-27,0.530000
2020-05-28,0.550000
2020-05-29,0.510000
2020-06-01,0.520000
2020-06-02,0.530000
2020-06-03,0.610000
2020-06-04,0.670000
2020-06-05,0.760000
2020-06-08,0.710000
2020-06-09,0.650000
2020-06-10,0.580000
2020-06-11,0.490000
2020-06-12,0.550000
2020-06-15,0.530000
2020-06-16,0.580000
2020-06-17,0.570000
2020-06-18,0.550000
2020-06-19,0.550000
2020-06-22,0.550000
2020-06-23,0.560000
2020-06-24,0.540000
2020-06-25,0.520000
2020-06-26,0.500000
2020-06-29,0.500000
2020-06-30,0.500000
2020-07-01,0.550000
2020-07-02,0.540000
2020-07-06,0.540000
2020-07-07,0.500000
2020-07-08,0.520000
2020-07-09,0.490000
2020-07-10,0.520000
2020-07-13,0.500000
2020-07-14,0.480000
2020-07-15,0.480000
2020-07-16,0.510000
2020-07-17,0.530000
2020-07-20,0.490000
2020-07-21,0.480000
2020-07-22,0.470000
2020-07-23,0.470000
2020-07-24,0.480000
2020-07-27,0.510000
2020-07-28,0.480000
2020-07-29,0.470000
2020-07-30,0.460000
2020-07-31,0.460000
2020-08-03,0.460000
2020-08-04,0.430000
2020-08-05,0.450000
2020-08-06,0.450000
2020-08-07,0.470000
2020-08-10,0.480000
2020-08-11,0.530000
2020-08-12,0.580000
2020-08-13,0.610000
2020-08-14,0.610000
2020-08-17,0.590000
2020-08-18,0.580000
2020-08-19,0.570000
2020-08-20,0.540000
2020-08-21,0.540000
2020-08-24,0.530000
2020-08-25,0.580000
2020-08-26,0.580000
2020-08-27,0.630000
2020-08-28,0.640000
2020-08-31,0.610000
2020-09-01,0.560000
2020-09-02,0.540000
2020-09-03,0.520000
2020-09-04,0.610000
2020-09-08,0.560000
2020-09-09,0.590000
2020-09-10,0.560000
2020-09-11,0.560000
2020-09-14,0.570000
2020-09-15,0.570000
2020-09-16,0.570000
2020-09-17,0.600000
2020-09-18,0.600000
2020-09-21,0.580000
2020-09-22,0.580000
2020-09-23,0.570000
2020-09-24,0.570000
2020-09-25,0.560000
2020-09-28,0.560000
2020-09-29,0.570000
2020-09-30,0.590000
2020-10-01,0.590000
2020-10-02,0.610000
2020-10-05,0.680000
2020-10-06,0.660000
2020-10-07,0.710000
2020-10-08,0.690000
2020-10-09,0.690000
2020-10-13,0.630000
2020-10-14,0.610000
2020-10-15,0.630000
2020-10-16,0.650000
2020-10-19,0.670000
2020-10-20,0.710000
2020-10-21,0.730000
2020-10-22,0.780000
2020-10-23,0.750000
2020-10-26,0.700000
2020-10-27,0.690000
2020-10-28,0.690000
2020-10-29,0.760000
2020-10-30,0.790000
2020-11-02,0.780000
2020-11-03,0.800000
2020-11-04,0.680000
2020-11-05,0.690000
2020-11-06,0.730000
2020-11-09,0.850000
2020-11-10,0.880000
2020-11-12,0.780000
2020-11-13,0.800000
2020-11-16,0.820000
2020-11-17,0.780000
2020-11-18,0.790000
2020-11-19,0.790000
2020-11-20,0.760000
2020-11-23,0.780000
2020-11-24,0.790000
2020-11-25,0.790000
2020-11-27,0.750000
2020-11-30,0.760000
2020-12-01,0.830000
2020-12-02,0.860000
2020-12-03,0.840000
2020-12-04,0.880000
2020-12-07,0.860000
2020-12-08,0.830000
2020-12-09,0.870000
2020-12-10,0.840000
2020-12-11,0.820000
2020-12-14,0.810000
2020-12-15,0.840000
2020-12-16,0.830000
2020-12-17,0.860000
2020-12-18,0.870000
2020-12-21,0.860000
2020-12-22,0.840000
2020-12-23,0.870000
2020-12-24,0.850000
2020-12-28,0.830000
2020-12-29,0.840000
2020-12-30,0.850000
2020-12-31,0.840000
2021-01-04,0.840000
2021-01-05,0.870000
2021-01-06,0.950000
2021-01-07,0.990000
2021-01-08,1.050000
2021-01-11,1.070000
2021-01-12,1.060000
2021-01-13,1.010000
2021-01-14,1.060000
2021-01-15,1.020000
2021-01-19,1.010000
2021-01-20,1.020000
2021-01-21,1.030000
2021-01-22,1.020000
2021-01-25,0.960000
2021-01-26,0.980000
2021-01-27,0.960000
2021-01-28,1.000000
2021-01-29,1.050000
2021-02-01,1.020000
2021-02-02,1.050000
2021-02-03,1.110000
2021-02-04,1.110000
2021-02-05,1.160000
2021-02-08,1.140000
2021-02-09,1.140000
2021-02-10,1.100000
2021-02-11,1.110000
2021-02-12,1.160000
2021-02-16,1.260000
2021-02-17,1.250000
2021-02-18,1.260000
2021-02-19,1.300000
2021-02-22,1.340000
2021-02-23,1.330000
2021-02-24,1.350000
2021-02-25,1.500000
2021-02-26,1.400000
2021-03-01,1.400000
2021-03-02,1.380000
2021-03-03,1.420000
2021-03-04,1.500000
2021-03-05,1.520000
2021-03-08,1.540000
2021-03-09,1.500000
2021-03-10,1.490000
2021-03-11,1.500000
2021-03-12,1.600000
2021-03-15,1.580000
2021-03-16,1.600000
2021-03-17,1.610000
2021-03-18,1.700000
2021-03-19,1.730000
2021-03-22,1.660000
2021-03-23,1.620000
2021-03-24,1.600000
2021-03-25,1.610000
2021-03-26,1.650000
2021-03-29,1.700000
2021-03-30,1.710000
2021-03-31,1.710000
2021-04-01,1.670000
2021-04-02,1.700000
2021-04-05,1.700000
2021-04-06,1.650000
2021-04-07,1.660000
2021-04-08,1.630000
2021-04-09,1.650000
2021-04-12,1.670000
2021-04-13,1.610000
2021-04-14,1.620000
2021-04-15,1.540000
2021-04-16,1.570000
2021-04-19,1.590000
2021-04-20,1.550000
2021-04-21,1.540000
2021-04-22,1.540000
2021-04-23,1.550000
2021-04-26,1.550000
2021-04-27,1.620000
2021-04-28,1.620000
2021-04-29,1.640000
2021-04-30,1.640000
2021-05-03,1.590000
2021-05-04,1.590000
2021-05-05,1.570000
2021-05-06,1.560000
2021-05-07,1.580000
2021-05-10,1.610000
2021-05-11,1.630000
2021-05-12,1.670000
2021-05-13,1.640000
2021-05-14,1.620000
2021-05-17,1.620000
2021-05-18,1.620000
2021-05-19,1.670000
2021-05-20,1.620000
2021-05-21,1.620000
2021-05-24,1.590000
2021-05-25,1.540000
2021-05-26,1.560000
2021-05-27,1.590000
2021-05-28,1.570000
2021-06-01,1.600000
2021-06-02,1.570000
2021-06-03,1.610000
2021-06-04,1.540000
2021-06-07,1.550000
2021-06-08,1.510000
2021-06-09,1.470000
2021-06-10,1.420000
2021-06-11,1.440000
2021-06-14,1.480000
2021-06-15,1.480000
2021-06-16,1.530000
2021-06-17,1.480000
2021-06-18,1.400000
2021-06-21,1.450000
2021-06-22,1.440000
2021-06-23,1.450000
2021-06-24,1.440000
2021-06-25,1.480000
2021-06-28,1.440000
2021-06-29,1.450000
2021-06-30,1.400000
2021-07-01,1.430000
2021-07-02,1.390000
2021-07-06,1.320000
2021-07-07,1.280000
2021-07-08,1.240000
2021-07-09,1.310000
2021-07-12,1.330000
2021-07-13,1.370000
2021-07-14,1.310000
2021-07-15,1.260000
2021-07-16,1.260000
2021-07-19,1.140000
2021-07-20,1.180000
2021-07-21,1.250000
2021-07-22,1.220000
2021-07-23,1.250000
2021-07-26,1.240000
2021-07-27,1.200000
2021-07-28,1.210000
2021-07-29,1.220000
2021-07-30,1.180000
2021-08-02,1.150000
2021-08-03,1.140000
2021-08-04,1.140000
2021-08-05,1.180000
2021-08-06,1.250000
2021-08-09,1.270000
2021-08-10,1.310000
2021-08-11,1.300000
2021-08-12,1.300000
2021-08-13,1.230000
2021-08-16,1.200000
2021-08-17,1.190000
2021-08-18,1.200000
2021-08-19,1.180000
2021-08-20,1.210000
2021-08-23,1.200000
2021-08-24,1.240000
2021-08-25,1.290000
2021-08-26,1.290000
2021-08-27,1.260000
2021-08-30,1.240000
2021-08-31,1.260000
2021-09-01,1.260000
2021-09-02,1.240000
2021-09-03,1.280000
2021-09-07,1.330000
2021-09-08,1.300000
2021-09-09,1.260000
2021-09-10,1.300000
2021-09-13,1.270000
2021-09-14,1.240000
2021-09-15,1.270000
2021-09-16,1.300000
2021-09-17,1.330000
2021-09-20,1.270000
2021-09-21,1.300000
2021-09-22,1.290000
2021-09-23,1.380000
2021-09-24,1.440000
2021-09-27,1.440000
2021-09-28,1.500000
2021-09-29,1.510000
2021-09-30,1.480000
2021-10-01,1.440000
2021-10-04,1.450000
2021-10-05,1.500000
2021-10-06,1.490000
2021-10-07,1.530000
2021-10-08,1.560000
2021-10-12,1.530000
2021-10-13,1.510000
2021-10-14,1.470000
2021-10-15,1.540000
2021-10-18,1.530000
2021-10-19,1.600000
2021-10-20,1.600000
2021-10-21,1.620000
2021-10-22,1.600000
2021-10-25,1.580000
2021-10-26,1.570000
2021-10-27,1.480000
2021-10-28,1.510000
2021-10-29,1.500000
2021-11-01,1.530000
2021-11-02,1.510000
2021-11-03,1.550000
2021-11-04,1.490000
2021-11-05,1.400000
2021-11-08,1.450000
2021-11-09,1.420000
2021-11-10,1.510000
2021-11-12,1.530000
2021-11-15,1.580000
2021-11-16,1.580000
2021-11-17,1.550000
2021-11-18,1.540000
2021-11-19,1.490000
2021-11-22,1.580000
2021-11-23,1.610000
2021-11-24,1.580000
2021-11-26,1.420000
2021-11-29,1.460000
2021-11-30,1.380000
2021-12-01,1.370000
2021-12-02,1.390000
2021-12-03,1.290000
2021-12-06,1.380000
2021-12-07,1.420000
2021-12-08,1.450000
2021-12-09,1.430000
2021-12-10,1.420000
2021-12-13,1.370000
2021-12-14,1.390000
2021-12-15,1.420000
2021-12-16,1.390000
2021-12-17,1.360000
2021-12-20,1.360000
2021-12-21,1.410000
2021-12-22,1.380000
2021-12-23,1.430000
2021-12-27,1.420000
2021-12-28,1.430000
2021-12-29,1.500000
2021-12-30,1.470000
2021-12-31,1.460000
2022-01-03,1.550000
2022-01-04,1.580000
2022-01-05,1.620000
2022-01-06,1.630000
2022-01-07,1.660000
2022-01-10,1.650000
2022-01-11,1.640000
2022-01-12,1.620000
2022-01-13,1.580000
2022-01-14,1.650000
2022-01-18,1.710000
2022-01-19,1.660000
2022-01-20,1.660000
2022-01-21,1.580000
2022-01-24,1.560000
2022-01-25,1.590000
2022-01-26,1.660000
2022-01-27,1.610000
2022-01-28,1.590000
2022-01-31,1.570000
2022-02-01,1.620000
2022-02-02,1.590000
2022-02-03,1.620000
2022-02-04,1.700000
2022-02-07,1.650000
2022-02-08,1.710000
2022-02-09,1.680000
2022-02-10,1.630000
2022-02-11,1.560000
2022-02-14,1.550000
2022-02-15,1.650000
2022-02-16,1.650000
2022-02-17,1.610000
2022-02-18,1.570000
2022-02-22,1.570000
2022-02-23,1.650000
2022-02-24,1.640000
2022-02-25,1.640000
2022-02-28,1.480000
2022-03-01,1.400000
2022-03-02,1.520000
2022-03-03,1.480000
2022-03-04,1.400000
2022-03-07,1.400000
2022-03-08,1.500000
2022-03-09,1.560000
2022-03-10,1.590000
2022-03-11,1.600000
2022-03-14,1.690000
2022-03-15,1.690000
2022-03-16,1.750000
2022-03-17,1.800000
2022-03-18,1.720000
2022-03-21,1.780000
2022-03-22,1.870000
2022-03-23,1.820000
2022-03-24,1.820000
2022-03-25,1.930000
2022-03-28,1.870000
2022-03-29,1.860000
2022-03-30,1.800000
2022-03-31,1.800000
2022-04-01,1.860000
2022-04-04,1.760000
2022-04-05,1.890000
2022-04-06,1.940000
2022-04-07,1.980000
2022-04-08,2.020000
2022-04-11,2.020000
2022-04-12,1.980000
2022-04-13,1.950000
2022-04-14,2.040000
2022-04-18,2.040000
2022-04-19,2.120000
2022-04-20,2.030000
2022-04-21,2.070000
2022-04-22,2.070000
2022-04-25,1.900000
2022-04-26,1.940000
2022-04-27,2.000000
2022-04-28,2.030000
2022-04-29,2.040000
2022-05-02,2.090000
2022-05-03,2.060000
2022-05-04,2.040000
2022-05-05,2.200000
2022-05-06,2.270000
2022-05-09,2.130000
2022-05-10,2.100000
2022-05-11,2.000000
2022-05-12,1.880000
2022-05-13,1.900000
2022-05-16,1.810000
2022-05-17,1.920000
2022-05-18,1.860000
2022-05-19,1.790000
2022-05-20,1.750000
2022-05-23,1.790000
2022-05-24,1.700000
2022-05-25,1.690000
2022-05-26,1.680000
2022-05-27,1.660000
2022-05-31,1.690000
2022-06-01,1.790000
2022-06-02,1.750000
2022-06-03,1.750000
2022-06-06,1.780000
2022-06-07,1.720000
2022-06-08,1.750000
2022-06-09,1.740000
2022-06-10,1.760000
2022-06-13,1.700000
2022-06-14,1.660000
2022-06-15,1.590000
2022-06-16,1.690000
2022-06-17,1.620000
2022-06-21,1.610000
2022-06-22,1.550000
2022-06-23,1.440000
2022-06-24,1.400000
2022-06-27,1.410000
2022-06-28,1.410000
2022-06-29,1.320000
2022-06-30,1.260000
2022-07-01,1.150000
2022-07-05,0.920000
2022-07-06,1.030000
2022-07-07,1.060000
2022-07-08,1.110000
2022-07-11,0.810000
2022-07-12,0.740000
2022-07-13,0.520000
2022-07-14,0.560000
2022-07-15,0.560000
2022-07-18,0.460000
2022-07-19,0.490000
2022-07-20,0.530000
2022-07-21,0.430000
2022-07-22,0.280000
2022-07-25,0.190000
2022-07-26,0.260000
2022-07-27,0.340000
2022-07-28,0.260000
2022-07-29,0.260000
2022-08-01,0.040000
2022-08-02,0.190000
2022-08-03,0.210000
2022-08-04,0.180000
2022-08-05,0.250000
2022-08-08,0.120000
2022-08-09,0.130000
2022-08-10,0.130000
2022-08-11,0.250000
2022-08-12,0.210000
2022-08-15,0.070000
2022-08-16,0.120000
2022-08-17,0.210000
2022-08-18,0.170000
2022-08-19,0.240000
2022-08-22,0.210000
2022-08-23,0.250000
2022-08-24,0.290000
2022-08-25,0.150000
2022-08-26,0.150000
2022-08-29,0.150000
2022-08-30,0.140000
2022-08-31,0.190000
2022-09-01,0.290000
2022-09-02,0.260000
2022-09-06,0.290000
2022-09-07,0.200000
2022-09-08,0.230000
2022-09-09,0.250000
2022-09-12,0.200000
2022-09-13,0.140000
2022-09-14,0.170000
2022-09-15,0.230000
2022-09-16,0.250000
2022-09-19,0.120000
2022-09-20,0.220000
2022-09-21,0.200000
2022-09-22,0.410000
2022-09-23,0.450000
2022-09-26,0.490000
2022-09-27,0.620000
2022-09-28,0.320000
2022-09-29,0.400000
2022-09-30,0.500000
2022-10-03,0.210000
2022-10-04,0.170000
2022-10-05,0.300000
2022-10-06,0.370000
2022-10-07,0.440000
2022-10-11,0.260000
2022-10-12,0.210000
2022-10-13,0.180000
2022-10-14,0.190000
2022-10-17,0.050000
2022-10-18,-0.030000
2022-10-19,0.070000
2022-10-20,0.150000
2022-10-21,0.120000
2022-10-24,0.090000
2022-10-25,-0.040000
2022-10-26,-0.070000
2022-10-27,-0.170000
2022-10-28,-0.160000
2022-10-31,-0.120000
2022-11-01,-0.160000
2022-11-02,-0.120000
2022-11-03,-0.110000
2022-11-04,-0.040000
2022-11-07,-0.070000
2022-11-08,-0.140000
2022-11-09,-0.170000
2022-11-10,-0.460000
2022-11-14,-0.460000
2022-11-15,-0.510000
2022-11-16,-0.650000
2022-11-17,-0.550000
2022-11-18,-0.520000
2022-11-21,-0.580000
2022-11-22,-0.640000
2022-11-23,-0.690000
2022-11-25,-0.730000
2022-11-28,-0.720000
2022-11-29,-0.630000
2022-11-30,-0.690000
2022-12-01,-0.800000
2022-12-02,-0.830000
2022-12-05,-0.760000
2022-12-06,-0.860000
2022-12-07,-0.870000
2022-12-08,-0.800000
2022-12-09,-0.740000
2022-12-12,-0.770000
2022-12-13,-0.840000
2022-12-14,-0.840000
2022-12-15,-0.900000
2022-12-16,-0.830000
2022-12-19,-0.800000
2022-12-20,-0.660000
2022-12-21,-0.650000
2022-12-22,-0.680000
2022-12-23,-0.590000
2022-12-27,-0.620000
2022-12-28,-0.580000
2022-12-29,-0.620000
2022-12-30,-0.540000
2023-01-03,-0.740000
2023-01-04,-0.860000
2023-01-05,-0.950000
2023-01-06,-1.120000
2023-01-09,-1.170000
2023-01-10,-1.120000
2023-01-11,-1.180000
2023-01-12,-1.230000
2023-01-13,-1.180000
2023-01-17,-1.180000
2023-01-18,-1.320000
2023-01-19,-1.320000
2023-01-20,-1.240000
2023-01-23,-1.210000
2023-01-24,-1.260000
2023-01-25,-1.260000
2023-01-26,-1.220000
2023-01-27,-1.210000
2023-01-30,-1.170000
2023-01-31,-1.180000
2023-02-01,-1.270000
2023-02-02,-1.260000
2023-02-03,-1.170000
2023-02-06,-1.080000
2023-02-07,-1.040000
2023-02-08,-1.090000
2023-02-09,-1.100000
2023-02-10,-1.050000
2023-02-13,-1.090000
2023-02-14,-1.030000
2023-02-15,-0.980000
2023-02-16,-0.980000
2023-02-17,-1.020000
2023-02-21,-0.910000
2023-02-22,-0.910000
2023-02-23,-0.960000
2023-02-24,-0.910000
2023-02-27,-0.970000
2023-02-28,-0.960000
2023-03-01,-0.890000
2023-03-02,-0.830000
2023-03-03,-0.940000
2023-03-06,-0.950000
2023-03-07,-1.070000
2023-03-08,-1.080000
2023-03-09,-1.120000
2023-03-10,-1.310000
2023-03-13,-1.320000
2023-03-14,-1.240000
2023-03-15,-1.240000
2023-03-16,-1.180000
2023-03-17,-1.130000
2023-03-20,-1.340000
2023-03-21,-1.190000
2023-03-22,-1.310000
2023-03-23,-1.350000
2023-03-24,-1.360000
2023-03-27,-1.380000
2023-03-28,-1.250000
2023-03-29,-1.230000
2023-03-30,-1.420000
2023-03-31,-1.370000
2023-04-03,-1.470000
2023-04-04,-1.530000
2023-04-05,-1.560000
2023-04-06,-1.610000
2023-04-07,-1.560000
2023-04-10,-1.670000
2023-04-11,-1.610000
2023-04-12,-1.610000
2023-04-13,-1.650000
2023-04-14,-1.620000
2023-04-17,-1.610000
2023-04-18,-1.620000
2023-04-19,-1.560000
2023-04-20,-1.580000
2023-04-21,-1.570000
2023-04-24,-1.680000
2023-04-25,-1.720000
2023-04-26,-1.730000
2023-04-27,-1.650000
2023-04-28,-1.660000
2023-05-01,-1.680000
2023-05-02,-1.800000
2023-05-03,-1.880000
2023-05-04,-1.890000
2023-05-05,-1.820000
2023-05-08,-1.790000
2023-05-09,-1.760000
2023-05-10,-1.810000
2023-05-11,-1.810000
2023-05-12,-1.790000
2023-05-15,-1.710000
2023-05-16,-1.690000
2023-05-17,-1.690000
2023-05-18,-1.660000
2023-05-19,-1.590000
2023-05-22,-1.680000
2023-05-23,-1.640000
2023-05-24,-1.640000
2023-05-25,-1.550000
2023-05-26,-1.540000
2023-05-30,-1.860000
2023-05-31,-1.880000
2023-06-01,-1.890000
2023-06-02,-1.810000
2023-06-05,-1.770000
2023-06-06,-1.740000
2023-06-07,-1.630000
2023-06-08,-1.650000
2023-06-09,-1.620000
2023-06-12,-1.670000
2023-06-13,-1.520000
2023-06-14,-1.530000
2023-06-15,-1.610000
2023-06-16,-1.570000
2023-06-20,-1.650000
2023-06-21,-1.680000
2023-06-22,-1.600000
2023-06-23,-1.670000
2023-06-26,-1.780000
2023-06-27,-1.670000
2023-06-28,-1.730000
2023-06-29,-1.610000
2023-06-30,-1.620000
2023-07-03,-1.580000
2023-07-05,-1.490000
2023-07-06,-1.410000
2023-07-07,-1.400000
2023-07-10,-1.470000
2023-07-11,-1.500000
2023-07-12,-1.610000
2023-07-13,-1.710000
2023-07-14,-1.660000
2023-07-17,-1.680000
2023-07-18,-1.690000
2023-07-19,-1.740000
2023-07-20,-1.640000
2023-07-21,-1.660000
2023-07-24,-1.650000
2023-07-25,-1.600000
2023-07-26,-1.650000
2023-07-27,-1.500000
2023-07-28,-1.560000
2023-07-31,-1.580000
2023-08-01,-1.490000
2023-08-02,-1.450000
2023-08-03,-1.340000
2023-08-04,-1.490000
2023-08-07,-1.470000
2023-08-08,-1.550000
2023-08-09,-1.550000
2023-08-10,-1.450000
2023-08-11,-1.380000
2023-08-14,-1.370000
2023-08-15,-1.350000
2023-08-16,-1.280000
2023-08-17,-1.260000
2023-08-18,-1.290000
2023-08-21,-1.230000
2023-08-22,-1.230000
2023-08-23,-1.380000
2023-08-24,-1.350000
2023-08-25,-1.360000
2023-08-28,-1.380000
2023-08-29,-1.440000
2023-08-30,-1.440000
2023-08-31,-1.470000
2023-09-01,-1.350000
2023-09-05,-1.280000
2023-09-06,-1.250000
2023-09-07,-1.260000
2023-09-08,-1.290000
2023-09-11,-1.260000
2023-09-12,-1.290000
2023-09-13,-1.300000
2023-09-14,-1.260000
2023-09-15,-1.230000
2023-09-18,-1.230000
2023-09-19,-1.170000
2023-09-20,-1.210000
2023-09-21,-1.080000
2023-09-22,-1.120000
2023-09-25,-1.030000
2023-09-26,-1.020000
2023-09-27,-0.970000
2023-09-28,-0.970000
2023-09-29,-0.960000
2023-10-02,-0.930000
2023-10-03,-0.810000
2023-10-04,-0.880000
2023-10-05,-0.890000
2023-10-06,-0.850000
2023-10-10,-0.950000
2023-10-11,-1.030000
2023-10-12,-0.930000
2023-10-13,-0.990000
2023-10-16,-0.900000
2023-10-17,-0.790000
2023-10-18,-0.700000
2023-10-19,-0.620000
2023-10-20,-0.650000
2023-10-23,-0.720000
2023-10-24,-0.750000
2023-10-25,-0.640000
2023-10-26,-0.730000
2023-10-27,-0.750000
2023-10-30,-0.720000
2023-10-31,-0.710000
2023-11-01,-0.800000
2023-11-02,-0.870000
2023-11-03,-0.960000
2023-11-06,-0.890000
2023-11-07,-0.970000
2023-11-08,-1.050000
2023-11-09,-0.920000
2023-11-10,-0.920000
2023-11-13,-0.920000
2023-11-14,-1.080000
2023-11-15,-1.000000
2023-11-16,-1.060000
2023-11-17,-1.060000
2023-11-20,-1.120000
2023-11-21,-1.120000
2023-11-22,-1.120000
2023-11-24,-1.070000
2023-11-27,-1.100000
2023-11-28,-1.130000
2023-11-29,-1.180000
2023-11-30,-1.080000
2023-12-01,-1.210000
2023-12-04,-1.180000
2023-12-05,-1.270000
2023-12-06,-1.330000
2023-12-07,-1.300000
2023-12-08,-1.210000
2023-12-11,-1.240000
2023-12-12,-1.260000
2023-12-13,-1.400000
2023-12-14,-1.510000
2023-12-15,-1.530000
2023-12-18,-1.510000
2023-12-19,-1.500000
2023-12-20,-1.580000
2023-12-21,-1.530000
2023-12-22,-1.540000
2023-12-26,-1.560000
2023-12-27,-1.650000
2023-12-28,-1.610000
2023-12-29,-1.520000
2024-01-02,-1.510000
2024-01-03,-1.570000
2024-01-04,-1.490000
2024-01-05,-1.420000
2024-01-08,-1.480000
2024-01-09,-1.450000
2024-01-10,-1.420000
2024-01-11,-1.480000
2024-01-12,-1.490000
2024-01-16,-1.380000
2024-01-17,-1.370000
2024-01-18,-1.310000
2024-01-19,-1.300000
2024-01-22,-1.350000
2024-01-23,-1.310000
2024-01-24,-1.260000
2024-01-25,-1.300000
2024-01-26,-1.290000
2024-01-29,-1.340000
2024-01-30,-1.360000
2024-01-31,-1.430000
2024-02-01,-1.550000
2024-02-02,-1.400000
2024-02-05,-1.250000
2024-02-06,-1.350000
2024-02-07,-1.340000
2024-02-08,-1.290000
2024-02-09,-1.270000
2024-02-12,-1.260000
2024-02-13,-1.140000
2024-02-14,-1.160000
2024-02-15,-1.190000
2024-02-16,-1.140000
2024-02-20,-1.170000
2024-02-21,-1.120000
2024-02-22,-1.120000
2024-02-23,-1.200000
2024-02-26,-1.190000
2024-02-27,-1.140000
2024-02-28,-1.180000
2024-02-29,-1.200000
2024-03-01,-1.230000
2024-03-04,-1.260000
2024-03-05,-1.340000
2024-03-06,-1.360000
2024-03-07,-1.380000
2024-03-08,-1.370000
2024-03-11,-1.380000
2024-03-12,-1.320000
2024-03-13,-1.290000
2024-03-14,-1.190000
2024-03-15,-1.170000
2024-03-18,-1.140000
2024-03-19,-1.180000
2024-03-20,-1.200000
2024-03-21,-1.210000
2024-03-22,-1.240000
2024-03-25,-1.210000
2024-03-26,-1.220000
2024-03-27,-1.250000
2024-03-28,-1.260000
2024-04-01,-1.110000
2024-04-02,-1.060000
2024-04-03,-1.060000
2024-04-04,-1.100000
2024-04-05,-1.040000
2024-04-08,-1.010000
2024-04-09,-1.070000
2024-04-10,-0.900000
2024-04-11,-0.890000
2024-04-12,-0.950000
2024-04-15,-0.820000
2024-04-16,-0.780000
2024-04-17,-0.860000
2024-04-18,-0.820000
2024-04-19,-0.830000
2024-04-22,-0.800000
2024-04-23,-0.840000
2024-04-24,-0.810000
2024-04-25,-0.770000
2024-04-26,-0.790000
2024-04-29,-0.820000
2024-04-30,-0.770000
2024-05-01,-0.830000
2024-05-02,-0.880000
2024-05-03,-0.950000
2024-05-06,-0.960000
2024-05-07,-0.980000
2024-05-08,-0.970000
2024-05-09,-1.010000
2024-05-10,-0.970000
2024-05-13,-0.970000
2024-05-14,-0.990000
2024-05-15,-1.090000
2024-05-16,-1.070000
2024-05-17,-1.040000
2024-05-20,-1.010000
2024-05-21,-1.040000
2024-05-22,-1.020000
2024-05-23,-0.990000
2024-05-24,-1.000000
2024-05-28,-0.920000
2024-05-29,-0.850000
2024-05-30,-0.910000
2024-05-31,-0.950000
2024-06-03,-1.110000
2024-06-04,-1.190000
2024-06-05,-1.220000
2024-06-06,-1.230000
2024-06-07,-1.090000
2024-06-10,-1.050000
2024-06-11,-1.130000
2024-06-12,-1.200000
2024-06-13,-1.270000
2024-06-14,-1.310000
2024-06-17,-1.240000
2024-06-18,-1.280000
2024-06-20,-1.250000
2024-06-21,-1.240000
2024-06-24,-1.250000
2024-06-25,-1.260000
2024-06-26,-1.180000
2024-06-27,-1.200000
2024-06-28,-1.120000
2024-07-01,-0.990000
2024-07-02,-1.040000
2024-07-03,-1.110000
2024-07-05,-1.180000
2024-07-08,-1.180000
2024-07-09,-1.160000
2024-07-10,-1.180000
2024-07-11,-1.240000
2024-07-12,-1.250000
2024-07-15,-1.200000
2024-07-16,-1.260000
2024-07-17,-1.270000
2024-07-18,-1.230000
2024-07-19,-1.180000
2024-07-22,-1.170000
2024-07-23,-1.160000
2024-07-24,-1.120000
2024-07-25,-1.120000
2024-07-26,-1.180000
2024-07-29,-1.240000
2024-07-30,-1.250000
2024-07-31,-1.320000
2024-08-01,-1.380000
2024-08-02,-1.490000
2024-08-05,-1.570000
2024-08-06,-1.440000
2024-08-07,-1.380000
2024-08-08,-1.350000
2024-08-09,-1.390000
2024-08-12,-1.430000
2024-08-13,-1.470000
2024-08-14,-1.490000
2024-08-15,-1.420000
2024-08-16,-1.440000
2024-08-19,-1.450000
2024-08-20,-1.470000
2024-08-21,-1.470000
2024-08-22,-1.420000
2024-08-23,-1.440000
2024-08-26,-1.420000
2024-08-27,-1.400000
2024-08-28,-1.370000
2024-08-29,-1.350000
2024-08-30,-1.300000
2024-09-03,-1.350000
2024-09-04,-1.410000
2024-09-05,-1.420000
2024-09-06,-1.410000
2024-09-09,-1.410000
2024-09-10,-1.410000
2024-09-11,-1.450000
2024-09-12,-1.380000
2024-09-13,-1.310000
2024-09-16,-1.330000
2024-09-17,-1.300000
2024-09-18,-1.140000
2024-09-19,-1.070000
2024-09-20,-1.020000
2024-09-23,-0.970000
2024-09-24,-0.950000
2024-09-25,-0.900000
2024-09-26,-0.890000
2024-09-27,-0.930000
2024-09-30,-0.920000
2024-10-01,-0.970000
2024-10-02,-0.900000
2024-10-03,-0.830000
2024-10-04,-0.750000
2024-10-07,-0.740000
2024-10-08,-0.710000
2024-10-09,-0.690000
2024-10-10,-0.660000
2024-10-11,-0.650000
2024-10-15,-0.700000
2024-10-16,-0.700000
2024-10-17,-0.650000
2024-10-18,-0.650000
2024-10-21,-0.540000
2024-10-22,-0.520000
2024-10-23,-0.490000
2024-10-24,-0.490000
2024-10-25,-0.480000
2024-10-28,-0.420000
2024-10-29,-0.420000
2024-10-30,-0.380000
2024-10-31,-0.360000
2024-11-01,-0.240000
2024-11-04,-0.340000
2024-11-05,-0.380000
2024-11-06,-0.220000
2024-11-07,-0.320000
2024-11-08,-0.330000
2024-11-12,-0.200000
2024-11-13,-0.160000
2024-11-14,-0.180000
2024-11-15,-0.170000
2024-11-18,-0.210000
2024-11-19,-0.230000
2024-11-20,-0.210000
2024-11-21,-0.200000
2024-11-22,-0.220000
2024-11-25,-0.350000
2024-11-26,-0.310000
2024-11-27,-0.350000
2024-11-29,-0.400000
2024-12-02,-0.320000
2024-12-03,-0.260000
2024-12-04,-0.280000
2024-12-05,-0.290000
2024-12-06,-0.270000
2024-12-09,-0.220000
2024-12-10,-0.190000
2024-12-11,-0.120000
2024-12-12,-0.030000
2024-12-13,0.060000
2024-12-16,0.020000
2024-12-17,0.020000
2024-12-18,0.140000
2024-12-19,0.220000
2024-12-20,0.180000
2024-12-23,0.230000
2024-12-24,0.190000
2024-12-26,0.230000
2024-12-27,0.310000
2024-12-30,0.180000
2024-12-31,0.210000
2025-01-02,0.210000
2025-01-03,0.260000
2025-01-06,0.270000
2025-01-07,0.320000
2025-01-08,0.320000
2025-01-09,0.330000
2025-01-10,0.410000
2025-01-13,0.420000
2025-01-14,0.420000
2025-01-15,0.310000
2025-01-16,0.270000
2025-01-17,0.270000
2025-01-21,0.210000
2025-01-22,0.240000
2025-01-23,0.290000
2025-01-24,0.280000
2025-01-27,0.210000
2025-01-28,0.240000
2025-01-29,0.240000
2025-01-30,0.220000
2025-01-31,0.270000
2025-02-03,0.200000
2025-02-04,0.190000
2025-02-05,0.100000
2025-02-06,0.110000
2025-02-07,0.140000
2025-02-10,0.160000
2025-02-11,0.190000
2025-02-12,0.270000
2025-02-13,0.180000
2025-02-14,0.130000
2025-02-18,0.210000
2025-02-19,0.190000
2025-02-20,0.170000
2025-02-21,0.100000
2025-02-24,0.090000
2025-02-25,0.000000
2025-02-26,-0.060000
2025-02-27,-0.030000
2025-02-28,-0.080000
2025-03-03,-0.190000
2025-03-04,-0.120000
2025-03-05,-0.070000
2025-03-06,-0.050000
2025-03-07,-0.020000
2025-03-10,-0.110000
2025-03-11,-0.060000
2025-03-12,-0.030000
2025-03-13,-0.070000
2025-03-14,-0.020000
2025-03-17,-0.030000
2025-03-18,-0.050000
2025-03-19,-0.080000
2025-03-20,-0.090000
2025-03-21,-0.080000
2025-03-24,0.010000
2025-03-25,-0.020000
2025-03-26,0.020000
2025-03-27,0.050000
2025-03-28,-0.060000
2025-03-31,-0.090000
2025-04-01,-0.150000
2025-04-02,-0.120000
2025-04-03,-0.250000
2025-04-04,-0.270000
2025-04-07,-0.140000
2025-04-08,-0.050000
2025-04-09,-0.010000
2025-04-10,0.060000
2025-04-11,0.140000
2025-04-14,0.050000
2025-04-15,0.020000
2025-04-16,-0.040000
2025-04-17,0.000000
2025-04-21,0.080000
2025-04-22,0.080000
2025-04-23,0.070000
2025-04-24,0.000000
2025-04-25,-0.030000
2025-04-28,-0.090000
2025-04-29,-0.120000
2025-04-30,-0.140000
2025-05-01,-0.060000
2025-05-02,0.000000
2025-05-05,0.030000
2025-05-06,-0.030000
2025-05-07,-0.080000
2025-05-08,0.030000
2025-05-09,0.030000
2025-05-12,0.030000
2025-05-13,0.080000
2025-05-14,0.120000
2025-05-15,0.070000
2025-05-16,0.060000
2025-05-19,0.070000
2025-05-20,0.100000
2025-05-21,0.220000
2025-05-22,0.170000
2025-05-23,0.150000
2025-05-27,0.080000
2025-05-28,0.120000
2025-05-29,0.070000
2025-05-30,0.050000
2025-06-02,0.020000
2025-06-03,0.030000
2025-06-04,-0.070000
2025-06-05,-0.040000
2025-06-06,0.080000
2025-06-09,0.050000
2025-06-10,0.020000
2025-06-11,-0.040000
2025-06-12,-0.100000
2025-06-13,-0.040000
2025-06-16,0.030000
2025-06-17,-0.030000
2025-06-18,-0.040000
2025-06-20,-0.010000
2025-06-23,-0.040000
2025-06-24,-0.080000
2025-06-25,-0.090000
2025-06-26,-0.130000
2025-06-27,-0.100000
2025-06-30,-0.170000
2025-07-01,-0.140000
2025-07-02,-0.110000
2025-07-03,-0.070000
2025-07-07,-0.020000
2025-07-08,0.000000
2025-07-09,-0.080000
2025-07-10,-0.070000
2025-07-11,0.020000
2025-07-14,0.010000
2025-07-15,0.080000
2025-07-16,0.050000
2025-07-17,0.060000
2025-07-18,0.040000
2025-07-21,-0.030000
2025-07-22,-0.060000
2025-07-23,-0.010000
2025-07-24,0.010000
2025-07-25,-0.020000
2025-07-28,0.020000
2025-07-29,-0.060000
2025-07-30,-0.030000
2025-07-31,-0.040000
2025-08-01,-0.120000
2025-08-04,-0.130000
2025-08-05,-0.120000
2025-08-06,-0.100000
2025-08-07,-0.090000
2025-08-08,-0.050000
2025-08-11,-0.070000
2025-08-12,-0.040000
2025-08-13,-0.050000
2025-08-14,-0.010000
2025-08-15,0.030000
2025-08-18,0.010000
2025-08-19,0.000000
2025-08-20,-0.010000
2025-08-21,0.010000
2025-08-22,-0.010000
2025-08-25,-0.010000
2025-08-26,-0.020000
2025-08-27,-0.020000
2025-08-28,-0.040000
2025-08-29,0.000000
2025-09-02,0.080000
2025-09-03,0.040000
2025-09-04,0.010000
2025-09-05,0.030000
2025-09-08,-0.050000
2025-09-09,-0.020000
2025-09-10,-0.050000
2025-09-11,-0.070000
2025-09-12,-0.020000
2025-09-15,-0.010000
2025-09-16,0.000000
2025-09-17,0.040000
2025-09-18,0.080000
2025-09-19,0.110000
2025-09-22,0.150000
2025-09-23,0.120000
2025-09-24,0.140000
2025-09-25,0.140000
2025-09-26,0.180000
2025-09-29,0.110000
2025-09-30,0.140000
2025-10-01,0.110000
2025-10-02,0.080000
2025-10-03,0.100000
2025-10-06,0.160000
2025-10-07,0.130000
2025-10-08,0.120000
2025-10-09,0.110000
2025-10-10,0.030000
2025-10-14,0.010000
2025-10-15,0.020000
2025-10-16,-0.030000
2025-10-17,0.020000
2025-10-20,0.030000
2025-10-21,0.020000
2025-10-22,0.010000
2025-10-23,0.060000
2025-10-24,0.090000
2025-10-27,0.120000
2025-10-28,0.100000
2025-10-29,0.150000
2025-10-30,0.190000
2025-10-31,0.220000
2025-11-03,0.150000
2025-11-04,0.140000
2025-11-05,0.210000
2025-11-06,0.180000
2025-11-07,0.190000
2025-11-10,0.180000
2025-11-12,0.130000
2025-11-13,0.150000
2025-11-14,0.190000
2025-11-17,0.160000
2025-11-18,0.180000
2025-11-19,0.180000
2025-11-20,0.160000
2025-11-21,0.160000
2025-11-24,0.130000
2025-11-25,0.110000
2025-11-26,0.080000
2025-11-28,0.140000
2025-12-01,0.280000
2025-12-02,0.320000
2025-12-03,0.340000
2025-12-04,0.400000
2025-12-05,0.430000
2025-12-08,0.440000
2025-12-09,0.450000
2025-12-10,0.440000
2025-12-11,0.480000
2025-12-12,0.560000
2025-12-15,0.530000
2025-12-16,0.510000
2025-12-17,0.520000
2025-12-18,0.500000
2025-12-19,0.540000
2025-12-22,0.530000
2025-12-23,0.530000
2025-12-24,0.460000
2025-12-26,0.500000
2025-12-29,0.440000
2025-12-30,0.490000
2025-12-31,0.510000
2026-01-02,0.540000
2026-01-05,0.530000
2026-01-06,0.550000
2026-01-07,0.530000
2026-01-08,0.570000
2026-01-09,0.560000
2026-01-12,0.520000
2026-01-13,0.510000
2026-01-14,0.480000
2026-01-15,0.490000
2026-01-16,0.570000
2026-01-20,0.600000
2026-01-21,0.560000
2026-01-22,0.550000
2026-01-23,0.540000
2026-01-26,0.550000
2026-01-27,0.570000
2026-01-28,0.580000
2026-01-29,0.570000
2026-01-30,0.590000
2026-02-02,0.600000
2026-02-03,0.590000
2026-02-04,0.600000
2026-02-05,0.540000
2026-02-06,0.540000
2026-02-09,0.530000
2026-02-10,0.470000
2026-02-11,0.480000
2026-02-12,0.390000
2026-02-13,0.360000
2026-02-17,0.360000
2026-02-18,0.390000
2026-02-19,0.390000
2026-02-20,0.390000
2026-02-23,0.340000
2026-02-24,0.350000
2026-02-25,0.360000
2026-02-26,0.340000
2026-02-27,0.300000
2026-03-02,0.330000
2026-03-03,0.350000
2026-03-04,0.380000
2026-03-05,0.430000
2026-03-06,0.460000
2026-03-09,0.410000
2026-03-10,0.440000
2026-03-11,0.500000
2026-03-12,0.550000
2026-03-13,0.560000
2026-03-16,0.510000
2026-03-17,0.480000
2026-03-18,0.530000
2026-03-19,0.520000
2026-03-20,0.650000
2026-03-23,0.600000
2026-03-24,0.650000
2026-03-25,0.600000
2026-03-26,0.690000
2026-03-27,0.710000
2026-03-30,0.640000
2026-03-31,0.600000
2026-04-01,0.630000
2026-04-02,0.610000
2026-04-03,0.640000
2026-04-06,0.620000
2026-04-07,0.620000
2026-04-08,0.600000
2026-04-09,0.610000
2026-04-10,0.620000
2026-04-13,0.590000
2026-04-14,0.550000
2026-04-15,0.580000
2026-04-16,0.620000
2026-04-17,0.560000
2026-04-20,0.550000
2026-04-21,0.610000
2026-04-22,0.610000
2026-04-23,0.650000
2026-04-24,0.620000
2026-04-27,0.670000
2026-04-28,0.680000
2026-04-29,0.740000
2026-04-30,0.720000
2026-05-01,0.710000
2026-05-04,0.750000
2026-05-05,0.740000
2026-05-06,0.670000
2026-05-07,0.720000
2026-05-08,0.690000
2026-05-11,0.720000
2026-05-12,0.760000
2026-05-13,0.770000
2026-05-14,0.780000
2026-05-15,0.900000
2026-05-18,0.930000
2026-05-19,1.000000
2026-05-20,0.920000
2026-05-21,0.890000
2026-05-22,0.880000
2026-05-26,0.820000
2026-05-27,0.800000
2026-05-28,0.760000
2026-05-29,0.760000
2026-06-01,0.690000
2026-06-02,0.690000
2026-06-03,0.710000
2026-06-04,0.690000
2026-06-05,0.770000
2026-06-08,0.760000
2026-06-09,0.740000
2026-06-10,0.760000
2026-06-11,0.670000
2026-06-12,0.700000
2026-06-15,0.680000
2026-06-16,0.640000
2026-06-17,0.660000
2026-06-18,0.630000
2026-06-22,0.660000
2026-06-23,0.650000
2026-06-24,0.560000
2026-06-25,0.560000
2026-06-26,0.550000
2026-06-29,0.510000
2026-06-30,0.570000
2026-07-01,0.630000
2026-07-02,0.670000
2026-07-06,0.610000
2026-07-07,0.690000
2026-07-08,0.690000
2026-07-09,0.710000
2026-07-10,0.710000
2026-07-13,0.730000
2026-07-14,0.740000
2026-07-15,0.720000
2026-07-16,0.730000
2026-07-17,0.700000
